n,positive_n,negative_n,prevalence,sensitivity,specificity,fnr,ppv,npv,tp,fn,tn,fp,model,candidate,phase,scope,auroc,pr_auc,brier,ece,threshold_min,threshold_max,sensitivity_ci_low,sensitivity_ci_high,gap_ci_low,gap_ci_high,conformal_status
2503,230,2273,0.09188973232121454,0.7391304347826086,0.7602287725472944,0.2608695652173913,0.23776223776223776,0.9664429530201343,170,60,1728,545,logistic,original_frozen,OOF_EVAL,OVERALL,0.8172822739532125,0.35794394478843083,0.17517632244654657,0.2961044448763893,0.5173,0.5173,0.6787844475051062,0.7916197338353216,,,UNCHANGED_THRESHOLD_ONLY
613,23,590,0.037520391517128875,0.34782608695652173,0.9745762711864406,0.6521739130434783,0.34782608695652173,0.9745762711864406,8,15,575,15,logistic,original_frozen,OOF_EVAL,BMI_Normal,0.8062638172439204,0.21598607886031926,0.06829460047204484,0.16377524206017888,0.5173,0.5173,0.1881127593879773,0.55109664622737,,,UNCHANGED_THRESHOLD_ONLY
1027,162,865,0.15774099318403115,0.8518518518518519,0.5294797687861271,0.14814814814814814,0.25321100917431194,0.950207468879668,138,24,458,407,logistic,original_frozen,OOF_EVAL,BMI_Obese,0.7697780632270036,0.4263077644278993,0.26275843297521,0.3775719389565284,0.5173,0.5173,0.7890239989405776,0.8983795056514525,,,UNCHANGED_THRESHOLD_ONLY
49,4,45,0.08163265306122448,0.25,0.9555555555555556,0.75,0.3333333333333333,0.9347826086956522,1,3,43,2,logistic,original_frozen,OOF_EVAL,BMI_Underweight,0.9166666666666667,0.4519230769230769,0.0706388904694072,0.11401052906326288,0.5173,0.5173,0.04558726080970055,0.6993581574175981,,,UNCHANGED_THRESHOLD_ONLY
814,41,773,0.05036855036855037,0.5609756097560976,0.8434670116429496,0.43902439024390244,0.1597222222222222,0.9731343283582089,23,18,652,121,logistic,original_frozen,OOF_EVAL,BMI_Overweight,0.770611807023633,0.23172984271074068,0.15145888046167197,0.30650106339950356,0.5173,0.5173,0.4104052722210608,0.7010986826344964,,,UNCHANGED_THRESHOLD_ONLY
834,38,796,0.045563549160671464,0.6842105263157895,0.9082914572864321,0.3157894736842105,0.26262626262626265,0.9836734693877551,26,12,723,73,logistic,original_frozen,OOF_EVAL,AGE_18-39,0.8953319227717536,0.41000739656427776,0.09347571759829612,0.2097241701532004,0.5173,0.5173,0.5254424010939046,0.8091539632440382,,,UNCHANGED_THRESHOLD_ONLY
843,80,763,0.09489916963226572,0.725,0.7614678899082569,0.275,0.24166666666666667,0.9635157545605307,58,22,581,182,logistic,original_frozen,OOF_EVAL,AGE_40-59,0.8173165137614679,0.4080030124552764,0.18009577167355253,0.3106153015652768,0.5173,0.5173,0.6185594135898548,0.810822428119158,,,UNCHANGED_THRESHOLD_ONLY
826,112,714,0.13559322033898305,0.7678571428571429,0.5938375350140056,0.23214285714285715,0.22872340425531915,0.9422222222222222,86,26,424,290,logistic,original_frozen,OOF_EVAL,AGE_60+,0.7120223089235694,0.3108389792743371,0.2526475194744822,0.3707200471204679,0.5173,0.5173,0.6815795903603912,0.8363696879966034,,,UNCHANGED_THRESHOLD_ONLY
255,2,253,0.00784313725490196,0.0,0.9920948616600791,1.0,0.0,0.9920948616600791,0,2,251,2,logistic,original_frozen,OOF_EVAL,BMIxAGE_Normal_18-39,0.7035573122529644,0.019112874143526866,0.023634202556898617,0.09581235028785005,0.5173,0.5173,0.0,0.6576197724933469,,,UNCHANGED_THRESHOLD_ONLY
177,3,174,0.01694915254237288,0.3333333333333333,0.9885057471264368,0.6666666666666666,0.3333333333333333,0.9885057471264368,1,2,172,2,logistic,original_frozen,OOF_EVAL,BMIxAGE_Normal_40-59,0.6379310344827587,0.1285037305908449,0.05940472817892092,0.1881488040055524,0.5173,0.5173,0.06149194472039621,0.7923403991979522,,,UNCHANGED_THRESHOLD_ONLY
181,18,163,0.09944751381215469,0.3888888888888889,0.9325153374233128,0.6111111111111112,0.3888888888888889,0.9325153374233128,7,11,152,11,logistic,original_frozen,OOF_EVAL,BMIxAGE_Normal_60+,0.72733469665985,0.31516153581550327,0.1399073566280958,0.2468358483615133,0.5173,0.5173,0.2030524657216362,0.613809583977621,,,UNCHANGED_THRESHOLD_ONLY
324,34,290,0.10493827160493827,0.7647058823529411,0.7827586206896552,0.23529411764705882,0.29213483146067415,0.9659574468085106,26,8,227,63,logistic,original_frozen,OOF_EVAL,BMIxAGE_Obese_18-39,0.859026369168357,0.5193771487054131,0.1757793277666322,0.3135843063837534,0.5173,0.5173,0.6000386207746361,0.8756301446736042,,,UNCHANGED_THRESHOLD_ONLY
377,58,319,0.15384615384615385,0.8448275862068966,0.5109717868338558,0.15517241379310345,0.23902439024390243,0.9476744186046512,49,9,163,156,logistic,original_frozen,OOF_EVAL,BMIxAGE_Obese_40-59,0.7842935898821749,0.4524329335664688,0.2692408333538728,0.39464806829902993,0.5173,0.5173,0.730660191401075,0.9161550804698196,,,UNCHANGED_THRESHOLD_ONLY
326,70,256,0.2147239263803681,0.9,0.265625,0.1,0.250996015936255,0.9066666666666666,63,7,68,188,logistic,original_frozen,OOF_EVAL,BMIxAGE_Obese_60+,0.630078125,0.36037473096761885,0.34170740581209125,0.42141946101620953,0.5173,0.5173,0.807670851514326,0.9507106985574605,,,UNCHANGED_THRESHOLD_ONLY
2503,230,2273,0.09188973232121454,0.6695652173913044,0.7166739991201055,0.33043478260869563,0.19298245614035087,0.955425219941349,154,76,1629,644,logistic,bmi_thresholding,OOF_EVAL,OVERALL,0.8172822739532125,0.35794394478843083,0.17517632244654657,0.2961044448763893,0.1884496984200987,0.604465036131362,0.6064279319415129,0.7271313966453361,,,UNCHANGED_THRESHOLD_ONLY
613,23,590,0.037520391517128875,0.8260869565217391,0.5830508474576271,0.17391304347826086,0.07169811320754717,0.9885057471264368,19,4,344,246,logistic,bmi_thresholding,OOF_EVAL,BMI_Normal,0.8062638172439204,0.21598607886031926,0.06829460047204484,0.16377524206017888,0.1884496984200987,0.1884496984200987,0.6286235235977385,0.9302134643693744,,,UNCHANGED_THRESHOLD_ONLY
1027,162,865,0.15774099318403115,0.6851851851851852,0.6820809248554913,0.3148148148148148,0.28756476683937826,0.9204368174726989,111,51,590,275,logistic,bmi_thresholding,OOF_EVAL,BMI_Obese,0.7697780632270036,0.4263077644278993,0.26275843297521,0.3775719389565284,0.604465036131362,0.604465036131362,0.6100796752938661,0.7517116429124656,,,UNCHANGED_THRESHOLD_ONLY
49,4,45,0.08163265306122448,0.25,0.9555555555555556,0.75,0.3333333333333333,0.9347826086956522,1,3,43,2,logistic,bmi_thresholding,OOF_EVAL,BMI_Underweight,0.9166666666666667,0.4519230769230769,0.0706388904694072,0.11401052906326288,0.5173,0.5173,0.04558726080970055,0.6993581574175981,,,UNCHANGED_THRESHOLD_ONLY
814,41,773,0.05036855036855037,0.5609756097560976,0.8434670116429496,0.43902439024390244,0.1597222222222222,0.9731343283582089,23,18,652,121,logistic,bmi_thresholding,OOF_EVAL,BMI_Overweight,0.770611807023633,0.23172984271074068,0.15145888046167197,0.30650106339950356,0.5173,0.5173,0.4104052722210608,0.7010986826344964,,,UNCHANGED_THRESHOLD_ONLY
834,38,796,0.045563549160671464,0.5263157894736842,0.9183417085427136,0.47368421052631576,0.23529411764705882,0.9759679572763685,20,18,731,65,logistic,bmi_thresholding,OOF_EVAL,AGE_18-39,0.8953319227717536,0.41000739656427776,0.09347571759829612,0.2097241701532004,0.1884496984200987,0.604465036131362,0.3725897138449667,0.6752097667747392,,,UNCHANGED_THRESHOLD_ONLY
843,80,763,0.09489916963226572,0.675,0.7391874180865007,0.325,0.2134387351778656,0.9559322033898305,54,26,564,199,logistic,bmi_thresholding,OOF_EVAL,AGE_40-59,0.8173165137614679,0.4080030124552764,0.18009577167355253,0.3106153015652768,0.1884496984200987,0.604465036131362,0.5664052731061473,0.7675583815564182,,,UNCHANGED_THRESHOLD_ONLY
826,112,714,0.13559322033898305,0.7142857142857143,0.4677871148459384,0.2857142857142857,0.17391304347826086,0.912568306010929,80,32,334,380,logistic,bmi_thresholding,OOF_EVAL,AGE_60+,0.7120223089235694,0.3108389792743371,0.2526475194744822,0.3707200471204679,0.1884496984200987,0.604465036131362,0.6246078206764127,0.7897516020091828,,,UNCHANGED_THRESHOLD_ONLY
255,2,253,0.00784313725490196,0.0,0.9130434782608695,1.0,0.0,0.9914163090128756,0,2,231,22,logistic,bmi_thresholding,OOF_EVAL,BMIxAGE_Normal_18-39,0.7035573122529644,0.019112874143526866,0.023634202556898617,0.09581235028785005,0.1884496984200987,0.1884496984200987,0.0,0.6576197724933469,,,UNCHANGED_THRESHOLD_ONLY
177,3,174,0.01694915254237288,0.6666666666666666,0.5402298850574713,0.3333333333333333,0.024390243902439025,0.9894736842105263,2,1,94,80,logistic,bmi_thresholding,OOF_EVAL,BMIxAGE_Normal_40-59,0.6379310344827587,0.1285037305908449,0.05940472817892092,0.1881488040055524,0.1884496984200987,0.1884496984200987,0.2076596008020477,0.9385080552796037,,,UNCHANGED_THRESHOLD_ONLY
181,18,163,0.09944751381215469,0.9444444444444444,0.1165644171779141,0.05555555555555555,0.10559006211180125,0.95,17,1,19,144,logistic,bmi_thresholding,OOF_EVAL,BMIxAGE_Normal_60+,0.72733469665985,0.31516153581550327,0.1399073566280958,0.2468358483615133,0.1884496984200987,0.1884496984200987,0.7424269921812741,0.990124809021697,,,UNCHANGED_THRESHOLD_ONLY
324,34,290,0.10493827160493827,0.5882352941176471,0.8793103448275862,0.4117647058823529,0.36363636363636365,0.9479553903345725,20,14,255,35,logistic,bmi_thresholding,OOF_EVAL,BMIxAGE_Obese_18-39,0.859026369168357,0.5193771487054131,0.1757793277666322,0.3135843063837534,0.604465036131362,0.604465036131362,0.42221593878812513,0.7363403163612884,,,UNCHANGED_THRESHOLD_ONLY
377,58,319,0.15384615384615385,0.7586206896551724,0.7021943573667712,0.2413793103448276,0.31654676258992803,0.9411764705882353,44,14,224,95,logistic,bmi_thresholding,OOF_EVAL,BMIxAGE_Obese_40-59,0.7842935898821749,0.4524329335664688,0.2692408333538728,0.39464806829902993,0.604465036131362,0.604465036131362,0.6347001974698658,0.8504112564333051,,,UNCHANGED_THRESHOLD_ONLY
326,70,256,0.2147239263803681,0.6714285714285714,0.43359375,0.32857142857142857,0.24479166666666666,0.8283582089552238,47,23,111,145,logistic,bmi_thresholding,OOF_EVAL,BMIxAGE_Obese_60+,0.630078125,0.36037473096761885,0.34170740581209125,0.42141946101620953,0.604465036131362,0.604465036131362,0.5550093573883407,0.770011306928139,,,UNCHANGED_THRESHOLD_ONLY
2503,230,2273,0.09188973232121454,0.7652173913043478,0.5200175978882534,0.23478260869565218,0.13891081294396213,0.9563106796116505,176,54,1182,1091,logistic,bmi_platt_calibration,OOF_EVAL,OVERALL,0.6964268635589816,0.2078784219945411,0.10519145803774962,0.10042715562969404,0.12515138322312308,0.12515138322312308,0.7063594500363669,0.8153615510866533,,,EVALUATED_SEPARATELY
613,23,590,0.037520391517128875,0.34782608695652173,0.9728813559322034,0.6521739130434783,0.3333333333333333,0.9745331069609507,8,15,574,16,logistic,bmi_platt_calibration,OOF_EVAL,BMI_Normal,0.8062638172439204,0.21598607886031926,0.03385695669394385,0.00998908917359545,0.12515138322312308,0.12515138322312308,0.1881127593879773,0.55109664622737,,,EVALUATED_SEPARATELY
1027,162,865,0.15774099318403115,0.7592592592592593,0.6115606936416185,0.24074074074074073,0.2679738562091503,0.9313380281690141,123,39,529,336,logistic,bmi_platt_calibration,OOF_EVAL,BMI_Obese,0.7697780632270036,0.4263077644278993,0.11274690427098126,0.018789696603582172,0.12515138322312308,0.12515138322312308,0.6879087991241821,0.8185990463646824,,,EVALUATED_SEPARATELY
49,4,45,0.08163265306122448,1.0,0.7111111111111111,0.0,0.23529411764705882,1.0,4,0,32,13,logistic,bmi_platt_calibration,OOF_EVAL,BMI_Underweight,0.9166666666666667,0.4519230769230769,0.0706388904694072,0.11401052906326288,0.12515138322312308,0.12515138322312308,0.5101091635454027,1.0,,,EVALUATED_SEPARATELY
814,41,773,0.05036855036855037,1.0,0.06080206985769728,0.0,0.05345501955671447,1.0,41,0,47,726,logistic,bmi_platt_calibration,OOF_EVAL,BMI_Overweight,0.770611807023633,0.23172984271074068,0.15145888046167197,0.30650106339950356,0.12515138322312308,0.12515138322312308,0.9143324298155681,0.9999999999999999,,,EVALUATED_SEPARATELY
834,38,796,0.045563549160671464,0.631578947368421,0.714824120603015,0.3684210526315789,0.09561752988047809,0.9759862778730704,24,14,569,227,logistic,bmi_platt_calibration,OOF_EVAL,AGE_18-39,0.7853081195450938,0.2469185883672237,0.04847647076235449,0.06306185975665846,0.12515138322312308,0.12515138322312308,0.47283959557009003,0.7661578075284404,,,EVALUATED_SEPARATELY
843,80,763,0.09489916963226572,0.8375,0.4875491480996068,0.1625,0.1462882096069869,0.9662337662337662,67,13,372,391,logistic,bmi_platt_calibration,OOF_EVAL,AGE_40-59,0.7140563564875493,0.25296665405776336,0.09926967837078449,0.09949273797445511,0.12515138322312308,0.12515138322312308,0.7415709565930229,0.9025018059704963,,,EVALUATED_SEPARATELY
826,112,714,0.13559322033898305,0.7589285714285714,0.33753501400560226,0.24107142857142858,0.15232974910394265,0.8992537313432836,85,27,241,473,logistic,bmi_platt_calibration,OOF_EVAL,AGE_60+,0.5495448179271708,0.1864011872703802,0.1684993994989253,0.16569167759333728,0.12515138322312308,0.12515138322312308,0.6719789337053856,0.8287053687063755,,,EVALUATED_SEPARATELY
255,2,253,0.00784313725490196,0.0,0.9920948616600791,1.0,0.0,0.9920948616600791,0,2,251,2,logistic,bmi_platt_calibration,OOF_EVAL,BMIxAGE_Normal_18-39,0.7035573122529644,0.019112874143526866,0.011862897107630449,0.00770001545748629,0.12515138322312308,0.12515138322312308,0.0,0.6576197724933469,,,EVALUATED_SEPARATELY
177,3,174,0.01694915254237288,0.3333333333333333,0.9885057471264368,0.6666666666666666,0.3333333333333333,0.9885057471264368,1,2,172,2,logistic,bmi_platt_calibration,OOF_EVAL,BMIxAGE_Normal_40-59,0.6379310344827587,0.1285037305908449,0.01635993525766881,0.022324025649525014,0.12515138322312308,0.12515138322312308,0.06149194472039621,0.7923403991979522,,,EVALUATED_SEPARATELY
181,18,163,0.09944751381215469,0.3888888888888889,0.9263803680981595,0.6111111111111112,0.3684210526315789,0.9320987654320988,7,11,151,12,logistic,bmi_platt_calibration,OOF_EVAL,BMIxAGE_Normal_60+,0.72733469665985,0.31516153581550327,0.081953409670356,0.031041255500071054,0.12515138322312308,0.12515138322312308,0.2030524657216362,0.613809583977621,,,EVALUATED_SEPARATELY
324,34,290,0.10493827160493827,0.6470588235294118,0.8551724137931035,0.35294117647058826,0.34375,0.9538461538461539,22,12,248,42,logistic,bmi_platt_calibration,OOF_EVAL,BMIxAGE_Obese_18-39,0.859026369168357,0.5193771487054131,0.06921238649622496,0.03384416209034849,0.12515138322312308,0.12515138322312308,0.47913963119781733,0.785120794051205,,,EVALUATED_SEPARATELY
377,58,319,0.15384615384615385,0.8103448275862069,0.5987460815047022,0.1896551724137931,0.26857142857142857,0.9455445544554455,47,11,191,128,logistic,bmi_platt_calibration,OOF_EVAL,BMIxAGE_Obese_40-59,0.7842935898821749,0.4524329335664688,0.10871704474068486,0.04625516072163971,0.12515138322312308,0.12515138322312308,0.6914762612950077,0.8906574833887974,,,EVALUATED_SEPARATELY
326,70,256,0.2147239263803681,0.7714285714285715,0.3515625,0.22857142857142856,0.24545454545454545,0.8490566037735849,54,16,90,166,logistic,bmi_platt_calibration,OOF_EVAL,BMIxAGE_Obese_60+,0.630078125,0.36037473096761885,0.1606746367922781,0.04433321338840034,0.12515138322312308,0.12515138322312308,0.6604966840601509,0.8541193677742756,,,EVALUATED_SEPARATELY
2503,230,2273,0.09188973232121454,0.5173913043478261,0.8719753629564452,0.4826086956521739,0.29024390243902437,0.94696607740086,119,111,1982,291,logistic,bmi_age_thresholding,OOF_EVAL,OVERALL,0.8172822739532125,0.35794394478843083,0.17517632244654657,0.2961044448763893,0.4798644023190553,0.7243676275923302,0.45305860685935984,0.5811526063290349,,,UNCHANGED_THRESHOLD_ONLY
613,23,590,0.037520391517128875,0.34782608695652173,0.9677966101694915,0.6521739130434783,0.2962962962962963,0.9744027303754266,8,15,571,19,logistic,bmi_age_thresholding,OOF_EVAL,BMI_Normal,0.8062638172439204,0.21598607886031926,0.06829460047204484,0.16377524206017888,0.4798644023190553,0.5173,0.1881127593879773,0.55109664622737,,,UNCHANGED_THRESHOLD_ONLY
1027,162,865,0.15774099318403115,0.5370370370370371,0.8277456647398844,0.46296296296296297,0.3686440677966102,0.9051833122629582,87,75,716,149,logistic,bmi_age_thresholding,OOF_EVAL,BMI_Obese,0.7697780632270036,0.4263077644278993,0.26275843297521,0.3775719389565284,0.554997692500244,0.7243676275923302,0.46028564102720465,0.6120726226140618,,,UNCHANGED_THRESHOLD_ONLY
49,4,45,0.08163265306122448,0.25,0.9555555555555556,0.75,0.3333333333333333,0.9347826086956522,1,3,43,2,logistic,bmi_age_thresholding,OOF_EVAL,BMI_Underweight,0.9166666666666667,0.4519230769230769,0.0706388904694072,0.11401052906326288,0.5173,0.5173,0.04558726080970055,0.6993581574175981,,,UNCHANGED_THRESHOLD_ONLY
814,41,773,0.05036855036855037,0.5609756097560976,0.8434670116429496,0.43902439024390244,0.1597222222222222,0.9731343283582089,23,18,652,121,logistic,bmi_age_thresholding,OOF_EVAL,BMI_Overweight,0.770611807023633,0.23172984271074068,0.15145888046167197,0.30650106339950356,0.5173,0.5173,0.4104052722210608,0.7010986826344964,,,UNCHANGED_THRESHOLD_ONLY
834,38,796,0.045563549160671464,0.5789473684210527,0.9359296482412061,0.42105263157894735,0.3013698630136986,0.9789750328515112,22,16,745,51,logistic,bmi_age_thresholding,OOF_EVAL,AGE_18-39,0.8953319227717536,0.41000739656427776,0.09347571759829612,0.2097241701532004,0.5173,0.554997692500244,0.42192345343670545,0.7214749884224129,,,UNCHANGED_THRESHOLD_ONLY
843,80,763,0.09489916963226572,0.55,0.9017038007863696,0.45,0.3697478991596639,0.9502762430939227,44,36,688,75,logistic,bmi_age_thresholding,OOF_EVAL,AGE_40-59,0.8173165137614679,0.4080030124552764,0.18009577167355253,0.3106153015652768,0.5173,0.6987478344826364,0.44119507889355963,0.6542231081528878,,,UNCHANGED_THRESHOLD_ONLY
826,112,714,0.13559322033898305,0.4732142857142857,0.7689075630252101,0.5267857142857143,0.24311926605504589,0.9029605263157895,53,59,549,165,logistic,bmi_age_thresholding,OOF_EVAL,AGE_60+,0.7120223089235694,0.3108389792743371,0.2526475194744822,0.3707200471204679,0.4798644023190553,0.7243676275923302,0.3831776586564194,0.5650274135078811,,,UNCHANGED_THRESHOLD_ONLY
255,2,253,0.00784313725490196,0.0,0.9920948616600791,1.0,0.0,0.9920948616600791,0,2,251,2,logistic,bmi_age_thresholding,OOF_EVAL,BMIxAGE_Normal_18-39,0.7035573122529644,0.019112874143526866,0.023634202556898617,0.09581235028785005,0.5173,0.5173,0.0,0.6576197724933469,,,UNCHANGED_THRESHOLD_ONLY
177,3,174,0.01694915254237288,0.3333333333333333,0.9885057471264368,0.6666666666666666,0.3333333333333333,0.9885057471264368,1,2,172,2,logistic,bmi_age_thresholding,OOF_EVAL,BMIxAGE_Normal_40-59,0.6379310344827587,0.1285037305908449,0.05940472817892092,0.1881488040055524,0.5173,0.5173,0.06149194472039621,0.7923403991979522,,,UNCHANGED_THRESHOLD_ONLY
181,18,163,0.09944751381215469,0.3888888888888889,0.9079754601226994,0.6111111111111112,0.3181818181818182,0.9308176100628931,7,11,148,15,logistic,bmi_age_thresholding,OOF_EVAL,BMIxAGE_Normal_60+,0.72733469665985,0.31516153581550327,0.1399073566280958,0.2468358483615133,0.4798644023190553,0.4798644023190553,0.2030524657216362,0.613809583977621,,,UNCHANGED_THRESHOLD_ONLY
324,34,290,0.10493827160493827,0.6470588235294118,0.8586206896551725,0.35294117647058826,0.3492063492063492,0.9540229885057471,22,12,249,41,logistic,bmi_age_thresholding,OOF_EVAL,BMIxAGE_Obese_18-39,0.859026369168357,0.5193771487054131,0.1757793277666322,0.3135843063837534,0.554997692500244,0.554997692500244,0.47913963119781733,0.785120794051205,,,UNCHANGED_THRESHOLD_ONLY
377,58,319,0.15384615384615385,0.603448275862069,0.8463949843260188,0.39655172413793105,0.4166666666666667,0.9215017064846417,35,23,270,49,logistic,bmi_age_thresholding,OOF_EVAL,BMIxAGE_Obese_40-59,0.7842935898821749,0.4524329335664688,0.2692408333538728,0.39464806829902993,0.6987478344826364,0.6987478344826364,0.47493215951001205,0.7191124220512564,,,UNCHANGED_THRESHOLD_ONLY
326,70,256,0.2147239263803681,0.42857142857142855,0.76953125,0.5714285714285714,0.33707865168539325,0.8312236286919831,30,40,197,59,logistic,bmi_age_thresholding,OOF_EVAL,BMIxAGE_Obese_60+,0.630078125,0.36037473096761885,0.34170740581209125,0.42141946101620953,0.7243676275923302,0.7243676275923302,0.3193530887999687,0.545221634401498,,,UNCHANGED_THRESHOLD_ONLY
2503,230,2273,0.09188973232121454,0.6695652173913044,0.7166739991201055,0.33043478260869563,0.19298245614035087,0.955425219941349,154,76,1629,644,logistic,combined_bmi_platt_thresholding,OOF_EVAL,OVERALL,0.6964268635589816,0.2078784219945411,0.10519145803774962,0.10042715562969404,0.024928683721309037,0.5173,0.6064279319415129,0.7271313966453361,,,EVALUATED_SEPARATELY
613,23,590,0.037520391517128875,0.8260869565217391,0.5830508474576271,0.17391304347826086,0.07169811320754717,0.9885057471264368,19,4,344,246,logistic,combined_bmi_platt_thresholding,OOF_EVAL,BMI_Normal,0.8062638172439204,0.21598607886031926,0.03385695669394385,0.00998908917359545,0.024928683721309037,0.024928683721309037,0.6286235235977385,0.9302134643693744,,,EVALUATED_SEPARATELY
1027,162,865,0.15774099318403115,0.6851851851851852,0.6820809248554913,0.3148148148148148,0.28756476683937826,0.9204368174726989,111,51,590,275,logistic,combined_bmi_platt_thresholding,OOF_EVAL,BMI_Obese,0.7697780632270036,0.4263077644278993,0.11274690427098126,0.018789696603582172,0.1505892158540518,0.1505892158540518,0.6100796752938661,0.7517116429124656,,,EVALUATED_SEPARATELY
49,4,45,0.08163265306122448,0.25,0.9555555555555556,0.75,0.3333333333333333,0.9347826086956522,1,3,43,2,logistic,combined_bmi_platt_thresholding,OOF_EVAL,BMI_Underweight,0.9166666666666667,0.4519230769230769,0.0706388904694072,0.11401052906326288,0.5173,0.5173,0.04558726080970055,0.6993581574175981,,,EVALUATED_SEPARATELY
814,41,773,0.05036855036855037,0.5609756097560976,0.8434670116429496,0.43902439024390244,0.1597222222222222,0.9731343283582089,23,18,652,121,logistic,combined_bmi_platt_thresholding,OOF_EVAL,BMI_Overweight,0.770611807023633,0.23172984271074068,0.15145888046167197,0.30650106339950356,0.5173,0.5173,0.4104052722210608,0.7010986826344964,,,EVALUATED_SEPARATELY
834,38,796,0.045563549160671464,0.5263157894736842,0.9183417085427136,0.47368421052631576,0.23529411764705882,0.9759679572763685,20,18,731,65,logistic,combined_bmi_platt_thresholding,OOF_EVAL,AGE_18-39,0.7853081195450938,0.2469185883672237,0.04847647076235449,0.06306185975665846,0.024928683721309037,0.5173,0.3725897138449667,0.6752097667747392,,,EVALUATED_SEPARATELY
843,80,763,0.09489916963226572,0.675,0.7391874180865007,0.325,0.2134387351778656,0.9559322033898305,54,26,564,199,logistic,combined_bmi_platt_thresholding,OOF_EVAL,AGE_40-59,0.7140563564875493,0.25296665405776336,0.09926967837078449,0.09949273797445511,0.024928683721309037,0.5173,0.5664052731061473,0.7675583815564182,,,EVALUATED_SEPARATELY
826,112,714,0.13559322033898305,0.7142857142857143,0.4677871148459384,0.2857142857142857,0.17391304347826086,0.912568306010929,80,32,334,380,logistic,combined_bmi_platt_thresholding,OOF_EVAL,AGE_60+,0.5495448179271708,0.1864011872703802,0.1684993994989253,0.16569167759333728,0.024928683721309037,0.5173,0.6246078206764127,0.7897516020091828,,,EVALUATED_SEPARATELY
255,2,253,0.00784313725490196,0.0,0.9130434782608695,1.0,0.0,0.9914163090128756,0,2,231,22,logistic,combined_bmi_platt_thresholding,OOF_EVAL,BMIxAGE_Normal_18-39,0.7035573122529644,0.019112874143526866,0.011862897107630449,0.00770001545748629,0.024928683721309037,0.024928683721309037,0.0,0.6576197724933469,,,EVALUATED_SEPARATELY
177,3,174,0.01694915254237288,0.6666666666666666,0.5402298850574713,0.3333333333333333,0.024390243902439025,0.9894736842105263,2,1,94,80,logistic,combined_bmi_platt_thresholding,OOF_EVAL,BMIxAGE_Normal_40-59,0.6379310344827587,0.1285037305908449,0.01635993525766881,0.022324025649525014,0.024928683721309037,0.024928683721309037,0.2076596008020477,0.9385080552796037,,,EVALUATED_SEPARATELY
181,18,163,0.09944751381215469,0.9444444444444444,0.1165644171779141,0.05555555555555555,0.10559006211180125,0.95,17,1,19,144,logistic,combined_bmi_platt_thresholding,OOF_EVAL,BMIxAGE_Normal_60+,0.72733469665985,0.31516153581550327,0.081953409670356,0.031041255500071054,0.024928683721309037,0.024928683721309037,0.7424269921812741,0.990124809021697,,,EVALUATED_SEPARATELY
324,34,290,0.10493827160493827,0.5882352941176471,0.8793103448275862,0.4117647058823529,0.36363636363636365,0.9479553903345725,20,14,255,35,logistic,combined_bmi_platt_thresholding,OOF_EVAL,BMIxAGE_Obese_18-39,0.859026369168357,0.5193771487054131,0.06921238649622496,0.03384416209034849,0.1505892158540518,0.1505892158540518,0.42221593878812513,0.7363403163612884,,,EVALUATED_SEPARATELY
377,58,319,0.15384615384615385,0.7586206896551724,0.7021943573667712,0.2413793103448276,0.31654676258992803,0.9411764705882353,44,14,224,95,logistic,combined_bmi_platt_thresholding,OOF_EVAL,BMIxAGE_Obese_40-59,0.7842935898821749,0.4524329335664688,0.10871704474068486,0.04625516072163971,0.1505892158540518,0.1505892158540518,0.6347001974698658,0.8504112564333051,,,EVALUATED_SEPARATELY
326,70,256,0.2147239263803681,0.6714285714285714,0.43359375,0.32857142857142857,0.24479166666666666,0.8283582089552238,47,23,111,145,logistic,combined_bmi_platt_thresholding,OOF_EVAL,BMIxAGE_Obese_60+,0.630078125,0.36037473096761885,0.1606746367922781,0.04433321338840034,0.1505892158540518,0.1505892158540518,0.5550093573883407,0.770011306928139,,,EVALUATED_SEPARATELY
2503,230,2273,0.09188973232121454,0.717391304347826,0.7589089309282886,0.2826086956521739,0.2314165497896213,0.9636871508379888,165,65,1725,548,random_forest,original_frozen,OOF_EVAL,OVERALL,0.820952963905201,0.3517263922671842,0.14071031883846627,0.23628354200416732,0.4499,0.4499,0.6559987520810043,0.7716414127739301,,,UNCHANGED_THRESHOLD_ONLY
613,23,590,0.037520391517128875,0.43478260869565216,0.9474576271186441,0.5652173913043478,0.24390243902439024,0.9772727272727273,10,13,559,31,random_forest,original_frozen,OOF_EVAL,BMI_Normal,0.819159911569639,0.3284267819586955,0.06456408995653912,0.15748872979295636,0.4499,0.4499,0.25634635325674215,0.6318862491498354,,,UNCHANGED_THRESHOLD_ONLY
1027,162,865,0.15774099318403115,0.8333333333333334,0.5121387283236994,0.16666666666666666,0.24236983842010773,0.9425531914893617,135,27,443,422,random_forest,original_frozen,OOF_EVAL,BMI_Obese,0.7535716834368086,0.378540044839083,0.22010180781925207,0.3059829053357728,0.4499,0.4499,0.7683691896812852,0.8828551830901119,,,UNCHANGED_THRESHOLD_ONLY
49,4,45,0.08163265306122448,0.5,0.9111111111111111,0.5,0.3333333333333333,0.9534883720930233,2,2,41,4,random_forest,original_frozen,OOF_EVAL,BMI_Underweight,0.9333333333333333,0.6846590909090909,0.06652269718456966,0.1396549516948221,0.4499,0.4499,0.15003898915214947,0.8499610108478506,,,UNCHANGED_THRESHOLD_ONLY
814,41,773,0.05036855036855037,0.43902439024390244,0.8822768434670116,0.5609756097560976,0.1651376146788991,0.9673758865248226,18,23,682,91,random_forest,original_frozen,OOF_EVAL,BMI_Overweight,0.7817499132300508,0.25552050492174627,0.10235377409939406,0.21699995290596008,0.4499,0.4499,0.2989013173655036,0.5895947277789392,,,UNCHANGED_THRESHOLD_ONLY
834,38,796,0.045563549160671464,0.6842105263157895,0.8957286432160804,0.3157894736842105,0.23853211009174313,0.983448275862069,26,12,713,83,random_forest,original_frozen,OOF_EVAL,AGE_18-39,0.8941087014017455,0.4015705441166161,0.07633403960262847,0.1714407583579813,0.4499,0.4499,0.5254424010939046,0.8091539632440382,,,UNCHANGED_THRESHOLD_ONLY
843,80,763,0.09489916963226572,0.7375,0.7404980340760158,0.2625,0.22957198443579765,0.9641638225255973,59,21,565,198,random_forest,original_frozen,OOF_EVAL,AGE_40-59,0.8123853211009174,0.35032118631876963,0.14832529175470605,0.24761645910502847,0.4499,0.4499,0.6318104033557184,0.8214259851149064,,,UNCHANGED_THRESHOLD_ONLY
826,112,714,0.13559322033898305,0.7142857142857143,0.6260504201680672,0.2857142857142857,0.23054755043227665,0.9331941544885177,80,32,447,267,random_forest,original_frozen,OOF_EVAL,AGE_60+,0.7336934773909565,0.33954538788161914,0.1979383996063822,0.2903680536644432,0.4499,0.4499,0.6246078206764127,0.7897516020091828,,,UNCHANGED_THRESHOLD_ONLY
255,2,253,0.00784313725490196,0.0,0.9881422924901185,1.0,0.0,0.9920634920634921,0,2,250,3,random_forest,original_frozen,OOF_EVAL,BMIxAGE_Normal_18-39,0.575098814229249,0.024439102564102564,0.021997564706471986,0.09449548434511341,0.4499,0.4499,0.0,0.6576197724933469,,,UNCHANGED_THRESHOLD_ONLY
177,3,174,0.01694915254237288,0.3333333333333333,0.9655172413793104,0.6666666666666666,0.14285714285714285,0.9882352941176471,1,2,168,6,random_forest,original_frozen,OOF_EVAL,BMIxAGE_Normal_40-59,0.6992337164750957,0.354016354016354,0.05747697843749704,0.1745755576191474,0.4499,0.4499,0.06149194472039621,0.7923403991979522,,,UNCHANGED_THRESHOLD_ONLY
181,18,163,0.09944751381215469,0.5,0.8650306748466258,0.5,0.2903225806451613,0.94,9,9,141,22,random_forest,original_frozen,OOF_EVAL,BMIxAGE_Normal_60+,0.743694614860259,0.39564994791149927,0.1314639942528793,0.22952690141706755,0.4499,0.4499,0.29031021505169974,0.7096897849483003,,,UNCHANGED_THRESHOLD_ONLY
324,34,290,0.10493827160493827,0.7647058823529411,0.7413793103448276,0.23529411764705882,0.25742574257425743,0.9641255605381166,26,8,215,75,random_forest,original_frozen,OOF_EVAL,BMIxAGE_Obese_18-39,0.8351926977687627,0.44228617605371084,0.14949756090153743,0.2529923705348408,0.4499,0.4499,0.6000386207746361,0.8756301446736042,,,UNCHANGED_THRESHOLD_ONLY
377,58,319,0.15384615384615385,0.8448275862068966,0.48589341692789967,0.15517241379310345,0.2300469483568075,0.9451219512195121,49,9,155,164,random_forest,original_frozen,OOF_EVAL,BMIxAGE_Obese_40-59,0.7652145713976867,0.3990662494015091,0.22832056742353207,0.32573126930023066,0.4499,0.4499,0.730660191401075,0.9161550804698196,,,UNCHANGED_THRESHOLD_ONLY
326,70,256,0.2147239263803681,0.8571428571428571,0.28515625,0.14285714285714285,0.24691358024691357,0.8795180722891566,60,10,73,183,random_forest,original_frozen,OOF_EVAL,BMIxAGE_Obese_60+,0.6382812499999999,0.33966122578504776,0.28076838337301274,0.3373453475760366,0.4499,0.4499,0.7566158011633325,0.920510582829334,,,UNCHANGED_THRESHOLD_ONLY
2503,230,2273,0.09188973232121454,0.6521739130434783,0.7452705675318961,0.34782608695652173,0.205761316872428,0.9549041713641488,150,80,1694,579,random_forest,bmi_thresholding,OOF_EVAL,OVERALL,0.820952963905201,0.3517263922671842,0.14071031883846627,0.23628354200416732,0.2170145245048318,0.5286332137980053,0.5885778899357943,0.7107702254626598,,,UNCHANGED_THRESHOLD_ONLY
613,23,590,0.037520391517128875,0.6956521739130435,0.6898305084745763,0.30434782608695654,0.08040201005025126,0.9830917874396136,16,7,407,183,random_forest,bmi_thresholding,OOF_EVAL,BMI_Normal,0.819159911569639,0.3284267819586955,0.06456408995653912,0.15748872979295636,0.2170145245048318,0.2170145245048318,0.49134243731240795,0.8439597554678597,,,UNCHANGED_THRESHOLD_ONLY
1027,162,865,0.15774099318403115,0.7037037037037037,0.6520231213872832,0.2962962962962963,0.2746987951807229,0.9215686274509803,114,48,564,301,random_forest,bmi_thresholding,OOF_EVAL,BMI_Obese,0.7535716834368086,0.378540044839083,0.22010180781925207,0.3059829053357728,0.5286332137980053,0.5286332137980053,0.62932926570754,0.768641184319425,,,UNCHANGED_THRESHOLD_ONLY
49,4,45,0.08163265306122448,0.5,0.9111111111111111,0.5,0.3333333333333333,0.9534883720930233,2,2,41,4,random_forest,bmi_thresholding,OOF_EVAL,BMI_Underweight,0.9333333333333333,0.6846590909090909,0.06652269718456966,0.1396549516948221,0.4499,0.4499,0.15003898915214947,0.8499610108478506,,,UNCHANGED_THRESHOLD_ONLY
814,41,773,0.05036855036855037,0.43902439024390244,0.8822768434670116,0.5609756097560976,0.1651376146788991,0.9673758865248226,18,23,682,91,random_forest,bmi_thresholding,OOF_EVAL,BMI_Overweight,0.7817499132300508,0.25552050492174627,0.10235377409939406,0.21699995290596008,0.4499,0.4499,0.2989013173655036,0.5895947277789392,,,UNCHANGED_THRESHOLD_ONLY
834,38,796,0.045563549160671464,0.5263157894736842,0.9108040201005025,0.47368421052631576,0.21978021978021978,0.9757738896366084,20,18,725,71,random_forest,bmi_thresholding,OOF_EVAL,AGE_18-39,0.8941087014017455,0.4015705441166161,0.07633403960262847,0.1714407583579813,0.2170145245048318,0.5286332137980053,0.3725897138449667,0.6752097667747392,,,UNCHANGED_THRESHOLD_ONLY
843,80,763,0.09489916963226572,0.6875,0.7326343381389253,0.3125,0.21235521235521235,0.9571917808219178,55,25,559,204,random_forest,bmi_thresholding,OOF_EVAL,AGE_40-59,0.8123853211009174,0.35032118631876963,0.14832529175470605,0.24761645910502847,0.2170145245048318,0.5286332137980053,0.5793222425531256,0.7784959588710517,,,UNCHANGED_THRESHOLD_ONLY
826,112,714,0.13559322033898305,0.6696428571428571,0.5742296918767507,0.33035714285714285,0.19788918205804748,0.9172259507829977,75,37,410,304,random_forest,bmi_thresholding,OOF_EVAL,AGE_60+,0.7336934773909565,0.33954538788161914,0.1979383996063822,0.2903680536644432,0.2170145245048318,0.5286332137980053,0.5781822928533298,0.7498522501060998,,,UNCHANGED_THRESHOLD_ONLY
255,2,253,0.00784313725490196,0.0,0.924901185770751,1.0,0.0,0.9915254237288136,0,2,234,19,random_forest,bmi_thresholding,OOF_EVAL,BMIxAGE_Normal_18-39,0.575098814229249,0.024439102564102564,0.021997564706471986,0.09449548434511341,0.2170145245048318,0.2170145245048318,0.0,0.6576197724933469,,,UNCHANGED_THRESHOLD_ONLY
177,3,174,0.01694915254237288,0.3333333333333333,0.6781609195402298,0.6666666666666666,0.017543859649122806,0.9833333333333333,1,2,118,56,random_forest,bmi_thresholding,OOF_EVAL,BMIxAGE_Normal_40-59,0.6992337164750957,0.354016354016354,0.05747697843749704,0.1745755576191474,0.2170145245048318,0.2170145245048318,0.06149194472039621,0.7923403991979522,,,UNCHANGED_THRESHOLD_ONLY
181,18,163,0.09944751381215469,0.8333333333333334,0.3374233128834356,0.16666666666666666,0.12195121951219512,0.9482758620689655,15,3,55,108,random_forest,bmi_thresholding,OOF_EVAL,BMIxAGE_Normal_60+,0.743694614860259,0.39564994791149927,0.1314639942528793,0.22952690141706755,0.2170145245048318,0.2170145245048318,0.6077796189608428,0.9416342319413856,,,UNCHANGED_THRESHOLD_ONLY
324,34,290,0.10493827160493827,0.5882352941176471,0.8379310344827586,0.4117647058823529,0.29850746268656714,0.9455252918287937,20,14,243,47,random_forest,bmi_thresholding,OOF_EVAL,BMIxAGE_Obese_18-39,0.8351926977687627,0.44228617605371084,0.14949756090153743,0.2529923705348408,0.5286332137980053,0.5286332137980053,0.42221593878812513,0.7363403163612884,,,UNCHANGED_THRESHOLD_ONLY
377,58,319,0.15384615384615385,0.7758620689655172,0.6238244514106583,0.22413793103448276,0.2727272727272727,0.9386792452830188,45,13,199,120,random_forest,bmi_thresholding,OOF_EVAL,BMIxAGE_Obese_40-59,0.7652145713976867,0.3990662494015091,0.22832056742353207,0.32573126930023066,0.5286332137980053,0.5286332137980053,0.653388823610813,0.8640633938859026,,,UNCHANGED_THRESHOLD_ONLY
326,70,256,0.2147239263803681,0.7,0.4765625,0.3,0.2677595628415301,0.8531468531468531,49,21,122,134,random_forest,bmi_thresholding,OOF_EVAL,BMIxAGE_Obese_60+,0.6382812499999999,0.33966122578504776,0.28076838337301274,0.3373453475760366,0.5286332137980053,0.5286332137980053,0.5845568276122731,0.79463394742362,,,UNCHANGED_THRESHOLD_ONLY
2503,230,2273,0.09188973232121454,0.7130434782608696,0.6273647162340519,0.28695652173913044,0.16221562809099901,0.9557640750670241,164,66,1426,847,random_forest,bmi_platt_calibration,OOF_EVAL,OVERALL,0.7386388415998776,0.23838253169553963,0.08986538057899329,0.07508772256829692,0.15630177434354442,0.15630177434354442,0.6514614566301842,0.7676259049276517,,,EVALUATED_SEPARATELY
613,23,590,0.037520391517128875,0.34782608695652173,0.9627118644067797,0.6521739130434783,0.26666666666666666,0.9742710120068611,8,15,568,22,random_forest,bmi_platt_calibration,OOF_EVAL,BMI_Normal,0.819159911569639,0.3284267819586955,0.030368872829982307,0.012329538859169636,0.15630177434354442,0.15630177434354442,0.1881127593879773,0.55109664622737,,,EVALUATED_SEPARATELY
1027,162,865,0.15774099318403115,0.7037037037037037,0.6520231213872832,0.2962962962962963,0.2746987951807229,0.9215686274509803,114,48,564,301,random_forest,bmi_platt_calibration,OOF_EVAL,BMI_Obese,0.7535716834368086,0.378540044839083,0.11659332450388549,0.01935626984239095,0.15630177434354442,0.15630177434354442,0.62932926570754,0.768641184319425,,,EVALUATED_SEPARATELY
49,4,45,0.08163265306122448,1.0,0.6,0.0,0.18181818181818182,1.0,4,0,27,18,random_forest,bmi_platt_calibration,OOF_EVAL,BMI_Underweight,0.9333333333333333,0.6846590909090909,0.06652269718456966,0.1396549516948221,0.15630177434354442,0.15630177434354442,0.5101091635454027,1.0,,,EVALUATED_SEPARATELY
814,41,773,0.05036855036855037,0.926829268292683,0.34540750323415265,0.07317073170731707,0.06985294117647059,0.9888888888888889,38,3,267,506,random_forest,bmi_platt_calibration,OOF_EVAL,BMI_Overweight,0.7817499132300508,0.25552050492174627,0.10235377409939406,0.21699995290596008,0.15630177434354442,0.15630177434354442,0.8057255146228096,0.9748021693660901,,,EVALUATED_SEPARATELY
834,38,796,0.045563549160671464,0.5789473684210527,0.8366834170854272,0.42105263157894735,0.14473684210526316,0.9765395894428153,22,16,666,130,random_forest,bmi_platt_calibration,OOF_EVAL,AGE_18-39,0.8135413911663582,0.26673911805042533,0.04333715497988235,0.047954884404193716,0.15630177434354442,0.15630177434354442,0.42192345343670545,0.7214749884224129,,,EVALUATED_SEPARATELY
843,80,763,0.09489916963226572,0.775,0.6081258191349934,0.225,0.17174515235457063,0.9626556016597511,62,18,464,299,random_forest,bmi_platt_calibration,OOF_EVAL,AGE_40-59,0.7613368283093054,0.26822725675894915,0.08810877798749724,0.07618525639043838,0.15630177434354442,0.15630177434354442,0.6721321021639265,0.8526679265915337,,,EVALUATED_SEPARATELY
826,112,714,0.13559322033898305,0.7142857142857143,0.41456582633053224,0.2857142857142857,0.1606425702811245,0.9024390243902439,80,32,296,418,random_forest,bmi_platt_calibration,OOF_EVAL,AGE_60+,0.6058173269307723,0.2409287941275023,0.13863699817498568,0.11409894110656829,0.15630177434354442,0.15630177434354442,0.6246078206764127,0.7897516020091828,,,EVALUATED_SEPARATELY
255,2,253,0.00784313725490196,0.0,0.9960474308300395,1.0,0.0,0.9921259842519685,0,2,252,1,random_forest,bmi_platt_calibration,OOF_EVAL,BMIxAGE_Normal_18-39,0.575098814229249,0.024439102564102564,0.008210766783873889,0.0037982771784881657,0.15630177434354442,0.15630177434354442,0.0,0.6576197724933469,,,EVALUATED_SEPARATELY
177,3,174,0.01694915254237288,0.3333333333333333,0.9712643678160919,0.6666666666666666,0.16666666666666666,0.9883040935672515,1,2,169,5,random_forest,bmi_platt_calibration,OOF_EVAL,BMIxAGE_Normal_40-59,0.6992337164750957,0.354016354016354,0.01675448520702071,0.02318243438506886,0.15630177434354442,0.15630177434354442,0.06149194472039621,0.7923403991979522,,,EVALUATED_SEPARATELY
181,18,163,0.09944751381215469,0.3888888888888889,0.901840490797546,0.6111111111111112,0.30434782608695654,0.930379746835443,7,11,147,16,random_forest,bmi_platt_calibration,OOF_EVAL,BMIxAGE_Normal_60+,0.743694614860259,0.39564994791149927,0.07489961123341793,0.03152099752500787,0.15630177434354442,0.15630177434354442,0.2030524657216362,0.613809583977621,,,EVALUATED_SEPARATELY
324,34,290,0.10493827160493827,0.5882352941176471,0.8379310344827586,0.4117647058823529,0.29850746268656714,0.9455252918287937,20,14,243,47,random_forest,bmi_platt_calibration,OOF_EVAL,BMIxAGE_Obese_18-39,0.8351926977687627,0.44228617605371084,0.07541185625614313,0.021578394386880913,0.15630177434354442,0.15630177434354442,0.42221593878812513,0.7363403163612884,,,EVALUATED_SEPARATELY
377,58,319,0.15384615384615385,0.7758620689655172,0.6238244514106583,0.22413793103448276,0.2727272727272727,0.9386792452830188,45,13,199,120,random_forest,bmi_platt_calibration,OOF_EVAL,BMIxAGE_Obese_40-59,0.7652145713976867,0.3990662494015091,0.1127910188719068,0.038591333945355376,0.15630177434354442,0.15630177434354442,0.653388823610813,0.8640633938859026,,,EVALUATED_SEPARATELY
326,70,256,0.2147239263803681,0.7,0.4765625,0.3,0.2677595628415301,0.8531468531468531,49,21,122,134,random_forest,bmi_platt_calibration,OOF_EVAL,BMIxAGE_Obese_60+,0.6382812499999999,0.33966122578504776,0.1619192905637765,0.027734389469162606,0.15630177434354442,0.15630177434354442,0.5845568276122731,0.79463394742362,,,EVALUATED_SEPARATELY
2503,230,2273,0.09188973232121454,0.5260869565217391,0.8526176858776947,0.47391304347826085,0.26535087719298245,0.9467513434294089,121,109,1938,335,random_forest,bmi_age_thresholding,OOF_EVAL,OVERALL,0.820952963905201,0.3517263922671842,0.14071031883846627,0.23628354200416732,0.3633600383594541,0.6424922977507762,0.4616591178380923,0.5896577019444996,,,UNCHANGED_THRESHOLD_ONLY
613,23,590,0.037520391517128875,0.6086956521739131,0.8949152542372881,0.391304347826087,0.18421052631578946,0.9832402234636871,14,9,528,62,random_forest,bmi_age_thresholding,OOF_EVAL,BMI_Normal,0.819159911569639,0.3284267819586955,0.06456408995653912,0.15748872979295636,0.3633600383594541,0.4499,0.4078552239138171,0.7784237720752205,,,UNCHANGED_THRESHOLD_ONLY
1027,162,865,0.15774099318403115,0.5370370370370371,0.7942196531791907,0.46296296296296297,0.3283018867924528,0.9015748031496063,87,75,687,178,random_forest,bmi_age_thresholding,OOF_EVAL,BMI_Obese,0.7535716834368086,0.378540044839083,0.22010180781925207,0.3059829053357728,0.5299080044500102,0.6424922977507762,0.46028564102720465,0.6120726226140618,,,UNCHANGED_THRESHOLD_ONLY
49,4,45,0.08163265306122448,0.5,0.9111111111111111,0.5,0.3333333333333333,0.9534883720930233,2,2,41,4,random_forest,bmi_age_thresholding,OOF_EVAL,BMI_Underweight,0.9333333333333333,0.6846590909090909,0.06652269718456966,0.1396549516948221,0.4499,0.4499,0.15003898915214947,0.8499610108478506,,,UNCHANGED_THRESHOLD_ONLY
814,41,773,0.05036855036855037,0.43902439024390244,0.8822768434670116,0.5609756097560976,0.1651376146788991,0.9673758865248226,18,23,682,91,random_forest,bmi_age_thresholding,OOF_EVAL,BMI_Overweight,0.7817499132300508,0.25552050492174627,0.10235377409939406,0.21699995290596008,0.4499,0.4499,0.2989013173655036,0.5895947277789392,,,UNCHANGED_THRESHOLD_ONLY
834,38,796,0.045563549160671464,0.5263157894736842,0.9321608040201005,0.47368421052631576,0.2702702702702703,0.9763157894736842,20,18,742,54,random_forest,bmi_age_thresholding,OOF_EVAL,AGE_18-39,0.8941087014017455,0.4015705441166161,0.07633403960262847,0.1714407583579813,0.4499,0.5299080044500102,0.3725897138449667,0.6752097667747392,,,UNCHANGED_THRESHOLD_ONLY
843,80,763,0.09489916963226572,0.5625,0.8689384010484927,0.4375,0.3103448275862069,0.9498567335243553,45,35,663,100,random_forest,bmi_age_thresholding,OOF_EVAL,AGE_40-59,0.8123853211009174,0.35032118631876963,0.14832529175470605,0.24761645910502847,0.4499,0.6269458716782906,0.4534113429694972,0.6658613908385618,,,UNCHANGED_THRESHOLD_ONLY
826,112,714,0.13559322033898305,0.5,0.7464985994397759,0.5,0.23628691983122363,0.9049235993208828,56,56,533,181,random_forest,bmi_age_thresholding,OOF_EVAL,AGE_60+,0.7336934773909565,0.33954538788161914,0.1979383996063822,0.2903680536644432,0.3633600383594541,0.6424922977507762,0.4089487135360737,0.5910512864639264,,,UNCHANGED_THRESHOLD_ONLY
255,2,253,0.00784313725490196,0.0,0.9881422924901185,1.0,0.0,0.9920634920634921,0,2,250,3,random_forest,bmi_age_thresholding,OOF_EVAL,BMIxAGE_Normal_18-39,0.575098814229249,0.024439102564102564,0.021997564706471986,0.09449548434511341,0.4499,0.4499,0.0,0.6576197724933469,,,UNCHANGED_THRESHOLD_ONLY
177,3,174,0.01694915254237288,0.3333333333333333,0.9655172413793104,0.6666666666666666,0.14285714285714285,0.9882352941176471,1,2,168,6,random_forest,bmi_age_thresholding,OOF_EVAL,BMIxAGE_Normal_40-59,0.6992337164750957,0.354016354016354,0.05747697843749704,0.1745755576191474,0.4499,0.4499,0.06149194472039621,0.7923403991979522,,,UNCHANGED_THRESHOLD_ONLY
181,18,163,0.09944751381215469,0.7222222222222222,0.6748466257668712,0.2777777777777778,0.19696969696969696,0.9565217391304348,13,5,110,53,random_forest,bmi_age_thresholding,OOF_EVAL,BMIxAGE_Normal_60+,0.743694614860259,0.39564994791149927,0.1314639942528793,0.22952690141706755,0.3633600383594541,0.3633600383594541,0.4912734343970254,0.8750024662044601,,,UNCHANGED_THRESHOLD_ONLY
324,34,290,0.10493827160493827,0.5882352941176471,0.8413793103448276,0.4117647058823529,0.30303030303030304,0.9457364341085271,20,14,244,46,random_forest,bmi_age_thresholding,OOF_EVAL,BMIxAGE_Obese_18-39,0.8351926977687627,0.44228617605371084,0.14949756090153743,0.2529923705348408,0.5299080044500102,0.5299080044500102,0.42221593878812513,0.7363403163612884,,,UNCHANGED_THRESHOLD_ONLY
377,58,319,0.15384615384615385,0.603448275862069,0.7931034482758621,0.39655172413793105,0.3465346534653465,0.9166666666666666,35,23,253,66,random_forest,bmi_age_thresholding,OOF_EVAL,BMIxAGE_Obese_40-59,0.7652145713976867,0.3990662494015091,0.22832056742353207,0.32573126930023066,0.6269458716782906,0.6269458716782906,0.47493215951001205,0.7191124220512564,,,UNCHANGED_THRESHOLD_ONLY
326,70,256,0.2147239263803681,0.45714285714285713,0.7421875,0.5428571428571428,0.32653061224489793,0.8333333333333334,32,38,190,66,random_forest,bmi_age_thresholding,OOF_EVAL,BMIxAGE_Obese_60+,0.6382812499999999,0.33966122578504776,0.28076838337301274,0.3373453475760366,0.6424922977507762,0.6424922977507762,0.3457274259756359,0.5730174079452441,,,UNCHANGED_THRESHOLD_ONLY
2503,230,2273,0.09188973232121454,0.6521739130434783,0.7452705675318961,0.34782608695652173,0.205761316872428,0.9549041713641488,150,80,1694,579,random_forest,combined_bmi_platt_thresholding,OOF_EVAL,OVERALL,0.7386388415998776,0.23838253169553963,0.08986538057899329,0.07508772256829692,0.03096515042474759,0.4499,0.5885778899357943,0.7107702254626598,,,EVALUATED_SEPARATELY
613,23,590,0.037520391517128875,0.6956521739130435,0.6898305084745763,0.30434782608695654,0.08040201005025126,0.9830917874396136,16,7,407,183,random_forest,combined_bmi_platt_thresholding,OOF_EVAL,BMI_Normal,0.819159911569639,0.3284267819586955,0.030368872829982307,0.012329538859169636,0.03096515042474759,0.03096515042474759,0.49134243731240795,0.8439597554678597,,,EVALUATED_SEPARATELY
1027,162,865,0.15774099318403115,0.7037037037037037,0.6520231213872832,0.2962962962962963,0.2746987951807229,0.9215686274509803,114,48,564,301,random_forest,combined_bmi_platt_thresholding,OOF_EVAL,BMI_Obese,0.7535716834368086,0.378540044839083,0.11659332450388549,0.01935626984239095,0.15630177434354442,0.15630177434354442,0.62932926570754,0.768641184319425,,,EVALUATED_SEPARATELY
49,4,45,0.08163265306122448,0.5,0.9111111111111111,0.5,0.3333333333333333,0.9534883720930233,2,2,41,4,random_forest,combined_bmi_platt_thresholding,OOF_EVAL,BMI_Underweight,0.9333333333333333,0.6846590909090909,0.06652269718456966,0.1396549516948221,0.4499,0.4499,0.15003898915214947,0.8499610108478506,,,EVALUATED_SEPARATELY
814,41,773,0.05036855036855037,0.43902439024390244,0.8822768434670116,0.5609756097560976,0.1651376146788991,0.9673758865248226,18,23,682,91,random_forest,combined_bmi_platt_thresholding,OOF_EVAL,BMI_Overweight,0.7817499132300508,0.25552050492174627,0.10235377409939406,0.21699995290596008,0.4499,0.4499,0.2989013173655036,0.5895947277789392,,,EVALUATED_SEPARATELY
834,38,796,0.045563549160671464,0.5263157894736842,0.9108040201005025,0.47368421052631576,0.21978021978021978,0.9757738896366084,20,18,725,71,random_forest,combined_bmi_platt_thresholding,OOF_EVAL,AGE_18-39,0.8135413911663582,0.26673911805042533,0.04333715497988235,0.047954884404193716,0.03096515042474759,0.4499,0.3725897138449667,0.6752097667747392,,,EVALUATED_SEPARATELY
843,80,763,0.09489916963226572,0.6875,0.7326343381389253,0.3125,0.21235521235521235,0.9571917808219178,55,25,559,204,random_forest,combined_bmi_platt_thresholding,OOF_EVAL,AGE_40-59,0.7613368283093054,0.26822725675894915,0.08810877798749724,0.07618525639043838,0.03096515042474759,0.4499,0.5793222425531256,0.7784959588710517,,,EVALUATED_SEPARATELY
826,112,714,0.13559322033898305,0.6696428571428571,0.5742296918767507,0.33035714285714285,0.19788918205804748,0.9172259507829977,75,37,410,304,random_forest,combined_bmi_platt_thresholding,OOF_EVAL,AGE_60+,0.6058173269307723,0.2409287941275023,0.13863699817498568,0.11409894110656829,0.03096515042474759,0.4499,0.5781822928533298,0.7498522501060998,,,EVALUATED_SEPARATELY
255,2,253,0.00784313725490196,0.0,0.924901185770751,1.0,0.0,0.9915254237288136,0,2,234,19,random_forest,combined_bmi_platt_thresholding,OOF_EVAL,BMIxAGE_Normal_18-39,0.575098814229249,0.024439102564102564,0.008210766783873889,0.0037982771784881657,0.03096515042474759,0.03096515042474759,0.0,0.6576197724933469,,,EVALUATED_SEPARATELY
177,3,174,0.01694915254237288,0.3333333333333333,0.6781609195402298,0.6666666666666666,0.017543859649122806,0.9833333333333333,1,2,118,56,random_forest,combined_bmi_platt_thresholding,OOF_EVAL,BMIxAGE_Normal_40-59,0.6992337164750957,0.354016354016354,0.01675448520702071,0.02318243438506886,0.03096515042474759,0.03096515042474759,0.06149194472039621,0.7923403991979522,,,EVALUATED_SEPARATELY
181,18,163,0.09944751381215469,0.8333333333333334,0.3374233128834356,0.16666666666666666,0.12195121951219512,0.9482758620689655,15,3,55,108,random_forest,combined_bmi_platt_thresholding,OOF_EVAL,BMIxAGE_Normal_60+,0.743694614860259,0.39564994791149927,0.07489961123341793,0.03152099752500787,0.03096515042474759,0.03096515042474759,0.6077796189608428,0.9416342319413856,,,EVALUATED_SEPARATELY
324,34,290,0.10493827160493827,0.5882352941176471,0.8379310344827586,0.4117647058823529,0.29850746268656714,0.9455252918287937,20,14,243,47,random_forest,combined_bmi_platt_thresholding,OOF_EVAL,BMIxAGE_Obese_18-39,0.8351926977687627,0.44228617605371084,0.07541185625614313,0.021578394386880913,0.15630177434354442,0.15630177434354442,0.42221593878812513,0.7363403163612884,,,EVALUATED_SEPARATELY
377,58,319,0.15384615384615385,0.7758620689655172,0.6238244514106583,0.22413793103448276,0.2727272727272727,0.9386792452830188,45,13,199,120,random_forest,combined_bmi_platt_thresholding,OOF_EVAL,BMIxAGE_Obese_40-59,0.7652145713976867,0.3990662494015091,0.1127910188719068,0.038591333945355376,0.15630177434354442,0.15630177434354442,0.653388823610813,0.8640633938859026,,,EVALUATED_SEPARATELY
326,70,256,0.2147239263803681,0.7,0.4765625,0.3,0.2677595628415301,0.8531468531468531,49,21,122,134,random_forest,combined_bmi_platt_thresholding,OOF_EVAL,BMIxAGE_Obese_60+,0.6382812499999999,0.33966122578504776,0.1619192905637765,0.027734389469162606,0.15630177434354442,0.15630177434354442,0.5845568276122731,0.79463394742362,,,EVALUATED_SEPARATELY
2503,230,2273,0.09188973232121454,0.8130434782608695,0.6920369555653322,0.18695652173913044,0.21082299887260428,0.9733910891089109,187,43,1573,700,xgboost,original_frozen,OOF_EVAL,OVERALL,0.8216836588305055,0.3648808853641751,0.1535271622942046,0.24855087816979624,0.4108,0.4108,0.7576664047255236,0.858135432665582,,,UNCHANGED_THRESHOLD_ONLY
613,23,590,0.037520391517128875,0.5217391304347826,0.911864406779661,0.4782608695652174,0.1875,0.9799635701275046,12,11,538,52,xgboost,original_frozen,OOF_EVAL,BMI_Normal,0.8156963890935888,0.3300108118046194,0.06609886713763398,0.15246584779771616,0.4108,0.4108,0.32962737336427406,0.7076284258335335,,,UNCHANGED_THRESHOLD_ONLY
1027,162,865,0.15774099318403115,0.9012345679012346,0.44046242774566474,0.09876543209876543,0.23174603174603176,0.9596977329974811,146,16,381,484,xgboost,original_frozen,OOF_EVAL,BMI_Obese,0.7565831727681438,0.4026517274945246,0.24382800458245962,0.331864237865628,0.4108,0.4108,0.8455921876731157,0.9382890017739361,,,UNCHANGED_THRESHOLD_ONLY
49,4,45,0.08163265306122448,0.5,0.8666666666666667,0.5,0.25,0.9512195121951219,2,2,39,6,xgboost,original_frozen,OOF_EVAL,BMI_Underweight,0.9111111111111111,0.6515151515151515,0.07417593538528196,0.1656851257755102,0.4108,0.4108,0.15003898915214947,0.8499610108478506,,,UNCHANGED_THRESHOLD_ONLY
814,41,773,0.05036855036855037,0.6585365853658537,0.795601552393273,0.34146341463414637,0.14594594594594595,0.9777424483306836,27,14,615,158,xgboost,original_frozen,OOF_EVAL,BMI_Overweight,0.7891963525068627,0.251814671997591,0.11021363651960643,0.22312959563636367,0.4108,0.4108,0.5054983651982969,0.7844119174261515,,,UNCHANGED_THRESHOLD_ONLY
834,38,796,0.045563549160671464,0.7894736842105263,0.8655778894472361,0.21052631578947367,0.21897810218978103,0.9885222381635581,30,8,689,107,xgboost,original_frozen,OOF_EVAL,AGE_18-39,0.8903067971436128,0.49955077554809646,0.07517970833845122,0.1627755261942446,0.4108,0.4108,0.636542205246726,0.8892520815700411,,,UNCHANGED_THRESHOLD_ONLY
843,80,763,0.09489916963226572,0.825,0.7011795543905636,0.175,0.22448979591836735,0.9744990892531876,66,14,535,228,xgboost,original_frozen,OOF_EVAL,AGE_40-59,0.8118610747051115,0.3771226699175179,0.15864501220797383,0.255137304559905,0.4108,0.4108,0.7274245802116865,0.8927936355902206,,,UNCHANGED_THRESHOLD_ONLY
826,112,714,0.13559322033898305,0.8125,0.4887955182072829,0.1875,0.19956140350877194,0.9432432432432433,91,21,349,365,xgboost,original_frozen,OOF_EVAL,AGE_60+,0.730404661864746,0.31818205873521854,0.2274102483980676,0.3292753523353511,0.4108,0.4108,0.7303087134885466,0.8739654445946134,,,UNCHANGED_THRESHOLD_ONLY
255,2,253,0.00784313725490196,0.0,0.9881422924901185,1.0,0.0,0.9920634920634921,0,2,250,3,xgboost,original_frozen,OOF_EVAL,BMIxAGE_Normal_18-39,0.43873517786561267,0.013119755911517924,0.019515011455869844,0.08050657236862746,0.4108,0.4108,0.0,0.6576197724933469,,,UNCHANGED_THRESHOLD_ONLY
177,3,174,0.01694915254237288,0.3333333333333333,0.9367816091954023,0.6666666666666666,0.08333333333333333,0.9878787878787879,1,2,163,11,xgboost,original_frozen,OOF_EVAL,BMIxAGE_Normal_40-59,0.6973180076628354,0.18703504181417063,0.055568915165687356,0.16504159797175144,0.4108,0.4108,0.06149194472039621,0.7923403991979522,,,UNCHANGED_THRESHOLD_ONLY
181,18,163,0.09944751381215469,0.6111111111111112,0.7668711656441718,0.3888888888888889,0.22448979591836735,0.946969696969697,11,7,125,38,xgboost,original_frozen,OOF_EVAL,BMIxAGE_Normal_60+,0.7535787321063394,0.39919832192550336,0.14202530193257543,0.24154710444751376,0.4108,0.4108,0.3861904160223791,0.7969475342783638,,,UNCHANGED_THRESHOLD_ONLY
324,34,290,0.10493827160493827,0.8823529411764706,0.6724137931034483,0.11764705882352941,0.24,0.9798994974874372,30,4,195,95,xgboost,original_frozen,OOF_EVAL,BMIxAGE_Obese_18-39,0.8503042596348884,0.5547361995593573,0.15083043141275126,0.25324512521913584,0.4108,0.4108,0.7337915722962817,0.9532855333511766,,,UNCHANGED_THRESHOLD_ONLY
377,58,319,0.15384615384615385,0.896551724137931,0.4482758620689655,0.10344827586206896,0.22807017543859648,0.959731543624161,52,6,143,176,xgboost,original_frozen,OOF_EVAL,BMIxAGE_Obese_40-59,0.7608366663063453,0.4176673850579505,0.2521403293520038,0.34849330649071614,0.4108,0.4108,0.7921189700751577,0.951718592576371,,,UNCHANGED_THRESHOLD_ONLY
326,70,256,0.2147239263803681,0.9142857142857143,0.16796875,0.08571428571428572,0.23104693140794225,0.8775510204081632,64,6,43,213,xgboost,original_frozen,OOF_EVAL,BMIxAGE_Obese_60+,0.6270647321428571,0.33432030056165424,0.32664232135812626,0.3928997077607362,0.4108,0.4108,0.8253432750766051,0.9601233303548878,,,UNCHANGED_THRESHOLD_ONLY
2503,230,2273,0.09188973232121454,0.7,0.7483501979762428,0.3,0.21964529331514324,0.9610169491525423,161,69,1701,572,xgboost,bmi_thresholding,OOF_EVAL,OVERALL,0.8216836588305055,0.3648808853641751,0.1535271622942046,0.24855087816979624,0.28614485,0.5884219,0.6378876533445714,0.7555412983219683,,,UNCHANGED_THRESHOLD_ONLY
613,23,590,0.037520391517128875,0.6956521739130435,0.7949152542372881,0.30434782608695654,0.11678832116788321,0.9852941176470589,16,7,469,121,xgboost,bmi_thresholding,OOF_EVAL,BMI_Normal,0.8156963890935888,0.3300108118046194,0.06609886713763398,0.15246584779771616,0.28614485,0.28614485,0.49134243731240795,0.8439597554678597,,,UNCHANGED_THRESHOLD_ONLY
1027,162,865,0.15774099318403115,0.7160493827160493,0.6682080924855491,0.2839506172839506,0.2878411910669975,0.9262820512820513,116,46,578,287,xgboost,bmi_thresholding,OOF_EVAL,BMI_Obese,0.7565831727681438,0.4026517274945246,0.24382800458245962,0.331864237865628,0.5884219,0.5884219,0.6422358010843053,0.7798540701564148,,,UNCHANGED_THRESHOLD_ONLY
49,4,45,0.08163265306122448,0.5,0.8666666666666667,0.5,0.25,0.9512195121951219,2,2,39,6,xgboost,bmi_thresholding,OOF_EVAL,BMI_Underweight,0.9111111111111111,0.6515151515151515,0.07417593538528196,0.1656851257755102,0.4108,0.4108,0.15003898915214947,0.8499610108478506,,,UNCHANGED_THRESHOLD_ONLY
814,41,773,0.05036855036855037,0.6585365853658537,0.795601552393273,0.34146341463414637,0.14594594594594595,0.9777424483306836,27,14,615,158,xgboost,bmi_thresholding,OOF_EVAL,BMI_Overweight,0.7891963525068627,0.251814671997591,0.11021363651960643,0.22312959563636367,0.4108,0.4108,0.5054983651982969,0.7844119174261515,,,UNCHANGED_THRESHOLD_ONLY
834,38,796,0.045563549160671464,0.5789473684210527,0.9296482412060302,0.42105263157894735,0.28205128205128205,0.9788359788359788,22,16,740,56,xgboost,bmi_thresholding,OOF_EVAL,AGE_18-39,0.8903067971436128,0.49955077554809646,0.07517970833845122,0.1627755261942446,0.28614485,0.5884219,0.42192345343670545,0.7214749884224129,,,UNCHANGED_THRESHOLD_ONLY
843,80,763,0.09489916963226572,0.725,0.7614678899082569,0.275,0.24166666666666667,0.9635157545605307,58,22,581,182,xgboost,bmi_thresholding,OOF_EVAL,AGE_40-59,0.8118610747051115,0.3771226699175179,0.15864501220797383,0.255137304559905,0.28614485,0.5884219,0.6185594135898548,0.810822428119158,,,UNCHANGED_THRESHOLD_ONLY
826,112,714,0.13559322033898305,0.7232142857142857,0.5322128851540616,0.2767857142857143,0.19518072289156627,0.9245742092457421,81,31,380,334,xgboost,bmi_thresholding,OOF_EVAL,AGE_60+,0.730404661864746,0.31818205873521854,0.2274102483980676,0.3292753523353511,0.28614485,0.5884219,0.6340021985730062,0.7976222000578224,,,UNCHANGED_THRESHOLD_ONLY
255,2,253,0.00784313725490196,0.0,0.9723320158102767,1.0,0.0,0.9919354838709677,0,2,246,7,xgboost,bmi_thresholding,OOF_EVAL,BMIxAGE_Normal_18-39,0.43873517786561267,0.013119755911517924,0.019515011455869844,0.08050657236862746,0.28614485,0.28614485,0.0,0.6576197724933469,,,UNCHANGED_THRESHOLD_ONLY
177,3,174,0.01694915254237288,0.3333333333333333,0.8390804597701149,0.6666666666666666,0.034482758620689655,0.9864864864864865,1,2,146,28,xgboost,bmi_thresholding,OOF_EVAL,BMIxAGE_Normal_40-59,0.6973180076628354,0.18703504181417063,0.055568915165687356,0.16504159797175144,0.28614485,0.28614485,0.06149194472039621,0.7923403991979522,,,UNCHANGED_THRESHOLD_ONLY
181,18,163,0.09944751381215469,0.8333333333333334,0.4723926380368098,0.16666666666666666,0.1485148514851485,0.9625,15,3,77,86,xgboost,bmi_thresholding,OOF_EVAL,BMIxAGE_Normal_60+,0.7535787321063394,0.39919832192550336,0.14202530193257543,0.24154710444751376,0.28614485,0.28614485,0.6077796189608428,0.9416342319413856,,,UNCHANGED_THRESHOLD_ONLY
324,34,290,0.10493827160493827,0.6470588235294118,0.8620689655172413,0.35294117647058826,0.3548387096774194,0.9541984732824428,22,12,250,40,xgboost,bmi_thresholding,OOF_EVAL,BMIxAGE_Obese_18-39,0.8503042596348884,0.5547361995593573,0.15083043141275126,0.25324512521913584,0.5884219,0.5884219,0.47913963119781733,0.785120794051205,,,UNCHANGED_THRESHOLD_ONLY
377,58,319,0.15384615384615385,0.7586206896551724,0.64576802507837,0.2413793103448276,0.2802547770700637,0.9363636363636364,44,14,206,113,xgboost,bmi_thresholding,OOF_EVAL,BMIxAGE_Obese_40-59,0.7608366663063453,0.4176673850579505,0.2521403293520038,0.34849330649071614,0.5884219,0.5884219,0.6347001974698658,0.8504112564333051,,,UNCHANGED_THRESHOLD_ONLY
326,70,256,0.2147239263803681,0.7142857142857143,0.4765625,0.2857142857142857,0.2717391304347826,0.8591549295774648,50,20,122,134,xgboost,bmi_thresholding,OOF_EVAL,BMIxAGE_Obese_60+,0.6270647321428571,0.33432030056165424,0.32664232135812626,0.3928997077607362,0.5884219,0.5884219,0.5994980341827975,0.8067777962128025,,,UNCHANGED_THRESHOLD_ONLY
2503,230,2273,0.09188973232121454,0.7608695652173914,0.5816102067751869,0.2391304347826087,0.15541740674955595,0.9600580973129993,175,55,1322,951,xgboost,bmi_platt_calibration,OOF_EVAL,OVERALL,0.74342852770711,0.23302632273458357,0.09217860459201482,0.07650650220797103,0.13286092213274858,0.13286092213274858,0.7017450371205805,0.811423160705341,,,EVALUATED_SEPARATELY
613,23,590,0.037520391517128875,0.43478260869565216,0.940677966101695,0.5652173913043478,0.2222222222222222,0.977112676056338,10,13,555,35,xgboost,bmi_platt_calibration,OOF_EVAL,BMI_Normal,0.8156963890935888,0.3300108118046194,0.030819926465843833,0.008336074958579808,0.13286092213274858,0.13286092213274858,0.25634635325674215,0.6318862491498354,,,EVALUATED_SEPARATELY
1027,162,865,0.15774099318403115,0.7530864197530864,0.5884393063583815,0.24691358024691357,0.25523012552301255,0.9271402550091075,122,40,509,356,xgboost,bmi_platt_calibration,OOF_EVAL,BMI_Obese,0.7565831727681438,0.4026517274945246,0.11536700234606855,0.015053064968617373,0.13286092213274858,0.13286092213274858,0.6813336612549761,0.8131144736270106,,,EVALUATED_SEPARATELY
49,4,45,0.08163265306122448,1.0,0.5777777777777777,0.0,0.17391304347826086,1.0,4,0,26,19,xgboost,bmi_platt_calibration,OOF_EVAL,BMI_Underweight,0.9111111111111111,0.6515151515151515,0.07417593538528196,0.1656851257755102,0.13286092213274858,0.13286092213274858,0.5101091635454027,1.0,,,EVALUATED_SEPARATELY
814,41,773,0.05036855036855037,0.9512195121951219,0.3001293661060802,0.04878048780487805,0.06724137931034482,0.9914529914529915,39,2,232,541,xgboost,bmi_platt_calibration,OOF_EVAL,BMI_Overweight,0.7891963525068627,0.251814671997591,0.11021363651960643,0.22312959563636367,0.13286092213274858,0.13286092213274858,0.8386102112962914,0.9865190546348308,,,EVALUATED_SEPARATELY
834,38,796,0.045563549160671464,0.6842105263157895,0.8278894472361809,0.3157894736842105,0.15950920245398773,0.9821162444113264,26,12,659,137,xgboost,bmi_platt_calibration,OOF_EVAL,AGE_18-39,0.824914043903729,0.28572910307447663,0.04055827063444195,0.041624760159189596,0.13286092213274858,0.13286092213274858,0.5254424010939046,0.8091539632440382,,,EVALUATED_SEPARATELY
843,80,763,0.09489916963226572,0.7875,0.5674967234600262,0.2125,0.16030534351145037,0.9622222222222222,63,17,433,330,xgboost,bmi_platt_calibration,OOF_EVAL,AGE_40-59,0.7651212319790301,0.2883414384496895,0.08790889518831768,0.07326116922770037,0.13286092213274858,0.13286092213274858,0.6857784426940333,0.8628761328230384,,,EVALUATED_SEPARATELY
826,112,714,0.13559322033898305,0.7678571428571429,0.32212885154061627,0.23214285714285715,0.15087719298245614,0.8984375,86,26,230,484,xgboost,bmi_platt_calibration,OOF_EVAL,AGE_60+,0.5943752501000399,0.21221940184696872,0.14865647813672725,0.1317418500497314,0.13286092213274858,0.13286092213274858,0.6815795903603912,0.8363696879966034,,,EVALUATED_SEPARATELY
255,2,253,0.00784313725490196,0.0,0.9960474308300395,1.0,0.0,0.9921259842519685,0,2,252,1,xgboost,bmi_platt_calibration,OOF_EVAL,BMIxAGE_Normal_18-39,0.43873517786561267,0.013119755911517924,0.008162902861603533,0.0026899629980968297,0.13286092213274858,0.13286092213274858,0.0,0.6576197724933469,,,EVALUATED_SEPARATELY
177,3,174,0.01694915254237288,0.3333333333333333,0.9655172413793104,0.6666666666666666,0.14285714285714285,0.9882352941176471,1,2,168,6,xgboost,bmi_platt_calibration,OOF_EVAL,BMIxAGE_Normal_40-59,0.6973180076628354,0.18703504181417063,0.016856204208740254,0.017508593162609568,0.13286092213274858,0.13286092213274858,0.06149194472039621,0.7923403991979522,,,EVALUATED_SEPARATELY
181,18,163,0.09944751381215469,0.5,0.8282208588957055,0.5,0.24324324324324326,0.9375,9,9,135,28,xgboost,bmi_platt_calibration,OOF_EVAL,BMIxAGE_Normal_60+,0.7535787321063394,0.39919832192550336,0.07639517430334997,0.017526913567672713,0.13286092213274858,0.13286092213274858,0.29031021505169974,0.7096897849483003,,,EVALUATED_SEPARATELY
324,34,290,0.10493827160493827,0.7058823529411765,0.8241379310344827,0.29411764705882354,0.32,0.9598393574297188,24,10,239,51,xgboost,bmi_platt_calibration,OOF_EVAL,BMIxAGE_Obese_18-39,0.8503042596348884,0.5547361995593573,0.07064681612384438,0.032359118757785424,0.13286092213274858,0.13286092213274858,0.5383109020528557,0.8316536932957758,,,EVALUATED_SEPARATELY
377,58,319,0.15384615384615385,0.7758620689655172,0.5611285266457681,0.22413793103448276,0.24324324324324326,0.9322916666666666,45,13,179,140,xgboost,bmi_platt_calibration,OOF_EVAL,BMIxAGE_Obese_40-59,0.7608366663063453,0.4176673850579505,0.11214458185017226,0.032860808909994356,0.13286092213274858,0.13286092213274858,0.653388823610813,0.8640633938859026,,,EVALUATED_SEPARATELY
326,70,256,0.2147239263803681,0.7571428571428571,0.35546875,0.24285714285714285,0.24311926605504589,0.8425925925925926,53,17,91,165,xgboost,bmi_platt_calibration,OOF_EVAL,BMIxAGE_Obese_60+,0.6270647321428571,0.33432030056165424,0.16353937309132474,0.03338275139612778,0.13286092213274858,0.13286092213274858,0.6450496077036256,0.8424813887710942,,,EVALUATED_SEPARATELY
2503,230,2273,0.09188973232121454,0.5956521739130435,0.8125824901011879,0.4043478260869565,0.2433392539964476,0.952061855670103,137,93,1847,426,xgboost,bmi_age_thresholding,OOF_EVAL,OVERALL,0.8216836588305055,0.3648808853641751,0.1535271622942046,0.24855087816979624,0.4108,0.7023769,0.5311596756882335,0.6570019968479377,,,UNCHANGED_THRESHOLD_ONLY
613,23,590,0.037520391517128875,0.5217391304347826,0.911864406779661,0.4782608695652174,0.1875,0.9799635701275046,12,11,538,52,xgboost,bmi_age_thresholding,OOF_EVAL,BMI_Normal,0.8156963890935888,0.3300108118046194,0.06609886713763398,0.15246584779771616,0.4108,0.42411345,0.32962737336427406,0.7076284258335335,,,UNCHANGED_THRESHOLD_ONLY
1027,162,865,0.15774099318403115,0.5925925925925926,0.7572254335260116,0.4074074074074074,0.3137254901960784,0.9084604715672677,96,66,655,210,xgboost,bmi_age_thresholding,OOF_EVAL,BMI_Obese,0.7565831727681438,0.4026517274945246,0.24382800458245962,0.331864237865628,0.5496369,0.7023769,0.5156355909220356,0.6652600681811303,,,UNCHANGED_THRESHOLD_ONLY
49,4,45,0.08163265306122448,0.5,0.8666666666666667,0.5,0.25,0.9512195121951219,2,2,39,6,xgboost,bmi_age_thresholding,OOF_EVAL,BMI_Underweight,0.9111111111111111,0.6515151515151515,0.07417593538528196,0.1656851257755102,0.4108,0.4108,0.15003898915214947,0.8499610108478506,,,UNCHANGED_THRESHOLD_ONLY
814,41,773,0.05036855036855037,0.6585365853658537,0.795601552393273,0.34146341463414637,0.14594594594594595,0.9777424483306836,27,14,615,158,xgboost,bmi_age_thresholding,OOF_EVAL,BMI_Overweight,0.7891963525068627,0.251814671997591,0.11021363651960643,0.22312959563636367,0.4108,0.4108,0.5054983651982969,0.7844119174261515,,,UNCHANGED_THRESHOLD_ONLY
834,38,796,0.045563549160671464,0.6052631578947368,0.9246231155778895,0.39473684210526316,0.27710843373493976,0.9800266311584553,23,15,736,60,xgboost,bmi_age_thresholding,OOF_EVAL,AGE_18-39,0.8903067971436128,0.49955077554809646,0.07517970833845122,0.1627755261942446,0.4108,0.5496369,0.4471786799604255,0.744019242518399,,,UNCHANGED_THRESHOLD_ONLY
843,80,763,0.09489916963226572,0.575,0.8519003931847968,0.425,0.2893081761006289,0.9502923976608187,46,34,650,113,xgboost,bmi_age_thresholding,OOF_EVAL,AGE_40-59,0.8118610747051115,0.3771226699175179,0.15864501220797383,0.255137304559905,0.4108,0.7023769,0.4656928984656886,0.6774343821039822,,,UNCHANGED_THRESHOLD_ONLY
826,112,714,0.13559322033898305,0.6071428571428571,0.6456582633053222,0.39285714285714285,0.2118380062305296,0.9128712871287129,68,44,461,253,xgboost,bmi_age_thresholding,OOF_EVAL,AGE_60+,0.730404661864746,0.31818205873521854,0.2274102483980676,0.3292753523353511,0.4108,0.6532284,0.5145826545183048,0.6925970568244928,,,UNCHANGED_THRESHOLD_ONLY
255,2,253,0.00784313725490196,0.0,0.9881422924901185,1.0,0.0,0.9920634920634921,0,2,250,3,xgboost,bmi_age_thresholding,OOF_EVAL,BMIxAGE_Normal_18-39,0.43873517786561267,0.013119755911517924,0.019515011455869844,0.08050657236862746,0.4108,0.4108,0.0,0.6576197724933469,,,UNCHANGED_THRESHOLD_ONLY
177,3,174,0.01694915254237288,0.3333333333333333,0.9367816091954023,0.6666666666666666,0.08333333333333333,0.9878787878787879,1,2,163,11,xgboost,bmi_age_thresholding,OOF_EVAL,BMIxAGE_Normal_40-59,0.6973180076628354,0.18703504181417063,0.055568915165687356,0.16504159797175144,0.4108,0.4108,0.06149194472039621,0.7923403991979522,,,UNCHANGED_THRESHOLD_ONLY
181,18,163,0.09944751381215469,0.6111111111111112,0.7668711656441718,0.3888888888888889,0.22448979591836735,0.946969696969697,11,7,125,38,xgboost,bmi_age_thresholding,OOF_EVAL,BMIxAGE_Normal_60+,0.7535787321063394,0.39919832192550336,0.14202530193257543,0.24154710444751376,0.42411345,0.42411345,0.3861904160223791,0.7969475342783638,,,UNCHANGED_THRESHOLD_ONLY
324,34,290,0.10493827160493827,0.6764705882352942,0.8344827586206897,0.3235294117647059,0.323943661971831,0.9565217391304348,23,11,242,48,xgboost,bmi_age_thresholding,OOF_EVAL,BMIxAGE_Obese_18-39,0.8503042596348884,0.5547361995593573,0.15083043141275126,0.25324512521913584,0.5496369,0.5496369,0.508428945939082,0.808683564359745,,,UNCHANGED_THRESHOLD_ONLY
377,58,319,0.15384615384615385,0.5517241379310345,0.8087774294670846,0.4482758620689655,0.34408602150537637,0.9084507042253521,32,26,258,61,xgboost,bmi_age_thresholding,OOF_EVAL,BMIxAGE_Obese_40-59,0.7608366663063453,0.4176673850579505,0.2521403293520038,0.34849330649071614,0.7023769,0.7023769,0.42452083125844636,0.6725014595221879,,,UNCHANGED_THRESHOLD_ONLY
326,70,256,0.2147239263803681,0.5857142857142857,0.60546875,0.4142857142857143,0.2887323943661972,0.842391304347826,41,29,155,101,xgboost,bmi_age_thresholding,OOF_EVAL,BMIxAGE_Obese_60+,0.6270647321428571,0.33432030056165424,0.32664232135812626,0.3928997077607362,0.6532284,0.6532284,0.46881211784560456,0.6936982143126353,,,UNCHANGED_THRESHOLD_ONLY
2503,230,2273,0.09188973232121454,0.7,0.7483501979762428,0.3,0.21964529331514324,0.9610169491525423,161,69,1701,572,xgboost,combined_bmi_platt_thresholding,OOF_EVAL,OVERALL,0.74342852770711,0.23302632273458357,0.09217860459201482,0.07650650220797103,0.051960189482622245,0.4108,0.6378876533445714,0.7555412983219683,,,EVALUATED_SEPARATELY
613,23,590,0.037520391517128875,0.6956521739130435,0.7949152542372881,0.30434782608695654,0.11678832116788321,0.9852941176470589,16,7,469,121,xgboost,combined_bmi_platt_thresholding,OOF_EVAL,BMI_Normal,0.8156963890935888,0.3300108118046194,0.030819926465843833,0.008336074958579808,0.051960189482622245,0.051960189482622245,0.49134243731240795,0.8439597554678597,,,EVALUATED_SEPARATELY
1027,162,865,0.15774099318403115,0.7160493827160493,0.6682080924855491,0.2839506172839506,0.2878411910669975,0.9262820512820513,116,46,578,287,xgboost,combined_bmi_platt_thresholding,OOF_EVAL,BMI_Obese,0.7565831727681438,0.4026517274945246,0.11536700234606855,0.015053064968617373,0.16024635850838548,0.16024635850838548,0.6422358010843053,0.7798540701564148,,,EVALUATED_SEPARATELY
49,4,45,0.08163265306122448,0.5,0.8666666666666667,0.5,0.25,0.9512195121951219,2,2,39,6,xgboost,combined_bmi_platt_thresholding,OOF_EVAL,BMI_Underweight,0.9111111111111111,0.6515151515151515,0.07417593538528196,0.1656851257755102,0.4108,0.4108,0.15003898915214947,0.8499610108478506,,,EVALUATED_SEPARATELY
814,41,773,0.05036855036855037,0.6585365853658537,0.795601552393273,0.34146341463414637,0.14594594594594595,0.9777424483306836,27,14,615,158,xgboost,combined_bmi_platt_thresholding,OOF_EVAL,BMI_Overweight,0.7891963525068627,0.251814671997591,0.11021363651960643,0.22312959563636367,0.4108,0.4108,0.5054983651982969,0.7844119174261515,,,EVALUATED_SEPARATELY
834,38,796,0.045563549160671464,0.5789473684210527,0.9296482412060302,0.42105263157894735,0.28205128205128205,0.9788359788359788,22,16,740,56,xgboost,combined_bmi_platt_thresholding,OOF_EVAL,AGE_18-39,0.824914043903729,0.28572910307447663,0.04055827063444195,0.041624760159189596,0.051960189482622245,0.4108,0.42192345343670545,0.7214749884224129,,,EVALUATED_SEPARATELY
843,80,763,0.09489916963226572,0.725,0.7614678899082569,0.275,0.24166666666666667,0.9635157545605307,58,22,581,182,xgboost,combined_bmi_platt_thresholding,OOF_EVAL,AGE_40-59,0.7651212319790301,0.2883414384496895,0.08790889518831768,0.07326116922770037,0.051960189482622245,0.4108,0.6185594135898548,0.810822428119158,,,EVALUATED_SEPARATELY
826,112,714,0.13559322033898305,0.7232142857142857,0.5322128851540616,0.2767857142857143,0.19518072289156627,0.9245742092457421,81,31,380,334,xgboost,combined_bmi_platt_thresholding,OOF_EVAL,AGE_60+,0.5943752501000399,0.21221940184696872,0.14865647813672725,0.1317418500497314,0.051960189482622245,0.4108,0.6340021985730062,0.7976222000578224,,,EVALUATED_SEPARATELY
255,2,253,0.00784313725490196,0.0,0.9723320158102767,1.0,0.0,0.9919354838709677,0,2,246,7,xgboost,combined_bmi_platt_thresholding,OOF_EVAL,BMIxAGE_Normal_18-39,0.43873517786561267,0.013119755911517924,0.008162902861603533,0.0026899629980968297,0.051960189482622245,0.051960189482622245,0.0,0.6576197724933469,,,EVALUATED_SEPARATELY
177,3,174,0.01694915254237288,0.3333333333333333,0.8390804597701149,0.6666666666666666,0.034482758620689655,0.9864864864864865,1,2,146,28,xgboost,combined_bmi_platt_thresholding,OOF_EVAL,BMIxAGE_Normal_40-59,0.6973180076628354,0.18703504181417063,0.016856204208740254,0.017508593162609568,0.051960189482622245,0.051960189482622245,0.06149194472039621,0.7923403991979522,,,EVALUATED_SEPARATELY
181,18,163,0.09944751381215469,0.8333333333333334,0.4723926380368098,0.16666666666666666,0.1485148514851485,0.9625,15,3,77,86,xgboost,combined_bmi_platt_thresholding,OOF_EVAL,BMIxAGE_Normal_60+,0.7535787321063394,0.39919832192550336,0.07639517430334997,0.017526913567672713,0.051960189482622245,0.051960189482622245,0.6077796189608428,0.9416342319413856,,,EVALUATED_SEPARATELY
324,34,290,0.10493827160493827,0.6470588235294118,0.8620689655172413,0.35294117647058826,0.3548387096774194,0.9541984732824428,22,12,250,40,xgboost,combined_bmi_platt_thresholding,OOF_EVAL,BMIxAGE_Obese_18-39,0.8503042596348884,0.5547361995593573,0.07064681612384438,0.032359118757785424,0.16024635850838548,0.16024635850838548,0.47913963119781733,0.785120794051205,,,EVALUATED_SEPARATELY
377,58,319,0.15384615384615385,0.7586206896551724,0.64576802507837,0.2413793103448276,0.2802547770700637,0.9363636363636364,44,14,206,113,xgboost,combined_bmi_platt_thresholding,OOF_EVAL,BMIxAGE_Obese_40-59,0.7608366663063453,0.4176673850579505,0.11214458185017226,0.032860808909994356,0.16024635850838548,0.16024635850838548,0.6347001974698658,0.8504112564333051,,,EVALUATED_SEPARATELY
326,70,256,0.2147239263803681,0.7142857142857143,0.4765625,0.2857142857142857,0.2717391304347826,0.8591549295774648,50,20,122,134,xgboost,combined_bmi_platt_thresholding,OOF_EVAL,BMIxAGE_Obese_60+,0.6270647321428571,0.33432030056165424,0.16353937309132474,0.03338275139612778,0.16024635850838548,0.16024635850838548,0.5994980341827975,0.8067777962128025,,,EVALUATED_SEPARATELY
2503,230,2273,0.09188973232121454,0.717391304347826,0.7615486141663,0.2826086956521739,0.2333804809052334,0.9638084632516704,165,65,1731,542,lightgbm,original_frozen,OOF_EVAL,OVERALL,0.8185915950955452,0.37034913181997037,0.15580092082373131,0.2538759605769696,0.4988,0.4988,0.6559987520810043,0.7716414127739301,,,UNCHANGED_THRESHOLD_ONLY
613,23,590,0.037520391517128875,0.43478260869565216,0.9474576271186441,0.5652173913043478,0.24390243902439024,0.9772727272727273,10,13,559,31,lightgbm,original_frozen,OOF_EVAL,BMI_Normal,0.8131908621960207,0.316904081006932,0.06998410163080353,0.1602734549210954,0.4988,0.4988,0.25634635325674215,0.6318862491498354,,,UNCHANGED_THRESHOLD_ONLY
1027,162,865,0.15774099318403115,0.8209876543209876,0.5236994219653179,0.17901234567901234,0.24403669724770644,0.9398340248962656,133,29,453,412,lightgbm,original_frozen,OOF_EVAL,BMI_Obese,0.7504210376079354,0.4030469155117211,0.24426549655537055,0.3334448184607147,0.4988,0.4988,0.7547346079921342,0.8723703435655072,,,UNCHANGED_THRESHOLD_ONLY
49,4,45,0.08163265306122448,0.5,0.9111111111111111,0.5,0.3333333333333333,0.9534883720930233,2,2,41,4,lightgbm,original_frozen,OOF_EVAL,BMI_Underweight,0.8888888888888888,0.6291208791208791,0.07601118383382402,0.179008873855813,0.4988,0.4988,0.15003898915214947,0.8499610108478506,,,UNCHANGED_THRESHOLD_ONLY
814,41,773,0.05036855036855037,0.4878048780487805,0.8771021992238034,0.5121951219512195,0.17391304347826086,0.9699570815450643,20,21,678,95,lightgbm,original_frozen,OOF_EVAL,BMI_Overweight,0.7950967090524721,0.2659501669376626,0.11361699944950124,0.2321921357800943,0.4988,0.4988,0.34254429554432664,0.6351549134845619,,,UNCHANGED_THRESHOLD_ONLY
834,38,796,0.045563549160671464,0.7105263157894737,0.8932160804020101,0.2894736842105263,0.24107142857142858,0.9847645429362881,27,11,711,85,lightgbm,original_frozen,OOF_EVAL,AGE_18-39,0.8893976461253637,0.47134040916740555,0.08119932907111299,0.17126197774528915,0.4988,0.4988,0.5524286232424794,0.8299672217151693,,,UNCHANGED_THRESHOLD_ONLY
843,80,763,0.09489916963226572,0.725,0.7575360419397117,0.275,0.23868312757201646,0.9633333333333334,58,22,578,185,lightgbm,original_frozen,OOF_EVAL,AGE_40-59,0.8033666448230669,0.3605808781097912,0.16015417969503096,0.25750598035707717,0.4988,0.4988,0.6185594135898548,0.810822428119158,,,UNCHANGED_THRESHOLD_ONLY
826,112,714,0.13559322033898305,0.7142857142857143,0.6190476190476191,0.2857142857142857,0.22727272727272727,0.9324894514767933,80,32,442,272,lightgbm,original_frozen,OOF_EVAL,AGE_60+,0.732874399759904,0.3441231794957754,0.22668219236510917,0.33358534920528793,0.4988,0.4988,0.6246078206764127,0.7897516020091828,,,UNCHANGED_THRESHOLD_ONLY
255,2,253,0.00784313725490196,0.0,0.9881422924901185,1.0,0.0,0.9920634920634921,0,2,250,3,lightgbm,original_frozen,OOF_EVAL,BMIxAGE_Normal_18-39,0.4486166007905138,0.013800774491225179,0.02024282304156076,0.080368043076539,0.4988,0.4988,0.0,0.6576197724933469,,,UNCHANGED_THRESHOLD_ONLY
177,3,174,0.01694915254237288,0.3333333333333333,0.9597701149425287,0.6666666666666666,0.125,0.9881656804733728,1,2,167,7,lightgbm,original_frozen,OOF_EVAL,BMIxAGE_Normal_40-59,0.6685823754789272,0.13017429193899782,0.06011618038220293,0.17294343373568996,0.4988,0.4988,0.06149194472039621,0.7923403991979522,,,UNCHANGED_THRESHOLD_ONLY
181,18,163,0.09944751381215469,0.5,0.8711656441717791,0.5,0.3,0.9403973509933775,9,9,142,21,lightgbm,original_frozen,OOF_EVAL,BMIxAGE_Normal_60+,0.7460804362644854,0.40303737300986847,0.14971143920682126,0.2604573984027455,0.4988,0.4988,0.29031021505169974,0.7096897849483003,,,UNCHANGED_THRESHOLD_ONLY
324,34,290,0.10493827160493827,0.7941176470588235,0.7344827586206897,0.20588235294117646,0.25961538461538464,0.9681818181818181,27,7,213,77,lightgbm,original_frozen,OOF_EVAL,BMIxAGE_Obese_18-39,0.8466024340770791,0.5235829887020446,0.16341000427426244,0.27045819696785023,0.4988,0.4988,0.632016119488364,0.8965047310096808,,,UNCHANGED_THRESHOLD_ONLY
377,58,319,0.15384615384615385,0.8103448275862069,0.5235109717868338,0.1896551724137931,0.23618090452261306,0.9382022471910112,47,11,167,152,lightgbm,original_frozen,OOF_EVAL,BMIxAGE_Obese_40-59,0.7507836990595611,0.4007004383903875,0.24880314972606157,0.3434291616858566,0.4988,0.4988,0.6914762612950077,0.8906574833887974,,,UNCHANGED_THRESHOLD_ONLY
326,70,256,0.2147239263803681,0.8428571428571429,0.28515625,0.15714285714285714,0.24380165289256198,0.8690476190476191,59,11,73,183,lightgbm,original_frozen,OOF_EVAL,BMIxAGE_Obese_60+,0.6277901785714285,0.3494135795996536,0.3193774114441084,0.38449870793252344,0.4988,0.4988,0.7401175342315778,0.909923794401382,,,UNCHANGED_THRESHOLD_ONLY
2503,230,2273,0.09188973232121454,0.6304347826086957,0.7575890893092829,0.3695652173913043,0.20833333333333334,0.9529607083563918,145,85,1722,551,lightgbm,bmi_thresholding,OOF_EVAL,OVERALL,0.8185915950955452,0.37034913181997037,0.15580092082373131,0.2538759605769696,0.2362775489361672,0.6080450829519338,0.5663888219083415,0.6901952770046191,,,UNCHANGED_THRESHOLD_ONLY
613,23,590,0.037520391517128875,0.7391304347826086,0.6898305084745763,0.2608695652173913,0.085,0.9854721549636803,17,6,407,183,lightgbm,bmi_thresholding,OOF_EVAL,BMI_Normal,0.8131908621960207,0.316904081006932,0.06998410163080353,0.1602734549210954,0.2362775489361672,0.2362775489361672,0.5352999516257462,0.8745138395501366,,,UNCHANGED_THRESHOLD_ONLY
1027,162,865,0.15774099318403115,0.654320987654321,0.6890173410404624,0.345679012345679,0.2826666666666667,0.9141104294478528,106,56,596,269,lightgbm,bmi_thresholding,OOF_EVAL,BMI_Obese,0.7504210376079354,0.4030469155117211,0.24426549655537055,0.3334448184607147,0.6080450829519338,0.6080450829519338,0.5782756890091956,0.7232170761627474,,,UNCHANGED_THRESHOLD_ONLY
49,4,45,0.08163265306122448,0.5,0.9111111111111111,0.5,0.3333333333333333,0.9534883720930233,2,2,41,4,lightgbm,bmi_thresholding,OOF_EVAL,BMI_Underweight,0.8888888888888888,0.6291208791208791,0.07601118383382402,0.179008873855813,0.4988,0.4988,0.15003898915214947,0.8499610108478506,,,UNCHANGED_THRESHOLD_ONLY
814,41,773,0.05036855036855037,0.4878048780487805,0.8771021992238034,0.5121951219512195,0.17391304347826086,0.9699570815450643,20,21,678,95,lightgbm,bmi_thresholding,OOF_EVAL,BMI_Overweight,0.7950967090524721,0.2659501669376626,0.11361699944950124,0.2321921357800943,0.4988,0.4988,0.34254429554432664,0.6351549134845619,,,UNCHANGED_THRESHOLD_ONLY
834,38,796,0.045563549160671464,0.5789473684210527,0.9271356783919598,0.42105263157894735,0.275,0.9787798408488063,22,16,738,58,lightgbm,bmi_thresholding,OOF_EVAL,AGE_18-39,0.8893976461253637,0.47134040916740555,0.08119932907111299,0.17126197774528915,0.2362775489361672,0.6080450829519338,0.42192345343670545,0.7214749884224129,,,UNCHANGED_THRESHOLD_ONLY
843,80,763,0.09489916963226572,0.65,0.7680209698558322,0.35,0.22707423580786026,0.9543973941368078,52,28,586,177,lightgbm,bmi_thresholding,OOF_EVAL,AGE_40-59,0.8033666448230669,0.3605808781097912,0.16015417969503096,0.25750598035707717,0.2362775489361672,0.6080450829519338,0.5408000664880767,0.7454544946512652,,,UNCHANGED_THRESHOLD_ONLY
826,112,714,0.13559322033898305,0.6339285714285714,0.5574229691876751,0.36607142857142855,0.1834625322997416,0.9066059225512528,71,41,398,316,lightgbm,bmi_thresholding,OOF_EVAL,AGE_60+,0.732874399759904,0.3441231794957754,0.22668219236510917,0.33358534920528793,0.2362775489361672,0.6080450829519338,0.5416508182333701,0.7173238209451269,,,UNCHANGED_THRESHOLD_ONLY
255,2,253,0.00784313725490196,0.0,0.9525691699604744,1.0,0.0,0.9917695473251029,0,2,241,12,lightgbm,bmi_thresholding,OOF_EVAL,BMIxAGE_Normal_18-39,0.4486166007905138,0.013800774491225179,0.02024282304156076,0.080368043076539,0.2362775489361672,0.2362775489361672,0.0,0.6576197724933469,,,UNCHANGED_THRESHOLD_ONLY
177,3,174,0.01694915254237288,0.3333333333333333,0.735632183908046,0.6666666666666666,0.02127659574468085,0.9846153846153847,1,2,128,46,lightgbm,bmi_thresholding,OOF_EVAL,BMIxAGE_Normal_40-59,0.6685823754789272,0.13017429193899782,0.06011618038220293,0.17294343373568996,0.2362775489361672,0.2362775489361672,0.06149194472039621,0.7923403991979522,,,UNCHANGED_THRESHOLD_ONLY
181,18,163,0.09944751381215469,0.8888888888888888,0.2331288343558282,0.1111111111111111,0.11347517730496454,0.95,16,2,38,125,lightgbm,bmi_thresholding,OOF_EVAL,BMIxAGE_Normal_60+,0.7460804362644854,0.40303737300986847,0.14971143920682126,0.2604573984027455,0.2362775489361672,0.2362775489361672,0.672002348698212,0.9689804773543876,,,UNCHANGED_THRESHOLD_ONLY
324,34,290,0.10493827160493827,0.6470588235294118,0.8586206896551725,0.35294117647058826,0.3492063492063492,0.9540229885057471,22,12,249,41,lightgbm,bmi_thresholding,OOF_EVAL,BMIxAGE_Obese_18-39,0.8466024340770791,0.5235829887020446,0.16341000427426244,0.27045819696785023,0.6080450829519338,0.6080450829519338,0.47913963119781733,0.785120794051205,,,UNCHANGED_THRESHOLD_ONLY
377,58,319,0.15384615384615385,0.7068965517241379,0.670846394984326,0.29310344827586204,0.2808219178082192,0.9264069264069265,41,17,214,105,lightgbm,bmi_thresholding,OOF_EVAL,BMIxAGE_Obese_40-59,0.7507836990595611,0.4007004383903875,0.24880314972606157,0.3434291616858566,0.6080450829519338,0.6080450829519338,0.5798709910321587,0.808218172090378,,,UNCHANGED_THRESHOLD_ONLY
326,70,256,0.2147239263803681,0.6142857142857143,0.51953125,0.38571428571428573,0.25903614457831325,0.83125,43,27,133,123,lightgbm,bmi_thresholding,OOF_EVAL,BMIxAGE_Obese_60+,0.6277901785714285,0.3494135795996536,0.3193774114441084,0.38449870793252344,0.6080450829519338,0.6080450829519338,0.4971573558930424,0.7195230869846111,,,UNCHANGED_THRESHOLD_ONLY
2503,230,2273,0.09188973232121454,0.7478260869565218,0.5992080950285966,0.25217391304347825,0.15881809787626963,0.9591549295774648,172,58,1362,911,lightgbm,bmi_platt_calibration,OOF_EVAL,OVERALL,0.7339744448057537,0.23201573774245454,0.09336174118856247,0.07929734294438527,0.14540573454856995,0.14540573454856995,0.6879469017707861,0.7995628861638392,,,EVALUATED_SEPARATELY
613,23,590,0.037520391517128875,0.391304347826087,0.9593220338983051,0.6086956521739131,0.2727272727272727,0.9758620689655172,9,14,566,24,lightgbm,bmi_platt_calibration,OOF_EVAL,BMI_Normal,0.8131908621960207,0.316904081006932,0.030650698057832722,0.010931210731741008,0.14540573454856995,0.14540573454856995,0.22157622792477952,0.592144776086183,,,EVALUATED_SEPARATELY
1027,162,865,0.15774099318403115,0.7407407407407407,0.6,0.25925925925925924,0.2575107296137339,0.9251336898395722,120,42,519,346,lightgbm,bmi_platt_calibration,OOF_EVAL,BMI_Obese,0.7504210376079354,0.4030469155117211,0.11556647977192697,0.02109120451757486,0.14540573454856995,0.14540573454856995,0.6682353386442115,0.8020933750240196,,,EVALUATED_SEPARATELY
49,4,45,0.08163265306122448,1.0,0.6222222222222222,0.0,0.19047619047619047,1.0,4,0,28,17,lightgbm,bmi_platt_calibration,OOF_EVAL,BMI_Underweight,0.8888888888888888,0.6291208791208791,0.07601118383382402,0.179008873855813,0.14540573454856995,0.14540573454856995,0.5101091635454027,1.0,,,EVALUATED_SEPARATELY
814,41,773,0.05036855036855037,0.9512195121951219,0.3221216041397154,0.04878048780487805,0.06927175843694494,0.9920318725099602,39,2,249,524,lightgbm,bmi_platt_calibration,OOF_EVAL,BMI_Overweight,0.7950967090524721,0.2659501669376626,0.11361699944950124,0.2321921357800943,0.14540573454856995,0.14540573454856995,0.8386102112962914,0.9865190546348308,,,EVALUATED_SEPARATELY
834,38,796,0.045563549160671464,0.6842105263157895,0.8304020100502513,0.3157894736842105,0.16149068322981366,0.9821693907875185,26,12,661,135,lightgbm,bmi_platt_calibration,OOF_EVAL,AGE_18-39,0.8275092568103676,0.2870135898393269,0.041731982711212735,0.045176995975059954,0.14540573454856995,0.14540573454856995,0.5254424010939046,0.8091539632440382,,,EVALUATED_SEPARATELY
843,80,763,0.09489916963226572,0.75,0.5871559633027523,0.25,0.16,0.9572649572649573,60,20,448,315,lightgbm,bmi_platt_calibration,OOF_EVAL,AGE_40-59,0.7495167103538662,0.25940309886670915,0.0906326141379335,0.07483190188370213,0.14540573454856995,0.14540573454856995,0.6451532538076602,0.8319376814245761,,,EVALUATED_SEPARATELY
826,112,714,0.13559322033898305,0.7678571428571429,0.3543417366946779,0.23214285714285715,0.15722120658135283,0.9068100358422939,86,26,253,461,lightgbm,bmi_platt_calibration,OOF_EVAL,AGE_60+,0.5856905262104842,0.22922070535169836,0.14827684127789645,0.13092524469348477,0.14540573454856995,0.14540573454856995,0.6815795903603912,0.8363696879966034,,,EVALUATED_SEPARATELY
255,2,253,0.00784313725490196,0.0,0.9920948616600791,1.0,0.0,0.9920948616600791,0,2,251,2,lightgbm,bmi_platt_calibration,OOF_EVAL,BMIxAGE_Normal_18-39,0.4486166007905138,0.013800774491225179,0.00825611138496765,0.0038940422187960433,0.14540573454856995,0.14540573454856995,0.0,0.6576197724933469,,,EVALUATED_SEPARATELY
177,3,174,0.01694915254237288,0.3333333333333333,0.9712643678160919,0.6666666666666666,0.16666666666666666,0.9883040935672515,1,2,169,5,lightgbm,bmi_platt_calibration,OOF_EVAL,BMIxAGE_Normal_40-59,0.6685823754789272,0.13017429193899782,0.017245966520199628,0.023457204300980115,0.14540573454856995,0.14540573454856995,0.06149194472039621,0.7923403991979522,,,EVALUATED_SEPARATELY
181,18,163,0.09944751381215469,0.4444444444444444,0.8957055214723927,0.5555555555555556,0.32,0.9358974358974359,8,10,146,17,lightgbm,bmi_platt_calibration,OOF_EVAL,BMIxAGE_Normal_60+,0.7460804362644854,0.40303737300986847,0.07530957697353244,0.014292548834554726,0.14540573454856995,0.14540573454856995,0.24559518127005633,0.6628358435795723,,,EVALUATED_SEPARATELY
324,34,290,0.10493827160493827,0.7058823529411765,0.7931034482758621,0.29411764705882354,0.2857142857142857,0.9583333333333334,24,10,230,60,lightgbm,bmi_platt_calibration,OOF_EVAL,BMIxAGE_Obese_18-39,0.8466024340770791,0.5235829887020446,0.07125211726276376,0.03291070355145222,0.14540573454856995,0.14540573454856995,0.5383109020528557,0.8316536932957758,,,EVALUATED_SEPARATELY
377,58,319,0.15384615384615385,0.7241379310344828,0.5893416927899686,0.27586206896551724,0.24277456647398843,0.9215686274509803,42,16,188,131,lightgbm,bmi_platt_calibration,OOF_EVAL,BMIxAGE_Obese_40-59,0.7507836990595611,0.4007004383903875,0.11347516057206003,0.03177428095632402,0.14540573454856995,0.14540573454856995,0.5979534481052067,0.8224764786108747,,,EVALUATED_SEPARATELY
326,70,256,0.2147239263803681,0.7714285714285715,0.39453125,0.22857142857142856,0.2583732057416268,0.8632478632478633,54,16,101,155,lightgbm,bmi_platt_calibration,OOF_EVAL,BMIxAGE_Obese_60+,0.6277901785714285,0.3494135795996536,0.16202746379437702,0.031470507135876916,0.14540573454856995,0.14540573454856995,0.6604966840601509,0.8541193677742756,,,EVALUATED_SEPARATELY
2503,230,2273,0.09188973232121454,0.6347826086956522,0.7927848658161021,0.3652173913043478,0.2366288492706645,0.9554612937433722,146,84,1802,471,lightgbm,bmi_age_thresholding,OOF_EVAL,OVERALL,0.8185915950955452,0.37034913181997037,0.15580092082373131,0.2538759605769696,0.3657722983755053,0.6219471507183362,0.5708158983956766,0.6943210038143828,,,UNCHANGED_THRESHOLD_ONLY
613,23,590,0.037520391517128875,0.6521739130434783,0.8779661016949153,0.34782608695652173,0.1724137931034483,0.9847908745247148,15,8,518,72,lightgbm,bmi_age_thresholding,OOF_EVAL,BMI_Normal,0.8131908621960207,0.316904081006932,0.06998410163080353,0.1602734549210954,0.3657722983755053,0.4988,0.44890335377263,0.8118872406120227,,,UNCHANGED_THRESHOLD_ONLY
1027,162,865,0.15774099318403115,0.6728395061728395,0.653179190751445,0.3271604938271605,0.2665036674816626,0.9142394822006472,109,53,565,300,lightgbm,bmi_age_thresholding,OOF_EVAL,BMI_Obese,0.7504210376079354,0.4030469155117211,0.24426549655537055,0.3334448184607147,0.5107233668736658,0.6219471507183362,0.597317309296105,0.7403545876964712,,,UNCHANGED_THRESHOLD_ONLY
49,4,45,0.08163265306122448,0.5,0.9111111111111111,0.5,0.3333333333333333,0.9534883720930233,2,2,41,4,lightgbm,bmi_age_thresholding,OOF_EVAL,BMI_Underweight,0.8888888888888888,0.6291208791208791,0.07601118383382402,0.179008873855813,0.4988,0.4988,0.15003898915214947,0.8499610108478506,,,UNCHANGED_THRESHOLD_ONLY
814,41,773,0.05036855036855037,0.4878048780487805,0.8771021992238034,0.5121951219512195,0.17391304347826086,0.9699570815450643,20,21,678,95,lightgbm,bmi_age_thresholding,OOF_EVAL,BMI_Overweight,0.7950967090524721,0.2659501669376626,0.11361699944950124,0.2321921357800943,0.4988,0.4988,0.34254429554432664,0.6351549134845619,,,UNCHANGED_THRESHOLD_ONLY
834,38,796,0.045563549160671464,0.6842105263157895,0.8982412060301508,0.3157894736842105,0.24299065420560748,0.9834938101788171,26,12,715,81,lightgbm,bmi_age_thresholding,OOF_EVAL,AGE_18-39,0.8893976461253637,0.47134040916740555,0.08119932907111299,0.17126197774528915,0.4988,0.5107233668736658,0.5254424010939046,0.8091539632440382,,,UNCHANGED_THRESHOLD_ONLY
843,80,763,0.09489916963226572,0.65,0.8112712975098296,0.35,0.2653061224489796,0.9567233384853169,52,28,619,144,lightgbm,bmi_age_thresholding,OOF_EVAL,AGE_40-59,0.8033666448230669,0.3605808781097912,0.16015417969503096,0.25750598035707717,0.4988,0.5926676420891347,0.5408000664880767,0.7454544946512652,,,UNCHANGED_THRESHOLD_ONLY
826,112,714,0.13559322033898305,0.6071428571428571,0.6554621848739496,0.39285714285714285,0.21656050955414013,0.9140625,68,44,468,246,lightgbm,bmi_age_thresholding,OOF_EVAL,AGE_60+,0.732874399759904,0.3441231794957754,0.22668219236510917,0.33358534920528793,0.3657722983755053,0.6219471507183362,0.5145826545183048,0.6925970568244928,,,UNCHANGED_THRESHOLD_ONLY
255,2,253,0.00784313725490196,0.0,0.9881422924901185,1.0,0.0,0.9920634920634921,0,2,250,3,lightgbm,bmi_age_thresholding,OOF_EVAL,BMIxAGE_Normal_18-39,0.4486166007905138,0.013800774491225179,0.02024282304156076,0.080368043076539,0.4988,0.4988,0.0,0.6576197724933469,,,UNCHANGED_THRESHOLD_ONLY
177,3,174,0.01694915254237288,0.3333333333333333,0.9597701149425287,0.6666666666666666,0.125,0.9881656804733728,1,2,167,7,lightgbm,bmi_age_thresholding,OOF_EVAL,BMIxAGE_Normal_40-59,0.6685823754789272,0.13017429193899782,0.06011618038220293,0.17294343373568996,0.4988,0.4988,0.06149194472039621,0.7923403991979522,,,UNCHANGED_THRESHOLD_ONLY
181,18,163,0.09944751381215469,0.7777777777777778,0.6196319018404908,0.2222222222222222,0.18421052631578946,0.9619047619047619,14,4,101,62,lightgbm,bmi_age_thresholding,OOF_EVAL,BMIxAGE_Normal_60+,0.7460804362644854,0.40303737300986847,0.14971143920682126,0.2604573984027455,0.3657722983755053,0.3657722983755053,0.5478541568378739,0.9099907189139831,,,UNCHANGED_THRESHOLD_ONLY
324,34,290,0.10493827160493827,0.7647058823529411,0.7482758620689656,0.23529411764705882,0.26262626262626265,0.9644444444444444,26,8,217,73,lightgbm,bmi_age_thresholding,OOF_EVAL,BMIxAGE_Obese_18-39,0.8466024340770791,0.5235829887020446,0.16341000427426244,0.27045819696785023,0.5107233668736658,0.5107233668736658,0.6000386207746361,0.8756301446736042,,,UNCHANGED_THRESHOLD_ONLY
377,58,319,0.15384615384615385,0.7068965517241379,0.6520376175548589,0.29310344827586204,0.26973684210526316,0.9244444444444444,41,17,208,111,lightgbm,bmi_age_thresholding,OOF_EVAL,BMIxAGE_Obese_40-59,0.7507836990595611,0.4007004383903875,0.24880314972606157,0.3434291616858566,0.5926676420891347,0.5926676420891347,0.5798709910321587,0.808218172090378,,,UNCHANGED_THRESHOLD_ONLY
326,70,256,0.2147239263803681,0.6,0.546875,0.4,0.26582278481012656,0.8333333333333334,42,28,140,116,lightgbm,bmi_age_thresholding,OOF_EVAL,BMIxAGE_Obese_60+,0.6277901785714285,0.3494135795996536,0.3193774114441084,0.38449870793252344,0.6219471507183362,0.6219471507183362,0.48293796477356277,0.7066574227443838,,,UNCHANGED_THRESHOLD_ONLY
2503,230,2273,0.09188973232121454,0.6304347826086957,0.7575890893092829,0.3695652173913043,0.20833333333333334,0.9529607083563918,145,85,1722,551,lightgbm,combined_bmi_platt_thresholding,OOF_EVAL,OVERALL,0.7339744448057537,0.23201573774245454,0.09336174118856247,0.07929734294438527,0.037598242307996355,0.4988,0.5663888219083415,0.6901952770046191,,,EVALUATED_SEPARATELY
613,23,590,0.037520391517128875,0.7391304347826086,0.6898305084745763,0.2608695652173913,0.085,0.9854721549636803,17,6,407,183,lightgbm,combined_bmi_platt_thresholding,OOF_EVAL,BMI_Normal,0.8131908621960207,0.316904081006932,0.030650698057832722,0.010931210731741008,0.037598242307996355,0.037598242307996355,0.5352999516257462,0.8745138395501366,,,EVALUATED_SEPARATELY
1027,162,865,0.15774099318403115,0.654320987654321,0.6890173410404624,0.345679012345679,0.2826666666666667,0.9141104294478528,106,56,596,269,lightgbm,combined_bmi_platt_thresholding,OOF_EVAL,BMI_Obese,0.7504210376079354,0.4030469155117211,0.11556647977192697,0.02109120451757486,0.17523882776710964,0.17523882776710964,0.5782756890091956,0.7232170761627474,,,EVALUATED_SEPARATELY
49,4,45,0.08163265306122448,0.5,0.9111111111111111,0.5,0.3333333333333333,0.9534883720930233,2,2,41,4,lightgbm,combined_bmi_platt_thresholding,OOF_EVAL,BMI_Underweight,0.8888888888888888,0.6291208791208791,0.07601118383382402,0.179008873855813,0.4988,0.4988,0.15003898915214947,0.8499610108478506,,,EVALUATED_SEPARATELY
814,41,773,0.05036855036855037,0.4878048780487805,0.8771021992238034,0.5121951219512195,0.17391304347826086,0.9699570815450643,20,21,678,95,lightgbm,combined_bmi_platt_thresholding,OOF_EVAL,BMI_Overweight,0.7950967090524721,0.2659501669376626,0.11361699944950124,0.2321921357800943,0.4988,0.4988,0.34254429554432664,0.6351549134845619,,,EVALUATED_SEPARATELY
834,38,796,0.045563549160671464,0.5789473684210527,0.9271356783919598,0.42105263157894735,0.275,0.9787798408488063,22,16,738,58,lightgbm,combined_bmi_platt_thresholding,OOF_EVAL,AGE_18-39,0.8275092568103676,0.2870135898393269,0.041731982711212735,0.045176995975059954,0.037598242307996355,0.4988,0.42192345343670545,0.7214749884224129,,,EVALUATED_SEPARATELY
843,80,763,0.09489916963226572,0.65,0.7680209698558322,0.35,0.22707423580786026,0.9543973941368078,52,28,586,177,lightgbm,combined_bmi_platt_thresholding,OOF_EVAL,AGE_40-59,0.7495167103538662,0.25940309886670915,0.0906326141379335,0.07483190188370213,0.037598242307996355,0.4988,0.5408000664880767,0.7454544946512652,,,EVALUATED_SEPARATELY
826,112,714,0.13559322033898305,0.6339285714285714,0.5574229691876751,0.36607142857142855,0.1834625322997416,0.9066059225512528,71,41,398,316,lightgbm,combined_bmi_platt_thresholding,OOF_EVAL,AGE_60+,0.5856905262104842,0.22922070535169836,0.14827684127789645,0.13092524469348477,0.037598242307996355,0.4988,0.5416508182333701,0.7173238209451269,,,EVALUATED_SEPARATELY
255,2,253,0.00784313725490196,0.0,0.9525691699604744,1.0,0.0,0.9917695473251029,0,2,241,12,lightgbm,combined_bmi_platt_thresholding,OOF_EVAL,BMIxAGE_Normal_18-39,0.4486166007905138,0.013800774491225179,0.00825611138496765,0.0038940422187960433,0.037598242307996355,0.037598242307996355,0.0,0.6576197724933469,,,EVALUATED_SEPARATELY
177,3,174,0.01694915254237288,0.3333333333333333,0.735632183908046,0.6666666666666666,0.02127659574468085,0.9846153846153847,1,2,128,46,lightgbm,combined_bmi_platt_thresholding,OOF_EVAL,BMIxAGE_Normal_40-59,0.6685823754789272,0.13017429193899782,0.017245966520199628,0.023457204300980115,0.037598242307996355,0.037598242307996355,0.06149194472039621,0.7923403991979522,,,EVALUATED_SEPARATELY
181,18,163,0.09944751381215469,0.8888888888888888,0.2331288343558282,0.1111111111111111,0.11347517730496454,0.95,16,2,38,125,lightgbm,combined_bmi_platt_thresholding,OOF_EVAL,BMIxAGE_Normal_60+,0.7460804362644854,0.40303737300986847,0.07530957697353244,0.014292548834554726,0.037598242307996355,0.037598242307996355,0.672002348698212,0.9689804773543876,,,EVALUATED_SEPARATELY
324,34,290,0.10493827160493827,0.6470588235294118,0.8586206896551725,0.35294117647058826,0.3492063492063492,0.9540229885057471,22,12,249,41,lightgbm,combined_bmi_platt_thresholding,OOF_EVAL,BMIxAGE_Obese_18-39,0.8466024340770791,0.5235829887020446,0.07125211726276376,0.03291070355145222,0.17523882776710964,0.17523882776710964,0.47913963119781733,0.785120794051205,,,EVALUATED_SEPARATELY
377,58,319,0.15384615384615385,0.7068965517241379,0.670846394984326,0.29310344827586204,0.2808219178082192,0.9264069264069265,41,17,214,105,lightgbm,combined_bmi_platt_thresholding,OOF_EVAL,BMIxAGE_Obese_40-59,0.7507836990595611,0.4007004383903875,0.11347516057206003,0.03177428095632402,0.17523882776710964,0.17523882776710964,0.5798709910321587,0.808218172090378,,,EVALUATED_SEPARATELY
326,70,256,0.2147239263803681,0.6142857142857143,0.51953125,0.38571428571428573,0.25903614457831325,0.83125,43,27,133,123,lightgbm,combined_bmi_platt_thresholding,OOF_EVAL,BMIxAGE_Obese_60+,0.6277901785714285,0.3494135795996536,0.16202746379437702,0.031470507135876916,0.17523882776710964,0.17523882776710964,0.4971573558930424,0.7195230869846111,,,EVALUATED_SEPARATELY
2503,230,2273,0.09188973232121454,0.6869565217391305,0.7897052353717554,0.3130434782608696,0.24842767295597484,0.9614354579539368,158,72,1795,478,mlp,original_frozen,OOF_EVAL,OVERALL,0.8216377512959315,0.37069654133684016,0.06994853573558059,0.01187513477737829,0.1065,0.1065,0.6243693283711902,0.7434012134040535,,,UNCHANGED_THRESHOLD_ONLY
613,23,590,0.037520391517128875,0.391304347826087,0.9661016949152542,0.6086956521739131,0.3103448275862069,0.976027397260274,9,14,570,20,mlp,original_frozen,OOF_EVAL,BMI_Normal,0.8255711127487104,0.30838293505373926,0.03110943254289144,0.00940222424958095,0.1065,0.1065,0.22157622792477952,0.592144776086183,,,UNCHANGED_THRESHOLD_ONLY
1027,162,865,0.15774099318403115,0.7901234567901234,0.584971098265896,0.20987654320987653,0.26283367556468173,0.937037037037037,128,34,506,359,mlp,original_frozen,OOF_EVAL,BMI_Obese,0.7657889102975809,0.41571538927592394,0.11407426276261057,0.0261821220823466,0.1065,0.1065,0.7210628613792565,0.8457435371439963,,,UNCHANGED_THRESHOLD_ONLY
49,4,45,0.08163265306122448,0.5,0.9333333333333333,0.5,0.4,0.9545454545454546,2,2,42,3,mlp,original_frozen,OOF_EVAL,BMI_Underweight,0.8666666666666667,0.3374542124542125,0.072431491271915,0.07914258787484921,0.1065,0.1065,0.15003898915214947,0.8499610108478506,,,UNCHANGED_THRESHOLD_ONLY
814,41,773,0.05036855036855037,0.4634146341463415,0.8758085381630013,0.5365853658536586,0.16521739130434782,0.9685264663805436,19,22,677,96,mlp,original_frozen,OOF_EVAL,BMI_Overweight,0.7760704256460418,0.24782053466607828,0.043375542835185334,0.010909516886391845,0.1065,0.1065,0.32056233976336046,0.6125352873233052,,,UNCHANGED_THRESHOLD_ONLY
834,38,796,0.045563549160671464,0.7105263157894737,0.9133165829145728,0.2894736842105263,0.28125,0.9850948509485095,27,11,727,69,mlp,original_frozen,OOF_EVAL,AGE_18-39,0.9231684739486908,0.5227427970902806,0.03050788701863721,0.01624229071768064,0.1065,0.1065,0.5524286232424794,0.8299672217151693,,,UNCHANGED_THRESHOLD_ONLY
843,80,763,0.09489916963226572,0.7,0.783748361730013,0.3,0.25339366515837103,0.9614147909967846,56,24,598,165,mlp,original_frozen,OOF_EVAL,AGE_40-59,0.7954128440366972,0.357606597683513,0.07367160358504896,0.02006077959444748,0.1065,0.1065,0.5923184607866026,0.7893542873991866,,,UNCHANGED_THRESHOLD_ONLY
826,112,714,0.13559322033898305,0.6696428571428571,0.6582633053221288,0.33035714285714285,0.23510971786833856,0.9270216962524654,75,37,470,244,mlp,original_frozen,OOF_EVAL,AGE_60+,0.733468387354942,0.3412781218323686,0.10597148347508292,0.024858819013154548,0.1065,0.1065,0.5781822928533298,0.7498522501060998,,,UNCHANGED_THRESHOLD_ONLY
255,2,253,0.00784313725490196,0.0,0.9920948616600791,1.0,0.0,0.9920948616600791,0,2,251,2,mlp,original_frozen,OOF_EVAL,BMIxAGE_Normal_18-39,0.8280632411067195,0.07469512195121951,0.007909766514947727,0.001828402491365665,0.1065,0.1065,0.0,0.6576197724933469,,,UNCHANGED_THRESHOLD_ONLY
177,3,174,0.01694915254237288,0.0,0.9827586206896551,1.0,0.0,0.9827586206896551,0,3,171,3,mlp,original_frozen,OOF_EVAL,BMIxAGE_Normal_40-59,0.5919540229885057,0.08209958825794603,0.01899380469675698,0.006835686228565473,0.1065,0.1065,5.551115123125783e-17,0.5614970317550454,,,UNCHANGED_THRESHOLD_ONLY
181,18,163,0.09944751381215469,0.5,0.9079754601226994,0.5,0.375,0.9426751592356688,9,9,148,15,mlp,original_frozen,OOF_EVAL,BMIxAGE_Normal_60+,0.7593728698023177,0.44935462413668514,0.07564192406715359,0.03796393622942416,0.1065,0.1065,0.29031021505169974,0.7096897849483003,,,UNCHANGED_THRESHOLD_ONLY
324,34,290,0.10493827160493827,0.7941176470588235,0.7793103448275862,0.20588235294117646,0.2967032967032967,0.9699570815450643,27,7,226,64,mlp,original_frozen,OOF_EVAL,BMIxAGE_Obese_18-39,0.8771805273833672,0.5828836806024852,0.06532999454142903,0.03583003962776112,0.1065,0.1065,0.632016119488364,0.8965047310096808,,,UNCHANGED_THRESHOLD_ONLY
377,58,319,0.15384615384615385,0.8275862068965517,0.5705329153605015,0.1724137931034483,0.2594594594594595,0.9479166666666666,48,10,182,137,mlp,original_frozen,OOF_EVAL,BMIxAGE_Obese_40-59,0.7632688358015349,0.4114844260546171,0.11237456726034298,0.03302489497671656,0.1065,0.1065,0.7109174349067378,0.903557073370612,,,UNCHANGED_THRESHOLD_ONLY
326,70,256,0.2147239263803681,0.7571428571428571,0.3828125,0.24285714285714285,0.25118483412322273,0.8521739130434782,53,17,98,158,mlp,original_frozen,OOF_EVAL,BMIxAGE_Obese_60+,0.644642857142857,0.36334781210299294,0.16448508517984278,0.06681370493686214,0.1065,0.1065,0.6450496077036256,0.8424813887710942,,,UNCHANGED_THRESHOLD_ONLY
2503,230,2273,0.09188973232121454,0.6695652173913044,0.7223933128024637,0.33043478260869563,0.1961783439490446,0.9557625145518044,154,76,1642,631,mlp,bmi_thresholding,OOF_EVAL,OVERALL,0.8216377512959315,0.37069654133684016,0.06994853573558059,0.01187513477737829,0.0171737814221675,0.1317040835740195,0.6064279319415129,0.7271313966453361,,,UNCHANGED_THRESHOLD_ONLY
613,23,590,0.037520391517128875,0.782608695652174,0.588135593220339,0.21739130434782608,0.06896551724137931,0.9857954545454546,18,5,347,243,mlp,bmi_thresholding,OOF_EVAL,BMI_Normal,0.8255711127487104,0.30838293505373926,0.03110943254289144,0.00940222424958095,0.0171737814221675,0.0171737814221675,0.5809651698373599,0.9033602197341379,,,UNCHANGED_THRESHOLD_ONLY
1027,162,865,0.15774099318403115,0.7098765432098766,0.6658959537572254,0.29012345679012347,0.28465346534653463,0.9245585874799358,115,47,576,289,mlp,bmi_thresholding,OOF_EVAL,BMI_Obese,0.7657889102975809,0.41571538927592394,0.11407426276261057,0.0261821220823466,0.1317040835740195,0.1317040835740195,0.6357750123990664,0.7742551482347761,,,UNCHANGED_THRESHOLD_ONLY
49,4,45,0.08163265306122448,0.5,0.9333333333333333,0.5,0.4,0.9545454545454546,2,2,42,3,mlp,bmi_thresholding,OOF_EVAL,BMI_Underweight,0.8666666666666667,0.3374542124542125,0.072431491271915,0.07914258787484921,0.1065,0.1065,0.15003898915214947,0.8499610108478506,,,UNCHANGED_THRESHOLD_ONLY
814,41,773,0.05036855036855037,0.4634146341463415,0.8758085381630013,0.5365853658536586,0.16521739130434782,0.9685264663805436,19,22,677,96,mlp,bmi_thresholding,OOF_EVAL,BMI_Overweight,0.7760704256460418,0.24782053466607828,0.043375542835185334,0.010909516886391845,0.1065,0.1065,0.32056233976336046,0.6125352873233052,,,UNCHANGED_THRESHOLD_ONLY
834,38,796,0.045563549160671464,0.6578947368421053,0.8894472361809045,0.34210526315789475,0.22123893805309736,0.9819694868238558,25,13,708,88,mlp,bmi_thresholding,OOF_EVAL,AGE_18-39,0.9231684739486908,0.5227427970902806,0.03050788701863721,0.01624229071768064,0.0171737814221675,0.1317040835740195,0.4989210355178308,0.7878758482004058,,,UNCHANGED_THRESHOLD_ONLY
843,80,763,0.09489916963226572,0.65,0.7221494102228048,0.35,0.19696969696969696,0.9516407599309153,52,28,551,212,mlp,bmi_thresholding,OOF_EVAL,AGE_40-59,0.7954128440366972,0.357606597683513,0.07367160358504896,0.02006077959444748,0.0171737814221675,0.1317040835740195,0.5408000664880767,0.7454544946512652,,,UNCHANGED_THRESHOLD_ONLY
826,112,714,0.13559322033898305,0.6875,0.5364145658263305,0.3125,0.18872549019607843,0.916267942583732,77,35,383,331,mlp,bmi_thresholding,OOF_EVAL,AGE_60+,0.733468387354942,0.3412781218323686,0.10597148347508292,0.024858819013154548,0.0171737814221675,0.1317040835740195,0.596646743019301,0.7659177518305951,,,UNCHANGED_THRESHOLD_ONLY
255,2,253,0.00784313725490196,0.5,0.8695652173913043,0.5,0.029411764705882353,0.995475113122172,1,1,220,33,mlp,bmi_thresholding,OOF_EVAL,BMIxAGE_Normal_18-39,0.8280632411067195,0.07469512195121951,0.007909766514947727,0.001828402491365665,0.0171737814221675,0.0171737814221675,0.09453120573423074,0.9054687942657693,,,UNCHANGED_THRESHOLD_ONLY
177,3,174,0.01694915254237288,0.3333333333333333,0.5574712643678161,0.6666666666666666,0.01282051282051282,0.9797979797979798,1,2,97,77,mlp,bmi_thresholding,OOF_EVAL,BMIxAGE_Normal_40-59,0.5919540229885057,0.08209958825794603,0.01899380469675698,0.006835686228565473,0.0171737814221675,0.0171737814221675,0.06149194472039621,0.7923403991979522,,,UNCHANGED_THRESHOLD_ONLY
181,18,163,0.09944751381215469,0.8888888888888888,0.18404907975460122,0.1111111111111111,0.10738255033557047,0.9375,16,2,30,133,mlp,bmi_thresholding,OOF_EVAL,BMIxAGE_Normal_60+,0.7593728698023177,0.44935462413668514,0.07564192406715359,0.03796393622942416,0.0171737814221675,0.0171737814221675,0.672002348698212,0.9689804773543876,,,UNCHANGED_THRESHOLD_ONLY
324,34,290,0.10493827160493827,0.7058823529411765,0.8206896551724138,0.29411764705882354,0.3157894736842105,0.9596774193548387,24,10,238,52,mlp,bmi_thresholding,OOF_EVAL,BMIxAGE_Obese_18-39,0.8771805273833672,0.5828836806024852,0.06532999454142903,0.03583003962776112,0.1317040835740195,0.1317040835740195,0.5383109020528557,0.8316536932957758,,,UNCHANGED_THRESHOLD_ONLY
377,58,319,0.15384615384615385,0.7413793103448276,0.6551724137931034,0.25862068965517243,0.28104575163398693,0.9330357142857143,43,15,209,110,mlp,bmi_thresholding,OOF_EVAL,BMIxAGE_Obese_40-59,0.7632688358015349,0.4114844260546171,0.11237456726034298,0.03302489497671656,0.1317040835740195,0.1317040835740195,0.6162261423525959,0.8365445479570304,,,UNCHANGED_THRESHOLD_ONLY
326,70,256,0.2147239263803681,0.6857142857142857,0.50390625,0.3142857142857143,0.2742857142857143,0.8543046357615894,48,22,129,127,mlp,bmi_thresholding,OOF_EVAL,BMIxAGE_Obese_60+,0.644642857142857,0.36334781210299294,0.16448508517984278,0.06681370493686214,0.1317040835740195,0.1317040835740195,0.5697286201420141,0.7823770995341724,,,UNCHANGED_THRESHOLD_ONLY
2503,230,2273,0.09188973232121454,0.6782608695652174,0.7967443906731192,0.3217391304347826,0.2524271844660194,0.9607427055702917,156,74,1811,462,mlp,bmi_platt_calibration,OOF_EVAL,OVERALL,0.8221465598041278,0.3716834843713489,0.06967279165059541,0.008194641633503396,0.12146604585744387,0.12146604585744387,0.6153869818214296,0.7352779533596167,,,EVALUATED_SEPARATELY
613,23,590,0.037520391517128875,0.391304347826087,0.9542372881355933,0.6086956521739131,0.25,0.975736568457539,9,14,563,27,mlp,bmi_platt_calibration,OOF_EVAL,BMI_Normal,0.8255711127487104,0.30838293505373926,0.03091645397452085,0.017856819398746903,0.12146604585744387,0.12146604585744387,0.22157622792477952,0.592144776086183,,,EVALUATED_SEPARATELY
1027,162,865,0.15774099318403115,0.7901234567901234,0.584971098265896,0.20987654320987653,0.26283367556468173,0.937037037037037,128,34,506,359,mlp,bmi_platt_calibration,OOF_EVAL,BMI_Obese,0.7657889102975809,0.41571538927592394,0.1135174063046683,0.01380451382340999,0.12146604585744387,0.12146604585744387,0.7210628613792565,0.8457435371439963,,,EVALUATED_SEPARATELY
49,4,45,0.08163265306122448,0.5,0.9555555555555556,0.5,0.5,0.9555555555555556,2,2,43,2,mlp,bmi_platt_calibration,OOF_EVAL,BMI_Underweight,0.8666666666666667,0.3374542124542125,0.072431491271915,0.07914258787484921,0.12146604585744387,0.12146604585744387,0.15003898915214947,0.8499610108478506,,,EVALUATED_SEPARATELY
814,41,773,0.05036855036855037,0.4146341463414634,0.9042690815006468,0.5853658536585366,0.18681318681318682,0.966804979253112,17,24,699,74,mlp,bmi_platt_calibration,OOF_EVAL,BMI_Overweight,0.7760704256460418,0.24782053466607828,0.043375542835185334,0.010909516886391845,0.12146604585744387,0.12146604585744387,0.27756549454252133,0.5663289686596986,,,EVALUATED_SEPARATELY
834,38,796,0.045563549160671464,0.7105263157894737,0.9133165829145728,0.2894736842105263,0.28125,0.9850948509485095,27,11,727,69,mlp,bmi_platt_calibration,OOF_EVAL,AGE_18-39,0.923069293837609,0.512949430936374,0.03113368216871339,0.021416889951573884,0.12146604585744387,0.12146604585744387,0.5524286232424794,0.8299672217151693,,,EVALUATED_SEPARATELY
843,80,763,0.09489916963226572,0.6875,0.7889908256880734,0.3125,0.25462962962962965,0.960127591706539,55,25,602,161,mlp,bmi_platt_calibration,OOF_EVAL,AGE_40-59,0.7918577981651377,0.35298353787275927,0.07367685997508354,0.009526476932511064,0.12146604585744387,0.12146604585744387,0.5793222425531256,0.7784959588710517,,,EVALUATED_SEPARATELY
826,112,714,0.13559322033898305,0.6607142857142857,0.6750700280112045,0.3392857142857143,0.24183006535947713,0.926923076923077,74,38,482,232,mlp,bmi_platt_calibration,OOF_EVAL,AGE_60+,0.7406337535014005,0.35475078863926673,0.10449868476239459,0.015296311296570511,0.12146604585744387,0.12146604585744387,0.5690006806867787,0.7417688863274179,,,EVALUATED_SEPARATELY
255,2,253,0.00784313725490196,0.0,0.9920948616600791,1.0,0.0,0.9920948616600791,0,2,251,2,mlp,bmi_platt_calibration,OOF_EVAL,BMIxAGE_Normal_18-39,0.8280632411067195,0.07469512195121951,0.008067835013842457,0.00708420925366587,0.12146604585744387,0.12146604585744387,0.0,0.6576197724933469,,,EVALUATED_SEPARATELY
177,3,174,0.01694915254237288,0.0,0.9770114942528736,1.0,0.0,0.9826589595375722,0,3,170,4,mlp,bmi_platt_calibration,OOF_EVAL,BMIxAGE_Normal_40-59,0.5919540229885057,0.08209958825794603,0.019589293424031977,0.022882054483955777,0.12146604585744387,0.12146604585744387,5.551115123125783e-17,0.5614970317550454,,,EVALUATED_SEPARATELY
181,18,163,0.09944751381215469,0.5,0.8711656441717791,0.5,0.3,0.9403973509933775,9,9,142,21,mlp,bmi_platt_calibration,OOF_EVAL,BMIxAGE_Normal_60+,0.7593728698023177,0.44935462413668514,0.07418333382208728,0.03681311093884198,0.12146604585744387,0.12146604585744387,0.29031021505169974,0.7096897849483003,,,EVALUATED_SEPARATELY
324,34,290,0.10493827160493827,0.7941176470588235,0.7793103448275862,0.20588235294117646,0.2967032967032967,0.9699570815450643,27,7,226,64,mlp,bmi_platt_calibration,OOF_EVAL,BMIxAGE_Obese_18-39,0.8771805273833672,0.5828836806024852,0.0668164318499024,0.046709485935636,0.12146604585744387,0.12146604585744387,0.632016119488364,0.8965047310096808,,,EVALUATED_SEPARATELY
377,58,319,0.15384615384615385,0.8275862068965517,0.5705329153605015,0.1724137931034483,0.2594594594594595,0.9479166666666666,48,10,182,137,mlp,bmi_platt_calibration,OOF_EVAL,BMIxAGE_Obese_40-59,0.7632688358015349,0.4114844260546171,0.11210674135071824,0.02719906392135363,0.12146604585744387,0.12146604585744387,0.7109174349067378,0.903557073370612,,,EVALUATED_SEPARATELY
326,70,256,0.2147239263803681,0.7571428571428571,0.3828125,0.24285714285714285,0.25118483412322273,0.8521739130434782,53,17,98,158,mlp,bmi_platt_calibration,OOF_EVAL,BMIxAGE_Obese_60+,0.644642857142857,0.36334781210299294,0.16156322351627359,0.04199317493315054,0.12146604585744387,0.12146604585744387,0.6450496077036256,0.8424813887710942,,,EVALUATED_SEPARATELY
2503,230,2273,0.09188973232121454,0.6173913043478261,0.8209414870215574,0.3826086956521739,0.2586520947176685,0.95496417604913,142,88,1866,407,mlp,bmi_age_thresholding,OOF_EVAL,OVERALL,0.8216377512959315,0.37069654133684016,0.06994853573558059,0.01187513477737829,0.0593474264757119,0.1993650352160557,0.5531391752502015,0.6777865137714632,,,UNCHANGED_THRESHOLD_ONLY
613,23,590,0.037520391517128875,0.5217391304347826,0.9254237288135593,0.4782608695652174,0.21428571428571427,0.9802513464991023,12,11,546,44,mlp,bmi_age_thresholding,OOF_EVAL,BMI_Normal,0.8255711127487104,0.30838293505373926,0.03110943254289144,0.00940222424958095,0.0593474264757119,0.1065,0.32962737336427406,0.7076284258335335,,,UNCHANGED_THRESHOLD_ONLY
1027,162,865,0.15774099318403115,0.6728395061728395,0.6947976878612717,0.3271604938271605,0.29222520107238603,0.918960244648318,109,53,601,264,mlp,bmi_age_thresholding,OOF_EVAL,BMI_Obese,0.7657889102975809,0.41571538927592394,0.11407426276261057,0.0261821220823466,0.1032576223703893,0.1993650352160557,0.597317309296105,0.7403545876964712,,,UNCHANGED_THRESHOLD_ONLY
49,4,45,0.08163265306122448,0.5,0.9333333333333333,0.5,0.4,0.9545454545454546,2,2,42,3,mlp,bmi_age_thresholding,OOF_EVAL,BMI_Underweight,0.8666666666666667,0.3374542124542125,0.072431491271915,0.07914258787484921,0.1065,0.1065,0.15003898915214947,0.8499610108478506,,,UNCHANGED_THRESHOLD_ONLY
814,41,773,0.05036855036855037,0.4634146341463415,0.8758085381630013,0.5365853658536586,0.16521739130434782,0.9685264663805436,19,22,677,96,mlp,bmi_age_thresholding,OOF_EVAL,BMI_Overweight,0.7760704256460418,0.24782053466607828,0.043375542835185334,0.010909516886391845,0.1065,0.1065,0.32056233976336046,0.6125352873233052,,,UNCHANGED_THRESHOLD_ONLY
834,38,796,0.045563549160671464,0.631578947368421,0.9346733668341709,0.3684210526315789,0.3157894736842105,0.9815303430079155,24,14,744,52,mlp,bmi_age_thresholding,OOF_EVAL,AGE_18-39,0.9231684739486908,0.5227427970902806,0.03050788701863721,0.01624229071768064,0.1065,0.1382677599454712,0.47283959557009003,0.7661578075284404,,,UNCHANGED_THRESHOLD_ONLY
843,80,763,0.09489916963226572,0.7,0.7798165137614679,0.3,0.25,0.9612277867528272,56,24,595,168,mlp,bmi_age_thresholding,OOF_EVAL,AGE_40-59,0.7954128440366972,0.357606597683513,0.07367160358504896,0.02006077959444748,0.1032576223703893,0.1065,0.5923184607866026,0.7893542873991866,,,UNCHANGED_THRESHOLD_ONLY
826,112,714,0.13559322033898305,0.5535714285714286,0.7380952380952381,0.44642857142857145,0.24899598393574296,0.9133448873483535,62,50,527,187,mlp,bmi_age_thresholding,OOF_EVAL,AGE_60+,0.733468387354942,0.3412781218323686,0.10597148347508292,0.024858819013154548,0.0593474264757119,0.1993650352160557,0.4612503363940854,0.6423395192773136,,,UNCHANGED_THRESHOLD_ONLY
255,2,253,0.00784313725490196,0.0,0.9920948616600791,1.0,0.0,0.9920948616600791,0,2,251,2,mlp,bmi_age_thresholding,OOF_EVAL,BMIxAGE_Normal_18-39,0.8280632411067195,0.07469512195121951,0.007909766514947727,0.001828402491365665,0.1065,0.1065,0.0,0.6576197724933469,,,UNCHANGED_THRESHOLD_ONLY
177,3,174,0.01694915254237288,0.0,0.9827586206896551,1.0,0.0,0.9827586206896551,0,3,171,3,mlp,bmi_age_thresholding,OOF_EVAL,BMIxAGE_Normal_40-59,0.5919540229885057,0.08209958825794603,0.01899380469675698,0.006835686228565473,0.1065,0.1065,5.551115123125783e-17,0.5614970317550454,,,UNCHANGED_THRESHOLD_ONLY
181,18,163,0.09944751381215469,0.6666666666666666,0.7607361963190185,0.3333333333333333,0.23529411764705882,0.9538461538461539,12,6,124,39,mlp,bmi_age_thresholding,OOF_EVAL,BMIxAGE_Normal_60+,0.7593728698023177,0.44935462413668514,0.07564192406715359,0.03796393622942416,0.0593474264757119,0.0593474264757119,0.43749467295945105,0.837212252491663,,,UNCHANGED_THRESHOLD_ONLY
324,34,290,0.10493827160493827,0.7058823529411765,0.8379310344827586,0.29411764705882354,0.3380281690140845,0.9604743083003953,24,10,243,47,mlp,bmi_age_thresholding,OOF_EVAL,BMIxAGE_Obese_18-39,0.8771805273833672,0.5828836806024852,0.06532999454142903,0.03583003962776112,0.1382677599454712,0.1382677599454712,0.5383109020528557,0.8316536932957758,,,UNCHANGED_THRESHOLD_ONLY
377,58,319,0.15384615384615385,0.8275862068965517,0.5611285266457681,0.1724137931034483,0.2553191489361702,0.9470899470899471,48,10,179,140,mlp,bmi_age_thresholding,OOF_EVAL,BMIxAGE_Obese_40-59,0.7632688358015349,0.4114844260546171,0.11237456726034298,0.03302489497671656,0.1032576223703893,0.1032576223703893,0.7109174349067378,0.903557073370612,,,UNCHANGED_THRESHOLD_ONLY
326,70,256,0.2147239263803681,0.5285714285714286,0.69921875,0.4714285714285714,0.32456140350877194,0.8443396226415094,37,33,179,77,mlp,bmi_age_thresholding,OOF_EVAL,BMIxAGE_Obese_60+,0.644642857142857,0.36334781210299294,0.16448508517984278,0.06681370493686214,0.1993650352160557,0.1993650352160557,0.4132188746832562,0.6409512360361571,,,UNCHANGED_THRESHOLD_ONLY
2503,230,2273,0.09188973232121454,0.6695652173913044,0.7223933128024637,0.33043478260869563,0.1961783439490446,0.9557625145518044,154,76,1642,631,mlp,combined_bmi_platt_thresholding,OOF_EVAL,OVERALL,0.8221465598041278,0.3716834843713489,0.06967279165059541,0.008194641633503396,0.02928879245591546,0.1431970873913003,0.6064279319415129,0.7271313966453361,,,EVALUATED_SEPARATELY
613,23,590,0.037520391517128875,0.782608695652174,0.588135593220339,0.21739130434782608,0.06896551724137931,0.9857954545454546,18,5,347,243,mlp,combined_bmi_platt_thresholding,OOF_EVAL,BMI_Normal,0.8255711127487104,0.30838293505373926,0.03091645397452085,0.017856819398746903,0.02928879245591546,0.02928879245591546,0.5809651698373599,0.9033602197341379,,,EVALUATED_SEPARATELY
1027,162,865,0.15774099318403115,0.7098765432098766,0.6658959537572254,0.29012345679012347,0.28465346534653463,0.9245585874799358,115,47,576,289,mlp,combined_bmi_platt_thresholding,OOF_EVAL,BMI_Obese,0.7657889102975809,0.41571538927592394,0.1135174063046683,0.01380451382340999,0.1431970873913003,0.1431970873913003,0.6357750123990664,0.7742551482347761,,,EVALUATED_SEPARATELY
49,4,45,0.08163265306122448,0.5,0.9333333333333333,0.5,0.4,0.9545454545454546,2,2,42,3,mlp,combined_bmi_platt_thresholding,OOF_EVAL,BMI_Underweight,0.8666666666666667,0.3374542124542125,0.072431491271915,0.07914258787484921,0.1065,0.1065,0.15003898915214947,0.8499610108478506,,,EVALUATED_SEPARATELY
814,41,773,0.05036855036855037,0.4634146341463415,0.8758085381630013,0.5365853658536586,0.16521739130434782,0.9685264663805436,19,22,677,96,mlp,combined_bmi_platt_thresholding,OOF_EVAL,BMI_Overweight,0.7760704256460418,0.24782053466607828,0.043375542835185334,0.010909516886391845,0.1065,0.1065,0.32056233976336046,0.6125352873233052,,,EVALUATED_SEPARATELY
834,38,796,0.045563549160671464,0.6578947368421053,0.8894472361809045,0.34210526315789475,0.22123893805309736,0.9819694868238558,25,13,708,88,mlp,combined_bmi_platt_thresholding,OOF_EVAL,AGE_18-39,0.923069293837609,0.512949430936374,0.03113368216871339,0.021416889951573884,0.02928879245591546,0.1431970873913003,0.4989210355178308,0.7878758482004058,,,EVALUATED_SEPARATELY
843,80,763,0.09489916963226572,0.65,0.7221494102228048,0.35,0.19696969696969696,0.9516407599309153,52,28,551,212,mlp,combined_bmi_platt_thresholding,OOF_EVAL,AGE_40-59,0.7918577981651377,0.35298353787275927,0.07367685997508354,0.009526476932511064,0.02928879245591546,0.1431970873913003,0.5408000664880767,0.7454544946512652,,,EVALUATED_SEPARATELY
826,112,714,0.13559322033898305,0.6875,0.5364145658263305,0.3125,0.18872549019607843,0.916267942583732,77,35,383,331,mlp,combined_bmi_platt_thresholding,OOF_EVAL,AGE_60+,0.7406337535014005,0.35475078863926673,0.10449868476239459,0.015296311296570511,0.02928879245591546,0.1431970873913003,0.596646743019301,0.7659177518305951,,,EVALUATED_SEPARATELY
255,2,253,0.00784313725490196,0.5,0.8695652173913043,0.5,0.029411764705882353,0.995475113122172,1,1,220,33,mlp,combined_bmi_platt_thresholding,OOF_EVAL,BMIxAGE_Normal_18-39,0.8280632411067195,0.07469512195121951,0.008067835013842457,0.00708420925366587,0.02928879245591546,0.02928879245591546,0.09453120573423074,0.9054687942657693,,,EVALUATED_SEPARATELY
177,3,174,0.01694915254237288,0.3333333333333333,0.5574712643678161,0.6666666666666666,0.01282051282051282,0.9797979797979798,1,2,97,77,mlp,combined_bmi_platt_thresholding,OOF_EVAL,BMIxAGE_Normal_40-59,0.5919540229885057,0.08209958825794603,0.019589293424031977,0.022882054483955777,0.02928879245591546,0.02928879245591546,0.06149194472039621,0.7923403991979522,,,EVALUATED_SEPARATELY
181,18,163,0.09944751381215469,0.8888888888888888,0.18404907975460122,0.1111111111111111,0.10738255033557047,0.9375,16,2,30,133,mlp,combined_bmi_platt_thresholding,OOF_EVAL,BMIxAGE_Normal_60+,0.7593728698023177,0.44935462413668514,0.07418333382208728,0.03681311093884198,0.02928879245591546,0.02928879245591546,0.672002348698212,0.9689804773543876,,,EVALUATED_SEPARATELY
324,34,290,0.10493827160493827,0.7058823529411765,0.8206896551724138,0.29411764705882354,0.3157894736842105,0.9596774193548387,24,10,238,52,mlp,combined_bmi_platt_thresholding,OOF_EVAL,BMIxAGE_Obese_18-39,0.8771805273833672,0.5828836806024852,0.0668164318499024,0.046709485935636,0.1431970873913003,0.1431970873913003,0.5383109020528557,0.8316536932957758,,,EVALUATED_SEPARATELY
377,58,319,0.15384615384615385,0.7413793103448276,0.6551724137931034,0.25862068965517243,0.28104575163398693,0.9330357142857143,43,15,209,110,mlp,combined_bmi_platt_thresholding,OOF_EVAL,BMIxAGE_Obese_40-59,0.7632688358015349,0.4114844260546171,0.11210674135071824,0.02719906392135363,0.1431970873913003,0.1431970873913003,0.6162261423525959,0.8365445479570304,,,EVALUATED_SEPARATELY
326,70,256,0.2147239263803681,0.6857142857142857,0.50390625,0.3142857142857143,0.2742857142857143,0.8543046357615894,48,22,129,127,mlp,combined_bmi_platt_thresholding,OOF_EVAL,BMIxAGE_Obese_60+,0.644642857142857,0.36334781210299294,0.16156322351627359,0.04199317493315054,0.1431970873913003,0.1431970873913003,0.5697286201420141,0.7823770995341724,,,EVALUATED_SEPARATELY
