SEQN,outcome_primary_8.2kPa,RIDAGEYR,RIAGENDR,BMXBMI,LBXSATSI,LBXSASSI,LBXSAL,LBXSAPSI,LBXSTB,LBXPLTSI,LBDHDD
109266,0,29.0,2.0,37.8,15.0,14.0,3.8,74.0,0.5,314.0,56.0
109271,0,49.0,1.0,29.7,8.0,14.0,3.8,88.0,0.5,254.0,33.0
109273,0,36.0,1.0,21.9,35.0,27.0,4.6,70.0,0.6,188.0,42.0
109274,0,68.0,1.0,30.2,19.0,20.0,4.0,49.0,0.6,173.0,29.0
109282,0,76.0,1.0,26.6,17.0,19.0,4.3,74.0,0.3,154.0,43.0
109284,0,44.0,2.0,39.1,16.0,15.0,3.5,77.0,0.3,383.0,60.0
109290,0,68.0,2.0,28.1,19.0,18.0,4.9,74.0,0.9,289.0,40.0
109291,0,42.0,2.0,31.3,11.0,25.0,3.9,117.0,0.4,349.0,51.0
109293,0,44.0,1.0,30.1,19.0,21.0,4.4,178.0,0.4,280.0,33.0
109297,0,30.0,2.0,23.2,17.0,14.0,4.3,56.0,0.3,316.0,82.0
109300,0,54.0,2.0,29.6,32.0,24.0,4.2,84.0,0.3,213.0,63.0
109303,0,18.0,1.0,17.9,13.0,17.0,4.5,131.0,0.4,351.0,59.0
109305,0,55.0,1.0,20.9,7.8594800005141785,9.330446098821643,4.208243529355066,62.37266362495112,0.3421802038269445,164.0,56.521752964387154
109307,0,47.0,1.0,24.6,14.0,22.0,4.0,72.0,0.4,235.0,40.0
109312,0,48.0,2.0,23.9,18.0,20.0,4.2,61.0,0.2,306.0,77.0
109313,0,63.0,1.0,25.2,24.0,28.0,3.9,109.0,0.4,252.0,54.0
109315,0,30.0,2.0,31.8,18.0,20.0,4.2,57.0,0.2,229.0,66.0
109316,0,62.0,2.0,30.5,9.0,10.0,3.7,133.0,0.3,274.0,81.0
109317,0,28.0,2.0,30.1,9.0,11.0,4.0,49.0,0.3,243.0,71.0
109319,0,22.0,1.0,30.5,21.0,22.0,4.1,42.0,0.5,207.0,110.0
109321,0,19.0,2.0,33.2,10.0,15.0,3.5,77.0,0.3,410.0,34.0
109322,0,45.0,2.0,29.3,13.0,14.0,3.7,45.0,1.1,244.0,58.0
109323,0,22.0,1.0,38.896067879411916,25.0,18.0,3.8,94.0,0.4,287.0,43.0
109324,0,49.0,2.0,24.0,8.0,15.0,4.0,57.0,0.3,326.0,60.0
109326,0,44.0,2.0,21.6,9.0,16.0,4.1,60.0,0.5,217.0,85.0
109327,0,58.0,2.0,23.7,48.0,27.0,4.3,103.0,1.1,151.0,58.0
109330,0,76.0,1.0,23.3,26.0,31.0,4.1,68.0,0.4,379.0,84.0
109333,0,41.0,2.0,26.4,14.0,17.0,4.3,61.0,0.3,304.0,63.0
109336,0,35.0,1.0,33.5,40.0,17.0,4.3,67.0,0.2,259.0,38.0
109337,0,48.0,2.0,38.5,18.0,16.0,3.6,71.0,0.2,235.0,56.0
109340,1,44.0,1.0,46.2,70.0,44.0,3.7,92.0,0.5,281.0,48.0
109342,0,43.0,2.0,35.5,9.0,12.0,4.1,87.0,0.4,237.0,61.0
109346,0,23.0,2.0,55.1,34.27130873811578,13.433972020609735,3.720108158594393,99.53891606139211,0.1040175784589133,332.1823236039611,32.784736849496134
109348,0,63.0,2.0,19.6,12.0,24.0,4.6,56.0,0.3,181.0,114.0
109349,1,47.0,2.0,40.5,22.0,14.0,3.9,81.0,0.3,306.0,45.0
109350,0,59.0,1.0,36.6,16.0,23.0,4.3,121.0,0.3,313.0,106.0
109351,0,58.0,1.0,23.6,25.0,24.0,4.3,59.0,0.4,112.0,49.0
109353,0,46.0,2.0,21.4,35.58109250751611,31.648946515030765,5.122368003390802,5.778226331589906,0.7110134903638854,256.3089862053464,46.77429428520795
109365,0,49.0,2.0,32.0,10.0,13.0,3.7,53.0,0.5,257.0,64.0
109367,0,80.0,1.0,28.3,15.0,20.0,4.1,96.0,0.6,274.0,37.0
109369,0,80.0,2.0,25.1,16.0,15.0,4.0,105.0,0.9,269.0,69.0
109371,1,62.0,1.0,29.3,25.0,24.0,3.8,80.0,0.4,187.0,60.0
109373,0,30.0,2.0,27.2,8.0,17.0,3.4,87.0,0.3,261.0,52.0
109376,0,23.0,1.0,23.815283484762233,19.0,23.0,4.4,82.0,0.6,196.0,50.0
109377,0,41.0,1.0,29.4,32.0,22.0,4.3,89.0,0.7,369.0,28.0
109378,0,36.0,1.0,29.9,42.0,24.0,4.4,74.0,0.3,250.0,42.0
109379,0,66.0,2.0,33.4,8.0,12.0,3.9,68.0,0.4,314.0,68.0
109382,1,70.0,2.0,35.8,20.0,20.0,3.8,128.0,1.0,120.0,49.0
109389,0,56.0,1.0,26.3,25.0,30.0,4.3,48.0,0.4,195.0,83.0
109390,0,44.0,2.0,38.2,9.0,10.0,3.7,103.0,0.3,340.0,38.0
109391,1,56.0,2.0,34.1,46.0,33.0,4.1,64.0,0.3,296.0,49.0
109392,0,79.0,1.0,24.8,10.0,17.0,4.0,89.0,0.5,152.0,63.0
109393,0,76.0,1.0,21.5,15.0,18.0,3.1,73.0,0.2,457.0,38.0
109394,0,29.0,2.0,31.7,10.0,17.0,3.6,81.0,0.2,205.0,47.0
109395,0,56.0,1.0,24.0,27.0,23.0,4.3,48.0,1.0,292.0,60.0
109396,0,37.0,2.0,21.5,15.0,17.0,4.2,55.0,0.4,243.0,54.0
109397,0,47.0,2.0,49.0,26.0,24.0,4.4,75.0,0.2,248.0,49.0
109403,0,30.0,1.0,27.1,9.0,12.0,4.4,51.0,0.3,147.0,35.0
109404,0,23.0,2.0,30.7,19.0,17.0,4.1,51.0,0.3,293.0,59.0
109405,0,32.0,2.0,24.2,17.0,17.0,4.3,49.0,0.3,222.0,64.0
109408,1,51.0,1.0,40.0,18.0,19.0,3.5,98.0,0.4,173.0,31.0
109411,0,55.0,2.0,20.2,17.0,22.0,4.3,70.0,0.6,272.0,84.0
109413,0,59.0,2.0,28.7,45.0,28.0,4.2,120.0,0.5,443.0,51.0
109414,0,62.0,2.0,36.4,34.0,26.0,3.7,152.0,0.3,326.0,43.0
109415,0,61.0,2.0,42.8,36.0,27.0,3.4,104.0,0.6,267.0,43.0
109423,0,28.0,2.0,25.7,13.0,13.0,4.3,59.0,0.3,292.0,49.0
109426,0,61.0,2.0,27.9,20.0,19.0,4.1,60.0,0.4,182.0,52.0
109429,1,27.0,1.0,19.6,98.0,107.0,3.9,638.0,0.8,224.0,66.0
109431,0,45.0,2.0,30.3,25.0,24.0,4.1,62.0,0.2,199.0,64.0
109432,0,44.0,2.0,19.8,37.0,24.0,4.4,79.0,0.2,279.0,64.0
109435,1,62.0,1.0,41.7,19.0,36.0,3.0,81.0,1.5,77.0,35.0
109436,1,80.0,1.0,25.5,34.0,31.0,4.7,54.0,0.7,250.0,34.0
109439,0,59.0,2.0,32.6,19.0,21.0,4.1,117.0,0.9,294.0,76.0
109440,0,18.0,1.0,16.6,32.597240947956315,21.494508110864334,5.037177923542538,100.19906423840106,0.8730781586364191,210.0,28.532017721303667
109441,0,20.0,2.0,18.0,20.0,22.0,4.3,88.0,0.2,191.0,63.0
109444,0,21.0,1.0,21.7,10.0,14.0,4.0,78.0,0.4,223.0,64.0
109450,0,29.0,1.0,21.5,13.0,18.0,4.5,56.0,0.2,239.0,68.0
109454,0,25.0,2.0,50.9,29.0,22.0,3.8,67.0,0.3,357.0,32.0
109455,0,40.0,1.0,25.9,26.0,20.0,4.3,82.0,0.2,289.0,26.0
109457,0,76.0,1.0,32.7,17.0,12.0,4.1,80.0,0.7,314.0,90.0
109458,0,18.0,1.0,21.0,26.0,18.0,4.9,94.0,0.5,283.0,48.0
109459,0,32.0,1.0,43.3,34.0,21.0,4.2,63.0,0.3,373.0,39.0
109464,0,30.0,1.0,31.8,20.0,18.0,4.7,69.0,0.5,243.0,46.0
109466,0,40.0,1.0,26.2,81.0,50.0,4.3,91.0,0.6,209.0,52.0
109467,0,21.0,1.0,36.3,16.0,18.0,4.4,56.0,0.5,181.0,53.0
109468,0,60.0,1.0,43.0,16.0,14.0,4.2,83.0,0.5,236.0,36.0
109472,0,34.0,1.0,35.7,64.0,33.0,4.1,87.0,0.2,191.0,24.0
109473,0,19.0,1.0,33.9,56.0,31.0,4.5,57.0,0.4,269.0,45.0
109474,0,80.0,2.0,27.6,28.0,33.0,4.2,89.0,0.5,220.0,35.0
109478,0,27.0,2.0,26.1,10.0,16.0,3.7,55.0,0.2,291.0,74.0
109480,0,30.0,1.0,61.9,59.0,29.0,4.1,64.0,0.3,262.0,37.0
109481,1,60.0,1.0,27.7,10.0,16.0,3.8,64.0,0.4,212.0,38.0
109482,0,48.0,2.0,27.8,17.0,21.0,3.4,47.0,0.2,257.0,66.0
109483,0,76.0,2.0,38.7,11.0,15.0,3.9,70.0,0.5,250.0,5.0
109486,0,65.0,1.0,27.4,27.0,22.0,4.3,97.0,0.8,190.0,36.0
109488,0,40.0,1.0,26.6,19.0,21.0,3.0,39.0,0.5,192.0,56.0
109490,0,77.0,1.0,45.4,3.6446659815624116,-0.4388537627325171,3.8443227612139514,88.57652088421634,0.5054109565392889,203.9384532387775,63.12203307331971
109495,1,52.0,1.0,34.9,48.0,34.0,4.3,95.0,0.5,219.0,27.0
109496,0,50.0,1.0,38.5,32.0,25.0,3.6,113.0,0.5,219.0,56.0
109497,0,48.0,2.0,29.6,11.0,17.0,3.5,92.0,0.1,283.0,62.0
109501,0,45.0,1.0,34.6,51.0,33.0,4.3,73.0,0.6,172.0,45.0
109502,0,29.0,2.0,30.0,13.0,15.0,4.1,66.0,0.1,220.0,45.0
109503,1,71.0,1.0,27.4,36.0,35.0,4.1,57.0,1.1,131.0,45.0
109504,0,53.0,1.0,29.0,24.0,26.0,4.4,80.0,0.6,159.0,49.0
109508,0,39.0,2.0,38.2,48.0,36.0,3.8,70.0,0.3,421.0,63.0
109510,0,28.0,1.0,24.7,18.0,23.0,4.3,86.0,0.4,242.0,48.0
109512,0,42.0,1.0,38.5,24.0,39.0,3.9,71.0,0.8,262.0,42.0
109513,1,48.0,2.0,46.0,14.0,14.0,3.9,80.0,0.6,261.0,40.0
109518,0,25.0,2.0,26.1,12.0,15.0,4.1,57.0,0.4,254.0,66.0
109519,0,55.0,1.0,42.4,22.0,14.0,3.5,56.0,0.3,158.0,70.0
109520,0,80.0,1.0,29.0,11.0,14.0,3.9,40.0,1.1,168.0,60.0
109523,0,77.0,2.0,27.9,25.542813406318512,17.287353933490436,4.004812539886888,78.69459020681161,0.3875019902048486,214.0,47.1297029275454
109526,0,31.0,2.0,38.9,12.0,13.0,3.7,64.0,0.4,182.0,63.0
109527,0,69.0,2.0,22.9,17.0,20.0,3.9,79.0,0.2,312.0,79.0
109530,1,49.0,2.0,32.8,18.0,19.0,3.4,112.0,0.3,499.0,47.0
109531,0,32.0,1.0,39.8,29.0,20.0,4.0,53.0,0.4,300.0,38.0
109532,0,70.0,1.0,29.1,23.0,26.0,4.0,60.0,1.2,198.0,47.0
109534,0,77.0,2.0,28.1,12.064501544469469,8.752084432176026,4.297142790416182,63.377235219470265,0.20468163344874246,149.0,55.13405229314303
109536,0,48.0,2.0,24.0,13.0,15.0,3.8,67.0,0.4,214.0,79.0
109538,0,66.0,2.0,30.2,23.0,24.0,4.2,88.0,0.5,234.0,47.0
109539,0,19.0,2.0,35.9,12.0,15.0,4.0,72.0,0.5,258.0,41.0
109541,0,35.0,2.0,32.7,13.0,13.0,3.7,73.0,0.2,361.0,42.0
109542,0,18.0,2.0,38.9,14.0,18.0,4.1,56.0,0.3,172.0,46.0
109544,0,76.0,2.0,42.1,13.0,17.0,3.6,78.0,0.4,155.0,49.0
109545,0,36.0,2.0,31.8,31.0,22.0,3.6,102.0,0.3,198.0,55.0
109548,0,25.0,2.0,42.1,18.0,15.0,3.9,76.0,0.1,267.0,51.0
109549,0,22.0,1.0,35.7,31.0,23.0,4.5,82.0,0.8,239.0,44.0
109550,0,64.0,2.0,37.3,21.0,14.0,3.8,99.0,0.3,243.0,82.0
109551,0,65.0,1.0,23.1,6.0,12.0,4.2,99.0,1.8,161.0,33.0
109552,0,74.0,1.0,34.0,39.0,31.0,3.9,63.0,0.1,208.0,35.0
109554,0,21.0,1.0,19.5,17.0,49.0,4.3,130.0,1.6,242.0,70.0
109555,0,22.0,2.0,19.6,12.0,15.0,4.4,41.0,0.4,253.0,58.0
109558,0,57.0,1.0,29.1,22.0,21.0,3.9,92.0,1.0,195.0,30.0
109560,0,34.0,1.0,27.0,22.0,26.0,3.6,59.0,0.3,308.0,67.0
109562,0,80.0,2.0,29.0,20.0,21.0,3.9,62.0,0.2,327.0,58.0
109563,0,36.0,2.0,39.1,12.29657105562866,21.875157200428,3.821495726171179,82.75003838328387,0.2684293652489502,322.0,29.386608070780273
109564,0,19.0,1.0,23.8,11.0,14.0,4.4,90.0,0.4,195.0,60.0
109565,0,80.0,1.0,33.2,10.0,13.0,3.6,57.0,0.3,163.0,35.0
109567,0,49.0,1.0,29.5,13.0,14.0,4.0,48.0,0.5,203.0,55.0
109568,0,32.0,2.0,43.6,16.0,14.0,3.9,46.0,0.2,279.0,51.0
109570,0,78.0,2.0,25.5,15.0,18.0,4.1,92.0,0.2,251.0,35.0
109571,0,28.0,2.0,35.6,29.0,22.0,3.8,113.0,0.2,256.0,58.0
109574,0,55.0,2.0,22.4,77.0,59.0,4.7,90.0,0.2,374.0,46.0
109577,0,74.0,2.0,39.4,14.0,17.0,3.5,98.0,0.2,194.0,55.0
109579,0,42.0,2.0,27.2,6.0,10.0,3.8,81.0,0.3,297.0,42.0
109580,0,39.0,2.0,23.4,9.0,13.0,3.7,53.0,0.4,360.0,67.0
109581,0,43.0,1.0,27.9,23.0,19.0,4.1,65.0,0.4,206.0,43.0
109585,0,20.0,1.0,28.2,18.0,20.0,4.7,66.0,0.2,220.0,46.0
109587,0,74.0,2.0,40.2,15.0,15.0,4.0,71.0,0.8,248.0,72.0
109588,1,71.0,1.0,21.3,25.0,37.0,4.2,82.0,1.3,161.0,61.0
109590,0,37.0,1.0,22.3,16.3714986857173,19.091545189129008,4.047208005956314,83.72449385311108,0.08976383117015285,313.30704933054426,45.372361989034225
109591,0,68.0,1.0,29.8,20.0,19.0,4.3,70.0,0.3,269.0,34.0
109592,1,62.0,2.0,26.9,18.0,18.0,3.7,104.0,0.2,203.0,50.0
109593,0,52.0,1.0,25.0,28.0,26.0,4.0,81.0,0.8,207.0,37.0
109594,1,79.0,1.0,21.7,-5.71049389340012,-0.08606310079581725,3.86380728407116,89.03624608665078,0.3762882582125795,311.0,53.647594056746115
109597,0,70.0,2.0,32.0,15.0,19.0,4.1,95.0,0.4,231.0,45.0
109598,0,25.0,1.0,25.9,20.0,15.0,4.5,49.0,0.2,257.0,45.0
109601,0,30.0,1.0,33.5,23.0,23.0,4.5,72.0,0.3,305.0,41.0
109602,0,43.0,2.0,30.8,10.0,15.0,4.0,66.0,0.2,272.0,42.0
109606,0,32.0,2.0,22.2,20.0,20.0,4.1,79.0,0.3,254.0,89.0
109607,0,63.0,1.0,23.2,18.0,16.0,4.2,102.0,0.5,207.0,55.0
109608,0,54.0,2.0,19.5,22.0,27.0,4.5,106.0,0.3,223.0,71.0
109610,0,78.0,1.0,32.6,13.0,15.0,3.9,62.0,0.2,252.0,70.0
109611,0,55.0,1.0,21.2,33.0,34.0,3.8,60.0,0.7,234.0,56.0
109612,0,75.0,1.0,29.8,10.0,14.0,3.8,76.0,0.8,210.0,34.0
109614,0,80.0,1.0,29.0,24.0,24.0,3.8,76.0,0.4,170.0,44.0
109615,0,65.0,2.0,28.0,19.0,25.0,4.2,67.0,0.6,219.0,54.0
109617,0,64.0,1.0,25.6,19.0,18.0,3.8,111.0,0.8,302.0,62.0
109620,1,59.0,2.0,33.1,36.0,53.0,3.9,225.0,1.2,54.0,69.0
109623,0,31.0,2.0,18.8,11.0,19.0,4.3,83.0,0.5,239.0,66.0
109626,0,61.0,1.0,31.9,24.0,17.0,4.0,48.0,0.1,284.0,40.0
109628,0,39.0,2.0,43.0,20.0,18.0,3.8,71.0,0.3,481.0,57.0
109629,0,40.0,1.0,19.6,15.0,20.0,4.3,55.0,0.1,245.0,94.0
109630,0,56.0,2.0,35.7,24.0,20.0,4.3,64.0,0.4,227.0,42.0
109634,0,62.0,2.0,23.3,15.0,20.0,4.1,101.0,0.2,229.0,55.0
109635,0,40.0,2.0,33.6,16.0,18.0,4.1,54.0,0.4,229.0,54.0
109637,0,46.0,2.0,29.7,13.0,19.0,3.8,75.0,1.0,222.0,51.0
109638,0,48.0,2.0,43.6,7.0,14.0,3.6,76.0,0.4,286.0,39.0
109639,0,42.0,2.0,28.3,8.0,18.0,3.8,76.0,0.3,348.0,57.0
109640,0,50.0,2.0,30.6,17.0,17.0,4.4,83.0,0.2,253.0,51.0
109643,0,80.0,2.0,34.5,19.0,22.0,3.5,66.0,0.5,236.0,54.0
109644,0,24.0,1.0,25.0,45.0,34.0,4.5,104.0,0.4,320.0,46.0
109645,0,62.0,2.0,29.9,12.0,16.0,3.7,139.0,0.2,218.0,66.0
109649,0,80.0,1.0,31.6,9.0,15.0,3.9,85.0,0.4,245.0,36.0
109653,0,80.0,2.0,34.2,31.0,45.0,3.9,73.0,0.2,309.0,85.0
109654,0,18.0,1.0,26.6,21.0,17.0,4.1,86.0,0.8,221.0,63.0
109656,0,60.0,2.0,40.8,37.0,28.0,4.2,67.0,0.3,252.0,52.0
109657,0,33.0,2.0,26.2,13.0,17.0,4.2,69.0,0.1,287.0,42.0
109661,0,23.0,1.0,26.8,40.4408042376855,25.466070004454615,4.030835930145944,33.042928155981606,0.033404586820722115,258.0,41.13398925023111
109662,0,32.0,1.0,25.5,29.0,18.0,3.7,105.0,0.2,226.0,44.0
109664,0,22.0,1.0,28.4,21.0,22.0,4.1,44.0,0.3,210.0,48.0
109665,0,42.0,2.0,37.0,21.0,14.0,4.1,76.0,0.7,214.0,36.0
109667,0,64.0,1.0,27.6,13.0,19.0,4.2,85.0,0.7,168.0,60.0
109669,0,59.0,1.0,22.1,14.0,19.0,3.7,82.0,0.5,300.0,65.0
109673,0,34.0,1.0,28.6,14.0,19.0,4.5,89.0,0.2,245.0,52.0
109675,0,51.0,2.0,25.7,17.0,22.0,3.9,75.0,0.4,263.0,59.0
109676,0,64.0,2.0,24.6,22.0,25.0,3.9,88.0,0.6,199.0,66.0
109677,0,76.0,2.0,36.6,11.0,19.0,3.7,105.0,0.3,180.0,52.0
109678,0,32.0,2.0,19.0,9.0,15.0,4.3,83.0,0.5,225.0,79.0
109679,0,28.0,1.0,26.6,39.0,132.0,4.5,50.0,0.4,187.0,60.0
109685,0,38.0,1.0,23.0,22.0,21.0,4.3,115.0,0.8,187.0,44.0
109686,0,60.0,1.0,28.9,31.0,30.0,4.3,75.0,0.3,159.0,38.0
109687,0,37.0,2.0,21.3,11.0,15.0,4.3,69.0,0.8,190.0,80.0
109691,0,26.0,2.0,30.6,9.0,14.0,3.6,66.0,0.4,260.0,56.0
109693,0,25.0,2.0,30.5,14.0,15.0,4.5,67.0,0.2,293.0,39.0
109697,0,35.0,2.0,26.9,18.0,15.0,4.3,89.0,0.7,337.0,48.0
109700,0,42.0,2.0,29.2,21.0,17.0,3.7,82.0,0.2,162.0,50.0
109703,0,34.0,1.0,27.0,30.0,52.0,4.4,69.0,0.8,229.0,65.0
109704,0,31.0,1.0,25.6,28.0,17.0,4.6,33.0,0.4,234.0,46.0
109709,0,52.0,1.0,42.1,19.0,15.0,4.1,77.0,0.3,187.0,30.0
109712,0,46.0,1.0,32.6,15.0,19.0,4.1,89.0,0.2,237.0,37.0
109713,0,50.0,2.0,30.7,20.0,16.0,4.1,111.0,0.6,286.0,31.0
109714,0,30.0,1.0,29.8,10.0,16.0,4.6,48.0,0.2,251.0,49.0
109716,0,25.0,2.0,33.1,23.0,21.0,4.3,93.0,0.3,476.0,47.0
109721,1,50.0,1.0,34.9,40.0,20.0,3.8,152.0,0.2,216.0,36.0
109723,0,29.0,1.0,26.8,24.0,20.0,4.0,63.0,1.0,265.0,35.0
109725,0,62.0,2.0,27.8,15.0,18.0,4.0,110.0,0.5,237.0,53.0
109726,0,20.0,1.0,26.2,21.778313478463605,25.63380023517963,4.319939029258153,101.00903541201396,0.6606778572171551,129.0,44.586420300620084
109727,0,42.0,2.0,31.0,12.0,17.0,3.8,58.0,0.3,343.0,66.0
109728,0,34.0,2.0,59.1,17.0,18.0,3.8,62.0,0.4,358.0,44.0
109730,0,29.0,2.0,39.0,8.0,14.0,3.8,80.0,0.5,293.0,49.0
109731,0,21.0,2.0,24.3,10.0,13.0,4.0,67.0,0.6,247.0,54.0
109735,0,33.0,1.0,22.1,28.0,35.0,4.3,78.0,0.6,258.0,54.0
109740,0,46.0,1.0,28.0,57.0,33.0,4.4,91.0,1.1,221.0,39.0
109742,0,80.0,1.0,27.6,6.0,13.0,4.4,68.0,0.4,325.0,24.0
109743,0,56.0,1.0,30.6,62.1162950787086,49.82268187441692,3.7173980006953657,126.03557466923525,0.72067579344181,245.39161966100403,39.0944195815297
109746,0,47.0,1.0,35.2,19.0,15.0,3.6,124.0,0.2,211.0,59.0
109747,0,74.0,2.0,30.7,18.0,29.0,3.9,58.0,0.3,207.0,68.0
109754,0,47.0,2.0,30.4,18.0,20.0,4.1,57.0,0.1,284.0,62.0
109758,0,26.0,1.0,20.3,19.0,28.0,3.8,44.0,0.2,245.0,60.0
109760,0,53.0,1.0,27.4,21.0,19.0,4.6,90.0,0.3,246.0,43.0
109761,0,19.0,2.0,20.8,11.0,16.0,4.2,55.0,0.7,204.0,60.0
109763,0,78.0,1.0,26.5,10.0,19.0,3.4,65.0,0.3,144.0,48.0
109764,0,69.0,1.0,26.9,24.0,22.0,4.3,59.0,0.5,167.0,52.0
109765,0,51.0,2.0,28.9,14.0,16.0,3.8,72.0,0.2,314.0,54.0
109768,0,32.0,1.0,25.0,22.0,20.0,4.5,59.0,0.6,257.0,58.0
109769,1,44.0,1.0,27.8,134.0,86.0,4.4,69.0,0.6,188.0,49.0
109770,0,47.0,2.0,26.1,22.0,19.0,3.9,162.0,0.1,306.0,41.0
109771,0,79.0,2.0,21.7,16.0,27.0,4.3,94.0,0.4,237.0,62.0
109774,0,80.0,2.0,32.6,7.0,17.0,4.3,109.0,0.4,242.0,96.0
109776,1,80.0,2.0,29.5,11.0,16.0,3.9,98.0,0.5,216.0,43.0
109782,0,63.0,2.0,26.3,11.0,13.0,3.7,121.0,0.3,282.0,50.0
109783,0,61.0,1.0,32.3,18.0,17.0,3.7,69.0,0.2,212.0,41.0
109785,0,48.0,1.0,32.2,83.0,30.0,3.4,74.0,0.4,285.0,45.0
109789,0,32.0,2.0,44.7,17.0,16.0,4.4,94.0,0.6,196.0,63.0
109791,0,28.0,1.0,33.5,13.0,17.0,3.9,40.0,0.2,185.0,61.0
109793,0,80.0,2.0,28.5,15.0,14.0,4.4,103.0,0.4,302.0,65.0
109794,0,63.0,1.0,34.9,68.0,46.0,4.2,81.0,0.3,166.0,48.0
109800,0,31.0,1.0,30.9,18.0,16.0,3.9,71.0,0.2,285.0,69.0
109802,0,25.0,1.0,30.6,14.0,17.0,4.3,85.0,0.3,336.0,46.0
109805,0,43.0,2.0,51.3,7.0,11.0,3.2,82.0,0.2,457.0,59.0
109806,0,25.0,2.0,47.5,14.0,12.0,3.9,74.0,0.3,280.0,37.0
109807,0,31.0,1.0,23.2,14.0,20.0,4.3,59.0,1.1,220.0,66.0
109809,0,20.0,2.0,22.1,10.0,17.0,4.0,123.0,0.7,227.0,58.0
109811,1,52.0,1.0,26.8,23.0,20.0,4.3,87.0,0.3,288.0,40.0
109812,0,72.0,2.0,26.4,27.0,23.0,3.6,81.0,0.2,277.0,52.0
109813,0,32.0,1.0,31.7,30.0,22.0,4.3,66.0,0.2,303.0,59.0
109814,0,29.0,2.0,22.9,9.0,14.0,4.3,66.0,0.5,288.0,79.0
109815,0,52.0,2.0,38.2,13.0,17.0,3.9,57.0,0.2,237.0,58.0
109816,0,55.0,2.0,19.7,16.0,22.0,3.6,70.0,0.5,339.0,62.0
109817,0,36.0,2.0,19.4,6.0,19.0,4.0,42.0,0.6,197.0,95.0
109820,0,29.0,2.0,34.6,10.0,13.0,4.1,57.0,0.5,225.0,42.0
109821,0,19.0,1.0,31.1,23.0,20.0,4.3,69.0,0.3,276.0,44.0
109823,0,80.0,2.0,28.5,18.810013274802532,24.789695805407597,3.890637131910319,70.48191698577509,0.18825295857450755,222.63579355304478,34.08409327229393
109825,0,22.0,1.0,26.9,13.0,13.0,4.0,72.0,0.2,204.0,31.0
109828,0,34.0,1.0,22.4,14.0,18.0,4.5,41.0,0.7,81.0,51.0
109831,0,50.0,1.0,24.8,45.0,23.0,4.3,71.0,0.5,242.0,42.0
109837,0,18.0,2.0,24.4,12.54469783952307,10.91242954981597,3.878364486950523,26.0892914569786,0.1788750936565138,258.0,23.375816359590843
109839,0,66.0,2.0,45.3,6.0,10.0,3.8,109.0,0.4,278.0,54.0
109841,1,54.0,2.0,39.5,19.0,20.0,3.1,58.0,0.4,286.0,42.0
109843,0,35.0,1.0,34.1,35.0,19.0,4.3,87.0,1.0,154.0,29.0
109844,0,59.0,1.0,46.2,29.0,20.0,3.3,59.0,0.6,211.0,78.0
109850,0,50.0,2.0,26.8,15.0,15.0,4.1,59.0,0.2,266.0,75.0
109852,0,20.0,2.0,20.4,15.0,17.0,3.5,106.0,0.4,312.0,48.0
109854,0,67.0,1.0,19.0,15.0,18.0,3.9,66.0,0.4,193.0,60.0
109855,0,29.0,1.0,23.2,19.0,20.0,4.8,63.0,0.5,243.0,51.0
109856,0,54.0,2.0,34.1,20.426789671814216,12.707994877681813,3.9986328215600055,118.4295043880714,0.13067636534312946,330.49224696838974,56.788566477196206
109857,0,74.0,1.0,34.1,24.0,28.0,4.3,77.0,1.5,173.0,42.0
109860,0,25.0,2.0,24.0,17.0,16.0,4.4,63.0,0.2,271.0,37.0
109862,0,41.0,2.0,35.9,12.0,16.0,3.8,91.0,0.1,323.0,54.0
109863,0,64.0,2.0,25.4,16.0,20.0,4.4,106.0,0.3,335.0,57.0
109864,0,75.0,2.0,26.2,16.0,18.0,4.0,69.0,0.6,238.0,83.0
109866,0,28.0,2.0,31.7,25.0,21.0,4.1,46.0,0.3,220.0,57.0
109867,0,55.0,1.0,26.9,10.0,18.0,3.8,71.0,0.3,312.0,42.0
109868,0,55.0,2.0,45.7,19.0,22.0,3.6,79.0,0.3,428.0,65.0
109869,0,75.0,1.0,28.8,25.89606988920411,29.93856002634696,4.38509316933546,51.04431139430585,0.563660783421502,294.0,60.848277184666216
109873,0,18.0,2.0,23.5,21.0,26.0,4.0,80.0,0.4,230.0,59.0
109874,0,55.0,1.0,26.4,36.0,29.0,4.6,79.0,2.0,237.0,61.0
109876,1,80.0,2.0,32.1,13.0,17.0,3.9,76.0,0.4,226.0,48.0
109877,0,41.0,1.0,29.2,18.0,31.0,4.4,91.0,0.5,173.0,64.0
109878,0,19.0,1.0,20.5,15.0,19.0,4.6,88.0,0.6,246.0,35.0
109879,0,60.0,2.0,25.8,14.0,16.0,4.4,69.0,0.2,236.0,62.0
109881,0,48.0,1.0,27.9,40.0,23.0,3.9,61.0,0.5,295.0,51.0
109884,0,45.0,2.0,25.6,34.0,30.0,4.3,73.0,0.2,272.0,54.0
109886,1,64.0,1.0,50.7,14.0,17.0,3.9,83.0,0.6,169.0,54.0
109887,0,25.0,1.0,37.2,38.0,24.0,4.4,71.0,0.4,215.0,47.0
109891,0,80.0,2.0,31.3,20.0,18.0,4.0,72.0,0.5,299.0,62.0
109893,0,20.0,2.0,30.3,11.0,16.0,4.1,67.0,0.5,230.0,61.0
109895,0,21.0,1.0,43.7,25.0,15.0,4.1,79.0,0.3,338.0,35.0
109898,0,48.0,2.0,42.8,32.0,24.0,3.8,81.0,0.2,243.0,45.0
109900,0,80.0,2.0,20.6,9.0,28.0,4.0,80.0,0.4,235.0,52.0
109901,1,80.0,1.0,28.2,14.0,25.0,3.7,62.0,1.1,150.0,76.0
109902,0,75.0,2.0,42.7,23.0,31.0,3.6,129.0,0.2,314.0,60.0
109903,0,53.0,1.0,43.2,41.0,31.0,4.1,74.0,0.6,224.0,48.0
109905,1,52.0,2.0,48.6,56.0,34.0,4.3,71.0,0.4,377.0,44.0
109908,1,80.0,1.0,19.7,31.0,43.0,4.9,85.0,1.1,197.0,51.0
109913,0,52.0,2.0,42.3,16.0,14.0,4.0,71.0,0.2,251.0,52.0
109915,0,58.0,1.0,31.5,16.0,15.0,4.3,80.0,0.7,236.0,58.0
109916,0,25.0,1.0,41.6,28.0,23.0,4.3,69.0,0.4,263.0,37.0
109917,0,54.0,2.0,22.3,18.0,22.0,4.1,44.0,0.5,202.0,74.0
109918,0,66.0,1.0,32.3,32.0,22.0,4.7,65.0,1.1,178.0,46.0
109919,0,45.0,2.0,25.8,16.0,13.0,4.0,74.0,0.6,285.0,57.0
109921,0,58.0,2.0,18.4,19.0,21.0,4.1,66.0,0.8,250.0,72.0
109922,0,42.0,2.0,24.7,8.0,13.0,4.3,77.0,0.3,204.0,41.0
109926,0,45.0,2.0,31.8,13.0,19.0,4.0,71.0,0.6,265.0,66.0
109930,0,51.0,1.0,45.2,21.0,18.0,4.0,76.0,0.4,166.0,63.0
109931,0,40.0,2.0,30.6,9.0,10.0,3.6,122.0,0.2,251.0,42.0
109932,0,72.0,1.0,33.5,14.0,22.0,4.5,65.0,0.9,156.0,42.0
109934,0,35.0,2.0,22.4,13.0,15.0,4.6,69.0,0.3,276.0,54.0
109937,1,74.0,1.0,11.164653475220124,16.0,23.0,3.5,47.0,1.0,141.0,54.0
109938,0,34.0,2.0,26.2,11.0,14.0,4.4,72.0,0.4,327.0,66.0
109939,0,37.0,2.0,23.5,10.0,15.0,4.1,92.0,0.2,306.0,54.0
109940,0,57.0,2.0,23.1,20.0,21.0,4.2,84.0,0.3,259.0,72.0
109941,0,57.0,2.0,31.0,29.0,26.0,3.7,90.0,0.3,289.0,52.0
109942,0,79.0,2.0,24.1,16.0,19.0,4.4,74.0,0.3,213.0,68.0
109945,0,32.0,1.0,24.3,25.0,28.0,4.5,62.0,1.3,229.0,78.0
109947,0,64.0,1.0,28.9,37.88235478420648,38.95207201520014,3.747009637981402,83.1806960084618,0.4552676862074511,193.6725707749836,39.95535694885038
109957,0,64.0,2.0,19.0,19.0,20.0,4.3,63.0,0.2,177.0,62.0
109959,0,80.0,2.0,39.4,11.0,14.0,3.6,109.0,0.4,289.0,55.0
109960,1,59.0,1.0,26.4,29.0,24.0,4.3,85.0,0.4,244.0,49.0
109961,0,50.0,2.0,32.8,36.38820640583359,31.643355498217044,3.8559005425703634,96.22676632248555,0.6754108518116408,335.0,66.11882350634826
109962,0,76.0,1.0,29.2,12.0,19.0,4.3,86.0,0.9,274.0,40.0
109963,0,48.0,2.0,24.2,42.0,72.0,3.6,85.0,0.4,204.0,118.0
109966,0,68.0,1.0,25.3,62.17144542173085,56.094534056790465,3.636424555228476,63.554108488644886,0.5457676689767742,265.0,54.0
109971,0,58.0,2.0,28.1,47.0,39.0,4.0,96.0,0.5,199.0,96.0
109972,0,41.0,2.0,31.1,34.228861895840716,23.19416057290283,4.452756384871849,39.53238299259226,0.343402853704905,268.97223698514557,65.17062837584085
109975,0,39.0,2.0,27.4,11.0,12.0,4.0,55.0,0.3,297.0,44.0
109976,0,58.0,1.0,26.7,20.0,29.0,4.0,82.0,0.4,253.0,44.0
109977,0,53.0,2.0,24.7,17.0,19.0,3.6,83.0,0.3,269.0,76.0
109978,0,30.0,2.0,21.7,12.0,18.0,4.4,71.0,0.4,338.0,71.0
109979,0,31.0,2.0,27.1,13.0,13.0,4.0,81.0,0.4,279.0,35.0
109980,0,18.0,1.0,24.7,25.0,19.0,4.7,95.0,1.0,258.0,55.0
109981,0,68.0,2.0,25.8,35.0,21.0,4.0,97.0,0.3,203.0,43.0
109987,0,59.0,2.0,23.2,14.0,26.0,3.7,79.0,0.2,191.0,55.0
109990,0,66.0,1.0,26.4,11.0,18.0,3.7,75.0,0.4,274.0,55.0
109991,0,50.0,1.0,29.1,33.0,25.0,4.0,39.0,1.4,326.0,49.0
109992,0,55.0,1.0,28.2,17.0,25.0,3.7,85.0,0.2,172.0,53.0
109997,0,27.0,1.0,34.1,78.0,59.0,3.9,115.0,0.2,374.0,48.0
110004,0,20.0,2.0,22.1,10.0,15.0,4.2,51.0,0.5,307.0,58.0
110005,0,45.0,2.0,24.5,11.0,12.0,3.4,70.0,0.6,239.0,56.0
110006,0,80.0,2.0,25.6,14.0,20.0,3.8,42.0,0.4,262.0,79.0
110010,0,55.0,2.0,23.8,15.0,19.0,3.9,89.0,0.4,170.0,58.0
110011,0,25.0,1.0,28.9,24.0,34.0,4.5,116.0,0.5,193.0,23.0
110015,0,52.0,2.0,31.3,31.0,23.0,3.8,97.0,0.2,226.0,45.0
110016,0,29.0,2.0,19.7,11.0,15.0,3.9,48.0,0.7,205.0,48.0
110018,0,20.0,2.0,17.2,11.0,18.0,4.1,90.0,0.4,206.0,66.0
110021,0,25.0,2.0,17.9,15.0,20.0,3.8,64.0,0.5,238.0,71.0
110023,0,62.0,2.0,28.1,13.0,19.0,4.3,49.0,0.3,269.0,59.0
110027,0,22.0,2.0,24.8,13.0,15.0,3.8,55.0,0.1,239.0,48.0
110028,0,23.0,2.0,19.2,62.0,36.0,3.9,165.0,0.6,303.0,44.0
110029,0,42.0,1.0,31.9,88.0,37.0,4.0,53.0,0.5,287.0,39.0
110030,0,27.0,2.0,21.3,8.0,17.0,4.1,58.0,0.7,217.0,66.0
110033,0,61.0,2.0,35.6775492243084,14.414353442062673,23.82967643094655,3.750425215035403,108.15187592761298,0.06702983227503909,339.2180985417106,39.95275629413898
110034,0,35.0,2.0,40.6,7.331778735374304,-1.593885114720118,4.4507767446570545,75.75497575820384,0.2830787892578096,167.89124944723105,35.564813721623125
110035,0,27.0,2.0,53.7,15.0,13.0,3.5,55.0,0.2,343.0,35.0
110036,0,50.0,2.0,29.9,11.615134361773215,18.872557247881222,3.9065712166908817,68.68598878725008,0.1474746307910443,299.0,66.0
110037,0,69.0,1.0,39.2,30.0,25.0,3.2,59.0,0.3,224.0,48.0
110038,0,58.0,2.0,25.7,8.0,17.0,3.8,107.0,0.3,229.0,60.0
110040,0,28.0,1.0,18.8,12.0,17.0,4.4,32.0,0.5,175.0,43.0
110041,0,44.0,2.0,53.2,32.0,24.0,3.3,85.0,0.5,387.0,46.0
110042,0,62.0,2.0,34.8,28.0,21.0,4.1,81.0,0.2,159.0,77.0
110043,0,37.0,1.0,28.9,17.0,20.0,3.9,90.0,0.4,372.0,41.0
110045,0,69.0,2.0,34.7,11.0,16.0,3.4,61.0,0.3,192.0,63.0
110052,0,42.0,1.0,30.9,20.0,18.0,4.3,62.0,0.3,250.0,42.0
110054,0,44.0,1.0,29.4,30.0,20.0,3.9,95.0,0.4,167.0,47.0
110055,0,70.0,1.0,29.2,19.0,19.0,4.3,51.0,0.5,236.0,55.0
110056,0,63.0,1.0,28.5,15.0,15.0,3.9,70.0,0.4,236.0,59.0
110057,1,69.0,1.0,38.4,66.0,27.0,3.9,63.0,0.5,231.0,32.0
110059,0,38.0,1.0,25.5,25.0,27.0,4.3,55.0,0.5,202.0,78.0
110061,0,61.0,1.0,29.4,43.0,31.0,4.6,87.0,0.4,248.0,41.0
110062,0,40.0,2.0,25.8,11.0,14.0,4.1,71.0,0.4,202.0,50.0
110063,0,18.0,2.0,27.1,7.0,12.0,4.0,90.0,0.6,302.0,53.0
110064,0,65.0,1.0,23.6,50.0,50.0,4.1,69.0,0.7,180.0,40.0
110065,0,60.0,1.0,26.8,17.0,24.0,4.7,57.0,0.9,217.0,80.0
110067,0,25.0,1.0,22.8,15.0,19.0,4.2,85.0,2.1,192.0,51.0
110068,0,77.0,2.0,23.3,11.0,15.0,3.9,42.0,0.5,266.0,121.0
110070,1,41.0,2.0,40.2,18.0,18.0,4.1,68.0,0.5,325.0,41.0
110071,0,59.0,1.0,26.2,27.0,22.0,3.6,60.0,0.4,349.0,56.0
110074,0,41.0,1.0,29.1,25.0,19.0,4.6,55.0,0.6,184.0,41.0
110079,0,54.0,2.0,37.2,12.0,12.0,4.2,115.0,0.4,234.0,69.0
110083,0,21.0,2.0,25.2,8.710561303840176,9.694414360840906,4.604461161069729,24.5915968432006,0.5380907283508913,276.24938059855543,67.19485278527746
110085,0,60.0,1.0,29.8,20.0,22.0,4.2,77.0,0.3,281.0,45.0
110087,0,62.0,1.0,24.6,17.0,17.0,4.0,128.0,0.5,303.0,40.0
110088,0,30.0,1.0,44.6,49.0,29.0,3.9,86.0,0.4,198.0,29.0
110090,0,56.0,1.0,34.7,17.0,18.0,3.5,97.0,0.3,224.0,39.0
110091,0,39.0,2.0,29.3,12.0,13.0,4.4,95.0,0.3,315.0,52.0
110093,0,30.0,2.0,19.9,12.0,12.0,4.4,46.0,0.4,202.0,59.0
110096,1,66.0,1.0,22.1,54.92053482764461,42.880033269659435,4.2832354669706545,67.48927482249346,0.6268007766139551,174.79630284700974,59.073322273923836
110098,0,21.0,1.0,30.6,20.0,22.0,4.8,97.0,0.7,207.0,62.0
110102,0,45.0,2.0,35.6,55.0,36.0,3.6,77.0,0.2,185.0,34.0
110103,0,80.0,1.0,23.0,14.0,35.0,4.0,60.0,0.3,131.0,44.0
110107,0,72.0,2.0,30.9,13.0,13.0,3.6,88.0,0.5,253.0,48.0
110112,0,36.0,2.0,28.6,21.0,17.0,4.0,73.0,0.1,319.0,54.0
110114,0,44.0,2.0,27.0,10.0,11.0,4.0,50.0,0.1,195.0,70.0
110116,0,35.0,2.0,31.7,14.0,14.0,4.4,81.0,0.3,239.0,56.0
110117,0,24.0,1.0,19.6,11.0,18.0,4.4,67.0,0.2,319.0,62.0
110120,0,34.0,2.0,37.8,58.0,35.0,3.7,71.0,0.4,301.0,41.0
110123,1,28.0,2.0,43.3,41.0,21.0,3.9,84.0,0.3,295.0,39.0
110124,1,55.0,2.0,39.1,9.43195493602601,16.67524252000691,4.245519165479438,15.682724374719768,0.9479539630832043,196.0,68.7798182177478
110125,0,60.0,2.0,32.5,20.0,18.0,4.0,99.0,0.8,234.0,73.0
110129,0,52.0,1.0,42.7,26.0,21.0,3.4,57.0,0.3,309.0,45.0
110130,0,54.0,2.0,27.7,15.0,14.0,4.5,58.0,0.3,255.0,57.0
110131,1,69.0,1.0,19.1,11.0,16.0,4.1,82.0,0.3,104.0,54.0
110134,0,49.0,1.0,25.4,50.0,41.0,3.9,173.0,0.3,223.0,53.0
110136,0,38.0,1.0,23.0,22.0,21.0,4.3,70.0,0.3,198.0,64.0
110137,0,52.0,1.0,24.5,17.0,17.0,4.4,62.0,0.4,200.0,51.0
110139,0,41.0,1.0,36.3,22.0,15.0,4.1,66.0,0.8,358.0,42.0
110142,0,61.0,1.0,31.9,38.0,21.0,4.2,73.0,1.1,239.0,32.0
110144,0,50.0,2.0,29.8,20.0,16.0,3.8,86.0,0.4,178.0,62.0
110147,1,60.0,2.0,37.3,37.0,56.0,3.3,78.0,0.8,137.0,59.0
110151,0,63.0,2.0,32.8,24.0,19.0,4.0,71.0,0.7,208.0,46.0
110153,0,70.0,1.0,23.4,13.0,20.0,4.1,41.0,0.5,323.0,55.0
110155,0,22.0,1.0,25.7,12.0,17.0,4.4,53.0,1.0,302.0,39.0
110159,0,45.0,1.0,22.8,14.0,21.0,4.1,61.0,0.4,258.0,59.0
110161,0,52.0,2.0,35.2,9.0,16.0,3.4,84.0,0.3,339.0,49.0
110165,0,54.0,1.0,55.0,20.0,19.0,4.0,78.0,0.6,189.0,39.0
110167,0,29.0,2.0,40.5,10.0,13.0,3.6,56.0,0.8,183.0,55.0
110168,0,54.0,2.0,31.1,24.0,20.0,4.0,82.0,0.2,225.0,45.0
110169,0,30.0,1.0,34.7,36.0,23.0,4.2,70.0,0.2,261.0,45.0
110171,0,22.0,2.0,21.3,32.0,28.0,4.4,64.0,0.2,290.0,87.0
110172,0,53.0,2.0,28.1,17.0,15.0,3.9,84.0,0.1,272.0,48.0
110173,0,27.0,1.0,23.7,22.0,20.0,4.5,95.0,0.7,222.0,41.0
110174,0,25.0,1.0,26.8,19.0,22.0,4.6,71.0,0.4,215.0,48.0
110175,0,30.0,1.0,34.5,20.0,20.0,4.2,50.0,0.4,224.0,42.0
110176,0,38.0,2.0,32.9,45.0,52.0,3.7,179.0,0.2,323.0,54.0
110178,0,57.0,2.0,25.4,29.0,18.0,3.7,74.0,0.3,252.0,41.0
110180,0,80.0,1.0,23.4,22.0,22.0,4.0,70.0,0.7,219.0,49.0
110182,0,61.0,2.0,48.6,36.0,24.0,4.2,79.0,0.8,259.0,50.0
110184,0,59.0,2.0,26.9,24.0,25.0,3.7,91.0,0.3,210.0,61.0
110185,0,80.0,2.0,30.0,18.0,19.0,3.9,80.0,1.6,187.0,53.0
110186,0,27.0,2.0,31.9,11.0,15.0,3.4,71.0,0.3,289.0,55.0
110187,0,58.0,2.0,44.0,12.0,12.0,3.7,71.0,0.3,190.0,50.0
110188,0,63.0,2.0,28.3,19.0,19.0,4.0,101.0,0.4,256.0,61.0
110190,0,19.0,2.0,23.9,12.0,20.0,4.1,67.0,0.2,241.0,62.0
110191,1,80.0,1.0,19.1,21.0,27.0,4.3,83.0,0.7,100.0,46.0
110194,0,74.0,2.0,38.5,17.0,20.0,4.2,66.0,0.3,261.0,57.0
110196,0,67.0,1.0,28.2,8.0,16.0,4.0,89.0,0.7,199.0,52.0
110200,0,60.0,2.0,28.6,16.0,20.0,4.0,95.0,0.4,384.0,51.0
110201,0,37.0,1.0,40.8,54.21590385319317,51.464616047009784,3.8066017368313334,116.12664954335295,0.47953949131007756,372.2442631056331,22.92758127434272
110204,0,70.0,1.0,26.8,30.0,33.0,4.1,49.0,0.7,181.0,110.0
110206,0,37.0,1.0,32.9,43.0,62.0,3.9,123.0,0.2,258.0,51.0
110207,0,52.0,2.0,26.8,14.0,13.0,4.0,89.0,0.7,219.0,45.0
110208,0,57.0,2.0,37.9,23.0,19.0,4.1,108.0,0.3,251.0,51.0
110211,0,43.0,2.0,21.2,19.0,18.0,4.2,45.0,0.8,191.0,69.0
110213,0,25.0,2.0,25.2,22.0,16.0,4.5,69.0,0.3,349.0,53.0
110214,0,32.0,2.0,20.8,11.0,19.0,4.0,43.0,0.3,280.0,37.0
110217,0,60.0,2.0,26.6,26.0,21.0,4.2,51.0,0.2,229.0,100.0
110218,0,28.0,2.0,23.5,14.0,16.0,3.8,59.0,0.3,276.0,60.0
110222,0,18.0,1.0,20.1,23.133693659110424,30.20395317649183,4.375404972203304,45.55503321633153,0.5364891156348054,140.12279273498305,58.19113860841226
110223,0,71.0,1.0,31.1,29.0,21.0,3.9,61.0,0.7,199.0,42.0
110224,0,34.0,2.0,36.2,13.0,13.0,3.7,111.0,0.5,336.0,39.0
110226,0,26.0,2.0,29.4,14.0,14.0,4.1,69.0,0.2,315.0,48.0
110228,0,44.0,1.0,36.1,23.0,20.0,4.0,63.0,0.5,167.0,67.0
110234,0,40.0,2.0,35.8,13.0,14.0,3.9,67.0,0.3,310.0,56.0
110235,0,41.0,1.0,31.6,23.0,21.0,4.2,30.0,0.4,184.0,41.0
110236,0,39.0,1.0,22.2,13.0,17.0,4.5,51.0,1.0,228.0,56.0
110240,0,37.0,1.0,35.4,60.0,30.0,4.2,70.0,0.7,275.0,42.0
110241,0,60.0,1.0,29.3,39.02985784305024,45.42439905775145,3.602683033821473,107.87610820196885,0.7076732157375987,160.0,65.74043517681054
110246,0,80.0,2.0,47.61910988561818,9.0,15.0,3.1,69.0,0.3,185.0,46.0
110247,0,31.0,2.0,37.4,15.0,15.0,4.0,92.0,0.2,258.0,42.0
110250,0,34.0,1.0,40.9,10.0,10.0,4.2,84.0,0.2,254.0,43.0
110251,0,60.0,2.0,24.5,14.0,24.0,4.6,82.0,0.2,382.0,58.0
110252,0,70.0,1.0,21.5,25.0,24.0,3.9,96.0,0.2,188.0,70.0
110254,0,60.0,1.0,22.3,33.57634513995825,26.121711537372633,3.7902136516685494,85.64500655762475,0.5326515753991615,174.317919991902,17.48990937371395
110264,1,63.0,1.0,25.1,8.0,15.0,4.0,90.0,0.3,259.0,38.0
110265,0,42.0,1.0,25.9,37.0,21.0,4.7,101.0,0.3,337.0,59.0
110266,0,29.0,2.0,34.1,18.0,19.0,4.2,102.0,0.2,318.0,55.0
110270,1,60.0,1.0,41.5,15.0,12.0,3.6,94.0,0.3,249.0,40.0
110272,0,45.0,1.0,27.2,25.0,16.0,4.3,71.0,0.7,184.0,59.0
110273,1,75.0,2.0,35.2,22.0,18.0,3.8,66.0,0.2,311.0,65.0
110276,0,46.0,1.0,26.3,30.0,18.0,4.5,81.0,0.9,286.0,35.0
110279,0,70.0,2.0,36.8,36.0,31.0,3.8,90.0,0.5,333.0,44.0
110286,0,43.0,1.0,31.0,35.0,20.0,4.1,88.0,0.5,362.0,38.0
110287,0,68.0,1.0,26.5,35.0,33.0,4.4,81.0,0.5,173.0,55.0
110289,0,36.0,1.0,34.8,21.0,20.0,4.6,70.0,0.5,213.0,41.0
110290,0,63.0,1.0,16.4,13.0,19.0,4.1,77.0,0.9,196.0,50.0
110291,0,64.0,1.0,30.0,26.0,15.0,3.9,101.0,0.4,262.0,50.0
110292,1,79.0,1.0,27.8,60.0,47.0,4.3,86.0,0.2,213.0,28.0
110293,0,21.0,1.0,24.0,18.0,28.0,4.2,82.0,0.4,208.0,62.0
110295,0,77.0,2.0,24.8,32.0,22.0,3.9,68.0,0.4,198.0,55.0
110296,0,48.0,1.0,20.8,18.0,18.0,4.3,61.0,0.4,203.0,71.0
110302,0,38.0,2.0,19.7,21.755578374702637,36.492362466489716,4.210262841816995,62.4540325754223,0.2831490507346627,398.6676118853012,73.43485061070177
110304,1,36.0,1.0,34.2,58.0,29.0,3.7,126.0,0.3,313.0,37.0
110305,0,19.0,2.0,20.8,17.0,18.0,4.5,51.0,0.8,276.0,70.0
110306,1,53.0,2.0,61.7,62.0,83.0,3.5,155.0,0.4,258.0,60.0
110307,0,27.0,1.0,23.6,22.0,19.159213756183348,3.8,95.0,0.4,193.0,41.0
110309,0,19.0,1.0,24.5,23.0,19.0,4.6,80.0,0.8,169.0,44.0
110310,0,74.0,2.0,34.6,9.0,19.0,4.0,100.0,0.2,229.0,69.0
110311,0,79.0,2.0,22.3,17.0,31.0,4.2,43.0,0.5,251.0,64.0
110317,0,64.0,2.0,26.3,14.0,18.0,4.2,79.0,0.3,320.0,73.0
110318,0,61.0,1.0,27.2,28.0,24.0,4.2,73.0,0.4,279.0,54.0
110319,0,34.0,2.0,32.1,23.0,19.0,3.8,102.0,0.8,237.0,48.0
110321,0,46.0,1.0,31.3,13.0,16.0,4.2,91.0,1.1,207.0,43.0
110322,0,46.0,1.0,30.2,19.0,21.0,4.5,93.0,0.8,172.0,40.0
110323,0,48.0,2.0,30.4,15.0,19.0,4.6,59.0,0.4,218.0,69.0
110326,0,39.0,1.0,28.9,24.0,18.0,4.4,56.0,1.0,183.0,48.0
110328,0,63.0,1.0,27.8,10.0,18.0,4.0,65.0,0.8,208.0,45.0
110332,0,49.0,2.0,46.2,17.0,20.0,3.7,94.0,0.5,209.0,89.0
110336,0,61.0,2.0,25.4,12.0,17.0,4.2,79.0,0.7,292.0,69.0
110341,0,49.0,1.0,24.5,18.0,29.0,3.8,59.0,0.2,230.0,38.0
110342,0,34.0,2.0,31.9,7.0,14.0,4.0,67.0,0.2,241.0,63.0
110347,0,32.0,1.0,30.3,54.0,29.0,4.3,64.0,0.3,210.0,46.0
110350,0,67.0,2.0,35.7,18.0,17.0,3.7,66.0,0.5,218.0,64.0
110351,0,49.0,1.0,29.1,22.0,21.0,4.6,64.0,0.6,290.0,88.0
110353,0,71.0,1.0,26.7,12.0,14.0,4.1,70.0,0.4,183.0,87.0
110356,0,43.0,1.0,23.6,24.0,23.0,4.1,67.0,0.2,252.0,36.0
110359,0,65.0,2.0,36.1,26.0,31.0,3.9,84.0,0.4,197.0,41.0
110366,0,61.0,1.0,19.9,20.0,18.0,3.8,79.0,0.7,279.0,56.0
110367,0,18.0,1.0,18.2,52.0,192.0,4.6,71.0,0.6,182.0,63.0
110372,0,78.0,1.0,31.8,21.0,16.0,3.8,83.0,0.4,194.0,31.0
110374,0,45.0,2.0,49.7,16.0,20.0,3.7,100.0,0.1,327.0,41.0
110376,0,37.0,2.0,23.9,12.0,19.0,3.1,32.0,0.2,139.0,88.0
110378,0,44.0,2.0,49.1,12.0,13.0,3.6,83.0,0.3,261.0,47.0
110379,0,20.0,2.0,23.4,13.0,16.0,4.1,42.0,0.4,254.0,64.0
110380,0,21.0,1.0,18.2,8.0,17.0,4.4,61.0,0.5,179.0,70.0
110381,0,40.0,2.0,42.8,11.0,12.0,3.6,89.0,0.2,300.0,53.0
110385,0,36.0,1.0,24.6,21.0,17.0,4.0,47.0,0.6,241.0,53.0
110386,1,75.0,2.0,25.9,9.0,18.0,3.9,85.0,0.3,176.0,40.0
110387,1,54.0,1.0,42.8,27.0,21.0,4.1,90.0,0.2,211.0,40.0
110389,0,70.0,1.0,25.5,17.0,20.0,4.3,60.0,0.9,216.0,67.0
110390,0,61.0,1.0,30.1,26.0,23.0,4.3,63.0,0.5,218.0,78.0
110391,0,33.0,2.0,26.2,10.0,12.0,4.1,48.0,0.8,269.0,60.0
110394,0,40.0,1.0,24.4,15.0,15.0,4.6,75.0,1.5,195.0,53.0
110396,0,47.0,1.0,29.0,21.0,15.0,4.1,81.0,0.5,183.0,53.0
110397,0,64.0,1.0,28.9,23.493542128725807,22.080222960788195,3.8989349729681457,100.1632497971705,0.7089325016379185,282.0,64.70737473466488
110399,0,36.0,1.0,18.1,49.0,42.0,4.5,85.0,0.3,208.0,48.0
110400,0,44.0,1.0,37.2,44.0,28.0,4.2,66.0,1.4,202.0,37.0
110402,0,50.0,1.0,34.7,14.0,19.0,3.6,65.0,0.3,231.0,50.0
110406,0,31.0,2.0,51.9,10.0,13.0,3.3,89.0,0.3,332.0,55.0
110408,0,35.0,2.0,25.2,9.0,13.0,3.9,49.0,0.5,227.0,63.0
110409,0,52.0,2.0,27.7,13.0,19.0,4.5,63.0,0.5,328.0,71.0
110410,0,65.0,2.0,31.5,13.0,15.0,3.7,87.0,0.3,269.0,29.0
110411,0,39.0,2.0,45.1,11.0,13.0,3.4,64.0,0.2,211.0,58.0
110412,0,74.0,1.0,25.7,13.0,20.0,3.4,75.0,0.2,277.0,72.0
110414,0,28.0,1.0,22.5,35.0,28.0,4.2,86.0,0.1,201.0,61.0
110415,0,50.0,1.0,26.3,14.0,20.0,4.6,72.0,0.6,297.0,66.0
110418,0,62.0,2.0,37.1,28.0,29.0,2.6,96.0,0.2,202.0,46.0
110419,0,35.0,2.0,31.7,11.0,13.0,3.9,42.0,0.3,286.0,45.0
110421,0,74.0,2.0,33.5,10.0,14.0,4.2,79.0,0.4,297.0,38.0
110425,0,31.0,2.0,27.4,14.0,14.0,3.8,91.0,0.3,414.0,35.0
110426,0,62.0,1.0,25.9,36.0,26.0,4.3,87.0,0.7,318.0,52.0
110427,0,28.0,2.0,33.6,12.0,11.0,3.9,69.0,0.6,307.0,34.0
110429,0,80.0,2.0,33.3,10.0,16.0,3.5,48.0,0.3,189.0,63.0
110430,0,46.0,2.0,29.5,7.0,13.0,4.2,80.0,0.8,202.0,48.0
110431,0,65.0,2.0,21.4,14.0,26.0,4.6,69.0,0.5,278.0,88.0
110434,1,53.0,1.0,42.3,32.0,21.0,4.0,67.0,0.4,154.0,39.0
110438,0,61.0,2.0,33.4,16.0,22.0,4.1,70.0,0.2,201.0,89.0
110440,1,80.0,1.0,32.7,20.0,20.0,3.9,116.0,1.5,203.0,33.0
110442,0,38.0,2.0,28.4,12.0,15.0,4.2,82.0,0.4,377.0,32.0
110445,1,34.0,1.0,52.2,57.543828224270214,47.48619562833413,4.080207935134126,66.01987576506434,0.5404787514890287,270.84748658674135,14.57189256898323
110446,0,56.0,1.0,30.9,32.0,24.0,4.2,74.0,0.5,230.0,45.0
110449,0,53.0,2.0,45.1,18.0,13.0,3.9,79.0,0.4,396.0,58.0
110450,0,39.0,1.0,29.1,32.0,23.0,4.3,61.0,0.3,352.0,53.0
110453,0,69.0,2.0,31.1,18.0,19.0,3.7,132.0,0.4,206.0,49.0
110454,0,60.0,2.0,23.7,13.0,17.0,4.2,56.0,0.7,233.0,58.0
110457,0,29.0,1.0,34.5,44.0,29.0,4.5,91.0,0.4,256.0,54.0
110460,0,31.0,2.0,26.6,12.0,20.0,4.2,58.0,0.5,240.0,73.0
110461,0,50.0,1.0,23.2,20.0,22.0,3.9,77.0,0.5,258.0,67.0
110463,0,70.0,1.0,27.733403040987135,19.0,24.0,4.1,68.0,0.4,219.0,32.0
110464,0,47.0,2.0,21.7,24.0,24.0,3.5,72.0,0.4,301.0,126.0
110465,0,58.0,2.0,21.5,11.0,17.0,4.0,63.0,0.2,255.0,50.0
110467,0,33.0,2.0,33.1,14.0,17.0,3.8,56.0,0.7,202.0,76.0
110473,0,44.0,1.0,24.7,42.0,24.0,5.0,42.0,1.0,192.0,46.0
110474,0,56.0,2.0,33.8,21.0,18.0,3.6,124.0,0.3,332.0,54.0
110476,0,22.0,2.0,29.0,12.0,25.0,3.8,81.0,0.2,309.0,55.0
110477,0,23.0,1.0,29.1,35.0,23.0,4.2,54.0,0.6,151.0,68.0
110478,0,18.0,1.0,27.8,18.0,19.0,4.6,64.0,0.3,221.0,44.0
110479,0,69.0,2.0,30.3,32.470753322052815,28.566501571637943,3.3993933172173096,83.13944365813968,0.12162065256832474,262.0,54.48260678137258
110482,0,77.0,1.0,31.8,9.0,12.0,4.2,58.0,0.6,116.0,41.0
110488,1,71.0,1.0,37.9,15.0,22.0,4.0,92.0,0.4,269.0,38.0
110489,0,80.0,1.0,20.4,10.0,12.0,3.7,126.0,0.4,350.0,57.0
110492,0,39.0,2.0,30.7,13.0,16.0,4.4,66.0,0.7,339.0,83.0
110494,0,49.0,1.0,27.6,11.0,17.0,3.6,65.0,0.2,236.0,53.0
110495,0,54.0,2.0,62.1,18.0,19.0,4.5,66.0,0.4,291.0,43.0
110496,0,52.0,2.0,32.0,23.0,25.0,4.4,48.0,0.4,261.0,59.0
110498,0,54.0,2.0,26.1,14.0,20.0,3.9,90.0,0.6,233.0,65.0
110503,0,34.0,2.0,33.9,17.0,13.0,3.8,90.0,0.2,319.0,35.0
110506,0,65.0,1.0,22.3,31.0,29.0,4.5,59.0,0.3,155.0,38.0
110507,0,19.0,2.0,27.1,17.0,17.0,4.2,107.0,0.2,239.0,57.0
110508,0,61.0,2.0,25.2,14.0,17.0,3.9,60.0,0.5,395.0,71.0
110509,0,60.0,1.0,26.0,52.0,39.0,3.9,94.0,0.4,209.0,84.0
110510,0,59.0,2.0,31.1,11.0,13.0,3.8,86.0,0.6,274.0,52.0
110512,0,19.0,1.0,27.3,21.0,18.0,4.6,53.0,0.2,254.0,35.0
110514,0,64.0,1.0,26.0,61.25539946122706,52.334785039556536,4.299752346953949,93.15326927858548,0.45579610255517433,101.0,51.63675791327977
110518,0,57.0,2.0,25.5,31.0,32.0,4.4,84.0,0.4,318.0,102.0
110520,0,25.0,1.0,23.8,13.0,20.0,4.5,79.0,0.3,291.0,62.0
110521,0,19.0,2.0,24.1,420.0,198.0,4.1,62.0,0.7,170.0,69.0
110522,0,64.0,1.0,33.8,16.0,19.0,4.4,104.0,0.4,370.0,45.0
110524,0,58.0,1.0,33.2,27.0,25.0,4.2,97.0,1.1,148.0,49.0
110526,0,23.0,1.0,26.4,17.0,17.0,4.2,56.0,0.4,210.0,64.0
110527,0,39.0,2.0,38.0,13.0,15.0,3.9,88.0,0.6,255.0,52.0
110531,1,68.0,2.0,36.9,11.0,12.0,3.5,69.0,0.2,305.0,30.0
110532,1,57.0,2.0,37.3,20.0,18.0,4.2,85.0,0.6,216.0,56.0
110535,0,36.0,1.0,29.7,-1.8448080764039467,-0.967223968727839,4.177673152854189,75.2265035734199,0.6014668430257739,219.89831335096446,46.20815962768317
110538,1,63.0,2.0,56.1,19.0,22.0,3.6,84.0,0.3,314.0,55.0
110540,0,28.0,2.0,24.3,11.0,17.0,4.0,125.0,0.2,269.0,64.0
110541,1,18.0,1.0,40.7,21.0,16.0,3.9,94.0,0.3,229.0,36.0
110543,0,27.0,2.0,20.6,16.0,20.0,4.4,107.0,0.7,248.0,66.0
110544,0,61.0,1.0,29.8,32.0,25.0,4.1,100.0,0.4,181.0,37.0
110545,0,37.0,1.0,42.9,32.0,25.0,4.2,61.0,1.2,306.0,35.0
110546,0,40.0,1.0,27.7,29.0,21.0,3.8,74.0,0.3,242.0,41.0
110548,0,55.0,2.0,36.0,17.0,21.0,3.8,138.0,0.3,226.0,54.0
110551,0,47.0,1.0,27.4,26.0,20.0,4.0,79.0,1.0,225.0,44.0
110552,0,34.0,2.0,33.5,11.0,15.0,3.5,91.0,0.2,338.0,46.0
110553,0,24.0,2.0,22.8,8.0,14.0,4.1,61.0,0.4,250.0,58.0
110555,0,49.0,2.0,36.4,15.0,19.0,4.1,76.0,0.4,244.0,44.0
110557,0,34.0,1.0,20.0,12.0,11.354657660959386,4.1,56.0,0.3,269.0,63.0
110558,0,61.0,2.0,19.9,32.0,21.0,4.2,86.0,0.8,298.0,81.0
110560,0,31.0,1.0,31.4,63.0,38.0,3.8,86.0,1.2,245.0,53.0
110565,0,27.0,2.0,23.6,29.803739809541135,35.63570193486985,4.2886560208648445,59.403997522802015,0.8794324329550665,415.5399407925797,79.98367903227019
110567,0,34.0,1.0,33.4,51.66914013012815,40.27632122786215,4.076154723146907,93.50927076799894,0.7377513894108974,328.0,32.81242555105353
110571,1,59.0,2.0,24.7,14.0,16.0,3.7,121.0,0.4,290.0,50.0
110572,0,39.0,2.0,37.6,19.0,22.0,3.9,68.0,0.8,208.0,55.0
110573,0,61.0,1.0,24.1,20.0,26.0,4.4,84.0,0.4,210.0,33.0
110575,1,80.0,1.0,32.5,14.0,14.0,3.5,79.0,1.2,110.0,57.0
110576,0,37.0,2.0,29.7,17.0,19.0,3.8,57.0,0.2,259.0,55.0
110578,0,66.0,1.0,31.7,9.0,13.0,3.5,87.0,0.3,164.0,50.0
110579,0,48.0,1.0,37.5,20.0,16.0,3.7,94.0,0.3,297.0,66.0
110581,0,40.0,2.0,38.8,18.0,16.0,4.0,110.0,0.3,258.0,31.0
110582,0,41.0,1.0,30.8,24.779041251360482,24.916697642042756,3.875651968308005,86.48515448539872,0.44839550466965744,252.53997711748818,38.88913235107008
110586,0,69.0,1.0,21.7,8.141350789198736,15.411036166795666,4.938293967239147,48.32803506784856,0.32315674790155574,294.0,38.43487814733748
110588,0,65.0,2.0,31.0,27.0,22.0,4.3,83.0,0.4,200.0,82.0
110594,0,19.0,1.0,23.0,21.0,17.0,4.7,115.0,0.7,210.0,57.0
110597,0,57.0,2.0,37.3,24.734173892519006,17.266226459268523,4.26940505800015,131.05534911885246,0.09975787347234427,250.15347938426484,57.46825796804045
110602,0,30.0,2.0,20.0,7.0,22.0,4.0,41.0,0.6,298.0,117.0
110603,0,56.0,1.0,24.3,18.0,20.0,4.0,92.0,0.2,202.0,60.0
110604,0,19.0,1.0,21.9,15.0,19.0,4.2,76.0,0.7,328.0,41.0
110606,0,33.0,2.0,39.0,8.0,11.0,3.5,87.0,0.2,407.0,48.0
110607,0,58.0,2.0,31.8,21.0,19.0,4.2,56.0,0.4,233.0,74.0
110608,0,60.0,1.0,42.0,32.0,23.0,4.0,118.0,0.4,215.0,45.0
110610,0,29.0,2.0,42.0,12.0,11.0,3.6,80.0,0.5,288.0,56.0
110613,0,53.0,1.0,24.8,31.0,30.0,4.3,62.0,0.5,205.0,56.0
110614,0,44.0,1.0,27.8,57.0,25.0,4.3,43.0,0.3,217.0,34.0
110615,0,75.0,2.0,23.2,16.0,21.0,3.8,86.0,0.2,191.0,87.0
110617,0,75.0,1.0,23.5,22.0,22.0,4.4,65.0,0.3,213.0,64.0
110621,0,62.0,1.0,27.5,17.0,16.0,3.6,51.0,0.4,157.0,51.0
110622,1,66.0,1.0,24.6,6.0,12.0,4.2,68.0,0.5,286.0,47.0
110624,0,43.0,1.0,27.3,35.0,29.0,4.2,71.0,0.2,210.0,41.0
110626,0,33.0,2.0,35.7,28.0,14.0,4.0,50.0,0.4,364.0,23.0
110627,0,31.0,1.0,28.1,14.0,18.0,4.5,76.0,0.5,470.0,39.0
110628,0,63.0,2.0,24.6,27.0,29.0,4.1,71.0,0.3,237.0,81.0
110631,0,55.0,2.0,28.2,-7.976661464108679,17.5474541765481,4.281473872244919,70.82697881856396,0.7742278056101783,192.0,56.763015461187045
110636,0,56.0,2.0,43.9,9.0,11.0,3.7,117.0,0.4,297.0,35.0
110638,1,60.0,1.0,56.3,22.0,18.0,4.0,136.0,0.5,328.0,38.0
110639,0,52.0,1.0,32.6,60.0,33.0,4.1,52.0,0.8,234.0,47.0
110640,0,59.0,2.0,32.2,14.0,15.0,3.8,65.0,0.2,405.0,58.0
110645,0,43.0,2.0,41.5,14.0,16.0,3.2,79.0,0.1,269.0,28.0
110650,0,22.0,1.0,19.3,39.645887239377224,46.862400642323884,4.71885165199995,49.246109771577764,0.7497683911637177,197.7321789454232,64.87616218588927
110651,0,63.0,1.0,26.1,34.0,20.0,4.0,55.0,0.2,220.0,49.0
110655,0,39.0,1.0,41.3,20.0,15.0,3.8,45.0,0.4,366.0,38.0
110656,0,80.0,1.0,33.60185818747545,14.0,14.0,4.0,72.0,0.3,331.0,51.0
110657,0,28.0,1.0,22.8,14.0,15.0,3.4,72.0,0.4,194.0,44.0
110658,0,61.0,2.0,29.1,17.0,15.0,4.2,135.0,0.4,287.0,58.0
110661,1,47.0,1.0,52.3,-10.229528212591877,-4.79778622604065,3.3810309560591385,60.64462947002767,0.46508819031929727,205.51729174207156,31.556170075016837
110662,0,76.0,2.0,33.5,12.0,15.0,3.8,98.0,0.2,296.0,57.0
110663,0,59.0,1.0,29.9,15.0,14.0,4.1,74.0,0.2,209.0,46.0
110665,0,58.0,2.0,35.8,19.0,19.0,3.7,77.0,0.4,335.0,43.0
110672,0,80.0,2.0,29.1,10.0,15.0,4.1,48.0,0.5,145.0,57.0
110675,0,80.0,2.0,28.3,9.0,12.0,4.0,129.0,0.6,225.0,62.0
110681,0,28.0,1.0,20.6,20.0,20.0,4.2,65.0,0.4,242.0,54.0
110682,0,54.0,1.0,25.8,17.0,28.0,3.9,64.0,0.5,144.0,72.0
110684,0,23.0,2.0,23.6,8.0,13.0,4.3,52.0,0.2,293.0,58.0
110686,0,38.0,1.0,22.2,10.0,19.0,4.1,53.0,0.2,140.0,51.0
110688,0,34.0,2.0,18.7,11.0,15.0,4.0,68.0,0.2,395.0,55.0
110690,1,52.0,1.0,23.5,35.0,63.0,4.6,109.0,1.5,175.0,41.0
110692,0,27.0,1.0,18.9,15.0,24.0,4.2,83.0,0.3,220.0,88.0
110698,0,67.0,2.0,30.2,18.0,19.0,4.0,82.0,0.4,162.0,56.0
110699,1,56.0,2.0,39.9,12.0,13.0,3.5,71.0,0.2,305.0,80.0
110700,0,68.0,1.0,28.7,15.0,15.0,4.0,76.0,0.5,156.0,40.0
110702,0,39.0,1.0,31.0,18.0,18.0,4.1,64.0,1.3,182.0,41.0
110703,0,78.0,1.0,25.5,13.0,22.0,4.2,70.0,0.4,251.0,45.0
110704,0,63.0,1.0,24.1,23.0,24.0,3.9,65.0,0.3,227.0,60.0
110705,0,40.0,1.0,23.5,15.0,15.0,4.3,81.0,0.8,184.0,46.0
110709,1,70.0,1.0,34.3,14.0,26.0,4.1,66.0,0.9,178.0,65.0
110710,0,69.0,1.0,26.7,18.0,1.5114834341131864,4.6,46.0,0.3,204.0,38.0
110711,0,40.0,2.0,32.7,10.0,13.0,3.9,94.0,0.3,237.0,79.0
110712,0,59.0,2.0,25.9,21.0,18.0,3.9,130.0,0.5,253.0,71.0
110713,0,26.0,2.0,22.3,16.0,21.0,4.2,57.0,0.4,294.0,65.0
110714,0,67.0,2.0,27.0,14.0,22.0,4.0,71.0,0.2,326.0,56.0
110715,0,55.0,1.0,22.5,27.0,23.0,3.9,40.0,0.7,192.0,53.0
110717,0,61.0,2.0,18.8,25.0,83.0,3.8,58.0,0.5,147.0,89.0
110718,1,32.0,1.0,45.0,81.0,37.0,4.6,48.0,0.6,202.0,47.0
110719,0,18.0,1.0,35.6,36.0,31.0,4.5,81.0,0.4,236.0,40.0
110721,0,80.0,2.0,23.2,11.0,21.0,3.8,76.0,0.5,302.0,65.0
110722,0,25.0,1.0,47.6,43.0,29.0,3.5,102.0,0.2,256.0,41.0
110723,0,73.0,1.0,24.5,20.0,23.0,4.1,98.0,0.5,336.0,73.0
110726,1,62.0,1.0,25.4,14.0,18.0,3.6,52.0,0.3,436.0,37.0
110728,0,72.0,1.0,28.4,21.0,18.0,3.6,95.0,0.5,159.0,46.0
110730,0,29.0,2.0,22.2,8.0,31.0,3.9,50.0,0.1,261.0,85.0
110736,0,49.0,2.0,31.0,12.0,14.0,4.0,49.0,0.3,289.0,44.0
110739,0,40.0,2.0,26.3,13.0,17.0,4.2,62.0,0.4,273.0,69.0
110742,0,55.0,1.0,22.6,17.0,21.0,3.8,60.0,0.3,216.0,67.0
110747,0,80.0,1.0,34.4,33.0,23.0,3.5,63.0,0.8,239.0,26.0
110749,0,80.0,2.0,23.8,18.0,21.0,3.8,56.0,0.2,205.0,90.0
110750,0,52.0,1.0,31.5,23.0,20.0,4.0,101.0,0.3,301.0,52.0
110751,0,69.0,2.0,41.4,17.0,14.0,3.7,83.0,0.3,231.0,47.0
110752,0,28.0,1.0,31.6,11.0,18.0,4.4,78.0,1.3,250.0,48.0
110753,0,36.0,1.0,29.4,25.0,24.0,3.5,62.0,0.4,217.0,11.0
110757,1,45.0,1.0,58.0,38.959995696534406,22.520492941891924,3.450522242281409,127.90473791519327,0.6278693522074053,333.3130773253536,37.26692151547002
110759,0,54.0,1.0,37.9,14.0,22.0,3.5,56.0,0.5,155.0,49.0
110760,0,28.0,1.0,31.3,18.0,18.0,3.9,78.0,0.5,240.0,61.0
110762,1,66.0,1.0,41.1,26.0,19.0,3.9,71.0,0.5,169.0,39.0
110763,1,71.0,1.0,36.9,50.0,37.0,4.0,71.0,1.0,146.0,43.0
110765,0,59.0,2.0,31.0,13.0,17.0,4.0,85.0,0.3,266.0,65.0
110766,0,20.0,2.0,32.6,19.0,17.0,4.1,78.0,0.6,231.0,55.0
110769,0,18.0,2.0,24.4,11.0,15.0,4.0,58.0,0.2,396.0,40.0
110770,0,67.0,1.0,24.1,7.0,20.0,3.8,62.0,0.3,190.0,84.0
110771,0,34.0,2.0,30.8,9.0,17.0,3.9,49.0,0.3,199.0,60.0
110773,0,18.0,2.0,20.0,11.0,16.0,4.3,56.0,0.6,191.0,64.0
110775,1,71.0,1.0,33.4,38.0,32.0,4.4,118.0,0.7,100.0,78.0
110776,0,62.0,2.0,23.8,11.760904922378902,17.0479919999456,4.061394746387577,124.35784552328715,0.3031797801782816,282.70611983555256,41.09123616005121
110778,0,80.0,1.0,36.9,13.0,18.0,3.6,99.0,0.4,179.0,35.0
110779,0,70.0,2.0,24.3,17.0,24.0,4.3,85.0,0.4,267.0,78.0
110780,0,37.0,2.0,34.6,21.0,18.0,3.6,69.0,0.2,264.0,43.0
110781,0,62.0,1.0,35.3,20.0,19.0,4.2,58.0,0.3,214.0,41.0
110784,0,32.0,2.0,25.3,12.0,13.0,3.9,72.0,0.4,125.0,71.0
110785,0,26.0,1.0,42.3,49.0,29.0,4.3,73.0,0.8,217.0,30.0
110789,0,36.0,2.0,32.9,10.0,13.0,4.0,120.0,0.3,297.0,39.0
110791,0,56.0,2.0,24.5,13.0,14.0,3.8,76.0,0.4,308.0,87.0
110792,0,44.0,2.0,19.4,9.0,13.0,4.4,47.0,0.7,268.0,70.0
110794,0,58.0,2.0,44.6,26.0,17.0,3.8,202.0,0.2,199.0,55.0
110795,0,47.0,2.0,38.5,9.0,15.0,3.8,67.0,0.5,373.0,46.0
110796,0,50.0,2.0,33.1,28.0,23.0,3.9,76.0,0.4,213.0,36.0
110798,0,25.0,1.0,23.1,26.451542865996938,19.7825395575394,4.171813449030875,33.11841909348122,0.2988107252659867,195.0,55.79015566850625
110800,0,22.0,1.0,25.3,15.0,18.0,4.7,72.0,0.9,171.0,54.0
110803,0,80.0,2.0,24.5,18.0,22.0,4.2,86.0,0.6,230.0,66.0
110805,0,64.0,2.0,27.8,11.0,16.0,3.5,110.0,0.2,287.0,38.0
110806,0,53.0,2.0,37.6,13.0,14.0,4.1,118.0,0.2,306.0,32.0
110810,1,70.0,1.0,35.6,32.0,20.0,4.0,56.0,0.5,306.0,50.0
110811,0,45.0,2.0,27.2,36.0,22.0,4.1,93.0,0.3,345.0,71.0
110813,0,66.0,1.0,34.7,11.0,16.0,3.5,103.0,0.4,253.0,52.0
110814,0,21.0,1.0,42.5,29.0,16.0,3.9,93.0,0.4,161.0,38.0
110816,0,29.0,2.0,30.7,7.0,12.0,4.4,75.0,0.2,278.0,53.0
110819,0,35.0,2.0,27.1,17.0,14.0,4.0,55.0,0.8,256.0,47.0
110820,0,63.0,1.0,34.3,18.0,13.0,4.2,132.0,0.3,198.0,42.0
110821,1,79.0,2.0,31.9,18.0,31.0,3.4,110.0,0.7,178.0,47.0
110822,0,73.0,1.0,25.7,36.0,40.0,4.3,87.0,0.2,241.0,75.0
110830,0,33.0,1.0,26.9,14.0,20.0,4.1,64.0,0.3,222.0,39.0
110831,0,67.0,1.0,26.1,-3.049604413490849,-1.188334756670904,4.076313912018777,81.85867749515347,0.5536731893181582,349.68286473108776,39.93335270706925
110833,0,68.0,2.0,25.7,49.0,35.0,3.9,63.0,0.1,404.0,77.0
110835,0,50.0,2.0,34.2,13.0,15.0,3.4,79.0,0.2,308.0,57.0
110836,0,45.0,1.0,41.9,20.0,14.0,3.5,125.0,0.2,322.0,38.0
110837,1,20.0,1.0,31.3,50.88444163758403,40.26496267410998,4.26449658181246,31.934117890558348,1.0018349847387111,255.2085121369682,52.55639037202185
110841,1,54.0,1.0,44.4,20.0,16.0,4.1,91.0,0.4,273.0,41.0
110842,0,51.0,1.0,21.4,7.078717690112828,24.061882651747624,4.369692616460029,88.00291815151037,0.7533118193671257,129.69140984448117,33.87454371412592
110848,0,19.0,1.0,28.1,69.0,44.0,4.6,70.0,0.6,241.0,49.0
110851,0,26.0,2.0,18.0,8.0,15.0,4.1,43.0,0.1,165.0,85.0
110852,0,61.0,1.0,33.1,14.0,17.0,4.0,68.0,0.5,294.0,54.0
110853,0,42.0,1.0,26.7,38.0,21.0,4.6,88.0,0.5,319.0,38.0
110857,0,40.0,1.0,27.4,29.0,22.0,4.3,74.0,0.3,319.0,60.0
110859,0,65.0,1.0,39.4,12.0,21.0,4.1,70.0,0.5,158.0,41.0
110861,0,67.0,2.0,25.0,22.0,18.0,4.4,99.0,0.3,310.0,61.0
110862,0,26.0,1.0,22.5,10.0,14.0,4.1,59.0,0.2,225.0,32.0
110865,0,24.0,1.0,25.5,18.0,22.0,4.3,65.0,0.2,229.0,49.0
110866,0,80.0,2.0,27.7,1.8237752333450081,15.398481093007048,3.4746507538831035,82.83629119691628,0.0529072959905989,212.84211536509525,59.18070911106064
110867,0,80.0,1.0,23.6,20.0,28.0,4.0,68.0,0.4,167.0,37.0
110868,0,40.0,1.0,37.5,34.0,23.0,4.2,63.0,0.3,172.0,82.0
110870,0,78.0,1.0,27.4,17.0,21.0,4.2,66.0,0.6,139.0,38.0
110871,0,18.0,1.0,21.5,10.0,14.0,4.4,79.0,0.7,233.0,47.0
110875,0,63.0,1.0,25.2,18.0,16.0,3.9,81.0,0.5,190.0,48.0
110876,0,56.0,1.0,30.7,15.0,20.0,4.0,75.0,1.3,173.0,43.0
110881,0,29.0,2.0,29.1,9.0,13.0,3.4,96.0,0.1,172.0,37.0
110882,0,70.0,1.0,25.1,2.0,10.0,3.2,57.0,0.2,202.0,42.0
110884,0,79.0,1.0,23.7,7.0,15.0,4.4,75.0,0.5,156.0,65.0
110886,0,64.0,1.0,32.0,16.0,16.0,3.9,89.0,0.6,199.0,32.0
110887,0,20.0,2.0,18.8,10.0,13.0,4.2,39.0,0.3,220.0,55.0
110888,0,68.0,2.0,35.2,27.0,18.0,3.7,109.0,0.4,136.0,60.0
110889,0,71.0,2.0,29.8,13.0,13.0,4.1,98.0,0.4,205.0,38.0
110890,0,41.0,2.0,26.4,11.0,15.0,3.7,63.0,1.3,293.0,37.0
110891,0,71.0,2.0,30.8,31.805551959590762,35.05513831835244,4.24433062743452,75.92014795432742,0.7235305277502451,187.0,53.974392435080034
110894,0,50.0,2.0,39.2,9.0,11.0,3.7,54.0,0.6,249.0,43.0
110895,0,18.0,2.0,19.5,13.0,16.0,4.7,54.0,0.3,267.0,44.0
110897,0,50.0,1.0,27.4,25.0,26.0,3.9,66.0,0.3,207.0,49.0
110898,0,41.0,1.0,34.6,18.0,14.0,4.6,55.0,0.4,218.0,38.0
110899,0,29.0,2.0,34.5,16.0,17.0,3.8,80.0,0.4,294.0,66.0
110900,1,62.0,2.0,37.9,28.0,29.0,3.9,134.0,0.3,262.0,55.0
110904,0,26.0,1.0,31.9,34.0,21.0,4.4,87.0,0.6,171.0,45.0
110905,0,42.0,2.0,22.9,11.0,16.0,4.2,77.0,0.1,345.0,59.0
110908,0,31.0,1.0,27.1,19.749490553478143,16.662384384802444,3.670052196943924,76.59271306844697,0.3340662791364813,209.0,76.13804324524506
110909,0,61.0,2.0,30.9,16.0,18.0,3.8,118.0,0.2,269.0,66.0
110910,0,46.0,1.0,25.9,16.0,24.0,4.3,59.0,0.9,213.0,53.0
110915,0,80.0,2.0,24.7,6.0,14.0,3.6,77.0,0.3,260.0,85.0
110916,0,33.0,2.0,23.0,11.0,10.0,4.1,89.0,0.6,213.0,60.0
110917,0,47.0,1.0,23.9,41.0,37.0,4.0,57.0,0.3,228.0,85.0
110918,0,65.0,1.0,27.6,11.0,15.0,3.8,87.0,0.5,227.0,58.0
110920,1,67.0,2.0,35.6,53.0,46.0,4.3,66.0,0.2,220.0,50.0
110921,0,33.0,2.0,25.2,12.0,15.0,4.4,100.0,0.2,299.0,47.0
110924,0,64.0,1.0,23.7,43.72699821880415,49.54968060740205,4.194984151668324,123.98056981916358,0.6618797331096786,222.62154470953192,55.994137839105264
110925,0,80.0,1.0,37.9,11.0,13.0,3.7,35.0,0.6,216.0,48.0
110929,0,80.0,1.0,31.7,15.0,23.0,3.2,151.0,0.7,201.0,66.0
110934,0,27.0,1.0,30.9,30.0,18.0,4.5,50.0,0.4,269.0,24.0
110935,0,61.0,1.0,37.5,36.0,22.0,3.9,86.0,0.3,259.0,44.0
110940,0,55.0,2.0,38.1,9.0,14.0,3.5,90.0,0.2,237.0,67.0
110941,0,59.0,2.0,29.6,22.0,22.0,4.0,53.0,0.4,208.0,54.0
110942,0,68.0,2.0,25.3,10.0,19.0,3.9,59.0,0.8,180.0,45.0
110944,0,73.0,1.0,34.0,30.0,27.0,3.7,46.0,0.8,171.0,41.0
110949,0,26.0,2.0,25.0,8.0,14.0,4.3,63.0,0.4,375.0,54.0
110950,0,57.0,1.0,32.8,31.0,28.0,4.1,92.0,0.5,266.0,50.0
110952,1,80.0,1.0,29.3,24.0,29.0,4.0,79.0,0.6,186.0,41.0
110953,0,64.0,2.0,25.8,9.0,17.0,3.9,112.0,0.1,261.0,56.0
110954,0,24.0,2.0,19.7,13.0,19.0,4.1,67.0,0.4,174.0,58.0
110956,0,76.0,2.0,40.2,26.0,31.0,4.0,72.0,0.3,230.0,44.0
110957,0,31.0,1.0,26.3,25.0,22.0,4.5,97.0,1.2,224.0,35.0
110958,0,51.0,1.0,18.1,8.0,13.0,3.7,77.0,0.5,197.0,50.0
110959,0,63.0,1.0,40.8,21.0,19.0,4.2,78.0,0.4,259.0,33.0
110961,1,60.0,1.0,33.0,17.0,19.0,3.5,93.0,0.4,258.0,43.0
110966,0,29.0,2.0,25.2,9.0,12.0,4.0,61.0,0.2,397.0,65.0
110969,0,19.0,2.0,25.5,25.93059069886698,26.645859814400033,4.1720002964336675,88.00654114821388,0.10016684366111317,435.0442217961398,60.49806410333741
110971,0,68.0,1.0,35.1,17.0,17.0,4.1,109.0,1.1,190.0,41.0
110973,0,72.0,2.0,27.6,21.0,20.0,4.1,86.0,0.4,197.0,60.0
110975,0,58.0,2.0,28.0,24.0,15.0,3.8,106.0,0.3,285.0,52.0
110976,0,22.0,2.0,35.3,7.0,9.0,3.7,85.0,0.1,535.0,34.0
110977,0,41.0,1.0,36.8,23.0,21.0,4.3,77.0,0.3,279.0,29.0
110979,0,51.0,1.0,29.1,17.0,18.0,4.7,131.0,0.9,248.0,38.0
110981,0,39.0,2.0,35.7,13.0,14.0,4.0,56.0,0.4,281.0,44.0
110984,0,44.0,2.0,30.3,13.0,15.0,4.1,45.0,0.3,307.0,77.0
110985,0,25.0,1.0,32.6,21.0,21.0,4.1,77.0,0.8,233.0,50.0
110986,1,68.0,2.0,42.8,14.0,18.0,3.9,80.0,0.2,263.0,51.0
110987,0,51.0,1.0,21.8,17.0,19.0,4.4,47.0,0.7,173.0,59.0
110988,0,18.0,1.0,30.6,15.0,17.0,4.3,115.0,0.4,258.0,31.0
110990,0,71.0,1.0,33.4,44.0,41.0,4.2,54.0,0.9,146.0,54.0
110993,0,60.0,1.0,26.4,10.0,13.0,4.3,88.0,0.3,229.0,53.0
110995,0,28.0,2.0,21.3,12.0,18.0,4.0,79.0,0.5,104.0,64.0
110996,0,70.0,1.0,30.0,42.888898079919095,44.55184279873947,3.9323418377579804,65.6010660920091,0.9026918491026106,172.89698608737655,67.91078485339267
110997,0,40.0,1.0,36.1,25.0,16.0,4.2,80.0,0.5,260.0,36.0
110999,0,25.0,2.0,22.6,13.0,18.0,4.3,62.0,2.2,199.0,49.0
111003,0,23.0,2.0,18.4,14.0,15.0,4.7,52.0,0.4,329.0,60.0
111006,0,64.0,1.0,32.3,17.0,21.0,3.4,47.0,0.3,71.0,68.0
111007,0,26.0,1.0,22.0,24.0,17.0,4.5,98.0,0.4,261.0,36.0
111008,0,80.0,2.0,24.9,15.0,21.0,4.3,79.0,0.3,202.0,54.0
111011,0,47.0,2.0,29.9,20.0,21.0,4.1,86.0,0.4,265.0,66.0
111012,1,65.0,2.0,25.8,42.0,52.0,3.9,143.0,0.3,141.0,79.0
111014,0,54.0,2.0,52.9,15.0,13.0,3.4,113.0,0.5,336.0,25.0
111018,0,80.0,1.0,24.1,14.0,23.0,3.8,74.0,0.3,201.0,54.0
111021,0,69.0,1.0,27.0,39.0,25.0,4.0,53.0,0.5,174.0,54.0
111023,0,61.0,2.0,39.0,22.0,13.0,3.9,101.0,0.6,259.0,37.0
111027,0,21.0,1.0,19.8,51.15830020466077,41.30226445354007,4.443391426819749,74.48839214996724,0.48745796417978643,258.0,66.0
111030,0,69.0,2.0,25.2,14.0,17.0,4.0,57.0,0.2,192.0,58.0
111031,0,30.0,1.0,27.1,28.0,18.0,4.5,112.0,0.3,219.0,38.0
111036,0,75.0,1.0,33.8,23.0,19.0,4.3,90.0,0.4,238.0,42.0
111037,0,34.0,1.0,23.4,20.0,23.0,4.6,63.0,0.7,205.0,69.0
111039,0,44.0,2.0,22.3,11.0,15.0,3.9,71.0,0.1,288.0,64.0
111040,0,48.0,2.0,27.8,30.0,20.0,3.7,97.0,0.4,301.0,41.0
111042,0,41.0,1.0,38.7,19.0,17.0,4.3,82.0,0.3,220.0,48.0
111043,0,77.0,1.0,21.8,42.0,27.0,4.1,78.0,0.8,158.0,51.0
111045,0,38.0,1.0,28.6,13.0,19.0,4.3,87.0,0.3,308.0,57.0
111046,0,50.0,2.0,43.3,12.0,11.0,3.5,66.0,0.1,341.0,45.0
111047,0,74.0,2.0,23.8,14.0,15.0,4.1,74.0,0.6,252.0,79.0
111050,0,46.0,1.0,27.6,40.0,29.0,3.7,65.0,0.5,234.0,45.0
111051,0,23.0,2.0,22.1,36.908334860749264,30.376695129982465,4.101243041277271,142.3891162320016,-0.06352469710839304,254.127141134851,63.36134126652916
111053,0,64.0,2.0,19.0,5.0,10.0,3.1,135.0,0.1,289.0,45.0
111054,0,64.0,1.0,26.1,31.0,40.0,4.0,77.0,0.3,232.0,37.0
111055,0,18.0,1.0,35.0,17.0,17.0,4.8,79.0,0.9,252.0,54.0
111058,1,32.0,2.0,41.6,68.0,27.0,3.7,80.0,0.3,382.0,50.0
111060,0,23.0,2.0,35.0,7.0,9.0,4.0,73.0,0.4,188.0,53.0
111062,0,55.0,1.0,24.9,17.0,15.0,3.7,73.0,0.2,375.0,44.0
111064,0,45.0,1.0,34.1,23.0,15.0,4.4,59.0,0.7,195.0,34.0
111065,0,48.0,2.0,50.3,16.0,17.0,3.7,47.0,0.4,263.0,48.0
111067,0,80.0,2.0,28.3,11.0,20.0,3.6,124.0,0.8,200.0,65.0
111068,0,29.0,1.0,23.2,15.0,20.0,4.7,52.0,0.6,238.0,53.0
111069,0,42.0,1.0,21.5,11.0,23.0,4.4,61.0,0.2,241.0,80.0
111071,0,22.0,1.0,35.9,44.0,22.0,4.2,86.0,1.0,269.0,50.0
111075,0,51.0,1.0,29.1,27.0,31.0,4.4,49.0,0.3,231.0,48.0
111077,1,67.0,2.0,27.9,41.0,37.0,3.6,77.0,1.3,123.0,55.0
111078,0,67.0,2.0,23.3,44.0,43.0,4.1,53.0,1.1,170.0,79.0
111079,0,31.0,2.0,21.2,8.0,16.0,4.2,55.0,0.5,244.0,72.0
111081,1,67.0,1.0,21.0,81.0,91.0,3.7,119.0,0.5,179.0,62.0
111083,0,28.0,1.0,31.0,51.0,110.0,4.5,72.0,0.6,238.0,54.0
111085,0,22.0,2.0,27.9,8.0,15.0,3.9,68.0,1.0,251.0,40.0
111088,0,38.0,1.0,37.1,6.336394502157442,-0.6456478913282471,4.8030153341033,138.97322105133185,0.6009366763161608,204.5803087830124,34.57557079361754
111089,0,39.0,2.0,24.5,10.0,15.0,3.8,61.0,0.6,260.0,60.0
111092,0,66.0,2.0,39.3,17.0,14.0,4.0,100.0,0.3,336.0,32.0
111094,1,35.0,1.0,86.2,11.0,16.0,3.4,96.0,0.3,250.0,39.0
111095,0,65.0,2.0,26.5,17.0,22.0,4.2,140.0,0.4,289.0,48.0
111096,0,32.0,2.0,23.0,16.0,21.0,3.6,51.0,0.2,133.0,73.0
111097,0,77.0,1.0,26.1,16.0,17.0,3.4,79.0,0.5,280.0,54.0
111098,0,45.0,1.0,30.5,22.0,22.0,5.0,44.0,0.6,170.0,65.0
111102,0,67.0,1.0,33.2,19.0,18.0,4.0,70.0,0.6,224.0,60.0
111105,0,66.0,1.0,33.2,26.0,19.0,4.2,111.0,0.3,276.0,38.0
111109,0,49.0,1.0,31.9,51.0,32.0,4.0,52.0,0.6,197.0,55.0
111110,0,45.0,2.0,42.6,9.0,16.0,4.3,55.0,0.3,143.0,52.0
111112,0,45.0,1.0,21.8,22.0,25.0,4.3,65.0,0.6,236.0,41.0
111115,0,80.0,1.0,23.0,37.0,35.0,3.5,165.0,0.5,282.0,45.0
111117,0,60.0,2.0,45.0,16.0,14.0,3.6,117.0,0.3,281.0,49.0
111120,1,50.0,1.0,30.4,138.0,174.0,3.7,95.0,0.4,304.0,58.0
111122,0,29.0,1.0,31.5,23.0,13.0,3.9,101.0,0.4,155.0,40.0
111123,1,80.0,1.0,29.6,19.0,18.0,3.9,51.0,0.5,161.0,32.0
111124,0,24.0,2.0,21.0,9.0,12.0,4.0,47.0,0.5,238.0,51.0
111126,0,26.0,2.0,27.9,13.0,15.0,3.9,44.0,0.2,203.0,64.0
111129,0,18.0,1.0,15.6,17.91051997656689,19.618623203357753,4.549627867373688,61.83582124272366,0.7234823874287462,245.1647704305209,59.25005843342667
111130,0,34.0,1.0,32.5,16.0,19.0,4.0,90.0,0.4,320.0,44.0
111133,0,48.0,2.0,30.3,9.0,16.0,3.7,71.0,0.3,312.0,51.0
111134,0,27.0,1.0,44.2,72.56337422515256,38.77698713407038,4.351483979045926,77.93686371430069,0.0008608851555831354,361.6117617006347,21.54452726962566
111136,0,80.0,1.0,22.3,12.0,17.0,3.9,45.0,1.6,230.0,77.0
111139,0,48.0,1.0,23.7,21.0,18.0,4.1,62.0,0.6,171.0,50.0
111140,0,80.0,2.0,33.6,14.0,22.0,4.2,73.0,0.3,184.0,52.0
111143,0,80.0,1.0,26.0,12.0,19.0,3.6,78.0,0.7,202.0,63.0
111145,0,46.0,1.0,27.0,20.0,20.0,4.1,59.0,0.4,273.0,54.0
111149,0,43.0,2.0,29.3,11.0,20.0,3.5,67.0,0.2,403.0,72.0
111152,0,31.0,2.0,53.2,14.0,15.0,3.8,59.0,0.4,394.0,54.0
111153,0,32.0,2.0,37.2,35.85172820636672,31.71093170732799,3.4354941672395993,29.260738153670943,1.0187858984266858,190.63695728487022,71.82545792006174
111154,0,26.0,2.0,33.1,8.0,17.0,3.9,48.0,0.2,317.0,49.0
111155,0,45.0,2.0,40.2,18.139506663676425,24.41835631960534,3.7781915372961157,131.471548968903,0.3705394526570491,447.0,81.44447017875305
111159,0,60.0,2.0,27.9,14.0,15.0,4.3,96.0,0.3,268.0,65.0
111161,0,19.0,2.0,20.6,9.0,18.0,3.8,80.0,0.4,313.0,63.0
111162,0,43.0,2.0,23.6,4.0,10.0,3.6,51.0,0.5,245.0,53.0
111163,0,22.0,1.0,30.1,17.0,17.0,3.8,114.0,0.4,263.0,32.0
111164,0,64.0,1.0,29.9,35.0,27.0,4.2,78.0,0.7,196.0,66.0
111165,0,40.0,1.0,25.5,13.0,22.0,4.4,87.0,0.8,156.0,33.0
111168,0,44.0,2.0,19.1,8.0,12.0,4.0,61.0,0.7,274.0,77.0
111169,0,26.0,1.0,44.4,50.92995429278238,38.26328617836104,4.196717955390657,122.21148884116964,0.40833670516518766,326.0,56.608622189244564
111171,0,35.0,2.0,26.3,57.0,67.0,4.5,62.0,0.2,244.0,129.0
111173,0,58.0,2.0,20.0,38.0,37.0,4.9,74.0,0.7,267.0,93.0
111175,0,46.0,2.0,29.1,19.0,14.0,3.8,84.0,0.3,281.0,53.0
111177,0,62.0,2.0,26.6,1.1268736706514044,7.736631235222637,4.0,53.9088731284592,0.3765515421591113,212.0,99.0
111181,0,18.0,1.0,24.5,13.0,27.0,4.4,111.0,0.4,194.0,43.0
111183,0,55.0,2.0,23.3,41.0,23.0,3.7,59.0,0.3,145.0,51.0
111185,0,69.0,1.0,29.2,12.0,16.0,4.2,90.0,0.7,157.0,73.0
111188,0,74.0,1.0,31.7,18.0,21.0,3.9,90.0,0.4,217.0,42.0
111189,0,36.0,2.0,28.9,15.0,18.0,3.5,60.0,0.1,231.0,36.0
111190,0,51.0,2.0,18.7,11.0,17.0,3.7,63.0,0.1,326.0,59.0
111191,0,41.0,2.0,29.6,14.0,17.0,3.7,78.0,0.2,313.0,56.0
111192,0,54.0,1.0,26.2,37.0,18.0,4.0,107.0,0.4,209.0,30.0
111194,0,63.0,2.0,28.8,18.0,21.0,4.0,114.0,0.4,200.0,43.0
111196,0,80.0,1.0,24.6,32.0,25.0,4.5,74.0,0.5,216.0,63.0
111197,0,27.0,2.0,22.8,6.0,16.0,3.7,72.0,0.2,250.0,99.0
111198,0,56.0,2.0,49.1,11.0,14.0,3.5,82.0,0.2,301.0,47.0
111199,0,47.0,2.0,22.8,16.0,21.0,4.1,60.0,0.5,217.0,70.0
111201,0,50.0,1.0,25.8,38.0,40.0,4.2,79.0,0.4,294.0,59.0
111203,0,62.0,2.0,30.6,19.0,26.0,4.1,56.0,0.3,421.0,58.0
111206,0,61.0,1.0,25.5,12.0,13.0,4.0,78.0,0.8,174.0,58.0
111207,0,77.0,1.0,30.0,64.0,39.0,4.1,76.0,2.4,158.0,30.0
111210,0,71.0,2.0,36.1,19.0,20.0,4.2,82.0,0.3,171.0,53.0
111215,0,67.0,1.0,27.3,16.0,16.0,4.2,107.0,0.4,183.0,61.0
111216,0,76.0,1.0,27.1,23.0,32.0,4.4,84.0,0.6,109.0,45.0
111219,0,31.0,2.0,24.5,16.0,17.0,4.5,86.0,0.5,175.0,72.0
111220,0,24.0,1.0,32.4,23.0,19.0,4.1,91.0,0.5,296.0,40.0
111221,0,80.0,1.0,28.3,23.0,22.0,4.4,64.0,0.4,174.0,50.0
111222,0,53.0,2.0,26.6,16.0,18.0,4.2,88.0,0.4,321.0,61.0
111226,0,80.0,1.0,29.9,16.0,29.0,3.8,72.0,0.5,232.0,33.0
111228,0,40.0,1.0,33.4,13.0,18.0,3.9,107.0,0.5,273.0,50.0
111229,0,64.0,1.0,29.3,24.0,20.0,3.9,76.0,0.7,265.0,33.0
111232,0,59.0,2.0,24.3,15.0,19.0,3.9,60.0,0.3,248.0,68.0
111233,0,32.0,1.0,32.6,23.0,21.0,4.1,69.0,0.4,175.0,42.0
111234,0,80.0,2.0,30.2,13.0,17.0,3.9,72.0,0.3,209.0,45.0
111236,0,40.0,1.0,30.7,37.0,31.0,4.4,65.0,0.2,214.0,39.0
111238,0,38.0,1.0,27.6,89.0,85.0,4.8,114.0,0.7,316.0,62.0
111240,0,61.0,1.0,28.2,33.0,22.0,4.5,86.0,0.7,273.0,49.0
111242,0,20.0,1.0,20.4,8.0,17.0,4.0,69.0,0.3,230.0,58.0
111244,0,22.0,2.0,32.5,19.0,23.0,4.0,97.0,0.3,335.0,60.0
111245,0,75.0,2.0,29.7,14.0,15.0,4.1,83.0,0.5,251.0,35.0
111249,0,18.0,1.0,21.0,9.0,14.0,4.3,46.0,0.4,213.0,51.0
111250,0,57.0,2.0,29.2,73.0,59.0,4.1,99.0,0.4,316.0,64.0
111253,0,71.0,1.0,27.9,18.0,17.0,3.9,81.0,0.5,160.0,59.0
111254,0,39.0,1.0,28.0,37.0,33.0,4.9,54.0,0.7,141.0,63.0
111255,0,78.0,1.0,20.2,7.0,13.0,3.4,74.0,0.3,262.0,56.0
111256,0,63.0,2.0,26.1,19.0,21.0,4.2,72.0,0.3,194.0,51.0
111257,0,70.0,1.0,31.5,18.0,24.0,4.0,59.0,0.5,254.0,50.0
111262,0,71.0,2.0,46.1,20.0,18.0,3.9,58.0,0.3,207.0,40.0
111263,0,57.0,1.0,27.1,17.0,16.0,4.5,45.0,0.4,273.0,49.0
111265,0,18.0,2.0,20.5,7.0,15.0,4.3,74.0,0.7,311.0,50.0
111266,0,76.0,1.0,31.6,30.0,24.0,4.4,103.0,0.4,206.0,40.0
111268,1,79.0,1.0,21.6,10.0,14.0,3.6,110.0,0.2,161.0,70.0
111270,1,24.0,1.0,19.2,28.0,20.0,4.3,80.0,0.5,215.0,56.0
111271,0,28.0,2.0,34.2,13.0,12.0,3.8,85.0,0.3,321.0,54.0
111274,1,69.0,1.0,33.5,18.0,24.0,3.9,108.0,0.1,144.0,64.0
111279,0,40.0,1.0,34.1,30.0,19.0,4.3,54.0,0.3,184.0,48.0
111280,1,22.0,1.0,22.1,35.0,49.0,4.5,51.0,0.5,254.0,40.0
111282,0,54.0,2.0,33.4,11.0,11.0,3.7,84.0,0.3,268.0,52.0
111283,0,42.0,2.0,24.2,19.0,17.0,3.8,48.0,0.2,281.0,64.0
111284,0,65.0,1.0,32.3,34.0,35.0,4.0,65.0,0.4,192.0,40.0
111286,0,33.0,1.0,27.7,22.0,24.0,4.5,68.0,0.3,221.0,68.0
111287,0,50.0,1.0,30.8,30.0,14.0,4.2,100.0,0.6,212.0,41.0
111288,0,56.0,1.0,30.7,26.0,35.0,4.5,97.0,0.4,208.0,58.0
111290,0,66.0,2.0,19.5,15.0,21.0,4.0,86.0,0.3,208.0,106.0
111294,0,47.0,1.0,29.9,38.0,23.0,4.6,74.0,1.6,224.0,37.0
111296,0,40.0,2.0,34.3,14.0,17.0,3.7,85.0,0.3,225.0,42.0
111297,0,70.0,1.0,32.4,26.0,17.0,4.5,58.0,0.4,177.0,38.0
111298,0,80.0,2.0,29.2,-3.8451847259670817,3.4769120973481753,3.995856466755808,135.6040025551904,0.4133104373745362,261.0,60.41657766394075
111299,0,50.0,2.0,31.40339483514692,9.0,12.0,3.9,102.0,0.5,427.0,57.0
111300,0,63.0,2.0,45.1,11.0,16.0,3.8,73.0,0.2,310.0,65.0
111301,0,35.0,2.0,30.6,14.0,15.0,3.8,98.0,0.2,435.0,54.0
111302,0,18.0,1.0,19.5,10.0,12.0,4.6,78.0,0.7,258.0,61.0
111303,0,27.0,1.0,32.9,27.0,20.0,4.5,76.0,0.4,299.0,35.0
111304,0,79.0,1.0,28.6,35.0,29.0,3.9,104.0,0.3,283.0,57.0
111305,0,68.0,1.0,27.5,27.0,25.0,3.7,98.0,0.2,279.0,58.0
111307,0,42.0,1.0,31.2,17.0,20.0,4.4,70.0,0.4,263.0,32.0
111309,0,35.0,1.0,29.6,17.0,18.0,4.0,65.0,0.4,244.0,60.0
111311,0,58.0,2.0,33.0,20.0,21.0,4.1,83.0,0.9,245.0,46.0
111312,1,61.0,2.0,55.5,42.0,41.0,3.8,62.0,0.4,320.0,67.0
111315,0,63.0,2.0,27.0,22.0,17.0,4.2,49.0,0.2,175.0,39.0
111316,1,39.0,1.0,53.3,18.0,18.0,3.9,71.0,0.2,248.0,39.0
111318,1,58.0,2.0,42.8,20.0,26.0,3.5,123.0,0.4,262.0,46.0
111320,0,43.0,2.0,32.0,27.0,24.0,3.9,106.0,0.3,275.0,45.0
111321,0,43.0,2.0,42.2,17.0,17.0,3.8,83.0,0.4,294.0,100.0
111322,0,62.0,2.0,26.7,22.0,25.0,4.8,41.0,0.4,199.0,55.0
111323,0,43.0,1.0,33.3,46.0,30.0,4.0,76.0,0.7,217.0,58.0
111324,0,64.0,1.0,24.7,16.0,15.0,3.9,72.0,0.2,228.0,40.0
111325,0,33.0,1.0,25.6,18.0,17.0,4.2,102.0,0.7,232.0,39.0
111326,0,50.0,2.0,25.4,35.0,52.0,4.0,83.0,0.2,215.0,88.0
111328,0,68.0,1.0,28.3,18.0,21.0,4.2,75.0,0.6,163.0,41.0
111329,1,57.0,1.0,31.6,28.0,22.641396753387095,4.0,31.0,0.4,143.0,23.0
111330,0,19.0,2.0,23.1,10.0,12.0,3.7,108.0,0.1,206.0,52.0
111332,0,57.0,2.0,20.5,13.0,20.0,4.0,47.0,0.7,281.0,80.0
111333,0,73.0,2.0,29.2,7.0,11.0,3.7,94.0,0.4,211.0,41.0
111335,0,55.0,2.0,32.6,13.0,18.0,3.7,79.0,0.6,196.0,56.0
111336,0,77.0,1.0,26.5,25.0,25.0,3.8,62.0,0.7,191.0,34.0
111337,0,67.0,2.0,21.5,6.0,15.0,3.2,66.0,0.8,164.0,43.0
111338,0,60.0,1.0,29.1,18.0,18.0,4.3,76.0,0.6,206.0,34.0
111343,0,67.0,2.0,34.3,9.0,11.0,3.4,45.0,1.0,254.0,78.0
111348,0,37.0,1.0,28.4,33.0,23.0,4.5,77.0,0.6,248.0,49.0
111351,0,22.0,1.0,21.3,35.0,105.0,4.8,78.0,0.5,229.0,66.0
111352,0,80.0,2.0,22.1,10.0,20.0,3.9,104.0,0.2,263.0,65.0
111354,0,58.0,1.0,33.1,24.0,18.0,3.7,65.0,0.5,137.0,46.0
111355,0,62.0,2.0,34.8,31.0,31.0,4.3,120.0,0.2,176.0,40.0
111357,0,60.0,2.0,33.5,14.0,26.0,4.2,41.0,0.3,216.0,27.0
111358,0,48.0,1.0,23.3,33.0,25.0,4.5,53.0,0.4,292.0,59.0
111360,0,53.0,1.0,34.8,37.0,30.0,4.0,73.0,0.4,182.0,51.0
111361,0,23.0,1.0,27.7,25.0,25.0,4.7,54.0,0.3,214.0,63.0
111364,1,67.0,1.0,32.5,17.0,14.0,3.9,51.0,0.4,230.0,41.0
111365,0,34.0,2.0,28.3,13.0,22.0,4.0,58.0,0.5,242.0,90.0
111366,0,22.0,1.0,19.0,13.0,20.0,4.6,68.0,0.9,170.0,41.0
111370,0,34.0,2.0,37.4,10.0,17.0,3.7,78.0,0.2,338.0,42.0
111372,0,18.0,1.0,24.7,30.0,31.0,4.2,64.0,0.2,250.0,59.0
111377,0,51.0,1.0,53.4,21.0,19.0,3.6,117.0,0.5,341.0,36.0
111378,0,63.0,2.0,32.6,33.0,38.0,3.9,55.0,0.3,213.0,32.0
111380,1,67.0,1.0,48.8,40.0,36.0,3.6,169.0,0.4,399.0,34.0
111382,0,60.0,1.0,36.7,20.0,15.0,4.0,67.0,0.3,241.0,44.0
111385,0,63.0,2.0,28.9,13.0,14.0,3.9,71.0,0.4,258.0,87.0
111386,0,18.0,2.0,34.6,36.72819423343375,28.0064838653303,4.29581684843687,55.79861971490119,0.21710914945874288,321.08498389275184,46.77205272676449
111389,0,65.0,2.0,33.1,17.0,18.0,4.0,87.0,0.4,258.0,54.0
111390,0,60.0,2.0,25.6,18.402091199727224,7.841092488093274,4.255772995390457,105.82408033882606,0.4846778931232378,253.0,48.68366126348673
111391,0,27.0,2.0,20.0,16.0,22.0,4.4,48.0,0.3,283.0,99.0
111394,0,62.0,1.0,39.4,17.0,18.0,3.9,80.0,1.4,156.0,39.0
111395,1,34.0,1.0,60.6,38.0,26.0,4.0,113.0,1.2,199.0,41.0
111396,0,47.0,2.0,38.2,12.0,13.0,3.8,56.0,0.1,448.0,71.0
111397,0,29.0,2.0,39.2,19.0,19.0,3.5,97.0,0.3,280.0,47.0
111399,0,18.0,1.0,28.6,47.30415439749402,14.131068093542584,4.369928454315342,28.28179976923544,0.27359670724271073,158.0,50.39316378360852
111400,0,28.0,2.0,39.3,13.0,15.0,4.1,89.0,0.3,320.0,49.0
111402,0,54.0,2.0,21.8,16.0,23.0,4.5,50.0,1.0,254.0,79.0
111403,0,18.0,1.0,23.1,11.0,18.0,4.2,95.0,0.3,271.0,58.0
111405,1,44.0,1.0,35.8,17.0,16.0,3.8,69.0,0.4,281.0,48.0
111408,0,36.0,1.0,28.8,22.0,24.0,5.0,62.0,1.0,346.0,56.0
111411,0,50.0,2.0,26.7,24.0,15.0,3.7,189.0,0.4,200.0,47.0
111413,0,34.0,1.0,23.6,34.27668843508702,31.586769930534317,4.097483854762069,104.50905233008335,0.7434510939947095,196.27957293428418,82.31729028652092
111416,0,52.0,2.0,42.2,10.0,15.0,3.6,93.0,0.3,294.0,41.0
111417,0,80.0,2.0,27.9,16.0,21.0,3.9,60.0,0.6,188.0,58.0
111418,0,19.0,2.0,16.3,13.0,16.0,4.1,57.0,0.3,235.0,48.0
111420,0,42.0,1.0,40.1,50.0,32.0,4.3,98.0,0.4,206.0,41.0
111424,1,61.0,1.0,23.6,69.0,50.0,4.4,66.0,0.8,148.0,69.0
111425,0,36.0,1.0,26.7,24.0,23.0,4.3,70.0,0.9,276.0,57.0
111426,0,28.0,1.0,22.0,13.0,22.0,4.6,59.0,0.3,183.0,50.0
111427,0,54.0,1.0,27.2,33.0,31.0,3.9,87.0,0.7,199.0,29.0
111428,0,44.0,1.0,33.1,24.0,19.0,4.1,55.0,0.6,221.0,40.0
111429,0,29.0,1.0,22.6,13.0,22.0,4.3,72.0,0.4,213.0,72.0
111430,0,28.0,2.0,22.2,12.0,19.0,4.3,56.0,1.0,277.0,63.0
111431,0,40.0,2.0,44.9,17.0,16.0,4.1,86.0,0.7,246.0,35.0
111433,0,51.0,1.0,25.1,43.0,34.0,4.3,81.0,0.9,243.0,49.0
111434,1,66.0,2.0,42.0,16.0,16.0,3.7,132.0,0.5,207.0,51.0
111436,0,44.0,2.0,20.6,11.0,17.0,4.4,52.0,0.9,300.0,69.0
111439,0,80.0,1.0,27.7,17.0,18.0,4.2,61.0,0.5,210.0,57.0
111440,1,48.0,2.0,41.4,49.0,23.0,4.2,97.0,0.7,273.0,52.0
111441,0,64.0,1.0,26.1,20.0,26.0,3.7,83.0,0.5,236.0,33.0
111442,0,79.0,1.0,32.1,21.0,24.0,4.1,46.0,0.5,261.0,41.0
111443,0,60.0,1.0,29.2,24.0,23.0,4.6,68.0,0.4,258.0,46.0
111448,0,62.0,1.0,26.9,31.278976247559836,33.19795214857577,3.8884454654080898,72.33991374889109,0.45330923927569966,188.0,35.1374068454148
111449,0,59.0,1.0,23.2,24.0,31.0,4.2,97.0,0.3,225.0,67.0
111452,0,62.0,1.0,23.8,28.0,29.0,3.9,205.0,0.3,237.0,41.0
111453,0,26.0,1.0,25.0,16.0,17.0,4.2,86.0,0.3,307.0,44.0
111454,0,23.0,2.0,23.6,15.0,31.0,4.2,38.0,0.6,174.0,55.0
111455,0,62.0,1.0,25.2,35.0,30.0,4.0,69.0,0.5,233.0,57.0
111456,0,35.0,1.0,30.4,28.0,20.0,3.9,51.0,0.1,258.0,38.0
111459,0,54.0,1.0,30.0,14.0,16.0,4.3,66.0,0.6,227.0,60.0
111461,0,80.0,2.0,24.2,9.0,17.0,4.1,103.0,0.5,200.0,74.0
111463,0,63.0,1.0,29.1,17.0,18.0,3.8,97.0,0.4,263.0,47.0
111465,0,19.0,2.0,15.7,6.0,12.0,4.4,68.0,0.5,241.0,86.0
111471,0,24.0,1.0,20.3,8.0,19.0,4.2,67.0,0.2,246.0,55.0
111476,0,47.0,2.0,42.7,16.0,13.0,3.4,37.0,0.1,384.0,31.0
111479,0,43.0,1.0,28.1,24.0,19.0,4.2,96.0,0.3,229.0,48.0
111486,0,32.0,1.0,36.4,16.0,18.0,4.5,94.0,0.8,384.0,44.0
111488,0,21.0,1.0,22.8,11.0,27.0,4.3,95.0,0.3,194.0,56.0
111489,0,35.0,2.0,34.7,19.0,19.0,3.7,65.0,0.4,230.0,48.0
111490,0,73.0,1.0,28.389758855007393,47.366299695504075,34.58851936314994,4.296137703216104,91.57919406804754,0.2669422885768792,336.5428753036524,43.31653068855374
111491,0,58.0,2.0,29.7,15.0,22.0,4.0,65.0,0.3,370.0,41.0
111492,0,42.0,2.0,36.4,23.0,22.0,3.7,121.0,0.1,397.0,46.0
111493,0,74.0,2.0,38.5,13.0,18.0,3.7,93.0,0.6,233.0,54.0
111494,0,58.0,1.0,41.0,60.0,41.0,4.0,72.0,0.9,129.0,30.0
111497,0,36.0,2.0,28.4,10.0,16.0,3.9,42.0,0.6,177.0,63.0
111500,0,53.0,2.0,28.0,19.0,16.0,3.7,114.0,0.3,301.0,60.0
111501,0,56.0,1.0,27.0,22.0,18.0,4.7,73.0,0.5,247.0,36.0
111502,0,64.0,2.0,44.4,55.0,42.0,3.8,62.0,0.7,169.0,49.0
111503,0,46.0,1.0,29.9,99.0,62.0,4.5,73.0,0.6,140.0,52.0
111504,0,32.0,2.0,31.7,16.0,13.0,4.4,63.0,0.5,163.0,39.0
111505,0,33.0,2.0,20.2,24.586392522023417,18.35676402952403,4.880172355340876,93.62807804135919,0.5133803138612058,321.8116487235771,68.28582823923864
111507,0,58.0,1.0,24.3,19.0,19.0,4.2,85.0,0.3,230.0,47.0
111508,0,48.0,2.0,36.9,18.0,21.0,3.9,85.0,0.3,233.0,47.0
111510,0,39.0,1.0,25.6,18.0,19.0,4.6,62.0,0.4,186.0,57.0
111511,0,32.0,1.0,28.3,17.0,21.0,4.2,53.0,0.4,187.0,66.0
111512,0,39.0,1.0,23.0,33.0,23.0,4.5,55.0,0.3,320.0,34.0
111513,0,66.0,1.0,31.8,21.0,22.0,4.2,50.0,0.7,147.0,29.0
111514,0,64.0,2.0,29.4,16.0,20.0,4.2,82.0,0.5,256.0,73.0
111516,1,61.0,1.0,33.5,18.0,15.0,3.9,87.0,0.3,285.0,58.0
111519,0,32.0,2.0,30.6,13.0,16.0,4.0,120.0,0.4,225.0,32.0
111520,0,58.0,2.0,24.387986730049096,20.0,23.0,4.3,79.0,1.3,202.0,66.0
111522,0,50.0,2.0,36.2,24.0,25.0,4.0,90.0,0.3,243.0,38.0
111525,0,61.0,1.0,23.5,16.0,18.0,4.3,93.0,0.5,248.0,39.0
111528,0,36.0,1.0,21.9,19.0,18.0,4.1,78.0,0.3,176.0,57.0
111533,0,25.0,2.0,35.3,18.0,16.0,4.0,74.0,0.3,254.0,52.0
111534,0,32.0,2.0,39.3,16.0,18.0,3.8,57.0,0.4,212.0,41.0
111535,1,64.0,2.0,26.2,33.0,46.0,4.1,61.0,0.3,186.0,28.0
111537,0,19.0,1.0,23.2,14.0,14.0,4.0,89.0,0.9,288.0,41.0
111541,0,27.0,2.0,20.2,11.0,15.0,3.6,44.0,0.7,208.0,82.0
111542,0,53.0,1.0,24.4,25.0,27.0,4.1,83.0,0.9,216.0,52.0
111543,0,30.0,2.0,19.1,17.0,18.0,4.5,55.0,0.8,227.0,45.0
111546,0,58.0,1.0,28.0,30.0,32.0,3.8,69.0,0.7,140.0,95.0
111549,0,18.0,2.0,20.5,14.877385280416593,14.959235271986238,4.242716625985898,52.63568797259826,0.4001756740800197,308.8840219323485,44.652223279251785
111550,1,76.0,2.0,30.5,28.0,20.0,4.3,67.0,0.6,257.0,44.0
111551,0,39.0,2.0,28.0,17.0,14.0,3.9,92.0,0.9,278.0,50.0
111554,0,79.0,1.0,23.9,12.0,15.0,4.2,47.0,1.3,208.0,49.0
111555,1,29.0,2.0,41.6,12.0,13.0,4.0,69.0,0.3,305.0,41.0
111557,0,48.0,2.0,32.4,11.0,18.0,3.9,41.0,0.3,155.0,63.0
111558,0,80.0,1.0,24.2,10.0,17.0,4.2,82.0,0.4,232.0,64.0
111561,0,28.0,2.0,32.8,10.0,11.0,4.2,44.0,0.2,356.0,49.0
111563,0,43.0,1.0,43.3,58.761811757949786,33.774110527642186,3.776877739189282,129.58180653010513,0.46581666535447197,360.45770139096874,15.168982806863472
111564,1,61.0,1.0,33.6,166.0,188.0,3.7,93.0,0.9,169.0,64.0
111571,0,64.0,2.0,33.0,11.0,16.0,3.7,107.0,0.5,199.0,46.0
111572,0,26.0,2.0,29.0,14.0,21.0,4.3,41.0,0.6,234.0,63.0
111574,0,71.0,1.0,29.4,24.0,18.0,4.1,72.0,0.6,176.0,66.0
111575,0,37.0,2.0,28.7,23.0,14.0,3.6,96.0,0.3,255.0,36.0
111579,0,80.0,1.0,27.2,8.0,18.0,4.4,75.0,0.8,169.0,51.0
111585,0,38.0,1.0,23.3,13.0,12.0,4.1,105.0,0.6,266.0,33.0
111586,0,55.0,2.0,30.6,29.0,31.0,4.2,81.0,0.3,309.0,88.0
111587,0,46.0,1.0,25.5,18.0,22.0,4.1,63.0,0.5,309.0,47.0
111588,0,49.0,1.0,30.2,26.0,20.0,4.2,69.0,0.5,168.0,35.0
111589,0,33.0,2.0,37.1,27.0,22.0,3.9,67.0,0.4,318.0,50.0
111590,0,40.0,2.0,44.2,27.0,16.0,3.8,77.0,0.5,270.0,59.0
111593,0,19.0,1.0,25.1,52.0,35.0,4.4,76.0,0.5,220.0,46.0
111595,0,43.0,1.0,22.6,9.0,16.0,4.3,72.0,0.5,370.0,50.0
111596,1,62.0,1.0,28.975260612243297,24.870407856069225,29.08947625617955,3.5842343519112743,76.83795747607974,0.27218580977120177,277.307276828967,26.27834275720429
111598,1,36.0,1.0,47.4,20.0,16.0,3.7,64.0,0.3,293.0,34.0
111599,0,53.0,2.0,27.7,35.3644788340072,48.725731474081556,4.430465664564702,93.41265442247814,0.6878830828160303,117.0,69.7972841284169
111602,0,79.0,1.0,20.4,10.0,16.0,3.6,51.0,0.9,229.0,60.0
111605,0,25.0,1.0,29.2,29.0,20.0,3.9,85.0,0.3,168.0,39.0
111608,0,34.0,2.0,32.9,17.0,16.0,4.1,102.0,0.2,219.0,45.0
111609,0,43.0,1.0,35.6,19.0,15.0,3.8,74.0,0.3,236.0,40.0
111610,0,63.0,1.0,20.1,13.0,17.0,4.8,99.0,0.7,267.0,80.0
111613,0,40.0,2.0,28.8,8.0,15.0,3.9,52.0,0.5,296.0,44.0
111614,0,58.0,2.0,40.9,14.0,17.0,3.7,122.0,0.2,543.0,80.0
111616,1,63.0,2.0,49.3,22.0,19.0,3.6,75.0,0.2,224.0,52.0
111618,0,48.0,1.0,21.0,11.0,12.0,3.9,83.0,0.4,378.0,48.0
111620,0,19.0,1.0,22.4,23.0,30.0,4.8,93.0,0.5,166.0,73.0
111621,0,60.0,1.0,29.0,21.0,28.0,4.2,96.0,0.5,215.0,45.0
111623,0,27.0,2.0,23.7,9.0,16.0,4.1,45.0,0.6,264.0,58.0
111625,0,80.0,1.0,26.9,11.0,15.0,4.0,87.0,0.5,177.0,50.0
111629,0,57.0,1.0,21.7,19.0,21.0,3.6,106.0,0.2,237.0,56.0
111632,0,50.0,1.0,31.9,17.0,20.0,3.9,55.0,0.3,188.0,49.0
111633,0,42.0,2.0,34.6,10.0,12.0,3.9,75.0,0.5,430.0,29.0
111635,0,64.0,1.0,27.4,36.0,29.0,4.6,76.0,0.7,164.0,81.0
111638,0,33.0,1.0,29.2,27.0,29.0,4.4,89.0,0.3,220.0,40.0
111639,0,71.0,1.0,33.5,15.0,16.0,3.8,53.0,0.6,186.0,42.0
111640,1,51.0,1.0,32.6,46.0,43.0,3.8,96.0,0.3,324.0,28.0
111641,0,74.0,2.0,29.0,11.0,17.0,4.1,76.0,0.3,168.0,61.0
111642,0,80.0,1.0,21.8,9.0,16.0,4.1,82.0,0.5,200.0,49.0
111643,0,80.0,1.0,23.3,16.0,23.0,4.0,70.0,0.4,162.0,60.0
111645,0,49.0,2.0,38.0,14.0,14.0,3.8,63.0,0.2,254.0,43.0
111646,0,30.0,2.0,16.5,9.0,14.0,4.6,41.0,0.3,179.0,62.0
111649,0,74.0,1.0,24.7,15.0,15.0,4.0,88.0,0.3,183.0,39.0
111650,0,32.0,2.0,20.2,12.0,13.0,4.4,34.0,1.0,230.0,66.0
111651,0,39.0,2.0,47.0,-6.038300684498251,-4.002181921621028,3.694225781245971,77.74471360959741,0.27442955098683197,271.18783852267364,28.683803089994488
111652,0,23.0,2.0,17.7,8.0,16.0,4.3,59.0,0.4,237.0,51.0
111655,1,55.0,2.0,21.4,32.0,31.0,4.4,83.0,0.4,245.0,89.0
111656,0,78.0,2.0,20.8,17.0,23.0,4.3,79.0,0.5,311.0,67.0
111658,0,50.0,2.0,25.2,12.0,18.0,3.7,76.0,0.2,197.0,44.0
111659,0,32.0,1.0,19.7,16.0,14.0,4.2,99.0,0.3,178.0,57.0
111660,0,58.0,2.0,23.6,16.0,18.0,4.1,42.0,0.3,166.0,41.0
111663,0,68.0,2.0,34.3,32.0,29.0,3.9,80.0,0.3,253.0,56.0
111664,0,60.0,1.0,34.8,17.0,26.0,4.0,62.0,0.5,284.0,69.0
111666,0,41.0,2.0,29.5,40.0,58.0,4.1,67.0,0.3,355.0,39.0
111667,0,38.0,2.0,19.9,29.35421628656352,14.433353285863,4.093668008008333,92.50464777540533,0.6476096877621502,313.45909818102837,59.714070742429186
111668,1,52.0,1.0,44.9,64.0,40.0,4.0,56.0,0.8,195.0,42.0
111669,0,45.0,1.0,38.1,41.0,23.0,4.2,92.0,0.8,178.0,32.0
111671,0,39.0,1.0,18.3,8.0,19.0,3.9,48.0,0.4,155.0,57.0
111673,0,25.0,2.0,31.6,21.0,17.0,4.5,83.0,0.3,290.0,35.0
111675,0,35.0,2.0,36.3,7.0,15.0,3.7,83.0,0.3,395.0,63.0
111676,1,24.0,2.0,40.6,12.0,20.0,4.3,95.0,0.4,295.0,53.0
111679,1,49.0,2.0,24.7,14.0,15.0,4.1,55.0,0.4,250.0,72.0
111682,1,59.0,2.0,32.0,32.0,21.0,4.1,95.0,0.2,239.0,41.0
111683,0,20.0,2.0,24.4,5.0,14.0,4.1,78.0,0.3,310.0,52.0
111687,0,72.0,1.0,26.4,-4.23810349327388,6.762598475991947,3.2733584690474395,100.16770431886314,0.20108902633565276,195.35895376258276,77.97073244325398
111688,0,36.0,2.0,34.9,13.0,16.0,3.7,90.0,0.3,305.0,50.0
111692,0,38.0,2.0,30.4,20.0,19.0,4.1,102.0,0.3,301.0,60.0
111693,0,26.0,2.0,21.9,16.0,21.0,3.9,48.0,0.2,192.0,42.0
111695,0,30.0,2.0,26.7,34.0,20.0,4.2,58.0,0.2,298.0,49.0
111700,0,46.0,2.0,19.7,11.0,13.0,4.0,49.0,0.3,189.0,71.0
111703,0,48.0,1.0,27.9,43.0,23.0,4.5,78.0,0.4,284.0,50.0
111705,0,54.0,2.0,20.2,7.0,11.0,3.5,98.0,0.2,380.0,63.0
111707,0,80.0,1.0,29.9,47.0,35.0,4.1,70.0,0.5,183.0,36.0
111710,0,22.0,2.0,22.2,15.0,17.0,3.9,90.0,0.7,192.0,61.0
111712,1,60.0,1.0,24.8,72.0,92.0,3.7,82.0,0.4,132.0,69.0
111716,0,55.0,2.0,27.1,9.0,16.0,4.1,101.0,0.3,304.0,48.0
111717,0,56.0,2.0,22.6,9.0,12.0,4.0,103.0,0.3,317.0,64.0
111719,0,23.0,1.0,20.0,15.0,14.0,4.7,64.0,0.4,265.0,75.0
111720,0,35.0,2.0,37.2,14.0,15.0,4.3,66.0,0.3,189.0,44.0
111723,0,66.0,2.0,25.3,17.0,20.0,4.4,61.0,0.2,378.0,70.0
111724,0,31.0,2.0,26.5,16.0,19.0,3.9,56.0,0.3,299.0,60.0
111726,0,43.0,2.0,35.5,14.0,15.0,3.8,59.0,0.1,236.0,60.0
111728,0,80.0,1.0,30.2,10.0,15.0,4.0,105.0,0.6,129.0,34.0
111729,0,31.0,1.0,27.4,22.0,25.0,4.5,111.0,1.1,208.0,41.0
111731,0,21.0,2.0,19.8,19.0,17.0,3.9,47.0,0.5,352.0,71.0
111732,0,46.0,2.0,31.2,16.0,17.0,4.2,70.0,0.3,198.0,76.0
111733,0,31.0,1.0,29.6,54.0,29.0,4.3,96.0,0.5,234.0,39.0
111734,1,45.0,1.0,32.5,19.0,13.0,3.9,95.0,0.3,284.0,40.0
111736,0,54.0,2.0,29.4,33.0,31.0,4.2,90.0,0.3,256.0,51.0
111737,0,60.0,1.0,31.4,57.03072666335287,53.26817965425529,4.21261679240809,61.79390220081541,0.6692332478776452,201.0,64.51771043379289
111741,0,69.0,2.0,20.1,14.0,24.0,4.4,61.0,0.4,273.0,63.0
111742,0,18.0,1.0,20.6,4.520148779448211,9.357727930643536,4.470973886214169,64.81684881569342,0.38129562632813613,121.55875387796334,31.39864576841836
111744,0,41.0,2.0,26.1,6.0,15.0,3.9,55.0,0.2,145.0,54.0
111745,0,63.0,1.0,35.2,40.0,27.0,4.4,57.0,0.7,146.0,40.0
111749,0,63.0,1.0,33.8,17.0,23.0,4.1,93.0,0.4,214.0,34.0
111751,0,55.0,2.0,38.6,14.0,15.0,3.7,84.0,0.6,270.0,58.0
111752,1,54.0,1.0,44.3,13.0,16.0,3.6,76.0,0.3,199.0,43.0
111753,0,51.0,1.0,27.2,16.0,19.0,4.1,49.0,1.0,168.0,55.0
111754,0,66.0,2.0,26.6,31.0,20.0,4.0,95.0,1.0,231.0,80.0
111759,0,29.0,1.0,29.1,36.94522306987903,44.059323384265326,4.2678501093186245,38.468529491005754,0.661563376931,328.6082573606813,60.85898918540641
111760,1,47.0,1.0,17.4,8.0,19.0,3.3,121.0,0.9,194.0,72.0
111765,0,30.0,1.0,43.5,25.0,27.0,4.1,76.0,0.2,291.0,36.0
111766,0,33.0,2.0,43.6,9.0,16.0,3.7,86.0,0.5,250.0,55.0
111767,0,26.0,1.0,23.1,20.0,20.0,4.8,81.0,0.7,137.0,55.0
111768,0,25.0,1.0,34.9,25.0,17.0,4.2,79.0,0.3,271.0,29.0
111770,0,60.0,2.0,33.6,14.0,22.0,4.1,62.0,0.7,208.0,86.0
111773,0,18.0,2.0,19.5,7.0,16.0,4.1,57.0,0.6,237.0,59.0
111774,0,19.0,2.0,28.4,15.0,17.0,4.1,58.0,0.5,171.0,63.0
111776,0,70.0,2.0,32.8,8.0,13.0,4.1,81.0,0.2,263.0,56.0
111777,0,23.0,1.0,26.2,13.0,16.0,4.1,44.0,0.3,272.0,68.0
111778,0,32.0,2.0,28.5,10.0,17.0,4.3,50.0,0.3,252.0,36.0
111779,0,53.0,2.0,31.8,16.0,17.0,3.8,67.0,0.2,319.0,46.0
111781,0,72.0,2.0,46.0,12.0,15.0,3.8,110.0,0.2,272.0,48.0
111783,0,78.0,2.0,26.9,14.0,19.0,4.2,89.0,0.4,269.0,60.0
111784,0,75.0,1.0,24.1,28.0,20.053332436158634,4.3,85.0,0.4,279.0,48.0
111786,0,61.0,2.0,40.5,14.0,17.0,3.8,70.0,0.4,238.0,35.0
111787,0,57.0,1.0,30.5,21.0,24.0,4.3,57.0,0.6,221.0,62.0
111789,0,38.0,2.0,27.9,12.0,18.0,4.4,60.0,0.5,308.0,54.0
111790,1,72.0,1.0,28.9,33.0,27.0,4.2,54.0,0.4,257.0,26.0
111791,0,52.0,2.0,37.4,14.0,18.0,3.5,116.0,0.3,214.0,44.0
111792,0,69.0,2.0,22.3,13.0,15.0,4.1,130.0,0.2,388.0,102.0
111794,0,35.0,1.0,37.5,51.0,40.0,3.9,85.0,0.6,231.0,46.0
111795,0,59.0,1.0,28.4,16.0,19.0,4.0,46.0,0.2,142.0,70.0
111796,0,34.0,1.0,27.0,14.0,17.0,4.0,44.0,0.4,227.0,61.0
111797,1,61.0,1.0,25.6,56.0,38.0,4.6,90.0,0.9,182.0,40.0
111798,1,80.0,2.0,29.4,15.0,19.0,4.1,65.0,0.4,184.0,54.0
111800,0,58.0,2.0,17.1,23.0,28.0,4.6,99.0,0.4,163.0,80.8076127453278
111801,0,35.0,2.0,30.0,11.0,14.0,3.9,57.0,0.7,278.0,58.0
111802,0,20.0,2.0,24.7,9.0,12.0,3.8,61.0,0.4,246.0,56.0
111803,0,36.0,1.0,42.5,24.0,27.0,4.1,60.0,0.3,171.0,44.0
111804,0,60.0,2.0,45.4,22.0,12.0,4.0,175.0,0.9,200.0,41.0
111810,0,80.0,1.0,30.1,23.0,18.0,3.9,63.0,0.4,250.0,55.0
111811,0,26.0,2.0,28.4,9.0,12.0,4.1,67.0,0.3,441.0,52.0
111814,0,54.0,1.0,27.5,45.0,31.0,4.3,74.0,0.3,232.0,57.0
111820,0,19.0,2.0,23.7,14.0,15.0,3.6,72.0,0.2,210.0,63.0
111821,0,59.0,2.0,22.1,23.0,30.0,4.1,81.0,0.5,164.0,80.0
111823,0,80.0,1.0,24.8,16.0,18.0,4.3,92.0,0.6,232.0,45.0
111824,0,63.0,1.0,24.0,32.0,24.0,4.4,94.0,0.7,306.0,65.0
111825,0,34.0,1.0,38.5,25.0,31.0,3.9,46.0,0.4,244.0,44.0
111827,1,40.0,1.0,21.6,115.0,53.0,4.1,60.0,0.3,188.0,47.0
111828,0,39.0,2.0,33.4,34.0,24.0,4.2,72.0,0.6,273.0,51.0
111829,1,61.0,2.0,49.6,36.0,19.0,4.0,125.0,0.4,234.0,48.0
111830,0,18.0,2.0,30.9,15.0,17.0,4.1,107.0,0.4,189.0,66.0
111831,0,41.0,1.0,32.3,48.0,28.0,4.4,75.0,0.6,204.0,45.0
111833,0,26.0,2.0,31.7,13.0,19.0,4.3,82.0,0.7,259.0,67.0
111834,0,30.0,1.0,24.6,28.94723336750038,21.316447102580646,3.6039857881006694,63.71667005479956,0.604956433100251,234.99021174243336,50.813791536734634
111835,0,72.0,1.0,20.9,12.0,19.0,4.0,68.0,0.9,180.0,63.0
111837,0,19.0,1.0,32.0,18.0,15.0,4.4,57.0,0.4,255.0,51.0
111839,0,61.0,2.0,23.5,25.0,31.0,3.9,87.0,0.5,192.0,34.0
111840,0,80.0,1.0,30.7,8.0,11.0,3.4,70.0,0.4,226.0,54.0
111846,0,23.0,2.0,30.6,17.0,17.0,4.4,103.0,0.9,279.0,46.0
111849,0,41.0,1.0,32.0,35.0,27.0,4.3,96.0,0.2,301.0,27.0
111850,0,42.0,2.0,36.3,10.0,14.0,3.8,98.0,0.3,431.0,40.0
111857,0,53.0,2.0,30.7,28.0,31.0,4.5,67.0,0.9,247.0,38.0
111858,0,23.0,1.0,23.7,17.0,22.0,4.4,57.0,0.6,157.0,40.0
111859,0,39.0,2.0,32.9,65.0,47.0,3.6,153.0,0.1,261.0,41.0
111860,0,80.0,2.0,29.6,13.0,17.0,4.1,109.0,0.1,276.0,60.0
111864,0,34.0,1.0,29.6,14.0,16.0,4.6,51.0,0.5,247.0,68.0
111866,0,77.0,1.0,25.9,12.0,15.0,3.8,77.0,0.8,191.0,81.0
111868,0,48.0,2.0,47.1,29.0,24.0,3.8,87.0,0.3,196.0,60.0
111869,0,44.0,2.0,25.6,17.0,18.0,4.1,52.0,0.5,157.0,55.0
111870,0,70.0,2.0,27.0,13.0,21.0,3.9,97.0,0.3,283.0,108.0
111872,0,38.0,2.0,34.5,11.0,15.0,3.4,76.0,0.4,258.0,57.0
111874,0,61.0,1.0,23.8,13.0,21.0,3.8,89.0,0.2,471.0,42.0
111875,0,56.0,2.0,28.0,46.0,35.0,3.7,102.0,0.3,231.0,56.0
111876,0,54.0,1.0,42.8,38.0,28.0,4.1,58.0,0.4,274.0,45.0
111878,0,37.0,1.0,25.6,16.0,16.0,4.3,125.0,1.0,250.0,41.0
111879,0,70.0,1.0,31.3,19.0,13.0,3.8,67.0,0.3,175.0,40.0
111882,0,64.0,2.0,22.6,9.0,18.0,3.4,71.0,0.4,263.0,77.0
111883,0,72.0,1.0,38.2,22.0,21.0,4.2,103.0,0.4,174.0,48.0
111884,0,60.0,1.0,29.2,20.0,33.0,4.4,63.0,0.5,221.0,88.0
111886,0,55.0,2.0,21.1,-9.181925452312107,15.43076281111524,3.646825804332454,79.2595190138028,0.4225343457292059,242.0,46.23866036835593
111887,0,29.0,2.0,19.3,15.0,20.0,4.0,112.0,0.3,203.0,59.0
111890,0,60.0,1.0,31.3,17.0,19.0,4.2,41.0,0.5,231.0,43.0
111893,0,66.0,2.0,25.3,33.0,31.0,4.6,62.0,0.8,212.0,56.0
111894,0,21.0,1.0,24.4,16.0,16.0,4.3,77.0,0.6,282.0,59.0
111895,0,66.0,1.0,32.8,20.0,17.0,3.9,79.0,0.3,369.0,48.0
111896,0,65.0,1.0,27.3,42.0,30.0,4.2,97.0,0.4,203.0,44.0
111898,1,74.0,2.0,29.9,13.0,14.0,4.2,95.0,0.3,219.0,76.0
111900,0,55.0,2.0,31.1,20.0,16.0,3.6,99.0,0.3,197.0,50.0
111901,0,57.0,1.0,25.9,20.0,20.0,4.5,116.0,0.6,263.0,45.0
111903,0,27.0,1.0,23.2,36.48254671718579,32.55791322337263,4.054682437769694,81.59105319884127,0.8761867340515478,301.0,66.98786453740736
111904,0,53.0,2.0,29.7,13.0,20.0,3.7,64.0,0.4,256.0,88.0
111906,0,45.0,1.0,30.9,23.0,18.0,3.9,86.0,0.6,216.0,36.0
111908,0,64.0,2.0,26.5,14.0,18.0,4.0,49.0,0.2,293.0,69.0
111909,0,56.0,2.0,41.0,165.0,84.0,4.3,189.0,0.2,183.0,49.0
111911,0,40.0,1.0,39.7,23.0,17.0,4.3,70.0,0.4,215.0,38.0
111913,0,48.0,1.0,34.1,25.0,21.0,4.2,77.0,0.7,275.0,36.0
111917,1,41.0,1.0,36.2,47.0,28.0,4.0,81.0,0.6,256.0,42.0
111918,1,80.0,2.0,49.5,20.0,23.0,4.5,72.0,0.5,206.0,65.0
111920,1,52.0,1.0,44.1,34.60560027923415,11.065746013896039,3.8918777399160236,115.43865662593399,0.787826816358786,335.0,42.0
111921,0,80.0,1.0,21.3,18.0,26.0,4.6,61.0,0.4,216.0,61.0
111922,0,30.0,1.0,23.4,23.0,19.0,4.4,63.0,0.7,150.0,48.0
111923,1,40.0,2.0,60.4,31.0,19.0,4.0,70.0,0.3,287.0,57.0
111925,0,22.0,1.0,25.8,13.0,23.0,4.5,49.0,0.9,208.0,56.0
111927,0,54.0,2.0,33.6,47.0,32.0,4.5,97.0,0.8,237.0,46.0
111928,0,46.0,2.0,29.0,10.0,16.0,3.6,74.0,0.2,246.0,58.0
111929,0,61.0,1.0,28.4,12.446774584569736,9.671522308921471,3.651109488262762,51.82159202853913,-0.05836550410243202,237.1114751306285,31.504812351140465
111930,1,73.0,1.0,34.0,11.0,16.0,3.4,72.0,0.4,236.0,30.0
111934,0,63.0,2.0,28.4,12.0,20.0,4.1,104.0,0.2,230.0,85.0
111935,0,48.0,2.0,26.2,10.0,14.0,4.1,67.0,0.3,236.0,48.0
111938,0,57.0,2.0,22.5,11.0,15.0,3.8,55.0,0.2,199.0,72.0
111939,0,46.0,1.0,24.1,25.83837026093828,23.335609636581545,4.404396275085417,95.04626677165005,0.4344375952785134,311.0,35.37635172856156
111942,0,27.0,1.0,31.8,15.0,12.0,4.1,58.0,0.6,160.0,53.0
111943,1,80.0,1.0,29.1,16.0,18.0,3.8,91.0,1.5,138.0,50.0
111944,0,32.0,2.0,46.5,15.0,15.0,4.1,71.0,0.4,237.0,48.0
111945,0,74.0,1.0,19.1,12.0,23.0,3.7,85.0,0.5,155.0,70.0
111947,0,45.0,1.0,40.9,40.0,21.0,3.9,56.0,0.3,219.0,50.0
111949,0,80.0,1.0,20.25972375119038,8.0,14.0,3.6,115.0,0.3,217.0,52.0
111951,0,19.0,2.0,23.0,6.0,11.0,4.1,34.0,0.9,342.0,51.0
111956,0,65.0,1.0,33.21146610201158,13.0,18.0,4.1,66.0,0.4,165.0,52.0
111960,0,41.0,2.0,25.9,14.0,19.0,4.1,63.0,0.2,304.0,54.0
111963,0,20.0,2.0,33.1,10.0,10.0,4.1,67.0,0.2,422.0,34.0
111966,1,33.0,1.0,36.6,46.0,34.0,4.6,79.0,0.5,201.0,39.0
111967,0,49.0,1.0,26.0,14.421219270030951,11.326719351448638,4.5451467909720495,89.49629973448685,0.05497185415577005,271.0387923262548,11.540696648960058
111968,0,70.0,1.0,26.4,33.0,24.0,4.0,81.0,0.4,185.0,54.0
111970,0,35.0,2.0,33.8,21.0,17.0,4.1,94.0,0.2,353.0,62.0
111971,0,45.0,1.0,27.4,15.0,18.0,4.2,94.0,0.2,274.0,51.0
111972,0,37.0,2.0,24.4,17.0,15.0,4.0,63.0,0.2,264.0,49.0
111973,0,51.0,2.0,34.6,9.0,18.0,4.2,99.0,0.3,322.0,42.0
111974,0,26.0,1.0,28.9,28.0,21.0,4.4,67.0,0.5,249.0,36.0
111977,0,80.0,1.0,29.1,17.0,18.0,3.8,72.0,0.6,133.0,46.0
111979,0,20.0,2.0,17.8,7.0,16.0,4.1,66.0,0.2,299.0,84.0
111980,0,47.0,2.0,43.6,31.0,20.0,3.6,124.0,0.2,180.0,48.0
111982,0,25.0,2.0,66.2,8.0,9.0,3.3,80.0,0.2,278.0,58.0
111983,0,63.0,1.0,29.1,21.0,15.0,4.9,53.0,0.7,246.0,43.0
111984,0,34.0,2.0,20.9,26.621934570428706,28.749959788799448,4.837165593910313,102.6288950268513,0.748830168134187,251.821486912365,85.52173310426787
111985,0,42.0,2.0,39.2,14.667464873774941,-7.880043806056836,3.9208369404506813,104.3657932621474,0.16199884622294264,190.69712097761052,60.3342696151068
111986,0,60.0,1.0,30.1,44.0,56.0,4.1,102.0,0.8,187.0,37.0
111990,0,61.0,2.0,39.1,115.0,78.0,3.7,203.0,0.7,196.0,42.0
111993,0,38.0,1.0,33.3,21.0,22.0,4.0,53.0,0.7,269.0,36.0
111994,1,63.0,1.0,31.7,30.0,24.0,4.0,79.0,1.2,172.0,44.0
111995,0,22.0,1.0,38.0,56.0,36.0,4.5,85.0,0.5,373.0,50.0
111997,0,77.0,1.0,29.1,41.80857207789175,40.86832810399694,3.7923675400130676,112.46523283616924,0.7842419062000412,225.0,46.822350135001855
112001,0,59.0,1.0,29.7,63.0,46.0,4.1,83.0,0.7,108.0,66.0
112004,0,19.0,1.0,24.2,15.0,19.0,4.2,72.0,0.2,223.0,60.0
112005,1,77.0,1.0,36.4,23.0,17.0,4.3,76.0,0.3,188.0,34.0
112008,0,77.0,1.0,22.7,23.0,27.0,4.3,72.0,0.4,230.0,74.0
112010,0,29.0,1.0,22.0,13.0,31.0,4.4,91.0,0.4,259.0,93.0
112011,0,60.0,1.0,25.8,18.0,18.0,4.7,53.0,0.9,215.0,47.0
112012,0,32.0,1.0,28.6,22.0,16.0,4.6,45.0,0.3,352.0,60.0
112014,1,59.0,1.0,20.5,2.433748420333538,10.899248397124454,4.2424621429154605,25.82181727626768,0.1533719149616709,224.99646903009653,77.06711757574287
112015,0,79.0,2.0,29.4,7.0,12.0,3.7,100.0,0.2,286.0,97.0
112016,0,55.0,2.0,35.1,14.0,16.0,4.2,79.0,0.2,319.0,92.0
112018,0,29.0,1.0,30.2,45.0,28.0,4.0,73.0,0.7,194.0,44.0
112019,0,74.0,2.0,34.0,25.0,27.0,4.3,66.0,0.3,284.0,81.0
112021,0,52.0,2.0,43.1,17.0,14.0,4.0,90.0,0.2,304.0,49.0
112023,0,41.0,2.0,29.5,11.0,19.0,3.7,63.0,0.4,198.0,63.0
112027,0,20.0,1.0,24.2,22.0,24.0,4.5,144.0,0.7,204.0,59.0
112028,0,55.0,2.0,30.4,20.0,25.0,4.0,67.0,0.2,202.0,54.0
112031,0,18.0,1.0,27.5,20.0,31.0,4.1,96.0,0.4,165.0,31.0
112034,0,21.0,2.0,19.0,26.0,18.82759784492445,4.2,84.0,0.5,236.0,60.0
112038,0,33.0,1.0,26.4,29.0,20.0,4.5,57.0,0.3,345.0,61.0
112040,1,23.0,1.0,31.7,25.0,17.0,4.3,89.0,0.3,251.0,42.0
112041,0,30.0,1.0,38.9,18.0,19.0,4.1,94.0,0.5,205.0,33.0
112045,0,67.0,1.0,37.6,21.0,20.0,4.6,61.0,0.4,228.0,35.0
112047,1,63.0,1.0,37.1,26.0,18.0,3.7,64.0,0.3,295.0,44.0
112050,0,61.0,2.0,35.4,19.0,12.0,3.8,130.0,0.3,310.0,52.0
112052,0,44.0,1.0,27.5,39.0,26.0,4.8,28.0,0.7,253.0,29.0
112055,0,39.0,2.0,24.1,10.0,13.0,4.3,58.0,0.4,370.0,69.0
112060,0,43.0,1.0,27.3,17.0,20.0,3.9,56.0,0.5,193.0,45.0
112063,0,41.0,2.0,42.2,10.0,11.0,2.6,62.0,0.2,662.0,80.0
112067,0,63.0,1.0,25.6,24.0,27.0,4.2,121.0,0.3,355.0,57.0
112071,0,57.0,2.0,32.1,24.0,18.0,3.9,103.0,1.5,303.0,52.0
112072,0,62.0,1.0,47.5,12.0,10.0,3.8,70.0,0.2,202.0,43.0
112073,0,28.0,1.0,21.6,13.0,20.0,4.5,81.0,0.6,221.0,74.0
112077,0,25.0,2.0,35.4,14.0,15.0,4.3,124.0,0.3,189.0,47.0
112078,0,61.0,1.0,24.7,14.0,20.0,3.9,83.0,0.3,220.0,45.0
112079,0,70.0,2.0,24.8,38.0,31.0,4.0,100.0,0.5,251.0,60.0
112080,0,56.0,1.0,27.2,21.0,25.0,4.3,48.0,0.6,253.0,64.0
112081,0,74.0,1.0,29.1,16.0,25.0,4.3,117.0,1.5,281.0,45.0
112084,1,74.0,1.0,31.2,23.0,27.0,4.3,40.0,0.3,196.0,41.0
112086,0,50.0,1.0,29.5,8.0,18.0,4.4,92.0,0.4,208.0,36.0
112088,0,26.0,2.0,32.7,8.0,12.0,4.0,54.0,0.4,272.0,68.0
112089,0,54.0,2.0,27.2,14.0,17.0,4.0,94.0,0.7,241.0,71.0
112090,0,74.0,2.0,24.2,16.0,22.0,3.6,88.0,0.7,229.0,79.0
112092,0,42.0,1.0,34.3,14.918896120519822,16.216532561743854,4.066592218928429,47.51730548571475,0.9048736191605105,308.3014619233122,55.77537546114843
112098,0,62.0,2.0,24.5,18.0,21.0,4.1,81.0,0.3,255.0,44.0
112099,1,72.0,2.0,28.3,19.0,20.0,3.7,127.0,0.4,200.0,56.0
112102,0,38.0,1.0,28.8,20.0,17.0,4.5,59.0,0.5,207.0,56.0
112104,0,67.0,2.0,23.8,-0.8591505533802781,-9.689423285174025,4.3508247293627775,65.5065876382899,0.04743426620979074,371.0,65.6975886620545
112106,0,30.0,1.0,33.9,21.0,13.0,4.0,97.0,0.6,176.0,40.0
112109,0,38.0,1.0,19.6,15.0,21.0,3.6,47.0,0.3,283.0,66.0
112110,0,37.0,2.0,26.9,18.0,16.0,4.5,32.0,0.6,195.0,77.0
112113,0,70.0,2.0,35.5,15.0,18.0,4.0,82.0,0.5,169.0,79.0
112115,0,46.0,1.0,36.2,18.0,14.0,4.5,107.0,0.2,226.0,43.0
112116,0,45.0,1.0,25.2,15.0,18.0,4.4,47.0,0.3,164.0,57.0
112120,0,20.0,2.0,19.1,19.0,22.0,4.2,29.0,0.4,162.0,46.0
112122,0,22.0,2.0,24.2,12.0,12.0,4.5,46.0,0.3,229.0,62.0
112123,0,79.0,1.0,32.1,30.0,22.0,4.2,83.0,0.2,257.0,44.0
112124,0,71.0,1.0,21.3,15.0,15.0,3.9,107.0,0.6,285.0,37.0
112125,0,19.0,1.0,23.8,44.48106732197,38.05814721962755,4.395141345145072,34.38008590637449,0.42719285794743667,230.5349116356653,73.36338997726034
112126,0,68.0,2.0,29.9,40.0,34.0,4.7,137.0,0.4,178.0,62.0
112127,0,50.0,2.0,45.9,32.65263940093874,14.48872292273034,4.022274654485927,31.24041390341138,0.14306583669689937,231.82320297713486,48.160541544241354
112128,0,80.0,2.0,28.0,22.0,19.0,3.4,77.0,0.2,194.0,40.0
112131,0,43.0,1.0,28.0,18.0,21.0,4.2,43.0,0.6,243.0,52.0
112132,0,63.0,1.0,25.3,24.0,19.0,3.7,86.0,0.3,277.0,27.0
112134,0,77.0,1.0,28.5,20.0,19.0,3.8,50.0,0.3,184.0,33.0
112135,0,65.0,2.0,22.1,18.0,19.0,3.9,96.0,0.6,195.0,45.0
112136,0,61.0,1.0,35.7,14.0,14.0,3.4,59.0,0.5,255.0,50.0
112139,0,33.0,2.0,37.5,49.0,28.0,3.6,96.0,0.4,323.0,36.0
112145,0,41.0,2.0,27.1,8.0,13.0,3.9,74.0,0.1,239.0,84.0
112146,0,31.0,2.0,42.3,8.0,9.0,3.4,125.0,0.5,302.0,53.0
112148,0,32.0,2.0,43.5,14.0,14.0,3.8,78.0,0.3,354.0,41.0
112149,0,64.0,1.0,28.8,52.0,37.0,4.3,67.0,0.6,215.0,62.0
112156,0,43.0,2.0,25.0,16.0,18.0,3.5,73.0,0.2,330.0,38.0
112158,0,33.0,2.0,22.8,8.0,13.0,4.4,59.0,1.1,250.0,84.0
112159,0,64.0,1.0,24.6,10.0,16.0,4.0,76.0,0.7,354.0,54.0
112161,0,45.0,2.0,29.5,14.0,18.0,3.7,107.0,0.5,198.0,58.0
112164,0,40.0,2.0,39.0,15.0,18.0,3.5,67.0,0.3,158.0,55.0
112165,0,19.0,1.0,20.2,26.0,20.0,4.7,112.0,0.6,197.0,47.0
112168,0,55.0,2.0,48.9,20.0,18.0,3.8,72.0,0.7,287.0,59.0
112169,1,61.0,1.0,47.0,18.0,18.0,3.9,86.0,0.5,273.0,50.0
112170,0,57.0,2.0,31.4,58.0,31.0,4.4,91.0,0.4,272.0,56.0
112171,0,66.0,2.0,23.7,19.0,21.0,3.9,66.0,0.5,226.0,88.0
112173,0,26.0,1.0,25.6,15.0,15.0,4.2,43.0,0.1,298.0,41.0
112174,0,60.0,2.0,24.7,11.0,17.0,4.2,47.0,1.2,264.0,87.0
112180,0,76.0,2.0,19.6,19.52471648166966,35.98108892279451,4.085367532942597,43.0321746558914,0.2833431174593225,121.71872956475109,83.23421887500483
112182,0,41.0,1.0,36.5,46.0,23.0,4.2,62.0,0.5,229.0,35.0
112184,0,60.0,1.0,28.6,35.0,25.0,4.2,57.0,0.6,332.0,49.0
112186,0,51.0,2.0,27.0,15.0,24.0,4.0,102.0,0.3,267.0,73.0
112187,1,58.0,2.0,32.2,16.0,14.0,4.1,82.0,0.3,231.0,35.0
112191,0,41.0,1.0,27.0,34.0,22.0,3.9,92.0,0.7,338.0,38.0
112193,0,65.0,1.0,21.0,13.0,10.0,4.0,100.0,0.3,153.0,38.0
112194,0,69.0,2.0,32.7,47.0,30.0,4.2,57.0,0.5,212.0,53.0
112195,0,60.0,2.0,42.8,14.0,17.0,3.6,125.0,0.2,227.0,56.0
112198,1,48.0,2.0,29.6,32.0,39.60644724662864,3.3,104.0,0.3,237.0,31.0
112201,0,24.0,2.0,18.8,12.0,19.0,3.9,50.0,0.6,235.0,54.0
112205,0,49.0,1.0,31.7,46.0,44.0,4.2,81.0,0.3,250.0,46.0
112206,0,22.0,1.0,20.9,19.0,23.0,4.3,69.0,0.6,306.0,55.0
112208,0,22.0,1.0,27.7,12.0,13.0,4.1,86.0,0.4,277.0,36.0
112210,0,53.0,1.0,24.6,19.0,21.0,4.5,64.0,1.2,159.0,56.0
112212,0,65.0,1.0,31.9,57.0,89.0,4.0,91.0,0.2,239.0,50.0
112213,0,39.0,2.0,44.6,22.0,14.0,3.8,36.0,0.3,284.0,48.0
112215,0,63.0,1.0,25.6,14.0,18.0,4.0,134.0,0.5,279.0,57.0
112218,0,42.0,1.0,33.1,17.0,20.0,3.8,52.0,0.9,254.0,48.0
112219,0,23.0,1.0,20.7,26.0,27.0,4.0,31.0,0.3,232.0,80.0
112221,0,54.0,2.0,33.1,47.980666370313244,43.19931236346723,4.122630456262191,62.888894142966556,0.18504333566773717,250.1958064537792,79.47863831940313
112222,0,21.0,1.0,31.0,11.0,13.0,4.3,61.0,0.4,274.0,50.0
112226,0,76.0,1.0,29.2,23.0,25.0,4.3,48.0,0.5,188.0,62.0
112228,0,27.0,2.0,20.0,17.0,20.0,3.9,47.0,0.3,221.0,97.0
112230,0,60.0,1.0,33.8,18.0,16.0,4.4,79.0,0.3,271.0,53.0
112231,0,19.0,2.0,46.4,22.0,22.0,3.9,129.0,0.4,297.0,48.0
112233,1,63.0,2.0,39.0,10.0,15.0,4.1,69.0,0.5,272.0,53.0
112235,0,40.0,2.0,47.1,10.0,9.0,3.4,91.0,0.3,335.0,49.0
112237,0,69.0,2.0,20.1,10.096812891670044,22.393478981415157,3.563303204278937,51.138725618089936,0.39595713166085406,280.0,92.87189777182715
112238,0,66.0,2.0,28.1,26.0,22.0,4.1,59.0,0.3,308.0,51.0
112239,0,38.0,2.0,32.0,14.0,18.0,3.4,66.0,0.8,316.0,79.0
112240,0,80.0,2.0,23.1,11.0,19.0,4.0,75.0,0.2,270.0,79.0
112241,1,42.0,1.0,41.8,31.0,19.0,3.9,138.0,0.3,316.0,52.0
112242,0,28.0,1.0,39.6,22.0,16.0,4.2,66.0,0.5,254.0,55.0
112243,0,69.0,2.0,29.2,15.0,20.0,3.9,72.0,0.4,254.0,56.0
112244,0,66.0,2.0,28.489471505371622,18.55885493481177,29.48232594355379,3.7210937158372674,94.73180204848885,0.6583688507496661,271.0,85.0
112248,0,32.0,2.0,35.0,17.0,19.0,4.1,80.0,0.3,260.0,36.0
112251,0,27.0,2.0,40.9,15.0,14.0,4.2,80.0,0.3,262.0,48.0
112252,0,32.0,1.0,28.7,92.0,33.0,4.1,95.0,0.7,246.0,46.0
112254,0,19.0,1.0,25.0,13.0,20.0,4.5,81.0,0.5,182.0,57.0
112256,0,30.0,1.0,22.0,23.0,23.0,4.1,54.0,0.6,217.0,78.0
112265,0,61.0,1.0,23.5,20.0,38.0,4.3,87.0,2.5,349.0,64.0
112268,1,78.0,1.0,34.8,27.0,25.0,4.6,75.0,0.5,157.0,46.0
112270,0,58.0,1.0,21.9,23.0,21.0,4.2,87.0,0.9,207.0,67.0
112271,0,70.0,2.0,25.5,13.0,22.0,4.0,128.0,0.5,189.0,55.0
112273,0,21.0,2.0,32.3,13.0,16.0,3.9,65.0,0.5,286.0,54.0
112275,0,46.0,2.0,35.9,13.0,29.0,3.6,51.0,0.3,301.0,58.0
112276,0,61.0,2.0,30.0,14.0,23.0,4.0,61.0,0.3,210.0,68.0
112277,0,37.0,1.0,32.5,12.0,22.0,4.1,72.0,0.2,239.0,45.0
112280,0,58.0,2.0,25.3,10.0,13.0,3.9,170.0,0.2,268.0,53.0
112281,0,80.0,2.0,36.59928355348844,13.0,24.0,3.8,48.0,0.2,320.0,50.0
112282,0,50.0,2.0,30.6,39.0,30.0,3.9,88.0,0.6,191.0,76.0
112284,0,30.0,2.0,36.6,16.0,15.0,4.0,71.0,0.2,246.0,34.0
112285,1,65.0,1.0,46.1,14.0,19.0,4.1,60.0,0.5,254.0,33.0
112287,0,75.0,2.0,29.4,22.0,24.0,4.1,62.0,0.3,163.0,73.0
112289,0,29.0,1.0,26.5,12.0,19.0,4.3,70.0,2.0,190.0,47.0
112291,1,65.0,1.0,23.7,338.0,307.0,3.9,38.0,0.6,143.0,69.0
112292,0,21.0,1.0,27.3,13.0,14.0,4.2,63.0,0.3,243.0,48.0
112294,0,56.0,1.0,28.8,30.0,24.0,4.2,103.0,0.3,183.0,25.0
112295,0,49.0,2.0,23.6,14.0,20.0,4.3,61.0,0.4,180.0,75.0
112296,0,41.0,1.0,27.1,10.0,12.0,4.1,65.0,0.5,239.0,52.0
112299,0,56.0,2.0,25.8,10.0,16.0,4.0,90.0,0.5,229.0,93.0
112300,0,64.0,1.0,31.6,29.0,33.0,4.4,64.0,0.4,164.0,63.0
112303,0,63.0,2.0,45.0,12.0,18.0,3.6,89.0,0.6,243.0,56.0
112305,0,67.0,2.0,53.3,16.0,19.0,3.7,74.0,0.4,267.0,56.0
112308,0,29.0,2.0,21.9,13.0,14.0,4.4,45.0,0.5,276.0,46.0
112309,0,39.0,2.0,31.5,24.0,23.0,3.7,53.0,0.2,200.0,47.0
112312,0,45.0,1.0,29.0,42.0,23.0,4.0,68.0,0.5,144.0,36.0
112313,0,26.0,1.0,40.8,21.0,20.0,3.9,71.0,0.5,205.0,45.0
112314,0,70.0,2.0,34.4,10.0,11.0,3.9,48.0,0.3,274.0,68.0
112315,0,55.0,2.0,35.0,21.0,24.0,4.2,70.0,0.6,287.0,45.0
112316,0,42.0,2.0,30.6,17.80513326072043,20.318576062810767,4.272387241838511,91.59052702226289,0.6601597090656361,203.27233158096175,25.82642270161859
112317,0,75.0,1.0,29.9,6.0,24.0,3.2,73.0,0.3,245.0,48.0
112319,0,33.0,2.0,25.6,53.0,77.0,3.8,55.0,0.2,233.0,53.0
112320,0,48.0,2.0,36.5,18.0,13.0,3.8,84.0,0.1,273.0,31.0
112321,0,47.0,1.0,31.4,44.0,25.0,3.8,69.0,0.2,270.0,39.0
112322,0,20.0,1.0,24.4,26.0,20.0,4.2,81.0,2.8,189.0,47.89893719039889
112327,0,57.0,1.0,37.4,38.0,27.0,3.9,98.0,0.6,250.0,46.0
112328,0,55.0,1.0,25.2,35.0,18.0,3.8,125.0,0.3,194.0,37.0
112329,0,32.0,2.0,23.0,8.0,13.0,3.9,66.0,0.5,225.0,85.0
112330,1,37.0,2.0,40.3,12.0,13.0,3.6,64.0,0.2,219.0,42.0
112331,0,56.0,1.0,31.0,32.0,19.0,4.4,57.0,0.5,288.0,50.0
112332,0,59.0,2.0,36.0,18.0,14.0,3.6,85.0,0.2,303.0,60.0
112333,0,55.0,2.0,51.2,20.0,18.0,3.5,102.0,0.2,252.0,60.0
112335,0,58.0,2.0,25.0,11.0,11.0,4.3,80.0,0.3,224.0,75.0
112337,0,19.0,1.0,22.9,12.0,15.0,4.4,70.0,0.3,294.0,62.0
112340,0,45.0,2.0,30.5,17.0,15.0,4.0,73.0,0.6,289.0,56.0
112341,0,29.0,2.0,21.6,12.0,16.0,4.1,43.0,1.4,217.0,79.0
112344,0,57.0,2.0,23.3,27.979375655991127,35.80075258933442,4.288917816112886,53.30574465266029,0.24118349561789873,290.0,62.90031384647069
112345,0,58.0,1.0,21.5,14.0,18.0,3.7,109.0,0.2,348.0,56.0
112347,0,56.0,1.0,24.6,16.0,19.0,4.4,89.0,0.7,202.0,48.0
112349,0,80.0,2.0,35.4,13.0,16.0,4.0,74.0,0.3,275.0,58.0
112350,0,48.0,2.0,40.0,29.0,21.0,4.3,112.0,0.2,362.0,70.0
112354,0,38.0,1.0,31.1,19.0,20.0,3.8,56.0,0.3,152.0,41.0
112355,0,21.0,1.0,20.8,28.0,21.0,4.3,102.0,0.3,203.0,54.0
112356,0,21.0,2.0,41.9,7.0,11.0,3.6,81.0,0.3,245.0,64.0
112357,0,28.0,2.0,24.2,10.0,13.0,4.2,54.0,0.3,235.0,48.0
112358,0,29.0,1.0,34.5,84.0,34.0,4.4,87.0,0.3,190.0,32.0
112359,0,62.0,1.0,31.1,25.0,18.0,4.1,94.0,0.3,200.0,43.0
112360,0,32.0,1.0,25.5,24.0,19.0,4.2,62.0,0.4,238.0,31.0
112362,1,40.0,2.0,42.8,19.0,15.0,3.5,93.0,0.2,241.0,38.0
112363,0,59.0,1.0,24.7,20.0,16.0,4.2,63.0,0.7,246.0,59.0
112365,0,58.0,2.0,24.1,12.0,14.0,3.8,61.0,0.4,248.0,55.0
112368,0,47.0,1.0,30.2,26.0,25.0,4.5,57.0,0.3,223.0,46.0
112370,0,40.0,2.0,35.2,14.0,13.0,4.1,67.0,0.1,247.0,49.0
112371,0,23.0,2.0,19.1,9.0,19.0,4.4,62.0,0.2,311.0,88.0
112375,0,50.0,1.0,28.8,21.0,17.0,3.7,58.0,0.4,218.0,33.0
112377,1,44.0,2.0,43.3,8.0,12.0,3.9,64.0,0.3,258.0,77.0
112383,1,30.0,1.0,26.2,117.0,68.0,4.5,255.0,0.6,150.0,29.0
112384,0,20.0,2.0,29.6,46.138776846964035,34.53603811056413,4.535219782470472,52.1696430993631,0.5231101042536705,266.0,83.45542944804578
112385,0,21.0,1.0,24.7,20.0,20.0,4.5,95.0,0.4,164.0,37.0
112386,0,63.0,1.0,26.8,14.0,16.0,4.1,87.0,0.5,186.0,42.0
112387,0,59.0,1.0,33.2,23.0,17.0,4.2,93.0,0.3,325.0,36.0
112389,0,44.0,1.0,29.5,21.0,15.0,4.1,63.0,0.3,228.0,48.0
112391,0,80.0,2.0,22.7,21.0,26.0,3.6,90.0,0.7,208.0,93.0
112394,0,49.0,2.0,20.2,10.0,12.0,4.3,63.0,0.7,314.0,71.0
112399,0,78.0,2.0,22.4,28.0,19.0,3.6,98.0,0.3,437.0,60.0
112402,0,68.0,2.0,30.4,-5.345955336926864,13.388662141990395,3.975633594275855,48.93858457889292,0.14481958929760474,268.0,59.68560465377896
112403,0,46.0,1.0,28.5,34.0,36.0,4.4,61.0,0.9,205.0,54.0
112406,1,37.0,1.0,48.3,54.0,45.0,4.3,30.0,0.9,204.0,34.0
112408,0,42.0,1.0,19.3,18.0,20.0,4.5,102.0,0.4,200.0,59.0
112409,0,52.0,1.0,31.02264811525727,16.0,17.0,3.8,67.0,0.4,219.0,45.0
112410,0,73.0,2.0,39.1,18.0,31.0,4.2,78.0,0.5,258.0,81.0
112412,0,40.0,2.0,22.9,12.0,15.0,4.0,56.0,1.9,255.0,84.0
112415,1,47.0,2.0,37.4,26.0,21.0,3.9,107.0,0.2,359.0,38.0
112416,0,80.0,1.0,27.5,15.0,17.0,4.0,65.0,0.3,275.0,54.0
112419,0,41.0,1.0,27.0,66.98739079075858,40.36922485511131,3.8257813338398705,65.96792717310207,0.7147999630740839,429.0,36.86537179185895
112420,0,18.0,2.0,38.7,29.0,28.0,4.0,106.0,0.2,368.0,40.0
112421,0,65.0,1.0,25.8,21.0,20.0,4.6,60.0,0.4,243.0,35.0
112422,0,60.0,2.0,47.0,10.0,11.0,3.5,89.0,0.1,383.0,62.0
112426,0,66.0,2.0,25.1,27.51534297452739,30.465361508357198,3.5736460599240445,31.48449563556138,0.7665620826569944,176.87555600001815,64.41265606073749
112427,0,52.0,2.0,19.7,9.0,11.0,4.2,66.0,0.2,354.0,60.0
112431,0,22.0,2.0,27.6,8.0,9.0,3.3,71.0,0.1,378.0,45.0
112432,0,33.0,2.0,40.2,20.0,21.0,4.0,80.0,0.3,196.0,52.0
112433,0,57.0,1.0,23.4,22.0,26.0,4.0,134.0,0.2,282.0,90.0
112434,0,37.0,2.0,24.1,35.19080749830849,30.661235885792994,4.765780275191078,106.44926656649278,0.2376103119913144,380.4521703594254,54.20540835752962
112436,0,24.0,2.0,26.9,13.0,17.0,4.7,63.0,0.3,214.0,51.0
112437,0,76.0,2.0,21.9,25.701675201497224,19.968882945486367,4.426744811821516,39.85849600125684,0.556524995804762,232.443711149289,76.35022296641071
112444,0,57.0,2.0,41.7,16.0,20.0,3.9,64.0,0.4,324.0,69.0
112446,0,55.0,1.0,26.6,24.0,24.0,4.0,91.0,1.3,149.0,44.0
112448,1,69.0,1.0,44.5,31.0,27.0,4.0,57.0,1.2,158.0,37.0
112450,0,69.0,2.0,31.0,10.0,13.0,3.8,104.0,0.5,255.0,38.0
112451,0,50.0,1.0,27.7,68.0,37.0,4.7,98.0,0.7,231.0,48.0
112454,0,62.0,1.0,28.0,34.0,27.0,3.8,70.0,0.3,137.0,38.0
112456,1,66.0,1.0,24.8,47.0,79.0,3.4,145.0,0.9,184.0,31.0
112462,0,31.0,1.0,40.0,49.0,24.0,4.2,80.0,0.4,180.0,36.0
112464,0,69.0,2.0,27.4,19.0,19.0,4.1,93.0,0.5,249.0,76.0
112466,0,29.0,1.0,37.9,50.0,26.0,4.1,101.0,0.4,205.0,29.0
112467,0,80.0,1.0,25.9,20.0,23.0,3.9,75.0,0.4,185.0,39.0
112468,0,18.0,1.0,19.9,10.0,20.0,4.3,206.0,0.4,163.0,58.0
112469,0,45.0,2.0,30.5,22.0,23.0,4.7,126.0,0.5,257.0,44.0
112475,0,73.0,2.0,44.5,15.0,19.0,3.7,84.0,0.4,231.0,55.0
112479,0,18.0,2.0,20.3,11.0,18.0,4.5,48.0,1.6,238.0,59.0
112480,1,30.0,1.0,29.0,30.0,20.0,4.8,65.0,0.5,265.0,46.0
112482,0,31.0,1.0,32.305318936010714,9.0,18.0,3.9,65.0,1.2,147.0,48.0
112483,0,59.0,1.0,24.4,40.51486555654085,31.172537893010702,4.371917081085797,3.157199143319133,0.9725815539536111,173.57542463955852,52.44531462074888
112486,0,79.0,1.0,34.0,28.0,22.0,3.8,119.0,0.9,176.0,31.0
112488,1,61.0,1.0,40.8,23.0,23.0,3.9,74.0,0.3,188.0,44.0
112492,0,65.0,1.0,30.4,26.422340720145254,13.120562588917307,4.00740924147809,83.81891413356594,0.5992671819180171,273.52627219717715,42.73151449588329
112494,0,56.0,2.0,26.8,10.0,18.0,4.1,93.0,0.3,251.0,61.0
112497,0,64.0,2.0,26.2,6.2584072488391325,-3.296603750148668,3.9863471546544287,92.24028283414813,0.46750917456493113,241.0,55.46644261546519
112499,0,57.0,1.0,21.7,21.0,22.0,4.3,64.0,0.7,168.0,34.0
112501,0,55.0,2.0,41.8,23.0,19.0,3.6,96.0,0.2,296.0,58.0
112503,0,67.0,2.0,37.3,12.0,12.0,3.6,91.0,0.3,222.0,52.0
112504,0,41.0,1.0,31.3,34.0,25.0,4.4,89.0,0.1,241.0,36.0
112506,0,48.0,1.0,28.7,25.0,25.0,4.3,69.0,0.2,214.0,87.0
112510,0,68.0,2.0,39.6,27.0,25.0,4.2,66.0,0.5,278.0,53.0
112511,0,66.0,1.0,25.1,12.0,15.0,4.0,57.0,0.2,221.0,34.0
112512,0,55.0,2.0,28.3,18.0,16.0,4.0,90.0,0.3,231.0,118.0
112513,0,66.0,2.0,40.731148949424686,11.0,23.0,3.4,79.0,0.2,234.0,52.0
112514,0,63.0,1.0,18.5,-12.676779966020192,-14.224263547505753,4.40520621210458,71.77716607844295,0.7343331753663875,225.0,70.60081271139737
112515,0,78.0,2.0,29.0,7.0,20.0,3.8,77.0,0.3,231.0,54.0
112516,0,55.0,1.0,35.1,31.0,28.0,4.2,132.0,0.4,171.0,39.0
112525,0,65.0,2.0,41.4,18.0,30.0,3.9,137.0,0.2,307.0,69.0
112530,0,70.0,2.0,20.0,22.0,27.0,4.8,57.0,1.2,161.0,60.0
112531,0,53.0,2.0,22.5,19.0,26.0,4.2,80.0,0.3,314.0,67.0
112534,0,41.0,1.0,36.5,61.0,25.0,4.1,85.0,0.7,345.0,41.0
112535,0,53.0,1.0,30.6,25.0,22.0,3.8,77.0,0.5,254.0,56.0
112538,0,46.0,2.0,22.9,8.0,12.0,4.5,61.0,0.6,265.0,43.0
112543,0,55.0,1.0,30.3,18.0,17.0,4.7,104.0,0.5,146.0,58.0
112544,0,28.0,2.0,28.9,12.0,15.0,4.3,49.0,0.2,183.0,43.0
112546,1,37.0,2.0,48.8,29.0,17.0,3.8,55.0,0.2,376.0,44.0
112547,0,19.0,1.0,32.0,33.0,26.0,4.0,97.0,0.5,399.0,34.0
112550,0,44.0,1.0,26.4,24.0,22.0,4.3,71.0,0.5,229.0,52.0
112551,0,23.0,1.0,22.9,14.0,25.0,4.6,50.0,0.3,246.0,59.0
112552,0,60.0,2.0,46.9,31.0,20.0,4.0,70.0,0.7,201.0,40.0
112553,0,37.0,2.0,30.1,16.0,17.0,4.3,96.0,0.4,294.0,60.0
112556,0,29.0,2.0,27.5,36.0,23.0,4.3,59.0,0.4,343.0,54.0
112560,1,64.0,2.0,33.9,17.0,17.0,4.0,138.0,0.6,172.0,51.0
112562,0,49.0,2.0,49.9,17.0,19.0,4.0,83.0,0.3,274.0,49.0
112563,0,44.0,2.0,31.5,13.0,16.0,3.9,71.0,0.1,226.0,80.0
112565,1,50.0,2.0,35.2,25.0,25.0,3.9,102.0,0.2,244.0,57.0
112566,0,48.0,2.0,28.2,14.0,15.0,3.8,74.0,0.3,380.0,78.0
112567,1,76.0,1.0,30.9,20.0,19.0,4.0,75.0,1.5,136.0,35.0
112568,0,53.0,1.0,21.1,14.0,16.0,4.4,54.0,0.6,290.0,80.0
112569,0,46.0,2.0,28.7,14.0,17.0,3.6,49.0,0.3,249.0,48.0
112571,0,47.0,1.0,19.2,10.0,18.0,3.6,94.0,0.4,305.0,57.0
112574,0,64.0,1.0,31.6,17.0,17.0,3.9,72.0,1.5,231.0,50.0
112576,0,34.0,2.0,23.9,16.84127062172986,4.312458125272698,3.78146749488707,40.747412432999745,0.4779950203152961,156.2172220829454,49.511701769903304
112578,0,36.0,1.0,23.8,39.0,28.0,4.2,48.0,0.5,243.0,69.0
112579,0,24.0,2.0,30.8,16.0,16.0,3.8,97.0,0.2,332.0,49.0
112580,0,58.0,2.0,25.9,10.0,13.0,3.9,76.0,0.2,281.0,50.0
112581,1,49.0,2.0,48.8,11.0,15.0,3.3,75.0,0.3,179.0,61.0
112582,0,49.0,2.0,23.9,14.0,19.0,4.0,83.0,0.2,325.0,78.0
112583,1,60.0,2.0,27.3,26.0,21.0,4.6,91.0,0.3,345.0,63.0
112584,0,73.0,2.0,24.3,28.391180698653322,23.705361986709523,3.829969786417707,86.20504951281451,0.13950708277602655,329.6261399023705,49.24554758111854
112585,0,75.0,1.0,32.6,24.0,26.0,4.0,63.0,0.4,171.0,66.0
112586,0,46.0,2.0,21.5,15.0,16.0,4.3,53.0,0.4,316.0,44.0
112587,0,21.0,2.0,19.3,12.0,14.0,4.3,55.0,0.2,214.0,66.0
112589,0,75.0,1.0,31.0,21.0,23.0,4.0,49.0,0.2,204.0,52.0
112590,0,43.0,2.0,33.9,25.0,20.0,3.7,44.0,0.3,289.0,55.0
112592,0,80.0,2.0,26.1,60.56767663496167,52.53834891011023,4.304737934043192,105.87605278127852,0.5402161495225575,278.0,63.61642551182072
112593,0,42.0,1.0,34.5,71.0,55.854475070415205,4.2,99.0,0.6,206.0,34.0
112594,0,56.0,2.0,38.1,40.0,31.0,4.4,121.0,0.5,259.0,62.0
112596,0,69.0,2.0,25.1,23.0,22.0,3.9,73.0,0.6,254.0,52.0
112599,0,18.0,2.0,23.2,12.0,19.0,4.4,68.0,1.2,293.0,54.0
112600,0,62.0,2.0,35.7,16.0,18.0,3.8,68.0,0.3,212.0,50.0
112605,0,35.0,2.0,29.3,5.0,16.0,3.7,106.0,0.2,362.0,38.0
112606,0,48.0,2.0,30.0,26.0,20.0,4.2,75.0,0.3,203.0,56.0
112608,0,44.0,2.0,42.2,14.0,13.0,3.5,58.0,0.4,325.0,36.0
112609,0,62.0,2.0,36.5,12.0,14.0,3.7,80.0,0.2,342.0,53.0
112610,0,49.0,1.0,35.8,15.0,15.0,4.4,66.0,0.2,225.0,52.0
112617,0,35.0,1.0,26.0,17.0,24.0,4.2,44.0,0.6,231.0,51.0
112620,0,56.0,2.0,44.6,28.0,25.0,3.9,81.0,0.5,256.0,54.0
112621,0,62.0,2.0,29.5,20.0,20.0,4.3,123.0,0.3,230.0,47.0
112622,0,43.0,2.0,30.8,16.0,12.0,4.1,73.0,0.3,212.0,68.0
112630,0,33.0,1.0,30.4,35.0,21.0,4.4,92.0,0.6,295.0,35.0
112631,0,18.0,1.0,19.7,46.0,35.0,4.8,99.0,0.8,211.0,48.0
112632,1,19.0,2.0,44.4,30.0,18.0,4.0,88.0,0.5,286.0,42.0
112634,0,42.0,1.0,34.2,126.0,55.0,4.0,64.0,0.3,212.0,33.0
112637,0,57.0,1.0,36.3,33.0,24.0,4.4,64.0,0.3,289.0,34.0
112639,0,79.0,2.0,28.5,16.0,15.0,4.2,57.0,0.8,220.0,41.0
112643,0,35.0,2.0,24.1,8.0,13.0,4.1,73.0,0.4,274.0,32.0
112644,0,76.0,1.0,23.8,23.78289510111177,37.759677395939335,3.8807783557841415,100.37411252786312,0.3735372440995879,303.9758693752407,56.015432307240765
112645,0,19.0,2.0,30.2,7.0,10.0,3.8,48.0,0.2,278.0,43.0
112646,0,70.0,1.0,27.9,9.0,12.0,4.1,74.0,0.2,368.0,36.0
112648,0,33.0,1.0,35.8,27.0,24.0,4.0,99.0,0.4,212.0,38.0
112650,0,43.0,2.0,39.5,22.0,15.0,4.0,62.0,0.3,278.0,45.0
112659,0,32.0,1.0,23.9,15.0,18.0,4.4,66.0,0.5,313.0,39.0
112660,0,43.0,1.0,32.5,19.0,17.0,4.2,81.0,0.4,323.0,49.0
112661,0,45.0,2.0,27.4,18.0,16.0,3.7,56.0,0.2,416.0,43.0
112664,0,45.0,2.0,21.4,12.0,18.0,4.2,60.0,0.3,248.0,57.0
112666,0,36.0,2.0,23.8,19.0,21.0,4.6,79.0,0.4,379.0,58.0
112667,0,56.0,1.0,28.8,32.0,20.0,4.0,81.0,0.3,217.0,55.0
112670,0,68.0,2.0,20.0,20.0,20.0,4.1,75.0,0.4,266.0,61.0
112673,0,24.0,1.0,41.2,28.0,20.0,4.8,71.0,0.3,335.0,44.0
112675,0,47.0,1.0,42.1,22.0,18.0,4.2,65.0,0.1,232.0,43.0
112677,0,23.0,1.0,38.8,39.0,33.0,4.0,81.0,0.8,271.0,44.0
112680,0,67.0,1.0,26.8,18.0,14.0,4.2,125.0,0.6,233.0,35.0
112681,0,71.0,1.0,20.8,44.0,34.0,3.6,140.0,0.3,400.0,52.0
112683,0,33.0,1.0,22.4,17.0,24.0,4.2,70.0,0.5,219.0,49.0
112684,0,39.0,2.0,31.4,24.0,19.0,4.2,74.0,0.4,233.0,35.0
112685,0,48.0,2.0,34.5,13.0,16.0,3.8,78.0,0.2,349.0,45.0
112692,0,56.0,1.0,23.3,15.0,23.0,4.0,82.0,0.2,180.0,52.0
112693,0,20.0,1.0,28.8,30.0,19.0,4.1,49.0,0.2,277.0,33.0
112697,0,21.0,1.0,28.3,30.0,28.0,4.2,67.0,0.5,240.0,37.0
112699,0,80.0,1.0,29.4,22.0,26.0,4.0,75.0,0.5,156.0,42.0
112702,0,25.0,2.0,21.2,15.0,16.0,3.7,32.0,0.2,270.0,65.0
112703,0,52.0,1.0,28.1,9.0,12.0,4.1,79.0,0.4,206.0,43.0
112704,0,73.0,1.0,24.3,7.0,15.0,4.9,118.0,0.8,236.0,49.0
112706,0,37.0,2.0,21.8,12.0,15.0,4.4,51.0,0.4,169.0,48.0
112707,0,57.0,1.0,24.9,20.0,16.0,4.3,36.0,0.5,239.0,51.0
112709,0,24.0,1.0,17.2,16.0,23.0,4.5,81.0,1.0,239.0,69.0
112710,0,80.0,2.0,34.5,12.0,14.0,3.5,86.0,0.3,281.0,36.0
112711,1,72.0,2.0,31.8,10.0,10.0,3.6,70.0,0.2,370.0,35.0
112712,0,61.0,1.0,25.6,16.0,18.0,3.9,66.0,1.4,224.0,66.0
112713,0,78.0,1.0,20.1,16.0,21.0,4.7,116.0,0.8,201.0,55.0
112716,0,33.0,2.0,51.1,8.0,11.0,3.5,103.0,0.2,314.0,54.0
112718,1,59.0,1.0,32.0,82.0,60.0,4.7,64.0,0.4,193.0,43.0
112720,0,29.0,2.0,39.1,15.0,18.0,3.9,44.0,0.6,207.0,57.0
112724,0,19.0,2.0,30.9,10.0,13.0,4.1,47.0,0.2,191.0,70.0
112725,0,58.0,2.0,30.1,34.0,29.0,4.2,106.0,0.6,251.0,38.0
112726,0,59.0,1.0,26.6,24.0,28.0,3.9,72.0,0.3,253.0,65.0
112729,0,26.0,1.0,24.0,37.0,25.0,4.4,63.0,0.3,236.0,42.0
112731,0,55.0,2.0,25.7,11.0,14.0,4.2,119.0,0.6,277.0,55.0
112734,0,80.0,1.0,29.727364507739814,17.0,17.0,3.9,50.0,0.4,210.0,56.0
112736,0,63.0,1.0,37.0,22.0,24.0,4.3,87.0,0.9,209.0,39.0
112738,0,76.0,1.0,28.5,14.0,19.0,3.8,94.0,0.3,211.0,35.0
112739,0,57.0,2.0,26.8,47.0,38.0,4.2,72.0,0.3,269.0,57.0
112740,0,48.0,2.0,44.9,9.0,12.0,3.3,96.0,0.2,296.0,45.0
112744,0,45.0,1.0,24.1,16.0,19.0,4.6,71.0,0.5,250.0,53.0
112747,0,66.0,1.0,22.8,26.0,21.0,3.9,56.0,0.5,216.0,53.0
112749,1,55.0,1.0,40.8,35.0,35.0,4.2,77.0,0.5,195.0,52.0
112751,1,20.0,1.0,21.7,16.0,20.0,5.0,57.0,0.6,226.0,54.0
112752,0,47.0,1.0,29.8,46.0,42.0,4.1,78.0,0.5,263.0,47.0
112760,0,24.0,1.0,25.7,15.0,19.0,4.3,66.0,0.5,147.0,39.0
112764,0,60.0,1.0,29.6,34.0,28.0,4.4,118.0,0.7,235.0,49.0
112765,0,32.0,2.0,35.0,20.15089830793098,19.428308912217428,3.9571255799634293,62.408990233461196,1.012215403416266,212.15148022730006,47.753462374858636
112767,0,63.0,2.0,24.7,10.0,15.0,3.9,86.0,0.3,251.0,34.0
112769,0,42.0,1.0,25.6,19.0,18.0,4.4,60.0,0.3,190.0,47.0
112770,0,72.0,1.0,28.5,17.0,22.0,4.0,91.0,0.4,277.0,46.0
112772,0,23.0,1.0,33.0,19.0,19.0,4.4,47.0,0.3,290.0,56.0
112773,0,42.0,2.0,29.8,14.0,18.0,4.2,53.0,0.5,325.0,99.0
112775,1,61.0,1.0,37.6,15.0,11.0,3.7,76.0,0.2,167.0,29.0
112777,0,28.0,1.0,28.1,15.0,21.0,4.4,68.0,0.3,283.0,81.0
112781,0,80.0,2.0,24.4,10.0,11.0,4.0,75.0,0.3,260.0,33.0
112783,0,55.0,1.0,31.0,50.0,28.0,3.9,63.0,0.6,188.0,29.0
112787,1,42.0,1.0,35.8,40.0,29.0,4.0,115.0,0.6,227.0,49.0
112789,0,27.0,1.0,34.2,22.0,21.0,4.4,64.0,2.6,159.0,49.0
112790,0,44.0,1.0,26.6,22.0,21.0,4.4,76.0,0.3,210.0,35.0
112792,0,45.0,1.0,21.8,13.0,22.0,4.3,66.0,1.2,178.0,48.0
112793,0,19.0,2.0,27.4,7.0,14.0,4.2,80.0,0.2,240.0,48.0
112797,0,48.0,2.0,26.9,13.0,14.0,4.5,49.0,0.4,272.0,51.0
112798,0,44.0,1.0,34.5,52.0,31.0,4.2,63.0,0.6,185.0,38.0
112800,0,28.0,1.0,24.3,39.0,34.0,3.8,54.0,0.2,199.0,44.0
112802,1,71.0,1.0,36.8,12.0,12.0,3.9,69.0,0.9,190.0,44.0
112803,0,33.0,1.0,30.1,40.0,24.0,4.5,45.0,1.4,215.0,48.0
112805,0,78.0,2.0,17.0,20.0,16.0,3.1,97.0,0.1,362.0,82.0
112817,0,20.0,2.0,20.3,10.0,15.0,4.4,69.0,0.5,264.0,42.0
112818,0,67.0,2.0,22.3,15.0,20.0,4.4,63.0,0.3,273.0,66.0
112820,0,59.0,1.0,31.1,37.0,34.0,4.4,90.0,0.5,192.0,56.0
112823,0,80.0,1.0,32.3,16.0,15.0,4.2,97.0,0.5,120.0,48.0
112824,0,64.0,2.0,35.1,6.0,16.0,3.0,115.0,0.2,308.0,54.0
112826,0,22.0,1.0,23.9,14.0,17.0,4.2,67.0,0.8,251.0,67.0
112828,0,64.0,1.0,27.3,18.0,20.0,4.3,74.0,0.2,220.0,45.0
112834,0,45.0,2.0,44.8,22.0,15.0,3.7,101.0,0.2,275.0,37.0
112835,0,63.0,1.0,32.9,23.0,19.0,3.9,72.0,0.4,394.0,44.0
112839,0,28.0,2.0,18.4,14.0,17.0,3.7,62.0,0.3,203.0,66.0
112840,0,54.0,2.0,29.4,17.0,30.0,4.0,83.0,1.0,115.0,72.0
112842,0,73.0,2.0,20.5,11.0,15.0,3.2,94.0,0.3,347.0,49.0
112844,0,71.0,1.0,20.0,208.0,195.0,4.0,81.0,1.4,151.0,66.0
112845,0,41.0,1.0,26.1,18.0,18.0,4.3,129.0,0.7,253.0,46.0
112847,0,23.0,2.0,30.8,9.0,10.0,3.6,90.0,0.1,367.0,42.0
112849,0,32.0,2.0,24.5,21.0,19.0,4.5,50.0,0.2,227.0,60.0
112850,0,53.0,1.0,24.6,19.0,18.0,4.0,89.0,0.4,180.0,44.0
112851,0,73.0,1.0,26.3,15.0,19.0,4.0,101.0,0.1,225.0,47.0
112852,0,80.0,2.0,32.9,10.0,12.0,4.0,106.0,0.2,192.0,58.0
112853,1,62.0,1.0,27.2,40.0,45.0,3.9,73.0,0.4,277.0,89.0
112855,0,57.0,1.0,27.3,14.0,14.0,3.8,66.0,0.4,199.0,43.0
112859,0,41.0,1.0,33.5,134.0,71.0,4.1,69.0,0.4,350.0,39.0
112860,0,80.0,2.0,22.5,9.0,15.0,3.9,88.0,0.3,251.0,73.0
112861,0,48.0,1.0,30.5,18.0,19.0,4.1,64.0,0.3,193.0,33.0
112862,1,24.0,1.0,30.4,40.27976958836937,31.712919505181553,3.837129413106616,60.467317339948366,0.39457604796240814,286.51992639738916,34.918010915873964
112863,0,28.0,1.0,29.9,61.0,23.0,4.2,68.0,0.4,273.0,40.0
112864,0,28.0,2.0,24.1,9.0,12.0,4.2,57.0,0.4,146.0,47.0
112866,0,62.0,2.0,43.2,24.0,26.0,3.6,103.0,0.5,224.0,80.0
112869,0,24.0,2.0,32.0,17.0,15.0,4.1,60.0,0.2,267.0,51.0
112874,0,57.0,1.0,34.0,25.0,15.0,3.8,74.0,0.4,265.0,75.0
112877,0,37.0,2.0,32.5,13.0,17.0,3.9,57.0,0.2,367.0,63.0
112882,0,26.0,2.0,20.7,16.0,20.0,4.4,77.0,0.7,238.0,45.0
112883,0,51.0,1.0,32.3,32.0,19.0,3.8,75.0,0.7,217.0,38.0
112884,0,27.0,2.0,40.8,20.0,22.0,3.8,83.0,0.3,342.0,50.0
112886,0,52.0,1.0,28.0,24.0,20.0,4.1,103.0,0.6,279.0,41.0
112889,1,45.0,1.0,48.5,13.0,9.0,3.6,147.0,0.6,189.0,29.0
112890,0,19.0,1.0,26.6,53.0,36.0,4.3,109.0,0.4,225.0,43.0
112897,0,70.0,2.0,24.2,10.0,16.0,4.3,50.0,0.4,135.0,56.0
112899,0,18.0,2.0,25.4,12.0,16.0,4.0,79.0,0.6,274.0,48.0
112901,0,61.0,2.0,43.2,31.0,24.0,4.0,101.0,0.5,216.0,37.0
112902,0,35.0,2.0,35.9,13.0,16.0,3.6,85.0,0.4,327.0,63.0
112906,0,29.0,1.0,24.3,18.0,16.0,4.2,57.0,0.4,189.0,72.0
112907,0,49.0,1.0,30.1,65.0,30.0,4.4,58.0,0.4,201.0,35.0
112908,0,77.0,1.0,32.2,21.0,18.0,4.7,57.0,1.0,146.0,46.0
112910,0,53.0,2.0,29.6,20.0,17.0,4.1,90.0,0.4,371.0,59.0
112913,1,64.0,2.0,29.7,49.0,27.0,4.3,100.0,0.5,194.0,43.0
112915,0,46.0,1.0,33.8,25.0,12.0,3.8,169.0,0.6,188.0,42.0
112919,1,61.0,2.0,23.3,53.0,113.0,3.4,78.0,0.9,100.0,18.0
112921,0,80.0,2.0,22.3,12.0,18.0,3.6,75.0,0.2,207.0,51.0
112924,0,31.0,1.0,56.0,32.0,22.0,3.8,63.0,0.4,252.0,40.0
112925,0,23.0,2.0,45.5,-7.569894096953847,-12.075654010615319,4.648122553271354,64.99272011482176,0.6266526316066214,267.0,59.237673328908755
112926,0,67.0,1.0,31.5,17.0,21.0,4.2,66.0,0.5,183.0,52.0
112927,0,64.0,2.0,29.2,13.0,21.0,3.6,100.0,0.3,294.0,73.0
112929,1,48.0,2.0,47.8,18.0,13.0,3.7,64.0,0.5,388.0,50.0
112931,0,42.0,2.0,26.8,11.0,25.0,3.9,31.0,0.5,161.0,52.0
112935,0,60.0,2.0,26.3,14.523493670038032,11.825876427910625,3.983406298843802,57.51946962285578,0.24449093629631777,230.21212765000416,58.96562528462789
112937,0,50.0,1.0,26.5,17.0,23.0,4.2,81.0,0.3,393.0,41.0
112938,0,64.0,2.0,29.9,12.0,11.0,4.2,82.0,0.5,242.0,57.0
112939,0,63.0,2.0,30.6,16.0,17.0,4.3,108.0,0.2,195.0,49.0
112940,0,46.0,1.0,25.1,17.0,19.0,4.7,67.0,0.8,167.0,44.0
112942,0,39.0,1.0,22.8,22.0,24.0,4.4,63.0,0.3,166.0,70.0
112944,0,60.0,1.0,29.7,31.0,24.0,4.0,70.0,0.4,231.0,47.0
112948,0,30.0,1.0,26.0,18.0,21.0,4.2,105.0,0.8,223.0,51.0
112949,0,47.0,2.0,40.6,13.0,14.0,3.5,79.0,0.6,301.0,48.0
112951,0,62.0,1.0,42.4,52.0,33.0,4.1,64.0,1.1,181.0,30.0
112953,0,64.0,1.0,20.4,10.0,12.0,4.3,95.0,0.2,270.0,39.0
112955,0,54.0,2.0,30.8,11.0,13.0,4.3,122.0,0.2,264.0,56.0
112956,0,19.0,1.0,20.4,13.0,21.0,4.3,65.0,0.3,225.0,66.0
112957,0,51.0,2.0,33.9,20.0,15.0,4.2,91.0,0.3,280.0,47.0
112958,0,31.0,2.0,28.8,9.0,15.0,3.7,63.0,0.2,282.0,59.0
112960,0,38.0,2.0,29.3,11.0,13.0,3.6,79.0,0.2,346.0,46.0
112961,0,48.0,1.0,25.8,6.860868652656462,22.48507931746417,4.282546868419683,98.8797455458152,0.9793371124829047,290.0,43.0
112962,0,24.0,2.0,22.6,11.0,12.0,4.0,80.0,0.2,267.0,45.0
112965,0,30.0,2.0,20.6,8.0,13.0,3.9,45.0,0.8,321.0,72.0
112966,0,35.0,1.0,27.6,50.0,24.0,4.3,92.0,0.5,242.0,38.0
112967,0,53.0,2.0,50.9,17.0,21.0,3.8,103.0,0.2,331.0,62.0
112968,0,52.0,2.0,18.8,39.0,26.0,4.0,75.0,0.2,227.0,84.0
112970,0,53.0,1.0,18.6,27.0,30.0,4.6,81.0,0.9,229.0,69.0
112972,0,26.0,2.0,42.6,10.0,13.0,4.1,60.0,0.5,225.0,49.0
112974,0,68.0,2.0,62.1,9.0,14.0,3.7,60.0,0.9,261.0,66.0
112977,0,80.0,1.0,28.4,13.0,21.0,4.1,57.0,0.7,229.0,75.0
112978,1,75.0,2.0,43.7,16.0,22.0,4.3,65.0,0.4,263.0,35.0
112981,0,36.0,2.0,20.6,15.0,21.0,4.1,45.0,0.2,377.0,60.0
112983,0,28.0,2.0,34.5,15.0,15.0,4.2,96.0,0.4,334.0,41.0
112986,0,22.0,1.0,27.5,21.0,18.0,4.6,81.0,0.2,303.0,46.0
112987,0,47.0,1.0,25.0,21.0,17.0,4.5,79.0,0.7,163.0,42.0
112988,0,51.0,1.0,24.7,15.0,13.0,3.8,145.0,0.2,223.0,41.0
112990,0,60.0,1.0,24.8,20.0,16.0,4.6,51.0,1.3,219.0,107.0
112991,0,18.0,1.0,22.2,16.0,13.0,4.2,88.0,0.4,221.0,38.0
112992,0,80.0,1.0,29.5,22.0,20.0,4.0,70.0,0.8,164.0,41.0
112994,1,63.0,2.0,39.4,17.0,25.0,3.8,53.0,0.4,211.0,65.0
112997,0,33.0,1.0,32.3,41.0,26.0,4.3,44.0,0.5,248.0,41.0
112999,0,69.0,1.0,24.3,18.0,22.0,4.3,60.0,0.3,455.0,39.0
113000,0,79.0,1.0,27.5,10.0,20.0,4.5,105.0,0.8,279.0,79.0
113001,0,51.0,2.0,19.0,21.0,24.0,4.0,38.0,0.2,241.0,67.0
113007,0,62.0,1.0,29.1,17.0,16.0,4.1,77.0,0.3,231.0,46.0
113008,0,75.0,1.0,22.9,12.0,17.0,4.1,76.0,0.5,244.0,80.0
113009,0,44.0,2.0,35.6,14.0,16.0,3.9,77.0,0.3,374.0,43.0
113010,0,53.0,1.0,36.5,34.0,28.0,4.4,67.0,0.3,345.0,50.0
113011,1,58.0,1.0,43.6,1.879335194780026,-0.003878247175968852,3.8162818759295676,77.35719595479303,0.9972361177883893,249.37506186102956,47.928317841452255
113013,0,73.0,2.0,34.2,22.0,20.0,3.9,89.0,0.5,178.0,52.0
113014,0,60.0,2.0,40.6,15.0,18.0,3.5,123.0,0.4,277.0,33.0
113020,0,71.0,2.0,31.4,21.0,17.0,4.1,72.0,0.5,227.0,60.0
113023,0,38.0,2.0,32.8,12.0,13.0,3.9,56.0,0.3,266.0,43.0
113026,0,53.0,1.0,25.7,62.0,46.0,3.9,126.0,0.6,224.0,48.0
113027,0,24.0,2.0,20.4,10.0,19.0,4.5,66.0,0.3,280.0,73.0
113028,0,24.0,1.0,33.5,60.269328413333035,21.259854091011615,4.501798474758595,63.48056160629855,0.6318964811280526,321.9318127650374,54.625321907620396
113030,0,44.0,2.0,26.4,13.0,17.0,4.3,63.0,0.3,200.0,35.0
113032,0,19.0,1.0,45.3,28.0,18.0,4.1,92.0,0.3,330.0,25.0
113033,0,28.0,2.0,44.1,13.0,13.0,3.6,48.0,0.4,261.0,51.0
113037,0,54.0,2.0,36.1,16.0,15.0,3.8,98.0,0.3,294.0,63.0
113038,0,65.0,1.0,25.0,11.0,18.0,4.2,96.0,0.5,393.0,44.0
113045,0,21.0,1.0,21.9,25.0,20.0,4.5,61.0,0.4,227.0,51.0
113047,0,80.0,1.0,21.3,18.0,28.0,4.0,62.0,0.4,292.0,97.0
113049,0,58.0,2.0,28.9,31.0,18.0,4.2,126.0,0.6,154.0,48.0
113052,0,18.0,1.0,31.3,26.0,31.0,4.4,79.0,0.2,206.0,55.0
113055,0,27.0,2.0,43.4,30.0,20.0,4.0,75.0,0.2,360.0,40.0
113056,0,19.0,2.0,38.5,10.0,14.0,3.7,83.0,0.8,231.0,50.0
113057,1,56.0,2.0,47.6,31.0,24.0,4.0,67.0,0.4,285.0,52.0
113058,0,18.0,1.0,20.6,12.0,17.0,4.4,77.0,0.4,216.0,49.0
113059,0,32.0,2.0,22.3,8.0,15.0,3.7,32.0,0.2,160.0,66.0
113060,0,35.0,1.0,29.1,135.0,121.0,4.0,66.0,0.6,161.0,39.0
113061,0,33.0,2.0,27.4,12.0,15.0,3.3,48.0,0.2,264.0,50.0
113063,0,57.0,2.0,20.9,14.0,19.0,4.1,34.0,0.3,236.0,59.0
113064,0,68.0,1.0,25.0,27.0,31.0,3.6,79.0,0.5,200.0,55.0
113066,0,23.0,2.0,23.5,10.0,16.0,4.2,37.0,1.0,251.0,64.0
113068,0,25.0,2.0,32.5,7.0,14.0,4.1,90.0,0.4,276.0,42.0
113073,0,72.0,1.0,25.7,39.77196072236031,18.050982528008806,4.017383826451729,109.8164535600442,0.8654938215793742,147.0,42.0
113078,0,32.0,2.0,27.0,19.0,18.0,4.6,75.0,0.3,246.0,89.0
113083,1,43.0,2.0,42.1,9.0,17.0,4.1,96.0,0.2,270.0,50.0
113087,0,55.0,2.0,35.4,14.0,18.0,4.1,89.0,0.2,243.0,55.0
113088,0,78.0,1.0,27.4,19.0,22.0,4.0,62.0,0.8,193.0,54.0
113091,0,47.0,2.0,24.9,12.0,20.0,4.1,63.0,0.5,245.0,77.0
113092,1,44.0,2.0,37.0,11.0,15.0,3.6,82.0,0.2,356.0,56.0
113093,0,57.0,2.0,31.9,18.0,19.0,3.7,116.0,0.2,264.0,47.0
113094,0,78.0,2.0,24.4,25.0,25.0,4.4,72.0,0.7,239.0,54.0
113098,0,42.0,1.0,23.9,18.0,16.0,4.5,71.0,0.4,286.0,53.0
113101,0,47.0,1.0,23.7,34.0,22.0,4.7,40.0,0.6,219.0,46.0
113104,0,57.0,2.0,28.2,23.0,20.0,4.3,57.0,0.3,296.0,58.0
113109,0,57.0,2.0,28.5,25.0,18.0,4.4,47.0,0.7,297.0,88.0
113110,0,39.0,1.0,32.2,27.0,24.0,4.4,73.0,0.4,246.0,50.0
113111,0,57.0,1.0,32.4,22.0,20.0,3.9,57.0,0.2,270.0,46.0
113113,0,41.0,2.0,29.2,20.0,26.0,4.1,92.0,0.6,153.0,49.0
113116,0,68.0,1.0,37.9,17.0,15.0,4.0,45.0,0.5,316.0,49.0
113117,0,48.0,2.0,32.4,15.0,14.0,4.3,76.0,0.4,343.0,59.0
113118,0,63.0,2.0,27.6,28.353912726320956,45.15127862335957,3.586523342856946,92.17612628019289,0.49914259789519605,328.0,81.48812934684008
113119,0,52.0,1.0,31.9,19.0,28.0,3.8,87.0,0.9,197.0,45.0
113120,1,48.0,1.0,25.4,43.0,62.0,3.4,71.0,1.7,199.0,40.0
113122,0,54.0,2.0,27.5,26.0,17.0,4.4,87.0,0.4,257.0,42.0
113123,0,33.0,2.0,24.0,12.0,17.0,4.1,77.0,0.4,335.0,84.0
113125,0,44.0,2.0,30.9,7.0,13.0,3.9,43.0,0.3,398.0,85.0
113126,0,55.0,2.0,23.2,27.0,28.0,3.6,104.0,0.2,202.0,58.0
113127,0,62.0,2.0,33.3,16.0,18.0,4.0,94.0,0.4,181.0,30.0
113128,0,72.0,1.0,22.7,28.0,35.0,3.8,76.0,0.4,155.0,72.0
113129,0,79.0,1.0,24.4,14.0,19.0,3.9,51.0,0.6,165.0,64.0
113131,0,66.0,2.0,36.5,13.0,18.0,4.0,97.0,0.3,328.0,47.0
113136,0,52.0,2.0,37.1,27.0,23.0,4.2,74.0,1.2,231.0,40.0
113137,0,80.0,1.0,26.7,17.29924447653707,27.228669091724782,3.930623556343374,86.24996476527885,0.41706606536692503,160.14077407466823,33.18236677780571
113141,0,28.0,1.0,27.9,53.0,34.0,4.4,95.0,0.3,202.0,50.0
113142,0,46.0,2.0,30.3,14.0,12.0,4.3,102.0,1.1,361.0,86.0
113143,0,28.0,2.0,48.2,8.230558285879292,12.025614561415104,4.048786841959344,26.67312205943425,0.5867448161248494,181.0,32.02941955950056
113144,0,33.0,1.0,36.7,203.0,78.0,4.7,89.0,0.4,490.0,49.0
113145,0,80.0,2.0,26.5,13.0,15.0,3.6,85.0,0.2,256.0,64.0
113151,0,41.0,1.0,33.7,20.0,23.0,4.2,98.0,0.9,274.0,35.0
113152,0,65.0,2.0,23.5,22.0,24.0,4.2,38.0,0.4,209.0,65.0
113153,0,25.0,1.0,20.9,23.0,19.0,4.4,55.0,0.4,224.0,65.0
113154,0,30.0,1.0,24.6,19.0,17.0,3.8,59.0,0.3,217.0,40.0
113155,0,54.0,2.0,41.7,22.0,17.0,3.7,88.0,0.4,443.0,57.0
113158,0,48.0,1.0,26.9,13.0,12.0,3.6,79.0,0.1,352.0,33.0
113161,1,46.0,1.0,42.2,46.0,24.0,4.1,53.0,0.4,318.0,42.0
113162,0,69.0,2.0,38.5,15.0,15.0,4.0,68.0,0.3,409.0,57.0
113163,0,72.0,2.0,29.8,25.0,20.0,4.4,84.0,0.4,216.0,60.0
113164,1,71.0,1.0,33.7,24.26036134315294,23.53563953271038,3.7661991219136106,78.87324867979535,0.39997612297507634,145.0,54.313660530783864
113166,0,54.0,1.0,31.0,54.0,34.0,4.2,76.0,0.9,153.0,73.0
113169,0,27.0,2.0,30.5,69.0,38.0,4.1,56.0,0.3,250.0,77.0
113175,0,71.0,2.0,28.9,30.0,28.0,4.0,101.0,1.0,166.0,95.0
113178,0,46.0,2.0,46.4,11.0,15.0,3.2,90.0,0.3,319.0,70.0
113179,1,55.0,2.0,31.7,27.0,20.0,4.0,131.0,0.4,186.0,42.0
113182,0,28.0,2.0,30.3,12.0,17.0,3.9,85.0,0.2,288.0,48.0
113183,0,80.0,1.0,20.9,13.0,16.0,4.1,51.0,0.5,225.0,75.0
113188,0,49.0,1.0,32.6,43.0,24.0,4.2,64.0,0.5,211.0,38.0
113189,0,52.0,1.0,32.4,52.0,39.0,4.0,74.0,0.3,300.0,36.0
113194,0,46.0,1.0,25.7,61.0,39.0,4.4,109.0,0.5,180.0,42.0
113197,0,24.0,2.0,17.2,18.0,20.0,3.8,69.0,0.2,238.0,64.0
113199,0,80.0,2.0,22.4,18.0,33.0,3.5,66.0,0.3,427.0,57.0
113201,0,70.0,2.0,24.6,16.0,21.0,4.5,70.0,0.4,286.0,66.0
113202,0,66.0,2.0,29.9,16.0,17.0,4.2,58.0,0.5,216.0,72.0
113204,0,18.0,1.0,25.2,19.0,21.0,4.6,82.0,0.6,303.0,40.0
113207,0,54.0,1.0,27.5,18.0,16.0,3.8,106.0,0.3,234.0,60.0
113209,0,52.0,2.0,26.7,42.0,35.0,4.0,80.0,0.3,263.0,54.0
113210,0,37.0,2.0,27.3,48.58433328904253,29.15925345305141,4.137280916957875,32.568428606673656,0.10949298950159325,427.89615817664594,48.142914882775386
113211,0,51.0,1.0,20.4,16.0,30.0,4.3,71.0,0.5,202.0,61.0
113213,0,43.0,2.0,28.0,22.0,19.0,4.2,74.0,0.2,262.0,68.0
113215,0,25.0,2.0,24.3,6.0,17.0,3.9,74.0,0.2,326.0,40.0
113216,0,18.0,1.0,39.0,47.0,20.0,4.4,70.0,0.3,242.0,41.0
113220,0,37.0,2.0,24.5,17.0,18.0,4.4,82.0,0.3,215.0,71.0
113222,0,60.0,2.0,25.3,24.0,26.0,4.3,68.0,0.3,205.0,67.0
113223,0,60.0,2.0,25.1,15.0,26.0,4.2,54.0,0.6,272.0,104.0
113224,0,73.0,1.0,22.8,50.0,26.0,4.3,66.0,0.4,202.0,60.0
113227,0,38.0,1.0,36.1,47.0,27.0,4.3,84.0,0.3,159.0,34.0
113231,0,62.0,2.0,32.2,10.0,12.0,3.2,84.0,0.3,247.0,40.0
113232,0,41.0,1.0,32.7,12.0,23.0,4.1,68.0,0.2,211.0,39.0
113236,0,55.0,2.0,32.1,11.0,16.0,3.7,108.0,0.4,280.0,41.0
113237,1,59.0,1.0,41.0,42.0,26.0,4.2,72.0,0.4,221.0,33.0
113240,0,60.0,2.0,29.2,25.0,28.0,4.2,97.0,0.4,280.0,65.0
113242,0,71.0,1.0,33.7,16.0,22.0,4.1,54.0,0.4,231.0,76.0
113244,0,61.0,2.0,33.4,12.0,17.0,3.9,72.0,0.4,174.0,82.0
113246,0,77.0,2.0,26.2,8.0,19.0,3.7,65.0,0.5,206.0,59.0
113249,0,43.0,2.0,35.8,11.0,12.0,3.7,66.0,0.2,302.0,43.0
113250,0,31.0,1.0,29.4,15.0,17.0,4.1,70.0,0.6,209.0,46.0
113253,0,44.0,1.0,27.7,50.0,37.0,4.6,63.0,0.4,240.0,50.0
113254,0,66.0,2.0,22.1,12.0,25.0,4.1,97.0,0.4,226.0,62.0
113256,1,50.0,1.0,31.4,20.0,25.0,3.5,266.0,1.6,114.0,62.0
113257,0,61.0,2.0,28.6,13.0,22.0,3.8,125.0,0.2,183.0,58.0
113259,0,61.0,2.0,25.9,19.0,25.0,3.9,93.0,0.2,293.0,60.0
113263,0,22.0,1.0,24.5,13.0,17.0,4.3,71.0,0.4,238.0,53.0
113264,0,20.0,1.0,28.3,29.0,25.0,4.6,68.0,0.7,197.0,25.0
113266,0,44.0,2.0,24.5,14.0,18.0,3.9,63.0,1.4,299.0,54.0
113267,0,67.0,2.0,27.3,22.0,24.0,3.9,68.0,0.4,220.0,58.0
113268,1,63.0,2.0,35.3,10.0,15.0,4.2,85.0,0.3,233.0,71.0
113270,0,18.0,1.0,32.2,23.0,22.0,4.2,98.0,0.5,259.0,35.0
113271,0,49.0,2.0,36.6,17.0,14.0,4.2,76.0,0.3,263.0,69.0
113272,0,18.0,1.0,19.7,15.0,21.0,4.4,121.0,0.3,303.0,51.0
113274,0,76.0,2.0,31.0,11.0,18.0,4.0,99.0,0.3,208.0,54.0
113275,0,70.0,1.0,23.2,18.0,21.0,4.3,63.0,0.6,305.0,68.0
113276,0,55.0,2.0,28.9,17.0,23.0,3.8,97.0,0.7,229.0,64.0
113279,0,71.0,1.0,30.7,21.0,22.0,4.0,90.0,0.5,209.0,45.0
113281,0,52.0,1.0,30.9,37.0,24.0,4.3,113.0,0.3,264.0,41.0
113285,0,57.0,2.0,33.3,35.0,29.0,3.8,110.0,0.2,282.0,33.0
113286,0,75.0,1.0,29.3,16.0,18.0,4.1,104.0,0.7,276.0,49.0
113289,0,66.0,2.0,27.8,12.0,13.0,4.2,87.0,0.6,213.0,54.0
113292,1,59.0,1.0,36.9,19.0,25.0,3.8,87.0,0.7,223.0,43.0
113294,0,46.0,1.0,23.9,24.0,24.0,4.2,78.0,0.6,193.0,77.0
113298,0,58.0,2.0,35.1,16.0,18.0,4.4,66.0,0.3,388.0,42.0
113300,0,47.0,2.0,37.6,15.0,15.0,4.1,84.0,0.6,323.0,57.0
113301,0,62.0,2.0,40.1,18.150076478736477,20.004172682154373,3.898164843827828,75.77384476842326,0.18066878580495,194.0,59.0
113302,0,18.0,2.0,18.2,26.0,23.0,4.3,64.0,0.4,275.0,75.0
113305,0,66.0,1.0,25.5,21.0,25.0,4.0,84.0,0.9,190.0,70.0
113308,0,60.0,1.0,35.0,43.68512411212307,45.28961968167423,4.065687671812457,95.61394426339261,0.8353931532728447,198.0,56.34439418735468
113311,0,70.0,1.0,27.9,15.0,17.0,4.3,72.0,0.6,215.0,39.0
113313,0,32.0,1.0,22.6,20.0,18.0,4.1,71.0,0.2,233.0,55.0
113314,0,22.0,1.0,39.6,118.0,49.0,4.3,77.0,0.7,264.0,49.0
113316,1,46.0,1.0,27.7,121.0,62.0,4.3,66.0,0.6,231.0,38.0
113317,0,20.0,1.0,17.2,27.215187644789186,18.6288815175918,4.556578003628664,84.28630306066196,0.7558618064261179,153.0,56.45431001263391
113320,0,65.0,2.0,21.0,13.0,19.0,4.2,70.0,0.2,240.0,60.0
113324,0,66.0,1.0,25.5,13.0,12.0,4.1,56.0,0.3,236.0,54.0
113325,0,28.0,1.0,18.7,12.0,16.0,4.8,61.0,0.7,230.0,66.0
113326,0,59.0,1.0,33.0,22.0,19.0,4.2,134.0,1.1,235.0,43.0
113327,0,32.0,1.0,41.0,31.0,21.0,4.1,68.0,0.5,251.0,42.0
113328,0,18.0,2.0,36.5,12.0,17.0,3.9,65.0,0.3,329.0,58.0
113331,0,43.0,1.0,26.9,23.0,18.0,4.0,71.0,1.4,236.0,65.0
113332,0,26.0,2.0,25.3,11.0,13.0,4.5,55.0,0.8,369.0,44.0
113336,0,61.0,1.0,22.5,23.0,25.0,4.3,80.0,0.3,280.0,41.0
113337,0,40.0,2.0,56.0,10.0,11.0,3.7,74.0,0.2,380.0,54.0
113340,0,79.0,2.0,20.3,41.24182244858755,39.35361548831487,4.002005521188375,61.09212554425642,0.5605080510768371,133.51981291150463,73.97330356218887
113341,0,53.0,2.0,28.2,11.0,15.0,3.7,80.0,0.3,216.0,54.0
113342,0,66.0,2.0,33.9,38.0,20.0,3.9,115.0,0.2,373.0,78.0
113343,0,60.0,2.0,35.1,19.0,20.0,4.2,67.0,0.6,190.0,41.0
113344,0,23.0,1.0,21.5,32.0,19.0,4.4,75.0,0.5,172.0,48.0
113347,0,47.0,2.0,29.6,15.0,16.0,3.6,57.0,0.2,214.0,66.0
113349,0,34.0,1.0,39.6,46.0,30.0,4.3,54.0,0.8,218.0,31.0
113350,0,26.0,2.0,40.2,18.0,16.0,3.9,85.0,0.4,190.0,46.0
113353,0,60.0,2.0,19.6,10.0,22.0,4.2,127.0,0.3,308.0,78.0
113355,0,67.0,2.0,34.3,13.0,13.0,3.9,119.0,0.5,132.0,42.0
113357,0,74.0,2.0,23.7,11.0,18.0,4.6,74.0,0.2,297.0,67.0
113362,0,74.0,1.0,20.3,14.0,17.0,4.1,105.0,0.3,210.0,57.0
113363,0,64.0,2.0,30.9,14.0,14.0,3.8,69.0,0.2,276.0,62.0
113364,0,38.0,2.0,26.4,10.0,11.0,3.7,75.0,0.2,322.0,45.0
113365,0,34.0,2.0,20.5,11.0,16.0,4.0,55.0,0.7,248.0,72.0
113366,0,26.0,2.0,36.8,7.0,12.0,3.5,67.0,0.2,306.0,35.0
113367,0,68.0,1.0,37.0,21.0,18.0,4.1,77.0,0.4,186.0,36.0
113368,0,45.0,1.0,22.0,13.0,17.0,4.2,57.0,0.3,272.0,63.0
113369,0,51.0,1.0,32.0,18.0,19.0,4.2,68.0,0.3,307.0,48.0
113370,0,67.0,1.0,24.6,41.0,50.0,4.7,47.0,0.7,229.0,96.0
113371,0,62.0,2.0,46.5,20.0,28.0,4.1,93.0,0.4,254.0,93.0
113372,1,62.0,1.0,33.2,15.0,20.0,4.2,58.0,0.3,244.0,59.0
113373,0,33.0,1.0,22.8,21.0,18.0,4.7,74.0,1.1,251.0,65.0
113374,0,22.0,2.0,24.0,10.0,17.0,4.3,36.0,0.2,183.0,48.0
113375,0,80.0,1.0,32.4,17.310948920535488,19.199979597750954,3.569226578255208,80.63069620081941,0.46366476899572173,239.9813165320809,73.24655574503143
113376,0,56.0,2.0,21.1,16.0,20.0,3.9,107.0,0.4,177.0,46.0
113378,0,80.0,1.0,28.7,19.0,23.0,3.8,52.0,0.9,191.0,81.0
113379,0,76.0,1.0,30.7,24.0,28.0,4.0,71.0,0.6,216.0,70.0
113384,0,40.0,2.0,38.1,11.0,12.0,3.8,80.0,0.3,269.0,53.0
113385,0,62.0,1.0,26.4,15.0,23.0,3.8,103.0,0.9,328.0,73.0
113386,0,24.0,2.0,47.4,8.0,13.0,3.4,80.0,0.2,215.0,55.0
113394,0,50.0,1.0,24.3,20.0,27.0,4.3,68.0,0.7,230.0,63.0
113396,0,28.0,2.0,21.0,4.421957509291118,13.174850789020185,4.422312166521297,64.22570072086187,0.47775658767504947,188.0,78.0
113398,0,49.0,2.0,27.9,16.0,17.0,4.2,76.0,0.5,166.0,53.0
113399,0,60.0,1.0,29.8,27.524203971037842,17.496411852169274,4.259140531524851,91.55873594638935,0.8122329368807952,175.0,33.994845121254
113401,0,21.0,2.0,21.3,13.0,21.0,4.4,52.0,0.8,188.0,85.0
113403,0,67.0,2.0,29.6,12.0,14.0,4.4,82.0,0.3,254.0,77.0
113404,0,60.0,1.0,29.1,9.0,13.0,4.3,88.0,0.4,233.0,33.0
113405,0,59.0,2.0,29.5,35.0,29.0,4.4,93.0,1.0,195.0,38.0
113406,0,26.0,2.0,65.3,32.0,24.0,3.9,105.0,0.7,295.0,56.0
113409,0,30.0,2.0,25.8,22.0,21.0,4.1,62.0,0.3,280.0,30.0
113413,0,32.0,2.0,31.4,11.0,14.0,4.2,69.0,0.9,229.0,57.0
113415,0,30.0,2.0,28.1,15.0,20.0,3.7,76.0,0.4,173.0,56.0
113416,0,63.0,2.0,39.2,16.0,16.0,4.0,80.0,0.3,219.0,46.0
113418,0,29.0,2.0,23.3,13.0,17.0,4.6,65.0,0.4,273.0,58.0
113420,1,65.0,2.0,32.0,21.0,20.0,4.0,118.0,0.4,259.0,55.0
113423,0,22.0,1.0,17.1,11.0,18.0,4.5,73.0,0.5,188.0,55.0
113425,0,55.0,2.0,26.0,17.0,19.0,4.5,92.0,0.3,226.0,66.0
113427,0,63.0,2.0,31.8,10.0,16.0,3.5,104.0,0.2,164.0,42.0
113429,0,80.0,2.0,24.8,12.0,24.0,4.0,83.0,0.6,223.0,44.0
113430,0,63.0,1.0,26.6,28.0,27.0,4.4,102.0,0.4,71.0,64.0
113431,0,26.0,1.0,25.1,15.0,20.0,4.3,70.0,0.4,187.0,88.0
113432,0,18.0,1.0,22.0,22.0,21.0,4.1,136.0,0.4,245.0,50.0
113435,0,21.0,2.0,38.2,22.0,19.0,3.4,61.0,0.3,249.0,73.0
113436,0,47.0,2.0,23.5,10.0,17.0,4.0,59.0,0.3,253.0,51.0
113437,0,62.0,1.0,26.6,37.0,39.0,4.0,108.0,0.6,324.0,46.0
113439,0,66.0,1.0,26.8,15.0,25.0,4.3,110.0,0.6,260.0,55.0
113440,0,58.0,2.0,32.9,16.0,17.0,4.0,101.0,0.4,280.0,57.0
113442,1,22.0,1.0,41.2,39.0,26.0,4.2,129.0,0.5,222.0,54.0
113443,1,46.0,1.0,35.3,50.0,42.0,4.7,66.0,1.8,217.0,33.0
113445,0,37.0,2.0,26.5,10.0,13.0,3.5,72.0,0.4,309.0,51.0
113446,1,57.0,1.0,52.8,62.0,37.0,2.9,133.0,0.2,224.0,51.0
113447,0,31.0,1.0,20.8,21.93169240798456,27.947395536816487,4.406495629894272,115.08755776317591,0.9507934605139277,287.40452992144503,42.21798147973145
113448,0,51.0,2.0,25.6,9.0,16.0,3.6,49.0,0.3,252.0,71.0
113450,0,60.0,2.0,34.7,11.0,12.0,3.7,126.0,0.3,341.0,32.0
113451,0,45.0,2.0,49.8,19.0,16.0,3.8,106.0,0.1,290.0,54.0
113452,1,80.0,1.0,28.6,13.0,19.0,3.7,60.0,0.3,247.0,65.0
113453,0,27.0,1.0,20.9,36.0,27.0,4.2,81.0,0.7,132.0,69.0
113455,1,61.0,1.0,32.0,19.0,20.0,3.4,78.0,0.6,172.0,42.0
113456,1,80.0,2.0,23.5,10.0,12.0,3.4,93.0,0.2,467.0,65.0
113457,0,73.0,2.0,30.1,8.83080991368341,25.720859090130162,3.841546777412766,67.13998667837458,0.12231339876635017,231.37013937756686,58.45611339180868
113461,0,51.0,1.0,26.7,21.0,22.0,4.2,81.0,0.2,234.0,49.0
113462,0,38.0,1.0,28.8,16.0,20.0,4.4,58.0,0.4,251.0,65.0
113463,0,51.0,2.0,27.7,19.0,16.0,3.9,89.0,0.7,214.0,44.0
113464,0,20.0,2.0,23.5,15.0,18.0,3.9,82.0,0.3,223.0,57.0
113468,0,22.0,1.0,37.1,21.0,20.0,3.4,43.0,0.3,135.0,42.0
113472,0,48.0,2.0,24.0,26.0,36.0,4.2,68.0,0.4,313.0,80.0
113473,0,80.0,2.0,23.8,17.0,20.0,4.2,101.0,0.6,151.0,82.0
113475,0,80.0,2.0,22.6,16.0,17.0,4.1,60.0,0.6,261.0,71.0
113477,0,62.0,2.0,33.6,16.0,15.0,3.7,79.0,0.1,257.0,68.0
113478,0,31.0,2.0,46.9,13.0,16.0,3.6,103.0,0.3,273.0,74.0
113479,0,60.0,2.0,23.8,19.0,28.0,4.1,123.0,0.2,211.0,78.0
113480,0,41.0,1.0,25.2,35.0,22.0,4.5,108.0,1.0,257.0,51.0
113486,0,27.0,2.0,31.0,29.0,46.0,4.3,99.0,0.4,273.0,37.0
113487,0,52.0,2.0,46.6,18.0,15.0,3.7,73.0,0.4,306.0,48.0
113488,0,80.0,2.0,28.5,13.0,15.0,4.1,128.0,0.4,213.0,86.0
113492,0,61.0,1.0,24.0,27.0,25.0,4.3,75.0,0.3,192.0,53.0
113493,0,46.0,1.0,25.8,25.0,27.0,4.9,31.0,0.3,216.0,61.0
113494,0,25.0,2.0,39.6,35.0,27.0,4.3,116.0,0.3,399.0,35.0
113499,0,23.0,1.0,23.0,14.0,17.0,4.5,69.0,0.4,185.0,49.0
113500,0,80.0,2.0,27.9,15.0,16.0,3.9,88.0,0.3,232.0,82.0
113505,0,29.0,2.0,29.4,11.0,13.0,4.0,71.0,0.4,390.0,39.0
113507,0,19.0,2.0,22.3,10.0,17.0,4.5,65.0,0.5,258.0,54.0
113509,0,26.0,1.0,24.2,22.0,24.0,4.6,66.0,0.4,191.0,48.0
113510,1,68.0,2.0,31.5,18.0,19.0,4.4,64.0,0.2,338.0,41.0
113511,0,66.0,2.0,37.0,23.89327657971313,31.65263126005282,3.20590976508893,148.75739111759674,0.3352667559110624,329.0,42.0
113513,0,18.0,2.0,19.6,17.0,18.0,3.7,62.0,0.3,323.0,48.0
113514,0,42.0,1.0,38.4,69.0,40.0,3.9,78.0,0.3,289.0,43.0
113516,0,65.0,2.0,37.3,11.0,13.0,4.0,104.0,0.3,199.0,40.0
113519,0,64.0,2.0,21.0,15.0,18.0,4.0,62.0,0.9,192.0,54.0
113521,0,72.0,1.0,28.2,19.0,25.0,4.4,103.0,0.5,153.0,48.0
113527,0,40.0,1.0,34.3,67.0,36.0,3.8,98.0,0.4,244.0,42.0
113528,0,79.0,1.0,31.7,21.0,17.0,3.3,82.0,0.5,174.0,34.0
113531,0,25.0,2.0,28.5,19.0,16.0,4.0,121.0,0.2,247.0,49.0
113532,0,43.0,2.0,27.1,14.0,26.0,4.0,80.0,0.2,268.0,64.0
113539,0,42.0,1.0,31.8,30.0,20.0,4.0,60.0,0.4,209.0,37.0
113541,0,79.0,1.0,29.3,17.0,21.0,4.3,72.0,0.4,349.0,38.0
113542,1,52.0,1.0,28.1,28.0,19.0,3.9,106.0,0.2,278.0,39.0
113545,0,20.0,1.0,17.1,-0.3287660174305884,8.034526349287319,4.534633371402913,107.93095119715943,0.6691433822434788,252.61376392619536,42.3354477817757
113546,0,73.0,1.0,17.1,19.0,25.0,4.2,83.0,0.5,183.0,69.0
113547,0,74.0,2.0,39.8,6.0,10.0,3.5,132.0,0.5,222.0,64.0
113548,0,80.0,2.0,21.9,13.0,24.0,4.2,79.0,0.5,279.0,51.0
113550,0,27.0,1.0,25.5,20.0,24.0,4.0,61.0,1.4,206.0,63.0
113551,0,37.0,2.0,26.9,12.0,17.0,4.5,81.0,0.3,237.0,66.0
113552,0,80.0,1.0,33.3,15.0,19.0,3.9,86.0,0.3,169.0,50.0
113553,0,50.0,2.0,33.6,22.0,18.0,3.9,75.0,0.2,329.0,45.0
113558,0,33.0,1.0,26.2,11.0,18.0,4.6,47.0,0.5,202.0,56.0
113559,0,63.0,1.0,31.2,25.0,23.0,4.6,67.0,1.0,338.0,54.0
113560,0,61.0,2.0,28.5,10.0,14.0,4.1,73.0,0.4,168.0,54.0
113562,0,36.0,1.0,29.0,16.0,23.0,4.4,56.0,0.3,246.0,54.0
113565,0,46.0,2.0,25.2,15.0,16.0,4.2,47.0,0.4,195.0,65.0
113566,0,52.0,2.0,23.5,12.0,15.0,4.1,62.0,0.4,227.0,46.0
113569,0,46.0,1.0,26.2,34.0,27.0,4.4,52.0,0.2,216.0,54.0
113573,0,53.0,2.0,30.2,109.0,60.0,3.7,186.0,0.4,322.0,52.0
113574,0,33.0,1.0,39.5,16.0,19.0,4.4,65.0,0.3,263.0,41.0
113575,0,58.0,1.0,26.2,62.0,60.0,3.7,68.0,0.8,224.0,45.0
113576,0,43.0,1.0,25.7,33.0,19.0,4.6,80.0,0.3,210.0,54.0
113577,0,42.0,2.0,38.5,11.0,14.0,3.5,60.0,0.4,393.0,52.0
113578,0,26.0,1.0,24.5,13.0,15.0,4.5,43.0,0.7,262.0,48.0
113580,0,77.0,2.0,33.4,10.0,13.0,3.5,73.0,0.3,187.0,35.0
113581,0,75.0,2.0,26.1,14.0,15.0,4.0,64.0,0.4,222.0,44.0
113582,0,55.0,1.0,24.6,15.0,21.0,3.9,68.0,0.3,183.0,55.0
113583,0,33.0,2.0,23.3,14.0,24.0,4.0,38.0,0.2,242.0,81.0
113586,0,70.0,1.0,31.5,21.0,19.0,4.7,68.0,0.5,220.0,43.0
113587,0,60.0,1.0,25.8,14.0,10.0,4.3,119.0,0.6,195.0,71.0
113588,0,61.0,1.0,34.8,15.0,12.0,4.0,66.0,1.7,262.0,40.0
113590,0,65.0,1.0,17.5,6.0,24.0,3.0,68.0,0.3,429.0,58.0
113591,0,66.0,1.0,22.7,35.97891607760276,35.34422980692733,4.175045595282684,101.48251686471966,0.704709715648704,185.0,51.64813634116104
113593,0,18.0,2.0,29.7,16.0,18.0,4.4,137.0,0.3,242.0,45.0
113597,0,72.0,2.0,36.6,17.0,22.0,4.1,80.0,0.5,229.0,42.0
113599,1,31.0,1.0,36.9,156.0,87.0,4.3,66.0,1.1,204.0,44.0
113600,0,80.0,2.0,25.1,14.0,23.0,4.1,56.0,0.2,153.0,76.0
113602,0,45.0,1.0,25.7,24.0,19.0,3.7,147.0,0.2,263.0,40.0
113614,0,30.0,1.0,25.4,63.0,55.0,4.6,80.0,0.5,320.0,47.0
113615,0,54.0,2.0,27.2,14.0,15.0,4.0,66.0,0.4,180.0,78.0
113616,0,66.0,1.0,28.7,22.0,19.0,3.9,96.0,0.4,199.0,61.0
113619,0,80.0,2.0,34.5,17.0,19.0,4.0,55.0,0.6,317.0,62.0
113620,0,48.0,2.0,20.7,8.0,13.0,3.8,25.0,0.3,329.0,60.0
113621,0,58.0,2.0,24.1,15.0,25.0,4.0,126.0,0.4,324.0,69.0
113624,0,45.0,1.0,25.3,25.0,19.0,4.7,67.0,0.7,247.0,59.0
113627,0,33.0,1.0,44.3,28.0,26.0,4.2,81.0,0.6,261.0,39.0
113628,0,37.0,2.0,40.5,10.0,18.0,3.7,94.0,1.0,308.0,34.0
113630,0,39.0,1.0,32.0,21.0,16.0,4.1,61.0,0.4,303.0,42.0
113631,0,64.0,2.0,32.4,11.0,13.0,3.8,80.0,0.3,283.0,48.0
113633,0,29.0,1.0,24.4,34.0,23.0,4.3,98.0,0.7,225.0,44.0
113636,0,24.0,1.0,20.6,19.0,16.0,4.7,88.0,0.6,241.0,40.0
113637,0,35.0,2.0,28.2,12.0,16.0,4.0,39.0,1.5,261.0,57.0
113638,0,18.0,2.0,19.7,8.434761229969816,16.310141552605714,4.125670373340443,89.59399979403076,0.26021872937613777,258.24471075465584,47.35908717911731
113639,0,67.0,1.0,29.8,32.0,22.0,4.2,66.0,0.4,273.0,51.0
113642,0,47.0,1.0,32.6,86.0,34.0,4.5,84.0,0.3,179.0,47.0
113644,0,19.0,2.0,16.9,4.0,16.0,4.2,113.0,0.4,313.0,61.0
113646,1,47.0,2.0,43.9,18.0,12.0,3.8,105.0,0.2,222.0,41.0
113647,0,58.0,1.0,28.4,14.0,18.0,4.5,83.0,0.4,434.0,43.0
113648,0,61.0,1.0,27.5,16.0,13.0,3.8,92.0,0.4,254.0,41.0
113649,0,55.0,1.0,41.3,29.0,15.0,3.7,69.0,0.3,220.0,30.0
113651,0,62.0,2.0,44.6,13.0,24.0,3.4,103.0,0.6,205.0,67.0
113652,0,26.0,1.0,24.3,66.0,34.0,4.7,89.0,0.3,304.0,46.0
113658,0,37.0,2.0,32.2,22.0,14.0,3.9,94.0,0.6,238.0,58.0
113660,1,57.0,2.0,23.8,23.57307121135543,24.412435700030144,4.358280310372644,97.71629933957168,0.24083716265060948,252.08487937545428,60.479233879271526
113661,0,24.0,2.0,19.8,10.0,17.0,3.7,53.0,0.3,247.0,75.0
113663,0,55.0,1.0,24.7,11.0,15.0,4.0,54.0,0.4,238.0,88.0
113664,0,80.0,1.0,21.9,51.0,87.0,4.3,42.0,0.7,79.0,91.0
113666,1,34.0,1.0,36.7,33.0,19.0,3.9,55.0,0.5,284.0,37.0
113668,1,75.0,1.0,32.8,26.0,27.0,4.1,75.0,0.4,218.0,42.0
113669,1,63.0,1.0,26.3,26.0,17.0,4.0,81.0,0.5,234.0,37.0
113672,0,54.0,2.0,37.7,20.0,21.0,4.1,94.0,0.3,215.0,41.0
113673,0,18.0,2.0,33.0,7.0,15.0,4.2,63.0,0.3,252.0,66.0
113674,0,80.0,1.0,32.3,20.0,20.0,4.3,90.0,0.7,206.0,76.0
113676,0,34.0,2.0,25.0,11.0,16.0,4.1,69.0,0.4,242.0,77.0
113677,0,33.0,2.0,25.3,10.0,15.0,4.4,38.0,0.2,300.0,73.0
113678,0,47.0,2.0,30.6,15.0,19.0,3.3,72.0,0.1,241.0,57.0
113680,0,36.0,2.0,31.2,11.0,15.0,4.3,64.0,0.4,248.0,46.0
113681,0,62.0,1.0,25.1,20.0,21.0,4.4,60.0,1.5,199.0,37.0
113683,0,25.0,1.0,34.9,54.0,34.0,4.4,94.0,0.4,281.0,44.0
113684,0,71.0,1.0,37.7,27.0,21.0,4.0,64.0,0.4,244.0,54.0
113687,0,45.0,2.0,34.1,14.0,14.0,3.7,79.0,0.2,395.0,40.0
113690,0,24.0,2.0,19.8,8.0,13.0,4.2,67.0,0.6,291.0,74.0
113692,0,23.0,2.0,24.5,10.0,18.0,3.9,58.0,0.3,230.0,76.0
113695,1,25.0,1.0,34.4,58.0,32.0,5.1,53.0,0.5,237.0,42.0
113696,0,39.0,1.0,21.8,20.0,20.0,4.5,20.0,0.8,122.0,47.0
113699,0,61.0,2.0,32.4,11.0,14.0,4.2,88.0,0.5,240.0,52.0
113701,0,27.0,1.0,24.7,54.0,40.0,4.2,71.0,0.7,145.0,63.0
113702,0,57.0,1.0,26.3,20.0,20.0,4.8,71.0,0.5,251.0,42.0
113704,1,43.0,1.0,39.0,49.0,28.0,4.0,70.0,0.3,210.0,27.0
113706,0,48.0,1.0,32.4,10.0,16.0,4.0,72.0,0.6,287.0,42.0
113707,0,73.0,1.0,26.7,9.0,17.0,3.3,69.0,0.3,241.0,60.0
113708,0,30.0,2.0,19.1,11.0,12.0,4.2,36.0,0.4,268.0,59.0
113709,0,38.0,1.0,27.9,34.0,26.0,4.3,53.0,0.1,234.0,35.0
113714,0,37.0,1.0,25.4,40.0,44.0,4.4,62.0,0.4,345.0,50.0
113715,1,80.0,1.0,29.0,14.0,19.0,3.4,99.0,0.6,308.0,48.0
113716,0,47.0,2.0,24.5,21.0,24.0,4.3,49.0,0.7,154.0,87.0
113717,0,51.0,1.0,25.6,15.0,13.0,4.2,72.0,0.7,270.0,41.0
113723,0,38.0,1.0,28.1,18.0,17.0,4.0,81.0,1.0,232.0,45.0
113727,0,41.0,2.0,21.4,9.0,16.0,3.2,76.0,0.4,283.0,56.0
113730,0,80.0,1.0,24.2,14.0,24.0,3.9,98.0,0.5,151.0,84.0
113731,0,26.0,2.0,22.3,25.0,23.0,4.3,45.0,0.6,260.0,64.0
113733,0,68.0,1.0,33.8,23.0,18.0,3.9,66.0,0.8,197.0,52.0
113734,1,74.0,1.0,30.5,14.0,16.0,4.0,68.0,0.7,227.0,46.0
113735,0,50.0,1.0,30.6,46.0,44.0,4.1,68.0,0.3,228.0,54.0
113737,0,56.0,2.0,34.7,20.0,18.0,4.0,93.0,0.4,206.0,68.0
113738,0,55.0,2.0,26.9,14.0,15.0,4.3,166.0,0.3,287.0,51.0
113742,0,21.0,2.0,22.0,19.0,28.0,4.0,38.0,0.2,258.0,64.0
113746,0,19.0,1.0,24.4,72.46459005762563,48.08028127633935,4.411262947906147,108.69998829037671,0.9272031940430083,349.41041480058436,37.557298158149194
113747,0,29.0,1.0,34.9,45.0,28.0,4.8,70.0,0.6,312.0,41.0
113750,1,60.0,1.0,37.0,28.0,23.0,4.3,73.0,0.4,243.0,37.0
113751,0,61.0,1.0,31.3,14.0,17.0,4.0,70.0,0.8,209.0,41.0
113754,0,49.0,2.0,23.8,13.0,16.0,4.1,29.0,0.5,258.0,63.0
113757,0,21.0,1.0,26.9,15.0,16.0,4.7,75.0,0.4,287.0,31.0
113761,0,25.0,1.0,25.5,22.0,16.0,4.5,41.0,0.2,306.0,63.0
113762,0,64.0,1.0,22.2,23.0,28.0,4.4,72.0,0.9,245.0,70.0
113763,0,25.0,2.0,38.7,17.0,17.0,3.8,84.0,0.1,327.0,48.0
113766,0,58.0,2.0,26.2,8.0,14.0,3.9,54.0,0.2,398.0,45.0
113767,0,23.0,1.0,44.0,20.0,13.0,4.2,48.0,0.4,415.0,34.0
113768,0,66.0,2.0,15.4,12.0,23.0,3.5,80.0,0.2,206.0,71.0
113769,0,36.0,2.0,30.3,12.0,11.0,3.5,69.0,0.2,391.0,46.0
113770,1,52.0,1.0,28.3,45.0,37.0,4.5,61.0,0.8,124.0,41.0
113773,1,68.0,1.0,31.7,30.0,31.0,4.3,59.0,1.4,129.0,51.0
113775,0,67.0,2.0,23.5,20.0,26.0,4.0,71.0,0.3,208.0,82.0
113777,0,69.0,1.0,26.7,26.0,27.0,4.5,99.0,0.6,217.0,71.0
113779,0,21.0,1.0,19.1,21.745126932752903,27.541291258046574,3.7164597638434005,54.47580960982428,0.7587752487214284,258.0,69.0
113781,0,19.0,1.0,25.8,26.0,24.0,4.3,81.0,0.2,262.0,40.0
113785,0,50.0,2.0,29.4,22.0,21.0,4.3,74.0,0.4,285.0,44.0
113787,1,71.0,1.0,31.7,17.0,19.0,3.9,72.0,0.4,217.0,41.0
113788,0,25.0,2.0,39.1,13.0,15.0,3.9,51.0,0.2,287.0,59.0
113791,0,24.0,2.0,19.1,9.0,15.0,4.0,45.0,0.4,193.0,75.0
113792,0,25.0,2.0,33.7,7.0,12.0,4.1,52.0,0.2,252.0,30.0
113794,0,35.0,2.0,25.3,11.0,14.0,3.9,43.0,0.3,272.0,34.0
113799,0,71.0,1.0,20.3,14.0,20.0,4.3,77.0,0.6,202.0,61.0
113801,0,45.0,2.0,40.1,16.0,14.0,3.8,97.0,0.2,322.0,54.0
113803,0,55.0,1.0,26.1,19.0,21.0,3.9,50.0,0.3,162.0,48.0
113807,0,28.0,2.0,31.8,21.0,14.0,3.9,64.0,0.4,248.0,51.0
113808,0,32.0,2.0,40.7,16.0,15.0,3.1,53.0,0.2,353.0,49.0
113810,0,40.0,1.0,29.9,30.0,22.0,4.3,77.0,0.4,144.0,39.0
113812,0,32.0,2.0,22.2,9.0,14.0,4.6,76.0,0.3,212.0,50.0
113813,0,20.0,1.0,29.4,17.0,23.0,4.5,103.0,1.3,235.0,41.0
113815,0,71.0,1.0,25.2,16.0,17.0,4.2,105.0,0.2,340.0,58.0
113816,1,49.0,1.0,36.9,35.0,20.0,4.2,66.0,0.3,310.0,39.0
113817,0,49.0,2.0,33.7,34.844915577538515,31.5090352407639,3.346771642351563,45.33505992600975,-0.02853751385257669,311.2689741806861,74.5019456156342
113819,0,60.0,1.0,28.2,11.0,14.0,3.9,75.0,0.6,201.0,60.0
113820,0,35.0,2.0,39.1,14.0,16.0,3.7,60.0,0.2,266.0,41.0
113822,0,51.0,2.0,24.1,22.0,21.0,4.9,73.0,0.5,252.0,72.0
113824,1,36.0,1.0,28.6,23.0,27.0,4.6,49.0,0.5,192.0,41.0
113825,0,66.0,2.0,26.7,12.0,28.0,4.1,61.0,0.3,235.0,80.0
113826,0,70.0,2.0,38.9,28.328965438523138,17.881914709708134,3.5514266505054755,68.80360152587707,0.43706372923660264,226.58535978920568,56.20394252401966
113827,0,80.0,1.0,21.4,12.0,22.0,3.8,74.0,0.7,148.0,82.0
113828,0,42.0,2.0,31.4,11.0,17.0,4.4,47.0,0.7,164.0,63.0
113831,0,80.0,1.0,28.0,18.0,17.0,3.8,113.0,0.2,161.0,45.0
113834,0,42.0,1.0,24.6,16.0,15.0,4.0,60.0,0.9,219.0,46.0
113838,0,59.0,1.0,17.0,20.0,22.0,4.7,78.0,0.3,256.0,53.0
113839,1,42.0,1.0,28.6,63.0,34.0,4.4,46.0,0.3,127.0,63.0
113840,0,62.0,1.0,23.6,29.0,25.0,3.9,58.0,0.5,175.0,49.0
113841,0,57.0,1.0,33.1,21.0,17.0,4.5,70.0,0.4,205.0,45.0
113843,1,80.0,2.0,25.7,26.0,24.0,4.1,83.0,0.3,240.0,52.0
113844,0,41.0,2.0,36.9,17.0,18.0,3.7,64.0,0.3,278.0,42.0
113846,0,58.0,2.0,24.2,25.0,30.0,4.0,48.0,0.4,201.0,88.0
113847,0,51.0,2.0,28.5,14.0,15.0,3.8,66.0,0.2,282.0,46.0
113849,0,18.0,2.0,19.5,13.0,18.0,4.2,74.0,0.3,275.0,56.0
113851,1,67.0,1.0,37.5,18.0,17.0,4.1,68.0,0.3,174.0,48.0
113852,1,78.0,2.0,27.9,25.0,42.0,4.0,105.0,0.6,164.0,45.0
113854,0,70.0,2.0,36.2,25.0,24.0,4.4,61.0,0.2,220.0,72.0
113856,0,63.0,2.0,49.1,14.0,13.0,3.4,109.0,0.3,341.0,36.0
113857,1,49.0,2.0,24.6,41.0,25.0,4.2,73.0,0.2,216.0,40.0
113859,0,75.0,1.0,26.5,23.0,29.0,4.6,61.0,0.4,284.0,51.0
113860,0,51.0,2.0,28.9,16.0,15.0,3.6,55.0,0.4,288.0,85.0
113862,0,61.0,2.0,18.8,13.0,17.0,3.6,84.0,0.2,498.0,92.0
113863,0,66.0,2.0,29.8,17.0,18.0,4.0,64.0,0.2,315.0,60.0
113865,0,52.0,2.0,34.0,12.0,14.0,3.6,46.0,0.3,312.0,39.0
113866,0,58.0,2.0,21.5,19.0,20.0,4.1,81.0,0.7,155.0,59.0
113868,1,37.0,2.0,50.7,31.0,37.0,3.5,87.0,0.3,166.0,29.0
113869,0,80.0,1.0,24.5,15.0,18.0,4.3,47.0,0.4,127.0,67.0
113870,0,69.0,1.0,23.3,16.0,14.0,3.9,55.0,1.0,223.0,40.0
113871,0,71.0,1.0,29.8,13.0,19.0,3.7,54.0,0.5,128.0,49.0
113872,0,62.0,1.0,25.6,31.0,29.0,4.0,68.0,0.5,125.0,39.0
113874,0,43.0,1.0,32.0,36.0,24.0,4.0,77.0,0.3,212.0,60.0
113881,0,67.0,2.0,33.0,23.775157491067123,28.17127611081659,3.907890405154198,86.91700825977307,0.7180316477758409,151.0210160918579,52.99339274904624
113888,0,73.0,1.0,25.1,17.0,18.0,3.8,87.0,0.4,406.0,61.0
113889,0,60.0,1.0,34.3,47.0,42.0,3.9,81.0,0.3,217.0,43.0
113891,0,40.0,2.0,26.9,13.0,18.0,4.0,58.0,0.4,267.0,65.0
113893,1,64.0,1.0,26.4,77.16491284337583,60.98101625471084,4.727100407760817,49.30916011869056,1.058077674470562,202.0,39.0
113894,0,18.0,1.0,31.9,24.0,20.0,5.2,86.0,0.8,275.0,35.0
113895,0,69.0,2.0,38.1,14.0,22.0,3.8,111.0,0.9,215.0,68.0
113897,0,69.0,1.0,25.8,12.0,18.0,4.4,38.0,0.4,236.0,94.0
113898,1,46.0,1.0,30.9,48.0,47.0,4.3,93.0,1.2,244.0,43.0
113899,0,37.0,2.0,33.7,51.0,33.0,4.0,42.0,0.3,309.0,32.0
113900,0,58.0,1.0,30.2,17.0,14.0,3.4,88.0,0.4,350.0,93.0
113903,0,65.0,2.0,23.3,15.0,21.0,4.2,55.0,0.3,289.0,86.0
113904,1,73.0,2.0,40.7,26.223743377145627,22.910708433153523,4.144710346588289,103.0518501603309,0.374176367511248,136.0,41.491988206997
113906,0,33.0,1.0,25.3,20.0,16.0,3.9,70.0,0.2,185.0,48.0
113907,0,49.0,2.0,25.6,-12.434433412710204,1.598702708046634,3.742815760567879,35.88769340233363,-0.022744957311920444,228.0,35.0
113910,0,38.0,1.0,27.1,28.0,20.0,4.4,60.0,0.3,253.0,33.0
113912,0,49.0,1.0,38.4,8.950215471943721,17.595690701096288,4.383573469789443,47.266014771293285,0.5626704506320974,310.0,47.743681844065556
113914,0,18.0,2.0,16.3,10.0,13.0,4.3,54.0,0.8,143.0,68.0
113915,0,36.0,2.0,42.9,6.0,10.0,3.5,115.0,0.2,287.0,41.0
113917,0,31.0,1.0,28.4,41.0,30.0,4.4,58.0,0.7,221.0,45.0
113921,0,55.0,2.0,28.2,32.0,37.0,4.1,66.0,0.1,244.0,69.0
113922,0,58.0,1.0,29.9,25.0,23.0,4.1,91.0,0.3,225.0,29.0
113925,0,19.0,2.0,26.2,16.0,21.0,4.7,66.0,0.2,235.0,37.0
113926,0,77.0,1.0,32.4,25.0,17.0,4.0,98.0,0.7,154.0,50.0
113928,0,34.0,2.0,22.4,8.0,11.0,4.4,85.0,0.6,228.0,60.0
113930,0,20.0,2.0,26.7,67.47569727157068,59.85976019349077,4.4381155181239,85.10946541629762,0.4711496757117048,347.0,62.29125246346118
113934,0,41.0,1.0,27.5,29.0,23.0,4.2,69.0,0.2,242.0,29.0
113936,0,80.0,1.0,31.7,15.0,16.0,4.2,66.0,0.6,201.0,39.0
113938,1,19.0,1.0,20.9,60.0,47.0,4.3,83.0,0.3,232.0,41.0
113943,0,62.0,1.0,26.6,22.0,24.0,4.5,68.0,0.4,249.0,42.0
113944,0,57.0,1.0,31.1,28.0,21.0,4.1,57.0,0.4,210.0,30.0
113945,0,55.0,1.0,25.8,24.0,32.0,4.4,48.0,0.4,260.0,38.0
113946,0,22.0,2.0,29.1,54.0,37.0,4.3,60.0,0.2,297.0,32.0
113947,0,31.0,2.0,32.7,13.0,15.0,3.7,50.0,0.3,424.0,55.0
113951,0,36.0,2.0,43.7,11.0,13.0,3.7,64.0,0.4,193.0,55.0
113953,0,45.0,2.0,29.1,14.0,17.0,3.9,41.0,0.3,260.0,45.0
113954,0,47.0,2.0,24.0,32.0,23.0,4.0,116.0,0.5,358.0,39.0
113957,0,51.0,1.0,24.9,26.0,22.0,4.0,74.0,0.4,286.0,66.0
113958,0,43.0,1.0,27.2,37.0,25.0,4.2,60.0,0.5,100.0,41.0
113965,0,39.0,2.0,41.4,14.0,15.0,3.5,45.0,0.2,256.0,84.0
113967,0,36.0,1.0,20.7,14.0,13.0,5.0,63.0,0.5,360.0,50.0
113968,0,77.0,2.0,23.4,20.0,22.0,3.8,137.0,0.2,304.0,66.0
113971,0,71.0,1.0,27.8,21.0,22.0,4.1,70.0,0.5,156.0,49.0
113972,0,35.0,1.0,28.5,27.0,15.0,4.1,48.0,0.4,183.0,41.0
113973,0,62.0,2.0,30.6,28.0,42.0,3.8,130.0,0.4,407.0,46.0
113976,0,21.0,1.0,38.7,33.0,16.0,4.3,81.0,0.4,378.0,38.0
113977,0,60.0,1.0,29.4,16.0,17.0,4.1,58.0,0.5,202.0,66.0
113978,0,77.0,2.0,25.5,24.0,25.0,4.0,83.0,0.3,212.0,47.0
113979,0,27.0,2.0,21.4,21.0,20.0,3.9,31.0,0.1,199.0,47.0
113980,0,43.0,2.0,25.3,40.0,20.0,3.7,107.0,0.7,439.0,60.0
113982,0,57.0,1.0,35.4,25.0,21.0,4.6,82.0,0.4,347.0,49.0
113983,0,66.0,2.0,27.3,13.0,14.0,3.8,72.0,0.4,228.0,78.0
113986,0,66.0,1.0,34.0,22.49692258399879,28.560543384330497,3.7123896476461002,116.13307867173526,0.20416548788037503,209.0,45.0
113987,0,33.0,1.0,24.8,20.0,24.0,4.5,45.0,1.4,183.0,70.0
113992,1,35.0,1.0,43.8,33.0,21.0,3.9,71.0,0.6,195.0,33.0
113994,0,43.0,1.0,30.0,30.0,23.0,4.4,66.0,0.7,314.0,59.0
113998,0,53.0,2.0,27.6,24.0,20.0,4.1,68.0,0.3,243.0,51.0
114001,0,19.0,2.0,33.9,12.0,15.0,3.2,106.0,0.3,268.0,55.0
114005,0,41.0,1.0,27.3,20.0,17.0,4.1,83.0,1.6,279.0,51.0
114008,1,66.0,1.0,28.1,17.0,16.0,3.8,251.0,1.2,195.0,30.0
114015,0,62.0,1.0,29.0,13.0,15.0,4.5,34.0,0.4,218.0,51.0
114017,0,61.0,1.0,35.2,30.0,21.0,3.4,62.0,0.5,297.0,57.0
114019,0,74.0,1.0,24.0,18.0,25.0,4.7,55.0,0.3,201.0,71.0
114021,0,63.0,1.0,26.9,16.0,18.0,4.1,67.0,0.6,194.0,41.0
114023,1,63.0,1.0,30.4,58.0,47.0,4.5,80.0,0.6,120.0,48.0
114027,0,57.0,1.0,31.0,16.0,18.0,3.9,73.0,0.2,235.0,43.0
114028,0,75.0,1.0,21.2,14.0,17.0,3.8,92.0,0.3,148.0,54.0
114030,0,28.0,2.0,25.9,10.0,16.0,3.9,61.0,0.2,211.0,71.0
114032,0,65.0,2.0,31.3,15.0,17.0,4.2,68.0,0.3,166.0,54.0
114034,0,45.0,2.0,45.4,29.0,20.0,4.2,49.0,0.2,266.0,59.0
114035,0,34.0,1.0,31.1,29.0,26.0,4.1,36.0,0.5,251.0,32.0
114036,0,56.0,2.0,38.4,15.0,14.0,3.7,75.0,0.1,291.0,39.0
114037,0,76.0,2.0,25.5,10.0,14.0,4.0,81.0,0.3,321.0,79.0
114038,0,70.0,2.0,28.7,15.0,20.0,4.5,70.0,0.4,207.0,35.0
114039,0,62.0,1.0,34.6,18.0,21.0,4.2,76.0,0.3,191.0,51.0
114040,0,59.0,2.0,40.1,37.0,34.0,3.9,44.0,0.6,106.0,50.0
114042,1,52.0,2.0,36.7,-8.285605582666616,-6.819684637729924,3.8224004764559902,89.7078714672962,0.04065891911109337,299.0,39.07001526986658
114043,0,75.0,2.0,42.0,32.356100552847806,31.572111818344528,3.46278890181336,62.73081879095946,0.04344701231322423,307.34978130087177,69.38140852611139
114045,0,70.0,1.0,36.8,12.0,15.0,3.9,52.0,0.4,296.0,51.0
114046,0,40.0,1.0,25.2,30.0,20.0,4.9,76.0,0.4,342.0,45.0
114048,0,30.0,2.0,30.0,11.0,15.0,4.0,41.0,0.2,188.0,54.0
114049,0,66.0,2.0,39.9,25.0,17.0,4.3,80.0,0.4,347.0,45.0
114052,0,73.0,1.0,26.7,13.0,17.0,4.1,127.0,0.5,236.0,66.0
114053,0,26.0,1.0,26.0,37.0,44.0,4.2,77.0,0.3,293.0,56.0
114054,0,77.0,1.0,32.1,15.0,17.0,3.8,71.0,0.3,178.0,43.0
114056,0,50.0,1.0,29.9,41.0,29.0,4.5,68.0,0.7,275.0,78.0
114057,0,25.0,2.0,27.5,31.0,19.0,4.1,62.0,0.3,257.0,43.0
114058,0,80.0,1.0,25.1,12.0,14.0,3.2,97.0,0.6,226.0,44.0
114059,0,68.0,2.0,25.6,39.0,32.0,4.1,73.0,0.4,269.0,57.0
114060,0,25.0,2.0,35.5,13.0,14.0,3.8,86.0,0.1,302.0,60.0
114062,0,33.0,2.0,40.0,8.0,13.0,3.4,79.0,0.6,319.0,52.0
114067,0,71.0,2.0,26.3,21.092686255544216,24.58494530938953,3.864976360304525,96.60642027706132,0.7819408889591077,153.0,80.9690800456974
114068,0,32.0,2.0,24.4,14.0,15.0,4.0,57.0,0.5,199.0,86.0
114069,0,27.0,2.0,40.4,15.0,19.0,3.6,51.0,0.2,337.0,24.0
114071,0,63.0,2.0,33.8,12.0,21.0,4.2,135.0,0.3,358.0,60.0
114074,0,18.0,1.0,21.9,11.0,23.0,4.4,90.0,0.6,168.0,38.0
114075,0,24.0,2.0,18.7,12.0,19.0,3.8,47.0,0.2,260.0,75.0
114078,0,32.0,2.0,24.0,9.0,12.0,4.0,70.0,0.6,238.0,53.0
114081,0,48.0,1.0,37.6,71.0,37.0,4.1,73.0,0.4,212.0,34.0
114082,0,80.0,2.0,28.8,11.0,20.0,4.2,58.0,0.5,258.0,85.0
114083,0,76.0,1.0,25.7,27.276471326333436,18.62966459199745,4.133922166296474,87.97706038745457,0.4972610935073475,227.0,54.0
114087,0,44.0,1.0,32.1,31.0,19.0,3.7,58.0,0.3,190.0,54.0
114092,0,39.0,1.0,30.9,22.0,20.0,4.4,61.0,0.7,266.0,48.0
114093,0,44.0,2.0,26.6,11.0,17.0,3.9,48.0,0.4,168.0,42.0
114096,0,78.0,1.0,26.6,17.0,20.0,4.3,96.0,0.7,231.0,50.0
114098,0,54.0,2.0,25.8,17.0,21.0,3.9,92.0,0.3,283.0,49.0
114101,0,46.0,1.0,27.9,17.0,23.0,3.8,85.0,0.4,204.0,38.0
114103,0,74.0,2.0,31.3,11.0,16.0,3.7,54.0,0.3,211.0,91.0
114105,0,69.0,2.0,40.4,10.0,12.0,3.4,101.0,0.3,340.0,48.0
114106,0,75.0,2.0,34.4,9.0,12.0,3.6,82.0,0.3,226.0,49.0
114108,0,63.0,2.0,18.8,17.0,19.0,4.0,75.0,0.4,238.0,71.0
114110,0,26.0,1.0,23.7,27.0,19.0,4.5,86.0,0.4,196.0,43.0
114111,0,19.0,2.0,27.0,62.0,78.0,4.6,67.0,0.4,183.0,60.0
114112,0,23.0,2.0,31.2,23.924036976839904,49.70560828722636,4.056061869917718,76.10641778267917,0.26763980751789485,256.2748721738338,66.6987293131355
114114,0,49.0,2.0,31.6,22.0,20.0,3.9,122.0,0.4,287.0,40.0
114116,0,18.0,2.0,20.2,22.132452958739222,29.320461151806857,4.526478984471397,82.28092735508179,0.10403700789230758,273.0,53.0
114117,0,54.0,2.0,24.6,17.0,22.0,4.3,78.0,1.1,272.0,56.0
114118,0,62.0,1.0,36.1,16.0,18.0,4.0,56.0,0.6,134.0,45.0
114122,0,33.0,1.0,33.2,27.0,24.0,4.5,47.0,0.3,291.0,40.0
114123,0,63.0,1.0,27.9,30.0,20.0,4.2,61.0,0.8,268.0,59.0
114124,0,36.0,2.0,31.8,16.0,17.0,4.2,84.0,0.4,333.0,46.0
114125,0,68.0,2.0,34.3,13.0,16.0,3.6,79.0,0.3,195.0,53.0
114128,0,74.0,1.0,29.6,9.0,8.0,3.9,82.0,0.4,123.0,33.0
114130,0,63.0,2.0,20.9,13.0,18.0,4.4,75.0,0.4,301.0,52.0
114133,0,57.0,1.0,25.5,27.0,24.0,3.9,70.0,0.5,205.0,47.0
114135,0,21.0,2.0,23.5,8.0,14.0,3.8,52.0,0.2,211.0,48.0
114136,0,30.0,1.0,29.7,45.0,29.0,4.4,66.0,0.8,208.0,44.0
114141,0,60.0,1.0,24.0,24.0,20.0,3.9,87.0,0.4,206.0,61.0
114143,0,43.0,1.0,31.0,35.0,25.0,4.1,66.0,0.2,205.0,93.0
114145,0,54.0,1.0,22.8,25.0,24.0,3.9,69.0,0.4,220.0,66.0
114147,0,56.0,2.0,27.3,12.0,17.0,4.3,48.0,0.2,184.0,76.0
114148,0,78.0,2.0,35.5,20.0,26.0,4.0,93.0,0.4,233.0,52.0
114153,0,27.0,1.0,17.4,43.25947920140143,35.347682559174764,3.9235576955670197,71.58929441591145,0.622840023864871,207.0,66.64108120006033
114157,0,41.0,2.0,21.9,34.0,29.0,4.1,65.0,0.4,228.0,81.0
114159,0,73.0,1.0,27.4,24.0,23.0,4.4,112.0,0.5,172.0,57.0
114161,0,62.0,1.0,37.5,12.0,12.0,3.8,86.0,0.3,217.0,51.0
114162,0,68.0,1.0,33.9,30.0,21.0,4.3,99.0,0.5,258.0,39.0
114163,0,64.0,2.0,27.0,18.0,26.0,3.8,214.0,0.3,244.0,72.0
114165,0,50.0,1.0,27.0,43.0,36.0,4.4,72.0,0.4,192.0,60.0
114167,0,26.0,2.0,25.9,19.0,20.0,4.0,56.0,0.2,251.0,57.0
114168,0,25.0,1.0,27.7,100.0,54.0,4.2,82.0,0.3,213.0,26.0
114169,0,71.0,1.0,23.7,9.0,15.0,4.2,71.0,0.3,264.0,93.0
114172,0,54.0,1.0,31.2,38.0,25.0,4.3,69.0,0.5,271.0,48.0
114173,0,55.0,1.0,27.2,30.0,19.0,4.1,54.0,0.4,151.0,65.0
114178,0,51.0,1.0,29.1,38.0,30.0,4.0,122.0,0.4,234.0,54.0
114179,0,69.0,1.0,37.4,16.0,17.0,3.8,79.0,0.6,196.0,34.0
114181,0,60.0,2.0,36.6,13.0,14.0,4.1,53.0,0.5,216.0,36.0
114182,0,67.0,2.0,40.3,7.0,12.0,3.6,52.0,0.3,119.0,73.0
114183,0,36.0,2.0,22.4,17.0,18.0,4.6,47.0,0.6,273.0,62.0
114184,1,79.0,2.0,29.1,10.0,17.0,4.1,61.0,0.2,190.0,54.0
114185,0,72.0,2.0,23.5,13.0,18.0,4.6,58.0,0.3,228.0,71.0
114186,0,76.0,1.0,19.9,10.0,17.0,4.4,84.0,0.4,212.0,53.0
114188,0,45.0,1.0,24.3,32.0,24.0,4.2,74.0,0.6,234.0,94.0
114189,0,73.0,1.0,33.0,17.0,20.0,4.3,43.0,0.3,258.0,29.0
114194,0,42.0,1.0,23.1,72.0,43.0,4.7,40.0,0.2,287.0,46.0
114195,0,46.0,2.0,24.9,16.0,18.0,4.1,51.0,0.7,218.0,57.0
114196,0,22.0,1.0,15.7,48.92015622331822,31.978587779044666,4.531240558946662,69.32493651111322,1.534856950107096,162.38161825541218,35.99896607506187
114199,0,34.0,2.0,33.0,19.0,18.0,4.3,71.0,0.4,386.0,24.0
114203,0,61.0,1.0,21.9,18.0,20.0,4.1,105.0,0.7,359.0,57.0
114211,0,30.0,1.0,23.6,18.0,27.0,4.3,49.0,0.4,179.0,63.0
114212,0,66.0,2.0,23.7,11.0,15.0,3.9,60.0,0.7,303.0,70.0
114213,0,79.0,1.0,31.4,21.0,25.0,3.9,72.0,0.6,190.0,34.0
114219,1,63.0,2.0,28.3,15.0,13.0,4.2,54.0,0.5,216.0,55.0
114220,0,22.0,1.0,22.2,16.0,16.0,3.9,81.0,0.4,205.0,52.0
114222,0,42.0,2.0,25.0,11.0,15.0,4.3,69.0,1.2,238.0,64.0
114227,0,28.0,2.0,19.1,13.0,16.0,3.8,45.0,1.1,241.0,84.0
114228,1,22.0,1.0,32.5,35.0,28.0,4.0,73.0,0.3,295.0,41.0
114229,1,46.0,2.0,52.4,10.0,14.0,3.6,84.0,0.3,300.0,64.0
114231,0,57.0,2.0,26.0,15.0,23.0,3.7,71.0,0.2,279.0,56.0
114235,1,69.0,2.0,48.2,14.697075231929432,24.711469376112234,3.6393686910977516,87.06791482146954,0.4596141904213792,154.91934801705787,48.14357848823526
114236,0,38.0,1.0,37.2,51.0,25.0,4.4,57.0,0.3,223.0,47.0
114237,0,52.0,2.0,25.5,48.322506491663,40.600936925881335,4.053906688244637,61.19704405203616,0.6236042950351098,193.0,89.96733917322874
114239,0,20.0,2.0,38.8,22.0,21.0,4.5,81.0,0.1,286.0,54.0
114240,0,76.0,2.0,31.3,10.0,19.0,3.7,78.0,0.3,239.0,53.0
114243,0,78.0,2.0,29.1,13.0,16.0,4.0,99.0,0.5,152.0,50.0
114244,0,24.0,1.0,32.1,17.0,20.0,4.1,79.0,0.3,253.0,48.0
114246,0,32.0,1.0,27.0,20.0,13.0,4.0,66.0,0.7,179.0,66.0
114247,0,75.0,1.0,26.4,7.0,17.0,4.5,106.0,0.4,535.0,35.0
114248,0,69.0,1.0,21.8,14.0,21.0,4.2,58.0,0.3,248.0,41.0
114251,0,60.0,1.0,28.8,32.0,30.0,4.0,82.0,0.2,217.0,37.0
114254,0,54.0,2.0,26.8,20.0,25.0,3.8,71.0,0.7,262.0,52.0
114257,0,41.0,1.0,26.4,20.0,21.0,3.8,76.0,0.3,213.0,39.0
114259,0,34.0,1.0,33.6,9.962049205379753,3.3155439870181986,4.511512728875989,53.42046527603243,0.3221910280832137,334.70689298676723,36.14453840957165
114260,0,41.0,1.0,20.3,9.0,14.0,4.2,82.0,0.2,230.0,53.0
114261,0,64.0,2.0,31.3,9.0,10.0,2.9,98.0,0.2,211.0,35.0
114268,0,62.0,2.0,34.9,9.0,20.0,3.8,94.0,0.3,429.0,40.0
114269,0,75.0,2.0,32.6,27.0,29.0,4.3,48.0,0.5,233.0,61.0
114272,0,27.0,2.0,20.5,10.0,16.0,4.0,74.0,0.3,232.0,45.0
114273,0,52.0,1.0,27.1,14.0,19.0,4.0,90.0,0.5,204.0,24.0
114274,0,54.0,2.0,30.8,25.0,24.0,4.1,88.0,0.4,198.0,44.0
114276,0,42.0,1.0,30.9,28.0,29.0,4.7,65.0,0.3,234.0,65.0
114279,1,80.0,1.0,27.9,19.0,18.0,4.4,86.0,0.6,179.0,45.0
114280,1,19.0,1.0,35.0,82.0,39.0,4.5,70.0,0.5,294.0,32.0
114287,0,49.0,2.0,28.1,19.0,22.0,3.8,60.0,0.3,310.0,72.0
114291,1,42.0,1.0,31.2,61.0,28.0,4.2,74.0,0.4,219.0,47.0
114293,0,54.0,1.0,32.6,21.0,17.0,3.9,83.0,0.7,379.0,47.0
114294,0,28.0,2.0,36.5,11.0,14.0,4.1,87.0,0.5,263.0,42.0
114297,0,80.0,1.0,28.2,11.0,20.0,3.8,64.0,0.3,193.0,66.0
114298,0,70.0,2.0,25.4,11.0,16.0,4.1,94.0,0.4,237.0,98.0
114299,0,80.0,2.0,34.7,28.554286489460672,40.654305551438455,4.266577627129236,85.68560872033353,0.5271146894611873,172.0,68.15989726693067
114300,0,80.0,2.0,18.8,12.0,17.0,4.2,88.0,0.3,300.0,37.0
114303,0,42.0,1.0,21.9,13.0,15.0,4.3,40.0,0.8,264.0,63.0
114305,1,64.0,2.0,31.7,54.0,37.0,4.5,113.0,0.5,449.0,58.0
114306,0,19.0,1.0,27.7,12.0,19.0,4.6,53.0,0.9,217.0,38.0
114307,0,61.0,1.0,19.5,20.084900971350766,15.679427123676781,4.540287761765949,72.38237667056521,0.6266747860446544,250.0,71.4142361210578
114311,0,58.0,1.0,19.7,16.0,18.0,3.5,78.0,0.3,268.0,43.0
114312,0,33.0,2.0,25.2,12.0,14.0,4.2,67.0,0.5,187.0,49.0
114314,0,21.0,2.0,37.8,39.0,28.0,3.8,100.0,0.2,256.0,44.0
114319,0,19.0,2.0,21.8,11.0,17.0,4.5,67.0,0.4,227.0,53.0
114320,0,55.0,2.0,31.7,32.0,24.0,4.2,97.0,0.4,209.0,37.0
114323,0,70.0,2.0,24.9,18.0,18.0,4.0,61.0,0.3,190.0,56.0
114324,0,70.0,2.0,26.8,22.0,22.0,3.9,72.0,0.9,150.0,68.0
114327,0,39.0,2.0,34.7,28.0,17.0,4.4,77.0,0.1,300.0,40.0
114329,0,28.0,1.0,32.7,42.0,31.0,4.0,86.0,1.2,348.0,57.0
114331,0,63.0,2.0,24.8,16.0,23.0,4.4,77.0,0.4,225.0,88.0
114332,0,80.0,2.0,30.2,21.0,29.0,4.4,64.0,0.4,358.0,50.0
114333,0,21.0,2.0,26.5,22.0,18.0,4.4,61.0,0.2,260.0,34.0
114334,0,51.0,2.0,20.4,8.0,17.0,3.8,61.0,0.2,216.0,118.0
114336,0,43.0,1.0,31.5,37.7353712816291,16.848784081483238,4.16822436989604,55.978920547844936,0.8074449817373057,186.09633050276943,67.90924467347361
114337,0,62.0,2.0,33.2,29.0,19.0,4.0,100.0,0.3,295.0,56.0
114338,0,40.0,2.0,28.4,12.0,15.0,3.9,111.0,0.2,223.0,52.0
114339,0,33.0,1.0,20.0,25.0,35.0,4.1,79.0,0.7,240.0,69.0
114340,0,30.0,1.0,34.9,33.0,17.0,3.8,65.0,0.2,154.0,43.0
114342,0,23.0,2.0,23.5,4.341689712302088,18.258706529298703,4.253003047628663,108.34506918571454,0.07566712395307029,316.0,53.013229949445844
114343,0,18.0,1.0,23.2,11.0,14.0,4.5,75.0,0.6,238.0,49.0
114345,0,37.0,2.0,32.5,23.0,19.0,3.8,63.0,0.2,254.0,33.0
114346,0,74.0,2.0,30.6,14.0,16.0,3.6,62.0,0.6,229.0,61.0
114349,0,63.0,2.0,27.9,17.0,24.0,3.9,114.0,0.4,229.0,84.0
114351,0,74.0,2.0,38.8,12.0,15.0,3.9,69.0,0.4,234.0,45.0
114352,0,55.0,2.0,20.7,13.0,14.0,4.2,101.0,0.6,208.0,56.0
114353,0,59.0,1.0,28.3,27.0,17.0,4.2,86.0,0.4,228.0,53.0
114354,0,37.0,1.0,31.6,25.0,18.0,4.4,217.0,0.2,195.0,35.0
114355,0,42.0,2.0,26.6,31.677113381633614,32.364882262743215,3.5336003438148023,65.83618438094973,0.47455572688421094,261.0,57.073348168192254
114357,0,75.0,2.0,25.7,15.0,19.0,4.2,75.0,0.7,245.0,58.0
114361,0,21.0,1.0,32.2,78.0,51.0,4.2,85.0,0.4,281.0,42.0
114363,0,80.0,1.0,32.6,15.0,17.0,4.1,60.0,0.3,196.0,35.0
114364,0,71.0,1.0,22.5,12.0,15.0,4.2,76.0,1.1,252.0,57.0
114366,0,79.0,2.0,25.3,25.0,26.0,4.1,106.0,0.6,249.0,72.0
114369,0,56.0,2.0,19.7,43.0,37.0,4.0,85.0,0.8,121.0,68.0
114371,0,80.0,1.0,32.8,31.0,31.0,4.5,103.0,0.4,230.0,67.0
114372,0,45.0,1.0,22.5,21.908353401214264,23.642180220852154,4.2759301967313625,46.02387769739759,0.9083944259453631,140.05895816036713,59.15910229907257
114374,0,25.0,1.0,27.4,14.0,20.0,4.2,76.0,0.4,291.0,75.0
114375,0,31.0,2.0,52.3,41.666724529760145,32.1651590944974,3.8099258635049273,117.01171448228945,0.1797529579114329,365.00645452953563,41.49327004845987
114376,0,33.0,1.0,22.3,13.0,15.0,4.9,78.0,0.5,172.0,59.0
114377,0,41.0,2.0,24.3,11.0,19.0,4.1,73.0,0.3,229.0,65.0
114379,0,33.0,1.0,23.9,16.0,20.0,4.3,51.0,0.6,290.0,54.0
114380,0,47.0,1.0,28.3,10.0,13.0,4.3,99.0,0.6,337.0,41.0
114383,0,80.0,1.0,31.3,12.0,19.0,3.6,53.0,0.6,146.0,28.0
114386,0,80.0,1.0,22.4,10.0,12.0,3.6,69.0,0.3,8.0,51.0
114387,0,30.0,2.0,25.9,16.0,16.0,4.4,83.0,0.4,223.0,42.0
114388,0,52.0,2.0,25.2,17.0,18.0,4.3,79.0,0.2,242.0,66.0
114389,1,63.0,1.0,35.8,10.0,15.0,3.8,60.0,0.6,136.0,46.0
114393,0,23.0,1.0,27.9,25.0,18.0,4.4,87.0,0.5,199.0,44.0
114396,0,18.0,1.0,28.4,53.0,24.0,4.5,67.0,0.2,286.0,39.0
114403,1,54.0,2.0,19.5,15.0,50.0,3.3,71.0,0.6,115.0,50.0
114404,0,60.0,1.0,31.5,15.0,26.0,4.4,53.0,0.4,291.0,56.0
114405,0,36.0,2.0,28.2,17.0,21.0,4.0,72.0,0.2,239.0,47.0
114406,0,60.0,2.0,33.0,59.0,55.0,4.3,80.0,0.7,345.0,48.0
114407,0,66.0,1.0,30.1,20.0,17.0,4.1,69.0,0.5,246.0,47.0
114409,0,50.0,2.0,30.2,20.0,17.0,4.4,58.0,0.6,373.0,49.0
114410,1,68.0,1.0,24.9,30.0,32.0,4.1,87.0,0.2,319.0,32.0
114412,0,45.0,2.0,21.5,15.0,21.0,4.0,69.0,0.2,283.0,90.0
114413,0,59.0,2.0,25.2,17.0,27.0,4.3,66.0,0.4,264.0,66.0
114414,0,72.0,1.0,21.3,-1.8965903611630939,8.109241534756507,4.29781660124098,99.673106298071,0.811485631342929,158.60632623427193,44.67585790867356
114415,0,36.0,1.0,27.4,36.0,18.0,4.2,70.0,0.8,213.0,27.0
114417,0,42.0,1.0,35.9,35.0,22.0,4.2,67.0,0.4,300.0,42.0
114419,1,47.0,1.0,32.4,30.0,18.0,3.8,93.0,0.4,228.0,40.0
114420,0,77.0,2.0,20.8,19.0,27.0,4.1,74.0,0.5,212.0,60.0
114422,1,38.0,2.0,36.9,34.0,26.0,4.1,66.0,0.5,279.0,40.0
114423,0,63.0,2.0,21.5,28.0,27.0,3.9,44.0,0.5,275.0,45.0
114425,1,43.0,2.0,31.1,43.0,37.0,4.1,195.0,0.1,263.0,43.0
114427,0,48.0,2.0,36.3,12.0,15.0,3.5,44.0,0.3,136.0,66.0
114430,0,36.0,2.0,24.3,8.0,11.0,4.2,36.0,0.5,251.0,55.0
114431,0,55.0,2.0,27.8,13.0,15.0,3.8,91.0,0.5,181.0,49.0
114438,0,48.0,1.0,26.5,18.0,17.0,4.1,63.0,0.4,279.0,31.0
114444,0,68.0,1.0,30.2,26.0,34.0,3.6,69.0,0.3,173.0,32.0
114445,0,69.0,2.0,35.9,7.0,11.0,3.9,55.0,0.2,163.0,59.0
114446,1,49.0,1.0,27.6,19.0,20.0,3.9,70.0,0.4,208.0,48.0
114448,0,40.0,2.0,26.5,12.0,16.0,4.3,56.0,0.2,194.0,73.0
114449,0,48.0,2.0,32.8,19.0,21.0,4.7,85.0,0.5,235.0,67.0
114450,0,65.0,1.0,43.3,13.0,13.0,3.8,84.0,0.3,369.0,36.0
114452,0,52.0,2.0,24.9,11.0,18.0,4.2,46.0,0.5,288.0,48.0
114453,0,39.0,2.0,28.5,8.0,13.0,3.6,74.0,0.4,312.0,41.0
114456,1,65.0,1.0,26.8,41.911778767777264,30.61880588343423,4.149280784737752,77.77766994546477,0.793989400624521,105.0,76.03718418882264
114458,0,45.0,1.0,19.4,14.0,19.0,4.3,80.0,0.6,284.0,52.0
114461,0,69.0,2.0,35.0,14.0,20.0,4.2,59.0,0.6,127.0,58.0
114462,0,74.0,2.0,45.7,12.0,14.0,3.7,77.0,0.4,336.0,42.0
114463,0,19.0,1.0,36.4,38.0,26.0,4.3,131.0,0.6,230.0,29.0
114466,0,27.0,2.0,33.6,12.0,13.0,3.7,76.0,0.2,250.0,56.0
114467,0,52.0,1.0,25.1,20.0,24.0,4.1,56.0,0.5,230.0,66.0
114470,0,31.0,1.0,22.6,22.475343218914517,26.999646362779334,3.88924812626271,112.54769333563834,0.7871265287319187,225.69235931178332,56.27441568222765
114472,1,29.0,1.0,37.1,31.0,18.0,4.4,76.0,0.6,191.0,41.0
114473,0,73.0,1.0,21.9,16.0,16.0,3.8,57.0,0.4,232.0,83.0
114475,0,60.0,1.0,26.7,16.0,14.0,4.2,59.0,0.5,265.0,54.0
114478,0,30.0,2.0,17.0,14.0,18.0,4.3,71.0,0.6,299.0,47.0
114481,0,50.0,1.0,27.9,14.0,14.0,4.0,74.0,0.6,200.0,38.0
114483,0,69.0,2.0,35.8,23.0,17.0,3.6,127.0,0.3,325.0,44.0
114486,0,80.0,1.0,29.2,23.0,27.0,4.2,78.0,0.3,219.0,48.0
114487,0,55.0,1.0,33.5,18.0,17.0,4.3,68.0,0.6,217.0,44.0
114490,0,80.0,2.0,30.4,10.0,16.0,3.6,90.0,0.2,219.0,52.0
114491,0,63.0,1.0,28.6,15.0,16.0,3.7,103.0,0.4,185.0,37.0
114493,0,45.0,2.0,38.7,10.0,12.0,4.0,98.0,0.5,326.0,42.0
114497,1,56.0,1.0,34.4,26.0,21.0,4.2,70.0,1.3,244.0,52.0
114498,0,43.0,1.0,23.6,38.0,32.0,4.1,78.0,0.5,245.0,54.0
114499,0,65.0,2.0,26.3,19.0,18.0,3.9,90.0,0.4,274.0,50.0
114500,0,67.0,1.0,23.5,18.0,18.0,4.3,109.0,0.3,241.0,48.0
114505,0,41.0,2.0,24.6,11.0,15.0,4.2,43.0,0.6,271.0,56.0
114507,0,46.0,2.0,32.6,32.0,30.0,3.8,83.0,0.8,220.0,34.0
114510,0,32.0,2.0,42.5,22.0,15.0,3.8,70.0,0.2,249.0,48.0
114512,0,30.0,2.0,36.2,10.0,15.0,3.6,72.0,0.2,316.0,42.0
114514,0,29.0,1.0,34.0,17.0,19.0,4.0,71.0,0.3,246.0,39.0
114515,0,72.0,1.0,29.99443798231763,57.90047119013661,38.23184271169239,4.133426474219832,52.88385349240514,0.5181372144843316,256.32570908144487,63.910065053885916
114517,0,80.0,1.0,27.1,22.0,25.0,4.1,73.0,0.4,236.0,51.0
114519,0,50.0,1.0,26.4,19.0,16.0,4.3,69.0,0.3,228.0,39.0
114520,0,43.0,2.0,44.3,7.0,14.0,3.9,63.0,0.2,374.0,47.0
114521,0,54.0,2.0,24.3,15.0,20.0,4.1,77.0,0.3,297.0,82.0
114523,0,38.0,2.0,21.9,10.0,16.0,4.0,80.0,0.3,268.0,47.0
114527,0,55.0,2.0,26.9,27.0,24.0,5.0,90.0,0.5,384.0,77.0
114529,0,78.0,2.0,33.3,0.697276566335028,22.772088185738596,3.6814571681095227,49.46173685817166,0.20741901258099354,165.46778702172162,88.3101978026152
114530,0,52.0,2.0,26.4,16.0,20.0,4.2,74.0,0.3,381.0,78.0
114532,1,68.0,2.0,24.1,13.0,23.0,3.4,163.0,1.1,116.0,45.0
114533,0,23.0,2.0,27.7,8.0,11.0,4.3,57.0,0.5,308.0,35.0
114534,0,80.0,1.0,36.6,17.0,26.0,3.9,76.0,0.5,119.0,35.0
114535,0,80.0,1.0,27.6,11.0,10.0,3.5,77.0,0.4,216.0,59.0
114536,0,28.0,2.0,22.8,9.673370614401742,15.234928028728662,4.5408858921590936,66.50693918156061,0.4266158466057472,252.0,66.0
114538,0,46.0,2.0,27.4,11.0,15.0,4.2,55.0,0.4,288.0,73.0
114539,0,69.0,2.0,27.9,14.0,17.0,3.4,91.0,0.5,231.0,53.0
114540,0,70.0,1.0,25.1,40.0,37.0,4.6,118.0,1.3,118.0,36.0
114542,0,45.0,2.0,23.9,5.0,15.0,3.7,72.0,0.2,319.0,89.0
114543,0,32.0,1.0,26.6,27.0,26.0,3.8,56.0,0.4,249.0,34.0
114545,0,80.0,1.0,28.7,37.0,36.0,4.6,67.0,0.4,115.0,54.0
114547,0,64.0,1.0,32.8,17.0,17.0,4.3,69.0,0.6,223.0,36.0
114548,0,46.0,1.0,26.4,40.0,25.484946445603363,4.5,59.0,0.5,250.0,42.0
114554,0,80.0,1.0,34.3,29.0,30.0,4.1,106.0,0.9,159.0,84.0
114555,0,45.0,2.0,19.4,12.0,17.0,4.1,47.0,0.6,220.0,90.0
114557,0,33.0,2.0,28.3,12.0,12.0,3.9,75.0,0.2,418.0,42.0
114559,0,33.0,2.0,23.5,13.0,25.0,4.5,37.0,0.3,311.0,81.0
114560,0,46.0,1.0,26.4,14.0,15.0,4.2,59.0,0.4,223.0,41.0
114573,0,45.0,1.0,24.3,41.0,35.0,3.8,99.0,0.4,247.0,49.0
114576,0,35.0,2.0,27.4,12.0,14.0,4.6,65.0,2.0,229.0,58.0
114578,0,41.0,2.0,26.7,9.0,10.0,4.2,64.0,0.1,281.0,34.0
114579,0,71.0,1.0,31.8,19.0,22.0,4.0,85.0,0.3,306.0,42.0
114585,0,55.0,2.0,32.8,43.0,30.0,4.4,125.0,0.3,318.0,48.0
114586,0,64.0,2.0,37.3,18.0,21.0,3.9,99.0,0.6,228.0,67.0
114589,0,80.0,1.0,31.0,13.0,16.0,3.7,77.0,0.7,183.0,36.0
114594,0,41.0,1.0,27.2,14.0,17.0,4.5,70.0,0.2,164.0,50.0
114595,0,25.0,2.0,29.4,28.0,19.0,4.3,80.0,0.8,232.0,42.0
114602,0,19.0,2.0,22.1,14.0,17.0,3.9,81.0,0.2,352.0,63.0
114607,0,22.0,1.0,27.5,49.0,34.0,4.2,84.0,0.4,249.0,52.0
114608,0,49.0,1.0,35.2,22.0,14.0,4.2,133.0,0.4,278.0,27.0
114610,0,38.0,1.0,25.6,22.0,27.0,4.5,88.0,0.5,201.0,33.0
114611,0,61.0,2.0,28.0,17.0,20.0,3.8,79.0,0.2,312.0,60.0
114612,0,40.0,2.0,27.2,19.0,16.0,4.2,70.0,0.2,371.0,58.0
114614,0,37.0,1.0,35.2,39.0,25.0,4.1,67.0,0.5,179.0,38.0
114615,0,19.0,2.0,35.4,7.0,13.0,3.8,60.0,0.1,213.0,56.0
114616,0,63.0,1.0,29.0,27.0,22.0,4.3,72.0,0.4,282.0,48.0
114619,0,80.0,2.0,19.0113912456671,16.0,24.0,4.5,60.0,0.3,140.0,78.0
114620,0,51.0,2.0,31.5,17.0,21.0,3.9,57.0,0.4,247.0,43.0
114621,0,30.0,1.0,23.9,46.82600124003849,32.9413387344156,4.614518899825773,69.39397691537785,0.5426998225883021,247.60304352848013,41.94851081137351
114622,0,72.0,1.0,30.1,29.0,22.0,4.0,63.0,0.5,183.0,52.0
114624,0,43.0,1.0,35.7,12.0,17.0,4.3,85.0,1.6,290.0,56.0
114631,0,37.0,2.0,26.7,10.0,14.0,4.1,91.0,0.4,172.0,57.0
114632,0,49.0,2.0,42.3,70.0,36.0,3.8,111.0,0.5,225.0,44.0
114633,0,35.0,2.0,26.9,17.0,17.0,3.9,76.0,0.2,338.0,39.0
114637,1,59.0,2.0,37.4,19.0,15.0,3.4,96.0,0.4,226.0,41.0
114638,1,43.0,1.0,43.7,28.0,25.0,3.7,129.0,0.4,228.0,30.0
114641,0,26.0,2.0,17.7,14.0,18.0,4.4,63.0,0.6,272.0,85.0
114643,0,50.0,1.0,23.0,19.0,19.0,4.9,56.0,0.8,303.0,48.0
114645,0,45.0,2.0,37.4,10.0,10.0,3.0,60.0,0.2,306.0,44.0
114646,0,40.0,2.0,35.6,45.56288928261044,44.413766568420826,3.672125239482567,115.177077724306,0.2602479680808851,218.0,61.49845843651811
114647,0,44.0,2.0,39.7,13.0,16.0,4.0,74.0,0.2,312.0,68.0
114650,0,62.0,1.0,24.3,29.0,23.0,4.4,80.0,0.6,161.0,41.0
114651,0,31.0,2.0,46.7,17.0,18.0,3.5,66.0,0.3,383.0,41.0
114652,0,23.0,1.0,22.5,27.0,64.0,4.6,81.0,1.0,210.0,48.0
114653,0,57.0,1.0,27.2,27.363434171950903,17.14389814822767,3.9758530783715464,81.0486480071383,0.49520148777003886,206.0,51.0
114657,0,18.0,1.0,22.0,20.0,20.0,5.0,101.0,1.0,261.0,50.0
114658,0,46.0,1.0,22.7,42.0,37.0,4.1,91.0,1.0,228.0,44.0
114659,0,33.0,1.0,25.1,16.0,25.0,4.3,61.0,0.5,218.0,64.0
114660,0,26.0,2.0,24.6,11.0,18.0,3.5,63.0,0.1,313.0,60.0
114661,1,63.0,1.0,20.7,20.0,38.0,4.0,89.0,0.6,159.0,54.0
114663,0,67.0,1.0,25.9,14.0,16.0,3.8,83.0,0.5,238.0,50.0
114664,0,60.0,1.0,26.6,35.0,19.0,4.2,69.0,0.2,225.0,54.0
114671,0,29.0,2.0,33.0,60.0,38.0,3.7,59.0,0.2,257.0,55.0
114672,0,40.0,1.0,22.4,15.0,22.0,4.4,92.0,1.1,260.0,50.0
114673,0,49.0,1.0,25.2,27.0,21.0,4.1,70.0,0.5,215.0,40.0
114677,0,41.0,2.0,41.7,21.0,19.0,3.7,147.0,0.4,583.0,51.0
114680,0,80.0,1.0,25.1,64.32139436510607,46.86032717726909,4.251605773720296,76.12931065997002,0.2200596653579806,247.0,54.0
114681,0,39.0,1.0,43.7,19.0,20.0,4.3,61.0,0.3,311.0,39.0
114682,0,56.0,2.0,32.2,17.0,18.0,3.8,70.0,0.2,214.0,55.0
114686,0,80.0,2.0,42.2,8.0,18.0,3.6,96.0,0.5,298.0,42.0
114687,0,54.0,2.0,27.8,8.0,11.0,3.4,75.0,0.4,299.0,42.0
114688,0,28.0,2.0,22.7,12.0,16.0,4.1,34.0,0.6,270.0,60.0
114690,0,41.0,2.0,26.1,7.0,17.0,4.1,68.0,0.4,297.0,63.0
114692,0,41.0,1.0,39.9,27.0,22.0,4.2,83.0,0.3,354.0,40.0
114693,1,48.0,2.0,40.7,17.0,16.0,3.7,89.0,0.1,267.0,72.0
114695,0,38.0,2.0,27.1,14.0,15.0,4.0,56.0,0.4,325.0,90.0
114698,0,60.0,1.0,28.0,24.2090347874879,32.47753688859389,3.81438179285694,80.33359551088569,0.23134797317769623,235.3663388845018,33.373644402441116
114699,0,74.0,1.0,21.9,24.0,26.0,4.1,47.0,0.5,169.0,50.0
114700,0,70.0,1.0,24.5,18.0,16.0,4.7,62.0,0.5,164.0,34.0
114701,0,38.0,2.0,31.6,17.0,21.0,3.9,55.0,0.5,258.0,45.0
114703,0,63.0,1.0,28.5,18.0,19.0,4.2,92.0,0.7,271.0,38.0
114705,0,39.0,1.0,27.2,75.0,35.0,4.3,84.0,0.8,208.0,32.0
114707,0,67.0,1.0,40.77145574955987,6.0,13.0,3.2,92.0,0.6,202.0,52.0
114708,0,51.0,1.0,28.7,47.0,27.0,4.5,77.0,0.7,243.0,37.0
114709,0,34.0,2.0,26.1,9.0,2.503707807841735,4.0,47.0,0.4,215.0,66.0
114712,1,39.0,2.0,65.1,28.0,47.0,3.9,139.0,0.5,247.0,35.0
114718,0,18.0,1.0,22.7,22.0,32.0,4.3,92.0,0.5,294.0,55.0
114723,0,43.0,2.0,25.9,11.0,15.0,3.9,58.0,0.2,247.0,72.0
114724,0,65.0,2.0,30.8,21.0,19.0,4.0,101.0,0.5,218.0,56.0
114728,0,40.0,2.0,33.0,7.0,14.0,3.0,37.0,0.4,415.0,47.0
114729,0,66.0,2.0,25.5,14.0,15.0,4.2,108.0,0.3,231.0,70.0
114731,0,80.0,2.0,23.2,18.0,19.0,4.1,69.0,0.4,307.0,60.0
114734,1,19.0,2.0,49.3,23.0,19.0,4.2,105.0,0.4,289.0,44.0
114735,0,65.0,1.0,32.7,26.0,30.0,3.8,112.0,0.4,295.0,51.0
114738,0,63.0,1.0,27.7,29.0,23.0,4.0,82.0,0.4,229.0,50.0
114739,0,61.0,2.0,36.2,56.0,30.0,4.1,69.0,0.3,221.0,67.0
114740,0,21.0,1.0,38.1,27.0,24.0,4.5,68.0,0.3,273.0,38.0
114741,1,27.0,1.0,35.3,106.0,48.0,4.1,135.0,0.2,193.0,41.0
114744,0,75.0,2.0,25.4,13.0,18.0,3.9,53.0,0.5,195.0,58.0
114745,0,58.0,1.0,26.8,33.0,29.0,4.2,80.0,1.4,138.0,35.0
114746,0,33.0,1.0,29.6,22.0,19.0,4.9,48.0,0.5,212.0,60.0
114747,0,34.0,1.0,21.8,12.0,15.0,4.4,53.0,0.5,217.0,53.0
114756,0,38.0,1.0,27.0,5.0,11.0,4.7,55.0,0.5,267.0,54.0
114757,0,64.0,2.0,26.4,28.0,20.0,4.3,94.0,0.3,238.0,45.0
114759,0,25.0,2.0,20.7,9.0,15.0,4.4,43.0,0.4,197.0,65.0
114762,0,21.0,1.0,22.0,14.0,16.0,4.1,104.0,0.3,314.0,47.0
114765,0,50.0,1.0,30.2,26.0,17.0,4.2,98.0,0.2,338.0,48.0
114769,0,61.0,2.0,22.1,8.0,14.0,4.1,74.0,0.3,250.0,72.0
114772,0,35.0,2.0,22.2,14.0,25.0,4.4,96.0,0.4,273.0,68.0
114774,0,22.0,2.0,28.6,30.0,21.0,5.1,185.0,0.3,254.0,39.0
114775,0,44.0,2.0,23.0,10.0,15.0,4.1,84.0,0.3,229.0,72.0
114782,0,24.0,1.0,22.8,15.0,20.0,4.9,40.0,0.7,263.0,93.0
114785,1,28.0,2.0,43.6,22.0,20.0,4.0,82.0,0.2,323.0,63.0
114789,0,57.0,1.0,37.2,16.0,18.0,4.0,103.0,0.5,282.0,34.0
114790,0,31.0,2.0,55.9,14.0,16.0,3.7,87.0,0.3,335.0,40.0
114791,0,59.0,2.0,31.8,88.0,88.0,4.4,100.0,0.5,195.0,39.0
114793,0,61.0,2.0,19.0,15.0,22.0,4.3,93.0,0.8,236.0,72.0
114795,1,80.0,1.0,22.7,12.0,18.0,4.0,65.0,0.7,241.0,49.0
114797,0,78.0,1.0,28.2,17.0,16.0,4.1,35.0,0.6,150.0,28.0
114798,0,55.0,2.0,20.6,17.0,21.0,4.1,73.0,0.8,212.0,61.0
114799,0,63.0,1.0,33.5,30.0,28.0,4.1,101.0,0.3,241.0,37.0
114801,1,70.0,1.0,55.2,25.0,21.0,4.1,76.0,0.3,202.0,81.0
114802,0,41.0,2.0,31.6,54.0,42.0,4.5,97.0,0.3,365.0,30.0
114803,0,35.0,2.0,26.1,12.0,13.0,4.8,54.0,0.3,260.0,41.0
114806,0,32.0,2.0,19.4,11.0,14.0,4.1,76.0,0.5,334.0,60.0
114807,0,18.0,1.0,19.8,-16.708706305949413,1.783359966857732,4.229645621266837,76.73372709270477,0.5164152539424917,225.93477363949293,61.224059041823764
114808,0,39.0,2.0,32.6,16.0,19.0,3.8,60.0,0.4,274.0,60.0
114809,0,33.0,2.0,29.3,14.0,13.0,4.4,55.0,0.3,258.0,60.0
114811,0,80.0,2.0,25.3,12.0,16.0,4.1,121.0,0.7,224.0,69.0
114818,0,45.0,1.0,24.1,22.0,17.0,4.4,209.0,0.3,270.0,40.0
114819,0,21.0,2.0,21.6,15.0,17.0,3.8,83.0,0.3,320.0,52.0
114821,0,60.0,2.0,27.5,6.218569351239562,14.382421225417863,3.4782552322708087,94.91313479561272,0.4208604061122391,291.0,73.3028730872576
114822,0,63.0,2.0,38.6,22.0,19.0,3.7,86.0,0.2,230.0,43.0
114825,0,47.0,1.0,26.1,20.0,27.0,3.8,51.0,0.4,193.0,73.0
114826,0,76.0,2.0,29.7,15.0,15.0,4.1,119.0,0.5,145.0,54.0
114828,0,80.0,2.0,26.1,18.0,24.0,4.3,54.0,0.3,208.0,37.0
114831,0,50.0,1.0,45.2,27.0,27.0,4.4,51.0,0.6,213.0,51.0
114834,0,21.0,1.0,25.5,29.0,30.0,4.1,80.0,0.4,184.0,41.0
114835,0,56.0,2.0,27.5,14.0,14.0,3.8,68.0,0.3,175.0,77.0
114838,0,63.0,1.0,31.4,12.0,15.0,3.8,141.0,0.3,233.0,32.0
114841,0,20.0,1.0,35.3,33.0,39.0,4.2,65.0,0.7,279.0,35.0
114842,0,80.0,2.0,22.4,13.0,23.0,3.9,93.0,0.3,224.0,66.0
114843,0,54.0,2.0,36.6,13.0,18.0,3.7,82.0,0.5,235.0,49.0
114846,0,80.0,1.0,34.6,25.0,26.0,4.1,107.0,0.3,231.0,44.0
114848,0,39.0,2.0,27.5,-8.103421826620002,18.067815451746924,4.214258805855964,71.37442475806479,0.4560644978057004,255.0,72.98484325445949
114849,0,66.0,2.0,58.7,9.0,13.0,3.8,52.0,0.4,222.0,49.0
114850,0,47.0,2.0,32.4,10.595050045315013,17.24686641783202,3.7652935160331618,55.914328512334336,0.10088277924446748,216.32007656919484,57.46290078736919
114851,0,23.0,1.0,25.0,18.0,21.0,4.2,52.0,0.6,363.0,68.0
114852,0,24.0,1.0,32.2,38.0,20.0,4.4,63.0,0.2,251.0,31.0
114853,0,65.0,1.0,31.9,29.0,25.0,4.0,62.0,0.2,185.0,41.0
114859,0,68.0,1.0,33.4,34.0,22.0,4.2,62.0,1.2,186.0,72.0
114861,0,65.0,2.0,27.7,36.0,38.0,4.4,79.0,0.4,238.0,69.0
114862,1,64.0,1.0,33.7,27.0,21.0,3.9,87.0,0.2,249.0,49.0
114863,0,69.0,2.0,33.6,15.0,16.0,3.6,106.0,0.2,291.0,72.0
114864,0,21.0,2.0,41.6,16.0,14.0,4.1,64.0,0.4,260.0,34.0
114865,0,41.0,1.0,28.7,-1.7014723229246442,18.934446129933093,4.108098396095362,48.36981765656385,0.5161638068562402,188.9948696003249,45.94438873920011
114868,0,39.0,2.0,24.3,15.0,29.0,4.1,55.0,0.8,259.0,103.0
114870,0,34.0,2.0,27.3,21.0,21.0,3.6,114.0,0.3,179.0,51.0
114871,0,28.0,1.0,41.6,18.0,16.0,4.4,76.0,1.2,233.0,34.0
114872,0,40.0,1.0,27.5,31.0,19.0,4.1,89.0,0.4,252.0,37.0
114877,0,33.0,1.0,32.6,64.0,36.0,4.1,105.0,0.5,275.0,40.0
114879,0,55.0,1.0,23.7,14.0,15.0,4.4,60.0,0.3,535.0,46.0
114883,0,64.0,2.0,27.9,20.0,17.0,4.1,82.0,0.4,209.0,52.0
114886,0,80.0,2.0,26.9,15.0,20.0,4.4,72.0,0.4,245.0,67.0
114889,0,39.0,2.0,33.3,56.0,43.0,4.2,72.0,0.2,283.0,34.0
114890,0,20.0,1.0,27.4,10.0,13.0,4.1,62.0,0.2,226.0,50.0
114893,0,53.0,1.0,25.4,18.0,17.0,3.9,89.0,0.4,195.0,40.0
114894,0,62.0,1.0,29.0,24.0,22.0,4.1,97.0,0.5,198.0,65.0
114895,0,48.0,2.0,26.4,13.0,14.0,3.6,72.0,0.2,143.0,52.0
114897,0,79.0,2.0,19.0,14.0,32.0,3.5,58.0,0.4,172.0,65.0
114898,0,78.0,1.0,26.2,10.0,11.0,3.9,72.0,0.2,280.0,37.0
114901,0,57.0,2.0,28.3,11.0,16.0,4.0,108.0,0.5,283.0,54.0
114902,0,73.0,2.0,34.0,24.25516142780191,8.789922095659715,4.197413959872744,88.41786480157323,0.6379086934436754,220.07821705643832,56.417815378008946
114903,0,74.0,2.0,34.4,10.0,15.0,3.7,93.0,0.6,172.0,63.0
114905,0,19.0,1.0,26.0,22.0,28.0,4.2,86.0,1.7,130.0,58.0
114906,0,23.0,1.0,21.7,7.0,15.0,4.4,53.0,0.2,209.0,66.0
114907,0,36.0,2.0,36.8,25.0,20.0,3.6,59.0,0.5,268.0,38.0
114908,1,54.0,2.0,46.2,34.0,18.0,3.7,77.0,0.3,221.0,44.0
114910,0,29.0,2.0,22.7,13.0,21.0,4.5,71.0,0.4,424.0,55.0
114911,0,43.0,2.0,20.3,8.0,13.0,4.2,68.0,0.2,194.0,60.0
114912,0,27.0,1.0,28.8,8.0,21.0,4.2,54.0,0.3,269.0,43.0
114913,0,54.0,2.0,30.0,12.0,17.0,4.0,72.0,0.5,215.0,45.0
114915,0,44.0,2.0,28.1,16.0,16.0,4.3,82.0,1.0,360.0,38.0
114916,0,56.0,2.0,26.4,14.0,17.0,3.9,89.0,0.3,283.0,56.0
114917,0,75.0,1.0,28.5,14.0,16.0,4.4,55.0,2.3,206.0,57.0
114919,0,58.0,2.0,38.2,20.0,19.0,3.6,58.0,0.2,252.0,35.0
114922,0,64.0,1.0,34.1,13.0,15.0,4.1,67.0,0.7,264.0,49.0
114924,0,64.0,2.0,31.4,28.0,24.0,4.2,96.0,0.6,204.0,75.0
114925,0,19.0,1.0,16.7,9.0,16.0,4.7,68.0,1.3,146.0,48.0
114926,1,61.0,2.0,33.7,33.0,28.0,4.3,77.0,0.8,333.0,73.0
114927,0,50.0,2.0,26.8,15.0,19.0,3.9,66.0,0.2,200.0,48.0
114928,0,23.0,1.0,19.8,22.303192097826265,10.51154994930223,4.473899825124594,49.23612737749341,0.35539333739373935,188.0,56.46468829096487
114929,0,43.0,1.0,23.5,17.0,18.0,3.8,74.0,0.2,262.0,54.0
114931,0,40.0,2.0,33.3,23.0,23.0,3.9,61.0,0.4,224.0,39.0
114932,0,42.0,2.0,30.3,21.0,21.0,4.5,65.0,0.2,218.0,52.0
114933,0,31.0,1.0,24.5,20.0,18.0,4.7,74.0,0.8,239.0,44.0
114934,0,50.0,1.0,25.8,33.0,26.0,4.1,79.0,0.5,172.0,68.0
114935,0,56.0,2.0,23.2,16.0,18.0,4.0,76.0,0.4,239.0,60.0
114937,1,58.0,1.0,35.9,39.0,20.0,4.5,74.0,0.3,289.0,41.0
114940,0,39.0,1.0,31.8,21.0,14.0,4.0,50.0,0.2,234.0,37.0
114941,1,59.0,2.0,43.2,29.0,22.0,3.9,79.0,0.4,250.0,48.0
114942,0,34.0,1.0,24.3,18.0,17.0,3.7,159.0,0.2,261.0,35.0
114943,0,19.0,2.0,42.3,17.0,17.0,3.9,97.0,0.2,271.0,36.0
114944,0,37.0,1.0,36.2,85.0,51.0,4.4,50.0,0.3,227.0,39.0
114953,0,29.0,1.0,28.8,15.0,15.0,4.6,82.0,0.3,172.0,50.0
114954,0,32.0,2.0,18.9,13.0,15.0,4.0,37.0,0.4,178.0,84.0
114955,0,40.0,1.0,41.3,6.629331567675051,0.3199506713168585,4.204738503680757,94.50606306733967,0.1445267248308158,246.70237329146897,56.709572333341434
114958,1,59.0,1.0,40.6,16.0,21.0,4.1,81.0,0.3,156.0,36.0
114961,0,80.0,2.0,24.3,17.0,21.0,4.8,98.0,0.4,272.0,76.0
114962,0,61.0,1.0,38.6,17.0,15.0,4.0,62.0,0.4,183.0,37.0
114963,0,74.0,1.0,24.2,3.0,14.0,3.6,95.0,0.4,158.0,45.0
114965,0,80.0,2.0,24.1,16.0,20.0,3.9,63.0,0.6,207.0,54.0
114966,0,22.0,1.0,26.1,10.0,15.0,4.4,54.0,0.7,230.0,49.0
114968,0,19.0,1.0,25.7,50.0,27.0,4.9,101.0,1.7,208.0,47.0
114970,0,34.0,2.0,44.7,17.0,18.0,3.9,71.0,0.3,262.0,64.0
114973,0,80.0,1.0,27.0,12.0,15.0,4.5,101.0,0.4,207.0,48.0
114978,0,22.0,2.0,27.8,10.0,15.0,3.8,69.0,0.4,212.0,48.0
114979,0,80.0,1.0,26.4,10.0,15.0,3.4,115.0,0.4,189.0,37.0
114982,0,69.0,1.0,32.8,31.0,27.0,3.5,81.0,0.6,175.0,43.0
114984,0,31.0,2.0,30.2,10.0,15.0,3.5,61.0,0.3,340.0,34.0
114985,1,80.0,1.0,24.2,11.0,24.0,3.1,85.0,0.5,193.0,51.0
114986,1,42.0,2.0,57.3,31.0,30.0,3.6,53.0,0.2,192.0,35.0
114988,0,60.0,1.0,25.6,17.0,26.0,4.1,90.0,0.3,191.0,60.0
114989,0,56.0,1.0,30.4,30.0,24.0,4.4,58.0,1.0,221.0,43.0
114993,0,36.0,2.0,43.9,21.0,15.0,3.4,60.0,0.4,246.0,41.0
114994,0,33.0,1.0,30.8,24.0,21.0,4.4,71.0,0.3,162.0,32.0
114995,0,62.0,2.0,28.0,16.0,21.0,3.9,69.0,0.3,208.0,59.0
114996,0,55.0,2.0,22.9,24.0,23.0,3.9,68.0,0.2,348.0,48.0
114997,0,41.0,1.0,25.6,23.0,22.0,3.9,92.0,0.5,225.0,65.0
114998,1,80.0,1.0,29.6,9.0,16.0,4.3,67.0,0.7,203.0,54.0
115003,0,48.0,2.0,28.1,13.0,14.0,4.1,56.0,0.6,274.0,48.0
115004,0,23.0,2.0,25.1,15.0,25.0,4.6,51.0,0.3,216.0,66.0
115005,0,52.0,1.0,26.1,17.0,18.0,4.3,93.0,0.6,195.0,46.0
115006,0,29.0,2.0,21.0,15.0,17.0,3.6,66.0,0.5,351.0,34.0
115007,0,72.0,2.0,33.5,13.0,17.0,3.7,110.0,0.3,294.0,60.0
115012,0,72.0,2.0,32.0,8.0,6.0,3.3,42.0,0.3,283.0,44.0
115013,0,57.0,1.0,27.1,17.0,23.0,4.3,61.0,0.6,252.0,88.0
115015,0,73.0,2.0,26.4,17.0,22.0,4.4,91.0,0.3,230.0,46.0
115018,0,80.0,1.0,27.3,11.0,13.0,3.6,67.0,0.3,276.0,54.0
115021,0,21.0,1.0,45.3,24.0,16.0,4.2,81.0,0.2,324.0,40.0
115023,0,35.0,2.0,29.4,15.0,12.0,3.5,153.0,0.2,381.0,45.0
115028,0,38.0,2.0,43.0,13.0,14.0,3.9,77.0,0.3,350.0,39.0
115030,0,68.0,2.0,31.2,12.0,15.0,3.5,67.0,0.3,206.0,60.0
115034,0,29.0,2.0,33.0,30.0,27.0,4.4,70.0,0.3,314.0,45.0
115035,0,40.0,1.0,30.5,28.0,20.0,4.1,107.0,0.4,245.0,41.0
115036,0,54.0,2.0,23.6,17.0,18.0,3.8,47.0,0.5,255.0,73.0
115037,0,26.0,1.0,21.2,13.0,15.0,4.4,62.0,0.3,171.0,56.0
115042,0,45.0,1.0,40.0,18.0,21.0,3.9,70.0,0.5,178.0,45.0
115044,0,25.0,1.0,23.9,19.0,26.0,4.1,62.0,0.9,211.0,54.0
115045,0,22.0,2.0,35.0,17.0,17.0,4.2,66.0,0.4,217.0,64.0
115046,0,52.0,1.0,26.0,37.0,26.0,4.2,77.0,0.7,265.0,39.0
115047,0,62.0,2.0,27.9,15.0,15.0,4.5,55.0,0.2,259.0,58.0
115051,0,56.0,1.0,32.8,26.0,25.0,3.8,126.0,0.9,258.0,38.0
115052,0,20.0,1.0,27.9,39.0,23.0,4.7,94.0,0.4,228.0,45.0
115053,0,18.0,2.0,19.4,6.0,13.0,3.7,57.0,0.2,287.0,63.0
115055,0,38.0,2.0,25.1,12.0,17.0,4.2,63.0,0.5,263.0,66.0
115056,0,56.0,1.0,26.1,18.0,16.0,4.3,65.0,0.3,176.0,66.0
115057,0,69.0,2.0,51.9,10.0,14.0,3.6,147.0,0.4,310.0,66.0
115058,0,63.0,1.0,15.4,15.0,27.0,4.5,134.0,0.9,156.0,54.0
115060,0,21.0,2.0,52.8,20.0,16.0,3.4,70.0,0.5,318.0,42.0
115063,0,56.0,1.0,35.5,45.26626244178891,43.80359453763468,3.5897017125919164,118.25842615884613,-0.031079444150028113,196.83800082071764,51.69373889707464
115065,0,46.0,2.0,20.7,20.0,19.0,3.8,48.0,0.3,235.0,67.0
115066,0,64.0,1.0,29.7,18.0,19.0,4.2,73.0,0.5,199.0,41.0
115069,0,23.0,2.0,21.6,10.0,24.602234389684483,4.4,54.0,0.4,234.0,64.0
115070,0,39.0,2.0,17.7,10.0,17.0,4.2,80.0,0.4,290.0,41.0
115074,0,54.0,1.0,21.6,30.0,29.0,4.3,64.0,0.6,168.0,41.0
115077,0,29.0,2.0,35.7,17.0,18.0,4.0,85.0,0.4,303.0,46.0
115081,0,80.0,2.0,30.5,13.0,14.0,3.7,81.0,0.3,220.0,71.0
115082,0,63.0,2.0,25.2,16.0,15.0,4.6,50.0,0.6,256.0,70.0
115083,0,73.0,2.0,26.8,17.0,28.0,4.2,60.0,0.3,255.0,74.0
115085,0,63.0,1.0,25.8,24.0,20.0,4.0,99.0,0.7,173.0,44.0
115088,0,18.0,2.0,22.1,9.0,16.0,3.9,45.0,0.5,230.0,52.0
115089,0,59.0,2.0,22.7,15.0,24.0,3.7,80.0,0.2,315.0,54.0
115090,1,56.0,1.0,38.0,22.0,14.0,4.6,53.0,0.7,267.0,48.0
115091,0,62.0,1.0,25.3,20.0,18.0,4.1,82.0,0.2,241.0,42.0
115094,0,28.0,2.0,27.5,30.0,20.0,3.9,80.0,0.1,224.0,42.0
115095,0,50.0,1.0,29.8,22.0,19.0,4.0,106.0,0.7,104.0,45.0
115096,1,80.0,1.0,32.9,16.0,24.0,4.2,75.0,0.7,132.0,66.0
115097,0,64.0,2.0,24.7,12.0,27.0,4.4,47.0,0.9,176.0,71.0
115099,0,38.0,2.0,32.9,9.0,16.0,4.5,76.0,0.4,268.0,51.0
115100,0,60.0,1.0,32.5,13.0,16.0,3.8,58.0,0.2,251.0,42.0
115110,1,42.0,1.0,26.3,25.0,19.0,3.9,72.0,0.3,295.0,47.0
115120,1,60.0,1.0,40.3,20.0,16.0,3.7,101.0,0.5,235.0,22.0
115122,0,41.0,2.0,30.1,17.0,12.0,4.0,65.0,0.6,312.0,52.0
115123,0,80.0,2.0,30.3,11.0,17.0,3.7,65.0,0.4,257.0,52.0
115126,0,59.0,1.0,22.7,14.0,13.0,4.3,77.0,0.5,218.0,35.0
115127,0,49.0,1.0,26.5,16.0,17.0,3.9,114.0,0.6,201.0,36.0
115129,0,19.0,2.0,19.8,37.0,56.0,4.1,50.0,0.1,201.0,43.0
115130,0,21.0,2.0,22.8,7.0,10.0,3.9,42.0,0.3,284.0,69.0
115133,0,55.0,2.0,32.2,18.0,18.0,3.9,72.0,0.3,211.0,55.0
115138,0,48.0,1.0,42.9,21.0,29.0,2.5,157.0,0.2,110.0,53.0
115140,0,70.0,1.0,25.1,9.0,22.0,4.0,58.0,0.5,267.0,48.0
115141,0,45.0,2.0,28.5,-2.7059454529268763,6.016950312684278,3.946522534282045,55.78581028433107,-0.0705090198602541,225.0,103.45772801836338
115142,0,63.0,1.0,25.4,21.0,20.0,3.6,88.0,0.3,384.0,51.0
115143,0,79.0,1.0,35.2,46.25349586184646,39.88669320275519,4.225985012133059,55.406509826610375,0.6920893005015849,36.909828847378634,71.83125889753943
115144,0,56.0,1.0,22.4,14.0,15.0,4.3,96.0,0.4,247.0,55.0
115146,0,80.0,1.0,29.1,37.0,32.0,4.0,70.0,0.5,97.0,46.0
115147,0,65.0,2.0,23.8,11.0,16.0,4.1,125.0,0.5,301.0,57.0
115150,0,75.0,2.0,26.8,18.0,21.0,4.2,61.0,0.8,257.0,72.0
115151,1,60.0,1.0,35.5,54.0,38.0,4.0,96.0,1.0,165.0,38.0
115154,0,70.0,1.0,24.2,19.0,19.0,4.6,83.0,0.5,147.0,44.0
115155,0,26.0,2.0,19.6,6.0,17.0,4.1,66.0,0.5,291.0,57.0
115156,0,61.0,1.0,28.0,15.0,18.0,4.0,43.0,0.5,199.0,56.0
115159,0,80.0,1.0,28.9,10.0,15.0,3.5,49.0,0.5,243.0,45.0
115160,1,65.0,1.0,21.1,11.096793944339835,25.279317716792693,4.099560434831987,66.94901101513506,0.3444109481942791,296.78974107381345,75.04833343652237
115161,0,69.0,1.0,23.8,12.0,15.0,3.9,49.0,0.4,125.0,54.0
115164,1,45.0,1.0,40.9,37.0,26.0,4.3,84.0,0.5,266.0,47.0
115171,0,77.0,1.0,23.4,20.0,32.0,3.9,72.0,0.7,179.0,37.0
115173,0,80.0,1.0,27.0,18.0,23.0,3.7,140.0,0.5,138.0,73.0
115181,0,45.0,1.0,32.2,16.0,15.0,4.6,50.0,0.5,283.0,39.0
115185,0,55.0,2.0,30.6,41.0,34.0,4.4,65.0,0.4,204.0,61.0
115186,0,29.0,2.0,19.8,8.0,17.0,4.2,55.0,0.3,408.0,65.0
115187,0,63.0,1.0,26.3,23.0,25.0,3.9,304.0,0.5,197.0,38.0
115188,0,19.0,2.0,26.8,32.0,27.0,4.6,90.0,0.2,251.0,57.0
115189,0,70.0,1.0,25.6,14.0,19.0,4.0,103.0,0.4,204.0,46.0
115190,0,62.0,1.0,31.6,25.0,24.0,4.4,53.0,0.8,139.0,34.0
115191,0,19.0,2.0,24.6,9.0,14.0,4.2,55.0,0.2,300.0,60.0
115192,0,67.0,2.0,34.2,17.0,18.0,4.0,60.0,0.5,198.0,66.0
115193,0,29.0,2.0,17.1,32.0,24.0,4.6,76.0,1.2,218.0,83.0
115201,0,80.0,1.0,22.0,16.0,25.0,3.9,56.0,0.2,207.0,72.0
115202,0,80.0,2.0,25.9,18.0,22.0,3.9,68.0,0.4,321.0,41.0
115203,0,60.0,1.0,29.1,14.0,16.0,3.6,98.0,0.4,189.0,34.0
115205,0,31.0,2.0,24.7,18.0,14.0,4.0,58.0,0.6,250.0,37.0
115206,0,65.0,1.0,29.2,13.0,16.0,4.6,106.0,0.7,294.0,35.0
115210,0,66.0,1.0,30.9,29.0,41.0,4.2,85.0,0.6,179.0,46.0
115212,0,62.0,2.0,32.1,13.0,18.0,3.9,54.0,0.8,165.0,59.0
115213,0,74.0,2.0,25.4,11.0,15.0,3.8,97.0,0.8,262.0,54.0
115215,0,72.0,2.0,29.7,9.0,14.0,3.6,104.0,0.3,262.0,45.0
115217,0,72.0,2.0,32.0,20.0,20.0,4.2,55.0,0.3,198.0,62.0
115218,0,69.0,1.0,23.0,12.0,24.0,4.4,118.0,1.2,149.0,46.0
115219,0,35.0,2.0,34.7,11.0,12.0,4.0,132.0,0.4,325.0,65.0
115220,0,21.0,1.0,29.6,25.0,21.0,4.1,72.0,0.4,301.0,37.0
115225,0,70.0,2.0,23.3,13.0,17.0,4.1,74.0,0.4,306.0,43.0
115226,0,77.0,1.0,24.1,16.0,21.0,4.2,62.0,0.7,150.0,38.0
115229,0,20.0,2.0,31.0,12.0,12.0,3.7,67.0,0.4,219.0,44.0
115230,0,49.0,1.0,20.6,20.0,24.0,4.7,59.0,1.5,246.0,80.0
115231,0,64.0,2.0,37.9,10.981529604390632,21.705126865249945,4.372394011185121,74.97669165101817,0.6043631020725179,336.0,66.83482303364207
115232,1,64.0,1.0,22.8,10.0,20.0,3.7,80.0,0.2,135.0,48.0
115235,0,45.0,2.0,33.9,9.0,17.0,4.0,58.0,0.5,266.0,67.0
115236,0,51.0,1.0,31.0,8.261006104042249,12.440125983806006,3.6,79.0473731502933,0.3,193.0,29.0
115238,0,47.0,2.0,21.8,10.0,15.0,4.2,62.0,0.4,256.0,47.0
115240,0,41.0,2.0,40.7,12.0,13.0,3.5,56.0,0.3,321.0,37.0
115242,1,56.0,2.0,39.2,42.0,24.0,4.2,76.0,0.5,167.0,38.0
115243,0,34.0,2.0,36.4,17.0,19.0,4.1,53.0,0.4,207.0,57.0
115244,0,34.0,1.0,27.9,14.0,21.0,4.4,57.0,0.5,193.0,64.0
115245,0,39.0,2.0,30.2,12.0,19.0,4.0,48.0,0.2,296.0,88.0
115247,0,80.0,2.0,32.2,22.0,19.0,4.1,82.0,0.2,182.0,56.0
115249,0,57.0,2.0,32.9,28.0,25.0,4.2,128.0,0.3,299.0,48.0
115250,0,26.0,1.0,21.2,41.0,31.0,4.8,82.0,0.7,258.0,58.0
115253,0,39.0,2.0,49.3,13.0,16.0,4.0,93.0,0.4,426.0,54.0
115254,0,66.0,1.0,27.4,4.0,21.0,3.7,131.0,0.2,245.0,36.0
115255,0,40.0,1.0,28.4,27.0,20.0,4.4,68.0,0.4,315.0,53.0
115257,0,39.0,2.0,23.3,10.0,15.0,4.5,84.0,0.4,259.0,66.0
115258,0,23.0,2.0,33.1,8.0,13.0,3.6,63.0,0.2,299.0,48.0
115260,0,20.0,1.0,24.6,9.0,10.0,4.1,56.0,0.7,205.0,42.0
115261,0,57.0,2.0,31.7,8.0,10.0,3.6,76.0,0.2,523.0,65.0
115262,1,80.0,2.0,29.4,8.670073758636626,6.936046347330173,4.13597884883219,96.50067338869566,0.5325481393079696,257.0,51.2821633237198
115263,0,78.0,1.0,23.3,15.0,19.0,4.1,66.0,0.4,111.0,53.0
115266,0,80.0,1.0,25.8,11.0,18.0,4.0,69.0,0.5,122.0,56.0
115269,0,36.0,2.0,42.7,12.0,15.0,4.1,58.0,0.3,211.0,50.0
115270,0,41.0,2.0,37.3,13.0,15.0,3.9,73.0,0.2,238.0,54.0
115273,0,73.0,1.0,33.9,14.0,13.0,4.1,155.0,0.5,355.0,25.0
115276,0,19.0,1.0,21.5,16.0,20.0,4.5,75.0,0.4,324.0,52.0
115279,1,73.0,1.0,29.2,56.0,62.0,4.3,65.0,0.6,126.0,91.0
115280,0,25.0,1.0,22.6,14.0,14.0,4.6,81.0,0.3,188.0,57.0
115281,0,51.0,2.0,34.0,26.0,23.0,4.4,71.0,0.6,358.0,41.0
115283,0,55.0,1.0,22.3,17.0,11.0,4.0,59.0,0.8,215.0,52.0
115284,0,28.0,1.0,23.8,8.0,14.0,4.3,62.0,0.4,251.0,56.0
115287,0,72.0,1.0,26.4,18.0,21.0,4.3,57.0,0.3,183.0,44.0
115288,1,56.0,2.0,36.1,31.0,56.0,4.4,71.0,0.4,141.0,54.0
115289,0,33.0,2.0,23.1,16.0,23.0,4.3,60.0,0.5,227.0,64.0
115290,0,60.0,1.0,23.8,16.0,21.0,4.8,73.0,0.6,316.0,68.0
115292,0,62.0,1.0,29.9,26.0,21.0,4.8,54.0,0.6,263.0,46.0
115294,0,34.0,2.0,20.0,10.0,12.0,4.2,38.0,0.4,166.0,55.0
115295,0,41.0,1.0,37.3,13.0,13.0,3.9,74.0,0.1,187.0,43.0
115299,0,30.0,2.0,27.5,43.5197707613386,27.395454722655273,4.374829924608279,112.68740340739966,0.4824881824468962,254.65419606754898,47.844368051721425
115300,0,42.0,2.0,32.5,24.0,26.0,4.1,81.0,0.2,354.0,60.0
115304,0,80.0,2.0,33.5,13.0,15.0,3.4,73.0,0.2,353.0,56.0
115305,0,54.0,2.0,33.5,22.0,17.0,4.1,116.0,0.1,315.0,48.0
115307,0,29.0,2.0,31.3,14.0,19.0,4.1,59.0,0.4,239.0,36.0
115308,0,41.0,1.0,32.5,24.0,17.0,4.0,73.0,0.5,324.0,39.0
115309,0,71.0,1.0,22.4,19.0,26.0,4.0,79.0,0.7,151.0,50.0
115310,0,58.0,2.0,30.7,25.0,22.0,3.9,86.0,0.4,230.0,63.0
115316,0,46.0,2.0,23.6,36.0,36.0,4.2,102.0,0.5,305.0,50.0
115317,0,39.0,1.0,26.9,29.0,21.0,4.5,87.0,0.3,313.0,52.0
115323,0,43.0,2.0,19.9,13.0,18.0,4.4,42.0,0.4,217.0,63.0
115325,0,27.0,2.0,33.6,9.0,12.0,3.8,100.0,0.2,352.0,49.0
115326,0,23.0,1.0,25.8,20.0,18.0,4.4,47.0,0.5,201.0,42.0
115328,0,54.0,1.0,31.0,8.0,12.0,4.2,61.0,0.2,292.0,43.0
115331,0,50.0,2.0,31.4,35.0,19.0,4.2,65.0,0.5,184.0,51.0
115332,0,51.0,2.0,19.1,12.0,19.0,4.0,50.0,0.8,147.0,87.0
115333,0,26.0,1.0,27.4,16.0,39.0,4.7,47.0,0.4,170.0,50.0
115334,0,73.0,1.0,27.1,7.0,16.0,4.5,101.0,0.5,211.0,54.0
115335,0,35.0,1.0,22.4,16.0,19.0,4.9,89.0,0.4,280.0,52.0
115337,0,47.0,1.0,32.1,40.0,22.0,4.3,78.0,0.4,296.0,41.0
115338,0,49.0,2.0,26.4,12.0,21.0,3.8,76.0,0.5,331.0,76.0
115342,0,36.0,1.0,27.4,20.0,17.0,4.2,110.0,0.4,188.0,37.0
115346,0,39.0,2.0,30.7,15.0,14.0,3.7,51.0,0.4,297.0,31.0
115350,0,23.0,2.0,34.2,16.0,13.0,3.9,86.0,0.4,448.0,64.0
115355,0,46.0,1.0,29.1,13.0,14.0,3.8,75.0,0.4,267.0,32.0
115358,0,80.0,2.0,30.8,13.0,20.0,4.4,74.0,0.6,170.0,69.0
115359,0,30.0,1.0,18.3,13.0,15.0,4.4,46.0,0.3,282.0,72.0
115362,0,23.0,1.0,29.0,39.657449416471934,10.078035027657457,4.321019657236321,68.50366253331839,0.12840530519085047,221.00327275199277,24.71498450736126
115363,0,60.0,2.0,27.5,12.0,17.0,3.9,67.0,0.4,272.0,81.0
115365,0,38.0,2.0,23.2,13.0,16.0,4.2,80.0,0.7,323.0,61.0
115371,0,74.0,2.0,28.9,16.0,20.0,4.5,76.0,0.5,203.0,70.0
115374,0,42.0,2.0,20.4,8.0,12.0,4.0,55.0,0.3,212.0,49.0
115375,0,36.0,1.0,22.3,14.0,20.0,4.2,75.0,0.5,215.0,79.0
115376,0,63.0,1.0,23.4,11.0,27.761734510753065,4.2,104.0,0.3,311.0,47.0
115379,0,21.0,1.0,40.2,28.0,21.0,4.3,68.0,0.4,264.0,45.0
115380,0,48.0,1.0,30.6,31.0,24.0,4.2,88.0,0.4,224.0,54.0
115382,0,37.0,1.0,21.9,20.0,24.0,4.1,73.0,0.3,638.0,68.0
115383,0,54.0,1.0,28.9,14.296946694297812,6.993808040079685,3.9835260437833577,56.46435124151907,0.645547822230463,156.0,36.81746176799019
115386,0,40.0,2.0,42.1,43.0,31.0,3.6,66.0,0.5,217.0,59.0
115387,0,34.0,1.0,31.9,24.0,20.0,4.1,66.0,0.3,248.0,46.0
115390,0,45.0,2.0,23.5,21.0,21.0,4.8,62.0,0.7,278.0,91.0
115393,0,64.0,2.0,20.3,10.0,15.0,4.1,156.0,0.5,162.0,54.0
115394,0,49.0,1.0,34.4,29.0,23.0,4.2,60.0,0.6,209.0,58.0
115395,1,80.0,1.0,20.2,29.0,33.0,4.6,59.0,0.8,93.0,72.0
115396,0,68.0,1.0,28.2,26.0,27.0,4.3,91.0,1.0,193.0,40.0
115398,0,38.0,2.0,49.6,15.0,15.0,3.4,89.0,0.5,301.0,66.0
115401,1,32.0,1.0,30.6,30.0,24.0,4.3,67.0,0.4,239.0,48.0
115402,0,63.0,2.0,31.6,22.0,20.0,4.1,145.0,0.6,327.0,59.0
115406,0,21.0,2.0,25.9,10.0,18.0,4.0,55.0,0.2,314.0,69.0
115407,0,73.0,2.0,28.5,10.0,17.0,4.1,98.0,0.2,207.0,50.0
115409,0,37.0,1.0,36.0,60.0,28.0,4.5,81.0,0.6,312.0,35.0
115410,0,21.0,2.0,25.7,6.0,16.0,4.0,58.0,0.3,311.0,62.0
115411,0,35.0,1.0,26.6,40.0,27.0,4.4,63.0,0.8,228.0,75.0
115416,0,64.0,2.0,23.9,9.0,16.0,4.0,71.0,0.3,302.0,41.0
115417,1,65.0,1.0,27.5,82.0,83.0,3.5,78.0,0.4,251.0,72.0
115418,0,39.0,2.0,30.3,14.0,18.0,3.5,73.0,0.3,314.0,48.0
115421,0,63.0,2.0,30.2,10.0,23.0,3.8,71.0,0.4,489.0,97.0
115423,0,22.0,1.0,22.9,19.0,14.0,4.3,76.0,0.2,190.0,53.0
115426,0,75.0,2.0,23.1,9.0,12.0,4.1,56.0,0.8,208.0,49.0
115428,0,52.0,1.0,26.1,25.0,29.0,4.0,78.0,0.3,130.0,56.0
115432,0,19.0,1.0,23.3,9.0,15.0,4.7,85.0,0.6,183.0,90.0
115435,0,18.0,2.0,24.1,12.0,18.0,5.0,69.0,0.5,302.0,48.0
115437,0,79.0,1.0,25.2,19.0,21.0,4.2,72.0,0.6,231.0,26.0
115438,0,40.0,1.0,26.7,15.0,15.0,4.3,56.0,0.4,277.0,46.0
115440,0,80.0,2.0,29.2,19.0,37.0,3.8,114.0,0.3,189.0,55.0
115441,0,79.0,2.0,23.7,13.0,17.0,4.1,52.0,0.6,207.0,73.0
115442,0,80.0,2.0,29.8,11.0,20.0,3.9,85.0,0.4,239.0,75.0
115443,0,39.0,2.0,34.7,28.0,16.0,3.6,94.0,0.2,313.0,39.0
115444,0,30.0,2.0,48.9,10.0,15.0,3.8,120.0,0.4,249.0,48.0
115445,0,61.0,1.0,30.9,17.0,20.0,3.6,51.0,0.3,289.0,44.0
115446,0,51.0,1.0,24.2,22.904131700308888,28.536283772989155,3.8640679718659836,96.34638656781738,0.6558472784234732,141.92324674584313,42.89457505787798
115447,0,18.0,1.0,26.3,11.0,17.0,4.1,70.0,0.4,229.0,39.0
115450,0,26.0,2.0,33.3,5.0,15.0,4.1,56.0,0.4,380.0,47.0
115455,0,41.0,2.0,22.9,15.0,16.0,3.8,60.0,0.3,228.0,54.0
115458,0,63.0,2.0,24.5,33.0,31.0,4.4,89.0,0.4,187.0,53.0
115459,0,76.0,1.0,32.0,22.0,28.0,4.1,97.0,0.3,231.0,61.0
115465,0,31.0,1.0,27.8,29.0,26.0,4.1,78.0,0.9,209.0,42.0
115466,0,61.0,2.0,29.0,14.0,16.0,3.9,87.0,0.6,344.0,56.0
115467,0,34.0,2.0,28.3,21.0,21.0,4.2,97.0,0.2,382.0,47.0
115469,1,57.0,1.0,42.7,26.0,20.0,4.1,90.0,0.5,292.0,45.0
115470,0,50.0,1.0,30.8,16.0,15.0,4.2,49.0,0.3,226.0,49.0
115471,0,39.0,2.0,20.9,10.0,15.0,3.7,59.0,0.3,235.0,89.0
115472,0,46.0,2.0,30.0,15.0,18.0,3.3,61.0,0.3,257.0,46.0
115474,0,62.0,1.0,25.6,21.0,20.0,4.2,69.0,0.4,266.0,56.0
115478,0,74.0,2.0,35.7,11.0,14.0,3.4,77.0,0.2,252.0,41.0
115479,0,55.0,2.0,20.4,18.0,21.0,4.4,77.0,0.6,246.0,124.0
115480,1,26.0,1.0,40.2,175.0,124.0,4.2,71.0,0.5,263.0,33.0
115485,0,54.0,2.0,26.3,21.0,20.0,3.6,124.0,0.5,335.0,73.0
115487,0,28.0,1.0,27.7,28.0,19.0,4.2,72.0,0.2,281.0,54.0
115489,0,52.0,1.0,27.6,36.0,28.0,4.2,97.0,0.2,389.0,42.0
115490,0,56.0,1.0,31.7,18.0,21.0,4.2,72.0,0.3,188.0,39.0
115493,0,80.0,2.0,35.9,12.0,21.0,3.8,85.0,0.3,270.0,57.0
115494,0,62.0,1.0,35.5,16.0,17.0,4.1,97.0,0.5,238.0,58.0
115495,1,60.0,2.0,32.3,35.0,26.0,3.9,65.0,0.3,197.0,49.0
115498,0,68.0,2.0,30.0,14.0,17.0,4.3,91.0,0.5,235.0,46.0
115499,0,28.0,2.0,26.3,10.0,14.0,4.2,56.0,0.6,229.0,65.0
115501,0,80.0,2.0,22.9,16.0,26.0,3.8,108.0,0.3,258.0,59.0
115503,0,72.0,1.0,33.9,14.0,15.0,3.4,126.0,0.4,250.0,48.0
115504,0,70.0,1.0,35.6,23.0,23.0,4.1,75.0,0.3,148.0,45.0
115506,0,19.0,1.0,21.9,10.324374862960862,19.372868162993385,4.437027161843224,48.605423200001674,0.8449496459081018,309.4901289789606,44.871723658334574
115509,0,43.0,1.0,26.7,20.0,18.0,4.3,87.0,0.6,261.0,36.0
115510,0,22.0,2.0,23.7,15.0,17.0,4.2,47.0,0.3,200.0,50.0
115511,0,38.0,1.0,28.8,100.0,41.0,4.7,70.0,0.4,224.0,68.0
115512,0,18.0,1.0,22.6,22.0,20.0,4.5,77.0,0.8,212.0,60.0
115514,0,19.0,1.0,22.5,39.323731417437685,38.0909983350364,4.349320942876325,92.42323219887336,0.6786536215298611,176.0,48.0
115518,0,63.0,2.0,34.5,8.0,13.0,3.0,83.0,0.5,282.0,61.0
115520,0,38.0,2.0,19.5,11.0,14.0,4.0,38.0,0.2,184.0,72.0
115521,0,70.0,2.0,27.9,11.0,13.0,4.0,80.0,0.4,302.0,55.0
115524,0,51.0,1.0,30.4,23.0,19.0,4.1,82.0,0.3,213.0,45.0
115526,0,80.0,1.0,31.7,16.0,20.0,4.2,75.0,0.5,204.0,48.0
115530,0,19.0,1.0,21.7,24.0,20.0,4.4,77.0,1.0,156.0,71.0
115531,0,60.0,1.0,41.9,10.783862291115692,20.436643679901806,3.945545789391697,46.351552290759166,0.5599150465262137,203.30911644239774,54.94642354555996
115532,1,36.0,2.0,41.8,61.0,52.0,3.5,63.0,0.3,296.0,43.0
115538,0,48.0,2.0,34.1,17.0,14.0,3.6,79.0,0.4,424.0,57.0
115539,0,18.0,1.0,35.7,39.0,22.0,4.1,118.0,0.6,358.0,28.0
115542,1,56.0,1.0,23.5,14.0,31.0,4.2,69.0,0.3,125.0,90.0
115544,0,20.0,2.0,20.8,12.0,17.0,4.6,62.0,0.3,296.0,61.0
115545,0,18.0,2.0,16.4,11.0,13.0,4.6,47.0,0.5,314.0,59.0
115546,0,56.0,2.0,25.7,27.0,21.0,4.0,96.0,0.3,238.0,48.0
115547,1,64.0,2.0,37.5,22.0,26.0,4.0,155.0,0.4,174.0,62.0
115550,0,54.0,2.0,38.5123982222429,11.0,17.0,4.3,87.0,0.3,196.0,56.0
115551,0,23.0,2.0,22.3,19.0,28.0,4.0,85.0,0.3,234.0,47.0
115558,0,20.0,1.0,33.5,72.0,33.0,4.2,103.0,0.4,235.0,41.0
115560,1,54.0,2.0,35.9,23.0,21.0,4.4,71.0,0.5,301.0,56.0
115563,0,32.0,2.0,26.2,13.0,16.0,4.4,54.0,0.4,252.0,55.0
115569,0,48.0,1.0,31.3,45.0,37.0,3.9,112.0,0.3,208.0,31.0
115573,1,49.0,1.0,32.9,59.0,55.19590796455448,4.3,76.0,0.6,184.0,128.0
115574,0,41.0,1.0,28.3,16.0,15.0,4.3,90.0,0.2,253.0,32.0
115575,0,69.0,2.0,34.8,16.0,16.0,3.6,70.0,0.2,288.0,70.0
115577,0,49.0,2.0,21.8,9.0,9.0,4.0,27.0,0.5,491.0,48.0
115578,0,40.0,2.0,32.7,17.0,20.0,4.0,51.0,0.2,188.0,67.0
115579,1,56.0,2.0,42.1,21.0,15.0,4.1,98.0,0.5,337.0,67.0
115580,0,65.0,1.0,27.7,4.27477759918059,17.094726567742867,3.630784416250092,43.7372606528327,0.8377851515842937,187.9700495332218,46.77654594352766
115581,0,65.0,1.0,24.9,8.0,11.0,3.6,122.0,0.3,172.0,35.0
115583,0,63.0,1.0,36.6,22.0,19.0,3.6,74.0,0.5,304.0,34.0
115584,0,23.0,2.0,28.2,23.0,20.0,4.0,94.0,0.3,313.0,50.0
115585,0,71.0,1.0,28.9,26.0,30.0,4.6,82.0,0.8,182.0,39.0
115586,0,19.0,1.0,25.004090761705946,20.0,20.0,4.3,112.0,0.3,317.0,53.0
115587,0,61.0,2.0,20.8,19.0,19.0,4.0,83.0,0.7,225.0,66.0
115588,0,75.0,1.0,26.6,15.0,17.0,4.1,56.0,0.2,235.0,60.0
115590,0,32.0,1.0,29.0,32.0,22.0,4.2,67.0,0.8,342.0,46.0
115591,0,55.0,1.0,23.8,23.788501420573112,29.137038826792626,4.397291912636057,44.66799523517736,0.4020946392190995,298.0,50.22719276355876
115592,0,60.0,1.0,25.5,30.0,22.0,4.0,67.0,0.7,200.0,65.0
115596,0,57.0,2.0,24.4,-3.0799369742691436,7.2796247624317605,4.270295706755757,48.75481027379222,0.17759241519971541,250.66618541105726,70.50335223729911
115598,0,27.0,1.0,24.3,48.0,19.0,4.0,59.0,0.5,233.0,40.0
115599,0,49.0,1.0,26.8,15.0,20.0,4.0,50.0,0.3,217.0,51.0
115600,0,77.0,1.0,31.8,27.0,21.0,4.0,64.0,0.2,223.0,46.0
115601,0,22.0,2.0,28.0,9.0,17.0,3.9,64.0,0.2,243.0,39.0
115603,0,60.0,2.0,29.8,11.0,11.0,4.0,130.0,0.3,281.31065145883423,74.0
115604,0,68.0,1.0,35.0,12.0,16.0,3.9,78.0,0.5,264.0,54.0
115605,0,55.0,2.0,30.7,25.0,41.0,3.4,143.0,0.5,178.0,41.0
115608,0,55.0,1.0,23.7,20.0,17.0,4.2,59.0,0.4,202.0,53.0
115609,0,39.0,2.0,22.0,6.0,11.0,4.3,76.0,0.8,236.0,54.0
115611,0,59.0,2.0,31.3,23.0,27.0,3.9,93.0,0.2,362.0,44.0
115613,0,64.0,2.0,19.7,16.0,37.0,3.7,93.0,0.3,279.0,81.0
115614,0,40.0,2.0,22.4,14.0,16.0,4.4,59.0,0.4,288.0,61.0
115615,0,47.0,2.0,19.7,12.0,17.0,4.1,38.0,0.4,191.0,75.0
115617,1,59.0,1.0,25.4,23.0,23.0,4.6,53.0,1.6,187.0,40.0
115621,0,50.0,2.0,26.6,14.0,13.0,4.0,39.0,0.5,264.0,59.0
115624,0,56.0,1.0,30.8,23.0,20.0,3.8,70.0,0.7,216.0,51.0
115629,0,60.0,1.0,25.2,15.0,22.0,4.3,57.0,0.8,212.0,48.0
115632,0,43.0,1.0,41.8,51.0,33.0,4.0,120.0,0.5,261.0,33.0
115634,0,32.0,1.0,23.5,31.0,32.0,4.5,60.0,0.6,224.0,53.0
115636,0,64.0,1.0,28.7,15.0,16.0,4.0,47.0,1.1,221.0,76.0
115639,0,68.0,2.0,24.1,4.772650819751797,9.321629255073114,3.914379320217152,59.46942351610669,0.6119676357381008,276.7065374844351,85.67552301573464
115643,0,41.0,1.0,28.6,15.0,29.0,4.0,66.0,0.6,220.0,33.0
115644,1,63.0,2.0,37.0,13.0,12.0,3.8,51.0,0.2,238.0,40.0
115645,0,21.0,2.0,31.4,14.0,18.0,4.1,48.0,0.5,244.0,54.0
115646,0,27.0,1.0,37.6,43.0,26.0,4.2,87.0,0.6,223.0,45.0
115647,0,73.0,2.0,30.8,33.0,25.0,4.5,74.0,0.7,227.0,48.0
115649,1,68.0,1.0,24.7,10.638096659997334,20.670092515799457,3.783648088814369,105.2941533042392,1.1197220504532908,163.899207407181,34.57207295602154
115651,0,22.0,1.0,26.4,68.0,37.0,4.2,64.0,1.0,290.0,56.0
115656,0,71.0,2.0,34.5,23.0,26.0,3.9,76.0,0.3,216.0,42.0
115657,0,47.0,1.0,29.9,8.994508801438169,2.3908964995813546,4.122888770204758,10.057867463552057,0.4868574326120836,274.0,37.0
115661,0,79.0,1.0,27.3,13.0,17.0,4.5,57.0,0.5,141.0,42.0
115662,0,74.0,1.0,22.6,17.0,20.0,4.3,56.0,0.7,277.0,76.0
115663,0,66.0,1.0,27.8,22.0,21.0,3.9,103.0,0.3,175.0,55.0
115666,1,56.0,1.0,42.6,34.0,28.0,4.3,111.0,0.5,196.0,41.0
115668,1,34.0,2.0,39.6,21.0,17.0,4.4,100.0,0.2,266.0,39.0
115669,1,59.0,2.0,41.8,22.0,17.0,4.4,86.0,0.2,284.0,38.0
115670,0,73.0,2.0,30.8,16.0,20.0,4.0,85.0,0.4,180.0,47.0
115671,0,67.0,2.0,34.9,10.0,13.0,4.0,51.0,0.5,191.0,75.0
115673,0,27.0,2.0,22.2,9.0,14.0,4.2,76.0,0.3,261.0,65.0
115674,0,65.0,1.0,43.6,20.0,12.0,3.6,76.0,0.4,205.0,45.0
115676,0,75.0,2.0,30.1,25.0,22.0,4.0,144.0,0.3,396.0,70.0
115677,0,19.0,2.0,25.5,12.757533609274645,19.53226661676178,3.769702175721541,61.70622759185452,0.49508557143038007,245.0,64.51472795290636
115678,0,48.0,1.0,22.7,8.802391081669322,12.069617061020761,3.7760859636171165,114.69207979229898,0.4370333718059429,193.0,42.757316003405684
115680,0,28.0,2.0,38.9,17.0,18.0,3.5,76.0,0.4,265.0,58.0
115683,0,51.0,2.0,28.2,12.0,16.0,4.2,102.0,0.5,260.0,57.0
115686,1,41.0,1.0,47.7,53.45438646849625,32.6414002664715,4.198301342777044,80.44490370028052,0.5419543834837929,289.7966074442925,48.12661549896791
115687,0,28.0,1.0,28.0,17.0,17.0,4.2,47.0,0.5,214.0,57.0
115692,0,80.0,2.0,21.1,15.0,23.0,4.1,83.0,0.6,391.0,80.0
115698,0,49.0,1.0,29.4,19.0,22.0,4.4,84.0,0.2,218.0,42.0
115701,0,80.0,2.0,24.2,15.0,32.0,4.4,54.0,0.5,196.0,70.0
115705,0,65.0,1.0,28.0,19.0,26.0,4.3,64.0,0.4,228.0,61.0
115710,0,53.0,1.0,29.6,17.0,17.0,3.8,85.0,0.6,213.0,41.0
115711,0,66.0,2.0,27.7,14.0,21.0,4.3,102.0,0.7,303.0,58.0
115714,0,61.0,1.0,26.7,9.0,18.0,4.3,69.0,0.2,236.0,41.0
115715,0,62.0,1.0,30.9,15.0,17.0,4.2,74.0,0.5,241.0,52.0
115724,0,19.0,1.0,19.5,9.0,17.0,4.1,55.0,0.3,173.0,35.0
115727,0,72.0,2.0,35.2,20.0,24.0,3.4,77.0,1.2,138.0,40.0
115728,0,41.0,2.0,21.9,12.0,16.0,4.1,44.0,0.5,237.0,86.0
115731,0,18.0,1.0,19.9,10.0,14.0,4.1,101.0,0.2,324.0,73.0
115732,0,63.0,1.0,33.8,32.0,28.0,3.4,119.0,0.2,249.0,46.0
115736,0,62.0,2.0,31.4,24.0,30.0,4.1,103.0,0.2,219.0,48.0
115739,0,67.0,2.0,31.8,12.0,14.0,3.8,58.0,0.4,251.0,36.0
115740,0,66.0,1.0,32.2,21.0,20.0,3.8,105.0,0.7,225.0,86.0
115741,0,19.0,1.0,19.7,19.0,24.0,4.3,95.0,0.6,293.0,64.0
115743,0,74.0,2.0,27.0,10.0,16.0,4.5,69.0,0.3,255.0,65.0
115744,0,67.0,1.0,28.9,14.0,16.0,3.9,96.0,0.3,252.0,50.0
115746,1,70.0,2.0,34.6,8.0,20.0,4.1,74.0,0.5,194.0,56.0
115747,0,69.0,1.0,25.5,13.0,18.0,3.9,86.0,1.1,295.0,43.0
115749,1,66.0,1.0,30.4,15.0,19.0,3.9,109.0,0.2,361.0,29.0
115750,0,53.0,2.0,29.2,20.0,16.0,4.5,57.0,0.2,262.0,67.0
115751,0,61.0,2.0,27.0,25.0,22.0,4.4,51.0,0.3,277.0,47.0
115752,0,67.0,1.0,25.0,22.0,20.0,4.4,84.0,1.4,187.0,52.0
115754,0,43.0,2.0,37.0,12.0,13.0,3.5,94.0,0.4,339.0,55.0
115756,0,18.0,1.0,18.3,15.0,18.0,3.8,39.0,0.3,223.0,21.0
115757,0,80.0,1.0,27.5,15.0,19.0,3.9,178.0,0.4,122.0,37.0
115759,0,53.0,2.0,25.7,7.0,20.0,4.1,74.0,0.5,221.0,90.0
115764,0,34.0,2.0,30.8,10.0,14.0,2.9,58.0,0.3,207.0,61.0
115766,0,29.0,1.0,23.8,28.0,24.0,4.1,77.0,0.2,313.0,54.0
115767,0,47.0,2.0,20.7,19.0,30.0,3.8,96.0,0.3,351.0,55.0
115770,0,42.0,1.0,33.4,56.0,39.0,4.3,55.0,0.5,196.0,41.0
115772,0,34.0,2.0,23.5,26.0,24.0,4.0,60.0,0.4,248.0,55.0
115776,0,18.0,1.0,23.3,19.0,18.0,4.0,83.0,0.2,197.0,43.0
115780,0,41.0,2.0,32.8,10.0,13.0,3.7,50.0,0.2,229.0,58.0
115782,0,68.0,2.0,24.5,15.0,23.0,4.4,113.0,0.5,281.0,75.0
115785,0,22.0,2.0,25.0,11.0,17.0,4.1,55.0,0.4,262.0,50.0
115788,0,65.0,2.0,23.6,16.0,19.0,4.4,57.0,0.8,304.0,98.0
115791,0,63.0,1.0,27.7,22.0,20.0,4.1,67.0,0.4,213.0,59.0
115792,0,33.0,2.0,22.6,15.0,29.0,4.6,45.0,0.8,121.0,73.0
115793,0,39.0,1.0,27.2,37.0,37.0,3.4,68.0,0.4,286.0,29.0
115796,0,40.0,2.0,35.9,27.0,22.0,3.6,75.0,0.5,226.0,88.0
115800,0,45.0,2.0,40.5,15.0,12.0,3.7,88.0,0.3,322.0,50.0
115801,0,45.0,2.0,33.2,13.0,17.0,3.7,91.0,0.3,335.0,47.0
115802,0,19.0,1.0,33.2,52.38528900213509,37.72115457887898,4.135264662224912,75.8116272138267,0.7894084549098238,217.94121035628902,47.91723323201358
115803,0,40.0,1.0,30.3,35.0,21.0,4.3,107.0,0.5,272.0,30.0
115804,0,80.0,2.0,27.8,21.0,18.0,4.0,70.0,0.3,237.0,61.0
115805,0,32.0,1.0,27.2,22.0,35.0,4.5,98.0,0.2,385.0,42.0
115806,0,18.0,2.0,28.3,13.0,14.0,3.9,81.0,0.2,285.0,45.0
115807,0,65.0,1.0,30.0,42.0,28.0,4.8,87.0,0.8,181.0,51.0
115808,0,80.0,1.0,27.8,15.0,17.0,4.1,62.0,0.7,137.0,43.0
115809,0,70.0,1.0,25.8,18.0,33.0,3.5,77.0,0.6,152.0,58.0
115813,0,49.0,2.0,24.0,20.0,20.0,4.5,39.0,0.2,256.0,45.0
115814,1,80.0,2.0,21.1,16.0,19.0,4.2,77.0,0.5,278.0,90.0
115815,0,72.0,1.0,28.8,36.855939042347366,10.200013608795945,4.289235192833596,110.17123945709105,0.4084799305315579,241.0,19.695293048993708
115816,0,66.0,1.0,27.2,27.0,23.0,4.5,57.0,0.3,278.0,46.0
115818,0,68.0,1.0,20.4,30.0,23.0,4.5,79.0,0.3,193.0,44.0
115820,0,48.0,1.0,25.0,30.0,26.0,4.0,96.0,0.4,221.0,45.0
115822,0,67.0,2.0,25.5,17.0,19.0,3.6,78.0,0.4,188.0,74.0
115827,0,41.0,1.0,32.5,50.0,24.0,4.1,93.0,0.6,225.0,43.0
115829,0,23.0,1.0,24.3,21.0,22.0,4.2,81.0,0.3,212.0,49.0
115831,0,28.0,2.0,29.0,9.0,13.0,4.3,58.0,0.4,253.0,33.0
115833,0,37.0,1.0,18.4,10.0,18.0,4.4,55.0,0.5,229.0,42.0
115834,1,72.0,2.0,37.5,9.0,17.0,4.5,80.0,0.6,212.0,38.0
115842,0,41.0,2.0,48.7,17.0,23.49254555932515,3.2,62.0,0.1,300.0,46.0
115843,0,76.0,2.0,24.7,14.0,16.0,3.9,96.0,0.4,296.0,41.0
115844,0,18.0,1.0,30.3,17.922257620114472,19.040716815504716,3.947026512122508,81.30341076443348,-0.13939719053042787,173.00097439855352,69.03583376642739
115846,0,57.0,2.0,32.1,23.0,25.0,4.0,71.0,0.6,147.0,49.0
115848,0,57.0,1.0,31.9,16.0,17.0,3.9,92.0,0.3,185.0,33.0
115850,0,56.0,2.0,39.6,31.0,27.0,4.0,147.0,0.4,311.0,38.0
115851,0,55.0,2.0,29.5,21.0,16.0,4.0,84.0,0.2,311.0,52.0
115853,0,32.0,1.0,23.1,18.0,22.0,4.3,54.0,0.4,203.0,55.0
115854,0,27.0,1.0,23.1,16.0,19.0,4.0,60.0,0.6,211.0,40.0
115856,0,61.0,2.0,34.1,14.0,17.0,3.8,94.0,0.3,153.0,68.0
115858,0,68.0,1.0,39.0,19.0,22.0,3.8,58.0,0.5,401.0,46.0
115859,0,27.0,1.0,29.4,26.0,22.0,4.7,94.0,0.5,184.0,43.0
115860,0,57.0,1.0,23.2,20.0,25.0,4.6,76.0,1.5,213.0,73.0
115861,0,70.0,1.0,26.7,28.0,27.0,4.1,110.0,0.6,223.0,46.0
115862,0,24.0,1.0,20.216244558470567,24.0,25.0,4.7,63.0,1.4,311.0,57.0
115864,0,56.0,1.0,22.2,17.0,21.0,4.6,97.0,0.2,234.0,53.0
115867,0,26.0,1.0,41.1,22.75936793038383,24.038531575499487,4.406334658480334,96.74147583905197,0.9866479211700714,178.0,48.0
115868,0,53.0,1.0,29.6,53.0,24.0,4.2,109.0,0.2,235.0,48.0
115874,0,54.0,2.0,37.5,18.974669496979836,19.40855729219046,4.0853409439114445,127.84275989146157,0.8227192204183986,244.0,58.997438619695195
115875,0,67.0,2.0,46.9,11.0,15.0,3.9,70.0,0.3,287.0,45.0
115876,0,68.0,2.0,42.7,16.0,14.0,3.8,97.0,0.6,362.0,34.9579047263689
115878,0,26.0,2.0,29.4,10.0,14.0,4.7,75.0,0.5,188.0,66.0
115879,0,41.0,1.0,21.7,21.0,23.0,3.7,54.0,0.7,310.0,61.0
115880,0,22.0,1.0,24.2,23.0,33.0,4.3,85.0,0.4,221.0,76.0
115882,0,66.0,2.0,26.2,13.0,17.0,3.9,73.0,0.4,336.0,57.0
115883,0,36.0,1.0,24.3,32.0,20.0,4.3,70.0,0.4,298.0,63.0
115885,0,20.0,1.0,36.8,35.0,23.0,3.8,125.0,0.4,202.0,33.0
115886,0,73.0,2.0,27.3,13.0,19.0,3.8,57.0,0.6,236.0,85.0
115887,0,68.0,2.0,25.3,25.0,26.0,4.0,102.0,0.4,187.0,53.0
115888,0,75.0,2.0,32.9,20.0,21.0,4.1,52.0,0.8,269.0,78.0
115889,0,62.0,2.0,34.6,21.0,15.0,3.9,68.0,0.6,222.0,72.0
115891,0,60.0,2.0,27.6,35.0,22.0,4.3,80.0,0.4,235.0,54.0
115895,0,70.0,1.0,29.8,14.0,16.0,4.2,58.0,0.7,258.0,42.0
115898,0,59.0,1.0,34.1,15.0,17.0,3.8,71.0,0.6,199.0,92.0
115904,0,67.0,1.0,23.1,10.0,24.0,3.8,62.0,0.4,180.0,74.0
115907,0,63.0,1.0,27.0,18.0,20.0,4.6,61.0,0.9,228.0,52.0
115908,0,65.0,1.0,20.6,11.0,17.0,3.8,70.0,0.7,207.0,76.0
115909,0,55.0,2.0,50.5,18.0,14.0,4.4,93.0,0.3,219.0,67.0
115912,0,35.0,1.0,25.7,18.0,14.0,3.6,79.0,0.7,260.0,45.0
115913,0,25.0,1.0,27.9,23.0,15.0,4.4,61.0,0.3,222.0,36.0
115914,0,80.0,2.0,28.030411877502832,3.7747402900705884,15.512351924920889,4.010552981259493,103.86599902934717,0.4998342194137909,435.0,57.86391248999269
115915,0,37.0,1.0,23.6,14.0,15.0,4.1,84.0,0.3,311.0,37.0
115917,1,21.0,2.0,38.1,25.0,22.0,4.5,77.0,0.5,294.0,50.0
115923,0,31.0,2.0,29.5,13.0,12.0,3.5,64.0,0.2,342.0,41.0
115926,0,18.0,1.0,40.1,33.0,24.0,4.0,93.0,0.4,236.0,41.0
115928,0,80.0,1.0,26.6,22.0,28.0,4.3,66.0,0.8,207.0,60.0
115929,0,44.0,2.0,28.1,11.0,12.0,3.9,61.0,0.7,351.0,60.0
115934,0,75.0,2.0,23.1,22.0,24.0,4.1,63.0,0.5,244.0,99.0
115935,1,57.0,1.0,37.3,42.0,29.0,4.5,99.0,0.7,201.0,37.0
115936,0,70.0,2.0,29.8,19.0,26.0,3.8,90.0,0.2,244.0,64.0
115939,0,55.0,1.0,36.6,32.0,24.0,3.9,67.0,0.8,218.0,34.0
115942,0,73.0,1.0,26.3,38.0,35.0,3.8,51.0,0.6,320.0,45.0
115943,0,74.0,2.0,29.4,25.0,30.0,4.0,72.0,0.4,204.0,69.0
115950,0,44.0,2.0,38.8,26.0,24.0,3.9,118.0,0.3,180.0,76.0
115951,0,48.0,2.0,28.5,10.0,15.0,4.5,85.0,0.4,234.0,63.0
115953,1,34.0,2.0,52.2,60.0,54.0,3.9,90.0,0.5,264.0,35.0
115955,1,53.0,2.0,40.6,32.0,29.0,4.4,116.0,0.6,341.0,39.0
115957,0,80.0,1.0,26.4,14.0,19.0,4.5,65.0,0.6,392.0,63.0
115958,0,38.0,2.0,40.6,35.644906244133885,13.33120836819809,3.8958035247954594,80.42576657747506,0.6075635462966258,221.0,33.0
115959,0,20.0,1.0,20.5,11.0,18.0,4.6,87.0,1.0,150.0,48.0
115961,0,52.0,1.0,36.4,24.0,20.0,4.3,79.0,0.4,216.0,32.0
115963,0,79.0,1.0,23.7,20.0,19.0,4.4,60.0,0.5,189.0,54.0
115965,0,68.0,2.0,32.6,18.0,22.0,4.4,63.0,0.3,200.0,71.0
115968,0,74.0,2.0,25.2,14.0,15.0,4.1,79.0,0.5,208.0,59.0
115969,0,56.0,2.0,33.9,117.0,75.0,4.3,127.0,0.4,226.0,72.0
115972,0,74.0,1.0,31.9,12.0,18.0,4.2,67.0,0.3,228.0,36.0
115976,0,37.0,2.0,24.5,26.94384110017129,29.19577658241387,4.449975383833318,100.42007061256388,0.3757426250849659,197.1638670448953,78.94070488308645
115978,0,40.0,1.0,33.9,32.0,23.0,4.5,49.0,0.7,248.0,48.0
115983,0,72.0,2.0,29.5,22.0,25.0,4.1,72.0,0.3,214.0,61.0
115985,1,66.0,1.0,32.0,8.0,8.0,4.2,79.0,0.5,275.0,40.0
115986,0,55.0,2.0,39.4,14.0,19.0,4.4,92.0,0.3,142.0,57.0
115988,0,57.0,2.0,28.7,32.0,24.0,3.8,51.0,0.5,333.0,46.0
115989,0,64.0,1.0,27.7,14.0,13.0,4.0,114.0,1.1,230.0,68.0
115990,0,29.0,1.0,23.8,12.0,20.0,4.7,46.0,1.1,275.0,54.0
115993,0,67.0,1.0,28.6,30.0,26.0,4.2,48.0,0.3,210.0,52.0
115994,0,64.0,1.0,30.4,37.0,29.0,4.3,89.0,1.0,247.0,59.0
115995,1,49.0,1.0,39.4,19.0,17.0,4.3,65.0,0.6,188.0,46.0
115996,0,74.0,1.0,37.9,37.0,24.0,3.5,150.0,0.5,122.0,49.0
115998,0,44.0,2.0,19.6,20.0,26.0,4.2,59.0,0.4,262.0,72.0
115999,0,42.0,1.0,27.7,42.90509148273002,45.0031504980489,4.530192995891476,18.71782496297611,0.44302315072973925,245.05210731095738,32.81093499483881
116000,0,19.0,2.0,36.7,18.0,20.0,3.9,60.0,0.3,344.0,55.0
116001,0,45.0,2.0,34.2,18.0,13.0,4.0,95.0,0.3,318.0,41.0
116002,0,20.0,1.0,20.0,12.0,18.0,4.8,62.0,0.5,159.0,60.0
116003,0,25.0,2.0,26.1,3.0,13.0,4.2,64.0,0.4,271.0,58.0
116004,0,55.0,2.0,25.6,11.0,13.0,4.2,56.0,0.3,274.0,80.0
116005,1,38.0,1.0,39.9,14.0,19.0,4.3,71.0,0.4,255.0,39.0
116008,1,77.0,2.0,33.5,15.0,18.0,4.3,67.0,0.6,215.0,42.0
116009,0,46.0,2.0,33.9,16.57998248757579,19.022206633526135,4.066898479057904,38.39022976835026,0.31639387536373553,203.07261303222197,68.53220619266648
116010,1,73.0,2.0,30.7,53.0,39.0,4.0,81.0,0.3,265.0,49.0
116012,0,60.0,2.0,24.3,23.0,15.0,3.8,146.0,0.4,301.0,45.0
116013,0,58.0,2.0,39.1,25.0,17.0,4.3,81.0,0.2,323.0,37.0
116014,0,34.0,1.0,23.3,16.0,19.0,4.1,88.0,0.3,286.0,51.0
116018,0,73.0,1.0,26.1,18.0,19.0,3.4,100.0,0.4,173.0,53.0
116019,0,63.0,2.0,23.0,14.0,16.0,4.8,52.0,2.3,190.0,48.0
116021,0,59.0,1.0,19.5,12.0,16.0,4.3,53.0,0.3,240.0,48.0
116022,0,34.0,1.0,32.1,26.0,19.0,4.3,81.0,0.3,354.0,31.0
116026,0,18.0,1.0,21.4,10.0,20.0,4.7,100.0,0.4,259.0,77.0
116027,0,59.0,1.0,27.8,27.0,20.0,4.2,140.0,0.5,220.0,32.0
116028,0,43.0,2.0,36.2,12.0,15.0,3.7,42.0,0.3,304.0,31.0
116029,0,26.0,1.0,35.5,50.0,30.0,4.1,54.0,1.5,207.0,41.0
116030,0,70.0,1.0,24.1,17.0,20.0,4.1,60.0,0.4,176.0,49.0
116031,0,29.0,1.0,28.4,38.0,29.0,5.2,96.0,0.6,228.0,54.0
116035,0,19.0,1.0,18.7,26.0,24.0,4.4,79.0,0.6,220.0,60.0
116036,0,59.0,2.0,31.4,43.0,27.0,4.3,124.0,0.3,232.0,93.0
116038,0,68.0,1.0,27.0,20.0,26.0,4.7,85.0,0.6,225.0,43.0
116041,1,69.0,1.0,27.8,15.0,26.0,3.3,31.0,0.3,190.0,47.0
116042,0,19.0,1.0,21.4,19.0,22.0,5.1,76.0,0.7,237.0,60.0
116043,0,80.0,1.0,29.6,14.0,20.0,4.3,62.0,0.4,162.0,43.0
116044,0,75.0,2.0,20.8,23.0,23.0,3.4,139.0,0.2,188.0,77.0
116045,0,30.0,1.0,26.4,16.0,19.0,4.4,85.0,0.4,207.0,73.0
116046,0,18.0,2.0,23.7,18.0,24.0,3.5,71.0,0.3,215.0,57.0
116050,0,45.0,1.0,24.5,22.0,20.0,4.4,83.0,0.4,192.0,49.0
116052,1,33.0,1.0,40.3,50.0,45.0,4.2,88.0,0.4,237.0,29.0
116053,0,19.0,1.0,23.8,15.0,16.0,4.9,74.0,1.1,241.0,49.0
116056,0,70.0,2.0,28.7,22.0,27.0,4.1,113.0,0.3,301.0,70.0
116057,0,79.0,1.0,26.1,16.0,18.0,3.9,121.0,0.2,368.0,62.0
116061,0,74.0,1.0,26.4,15.0,16.0,4.2,79.0,0.5,249.0,61.0
116062,0,40.0,1.0,25.8,53.0,30.0,4.4,109.0,0.8,241.0,34.0
116065,1,56.0,1.0,37.1,24.0,17.0,4.1,90.0,0.3,170.0,43.0
116067,0,44.0,2.0,35.0,57.0,40.0,4.5,78.0,0.5,238.0,54.0
116070,0,70.0,2.0,34.5,8.0,13.0,4.0,60.0,0.4,259.0,44.0
116071,0,29.0,2.0,19.2,14.0,16.0,4.2,53.0,0.3,317.0,62.0
116072,0,30.0,1.0,22.0,10.0,14.0,4.6,75.0,0.6,213.0,75.0
116073,0,53.0,1.0,33.2,17.0,16.0,4.0,108.0,0.2,336.0,35.0
116074,0,27.0,2.0,27.2,10.0,16.0,4.4,53.0,1.0,346.0,69.0
116075,0,38.0,2.0,31.7,10.0,14.0,3.4,61.0,0.2,392.0,62.0
116076,0,32.0,2.0,34.4,22.0,18.0,4.1,83.0,0.3,214.0,35.0
116077,0,57.0,1.0,27.3,22.0,18.0,4.1,90.0,0.6,179.0,34.0
116078,0,27.0,1.0,32.3,16.0,19.0,4.3,73.0,0.2,182.0,52.0
116079,0,38.0,1.0,32.8,46.0,35.0,4.3,76.0,0.3,230.0,40.0
116084,0,54.0,2.0,18.5,15.0,18.0,3.0,118.0,0.3,223.0,59.0
116085,0,44.0,1.0,24.5,20.058537390179175,11.320371127233045,4.24999766775639,87.75447378959247,0.567830880732499,281.0,47.62112411796292
116088,0,33.0,1.0,23.9,30.0,29.0,4.5,83.0,0.6,327.0,59.0
116089,0,20.0,1.0,27.6,22.0,14.0,4.5,66.0,0.5,261.0,40.0
116090,0,32.0,2.0,28.1,10.0,14.0,4.0,63.0,0.5,312.0,72.0
116094,0,42.0,1.0,32.5,32.0,17.0,4.6,41.0,0.6,216.0,32.0
116097,0,35.0,1.0,33.2,56.0,32.0,3.7,80.0,0.6,205.0,39.0
116099,0,41.0,2.0,36.5,50.0,32.0,4.0,93.0,0.2,336.0,41.0
116101,0,80.0,1.0,24.8,14.0,17.0,4.1,80.0,0.3,257.0,81.0
116103,0,42.0,2.0,39.0,15.0,18.0,4.0,50.0,0.3,283.0,48.0
116104,0,53.0,2.0,23.9,11.0,16.0,4.1,65.0,0.4,274.0,88.0
116107,0,74.0,2.0,21.3,6.0,29.0,3.4,67.0,0.7,264.0,63.0
116109,0,54.0,2.0,43.8,25.0,27.0,3.2,48.0,0.3,237.0,54.0
116110,0,39.0,2.0,25.4,16.0,20.0,4.6,46.0,0.4,326.0,101.0
116112,0,63.0,2.0,38.2,14.0,13.0,4.1,56.0,0.3,242.0,93.0
116113,0,46.0,1.0,22.3,16.0,19.0,4.6,77.0,1.3,286.0,48.0
116114,0,44.0,2.0,23.6,13.0,18.0,3.4,84.0,0.2,292.0,81.0
116115,0,42.0,2.0,30.3,9.956796772728515,21.065959061601237,3.872196854921556,147.1527162999239,0.2776279581048528,277.6544218961414,68.57618609619274
116116,0,23.0,1.0,38.4,43.0,20.0,4.0,82.0,0.4,316.0,36.0
116118,0,56.0,2.0,23.6,11.0,17.0,4.3,81.0,0.5,210.0,111.0
116120,0,71.0,2.0,27.0,28.0,28.0,3.9,81.0,0.4,429.0,33.0
116121,0,34.0,2.0,30.3,10.0,15.0,3.7,63.0,0.2,220.0,71.0
116125,0,69.0,1.0,25.1,10.0,19.0,4.0,64.0,0.5,222.0,64.0
116127,0,73.0,1.0,32.7,28.0,36.0,4.3,36.0,0.5,154.0,50.0
116129,1,62.0,1.0,29.8,21.0,19.0,3.9,86.0,0.3,207.0,51.0
116131,0,38.0,1.0,32.9,30.0,23.0,4.0,90.0,0.3,305.0,34.0
116133,0,44.0,2.0,28.5,15.0,19.0,4.3,44.0,0.2,387.0,47.0
116135,0,75.0,1.0,31.2,16.0,13.0,3.7,62.0,0.3,230.0,44.0
116138,0,71.0,2.0,25.3,8.0,17.0,3.7,81.0,0.3,174.0,84.0
116140,0,38.0,1.0,41.1,33.0,24.0,4.3,100.0,0.4,221.0,46.0
116141,0,59.0,1.0,27.9,18.0,19.0,4.5,61.0,0.6,213.0,47.0
116142,0,46.0,1.0,25.0,24.0,19.0,4.3,69.0,0.3,282.0,40.0
116144,1,67.0,1.0,41.1,22.0,19.0,4.4,62.0,0.4,107.0,48.0
116145,0,31.0,2.0,24.1,17.0,13.0,4.7,71.0,0.4,133.0,41.0
116147,0,38.0,1.0,32.3,30.0,24.0,4.4,69.0,0.4,278.0,37.0
116148,0,40.0,2.0,42.4,35.0,23.0,3.5,58.0,0.4,279.0,66.0
116151,0,48.0,1.0,31.2,21.0,18.0,4.8,90.0,0.3,263.0,44.0
116152,0,31.0,1.0,22.3,18.0,14.0,4.6,32.0,0.4,221.0,58.0
116153,0,57.0,2.0,16.8,22.0,20.0,4.2,95.0,0.5,257.0,62.0
116157,1,52.0,2.0,25.6,20.0,25.0,4.1,62.0,0.4,147.0,94.0
116160,1,38.0,2.0,36.1,131.0,108.0,3.9,149.0,0.3,231.0,38.0
116164,0,33.0,2.0,32.5,16.0,15.0,3.7,113.0,0.2,298.0,50.0
116165,0,60.0,2.0,35.9,21.0,27.531116156616218,4.0,95.0,0.3,200.0,76.0
116166,0,57.0,1.0,26.6,27.0,29.0,3.9,62.0,0.5,247.0,72.0
116167,0,52.0,2.0,24.5,14.0,12.0,4.4,75.0,0.2,364.0,61.0
116169,0,57.0,2.0,32.6,29.0,18.0,4.0,48.0,0.2,291.0,47.0
116171,0,33.0,1.0,21.8,14.0,16.0,4.6,52.0,0.6,259.0,48.0
116174,0,50.0,2.0,28.5,41.0,42.0,4.0,72.0,0.3,243.0,93.0
116177,0,34.0,1.0,22.4,19.179616138434035,20.847732353230306,4.864070888280319,122.23605166769693,0.8075111464406718,235.57190204967125,35.324406076125484
116178,0,20.0,1.0,21.6,15.0,17.0,4.6,55.0,0.5,161.0,49.0
116180,0,33.0,1.0,23.8,17.0,19.0,4.6,73.0,0.8,205.0,50.0
116181,0,45.0,1.0,27.3,26.0,20.0,4.1,99.0,0.7,267.0,41.0
116182,0,18.0,2.0,18.5,9.0,17.0,5.1,78.0,0.5,280.0,72.0
116183,0,38.0,2.0,31.7,11.0,14.0,4.1,55.0,0.4,239.0,62.0
116184,0,33.0,1.0,25.7,37.0,33.0,4.1,93.0,0.2,227.0,48.0
116186,0,32.0,1.0,30.2,22.0,22.0,4.1,63.0,0.3,229.0,55.0
116187,0,65.0,2.0,32.5,29.0,34.0,4.0,71.0,0.5,231.0,68.0
116190,0,23.0,1.0,26.5,7.0,16.0,4.6,74.0,0.3,198.0,41.0
116196,0,57.0,2.0,41.0,17.0,18.0,3.8,104.0,0.5,154.0,35.0
116201,0,18.0,1.0,26.1,9.0,18.0,4.1,69.0,0.9,209.0,64.0
116202,0,31.0,1.0,39.6,24.0,22.0,4.1,85.0,0.4,265.0,56.0
116203,0,61.0,2.0,42.4,17.0,21.0,3.8,132.0,0.3,166.0,49.0
116205,0,36.0,1.0,25.2,16.0,23.0,3.1,68.0,0.1,121.0,52.0
116206,0,64.0,1.0,22.4,17.0,20.0,4.2,73.0,0.4,222.0,54.0
116207,0,34.0,2.0,43.6,13.0,17.0,3.9,37.0,0.1,260.0,61.0
116208,0,67.0,1.0,24.1,15.0,14.0,4.0,85.0,0.4,255.0,34.0
116210,0,52.0,2.0,39.4,24.0,19.0,3.8,70.0,0.3,297.0,40.0
116211,0,60.0,2.0,34.5,22.0,15.0,4.1,176.0,0.3,224.0,35.0
116213,1,62.0,1.0,29.0,16.0,21.0,4.3,75.0,0.7,216.0,39.0
116216,0,80.0,2.0,24.4,9.0,13.0,4.1,90.0,0.3,136.0,43.0
116219,0,22.0,1.0,26.9,17.0,19.0,4.4,47.0,1.2,226.0,48.0
116225,1,43.0,1.0,51.0,30.0,21.0,3.9,64.0,0.4,194.0,37.0
116226,0,25.0,1.0,24.5,15.0,20.0,4.2,68.0,0.4,245.0,44.0
116228,0,30.0,2.0,22.7,11.0,23.0,3.8,38.0,0.2,256.0,66.0
116231,0,19.0,2.0,35.2,10.0,18.0,4.2,68.0,0.5,312.0,35.0
116235,0,19.0,1.0,29.0,33.0,23.0,4.1,104.0,0.4,346.0,60.0
116238,0,47.0,2.0,26.1,15.0,18.0,3.9,68.0,0.3,277.0,47.0
116240,1,74.0,1.0,31.7,28.0,22.0,4.2,70.0,0.6,212.0,39.0
116241,0,28.0,2.0,42.4,47.0,36.0,3.6,85.0,0.3,298.0,38.0
116242,0,42.0,2.0,33.0,6.0,12.0,3.7,69.0,0.2,276.0,50.0
116243,0,60.0,2.0,32.7,18.0,13.0,3.9,75.0,0.1,273.0,48.0
116247,0,27.0,2.0,40.6,40.0,16.0,3.7,69.0,0.3,249.0,39.0
116251,0,60.0,2.0,18.8,15.0,18.0,4.2,79.0,0.1,317.0,109.0
116254,0,62.0,1.0,23.5,28.0,27.0,4.0,91.0,0.7,259.0,41.0
116260,0,36.0,1.0,24.8,49.0,24.0,4.5,76.0,0.4,278.0,32.0
116264,0,39.0,2.0,43.4,14.0,15.0,3.5,63.0,0.2,363.0,60.0
116267,0,56.0,1.0,28.8,25.0,18.0,4.7,63.0,0.6,218.0,55.0
116268,0,56.0,2.0,42.5,27.0,14.0,4.0,100.0,0.7,259.0,54.0
116269,0,34.0,2.0,38.1,16.0,16.0,4.1,92.0,0.6,372.0,55.0
116270,0,55.0,1.0,31.1,21.0,20.0,4.1,75.0,0.8,256.0,41.0
116271,0,52.0,2.0,23.6,12.0,13.0,4.2,82.0,0.4,297.0,46.0
116274,0,45.0,1.0,35.1,58.0,36.0,4.3,100.0,0.5,278.0,36.0
116276,0,49.0,2.0,39.3,10.0,14.0,4.1,116.0,0.2,205.0,64.0
116278,0,44.0,1.0,29.5,11.98459683713873,15.378851806268099,4.582825236215619,108.85656564923372,1.0291846283821349,270.63096934414017,34.13009841135616
116280,1,69.0,2.0,30.0,29.0,20.0,4.0,72.0,0.2,250.0,42.0
116281,1,80.0,1.0,29.8,18.0,20.0,4.0,53.0,0.7,248.0,36.0
116283,0,52.0,1.0,25.2,17.0,17.0,4.1,82.0,0.6,176.0,59.0
116284,0,32.0,1.0,33.1,31.0,20.0,4.1,65.0,0.3,235.0,38.0
116286,0,58.0,1.0,27.5,15.0,23.0,4.6,92.0,0.8,268.0,89.0
116287,0,47.0,2.0,24.8,19.0,16.0,3.7,68.0,0.8,444.0,50.0
116290,0,31.0,2.0,22.8,12.0,16.0,3.8,73.0,0.6,272.0,50.0
116291,0,48.0,2.0,21.9,16.0,19.0,4.4,58.0,0.2,256.0,75.0
116292,0,50.0,1.0,24.2,17.0,14.0,3.9,75.0,0.4,174.0,44.0
116293,0,43.0,2.0,17.6,6.0,16.0,4.1,46.0,0.1,227.0,48.0
116294,0,29.0,2.0,23.8,10.0,13.0,3.7,68.0,0.3,272.0,60.0
116295,0,78.0,2.0,21.1,9.0,20.0,4.1,86.0,0.4,186.0,81.0
116296,0,19.0,1.0,24.0,22.0,18.0,5.1,92.0,0.8,289.0,42.0
116299,0,58.0,2.0,26.0,34.0,24.0,3.8,60.0,0.5,196.0,60.0
116300,0,34.0,1.0,23.4,29.0,29.0,4.7,61.0,0.2,251.0,55.0
116302,0,29.0,1.0,23.9,14.0,18.0,4.1,67.0,1.1,220.0,41.0
116303,0,64.0,2.0,33.3,22.0,20.0,4.2,112.0,0.3,243.0,35.0
116305,0,26.0,1.0,19.9,9.0,13.0,4.1,57.0,0.4,203.0,55.0
116306,1,25.0,2.0,52.5,20.0,22.0,3.9,84.0,0.1,373.0,30.0
116307,0,80.0,1.0,22.5,17.0,20.0,3.9,75.0,0.5,141.0,54.0
116310,0,42.0,1.0,29.8,48.0,32.0,4.1,87.0,0.3,178.0,47.37140617706309
116313,0,72.0,2.0,23.0,31.0,32.0,3.6,171.0,0.2,193.0,64.0
116314,0,35.0,2.0,17.0,17.0,19.0,4.3,65.0,0.9,205.0,80.0
116315,0,68.0,1.0,22.0,42.0,18.0,3.8,92.0,0.2,221.0,45.0
116319,0,45.0,1.0,39.0,47.0,24.0,3.9,132.0,0.4,348.0,44.0
116320,0,47.0,1.0,24.2,34.0,23.0,4.4,77.0,0.3,222.0,38.0
116322,0,59.0,2.0,27.6,20.0,23.0,4.1,65.0,0.3,228.0,70.0
116325,1,62.0,1.0,43.3,16.0,16.0,4.0,81.0,0.5,231.0,66.0
116327,0,51.0,1.0,26.5,16.0,19.0,4.6,58.0,0.3,229.0,93.0
116330,0,41.0,1.0,25.8,19.0,18.0,4.6,50.0,0.4,273.0,52.0
116335,1,61.0,1.0,36.9,9.0,11.0,4.1,77.0,0.4,334.0,36.0
116336,0,40.0,2.0,32.0,17.0,17.0,3.6,81.0,0.3,271.0,42.0
116338,0,18.0,2.0,38.2,7.0,12.0,3.7,148.0,0.2,346.0,53.0
116339,0,69.0,1.0,35.4,24.0,17.0,4.1,89.0,0.4,161.0,38.0
116341,0,80.0,2.0,22.9,12.0,17.0,3.9,53.0,0.4,246.0,81.0
116342,0,23.0,1.0,17.9,46.92523685565139,37.690097787026325,4.4390387640458195,73.54682888643774,1.0331876777832143,206.0,59.42045638364065
116344,0,80.0,1.0,23.9,15.0,15.0,4.5,82.0,1.7,244.0,68.0
116345,1,50.0,2.0,25.8,20.0,27.0,4.2,47.0,0.2,248.0,37.0
116346,0,72.0,1.0,35.2,31.7378699257403,22.08812305893314,4.171896236590475,92.23093900183923,0.6605022953943103,304.3433892837253,19.407187982933177
116347,1,79.0,1.0,33.8,47.0,60.0,4.2,33.0,0.4,141.0,36.0
116348,0,47.0,2.0,27.8,6.0,13.0,3.9,57.0,0.2,493.0,48.0
116351,0,63.0,2.0,38.3,16.0,12.0,3.7,46.0,0.4,287.0,66.0
116352,0,26.0,1.0,22.4,25.0,25.0,4.6,57.0,0.4,201.0,53.0
116354,1,56.0,2.0,49.2,16.0,21.0,3.7,80.0,0.3,277.0,54.0
116355,0,42.0,2.0,21.2,17.0,21.0,4.4,63.0,0.6,244.0,76.0
116356,0,18.0,2.0,23.3,8.0,14.0,4.5,46.0,0.5,227.0,76.0
116357,0,55.0,2.0,26.6,15.0,14.0,4.3,95.0,0.4,230.0,55.0
116360,0,48.0,1.0,26.4,18.0,18.0,4.3,68.0,2.3,210.0,69.0
116362,0,23.0,1.0,38.2,87.0,69.0,4.5,69.0,0.6,324.0,41.0
116372,1,18.0,1.0,19.5,8.0,22.0,4.4,183.0,0.6,193.0,58.0
116373,0,71.0,1.0,21.7,12.0,14.0,3.7,67.0,0.4,393.0,40.0
116374,0,52.0,1.0,20.8,21.0,18.0,4.5,57.0,0.6,144.0,55.0
116375,1,54.0,1.0,31.5,49.0,32.0,4.2,74.0,0.9,224.0,34.0
116376,0,80.0,1.0,33.0,24.0,21.0,3.8,80.0,0.6,209.0,43.0
116378,1,55.0,1.0,29.4,26.0,23.0,4.1,62.0,0.3,284.0,41.0
116380,0,57.0,1.0,26.4,22.0,13.0,3.8,149.0,0.1,391.0,38.0
116381,0,59.0,1.0,26.2,46.0,31.0,4.2,54.0,0.9,172.0,39.0
116382,0,36.0,1.0,28.7,26.0,18.0,4.0,87.0,0.3,289.0,25.0
116383,0,67.0,2.0,31.9,10.0,15.0,4.2,70.0,0.3,209.0,72.0
116384,0,61.0,2.0,29.9,10.0,7.0,4.0,81.0,0.3,317.0,46.0
116386,0,20.0,1.0,32.7,23.0,18.0,4.3,103.0,0.6,258.0,34.0
116387,0,56.0,2.0,37.0,10.0,10.0,2.8,137.0,0.1,339.0,46.0
116389,0,75.0,2.0,48.7,43.0,32.0,4.0,86.0,0.3,244.0,54.0
116390,0,80.0,2.0,33.7,13.0,21.0,3.7,40.0,0.8,178.0,67.0
116397,0,74.0,2.0,17.5,38.0,38.0,4.3,66.0,0.6,137.0,57.0
116398,0,28.0,2.0,22.6,11.0,16.0,4.4,87.0,0.5,245.0,50.0
116400,0,80.0,1.0,24.2,13.664250308587473,-9.306903590309151,4.286917302429232,57.27027762245271,0.5794477825182222,253.0,56.00759749176105
116404,0,70.0,2.0,24.7,13.0,24.0,3.9,121.0,0.4,243.0,70.0
116405,0,66.0,2.0,31.0,16.0,16.0,4.0,68.0,0.2,313.0,61.0
116406,0,60.0,1.0,29.2,19.0,17.0,4.2,45.0,0.4,381.0,47.0
116407,0,49.0,2.0,39.0,12.0,18.0,3.7,100.0,0.2,336.0,47.0
116410,0,20.0,2.0,32.6,19.0,19.0,4.1,82.0,0.5,291.0,44.0
116415,0,50.0,2.0,29.7,21.0,19.0,3.8,70.0,0.4,269.0,52.0
116417,0,27.0,2.0,32.8,20.0,19.0,4.2,60.0,0.8,342.0,49.0
116420,1,25.0,1.0,38.7,40.0,22.0,4.5,60.0,0.4,336.0,43.0
116421,0,69.0,1.0,26.8,14.0,21.0,3.7,54.0,0.3,208.0,38.0
116423,0,65.0,2.0,27.7,19.0,22.0,4.2,75.0,0.5,250.0,131.0
116424,0,37.0,1.0,23.1,16.0,21.0,4.6,81.0,0.6,212.0,42.0
116426,0,43.0,2.0,38.5,7.0,11.0,3.7,66.0,0.4,356.0,44.0
116428,0,47.0,1.0,28.6,19.0,18.0,4.2,66.0,0.6,152.0,49.0
116430,0,53.0,1.0,24.6,14.0,14.0,4.4,65.0,0.4,345.0,49.0
116432,0,80.0,1.0,19.7,14.0,21.0,3.7,54.0,0.4,174.0,60.0
116433,0,28.0,2.0,19.0,12.0,19.0,4.5,51.0,0.6,212.0,71.0
116434,0,30.0,2.0,23.8,8.0,11.0,3.7,61.0,0.3,348.0,68.0
116435,0,51.0,2.0,28.9,16.0,24.0,4.2,140.0,0.5,276.0,58.0
116436,0,18.0,2.0,23.5,20.0,26.0,4.4,91.0,0.5,270.0,55.0
116437,1,71.0,1.0,42.4,70.0,73.0,4.6,67.0,1.1,115.0,32.0
116439,0,80.0,2.0,27.4,42.0,38.0,3.5,74.0,0.7,206.0,41.0
116441,0,68.0,1.0,25.2,25.0,20.0,4.2,76.0,0.9,200.0,48.0
116442,0,74.0,1.0,34.9,15.0,13.0,3.9,82.0,0.3,216.0,66.0
116446,0,18.0,2.0,19.5,10.0,14.0,3.9,58.0,0.5,354.0,81.0
116447,0,75.0,1.0,30.4,20.0,19.0,4.1,84.0,2.2,171.0,40.0
116448,0,21.0,2.0,21.9,11.0,17.0,4.5,73.0,0.8,258.0,54.0
116449,0,65.0,2.0,29.7,8.0,13.0,4.0,113.0,0.2,424.0,69.0
116451,0,36.0,2.0,25.8,16.0,19.0,3.6,110.0,0.2,162.0,64.0
116453,1,31.0,2.0,41.7,15.0,17.0,3.8,55.0,0.4,267.0,47.0
116455,0,56.0,2.0,21.0,13.0,30.0,4.3,44.0,0.4,172.0,56.0
116456,0,73.0,1.0,25.9,19.0,15.0,3.9,115.0,0.7,236.0,56.0
116457,0,75.0,2.0,27.9,10.0,19.0,4.4,85.0,0.2,172.0,67.0
116459,0,69.0,1.0,27.2,15.0,20.0,4.2,72.0,0.6,118.0,45.0
116461,0,80.0,1.0,25.7,14.0,19.0,4.1,44.0,0.5,266.0,45.0
116463,0,59.0,1.0,24.9,51.90081854261137,42.57456525383059,4.657173658917895,56.85925230417311,0.954702661725162,188.59693751406542,37.8259116852725
116464,0,48.0,1.0,24.7,81.0,49.0,4.4,88.0,0.6,264.0,38.0
116467,0,55.0,1.0,26.1,24.0,22.0,4.2,83.0,0.4,231.0,39.0
116472,0,64.0,2.0,37.8,16.0,18.0,4.0,75.0,0.5,270.0,47.0
116474,0,72.0,1.0,21.9,18.0,18.0,4.0,58.0,1.2,216.0,61.0
116475,0,33.0,1.0,22.3,12.0,13.0,4.4,72.0,0.8,208.0,55.0
116480,0,43.0,1.0,25.621667706358533,76.0,36.0,4.9,100.0,0.3,205.0,28.0
116483,0,69.0,2.0,21.9,20.714734878921973,40.84885930602472,4.29640017172271,45.34194922837723,0.2781210817894443,387.0,89.46642540629497
116485,0,50.0,1.0,26.2,19.0,19.0,4.1,52.0,0.4,272.0,41.0
116486,0,66.0,1.0,20.2,10.0,19.793052615951144,3.9,87.0,0.4,343.0,52.0
116487,0,48.0,1.0,32.6,18.0,32.0,4.2,60.0,0.7,209.0,87.0
116488,1,72.0,1.0,34.7,15.0,15.0,3.6,96.0,0.4,269.0,42.0
116490,1,36.0,2.0,63.4,11.0,10.0,3.4,88.0,0.3,263.0,38.0
116492,0,20.0,1.0,21.6,13.0,23.0,4.4,61.0,0.6,239.0,51.0
116493,1,67.0,1.0,28.1,12.0,15.0,4.0,64.0,0.7,191.0,60.0
116495,0,55.0,2.0,35.1,13.0,17.0,3.9,79.0,0.2,244.0,73.0
116499,0,53.0,2.0,38.5,38.0,26.0,4.2,84.0,0.3,242.0,48.0
116500,0,50.0,1.0,38.9,17.0,16.0,3.9,87.0,0.3,222.0,39.0
116502,0,70.0,2.0,25.6,11.0,15.0,4.2,77.0,0.8,230.0,93.0
116503,0,69.0,1.0,25.2,22.0,19.0,4.3,69.0,0.6,148.0,52.0
116505,0,20.0,2.0,41.7,11.0,13.0,4.0,61.0,1.2,284.0,40.0
116507,0,53.0,2.0,20.4,12.0,20.0,3.9,80.0,0.5,162.0,57.0
116508,0,37.0,2.0,19.6,9.0,11.0,3.8,34.0,0.4,284.0,79.0
116509,0,49.0,1.0,26.1,26.0,20.0,4.7,86.0,0.4,203.0,42.0
116510,0,55.0,2.0,40.2,11.0,14.0,4.1,60.0,0.6,254.0,66.0
116511,0,58.0,2.0,22.2,10.0,17.0,4.2,126.0,0.3,290.0,64.0
116515,0,18.0,1.0,22.5,46.933882578005935,46.133237283642515,4.286514348566364,85.36178016327841,0.7271069457734789,136.86080690659776,53.49544377840646
116518,0,21.0,1.0,35.1,37.0,23.0,4.4,51.0,0.5,284.0,41.0
116522,0,59.0,1.0,31.2,28.0,21.0,3.9,106.0,0.3,210.0,38.0
116526,1,56.0,1.0,41.7,17.0,13.0,3.7,49.0,0.4,232.0,45.0
116528,0,42.0,2.0,21.0,22.0,24.0,3.9,77.0,0.2,199.0,88.0
116529,0,19.0,2.0,28.5,40.0,27.0,4.0,65.0,0.2,285.0,47.0
116532,0,29.0,2.0,23.9,7.0,13.0,3.9,66.0,0.2,290.0,41.0
116533,0,50.0,2.0,27.7,7.0,14.0,3.5,96.0,0.2,511.0,73.0
116534,0,18.0,1.0,25.3,19.0,19.0,4.5,86.0,0.4,288.0,53.0
116537,0,23.0,1.0,28.7,18.0,17.0,4.6,117.0,0.2,315.0,37.0
116542,0,64.0,1.0,27.9,27.0,22.0,4.2,68.0,0.6,143.0,41.0
116546,0,21.0,1.0,18.8,19.0,22.0,4.1,78.0,0.3,266.0,66.0
116547,0,59.0,2.0,23.4,12.0,17.0,4.2,66.0,0.6,250.0,52.0
116551,0,38.0,2.0,34.4,10.0,13.0,4.0,84.0,0.5,448.0,70.0
116556,0,63.0,2.0,26.1,14.0,19.0,4.1,86.0,0.5,236.0,62.0
116557,0,35.0,1.0,32.8,30.0,39.0,4.6,74.0,0.9,225.0,48.0
116560,0,39.0,1.0,22.7,34.0,25.0,4.3,81.0,0.4,238.0,50.0
116561,0,33.0,1.0,25.1,29.0,16.0,4.4,80.0,0.4,217.0,46.0
116562,0,69.0,1.0,28.8,82.0,47.0,4.5,64.0,1.2,197.0,41.0
116563,0,29.0,1.0,20.9,67.0,61.0,4.2,56.0,0.6,180.0,60.0
116565,0,75.0,2.0,30.2,21.0,23.0,3.4,63.0,0.5,200.0,63.0
116569,0,63.0,1.0,28.5,22.0,25.0,3.9,79.0,0.4,370.0,65.0
116572,0,63.0,1.0,18.6,13.0,20.0,3.9,52.0,0.3,228.0,64.0
116574,0,73.0,2.0,33.2,13.0,20.0,4.2,103.0,0.4,263.0,67.0
116575,0,18.0,2.0,25.1,13.0,16.0,3.8,46.0,0.7,332.0,75.0
116579,0,19.0,2.0,28.6,7.0,17.0,4.0,62.0,0.4,282.0,40.0
116580,0,80.0,2.0,22.7,14.0,21.0,4.0,65.0,0.2,300.0,70.0
116582,1,63.0,1.0,22.1,13.0,14.0,4.1,68.0,0.2,323.0,44.0
116583,0,24.0,1.0,20.8,11.0,25.0,4.3,76.0,0.5,161.0,74.0
116587,0,57.0,1.0,35.6,19.0,21.0,4.4,90.0,0.4,295.0,49.0
116588,0,56.0,1.0,29.7,30.0,23.0,4.3,67.0,1.2,245.0,52.0
116589,0,70.0,1.0,29.4,38.0,36.0,4.3,60.0,0.4,185.0,27.0
116595,0,26.0,2.0,18.7,47.0,33.0,3.8,124.0,0.5,329.0,55.0
116596,0,52.0,1.0,30.6,37.0,30.0,4.3,96.0,0.5,244.0,45.0
116598,1,49.0,1.0,39.3,85.0,46.0,3.8,58.0,0.7,208.0,31.0
116600,0,62.0,1.0,23.8,13.0,16.0,3.7,87.0,0.5,266.0,42.0
116601,0,63.0,1.0,23.4,23.0,25.0,3.8,92.0,0.5,207.0,33.0
116602,0,21.0,1.0,29.1,22.0,22.0,4.2,83.0,0.4,339.0,63.0
116605,0,59.0,2.0,40.4,14.0,13.0,4.0,94.0,0.4,207.0,50.0
116607,0,69.0,2.0,28.5,20.0,22.0,4.0,59.0,0.6,259.0,60.0
116609,0,43.0,1.0,26.7,32.0,24.0,4.4,62.0,0.3,221.0,46.0
116610,0,55.0,2.0,27.3,11.0,16.0,3.9,69.0,0.2,204.0,54.0
116613,0,26.0,1.0,28.8,12.0,14.0,3.9,56.0,0.2,176.0,40.0
116614,0,22.0,1.0,19.3,11.0,14.0,4.3,75.0,0.5,139.0,46.0
116616,0,52.0,1.0,27.8,21.0,16.0,3.9,68.0,0.4,195.0,41.0
116617,0,64.0,1.0,24.3,14.0,21.0,4.0,45.0,0.5,217.0,72.0
116620,0,80.0,1.0,35.5,19.0,21.0,4.3,77.0,0.4,216.0,60.0
116622,0,70.0,1.0,21.0,56.78042138333892,49.88003297092684,4.767608315623091,109.11836595710122,0.9162806320124524,140.28991697139816,46.2264858177982
116623,0,65.0,2.0,35.5,16.0,18.0,3.9,85.0,0.5,344.0,55.0
116625,0,80.0,2.0,27.8,10.0,19.0,3.9,133.0,0.4,208.0,84.0
116627,0,31.0,1.0,37.2,59.0,27.0,4.1,55.0,0.2,276.0,41.0
116629,0,30.0,2.0,23.5,13.0,18.0,4.5,61.0,0.9,171.0,77.0
116631,0,35.0,1.0,26.3,32.0,23.0,4.1,60.0,0.3,268.0,62.0
116632,1,80.0,1.0,32.1,46.0,54.0,3.7,129.0,0.6,128.0,79.0
116633,0,42.0,2.0,23.7,-1.777269726153703,12.869402756630759,4.181288774392097,72.44036158450137,0.6628234464176128,329.4469027824268,51.77820963170551
116634,0,80.0,1.0,27.2,9.0,22.0,3.8,67.0,0.8,214.0,46.0
116635,0,47.0,2.0,26.8,4.0,13.0,4.1,59.0,0.4,333.0,61.0
116642,0,73.0,2.0,25.7,13.220610893221606,21.408707194571228,3.6967287102963007,89.68447424709328,0.5050720670094171,245.0,56.0
116643,0,41.0,1.0,31.9,43.55766556455698,28.384637650661787,3.296693289517664,83.73385488444701,0.05927965896555698,310.77812993247477,42.09110914905553
116644,0,20.0,1.0,22.9,34.0,40.0,4.0,71.0,0.1,289.0,71.0
116646,0,60.0,2.0,26.2,12.0,17.0,4.1,102.0,0.7,262.0,58.0
116649,0,56.0,2.0,24.3,21.0,23.0,4.1,67.0,0.2,318.0,42.0
116650,1,58.0,2.0,23.1,57.0,43.0,4.1,84.0,0.3,194.0,41.0
116652,0,53.0,2.0,35.0,46.23394173019252,44.23981661038345,3.3842846504660065,29.241037625550717,0.2788321997746665,215.1607203846512,80.48791006173752
116654,0,50.0,2.0,36.9,16.0,23.0,4.5,86.0,0.2,199.0,71.0
116655,0,41.0,1.0,28.2,28.0,26.0,4.1,51.0,0.4,254.0,41.0
116656,0,40.0,1.0,29.4,27.0,30.0,4.6,70.0,0.4,308.0,60.0
116657,0,49.0,2.0,24.5,17.0,26.0,4.3,54.0,0.3,246.0,61.0
116660,0,63.0,2.0,22.6,27.0,22.0,4.4,23.0,0.5,225.0,82.0
116662,0,69.0,2.0,36.2,15.0,19.0,4.1,91.0,0.3,299.0,75.0
116664,0,18.0,2.0,22.3,10.0,16.0,4.6,72.0,0.6,267.0,70.0
116666,1,60.0,1.0,50.3,19.0,20.0,3.7,86.0,0.3,289.0,41.0
116667,0,62.0,1.0,19.5,18.0,16.0,3.5,89.0,0.2,196.0,60.0
116668,0,22.0,1.0,33.0,34.0,20.0,4.0,75.0,0.2,258.0,34.0
116672,0,30.0,2.0,35.5,35.0,24.0,4.2,79.0,0.3,250.0,45.0
116673,0,49.0,2.0,35.7,81.0,43.0,4.1,74.0,0.4,180.0,37.0
116675,0,42.0,2.0,61.2,10.0,12.0,3.6,66.0,0.3,348.0,67.0
116677,0,50.0,1.0,26.0,14.0,17.0,3.1,64.0,0.3,351.0,38.0
116678,0,20.0,2.0,17.5,9.0,13.0,4.3,61.0,0.7,220.0,60.0
116680,0,46.0,2.0,30.2,19.0,15.0,4.0,104.0,0.3,318.0,31.0
116684,0,21.0,1.0,32.0,19.89361751133203,4.5936864995574975,4.889327964132542,75.14819783991072,0.41322036865077594,205.0,42.438176945234424
116691,0,53.0,2.0,28.8,23.0,24.0,3.7,94.0,0.2,331.0,60.0
116693,0,72.0,1.0,28.2,20.0,20.0,4.0,58.0,1.1,209.0,51.0
116694,0,57.0,2.0,27.7,19.0,18.0,3.8,98.0,0.6,266.0,65.0
116698,0,49.0,2.0,34.0,11.0,17.0,4.2,93.0,0.2,311.0,41.0
116699,0,51.0,1.0,25.6,32.0,26.0,4.1,92.0,0.4,205.0,64.0
116700,0,24.0,2.0,35.8,39.0,28.0,3.8,66.0,0.3,428.0,36.0
116703,0,42.0,2.0,33.0,7.0,10.0,3.6,47.0,0.1,327.0,54.0
116704,0,29.0,2.0,27.0,17.0,14.0,3.8,64.0,0.1,251.0,65.0
116705,0,21.0,1.0,23.6,12.0,20.0,4.5,70.0,0.4,217.0,63.0
116706,0,42.0,2.0,37.2,15.0,14.0,3.8,94.0,0.2,305.0,42.0
116707,0,65.0,2.0,32.2,16.0,17.0,3.2,90.0,0.3,414.0,48.0
116709,0,74.0,2.0,31.0,12.0,19.0,3.9,156.0,0.4,166.0,47.0
116710,0,67.0,1.0,35.3,28.0,27.0,4.0,101.0,0.3,251.0,37.0
116713,0,47.0,2.0,27.5,9.0,12.0,3.9,49.0,0.1,295.0,55.0
116716,0,38.0,1.0,28.3,25.0,21.0,4.3,132.0,0.5,146.0,26.0
116721,0,35.0,2.0,26.9,30.0,34.0,4.0,67.0,0.2,320.0,58.0
116724,1,43.0,2.0,42.8,32.0,22.0,3.7,94.0,0.4,499.0,51.0
116725,0,24.0,1.0,34.2,24.0,17.0,4.2,54.0,0.4,131.0,65.0
116727,0,31.0,2.0,26.6,10.0,16.0,4.2,66.0,0.3,213.0,45.0
116728,0,59.0,2.0,25.5,17.0,21.0,4.0,77.0,0.3,280.0,30.0
116730,0,64.0,1.0,28.5,37.0,30.0,4.3,72.0,0.4,333.0,54.0
116734,0,56.0,2.0,33.3,23.0,18.0,4.1,106.0,0.4,282.0,69.0
116739,0,69.0,2.0,20.9,16.0,26.0,4.6,66.0,0.4,216.0,99.0
116741,0,22.0,1.0,41.0,56.0,47.0,3.7,73.0,0.1,209.0,48.0
116744,0,24.0,2.0,18.0,10.0,14.0,4.2,46.0,0.2,248.0,93.0
116745,0,46.0,1.0,30.6,27.0,16.0,3.9,108.0,0.2,253.0,46.0
116747,0,59.0,2.0,23.1,13.0,18.0,4.6,75.0,0.5,154.0,75.0
116749,0,19.0,1.0,38.8,74.0,29.0,4.4,59.0,0.6,357.0,33.0
116750,0,39.0,2.0,24.2,10.0,18.0,4.4,60.0,0.8,225.0,82.0
116756,0,34.0,1.0,45.4,39.0,28.0,4.2,78.0,0.5,241.0,40.0
116757,1,50.0,1.0,38.2,58.0,37.0,4.0,98.0,0.5,157.0,37.0
116760,0,55.0,2.0,24.2,64.0,42.0,4.7,88.0,0.5,160.0,77.0
116761,0,30.0,2.0,28.1,13.0,15.0,4.4,79.0,0.2,366.0,48.0
116762,0,61.0,2.0,43.4,22.0,20.0,4.3,103.0,0.2,189.0,68.0
116764,0,69.0,2.0,34.9,21.0,28.0,4.1,77.0,0.3,138.0,114.0
116766,1,51.0,2.0,31.4,37.0,35.0,3.6,49.0,0.3,196.0,72.0
116767,0,26.0,1.0,23.8,13.0,15.0,4.5,71.0,0.7,115.0,59.0
116768,0,22.0,2.0,19.8,8.0,15.0,3.8,57.0,0.2,267.0,67.0
116769,0,40.0,2.0,26.7,14.0,19.0,4.1,62.0,0.4,239.0,37.0
116770,0,69.0,2.0,35.2,17.0,21.0,4.1,63.0,0.2,268.0,60.0
116773,0,52.0,1.0,29.9,23.0,20.0,4.2,60.0,0.4,228.0,41.0
116776,0,52.0,1.0,30.3,65.0,33.0,4.3,63.0,1.0,208.0,30.0
116780,0,52.0,1.0,27.9,14.0,12.0,4.1,76.0,0.3,210.0,43.0
116782,0,28.0,2.0,28.2,15.0,17.0,3.8,88.0,0.1,358.0,40.0
116783,1,65.0,1.0,21.8,27.0,53.0,3.9,73.0,0.3,146.0,56.0
116784,0,54.0,1.0,29.5,23.0,17.0,3.9,94.0,0.6,235.0,42.0
116785,0,49.0,1.0,23.8,26.0,21.0,4.4,91.0,0.5,256.0,35.0
116786,0,55.0,1.0,27.9,24.0,18.0,4.2,71.0,0.6,237.0,35.0
116791,0,62.0,2.0,34.5,19.0,19.0,3.8,69.0,0.4,313.0,52.0
116794,1,65.0,1.0,34.1,27.0,21.0,4.1,155.0,1.1,223.0,32.0
116796,0,31.0,2.0,20.2,11.0,14.0,4.2,30.0,0.5,221.0,76.0
116799,0,57.0,2.0,44.3,7.0,12.0,3.7,99.0,0.2,216.0,37.0
116802,1,59.0,2.0,25.4,29.0,46.0,3.5,162.0,2.5,49.0,63.0
116806,0,49.0,2.0,34.8,21.0,21.0,4.0,120.0,0.2,306.0,48.0
116807,0,78.0,1.0,23.8,12.0,16.0,4.2,51.0,0.4,133.0,64.0
116808,0,33.0,2.0,29.0,13.0,13.0,3.3,79.0,0.3,354.0,65.0
116809,0,80.0,1.0,26.3,3.0,15.0,4.2,58.0,0.6,177.0,54.0
116810,0,24.0,1.0,23.2,20.0,17.0,4.7,37.0,1.4,190.0,60.0
116812,0,27.0,2.0,25.2,18.0,21.0,4.5,65.0,0.3,251.0,56.0
116813,0,21.0,1.0,26.5,32.0,22.0,4.4,79.0,0.5,232.0,53.0
116814,0,48.0,2.0,36.0,15.0,14.0,3.8,120.0,0.4,495.0,39.0
116816,0,76.0,1.0,24.8,16.0,19.0,3.9,69.0,0.4,270.0,33.0
116819,0,51.0,1.0,32.2,32.0,21.0,4.3,80.0,0.3,255.0,47.0
116820,0,40.0,2.0,28.5,13.0,12.0,4.0,79.0,0.5,257.0,46.0
116822,0,20.0,2.0,19.0,13.0,15.0,4.4,47.0,0.5,161.0,62.0
116823,0,79.0,2.0,23.8,12.0,17.0,4.0,63.0,0.4,217.0,67.0
116824,0,80.0,2.0,31.5,11.0,14.0,3.9,59.0,0.3,202.0,68.0
116826,0,46.0,1.0,23.9,58.0,44.0,4.4,117.0,0.4,216.0,31.0
116831,0,67.0,2.0,26.4,24.0,20.0,4.1,62.0,0.5,202.0,66.0
116833,0,30.0,2.0,26.1,19.0,20.0,4.3,72.0,0.2,203.0,39.0
116834,0,30.0,1.0,34.2,22.0,32.0,4.8,64.0,1.4,110.0,53.0
116836,0,48.0,2.0,45.1,8.0,10.0,3.4,58.0,0.3,337.0,63.0
116843,0,35.0,2.0,24.4,11.0,15.0,4.1,76.0,0.1,254.0,81.0
116844,0,27.0,2.0,21.6,10.0,14.0,4.0,66.0,0.5,238.0,75.0
116846,0,52.0,1.0,29.2,15.0,18.0,3.8,101.0,0.8,306.0,34.0
116847,0,27.0,1.0,33.1,58.0,34.0,4.4,101.0,0.2,335.0,34.0
116850,0,48.0,1.0,30.9,34.88779257262109,21.994483864204447,4.389002694818316,88.31659369035503,0.39223591989759726,243.0,50.0
116855,1,67.0,2.0,34.0,25.0,33.0,3.9,101.0,0.3,246.0,66.0
116857,0,70.0,2.0,22.0,16.0,25.0,3.6,66.0,0.4,162.0,68.0
116858,1,53.0,1.0,18.0,21.463548667667208,37.91704919438739,4.460738355641423,69.17289084757549,0.7824668394200935,171.61252594197322,56.14963634700778
116859,1,63.0,1.0,33.8,20.0,20.0,3.8,63.0,0.2,231.0,40.0
116861,0,44.0,2.0,33.8,21.0,13.0,4.0,63.0,0.1,346.0,42.0
116864,0,64.0,1.0,36.0,20.0,21.0,3.7,56.0,0.2,206.0,43.0
116865,0,24.0,1.0,28.2,48.0,30.0,4.8,71.0,0.4,239.0,31.0
116867,0,52.0,2.0,30.9,8.0,15.0,3.7,57.0,0.2,311.0,75.0
116869,0,70.0,2.0,29.1,19.0,16.0,3.9,83.0,0.3,379.0,54.0
116871,0,56.0,2.0,18.6,16.0,23.0,4.0,52.0,0.4,216.0,76.0
116873,0,33.0,2.0,25.6,27.0,42.0,3.7,68.0,0.3,260.0,67.0
116874,0,20.0,1.0,19.3,35.15495678988044,20.214428872473526,4.137633075397825,92.64294167702369,0.2044828027938444,230.0,48.37995770832241
116881,0,56.0,1.0,21.3,20.0,23.0,4.0,56.0,0.3,264.0,72.0
116884,0,68.0,1.0,25.6,8.0,21.0,3.9,114.0,0.3,248.0,44.0
116886,0,44.0,2.0,23.4,7.0,18.0,4.1,41.0,0.5,255.0,82.0
116888,0,51.0,2.0,21.5,13.0,17.0,4.5,85.0,0.2,209.0,56.0
116889,0,46.0,2.0,53.2,13.0,16.0,3.4,76.0,0.4,266.0,50.0
116890,0,41.0,2.0,34.7,61.0,31.0,3.9,131.0,0.3,291.0,48.0
116892,0,37.0,2.0,41.6,37.0,34.0,3.3,72.0,0.1,339.0,62.0
116893,0,22.0,1.0,28.9,23.0,21.0,4.0,64.0,0.5,255.0,36.0
116894,0,66.0,1.0,36.0,7.0,15.0,3.5,98.0,0.4,196.0,44.0
116895,0,35.0,1.0,34.1,49.0,24.0,4.0,69.0,0.3,269.0,43.0
116896,0,51.0,2.0,23.7,12.0,15.0,4.4,49.0,0.6,215.0,81.0
116898,0,61.0,2.0,31.8,21.0,18.0,4.1,99.0,0.2,307.0,65.0
116899,0,40.0,1.0,38.4,25.0,16.0,4.2,116.0,0.3,269.0,48.0
116900,0,55.0,1.0,35.4,42.0,30.0,3.9,74.0,0.4,203.0,40.0
116901,0,78.0,2.0,29.6,12.0,22.0,4.1,51.0,0.2,234.0,69.0
116904,0,60.0,2.0,36.0,31.0,34.0,4.2,79.0,0.3,285.0,50.0
116906,1,66.0,2.0,31.7,16.0,20.0,4.4,74.0,0.6,309.0,60.0
116907,0,76.0,1.0,26.6,17.0,20.0,4.0,70.0,0.4,159.0,46.0
116911,1,63.0,1.0,31.9,17.0,15.0,3.8,58.0,0.2,172.0,44.0
116913,0,63.0,2.0,26.3,13.0,17.0,3.7,67.0,0.3,204.0,52.0
116914,0,44.0,2.0,28.2,3.6190884875367533,5.680534122375888,3.8140287615550834,53.371993699278875,0.78808020443441,311.88356060094645,54.024649373462836
116915,0,72.0,2.0,31.5,16.0,19.0,4.2,66.0,0.3,211.0,58.0
116916,0,22.0,2.0,39.6,38.0,28.0,4.3,71.0,0.2,312.0,41.0
116917,0,79.0,2.0,34.4,16.0,20.0,3.3,105.0,0.5,326.0,48.0
116920,1,70.0,2.0,42.6,12.0,19.0,4.0,65.0,0.4,166.0,56.0
116923,0,55.0,2.0,30.9,43.0,20.0,4.4,67.0,0.4,177.0,56.0
116928,0,54.0,1.0,30.5,21.0,17.0,3.9,83.0,0.3,173.0,44.0
116929,0,51.0,2.0,22.6,9.0,17.0,4.0,73.0,0.2,235.0,52.0
116931,0,22.0,1.0,21.6,12.0,17.0,4.5,49.0,1.0,233.0,45.0
116932,0,18.0,2.0,26.5,21.76528125773758,14.71480785777488,4.651212384598072,58.09933430305297,0.35327488075313906,263.98003467852027,43.979095107420605
116935,0,18.0,1.0,17.7,16.0,20.0,4.2,115.0,0.5,204.0,72.0
116940,0,22.0,1.0,20.2,19.0,22.0,4.2,97.0,0.9,269.0,44.0
116941,0,27.0,2.0,27.7,13.0,16.0,4.1,78.0,0.2,278.0,46.0
116943,1,54.0,2.0,21.287677352016978,26.0,41.0,3.6,110.0,0.3,229.0,54.0
116947,0,27.0,2.0,34.2,14.0,15.0,4.0,81.0,0.2,286.0,47.0
116952,0,60.0,2.0,24.5,17.0,15.0,4.2,140.0,0.4,378.0,57.0
116955,0,80.0,1.0,30.41728591736434,12.0,19.0,3.7,70.0,0.5,138.0,52.0
116956,1,50.0,2.0,32.4,66.0,30.0,4.7,107.0,0.6,247.0,68.0
116959,1,68.0,1.0,34.3,18.0,21.0,4.4,70.0,0.5,225.0,85.0
116960,0,30.0,2.0,24.0,8.966658172022655,10.671818356483957,4.255637370799006,66.17627681654795,0.734651285720787,243.28761932689326,53.789028765352946
116961,0,60.0,1.0,29.3,18.0,21.0,3.7,85.0,0.2,365.0,31.0
116962,0,27.0,1.0,35.9,40.0,28.0,4.5,48.0,0.3,226.0,37.0
116963,0,47.0,2.0,36.4,12.0,18.0,3.9,52.0,1.2,209.0,71.0
116964,0,19.0,1.0,27.2,20.0,22.0,4.8,68.0,1.6,271.0,44.0
116966,0,51.0,1.0,30.7,23.0,21.0,4.5,96.0,0.7,197.0,46.0
116967,0,21.0,1.0,33.0,23.0,18.0,3.9,141.0,0.3,258.0,45.0
116968,1,80.0,1.0,27.8,15.0,24.0,4.3,66.0,1.0,182.0,71.0
116969,0,19.0,2.0,20.1,10.0,14.0,3.6,47.0,0.3,276.0,62.0
116970,0,21.0,1.0,25.5,14.0,18.0,4.5,94.0,0.8,167.0,43.0
116971,0,18.0,1.0,24.3,18.0,23.0,4.0,85.0,0.7,217.0,57.0
116972,0,48.0,2.0,37.4,31.0,30.0,3.9,92.0,0.3,308.0,58.0
116978,0,67.0,1.0,33.5,21.0,21.0,4.1,106.0,0.6,210.0,51.0
116979,0,28.0,1.0,20.4,24.0,30.0,4.0,85.0,0.7,237.0,70.0
116980,0,61.0,2.0,20.1,12.0,16.0,3.9,103.0,0.2,148.0,66.0
116981,0,37.0,1.0,33.3,20.0,23.0,4.0,72.0,0.3,195.0,51.0
116984,0,56.0,2.0,41.7,23.0,20.0,3.9,76.0,0.4,173.0,51.0
116988,0,31.0,1.0,24.3,27.0,22.0,4.2,71.0,0.3,215.0,56.0
116989,0,52.0,1.0,25.0,17.0,13.0,4.1,61.0,0.5,171.0,49.0
116990,0,25.0,1.0,28.8,120.0,68.0,4.3,96.0,0.4,200.0,37.0
116991,0,55.0,1.0,27.2,30.0,30.0,4.5,58.0,0.3,229.0,45.0
116994,0,77.0,1.0,25.7,12.0,18.0,3.9,84.0,0.4,204.0,45.0
116997,0,80.0,1.0,27.3,12.0,19.0,4.4,54.0,0.5,173.0,60.0
116999,0,63.0,2.0,43.0,29.0,21.0,3.9,60.0,0.3,346.0,47.0
117000,0,64.0,1.0,22.2,17.0,21.0,3.9,80.0,0.3,266.0,41.0
117002,0,34.0,1.0,23.3,49.0,27.0,4.3,62.0,0.4,172.0,40.0
117006,1,64.0,2.0,39.4,33.0,35.0,3.9,116.0,0.2,209.0,41.0
117010,0,74.0,2.0,40.6,11.0,11.0,3.9,72.0,0.2,243.0,43.0
117011,0,67.0,2.0,24.3,16.0,21.0,4.1,73.0,0.3,205.0,63.0
117014,0,47.0,2.0,29.1,31.0,18.0,3.6,103.0,0.3,301.0,58.0
117015,1,57.0,1.0,23.8,91.0,96.0,3.5,74.0,0.9,119.0,38.0
117017,0,49.0,2.0,27.0,26.0,23.0,4.3,98.0,0.3,232.0,41.0
117019,0,71.0,1.0,37.6,38.0,30.0,4.2,75.0,0.4,211.0,66.0
117021,0,28.0,1.0,26.6,18.0,18.0,4.4,59.0,0.3,212.0,52.0
117022,0,75.0,2.0,29.6,19.0,17.0,3.9,63.0,0.4,164.0,59.0
117023,1,71.0,2.0,25.6,10.0,17.0,4.2,69.0,0.5,315.0,61.0
117026,0,32.0,2.0,37.1,73.0,47.0,4.6,67.0,0.7,263.0,45.0
117028,0,59.0,2.0,24.1,13.0,19.0,3.8,79.0,0.4,251.0,67.0
117031,1,62.0,1.0,24.2,40.0,45.0,2.8,86.0,0.7,67.0,79.0
117032,0,36.0,1.0,32.8,22.0,23.0,4.3,41.0,0.4,169.0,46.0
117033,0,28.0,1.0,31.0,25.0,23.0,4.2,93.0,0.5,314.0,44.0
117035,0,19.0,1.0,32.0,15.0,17.0,4.8,89.0,1.5,242.0,43.0
117036,0,70.0,1.0,26.5,19.0,16.0,4.4,78.0,0.6,256.0,38.0
117037,0,61.0,1.0,25.3,21.0,19.0,4.2,71.0,0.3,218.0,51.0
117038,0,30.0,2.0,33.7,11.0,13.0,4.0,116.0,0.4,297.0,48.0
117039,0,25.0,1.0,41.2,29.0,19.0,4.5,92.0,0.5,291.0,60.0
117040,0,35.0,2.0,37.1,23.0,16.0,4.5,38.0,0.6,212.0,40.0
117044,0,70.0,1.0,25.3,17.0,16.0,4.3,86.0,0.7,165.0,46.0
117045,1,57.0,2.0,32.1,62.0,50.0,3.7,65.0,1.4,72.0,43.0
117049,0,21.0,2.0,31.5,13.0,18.0,3.7,68.0,0.2,278.0,53.0
117050,0,80.0,1.0,28.2,16.0,20.0,4.0,37.0,0.5,133.0,60.0
117052,0,80.0,1.0,21.3,9.0,18.0,3.6,101.0,0.2,370.0,68.0
117054,0,38.0,2.0,25.7,13.0,15.0,4.4,57.0,0.3,233.0,72.0
117055,0,68.0,1.0,29.0,15.0,18.0,4.3,43.0,0.5,159.0,40.0
117058,0,60.0,2.0,28.2,39.0,47.0,3.9,76.0,0.4,255.0,72.0
117059,0,39.0,1.0,25.0,16.0,16.0,4.2,71.0,0.3,243.0,40.0
117060,0,40.0,1.0,23.4,16.0,20.0,4.6,56.0,0.4,211.0,51.0
117061,0,21.0,2.0,28.4,7.0,17.0,3.9,84.0,0.3,255.0,49.0
117062,0,43.0,2.0,20.9,19.0,15.0,3.8,45.0,0.9,302.0,69.0
117063,0,28.0,1.0,25.0,19.0,18.0,4.6,66.0,0.3,205.0,59.0
117064,0,61.0,2.0,45.8,9.0,14.0,3.8,89.0,0.2,224.0,52.0
117067,0,58.0,2.0,29.8,21.0,21.0,4.3,77.0,0.9,218.0,40.0
117068,0,24.0,1.0,29.7,47.0,28.0,4.5,86.0,0.4,182.0,57.0
117071,0,48.0,2.0,22.7,9.0,14.0,4.3,40.0,0.7,232.0,50.0
117073,0,40.0,1.0,34.5,73.0,43.0,4.1,110.0,0.4,227.0,28.0
117077,1,65.0,1.0,36.4,18.0,14.0,4.1,43.0,0.6,225.0,37.0
117081,0,39.0,2.0,27.4,30.0,28.0,3.4,48.0,0.3,381.0,109.0
117082,0,47.0,2.0,18.2,14.0,18.0,4.2,49.0,0.4,196.0,74.0
117086,0,28.0,2.0,22.5,13.0,14.0,4.3,47.0,0.5,299.0,58.0
117090,0,68.0,2.0,26.9,17.0,18.0,4.0,83.0,0.7,202.0,62.0
117091,0,51.0,1.0,26.0,9.0,14.0,4.0,90.0,1.0,170.0,34.0
117095,0,32.0,2.0,21.0,10.0,14.0,4.5,66.0,0.3,246.0,47.0
117101,0,35.0,2.0,36.0,18.0,18.0,3.5,102.0,0.5,143.0,35.0
117102,0,31.0,2.0,21.6,15.0,19.0,4.0,48.0,0.2,378.0,53.0
117108,0,69.0,1.0,24.6,24.0,21.0,4.7,52.0,0.8,263.0,53.0
117114,0,35.0,2.0,25.9,33.0,21.0,4.4,99.0,0.4,426.0,62.0
117116,0,21.0,2.0,49.4,20.0,13.0,3.7,68.0,0.4,320.0,36.0
117117,0,68.0,2.0,41.9,11.0,12.0,3.6,64.0,0.1,281.0,41.0
117118,0,35.0,2.0,22.0,18.0,20.0,4.3,61.0,0.4,240.0,73.0
117120,0,59.0,1.0,29.6,31.0,23.0,4.2,58.0,0.6,230.0,45.0
117124,0,23.0,2.0,30.7,27.0,30.0,3.6,68.0,0.3,222.0,57.0
117129,0,23.0,2.0,14.8,9.0,12.0,4.4,57.0,0.4,295.0,89.0
117130,0,51.0,2.0,23.8,53.0,54.0,4.2,112.0,0.3,134.0,72.0
117131,1,56.0,2.0,29.6,31.0,28.0,3.9,54.0,0.4,191.0,43.0
117132,0,66.0,2.0,30.7,17.0,19.0,4.3,103.0,0.5,212.0,66.0
117133,0,71.0,2.0,25.7,16.0,22.0,4.0,66.0,0.7,316.0,60.0
117134,0,72.0,1.0,22.1,9.0,15.0,3.9,157.0,0.7,210.0,55.0
117136,0,55.0,2.0,28.6,32.16546226375034,20.337639065284613,3.642483266892262,65.1940377678913,0.5838438195938872,302.0,65.51650303487357
117138,1,57.0,2.0,47.3,14.0,12.0,3.6,69.0,0.1,257.0,53.0
117139,0,38.0,1.0,26.1,44.0,36.0,4.2,74.0,1.2,148.0,58.0
117145,0,67.0,2.0,44.01610911556086,16.014476341872868,16.695960753188025,3.774131925326363,27.08834372208419,0.4693576270852899,163.86865030249356,53.02501109405292
117146,1,34.0,2.0,54.6,22.0,22.0,4.1,106.0,0.7,335.0,44.0
117147,0,49.0,2.0,21.7,26.0,27.0,4.5,71.0,0.8,218.0,74.0
117150,0,64.0,1.0,31.8,54.0,38.0,4.3,148.0,0.3,202.0,39.0
117156,0,22.0,2.0,32.5,11.0,14.0,4.5,65.0,0.4,322.0,39.0
117158,0,75.0,2.0,38.9,15.0,17.0,3.7,86.0,0.3,228.0,65.0
117159,0,31.0,2.0,22.8,13.0,19.0,3.8,62.0,0.3,204.0,75.0
117161,0,67.0,2.0,24.3,12.0,17.0,3.8,87.0,0.3,203.0,62.0
117164,0,58.0,2.0,32.7,15.0,18.0,4.0,113.0,0.5,176.0,54.0
117165,0,75.0,1.0,40.2,21.0,15.0,3.7,83.0,0.4,261.0,35.0
117166,1,55.0,1.0,22.5,108.0,97.0,4.4,80.0,1.0,124.0,69.0
117172,0,21.0,1.0,34.4,15.0,18.0,4.4,54.0,0.7,248.0,56.0
117173,0,67.0,1.0,38.7,20.0,18.0,3.7,58.0,0.5,230.0,36.0
117174,0,34.0,2.0,30.0,25.0,20.0,4.2,66.0,0.8,253.0,56.0
117177,0,19.0,1.0,30.7,25.0,36.0,4.4,62.0,0.3,272.0,40.0
117178,1,25.0,2.0,43.7,36.0,22.0,3.6,70.0,0.3,311.0,49.0
117180,0,29.0,1.0,21.3,15.145867979694513,15.61302502844622,4.195028240612148,87.6866713220823,0.42459257267794936,67.4878651898187,48.831986953332056
117181,0,47.0,2.0,23.2,12.0,16.0,4.0,54.0,0.3,224.0,46.0
117182,0,29.0,1.0,33.8,19.0,17.0,4.0,94.0,0.3,367.0,36.0
117186,1,26.0,1.0,22.5,17.0,19.0,4.0,69.0,0.3,223.0,65.0
117187,0,72.0,2.0,24.7,17.0,29.0,4.7,96.0,0.2,244.0,40.0
117188,0,60.0,1.0,23.0,11.0,14.0,3.9,69.0,0.3,221.0,48.0
117190,0,32.0,2.0,19.3,11.0,15.0,4.0,53.0,0.6,211.0,54.0
117191,0,36.0,2.0,31.8,15.0,13.0,4.0,52.0,0.3,261.0,38.0
117192,0,60.0,1.0,31.9,37.0,31.0,3.6,117.0,0.7,192.0,47.0
117193,0,69.0,2.0,35.5,13.0,16.0,3.9,57.0,0.3,255.0,62.0
117195,0,26.0,2.0,25.5,18.0,16.0,4.3,49.0,0.4,266.0,48.0
117198,0,36.0,1.0,27.8,32.0,25.0,4.2,49.0,1.4,194.0,47.0
117200,0,33.0,1.0,36.0,90.0,43.0,4.3,51.0,0.8,206.0,39.0
117204,0,72.0,2.0,28.7,15.0,22.0,4.2,85.0,0.7,242.0,62.0
117208,0,62.0,2.0,45.0,17.0,17.0,3.9,83.0,0.4,251.0,54.0
117209,0,35.0,2.0,31.2,21.0,18.0,4.2,62.0,0.2,319.0,42.0
117210,1,63.0,2.0,32.7,17.0,20.0,3.8,142.0,0.3,200.0,59.0
117211,0,70.0,1.0,23.9,70.43397806363026,55.490443413706316,3.82477985101986,58.417482158514915,0.81310608905406,198.0,64.0
117212,0,30.0,2.0,33.9,15.0,15.0,4.0,91.0,0.1,240.0,33.0
117215,0,32.0,1.0,30.1,56.0,22.0,4.1,109.0,1.5,228.0,30.0
117217,0,73.0,1.0,27.8,20.0,24.0,3.6,86.0,0.4,158.0,44.0
117219,0,61.0,2.0,31.8,28.0,19.0,3.7,100.0,0.4,240.0,61.0
117220,0,80.0,1.0,24.3,15.0,20.0,4.5,87.0,0.6,191.0,81.0
117221,0,65.0,2.0,35.8,27.6725740096771,28.17345879577088,3.7770428540995846,35.66857945165642,0.10767496729606457,204.0,71.85510849172616
117222,0,67.0,1.0,21.4,11.0,17.0,4.7,58.0,0.4,250.0,55.0
117224,0,59.0,1.0,26.1,12.0,17.0,4.6,158.0,0.6,246.0,46.0
117226,0,64.0,2.0,25.1,19.0,24.0,4.4,42.0,0.2,292.0,84.0
117227,0,18.0,1.0,25.3,11.0,17.0,4.2,54.0,1.3,311.0,44.0
117230,0,65.0,2.0,31.9,11.0,19.0,4.3,88.0,0.9,177.0,66.0
117232,0,48.0,1.0,26.5,22.0,24.0,4.4,60.0,0.3,149.0,42.0
117234,0,62.0,1.0,24.9,18.0,17.0,3.8,93.0,0.2,205.0,46.0
117235,0,53.0,2.0,28.3,24.0,17.0,3.7,65.0,0.4,236.0,75.0
117236,0,62.0,1.0,15.1,10.0,14.0,3.6,83.0,0.2,457.0,46.0
117238,0,53.0,1.0,34.1,21.0,34.0,4.0,80.0,0.2,184.0,69.0
117241,0,51.0,1.0,33.7,22.0,17.0,3.9,81.0,0.4,270.0,41.0
117242,0,58.0,1.0,28.3,10.0,14.0,3.9,68.0,0.4,258.0,51.0
117243,0,59.0,2.0,21.9,14.0,18.0,4.3,73.0,0.3,197.0,78.0
117244,0,44.0,2.0,28.3,22.0,18.0,3.7,85.0,0.6,391.0,42.0
117249,1,65.0,2.0,39.4,30.0,24.0,4.0,119.0,0.4,459.0,36.0
117250,0,62.0,2.0,36.1,16.0,16.0,4.3,77.0,0.3,256.0,66.0
117251,0,67.0,1.0,26.3,13.0,14.0,4.2,50.0,0.4,305.0,40.0
117253,0,63.0,2.0,37.5,12.0,15.0,3.7,52.0,0.2,252.0,50.0
117260,0,62.0,1.0,30.4,5.0,7.0,3.1,100.0,0.4,329.0,40.0
117261,1,80.0,2.0,19.9,17.0,26.0,4.4,99.0,0.7,235.0,90.0
117263,0,56.0,1.0,32.7,29.0,19.0,3.6,72.0,0.7,173.0,62.0
117265,0,75.0,1.0,23.4,15.0,19.0,4.0,43.0,0.8,164.0,71.0
117266,0,79.0,2.0,20.7,26.0,23.0,4.4,51.0,0.7,242.0,80.0
117270,0,49.0,2.0,20.1,23.0,24.0,4.1,45.0,0.4,310.0,40.0
117273,0,65.0,2.0,20.7,28.77318843580561,5.329272468197825,4.383999184360482,47.15608155916112,0.4371768115845763,306.0,59.262469208930746
117274,0,41.0,1.0,25.2,27.0,18.0,4.2,94.0,0.6,273.0,60.0
117275,0,63.0,1.0,24.9,16.0,15.0,4.5,61.0,0.4,238.0,41.0
117276,0,61.0,2.0,26.9,23.964884089849253,38.322842208713745,4.443118497857633,81.7367957881059,0.6041160821030955,128.39933084560533,44.277965236879396
117278,0,33.0,2.0,25.7,11.0,15.0,4.0,69.0,0.3,212.0,69.0
117280,0,60.0,2.0,28.3,49.0,37.0,3.6,96.0,0.4,304.0,73.0
117282,1,41.0,2.0,46.5,15.0,17.0,3.6,95.0,0.2,262.0,42.0
117285,0,28.0,1.0,23.9,27.0,29.0,4.8,85.0,0.3,209.0,52.0
117286,0,46.0,2.0,24.9,14.0,18.0,4.2,54.0,0.3,228.0,97.0
117287,0,44.0,2.0,31.2,18.0,21.0,3.8,63.0,0.4,261.0,35.0
117289,0,57.0,2.0,26.5,9.0,12.0,4.7,72.0,0.3,215.0,88.0
117290,0,45.0,2.0,40.6,16.0,12.0,3.7,82.0,0.2,314.0,44.0
117291,0,21.0,2.0,25.4,16.0,13.0,4.1,63.0,0.2,301.0,52.0
117292,1,80.0,1.0,17.3,14.0,21.0,3.7,99.0,1.0,310.0,65.0
117293,0,55.0,1.0,31.9,29.0,22.0,4.4,72.0,0.4,305.0,52.0
117294,0,55.0,1.0,26.2,189.0,82.0,4.1,101.0,1.0,230.0,54.0
117295,0,52.0,2.0,36.3,18.0,19.0,3.8,66.0,0.3,270.0,60.0
117297,0,52.0,2.0,44.8,15.0,12.0,3.8,89.0,0.2,241.0,52.0
117301,0,73.0,2.0,22.4,10.0,21.0,4.3,83.0,0.3,235.0,79.0
117302,0,63.0,1.0,23.7,19.0,20.0,4.3,102.0,0.5,263.0,44.0
117305,0,68.0,2.0,36.9,12.0,18.0,3.8,80.0,0.5,472.0,36.0
117306,0,42.0,2.0,21.3,10.0,14.0,3.9,42.0,0.4,198.0,80.0
117307,0,62.0,2.0,24.7,29.0,33.0,4.2,51.0,0.3,196.0,93.0
117308,0,36.0,2.0,31.6,23.0,22.0,3.8,59.0,0.3,314.0,39.0
117310,0,71.0,1.0,35.2,26.0,25.0,4.3,73.0,0.8,128.0,41.0
117312,0,78.0,2.0,30.1,10.0,16.0,4.0,54.0,0.2,220.0,50.0
117313,0,32.0,2.0,22.9,10.0,12.0,3.9,49.0,0.6,227.0,69.0
117314,0,61.0,1.0,28.9,63.0,50.0,4.1,105.0,0.9,202.0,46.0
117315,0,64.0,2.0,29.9,15.0,21.0,4.8,80.0,0.3,183.0,56.0
117316,0,55.0,2.0,40.8,12.0,15.0,4.2,97.0,0.2,208.0,67.0
117319,0,56.0,2.0,33.2,48.00230422681959,32.51298984604589,3.8980789207599584,121.1044549996837,0.7457062517597978,179.0,56.0
117320,0,34.0,2.0,33.5,12.0,14.0,4.1,57.0,0.5,315.0,52.0
117321,0,70.0,2.0,35.3,16.0,22.0,4.2,85.0,0.4,174.0,52.0
117322,0,80.0,2.0,25.6,16.0,16.0,3.8,70.0,0.5,238.0,69.0
117328,0,32.0,1.0,45.7,10.0,12.0,3.7,97.0,0.6,238.0,65.0
117331,0,57.0,1.0,44.2,26.0,21.0,4.1,77.0,0.5,195.0,38.0
117335,0,66.0,1.0,32.1,21.0,19.0,4.0,79.0,1.0,216.0,40.0
117336,0,43.0,1.0,30.9,17.0,15.0,3.7,81.0,0.8,253.0,40.0
117339,0,80.0,1.0,32.3,21.0,25.0,4.2,35.0,0.6,157.0,35.0
117347,0,18.0,1.0,18.6,9.0,14.0,4.4,93.0,0.2,254.0,39.0
117351,0,32.0,2.0,29.6,40.509738746433236,27.96328102736355,3.791299262641627,103.42834132344167,0.3881915994549593,276.0,18.984061843241754
117353,0,64.0,1.0,24.4,19.0,17.0,3.5,71.0,0.4,211.0,78.0
117354,0,80.0,2.0,29.6,14.0,22.0,3.5,109.0,0.5,218.0,97.0
117357,0,22.0,2.0,20.8,13.0,16.0,4.5,48.0,0.4,164.0,62.0
117358,1,36.0,1.0,28.6,26.0,19.0,4.5,71.0,0.6,288.0,41.0
117359,0,59.0,1.0,38.2,21.0,20.0,4.0,76.0,0.5,400.0,35.0
117363,1,70.0,2.0,50.3,19.0,18.0,3.3,61.0,0.4,171.0,64.0
117364,0,37.0,2.0,24.6,19.0,18.0,3.9,56.0,0.2,232.0,67.0
117365,0,57.0,2.0,45.7,13.0,17.0,3.5,85.0,0.2,270.0,43.0
117368,0,35.0,1.0,27.2,81.0,48.0,4.0,59.0,1.2,296.0,24.0
117370,0,52.0,1.0,23.4,10.0,10.0,3.4,58.0,0.3,279.0,61.0
117371,0,44.0,2.0,19.6,18.0,20.0,4.4,56.0,0.3,298.0,43.0
117374,0,57.0,2.0,21.2,13.0,18.0,4.0,55.0,0.2,247.0,83.0
117375,0,49.0,1.0,32.7,28.0,17.0,3.9,31.0,0.4,167.0,42.0
117377,0,24.0,2.0,28.6,7.0,14.0,4.3,34.0,0.3,310.0,57.0
117379,0,41.0,2.0,31.9,23.0,33.0,4.1,42.0,0.2,253.0,83.0
117383,0,42.0,1.0,30.4,21.0,15.0,3.9,63.0,0.4,240.0,49.0
117384,0,62.0,2.0,24.4,15.0,18.0,4.1,82.0,0.1,229.0,39.0
117387,0,31.0,2.0,46.0,16.0,15.0,3.7,77.0,0.2,373.0,40.0
117388,0,36.0,1.0,31.1,53.0,41.0,4.6,71.0,0.6,389.0,49.0
117389,1,34.0,1.0,42.1,24.0,19.0,4.2,88.0,0.3,223.0,26.0
117395,0,73.0,2.0,27.3,-26.399257822230854,-19.75522098829821,4.066531316066661,73.17553967453222,0.18891345568964601,254.1707053505346,43.00262049115855
117397,0,70.0,1.0,23.7,0.05236759094679577,10.330764100294791,4.166602057980076,105.94684028890802,0.44701391881258745,126.29651142094379,57.46994226930773
117398,1,61.0,2.0,58.8,21.0,18.0,3.9,108.0,0.5,300.0,72.0
117400,0,60.0,1.0,22.5,37.0,35.0,4.5,61.0,1.0,179.0,78.0
117402,0,58.0,2.0,34.9,25.0,22.0,4.4,70.0,0.2,287.0,64.0
117405,0,26.0,1.0,30.6,21.0,19.0,4.2,95.0,0.5,185.0,60.0
117407,0,19.0,1.0,27.0,12.0,20.0,4.8,122.0,0.7,234.0,45.0
117409,0,34.0,2.0,29.6,19.0,17.0,4.1,85.0,0.3,283.0,47.0
117411,0,72.0,1.0,26.7,36.0,22.0,4.3,39.0,0.5,248.0,30.0
117412,0,35.0,1.0,24.6,17.0,17.0,4.0,48.0,0.7,281.0,37.0
117414,0,63.0,2.0,31.6,53.0,40.0,3.9,84.0,0.2,224.0,97.0
117418,0,45.0,1.0,31.3,40.0,26.0,3.9,105.0,0.6,275.0,35.0
117419,0,40.0,1.0,29.5,26.0,33.0,3.9,101.0,0.8,170.0,51.0
117420,0,65.0,2.0,28.9,16.0,17.0,3.7,114.0,0.5,195.0,45.0
117421,1,20.0,2.0,25.9,12.0,16.0,3.7,65.0,0.2,584.0,78.0
117428,0,75.0,2.0,22.9,10.0,19.0,3.9,66.0,0.6,184.0,53.0
117429,0,41.0,2.0,37.5,11.0,16.0,3.7,68.0,0.3,354.0,45.0
117432,0,66.0,2.0,25.8,11.0,14.0,3.8,62.0,0.8,310.0,56.0
117434,1,20.0,1.0,37.4,66.0,40.0,4.6,123.0,0.2,242.0,45.0
117435,0,51.0,2.0,31.8,23.0,26.0,4.1,60.0,0.3,244.0,56.0
117436,0,76.0,1.0,25.9,20.0,18.0,4.5,66.0,1.5,157.0,47.0
117437,0,55.0,1.0,25.3,47.0,36.0,4.4,108.0,1.7,268.0,62.0
117438,0,39.0,1.0,27.4,23.0,17.0,4.1,82.0,0.4,270.0,42.0
117439,0,79.0,2.0,38.8,11.051823513898698,10.26272516741711,4.169045244608775,55.255512313784145,0.1780792266742099,255.18818446550435,65.51187625760802
117440,0,61.0,1.0,22.6,27.0,27.0,4.1,86.0,0.4,196.0,63.0
117441,0,80.0,1.0,28.6,19.0,24.0,4.4,83.0,0.4,170.0,47.0
117442,0,68.0,1.0,29.2,16.0,16.0,3.6,77.0,0.3,272.0,36.0
117447,0,42.0,2.0,28.0,17.0,18.0,3.9,55.0,0.2,391.0,52.0
117450,0,56.0,1.0,24.6,34.0,27.0,3.7,102.0,0.4,389.0,67.0
117453,0,46.0,2.0,28.0,11.0,13.0,3.3,67.0,0.3,294.0,65.0
117454,0,56.0,1.0,26.0,23.0,20.0,4.1,59.0,0.5,154.0,52.0
117458,0,73.0,2.0,32.6,17.0,21.0,4.1,60.0,0.5,235.0,68.0
117460,0,60.0,1.0,41.3,23.0,21.0,4.3,95.0,0.9,197.0,43.0
117463,0,26.0,1.0,37.9,17.0,16.0,4.1,82.0,0.4,331.0,40.0
117464,0,56.0,2.0,17.9,16.0,19.0,4.0,62.0,0.3,334.0,53.0
117465,1,54.0,2.0,22.8,156.0,150.0,3.9,129.0,0.9,285.0,141.0
117466,0,23.0,2.0,29.9,11.0,16.0,4.2,76.0,0.3,291.0,77.0
117467,0,58.0,1.0,26.0,115.0,104.0,3.8,133.0,0.3,143.0,78.0
117468,0,21.0,2.0,24.0,11.0,14.0,4.0,58.0,0.2,216.0,55.0
117470,0,23.0,1.0,19.5,8.0,13.0,4.5,71.0,0.5,195.0,50.0
117471,1,80.0,2.0,25.4,14.0,24.0,3.8,83.0,0.6,192.0,66.0
117474,0,18.0,2.0,19.9,11.0,15.0,3.6,83.0,0.2,285.0,62.0
117481,0,47.0,1.0,27.7,68.0,46.0,4.2,75.0,0.3,292.0,31.0
117484,1,19.0,1.0,26.0,10.0,17.0,5.0,53.0,1.0,271.0,56.0
117485,0,20.0,2.0,33.1,36.0,28.0,4.3,59.0,0.3,353.0,45.0
117491,0,19.0,1.0,25.5,23.0,17.0,4.1,126.0,0.3,291.0,41.0
117494,0,71.0,2.0,29.9,13.0,17.0,3.8,66.0,0.2,220.0,52.0
117496,0,19.0,1.0,26.6,33.0,23.0,4.4,91.0,0.3,184.0,57.0
117498,0,68.0,2.0,29.9,64.0,43.0,4.4,64.0,0.5,192.0,57.0
117499,0,38.0,2.0,27.1,13.0,14.0,3.9,57.0,0.3,339.0,73.0
117500,0,22.0,1.0,31.2,48.0,28.0,4.5,71.0,0.3,216.0,41.0
117502,0,73.0,2.0,31.1,18.0,30.0,3.9,32.0,0.3,195.0,66.0
117504,0,49.0,2.0,32.6,13.0,15.0,3.9,89.0,0.2,304.0,50.0
117505,1,36.0,2.0,37.3,61.0,67.0,4.4,94.0,0.5,324.0,43.0
117507,0,65.0,1.0,28.1,17.0,20.0,4.2,112.0,0.4,178.0,53.0
117510,0,51.0,2.0,19.3,10.0,15.0,4.5,64.0,0.5,283.0,69.0
117511,0,53.0,2.0,22.1,24.0,20.0,4.4,50.0,0.4,232.0,62.0
117513,0,48.0,2.0,31.0,17.0,17.0,3.9,91.0,0.3,241.0,53.0
117514,0,56.0,2.0,24.8,23.0,26.0,3.9,66.0,0.6,172.0,60.0
117516,0,68.0,1.0,37.7,21.613209469233222,19.133976532925313,4.1820041243580635,68.08399765557216,0.7448558991937897,164.96066200625302,25.095747014613124
117517,0,23.0,1.0,28.0,23.0,21.0,4.1,68.0,0.2,216.0,41.0
117518,0,50.0,1.0,26.3,27.0,19.0,4.2,99.0,0.3,231.0,47.0
117523,0,41.0,2.0,29.1,32.0,22.0,4.0,82.0,0.3,291.0,36.0
117529,0,36.0,1.0,23.5,11.0,13.0,4.2,62.0,0.5,273.0,52.0
117530,0,25.0,1.0,21.8,16.0,21.0,4.3,92.0,0.7,234.0,68.0
117531,0,32.0,2.0,29.1,23.0,19.0,3.7,64.0,0.1,382.0,53.0
117537,1,61.0,1.0,31.8,28.0,23.0,4.2,53.0,0.3,253.0,41.0
117540,0,69.0,1.0,28.2,10.0,15.0,4.2,93.0,0.6,147.0,41.0
117542,0,80.0,1.0,35.5,0.7310407100488368,20.16139707070068,4.241800000244785,106.93468502013823,0.7874226748083725,139.68514938198663,73.98233663654668
117543,0,31.0,2.0,19.9,12.0,14.0,4.3,42.0,0.5,260.0,54.0
117546,0,75.0,1.0,26.9,13.0,19.0,4.0,60.0,1.3,177.0,53.0
117549,0,29.0,1.0,29.2,37.0,75.0,4.2,48.0,0.5,173.0,47.0
117551,0,64.0,1.0,28.2,45.0,32.0,4.5,37.0,0.4,252.0,44.0
117554,0,75.0,2.0,27.8,15.0,18.0,4.5,63.0,0.8,230.0,48.0
117556,0,39.0,2.0,30.8,14.0,16.0,3.3,83.0,0.1,339.0,34.0
117558,0,63.0,2.0,34.7,23.0,21.0,4.4,82.0,0.3,270.0,43.0
117559,0,48.0,2.0,29.8,9.0,14.0,4.0,87.0,0.5,359.0,41.0
117566,0,37.0,1.0,33.2,94.0,48.0,4.2,69.0,0.4,153.0,44.0
117570,0,47.0,1.0,26.6,20.0,22.0,4.4,78.0,0.8,196.0,64.0
117571,0,41.0,2.0,44.3,20.0,23.0,3.5,88.0,0.2,361.0,79.0
117573,0,45.0,1.0,31.4,47.0,42.0,4.4,71.0,0.5,207.0,34.0
117574,0,46.0,1.0,24.3,21.0,32.0,4.4,62.0,0.6,234.0,43.0
117575,1,61.0,2.0,31.8,10.0,15.0,4.2,96.0,0.3,224.0,66.0
117577,0,43.0,1.0,19.0,12.0,25.0,4.6,90.0,1.0,234.0,137.0
117580,0,65.0,1.0,30.3,12.0,13.0,3.8,47.0,0.9,299.0,53.0
117581,0,22.0,2.0,20.0,10.0,21.0,4.2,52.0,0.9,234.0,72.0
117586,0,18.0,1.0,46.7,29.0,22.0,3.9,87.0,0.2,288.0,40.0
117587,0,28.0,2.0,25.1,12.0,20.0,3.7,66.0,0.6,162.0,58.0
117589,0,59.0,2.0,24.9,28.0,27.0,4.5,81.0,0.5,244.0,75.0
117592,0,31.0,1.0,26.9,45.0,30.0,4.3,97.0,0.2,318.0,33.0
117599,1,62.0,2.0,27.4,78.0,91.0,3.7,75.0,0.5,164.0,118.0
117600,0,27.0,2.0,31.6,24.0,16.0,3.9,46.0,0.3,340.0,88.0
117603,0,24.0,1.0,18.9,18.0,19.0,4.7,70.0,0.4,248.0,39.0
117604,1,75.0,1.0,34.6,46.0,50.0,4.3,124.0,0.8,200.0,48.0
117605,0,32.0,2.0,34.5,26.625875361670445,26.348275023193125,4.006254017740499,77.92614316765533,0.30953895407047216,323.0,77.6818802934495
117606,0,33.0,2.0,33.9,9.0,13.0,3.9,83.0,0.7,315.0,43.0
117613,0,48.0,1.0,31.2,26.0,20.0,4.2,75.0,0.5,230.0,45.0
117616,0,63.0,2.0,29.8,23.0,18.0,3.9,91.0,0.2,268.0,66.0
117617,0,46.0,1.0,28.7,18.0,18.0,4.2,86.0,0.2,262.0,29.0
117621,0,27.0,1.0,25.4,25.0,23.0,4.5,86.0,0.3,191.0,41.0
117622,0,56.0,2.0,18.1,13.0,15.0,4.5,57.0,0.5,228.0,105.0
117623,0,60.0,1.0,26.7,25.0,19.0,4.1,131.0,0.6,238.0,40.0
117624,1,46.0,1.0,40.5,42.0,26.0,4.0,107.0,0.8,169.0,27.0
117625,0,31.0,2.0,21.8,14.0,17.0,4.3,70.0,0.5,282.0,57.0
117627,0,23.0,1.0,20.0,10.0,15.0,4.4,82.0,0.5,241.0,49.0
117628,0,39.0,2.0,31.1,65.0,41.0,3.8,48.0,0.5,175.0,50.0
117629,0,43.0,2.0,30.7,9.0,14.0,4.1,79.0,0.2,263.0,43.0
117631,0,72.0,2.0,26.1,17.0,24.0,3.9,73.0,0.3,262.0,71.0
117632,0,36.0,1.0,30.9,34.0,26.0,4.2,88.0,0.2,208.0,41.0
117633,1,53.0,2.0,49.1,15.0,15.0,3.6,99.0,0.5,350.0,51.0
117635,0,65.0,2.0,18.2,7.0,13.0,3.9,102.0,0.3,210.0,55.0
117637,1,36.0,2.0,39.8,19.0,19.0,3.6,94.0,0.2,293.0,53.0
117638,0,76.0,2.0,35.7,36.0,25.0,4.3,103.0,0.3,314.0,42.0
117639,0,62.0,2.0,32.0,13.080360654041502,11.041047275079364,3.963808805310605,100.47602245644772,0.21324995198986363,315.0,72.45402970431142
117641,0,23.0,2.0,19.8,21.0,24.0,4.3,75.0,0.7,146.0,63.0
117643,0,61.0,2.0,29.3,14.0,20.0,4.3,95.0,0.3,250.0,58.0
117644,0,30.0,2.0,22.1,11.0,13.0,4.2,63.0,0.1,183.0,53.0
117645,1,60.0,2.0,44.6,12.85933708288251,19.157267656112992,3.8457274840750886,79.03854296907868,0.6990873296728957,435.3072433411853,56.25377160769035
117646,0,27.0,2.0,27.8,15.0,19.0,4.0,83.0,0.1,269.0,54.0
117647,0,32.0,2.0,29.0,31.0,18.0,3.7,131.0,0.3,293.0,41.0
117651,0,44.0,1.0,29.0,27.0,19.0,4.2,55.0,0.5,231.0,49.0
117652,0,62.0,1.0,24.5,16.0,11.0,4.3,132.0,0.4,261.0,63.0
117653,0,52.0,1.0,28.3,34.0,32.0,4.5,58.0,0.5,246.0,41.0
117654,1,68.0,1.0,35.4,14.0,17.0,4.4,64.0,0.8,297.0,36.0
117656,0,33.0,1.0,28.7,17.0,13.0,4.4,55.0,0.9,206.0,46.0
117657,0,55.0,2.0,22.1,25.0,22.0,4.1,99.0,0.2,325.0,72.0
117659,0,46.0,1.0,22.4,8.465020049961446,14.459044139138909,4.8193410886279775,103.51586219508559,0.790862857983954,182.0,53.450745016751405
117660,0,71.0,2.0,25.8,18.0,20.0,4.4,98.0,0.4,190.0,37.0
117662,0,38.0,2.0,31.5,16.0,16.0,4.2,60.0,0.3,297.0,36.0
117665,0,66.0,2.0,30.8,26.0,27.0,4.1,86.0,0.2,249.0,69.0
117671,1,48.0,2.0,54.7,14.0,13.0,4.0,71.0,0.3,411.0,45.0
117672,0,55.0,2.0,38.9,15.0,14.0,3.9,89.0,0.4,327.0,47.0
117675,0,80.0,2.0,33.1,15.0,20.0,4.1,104.0,0.4,252.0,54.0
117676,0,45.0,2.0,41.9,14.0,12.0,3.7,69.0,0.6,276.0,42.0
117677,0,38.0,2.0,36.1,9.0,16.0,4.3,73.0,0.6,334.0,62.0
117678,0,76.0,1.0,28.1,24.0,26.0,4.3,71.0,1.7,193.0,39.0
117681,0,74.0,2.0,20.0,12.0,16.0,4.1,76.0,0.4,287.0,82.0
117683,0,80.0,2.0,24.6,8.0,19.0,4.4,92.0,0.5,190.0,49.0
117685,0,40.0,2.0,34.8,8.0,15.0,3.8,57.0,0.3,252.0,60.0
117687,0,45.0,2.0,33.7,31.0,22.0,4.1,87.0,0.4,412.0,67.0
117690,0,39.0,2.0,21.4,10.0,19.0,3.9,93.0,0.3,249.0,56.0
117692,1,69.0,1.0,29.7,42.0,39.0,3.8,48.0,0.6,322.0,54.0
117695,0,66.0,2.0,29.0,25.0,32.0,3.9,68.0,0.2,321.0,43.0
117697,0,19.0,2.0,24.5,15.0,22.0,4.4,89.0,0.9,261.0,62.0
117699,0,47.0,2.0,29.7,15.0,15.0,4.1,61.0,0.6,208.0,45.0
117701,0,48.0,1.0,30.3,25.0,21.0,4.4,92.0,0.8,300.0,44.0
117703,0,73.0,1.0,31.3,17.0,17.0,4.2,71.0,2.2,215.0,46.0
117704,0,57.0,2.0,35.5,33.0,31.0,3.7,62.0,0.2,273.0,46.0
117707,0,38.0,2.0,25.0,16.0,20.0,4.2,52.0,0.4,226.0,92.0
117710,1,47.0,1.0,36.8,23.0,17.0,4.0,66.0,0.5,157.0,44.0
117711,0,60.0,2.0,29.3,10.0,15.0,3.9,118.0,0.2,226.0,62.0
117712,0,24.0,1.0,25.2,24.0,26.0,4.4,87.0,0.2,184.0,51.0
117714,0,51.0,2.0,24.7,12.0,16.0,3.8,85.0,0.3,442.0,55.0
117719,0,18.0,2.0,25.5,23.0,18.0,3.9,73.0,0.2,314.0,57.0
117720,0,31.0,1.0,30.2,13.0,17.0,4.0,102.0,0.3,170.0,67.0
117727,0,74.0,2.0,26.5,21.0,15.0,4.8,87.0,0.4,290.0,75.0
117728,0,72.0,1.0,40.9,19.0,14.0,3.9,71.0,0.2,263.0,44.0
117729,0,67.0,2.0,28.9,8.0,18.0,4.6,66.0,0.3,388.0,52.0
117730,0,45.0,2.0,27.9,30.0,26.0,4.0,110.0,0.7,260.0,49.0
117732,0,53.0,2.0,37.4,9.0,14.0,3.7,94.0,0.3,298.0,60.0
117733,0,46.0,1.0,35.0,38.0,28.0,4.3,63.0,0.3,300.0,49.0
117735,0,31.0,2.0,23.7,11.0,10.0,4.9,60.0,1.1,229.0,51.0
117737,0,37.0,1.0,25.0,45.0,26.0,4.6,88.0,0.3,296.0,40.0
117738,0,25.0,2.0,24.8,20.0,19.0,4.1,58.0,0.4,225.0,100.0
117739,0,80.0,1.0,17.8,45.805992741385474,42.23714526949731,4.822415671999438,87.29512716219901,0.8266877064887247,219.0,73.99078581054579
117745,1,35.0,1.0,39.2,52.0,21.0,3.9,121.0,0.2,211.0,32.0
117746,0,66.0,1.0,22.4,21.0,22.0,4.1,169.0,0.7,289.0,36.0
117752,0,33.0,2.0,23.9,16.0,16.0,4.4,42.0,0.4,380.0,71.0
117753,0,53.0,2.0,21.5,11.0,16.0,4.0,60.0,0.3,214.0,72.0
117754,0,48.0,2.0,25.1,8.0,14.0,3.9,60.0,0.5,249.0,83.0
117755,0,53.0,1.0,29.9,18.0,20.0,4.2,61.0,2.1,257.0,39.0
117761,0,19.0,1.0,27.0,33.0,118.0,4.5,80.0,0.4,194.0,44.0
117766,0,19.0,1.0,22.4,31.0,23.0,4.4,86.0,0.2,214.0,64.0
117768,0,38.0,1.0,21.7,15.0,22.0,4.2,69.0,0.3,212.0,71.0
117771,0,70.0,1.0,22.8,13.0,18.0,4.6,58.0,0.6,191.0,53.0
117773,0,19.0,1.0,26.7,14.0,23.0,4.8,120.0,0.4,139.0,25.0
117774,0,28.0,1.0,22.6,28.0,24.0,4.1,83.0,0.6,226.0,75.0
117775,0,49.0,1.0,24.8,13.0,13.0,3.9,48.0,0.3,312.0,46.0
117777,0,41.0,2.0,19.6,14.0,17.0,4.7,38.0,0.4,216.0,80.0
117778,0,44.0,2.0,30.0,9.0,21.0,4.3,57.0,0.3,230.0,56.0
117780,0,55.0,1.0,23.0,19.0,17.0,3.8,73.0,0.3,148.0,37.0
117784,0,80.0,1.0,25.4,13.0,21.0,4.1,96.0,0.4,225.0,42.0
117785,0,39.0,2.0,21.9,13.0,18.0,4.4,41.0,0.4,284.0,77.0
117789,1,69.0,2.0,13.709065684437572,56.0,143.0,3.7,126.0,1.2,194.0,94.0
117792,0,60.0,2.0,23.1,39.0,23.0,4.4,67.0,0.3,343.0,42.0
117793,0,80.0,2.0,26.0,14.0,17.0,4.0,75.0,0.5,254.0,70.0
117794,0,80.0,2.0,33.9,15.0,19.0,4.0,81.0,0.3,232.0,53.0
117795,0,31.0,2.0,33.1,15.0,19.0,3.8,114.0,0.4,320.0,47.0
117800,0,65.0,2.0,28.8,15.0,18.0,4.4,86.0,0.2,263.0,68.0
117806,1,62.0,1.0,34.7,27.0,23.0,3.7,72.0,0.2,212.0,58.0
117807,1,67.0,2.0,36.6,14.0,15.0,3.9,78.0,0.4,252.0,50.0
117810,0,27.0,1.0,23.8,19.0,21.0,4.3,65.0,0.6,207.0,53.0
117811,0,35.0,2.0,26.5,15.0,22.0,4.3,72.0,0.4,251.0,47.0
117814,0,22.0,1.0,23.0,-1.4553684559002553,-17.70757873184812,4.384988077800195,78.54048624580149,0.467554411606663,187.1918102563494,69.8285528884169
117817,0,54.0,2.0,39.3,11.0,17.0,3.8,113.0,0.4,294.0,75.0
117822,0,53.0,1.0,33.6,38.0,36.0,4.3,112.0,0.4,279.0,47.0
117824,0,38.0,2.0,20.4,56.0,25.0,4.6,52.0,0.1,339.0,60.0
117826,0,61.0,2.0,32.3,26.0,32.0,4.0,67.0,0.6,176.0,56.0
117827,0,59.0,2.0,23.6,19.0,20.0,4.3,76.0,0.3,296.0,60.0
117829,0,59.0,2.0,56.1,17.0,18.0,3.5,94.0,0.3,358.0,59.0
117831,0,25.0,2.0,25.0,-1.8909437428538247,8.172717253173907,3.8013250355644543,53.0190923795669,0.2860444477441463,225.0,39.738774670935214
117832,0,41.0,2.0,33.0,18.0,14.0,4.0,80.0,0.6,323.0,49.0
117835,0,55.0,1.0,20.4,55.241203872170395,32.946545245876614,4.665744644265598,54.92743933164993,0.20277188705928173,260.0,76.0
117838,0,34.0,1.0,26.6,14.0,16.0,4.1,92.0,0.3,135.0,35.0
117840,0,35.0,2.0,25.8,7.0,13.0,4.1,61.0,0.8,271.0,69.0
117845,0,61.0,1.0,28.3,21.0,20.0,4.3,57.0,1.3,216.0,63.0
117847,0,46.0,1.0,31.6,16.0,25.0,4.0,74.0,0.5,331.0,63.0
117849,0,51.0,2.0,26.8,14.0,16.0,3.8,69.0,0.3,292.0,48.0
117851,0,19.0,2.0,18.6,12.0,19.0,4.4,93.0,0.2,252.0,89.0
117853,0,43.0,2.0,25.4,16.0,18.0,4.0,94.0,0.6,319.0,37.0
117857,0,44.0,2.0,27.6,13.0,19.0,4.1,52.0,0.5,191.0,41.0
117858,0,60.0,2.0,31.5,17.0,24.0,3.9,73.0,0.6,196.0,72.0
117860,0,30.0,1.0,25.460572433145117,10.0,18.0,4.1,55.0,0.4,185.0,89.0
117862,0,80.0,1.0,29.9,10.0,19.0,4.1,77.0,0.4,186.0,45.0
117864,0,63.0,2.0,25.9,22.0,35.0,3.6,107.0,0.2,254.0,63.0
117866,0,51.0,1.0,30.1,51.0,70.0,4.0,68.0,0.5,207.0,42.0
117868,0,18.0,1.0,28.3,25.0,17.0,4.5,60.0,0.3,256.0,44.0
117869,0,56.0,1.0,33.1,19.0,18.0,4.1,92.0,0.5,183.0,43.0
117870,0,29.0,1.0,23.7,12.0,17.0,4.8,74.0,0.4,179.0,76.0
117873,1,57.0,1.0,29.1,114.0,67.0,3.8,116.0,0.4,212.0,50.0
117875,0,80.0,1.0,15.397857514027365,12.0,21.0,4.2,48.0,1.1,140.0,93.0
117877,0,41.0,2.0,27.8,8.0,14.0,3.9,51.0,0.7,241.0,50.0
117879,0,50.0,1.0,27.9,11.0,9.0,3.8,65.0,0.2,243.0,38.0
117881,0,46.0,1.0,28.9,15.0,12.0,4.2,72.0,0.6,145.0,51.0
117882,0,62.0,1.0,28.2,20.0,17.0,4.0,55.0,0.7,229.0,39.0
117884,0,66.0,2.0,30.0,16.0,22.0,4.0,67.0,0.5,296.0,92.0
117885,0,41.0,2.0,17.7,22.0,20.0,4.6,86.0,0.5,364.0,67.0
117886,0,71.0,2.0,28.9,11.0,13.0,4.0,88.0,0.3,192.0,49.0
117887,0,34.0,1.0,28.7,26.0,18.0,4.2,90.0,0.4,235.0,54.0
117888,0,24.0,1.0,25.2,16.0,35.0,4.4,42.0,0.5,196.0,61.0
117890,0,71.0,1.0,35.9,17.0,20.0,4.1,96.0,0.4,199.0,43.0
117893,0,55.0,2.0,27.6,17.0,15.0,4.3,81.0,0.2,291.0,42.0
117894,0,58.0,1.0,34.2,17.0,15.0,3.9,62.0,0.5,290.0,35.0
117897,0,22.0,2.0,21.1,29.0,38.0,4.1,45.0,0.3,259.0,63.0
117900,0,55.0,1.0,27.8,36.0,24.0,4.1,80.0,0.2,185.0,31.0
117901,0,27.0,1.0,36.8,33.0,25.0,4.0,94.0,0.2,255.0,29.0
117903,0,46.0,2.0,35.0,24.0,22.0,3.8,108.0,0.2,284.0,40.0
117907,0,21.0,2.0,29.0,19.0,15.0,4.1,86.0,0.2,262.0,54.0
117912,1,64.0,2.0,30.6,27.0,26.0,4.2,80.0,0.3,305.0,41.0
117913,0,57.0,2.0,35.8,12.0,15.0,4.1,97.0,0.3,261.0,56.0
117915,0,48.0,2.0,24.4,12.0,19.0,4.3,51.0,0.6,169.0,85.0
117916,0,75.0,1.0,29.0,12.0,13.0,4.1,82.0,0.7,213.0,63.0
117917,0,68.0,2.0,30.0,13.0,14.0,3.5,101.0,0.5,265.0,73.0
117918,0,62.0,2.0,36.5,16.0,18.0,3.9,125.0,0.2,301.0,89.0
117919,0,32.0,1.0,26.4,21.0,20.0,4.7,78.0,0.4,264.0,50.0
117922,1,31.0,1.0,27.7,29.0,29.0,4.5,91.0,0.3,242.0,47.0
117923,0,41.0,2.0,31.6,28.0,37.0,4.1,74.0,0.4,306.0,48.0
117925,0,35.0,1.0,36.4,26.0,25.0,3.9,62.0,0.6,268.0,58.0
117929,0,58.0,1.0,25.5,25.0,29.0,4.0,66.0,0.6,238.0,69.0
117930,0,23.0,2.0,22.3,9.729920152694051,24.268125115025722,4.3119647973804796,68.07062134154675,-0.17366959396881332,370.28501086686015,89.84485131588332
117933,0,34.0,1.0,38.9,25.0,30.0,4.0,85.0,0.3,184.0,48.0
117934,0,80.0,2.0,24.3,8.0,11.0,3.1,38.0,0.4,324.0,44.0
117936,0,19.0,2.0,23.7,22.0,25.0,4.7,77.0,0.5,240.0,63.0
117937,0,29.0,2.0,35.7,31.0,26.0,4.1,67.0,0.2,351.0,53.0
117939,0,46.0,2.0,21.9,13.0,13.0,4.3,73.0,0.3,378.0,41.0
117941,1,33.0,2.0,21.5,13.0,16.0,4.1,79.0,0.2,201.0,45.0
117942,0,36.0,2.0,40.9,10.0,10.0,3.7,69.0,0.7,271.0,48.0
117946,0,38.0,2.0,32.4,15.0,17.0,4.2,74.0,0.2,237.0,48.0
117948,0,40.0,1.0,23.5,24.0,20.0,4.8,48.0,0.4,161.0,53.0
117950,0,59.0,2.0,20.6,15.0,21.0,4.0,74.0,0.5,165.0,90.0
117951,0,80.0,1.0,24.6,17.0,25.0,4.7,203.0,0.8,248.0,39.0
117953,1,41.0,2.0,44.4,30.0,22.0,3.8,90.0,0.6,346.0,66.0
117958,0,39.0,1.0,28.1,30.0,22.0,4.4,73.0,0.5,228.0,50.0
117960,0,63.0,1.0,24.2,55.13531923407396,50.26881070256741,3.826102118554229,71.66825191185387,0.9429365169121044,201.58945249203944,47.10660944807742
117962,0,80.0,1.0,28.9,11.0,12.0,4.3,67.0,0.4,280.0,40.0
117964,0,60.0,1.0,25.0,35.0,51.0,4.4,52.0,0.3,237.0,66.0
117966,0,26.0,2.0,27.3,38.0,29.0,4.0,97.0,1.0,419.0,52.0
117968,0,39.0,1.0,36.1,43.0,30.0,4.4,70.0,0.5,281.0,42.0
117971,0,21.0,2.0,20.6,7.0,12.0,4.0,79.0,0.4,268.0,58.0
117974,0,39.0,2.0,23.9,25.0,23.0,4.0,45.0,0.4,292.0,57.0
117979,1,29.0,1.0,45.0,72.0,30.0,4.5,74.0,0.6,253.0,35.0
117981,0,24.0,1.0,24.1,16.0,23.0,4.5,35.0,0.3,276.0,54.0
117984,0,65.0,2.0,35.1,11.0,14.0,4.2,72.0,0.2,195.0,48.0
117986,0,26.0,1.0,23.9,26.124939884947153,20.489808244700797,4.4173466159943855,77.03561067211116,0.47968916979583676,371.29972925093057,22.15553086099237
117987,0,72.0,1.0,25.4,15.0,15.0,4.1,59.0,0.3,219.0,27.0
117989,0,64.0,1.0,28.1,44.0,30.0,4.4,69.0,0.7,265.0,43.0
117990,0,34.0,2.0,25.5,19.0,20.0,3.7,61.0,0.2,234.0,51.0
117991,0,47.0,1.0,27.5,16.0,16.0,4.1,72.0,0.2,329.0,34.0
117993,0,32.0,2.0,30.4,9.0,12.0,3.9,54.0,0.4,204.0,38.0
117996,0,47.0,1.0,31.6,22.0,24.0,4.0,80.0,0.6,198.0,46.0
117997,0,74.0,2.0,28.6,15.0,20.0,4.0,63.0,0.2,265.0,47.0
117998,0,43.0,1.0,28.5,21.0,20.0,4.5,54.0,0.4,213.0,51.0
117999,0,52.0,2.0,27.7,7.0,15.0,4.1,69.0,0.2,201.0,61.0
118000,0,43.0,2.0,19.5,7.0,14.0,4.0,52.0,0.4,204.0,50.0
118003,0,80.0,1.0,23.6,27.0,23.0,4.5,59.0,1.8,192.0,59.0
118004,0,55.0,1.0,29.0,-20.43437498115557,7.116615840127208,3.6683662824612964,105.95080027870729,0.7612818872034876,323.0,54.69953584835149
118006,0,19.0,2.0,20.2,9.0,14.0,3.6,46.0,0.1,214.0,56.0
118008,0,44.0,2.0,22.8,31.0,25.0,4.1,74.0,0.2,306.0,53.0
118010,0,64.0,2.0,35.55481429962076,39.112289705117924,33.49529635082497,3.8162406831586866,82.73269619888264,0.6921788871785273,266.05698218877126,37.82223849882887
118014,0,71.0,1.0,26.6,21.0,18.0,4.0,68.0,0.5,238.0,41.0
118017,0,79.0,2.0,32.4,16.0,18.0,4.0,78.0,1.0,195.0,65.0
118018,0,31.0,2.0,25.7,17.0,20.0,4.3,56.0,0.3,227.0,80.0
118020,0,19.0,1.0,17.2,12.0,19.0,5.0,105.0,0.4,158.0,63.0
118022,0,60.0,2.0,23.4,19.0,26.0,4.0,79.0,0.4,240.0,72.0
118023,0,20.0,1.0,16.7,11.0,20.0,4.6,78.0,1.3,277.0,51.0
118024,0,35.0,2.0,44.1,10.287747296645495,9.932326495089299,3.7462687483702113,120.75629592937204,0.047132068523880355,268.6842150724672,50.389034257455315
118025,0,50.0,2.0,25.8,30.0,25.0,3.6,52.0,0.4,229.0,93.0
118026,0,80.0,2.0,29.1,15.0,17.0,3.6,76.0,0.4,325.0,50.0
118029,0,52.0,2.0,21.4,14.0,12.0,4.4,53.0,0.2,254.0,57.0
118031,0,59.0,2.0,17.5,18.0,22.0,3.6,101.0,0.3,313.0,45.0
118033,0,61.0,2.0,29.0,13.0,17.0,4.2,72.0,0.4,133.0,56.0
118035,0,49.0,2.0,28.6,38.0,30.0,4.0,74.0,0.3,289.0,69.0
118036,0,19.0,1.0,22.3,7.0,16.0,4.7,59.0,0.4,205.0,66.0
118037,0,24.0,1.0,24.2,27.63643000203607,5.954244915528985,4.384019989408973,44.904023800318996,0.6240997162963139,240.0,49.05881482089676
118038,0,65.0,2.0,25.4,17.0,21.0,3.7,86.0,0.3,206.0,48.0
118039,0,66.0,2.0,23.8,20.0,28.0,4.1,86.0,0.5,250.0,63.0
118040,0,36.0,2.0,29.5,12.0,15.0,4.1,61.0,0.4,262.0,34.0
118042,0,53.0,2.0,25.5,17.0,16.0,4.2,96.0,0.3,278.0,78.0
118044,0,48.0,1.0,26.2,20.0,27.0,4.2,47.0,0.3,218.0,39.0
118045,0,51.0,1.0,22.8,42.0,21.0,4.5,87.0,0.8,205.0,72.0
118049,0,19.0,2.0,26.8,12.0,20.0,4.8,52.0,0.4,222.0,99.0
118050,1,69.0,1.0,38.6,25.0,26.0,4.3,56.0,0.9,253.0,56.0
118051,0,75.0,2.0,30.9,20.0,19.0,4.1,72.0,0.3,295.0,86.0
118055,0,53.0,2.0,49.8,13.0,14.0,3.8,202.0,0.6,284.0,78.0
118057,0,65.0,1.0,20.1,11.0,22.0,4.0,90.0,0.3,265.0,66.0
118058,0,50.0,1.0,31.8,23.0,23.0,4.1,69.0,0.7,193.0,45.0
118061,1,69.0,2.0,49.8,15.0,28.0,3.4,159.0,0.3,189.0,42.0
118063,0,25.0,1.0,22.5,13.0,17.0,4.5,46.0,1.7,270.0,68.0
118071,0,47.0,1.0,31.0,25.0,19.0,4.2,70.0,0.7,294.0,53.0
118072,0,56.0,2.0,32.5,11.0,15.0,3.9,79.0,0.2,291.0,64.0
118073,0,72.0,1.0,27.7,17.0,15.0,4.3,57.0,0.7,212.0,48.0
118074,1,63.0,1.0,42.8,31.0,25.0,3.9,50.0,0.6,228.0,42.0
118075,0,26.0,2.0,22.9,15.0,15.0,4.3,64.0,0.2,174.0,61.0
118079,1,61.0,1.0,27.4,4.810803933873842,7.212622098543239,3.7273744489536296,113.5057764531537,0.5766648957492251,240.0,46.14843729655203
118082,0,57.0,1.0,25.2,12.0,19.0,4.3,56.0,1.3,228.0,35.0
118083,0,64.0,1.0,28.7,23.0,17.0,4.3,61.0,0.2,252.0,42.0
118085,0,28.0,1.0,23.2,16.0,20.0,4.8,82.0,0.3,246.0,47.0
118086,0,39.0,1.0,37.2,41.0,26.0,4.1,101.0,0.7,194.0,38.0
118087,0,51.0,1.0,29.2,21.0,20.0,4.5,80.0,0.8,121.0,40.0
118088,0,35.0,2.0,17.7,20.0,16.0,3.7,61.0,0.3,263.0,54.0
118091,0,72.0,1.0,32.9,23.0,22.0,4.3,64.0,0.7,207.0,52.0
118093,0,47.0,1.0,35.9,26.0,21.0,3.7,66.0,0.2,141.0,40.0
118096,0,19.0,1.0,27.2,10.0,7.681643267369791,4.6,113.0,0.2,232.0,35.0
118101,1,28.0,2.0,54.2,50.458146782577415,26.532820791073775,3.1781498317283674,96.17086996813964,-0.01915286860189616,270.345367944911,31.923299852242188
118103,0,54.0,1.0,31.5,15.0,17.0,4.2,96.0,0.6,181.0,36.0
118104,0,65.0,2.0,32.1,12.0,16.0,3.6,117.0,0.4,235.0,55.0
118105,0,59.0,2.0,20.5,15.0,20.0,4.2,71.0,0.3,366.0,63.0
118107,0,39.0,1.0,28.3,38.0,25.0,5.0,77.0,0.5,342.0,51.0
118108,0,63.0,1.0,19.3,70.0,54.0,3.9,88.0,0.7,260.0,70.0
118111,0,54.0,2.0,31.3,43.0,30.0,4.1,92.0,0.4,384.0,53.0
118113,0,59.0,2.0,41.7,58.91914556783858,46.815705294404886,4.027076066040357,106.52757029893641,0.6597704737123772,287.6814277321067,83.19528951611308
118115,0,62.0,1.0,27.3,18.0,14.0,4.3,62.0,0.7,202.0,39.0
118117,1,33.0,1.0,42.6,19.0,20.0,4.3,71.0,0.6,242.0,43.0
118118,0,46.0,2.0,32.1,8.0,13.0,3.7,71.0,0.5,293.0,57.0
118121,0,58.0,2.0,37.1,21.0,20.0,3.9,95.0,0.2,284.0,43.0
118123,0,65.0,2.0,32.4,16.0,17.0,3.8,66.0,0.6,226.0,47.0
118124,0,61.0,2.0,33.6,25.0,22.0,3.7,135.0,1.0,206.0,46.0
118125,1,57.0,2.0,46.3,11.0,16.0,4.2,105.0,0.2,267.0,50.0
118126,0,38.0,1.0,32.2,24.0,20.0,4.2,70.0,0.4,275.0,34.0
118128,0,56.0,2.0,43.2,17.0,13.0,3.8,167.0,0.3,456.0,48.0
118131,0,43.0,1.0,27.4,19.0,21.0,4.2,83.0,0.3,180.0,46.0
118135,0,49.0,2.0,36.1,24.0,21.0,3.9,102.0,0.1,250.0,50.0
118136,0,41.0,1.0,37.6,31.0,30.0,4.2,44.0,0.4,267.0,59.0
118138,0,53.0,2.0,29.4,51.0,32.0,3.9,66.0,0.4,204.0,42.0
118140,0,54.0,2.0,29.2,8.0,11.0,3.7,66.0,0.2,308.0,71.0
118142,0,73.0,1.0,40.2,14.0,17.0,3.9,76.0,0.3,187.0,41.0
118145,0,60.0,1.0,21.9,19.21420417869264,30.11598204493294,4.389991795566435,71.32262343282659,0.26954221679885243,219.0,53.321325389375225
118146,0,80.0,1.0,29.4,11.0,16.0,4.0,88.0,0.2,250.0,45.0
118147,0,30.0,2.0,27.0,13.0,19.0,4.6,42.0,0.3,256.0,60.0
118149,0,80.0,1.0,33.4,23.0,25.0,4.5,98.0,0.5,195.0,40.0
118150,0,60.0,2.0,23.4,16.0,12.0,4.0,99.0,0.3,323.0,54.0
118154,0,70.0,2.0,35.0,14.0,15.0,3.9,82.0,0.3,185.0,56.0
118156,0,48.0,2.0,34.6,20.0,17.0,4.3,82.0,0.2,330.0,56.0
118161,0,60.0,2.0,35.5,13.0,16.0,3.6,61.0,0.2,284.0,43.0
118162,0,59.0,1.0,24.7,17.0,22.0,4.2,134.0,0.9,289.0,70.0
118163,0,51.0,1.0,31.6,15.0,16.0,4.2,75.0,0.4,298.0,53.0
118164,0,49.0,1.0,38.1,21.0,14.0,3.7,39.0,0.2,311.0,38.0
118165,0,22.0,1.0,23.1,109.0,63.0,4.3,133.0,1.0,165.0,48.0
118166,0,36.0,1.0,22.9,19.0,15.0,4.5,63.0,0.4,150.0,41.0
118171,0,30.0,2.0,22.7,12.0,19.0,4.0,48.0,0.3,287.0,40.0
118172,0,43.0,2.0,22.9,10.0,18.0,3.6,67.0,0.3,169.0,39.0
118176,0,18.0,2.0,36.3,12.0,13.0,3.8,46.0,0.3,362.0,45.0
118178,0,62.0,1.0,21.7,16.0,25.0,3.9,57.0,0.5,249.0,106.0
118183,0,51.0,1.0,30.1,19.0,20.0,3.9,120.0,0.2,329.0,57.0
118184,0,38.0,1.0,21.1,30.0,38.0,4.3,82.0,0.7,330.0,78.0
118185,1,32.0,2.0,36.2,107.0,92.0,3.3,99.0,0.2,290.0,49.0
118190,0,45.0,1.0,28.8,22.0,20.0,4.4,77.0,0.6,172.0,37.0
118191,0,34.0,2.0,29.5,7.0,12.0,4.1,79.0,0.4,268.0,58.0
118193,0,51.0,1.0,23.1,19.0,17.0,4.3,64.0,1.2,232.0,56.0
118197,0,62.0,2.0,21.4,11.0,16.0,3.6,76.0,0.5,171.0,55.0
118199,0,22.0,2.0,28.9,17.0,13.0,4.3,73.0,0.5,276.0,42.0
118201,0,25.0,1.0,22.2,15.0,15.0,4.7,47.0,0.9,232.0,47.0
118204,0,65.0,1.0,24.8,28.542531620072022,35.15497627396409,4.306860753909886,70.1169942808031,1.2049915607944497,188.3578691144976,48.53621347919955
118205,0,44.0,2.0,36.684073946295264,7.0,12.0,3.7,63.0,0.2,276.0,58.0
118209,0,75.0,2.0,20.2,41.78623552460463,36.4989603381941,4.030215310098102,83.34750567001186,0.5803644246957836,263.0,45.70510082238129
118210,0,53.0,1.0,28.6,15.0,17.0,4.1,67.0,0.5,227.0,39.0
118211,0,50.0,2.0,32.5,11.0,14.0,3.7,45.0,0.3,141.0,56.0
118216,0,55.0,2.0,22.2,32.0,23.0,4.6,56.0,0.3,165.0,51.0
118217,0,48.0,1.0,25.5,55.0,50.0,4.0,60.0,0.5,201.0,47.0
118219,0,61.0,1.0,25.6,-13.732290165951245,-7.840449969044451,4.241990120832688,58.21029319543126,0.49562210345409197,117.0352642025958,67.7944319064855
118220,0,39.0,2.0,26.9,9.0,14.0,3.6,52.0,0.3,248.0,65.0
118221,1,52.0,1.0,22.1,139.0,272.0,4.9,90.0,0.6,128.0,147.0
118226,0,59.0,2.0,30.1,15.0,20.0,4.7,78.0,0.4,266.0,78.0
118227,0,29.0,2.0,25.5,9.0,18.0,4.2,64.0,0.5,334.0,66.0
118228,1,65.0,2.0,32.0,59.0,55.0,4.2,56.0,0.6,241.0,45.0
118229,0,69.0,1.0,28.3,12.0,16.0,3.9,61.0,0.9,155.0,55.0
118231,1,34.0,1.0,35.8,31.0,21.0,3.9,55.0,0.8,241.0,41.0
118234,0,52.0,1.0,31.0,42.0,34.0,4.3,98.0,1.2,207.0,40.0
118235,0,23.0,1.0,46.6,21.0,18.0,4.3,93.0,0.3,376.0,33.0
118237,1,48.0,1.0,32.1,38.0,22.0,4.6,40.0,0.3,216.0,44.0
118239,0,58.0,1.0,26.9,25.0,19.0,4.2,92.0,0.2,198.0,32.0
118242,0,76.0,1.0,30.4,29.0,23.0,4.0,65.0,0.6,372.0,48.0
118244,0,60.0,2.0,25.1,28.0,19.0,4.2,77.0,0.3,327.0,76.0
118245,0,21.0,2.0,38.2,29.0,16.0,3.8,78.0,0.2,324.0,29.0
118246,0,20.0,1.0,22.3,14.0,20.0,4.9,115.0,0.4,224.0,49.0
118247,0,74.0,2.0,36.8,14.0,20.0,3.4,74.0,0.6,258.0,65.0
118248,0,61.0,1.0,27.5,18.0,20.0,3.7,81.0,0.3,183.0,51.0
118250,0,71.0,1.0,27.3,14.0,17.0,4.2,57.0,0.2,265.0,66.0
118253,0,47.0,2.0,29.6,22.0,19.0,4.5,54.0,0.6,247.0,34.0
118254,0,63.0,2.0,32.0,27.0,21.0,4.1,107.0,0.6,290.0,53.0
118256,0,47.0,1.0,20.9,13.0,15.0,4.6,91.0,1.0,192.0,63.0
118258,0,29.0,2.0,34.4,21.0,18.0,4.4,60.0,0.3,236.0,66.0
118259,0,20.0,2.0,37.3,15.0,15.0,3.9,91.0,0.2,378.0,39.0
118262,0,28.0,1.0,28.0,17.0,23.0,4.4,45.0,0.5,245.0,63.0
118263,0,38.0,2.0,20.7,9.0,17.0,4.8,68.0,0.6,204.0,79.0
118264,0,42.0,1.0,23.3,24.0,22.0,3.8,52.0,0.2,302.0,49.0
118265,0,36.0,1.0,26.5,8.0,15.0,4.4,66.0,0.5,211.0,66.0
118266,0,68.0,1.0,25.9,17.0,17.0,4.0,95.0,0.9,166.0,42.0
118267,0,47.0,2.0,31.7,16.0,16.0,3.7,93.0,0.2,272.0,41.0
118269,0,40.0,2.0,28.3,10.0,12.0,4.0,69.0,0.3,300.0,41.0
118271,1,61.0,2.0,30.5,4.0,10.0,3.1,123.0,0.3,200.0,37.0
118275,0,19.0,1.0,21.3,24.0,21.0,4.8,91.0,0.8,200.0,56.0
118276,0,31.0,2.0,31.8,20.0,19.0,4.0,71.0,0.7,315.0,40.0
118279,0,65.0,2.0,26.4,50.0,34.0,4.0,114.0,0.5,240.0,49.0
118282,0,34.0,1.0,31.6,40.0,23.0,4.5,49.0,0.2,232.0,45.0
118284,0,43.0,2.0,29.3,10.0,13.0,4.1,78.0,0.3,319.0,35.0
118285,0,70.0,1.0,26.7,33.0,30.0,4.5,84.0,0.7,201.0,61.0
118286,0,45.0,2.0,33.3,21.0,19.0,3.8,83.0,0.2,268.0,52.0
118288,0,19.0,1.0,25.1,18.0,34.0,4.4,79.0,0.4,292.0,61.0
118292,0,41.0,2.0,35.9,52.0,24.0,4.1,91.0,0.4,178.0,44.0
118293,0,61.0,2.0,33.4,10.0,13.0,3.8,118.0,0.2,231.0,37.0
118295,0,59.0,1.0,22.6,17.0,19.0,4.3,71.0,0.2,216.0,41.0
118297,0,64.0,1.0,24.4,16.0,24.0,4.7,68.0,0.8,152.0,48.0
118298,0,67.0,1.0,30.9,17.0,21.0,4.1,63.0,0.6,216.0,50.0
118299,0,54.0,1.0,28.9,21.0,18.0,3.9,78.0,0.4,245.0,39.0
118300,0,80.0,1.0,22.7,11.0,17.0,3.9,83.0,0.5,157.0,61.0
118302,0,41.0,2.0,28.8,30.0,23.0,4.0,71.0,0.1,191.0,37.0
118304,0,75.0,2.0,36.5,11.0,16.0,3.7,88.0,0.2,238.0,43.0
118305,0,77.0,2.0,32.4,17.0,25.0,3.9,49.0,0.2,326.0,64.0
118306,0,24.0,2.0,25.2,13.0,14.0,4.3,105.0,0.4,237.0,60.0
118308,0,65.0,1.0,23.9,8.0,23.0,3.9,73.0,0.5,154.0,80.0
118315,0,29.0,1.0,20.6,13.0,16.0,4.1,55.0,0.3,219.0,39.0
118316,0,60.0,2.0,26.6,33.0,23.0,3.9,66.0,0.5,239.0,54.0
118317,0,33.0,1.0,25.9,69.0,28.0,4.4,115.0,0.5,165.0,38.0
118319,0,27.0,1.0,33.9,125.0,81.0,4.0,60.0,0.3,445.0,10.0
118320,0,35.0,2.0,29.0,15.0,19.0,5.0,45.0,0.8,207.0,49.0
118322,1,80.0,2.0,26.3,22.0,34.0,3.6,98.0,0.8,223.0,48.0
118324,0,52.0,2.0,23.3,13.0,15.0,4.1,116.0,0.5,197.0,48.0
118328,0,77.0,1.0,28.5,16.0,18.0,4.2,55.0,0.6,279.0,91.0
118330,0,58.0,1.0,28.0,29.0,22.0,4.7,68.0,0.7,253.0,45.0
118331,0,74.0,1.0,25.2,17.0,17.0,3.9,52.0,0.2,252.0,77.0
118333,0,55.0,1.0,24.3,24.0,22.0,4.5,68.0,0.6,260.0,42.0
118336,0,71.0,2.0,45.4,16.0,20.0,3.9,64.0,0.2,316.0,62.0
118337,0,33.0,2.0,16.2,13.0,15.0,4.2,59.0,1.0,247.0,59.0
118340,0,34.0,2.0,36.7,26.0,22.0,4.3,94.0,0.4,255.0,50.0
118342,0,40.0,2.0,24.4,10.0,16.0,4.2,67.0,1.0,260.0,57.0
118344,0,45.0,2.0,31.8,21.0,23.0,3.7,72.0,0.2,174.0,39.0
118348,0,80.0,2.0,28.5,16.0,17.0,4.1,97.0,0.3,164.0,68.0
118349,0,48.0,2.0,41.0,14.0,17.0,3.7,60.0,0.2,342.0,57.0
118350,0,56.0,2.0,30.7,21.0,27.0,4.3,85.0,0.4,177.0,45.0
118351,0,61.0,1.0,36.1,27.0,24.0,4.0,48.0,0.2,222.0,40.0
118352,0,62.0,2.0,27.5,26.0,16.0,4.0,63.0,0.3,219.0,62.0
118358,0,51.0,1.0,25.2,36.0,28.0,3.9,61.0,0.5,296.0,31.0
118361,0,80.0,2.0,24.9,12.0,18.0,3.7,98.0,0.4,125.0,52.0
118362,0,80.0,2.0,30.2,11.0,19.0,4.2,109.0,0.5,343.0,45.0
118364,0,65.0,1.0,34.7,13.0,15.0,3.4,105.0,0.2,371.0,34.0
118367,0,28.0,2.0,39.2,8.0,15.0,3.6,61.0,0.2,282.0,56.0
118369,0,42.0,2.0,46.1,13.0,14.0,4.1,55.0,0.4,327.0,31.0
118370,0,43.0,2.0,32.3,9.0,19.0,4.4,78.0,0.4,301.0,32.0
118371,1,80.0,1.0,34.8,63.80404401143066,31.842027188223334,3.671563216679453,74.76481068546526,0.32423583819035284,249.1189277197845,45.88384999520479
118373,0,19.0,2.0,20.9,11.0,16.0,3.5,35.0,0.1,244.0,69.0
118374,0,28.0,1.0,28.7,28.0,25.0,4.2,65.0,0.6,226.0,51.0
118375,0,34.0,1.0,36.4,42.0,33.0,3.8,68.0,0.2,226.0,29.0
118380,0,70.0,1.0,28.1,20.0,24.0,3.9,53.0,0.4,205.0,57.0
118381,0,55.0,2.0,31.0,18.0,18.0,3.9,95.0,0.6,232.0,50.0
118382,0,80.0,1.0,27.7,20.0,23.0,4.0,131.0,0.6,136.0,52.0
118384,0,47.0,1.0,33.1,53.0,24.0,4.4,86.0,0.5,211.0,67.0
118385,0,39.0,2.0,21.4,13.0,17.0,4.5,54.0,0.3,260.0,60.0
118386,1,59.0,1.0,34.8,11.0,14.0,3.6,88.0,0.2,198.0,59.0
118387,0,80.0,1.0,24.0,9.0,11.0,4.0,98.0,0.4,268.0,43.0
118391,0,34.0,2.0,31.1,17.0,19.0,4.1,63.0,0.8,347.0,53.0
118393,0,69.0,2.0,31.1,8.310674248518525,1.3910551865692984,4.0189682728983245,56.28843782659365,0.8182291754250626,127.0,57.44027763136181
118395,0,56.0,2.0,30.0,11.0,20.0,4.1,89.0,0.6,189.0,34.0
118396,0,57.0,2.0,26.4,31.0,30.0,4.0,131.0,0.4,321.0,41.0
118399,0,66.0,1.0,22.1,25.0,26.0,3.7,42.0,0.4,178.0,81.0
118402,0,53.0,1.0,31.8,55.795969659264586,35.40999428674032,4.138118869657496,75.59013277722156,0.22288741198181783,180.3295671459071,14.431483578601416
118406,0,42.0,1.0,27.7,11.0,16.0,4.3,45.0,0.4,254.0,87.0
118407,0,51.0,2.0,19.5,18.0,22.0,3.9,60.0,0.2,319.0,57.0
118408,1,26.0,1.0,40.6,72.0,36.0,4.1,74.0,0.8,312.0,37.0
118409,0,37.0,2.0,39.4,12.0,15.0,3.8,37.0,0.3,262.0,66.0
118411,0,67.0,1.0,30.1,21.0,18.0,4.2,104.0,1.2,247.0,40.0
118412,0,68.0,2.0,28.4,24.0,26.0,4.3,93.0,0.5,180.0,75.0
118416,0,80.0,2.0,27.0,10.0,19.0,4.1,107.0,0.6,189.0,75.0
118417,0,38.0,1.0,26.8,24.838497754923864,47.42431633094537,3.909502087020361,107.63242307371954,0.6010483625509178,292.44475625504015,50.09385743739026
118418,0,56.0,1.0,22.6,12.0,19.0,4.2,83.0,0.2,251.0,41.0
118423,0,41.0,2.0,37.3,38.0,25.0,4.0,97.0,0.2,292.0,48.0
118424,0,71.0,2.0,31.5,28.565517254474933,17.8863813273587,4.078307580659282,60.59066920304548,0.5510627605076233,255.0,49.25186626148008
118426,0,80.0,1.0,33.42147822623963,25.388311264618796,20.139593484025582,3.9508939979185476,131.2523140740508,0.11926346688263739,226.0,46.11173764486678
118432,0,19.0,1.0,17.8,19.0,21.0,4.2,94.0,0.7,225.0,42.0
118433,0,48.0,1.0,28.6,24.0,21.0,4.0,89.0,0.8,248.0,39.0
118435,0,61.0,2.0,48.0,13.0,15.0,4.0,73.0,0.9,339.0,66.0
118436,1,64.0,1.0,15.7,54.0,49.0,3.9,70.0,0.7,157.0,61.0
118442,0,27.0,1.0,27.7,20.0,26.0,3.9,90.0,0.2,222.0,39.0
118449,0,58.0,1.0,16.8,20.0,21.52065116982485,4.1,86.0,0.4,196.0,38.0
118450,0,21.0,1.0,26.6,21.0,21.0,4.8,55.0,1.5,217.0,51.0
118451,1,32.0,1.0,35.0,39.0,25.0,4.0,91.0,0.2,261.0,34.0
118452,0,63.0,2.0,26.3,14.0,17.0,4.1,86.0,0.2,228.0,51.0
118457,0,80.0,1.0,21.6,10.0,20.0,4.0,42.0,0.9,133.0,62.0
118458,0,65.0,2.0,25.1,15.0,18.0,4.1,52.0,0.2,179.0,94.0
118459,0,80.0,1.0,28.4,12.0,14.0,4.3,105.0,1.2,188.0,43.0
118460,0,35.0,1.0,25.0,21.0,20.0,4.4,68.0,0.8,229.0,54.0
118462,0,50.0,1.0,29.7,23.0,31.0,4.2,74.0,0.8,237.0,47.0
118463,0,62.0,1.0,32.2,19.0,25.0,3.7,107.0,0.4,202.0,50.0
118464,0,59.0,2.0,39.9,16.0,20.0,3.9,69.0,0.2,280.0,44.0
118465,0,18.0,1.0,23.2,11.0,12.0,4.8,76.0,0.9,198.0,48.0
118466,0,80.0,1.0,19.7,47.0,40.0,3.5,118.0,0.1,377.0,55.0
118471,0,61.0,1.0,23.8,30.0,22.0,3.9,106.0,0.2,278.0,147.0
118475,0,67.0,1.0,28.2,33.30288287132377,24.991062262400558,4.708470039391481,7.272562549257614,0.7718876669272944,217.99664853102337,68.30308641470666
118476,0,42.0,1.0,32.6,23.0,18.0,4.0,79.0,0.4,293.0,50.0
118478,0,63.0,1.0,30.1,29.0,21.0,4.5,64.0,0.5,252.0,52.0
118479,0,68.0,1.0,26.5,16.0,14.0,4.2,105.0,0.3,200.0,49.0
118480,0,47.0,1.0,41.0,17.0,15.0,3.8,97.0,0.5,296.0,36.0
118482,0,38.0,2.0,38.1,16.0,13.0,3.7,90.0,0.2,286.0,39.0
118484,0,54.0,1.0,34.9,17.0,19.0,4.1,89.0,0.7,141.0,72.0
118486,0,20.0,1.0,25.2,24.0,18.0,4.3,84.0,1.1,225.0,38.0
118488,0,35.0,2.0,26.1,11.0,16.0,3.5,59.0,0.5,167.0,83.0
118490,0,19.0,2.0,33.77257782187682,22.926867992672815,16.700142109232733,4.238577681318302,79.28278448508556,0.5374504075613946,303.2741975988403,46.83334677175037
118491,0,72.0,1.0,27.6,16.0,21.0,4.4,64.0,0.7,180.0,48.0
118492,0,33.0,1.0,29.4,32.0,23.0,4.1,47.0,0.6,198.0,28.0
118493,0,78.0,1.0,36.9,10.594916631414232,5.416916915670061,3.523989132778797,88.58130472121181,0.4608216262418985,214.1779530795617,58.11376054006486
118494,0,44.0,2.0,23.8,20.0,13.0,3.7,59.0,0.7,260.0,57.0
118495,0,31.0,2.0,33.2,11.0,14.0,3.7,66.0,0.1,325.0,54.0
118496,0,57.0,1.0,37.1,38.0,24.0,4.0,71.0,0.3,168.0,39.0
118500,0,57.0,1.0,33.4,23.0,28.0,4.3,75.0,1.2,176.0,40.0
118503,0,33.0,2.0,28.4,13.0,16.0,4.2,64.0,0.3,187.0,47.0
118504,0,25.0,1.0,31.4,18.0,22.0,4.0,64.0,0.2,195.0,32.0
118512,0,52.0,1.0,36.7,55.0,29.0,3.9,89.0,0.3,233.0,35.0
118513,0,80.0,2.0,31.3,12.0,16.0,3.7,92.0,0.2,421.0,58.0
118514,0,48.0,2.0,29.1,29.0,20.0,4.2,89.0,0.4,227.0,49.0
118515,0,76.0,1.0,25.5,18.0,13.0,4.3,56.0,0.4,190.0,53.0
118518,0,39.0,2.0,35.0,7.0,9.0,3.8,87.0,0.1,185.0,61.0
118520,1,64.0,2.0,28.5,9.0,15.0,4.3,68.0,0.5,182.0,40.0
118522,0,71.0,2.0,26.6,17.0,11.0,3.9,176.0,0.2,243.0,41.0
118523,0,54.0,2.0,28.3,16.0,20.0,3.8,110.0,0.3,283.0,70.0
118525,0,69.0,1.0,31.2,27.0,18.0,4.2,107.0,0.5,272.0,40.0
118528,0,34.0,1.0,20.4,13.0,14.0,4.0,58.0,0.3,297.0,44.0
118530,0,25.0,1.0,25.3,19.0,16.0,4.8,42.0,1.0,247.0,59.0
118532,0,80.0,1.0,25.8,13.0,20.0,4.5,57.0,0.7,215.0,73.0
118533,0,68.0,1.0,25.8,20.0,19.0,4.1,85.0,0.2,201.0,46.0
118536,0,61.0,2.0,23.7,12.0,19.0,3.9,63.0,0.5,234.0,54.0
118537,0,25.0,1.0,23.3,19.0,19.0,3.8,81.0,0.4,277.0,51.0
118539,1,28.0,1.0,37.3,33.0,28.0,4.2,66.0,0.6,233.0,40.0
118541,0,46.0,1.0,45.0,27.0,27.0,3.9,83.0,0.3,384.0,37.0
118544,0,33.0,2.0,36.5,36.0,28.0,4.4,82.0,0.2,270.0,38.0
118548,0,37.0,1.0,23.3,14.0,14.0,4.1,106.0,0.4,288.0,44.0
118550,0,24.0,1.0,36.2,16.0,14.0,4.4,52.0,0.4,189.0,38.0
118552,0,39.0,1.0,33.4,26.0,18.0,4.0,98.0,0.2,303.0,48.0
118553,0,57.0,2.0,19.9,10.0,16.0,3.9,60.0,0.8,284.0,91.0
118554,0,40.0,2.0,27.3,16.0,16.0,4.1,72.0,0.5,228.0,57.0
118561,0,55.0,2.0,31.5,31.0,20.0,4.1,64.0,0.3,299.0,44.0
118563,0,57.0,1.0,34.0,21.0,23.0,4.1,92.0,0.4,255.0,32.0
118564,1,80.0,1.0,34.4,15.0,21.0,3.7,108.0,1.1,152.0,36.0
118565,0,53.0,2.0,28.0,22.0,23.0,3.7,110.0,0.5,204.0,74.0
118567,0,33.0,1.0,27.3,24.20610227502122,14.237862231982199,4.439894191299121,99.9774303778497,0.30679941772043706,216.57295097190462,48.33795296780418
118569,1,61.0,1.0,38.2,16.0,21.0,3.6,62.0,0.3,174.0,29.0
118571,0,77.0,2.0,20.7,18.0,21.0,4.6,76.0,0.4,219.0,40.0
118573,0,57.0,2.0,26.2,24.0,28.0,4.4,98.0,0.3,250.0,57.0
118576,0,50.0,1.0,25.9,17.0,13.0,4.2,69.0,0.3,277.0,24.0
118577,0,80.0,2.0,32.2,11.0,12.0,3.5,68.0,0.2,302.0,65.0
118578,0,53.0,1.0,31.3,16.0,21.0,4.3,54.0,0.9,224.0,62.0
118579,0,72.0,1.0,18.9,18.0,21.0,3.8,80.0,0.3,262.0,85.0
118580,0,25.0,2.0,27.0,12.0,18.0,4.3,71.0,0.2,220.0,38.0
118581,0,71.0,1.0,32.4,16.0,20.0,3.9,81.0,0.4,234.0,45.0
118582,0,29.0,2.0,30.3,14.0,16.0,4.5,79.0,0.1,291.0,69.0
118586,0,37.0,2.0,43.2,15.0,14.0,3.4,47.0,0.1,234.0,50.0
118588,1,60.0,1.0,44.0,31.0,25.0,3.8,63.0,0.4,230.0,51.0
118592,0,54.0,2.0,27.0,13.0,25.0,4.4,110.0,0.8,349.0,63.0
118594,0,20.0,1.0,36.9,52.0,28.0,4.3,91.0,0.3,278.0,38.0
118595,0,71.0,2.0,29.0,31.0,27.0,4.0,97.0,1.5,199.0,67.0
118598,1,52.0,2.0,67.7,13.0,18.0,3.5,110.0,0.4,289.0,57.0
118600,0,35.0,1.0,25.2,38.0,31.0,4.6,69.0,0.4,198.0,46.0
118601,0,55.0,2.0,41.2,23.0,22.0,4.0,103.0,0.2,283.0,49.0
118604,1,58.0,2.0,26.0,35.0,29.0,3.6,95.0,0.3,229.0,66.0
118605,0,18.0,1.0,26.5,12.0,15.0,4.7,71.0,0.7,236.0,33.0
118607,0,48.0,1.0,37.8,37.0,42.0,3.8,63.0,0.2,365.0,60.0
118609,0,53.0,2.0,23.6,60.0,83.0,4.1,100.0,0.9,205.0,57.0
118610,0,59.0,1.0,24.9,24.0,28.0,4.3,41.0,0.5,132.0,55.0
118611,0,59.0,2.0,29.4,26.0,22.0,4.2,66.0,0.6,235.0,61.0
118612,0,33.0,2.0,22.6,11.0,16.0,4.2,68.0,0.5,286.0,48.0
118614,0,66.0,2.0,32.4,17.0,19.0,4.0,133.0,0.2,286.0,61.0
118616,0,37.0,1.0,25.5,21.0,23.0,4.1,102.0,0.6,401.0,34.0
118618,1,57.0,2.0,43.7,13.0,19.0,3.7,75.0,0.4,359.0,71.0
118620,0,77.0,2.0,30.3,21.0,22.0,4.0,92.0,0.4,263.0,64.0
118621,0,46.0,2.0,36.3,6.0,13.0,4.3,72.0,0.2,163.0,51.0
118622,0,69.0,2.0,30.0,11.0,16.0,4.1,62.0,0.6,181.0,83.0
118623,0,80.0,1.0,23.3,13.0,19.0,4.4,128.0,1.3,170.0,60.0
118624,0,26.0,1.0,25.9,11.0,10.0,4.7,50.0,0.5,202.0,48.0
118628,0,44.0,2.0,34.0,26.0,26.0,3.6,47.0,0.5,265.0,51.0
118630,0,42.0,1.0,27.5,14.732716751123377,23.271338370822747,4.2211490757286185,76.2672180283908,1.1690588357350373,258.5176602520393,62.179993534432334
118634,0,74.0,2.0,23.4,12.0,19.0,3.9,86.0,0.3,235.0,56.0
118636,0,60.0,2.0,34.3,52.0,50.0,4.4,83.0,0.9,144.0,39.0
118638,0,70.0,2.0,19.8,18.0,17.0,4.2,51.0,0.6,160.0,60.0
118640,0,56.0,1.0,27.6,28.0,20.0,4.3,109.0,0.3,199.0,35.0
118641,0,28.0,2.0,21.4,11.0,19.0,3.8,58.0,0.6,176.0,86.0
118643,0,50.0,2.0,30.7,11.0,20.0,3.7,70.0,0.2,413.0,82.0
118647,0,55.0,2.0,31.5,-6.74999831587117,4.638052063174886,3.547094045135252,36.430970479249005,0.6366953331590839,199.81366507193223,70.00386123054216
118648,0,47.0,1.0,29.6,67.0,36.0,4.6,93.0,0.6,176.0,35.0
118650,0,39.0,1.0,34.2,29.0,22.0,4.0,56.0,0.2,236.0,45.0
118651,0,51.0,2.0,28.9,12.0,17.0,4.0,56.0,0.3,231.0,65.0
118654,0,28.0,1.0,27.5,23.0,30.0,4.6,76.0,0.4,239.0,29.0
118655,0,58.0,2.0,41.3,23.0,31.0,3.7,80.0,0.3,255.0,37.0
118658,0,30.0,1.0,37.7,24.0,22.0,3.9,60.0,0.3,240.0,61.0
118662,0,70.0,2.0,37.7,19.0,22.0,4.4,84.0,0.3,226.0,53.0
118663,0,26.0,1.0,37.06920445040583,27.0,24.0,4.2,71.0,0.3,203.0,41.0
118664,0,32.0,1.0,21.5,35.164203882616604,36.02355907982549,4.071648533307705,85.93602092274247,0.4498110683850846,132.1363007855649,38.33946364731649
118665,1,70.0,1.0,35.4,35.0,24.0,4.1,73.0,0.5,271.0,45.0
118669,0,38.0,2.0,26.0,14.0,15.0,4.1,71.0,0.4,311.0,59.0
118671,0,73.0,1.0,21.5,46.77053037765117,40.71361076097227,3.5505556555591844,113.39866205821936,0.38393547069541845,316.0,75.9712223280005
118673,0,25.0,2.0,28.6,13.0,13.0,4.4,81.0,0.3,180.0,55.0
118675,0,59.0,1.0,26.8,21.0,20.0,4.3,77.0,0.4,170.0,51.0
118676,0,52.0,1.0,31.7,31.0,21.0,3.8,65.0,0.5,196.0,42.0
118678,0,78.0,2.0,34.1,23.0,31.0,4.0,114.0,0.4,217.0,64.0
118679,0,44.0,2.0,28.5,25.0,37.0,4.4,113.0,0.2,319.0,78.0
118681,0,65.0,1.0,28.8,15.0,14.0,4.2,60.0,0.4,189.0,38.0
118682,0,40.0,2.0,21.5,13.0,20.0,4.1,82.0,0.2,292.0,138.0
118687,0,53.0,2.0,26.3,24.0,21.0,3.8,75.0,0.3,332.0,63.0
118688,0,73.0,2.0,24.6,23.0,31.0,3.5,37.0,0.4,138.0,52.0
118692,0,65.0,1.0,44.9,27.0,26.0,4.1,69.0,0.5,210.0,27.0
118693,0,51.0,1.0,24.0,20.0,25.0,3.8,73.0,0.2,219.0,48.0
118696,0,27.0,1.0,23.5,14.0,18.0,4.1,69.0,0.5,212.0,43.0
118697,0,42.0,2.0,23.4,13.0,16.0,4.3,65.0,0.4,166.0,66.0
118698,0,19.0,1.0,26.0,34.0,37.5492645872659,4.5,88.0,0.7,204.0,58.0
118699,0,65.0,2.0,26.6,16.0,17.0,3.9,70.0,0.6,226.0,50.0
118701,0,45.0,2.0,27.2,9.0,13.0,3.6,44.0,0.5,452.0,70.0
118706,0,38.0,2.0,29.0,17.0,20.0,3.7,65.0,0.3,208.0,56.0
118709,0,18.0,1.0,23.4,31.30687253864196,29.674543738046516,4.287804998028234,79.72245287752065,-0.061708437279458295,198.12277850939188,62.19421435853352
118711,0,34.0,2.0,25.3,15.0,17.0,4.1,54.0,0.2,306.0,51.0
118712,0,23.0,1.0,39.2,159.0,77.0,3.9,100.0,0.8,219.0,38.0
118713,0,54.0,1.0,25.8,21.0,19.0,4.2,77.0,0.6,186.0,56.0
118714,1,71.0,2.0,37.7,12.0,17.0,4.1,74.0,0.4,226.0,100.0
118718,0,24.0,1.0,38.3,39.0,28.0,4.0,83.0,0.4,356.0,46.0
118719,0,23.0,1.0,19.6,10.0,20.0,4.0,83.0,0.4,232.0,49.0
118721,0,70.0,2.0,46.3,10.0,13.0,3.7,98.0,0.3,206.0,51.0
118722,0,62.0,2.0,49.9,19.0,25.0,3.9,65.0,0.5,280.0,41.0
118723,0,44.0,2.0,28.5,23.0,20.0,4.1,59.0,0.3,302.0,26.0
118724,0,62.0,2.0,25.2,16.0,20.0,4.5,57.0,1.5,250.0,122.0
118725,0,37.0,2.0,30.3,11.0,15.0,4.2,60.0,0.4,373.0,65.0
118727,0,66.0,2.0,33.2,42.0,49.0,4.1,40.0,0.3,239.0,69.0
118728,0,31.0,1.0,25.2,23.0,28.0,4.2,102.0,0.9,317.0,48.0
118729,1,43.0,2.0,40.9,15.0,15.0,3.6,81.0,0.2,291.0,54.0
118731,0,67.0,1.0,20.6,16.0,20.0,4.3,57.0,0.4,195.0,75.0
118732,0,51.0,2.0,25.6,14.0,18.0,3.9,49.0,0.4,263.0,63.0
118734,0,37.0,1.0,24.9,26.0,20.0,3.8,60.0,0.2,257.0,66.0
118735,0,80.0,2.0,27.3,15.0,20.0,4.0,48.0,0.3,281.0,64.0
118736,0,66.0,2.0,34.7,14.0,16.0,4.3,64.0,0.4,241.0,53.0
118737,0,26.0,2.0,41.0,16.0,21.0,4.2,73.0,0.2,260.0,51.0
118740,0,56.0,1.0,24.9,15.0,19.0,4.1,70.0,0.4,282.0,38.0
118742,0,80.0,2.0,27.7,13.0,19.0,3.6,77.0,0.5,307.0,83.0
118743,0,80.0,2.0,30.7,16.0,20.0,3.7,56.0,0.3,206.0,71.0
118745,0,32.0,1.0,32.6,17.0,15.0,3.9,79.0,0.2,259.0,35.0
118746,0,21.0,2.0,29.5,15.0,14.0,4.1,63.0,0.9,194.0,72.0
118748,0,31.0,1.0,15.5,10.0,18.0,4.9,81.0,0.6,157.0,65.0
118750,0,22.0,1.0,25.8,23.0,24.0,3.5,36.0,0.4,210.0,50.0
118752,0,37.0,2.0,28.0,58.0,33.0,4.2,74.0,0.3,309.0,63.0
118753,1,71.0,1.0,36.9,19.0,18.0,4.5,98.0,0.5,229.0,30.0
118756,0,29.0,2.0,25.3,24.0,22.0,4.5,50.0,0.5,231.0,90.0
118758,0,80.0,1.0,31.8,20.0,18.0,4.1,68.0,0.5,181.0,46.0
118759,1,34.0,2.0,48.4,16.0,15.0,4.1,78.0,0.7,182.0,25.0
118764,0,76.0,2.0,28.3,6.0,12.0,3.4,79.0,0.8,210.0,56.0
118766,0,37.0,2.0,35.3,11.0,15.0,3.9,70.0,0.5,142.0,49.0
118767,0,62.0,2.0,21.0,11.0,14.0,3.7,70.0,0.3,180.0,77.0
118769,0,80.0,1.0,29.3,29.03078033135452,37.58465537614319,3.877314383707963,47.81306725025952,0.2844287056728529,199.9381215214252,42.94739702302712
118770,1,68.0,1.0,35.369961954506635,22.0,17.0,3.7,91.0,0.3,243.0,32.0
118775,0,56.0,2.0,28.0,15.0,18.0,4.1,93.0,0.2,304.0,57.0
118776,0,55.0,1.0,29.0,34.0,30.0,3.9,104.0,0.7,183.0,48.0
118778,0,77.0,1.0,20.4,23.0,27.0,3.8,126.0,0.3,231.0,75.0
118781,0,44.0,1.0,34.1,45.0,26.0,4.0,73.0,0.4,280.0,37.0
118783,0,65.0,1.0,29.2,15.0,17.0,4.0,95.0,0.3,254.0,63.0
118784,0,27.0,1.0,35.2,43.0,28.0,3.9,60.0,0.2,172.0,45.0
118786,0,45.0,1.0,24.8,21.0,18.0,4.1,52.0,0.2,249.0,44.0
118789,1,32.0,1.0,35.8,29.0,27.0,4.2,53.0,0.4,228.0,59.0
118791,0,25.0,2.0,31.9,56.0,31.0,4.1,50.0,0.5,312.0,43.0
118792,0,67.0,1.0,28.5,19.0,24.0,3.9,92.0,0.7,291.0,41.0
118796,1,77.0,1.0,29.2,21.0,25.0,4.2,70.0,0.7,183.0,38.0
118797,1,18.0,1.0,25.3,9.0,13.0,4.4,99.0,0.6,215.0,43.0
118800,1,22.0,1.0,53.8,42.0,24.0,4.0,101.0,0.4,351.0,41.0
118802,0,39.0,1.0,43.8,17.0,19.0,3.8,64.0,0.3,317.0,38.0
118803,0,34.0,1.0,29.1,11.0,11.0,4.0,60.0,0.2,199.0,51.0
118804,0,21.0,1.0,34.1,40.0,23.0,4.2,71.0,0.4,248.0,48.0
118805,0,56.0,1.0,42.1,37.0,25.0,4.3,30.0,0.9,201.0,39.0
118807,1,43.0,1.0,34.6,19.84706280211188,17.354679405706907,4.4475053931059625,10.16413850871507,0.7744621146190107,189.02935982828433,52.92609565137484
118809,0,67.0,2.0,34.9,12.0,15.0,3.6,93.0,0.1,228.0,58.0
118810,0,24.0,1.0,27.6,33.0,22.0,4.4,59.0,0.2,313.0,41.0
118811,0,20.0,1.0,22.7,14.0,20.0,4.6,76.0,0.2,198.0,73.0
118813,0,72.0,1.0,30.2,16.0,17.0,4.2,81.0,0.3,195.0,42.0
118815,0,50.0,1.0,31.7,22.0,23.0,3.9,105.0,0.4,177.0,37.0
118816,0,26.0,1.0,25.2,21.0,26.0,4.5,63.0,0.4,179.0,41.0
118827,0,43.0,1.0,29.8,22.0,21.0,3.9,51.0,0.2,221.0,63.0
118829,0,67.0,1.0,28.5,-14.530854036928691,5.532278584568894,4.111583694662876,57.8099059361078,-0.0174879046441479,347.0,39.29844049135524
118831,0,38.0,1.0,27.7,34.0,24.0,4.1,65.0,0.6,167.0,48.0
118834,0,41.0,1.0,27.8,22.0,24.0,4.3,63.0,0.6,195.0,42.0
118836,0,20.0,1.0,23.5,22.0,26.0,4.4,63.0,1.3,196.0,53.0
118839,0,58.0,1.0,27.0,32.0,30.0,4.6,63.0,0.6,228.0,61.0
118840,0,23.0,2.0,19.6,26.0,22.0,4.6,39.0,0.4,224.0,61.0
118841,0,59.0,1.0,22.2,25.0,21.0,4.4,107.0,0.7,168.0,44.0
118845,0,64.0,1.0,24.7,17.0,17.0,4.3,83.0,0.8,223.0,49.0
118853,0,40.0,2.0,23.5,8.0,16.0,4.0,53.0,0.4,246.0,73.0
118857,0,67.0,2.0,30.2,22.0,30.0,4.4,82.0,0.5,278.0,79.0
118858,0,35.0,2.0,21.1,9.0,15.0,4.1,53.0,0.5,380.0,75.0
118861,1,65.0,2.0,36.9,11.0,14.0,3.8,99.0,0.3,219.0,47.0
118862,0,60.0,2.0,20.8,-6.0156196302308125,14.664020643636276,4.16116255652521,64.36270493687731,0.18555332198225158,183.3505565640004,34.31290358769637
118863,0,58.0,2.0,22.5,18.0,24.0,4.3,112.0,0.4,209.0,95.0
118864,0,61.0,2.0,33.3,15.0,15.0,3.9,132.0,0.1,516.0,35.0
118865,0,18.0,1.0,20.2,13.0,16.0,4.6,90.0,0.5,301.0,72.0
118871,0,63.0,1.0,29.0,14.0,18.0,4.1,37.0,0.4,241.0,42.0
118872,0,62.0,1.0,29.1,11.0,15.0,4.0,67.0,1.0,213.0,38.0
118873,0,69.0,1.0,22.5,23.0,26.0,4.0,74.0,0.4,226.0,48.0
118876,0,44.0,1.0,32.5,30.0,20.0,3.8,121.0,0.8,214.0,38.0
118877,0,59.0,2.0,35.6,8.0,12.0,4.5,127.0,0.4,214.0,55.0
118879,0,36.0,2.0,23.1,9.0,16.0,4.0,46.0,0.4,223.0,66.0
118883,0,29.0,2.0,24.0,13.0,15.0,4.2,79.0,0.3,262.0,52.0
118884,0,75.0,2.0,28.7,36.33210001079489,23.163375835451973,3.6820483995369875,76.48374226356643,0.19630270873021033,229.10610847798904,58.26895631989183
118887,0,64.0,2.0,25.4,10.0,17.0,4.2,63.0,0.3,363.0,64.0
118890,1,67.0,1.0,31.7,26.0,23.0,4.6,72.0,1.1,171.0,58.0
118893,0,29.0,1.0,25.5,23.0,23.0,4.5,141.0,0.4,305.0,51.0
118894,0,52.0,2.0,27.3,11.0,14.0,3.5,70.0,0.3,386.0,57.0
118895,0,32.0,2.0,18.4,13.0,16.0,4.2,59.0,0.5,254.0,52.0
118897,0,40.0,1.0,31.4,41.0,26.0,4.1,53.0,0.4,241.0,21.0
118898,0,60.0,1.0,24.5,37.364370855013384,36.557592670050255,4.251048572804803,52.894872228905854,0.7142972624342163,154.87641752292618,67.5193154900376
118899,0,70.0,1.0,30.1,15.0,18.0,4.1,58.0,0.4,184.0,52.0
118900,0,45.0,1.0,22.1,-22.59999700572719,-7.7227929770472254,3.9488652253261507,74.79364048898226,0.46340311970252884,167.0,18.97624550102327
118901,0,36.0,1.0,24.0,19.0,15.0,4.4,64.0,0.4,305.0,41.0
118903,0,50.0,1.0,25.4,4.872032660698406,8.417308460075414,3.8772194778893057,50.25272358652094,0.7601661519152613,219.0,62.80297860379004
118904,0,36.0,1.0,33.5,20.0,18.0,4.3,81.0,1.0,273.0,40.0
118905,0,48.0,1.0,31.0,38.0,35.0,3.9,85.0,0.7,187.0,51.0
118906,0,80.0,1.0,32.2,18.0,23.0,4.1,96.0,0.6,158.0,41.0
118913,0,47.0,2.0,20.2,10.0,16.0,4.3,57.0,0.3,165.0,78.0
118914,0,60.0,1.0,22.2,16.0,16.0,4.4,58.0,0.7,230.0,47.0
118915,0,56.0,2.0,19.8,39.0,31.0,3.9,85.0,0.4,210.0,83.0
118921,0,59.0,1.0,24.6,24.0,24.0,4.1,102.0,0.3,240.0,45.0
118922,0,72.0,2.0,21.2,10.0,17.0,3.9,81.0,0.3,226.0,44.0
118924,0,49.0,1.0,25.3,23.0,18.0,4.1,59.0,0.5,207.0,44.0
118926,0,28.0,2.0,21.3,30.0,28.0,4.2,114.0,0.4,276.0,69.0
118929,1,45.0,1.0,27.2,30.0,21.0,4.4,48.0,0.6,263.0,36.0
118932,0,39.0,2.0,36.5,11.0,15.0,3.8,64.0,0.2,209.0,54.0
118933,0,80.0,1.0,26.1,16.0,25.0,3.6,52.0,0.9,116.0,48.0
118935,0,60.0,1.0,33.6,16.0,18.0,3.8,76.0,0.6,245.0,68.0
118937,1,69.0,1.0,48.4,19.0,24.0,4.5,94.0,0.8,151.0,58.0
118938,0,24.0,2.0,30.6,18.0,21.0,4.1,60.0,0.2,300.0,48.0
118939,0,42.0,2.0,26.4,14.0,17.0,4.3,58.0,0.2,276.0,46.0
118940,0,64.0,1.0,23.1,31.26800011977998,41.267528295420384,4.439302376388567,96.47343549468209,0.5036345675471486,303.0,62.65559789053388
118942,0,30.0,2.0,20.9,10.0,15.0,4.3,48.0,0.5,283.0,84.0
118943,0,29.0,1.0,30.5,18.0,18.0,4.5,81.0,1.0,226.0,53.0
118944,0,51.0,1.0,18.2,19.0,23.0,4.5,76.0,0.4,128.0,54.0
118946,0,24.0,1.0,26.1,14.0,17.0,4.6,88.0,0.6,300.0,55.0
118947,0,58.0,2.0,25.7,27.0,20.0,4.0,51.0,0.4,236.0,44.0
118949,0,64.0,2.0,33.1,17.0,20.0,4.2,66.0,0.6,301.0,75.0
118951,0,45.0,1.0,34.9,15.0,23.0,4.7,84.0,0.4,241.0,36.0
118952,0,19.0,2.0,19.9,26.0,35.0,3.9,66.0,0.3,225.0,36.0
118953,0,76.0,2.0,31.8,15.0,22.0,4.0,54.0,0.3,277.0,58.0
118954,1,63.0,2.0,50.8,37.0,33.0,3.9,118.0,0.5,199.0,51.0
118956,0,69.0,2.0,24.9,-27.40947688659827,-8.328186374689107,4.226621507345554,101.82891123419495,0.3490361641478797,185.0,71.90074915071122
118957,0,64.0,2.0,28.4,23.0,21.0,4.1,99.0,0.1,316.0,53.0
118958,0,40.0,1.0,22.2,10.0,12.0,3.9,143.0,0.5,202.0,44.0
118962,0,71.0,2.0,30.7,27.0,23.0,4.2,97.0,0.7,242.0,63.0
118966,0,61.0,1.0,35.4,21.70374614987945,24.674047248220674,3.6976303679155573,134.00211866229603,0.37492698418932147,264.50947850287145,21.391053450647597
118967,0,33.0,1.0,33.0,18.0,22.0,4.4,45.0,0.5,184.0,43.0
118971,0,58.0,1.0,31.3,30.0,26.0,4.0,79.0,0.3,192.0,72.0
118972,0,52.0,2.0,29.2,63.0,57.0,4.1,91.0,0.6,193.0,90.0
118980,0,59.0,2.0,25.0,18.0,17.0,4.2,99.0,0.3,289.0,72.0
118981,0,18.0,2.0,24.1,15.0,15.0,3.9,62.0,0.2,300.0,56.0
118985,0,54.0,1.0,26.3,27.0,29.0,4.1,79.0,0.5,210.0,58.0
118986,0,51.0,1.0,31.8,32.0,24.0,4.3,93.0,0.6,153.0,67.0
118987,0,70.0,2.0,33.8,9.0,15.0,3.8,98.0,0.2,131.0,46.0
118989,0,53.0,2.0,19.6,17.0,20.0,4.3,63.0,0.5,308.0,83.0
118990,0,56.0,2.0,32.1,26.0,17.0,3.2,145.0,0.2,262.0,65.0
118991,0,28.0,1.0,23.9,42.0,34.0,4.3,86.0,1.4,207.0,58.0
118992,0,51.0,1.0,35.9,34.0,17.0,3.9,56.0,0.5,177.0,49.0
118994,0,23.0,1.0,36.2,26.0,18.0,4.2,101.0,0.3,277.0,30.0
118997,1,64.0,1.0,32.591981301562925,24.0,16.0,3.6,157.0,0.2,189.0,41.0
118999,0,60.0,1.0,30.6,31.0,34.0,4.4,85.0,0.8,232.0,41.0
119000,0,72.0,1.0,29.1,11.0,12.0,3.8,53.0,1.5,190.0,52.0
119001,0,52.0,2.0,22.4,17.617802667825174,30.16933393820352,3.807471850436506,56.402672309331166,0.572069678236084,240.0,80.55136764952933
119005,0,27.0,2.0,18.9,21.0,21.0,4.7,34.0,1.2,206.0,68.0
119007,0,47.0,1.0,23.4,18.0,16.0,4.3,86.0,0.6,200.0,41.0
119009,0,64.0,2.0,27.4,20.0,19.0,3.9,77.0,0.5,317.0,51.0
119013,0,80.0,2.0,26.1,9.0,13.0,3.9,77.0,0.2,243.0,35.0
119016,0,56.0,1.0,24.1,26.0,16.0,3.4,59.0,0.5,280.0,31.0
119017,1,65.0,1.0,35.0,31.0,20.0,4.3,72.0,0.3,142.0,33.0
119019,0,50.0,1.0,27.0,27.0,22.0,4.1,89.0,0.4,196.0,39.0
119022,0,64.0,1.0,28.6,38.0,29.0,4.7,92.0,0.7,119.0,50.0
119024,0,22.0,1.0,22.3,52.0,34.0,4.5,103.0,1.8,185.0,75.0
119029,0,42.0,1.0,28.3,24.0,30.0,4.6,67.0,0.3,288.0,55.0
119030,0,67.0,1.0,24.8,14.0,24.0,4.1,69.0,0.5,175.0,62.0
119031,0,76.0,1.0,32.9,24.0,22.0,4.0,65.0,0.6,297.0,40.0
119034,0,33.0,2.0,23.5,19.0,17.0,4.5,60.0,1.3,155.0,70.0
119040,0,73.0,2.0,26.0,22.0,20.0,4.1,47.0,0.4,330.0,79.0
119041,0,37.0,1.0,37.2,41.0,24.0,3.8,62.0,0.3,257.0,40.0
119042,0,75.0,1.0,30.8,16.0,21.0,4.3,80.0,0.5,190.0,43.0
119044,0,43.0,1.0,32.2,30.0,26.0,4.1,75.0,0.3,342.0,35.0
119053,0,49.0,2.0,29.7,20.0,25.0,4.3,76.0,0.3,251.0,50.0
119055,0,61.0,1.0,19.2,13.0,15.0,4.6,70.0,0.4,242.0,57.0
119056,0,72.0,1.0,36.4,15.0,18.0,4.1,86.0,0.4,218.0,43.0
119058,0,78.0,2.0,27.1,15.0,24.0,3.9,110.0,0.5,192.0,45.0
119059,0,49.0,2.0,44.7,26.0,32.0,4.0,168.0,0.3,270.0,30.0
119061,0,54.0,1.0,26.0,18.0,17.0,4.2,49.0,1.0,240.0,38.0
119065,0,55.0,2.0,29.4,13.0,14.0,4.0,104.0,0.7,426.0,49.0
119066,0,24.0,2.0,31.2,14.0,16.0,3.8,51.0,0.2,228.0,50.0
119067,0,47.0,2.0,23.6,25.0,39.0,4.4,90.0,1.1,151.0,62.0
119068,1,46.0,1.0,50.2,19.0,15.0,3.7,75.0,0.5,361.0,54.0
119070,0,25.0,2.0,27.9,13.0,14.0,3.9,56.0,0.3,220.0,83.0
119075,0,56.0,2.0,18.9,17.0,19.0,4.4,72.0,0.2,220.0,97.0
119076,0,67.0,2.0,51.9,7.0,13.0,3.8,149.0,0.3,258.0,60.0
119077,0,53.0,1.0,31.6,14.0,13.0,4.2,70.0,0.5,199.0,47.0
119078,0,77.0,2.0,23.3,18.0,13.0,4.4,89.0,0.3,296.0,52.0
119079,0,32.0,2.0,35.4,1.7346787889289423,8.415267467891583,3.630802568960636,7.100321311675756,0.0340345376712034,236.0,36.38074592618467
119080,0,25.0,2.0,29.8,23.0,24.0,4.2,83.0,0.1,285.0,58.0
119081,0,23.0,1.0,28.3,13.0,16.0,4.6,85.0,0.7,201.0,64.0
119082,1,72.0,1.0,25.0,20.0,17.0,4.2,58.0,0.3,181.0,46.0
119083,0,63.0,2.0,38.8,21.0,17.0,4.0,130.0,0.2,277.0,54.0
119085,0,43.0,2.0,22.8,15.0,14.0,4.1,54.0,0.3,290.0,70.0
119086,0,36.0,2.0,17.9,10.0,17.0,3.7,43.0,0.3,261.0,69.0
119091,0,51.0,1.0,25.1,34.0,24.0,4.1,102.0,0.4,253.0,48.0
119092,0,67.0,2.0,22.4,16.0,23.0,4.4,67.0,0.4,237.0,93.0
119094,0,51.0,2.0,36.3,17.0,19.0,3.6,77.0,0.3,255.0,75.0
119096,0,47.0,2.0,19.3,8.0,17.0,4.2,63.0,0.2,357.0,83.0
119098,1,32.0,1.0,53.5,18.0,19.0,3.8,84.0,0.2,261.0,48.0
119100,0,33.0,2.0,24.9,33.0,29.0,3.5,67.0,0.1,245.0,38.0
119101,0,68.0,1.0,30.4,27.0,21.0,4.4,131.0,0.6,139.0,44.0
119102,0,66.0,2.0,32.5,19.0,22.0,4.1,55.0,0.8,214.0,91.0
119103,0,19.0,1.0,25.0,20.0,22.0,4.7,67.0,0.9,180.0,55.0
119104,0,35.0,1.0,33.0,46.0,22.0,3.9,85.0,0.1,239.0,26.0
119105,0,57.0,1.0,30.4,29.0,18.0,4.3,73.0,0.3,271.0,55.0
119108,0,74.0,1.0,30.5,7.0,15.0,4.0,81.0,0.5,163.0,42.0
119109,0,33.0,2.0,26.3,12.0,16.0,4.0,77.0,0.1,344.0,50.0
119117,0,66.0,1.0,23.2,14.0,18.0,3.8,50.0,0.7,249.0,85.0
119123,0,57.0,1.0,21.7,14.0,19.0,4.1,89.0,0.4,154.0,35.0
119124,0,61.0,2.0,24.6,15.0,20.0,4.4,86.0,0.6,196.0,82.0
119126,0,80.0,1.0,22.9,11.0,17.0,4.1,73.0,0.3,193.0,58.0
119127,0,33.0,1.0,27.4,19.0,22.0,3.7,55.0,0.4,197.0,43.0
119128,0,18.0,2.0,30.0,15.0,19.0,3.8,75.0,0.3,281.0,55.0
119130,0,62.0,2.0,20.4,37.0,57.0,4.9,82.0,1.0,172.0,137.0
119133,0,25.0,2.0,19.8,9.0,16.0,4.2,42.0,0.3,416.0,72.0
119136,0,62.0,1.0,19.7,13.236738618833,22.189667275484712,3.9126021913099525,78.14751262477357,0.6021372100509266,269.0,45.718368697370735
119139,0,73.0,2.0,25.2,15.0,24.0,4.1,52.0,0.3,220.0,61.0
119142,0,69.0,1.0,29.0,26.0,16.0,3.8,61.0,0.3,161.0,31.0
119144,0,22.0,1.0,33.9,25.0,18.0,4.0,162.0,0.7,216.0,38.0
119146,0,39.0,1.0,34.3,32.0,25.0,4.4,105.0,0.4,214.0,42.0
119149,0,48.0,1.0,24.9,13.0,15.0,4.3,67.0,0.5,196.0,60.0
119150,0,32.0,1.0,28.9,22.0,23.0,4.4,97.0,0.2,288.0,46.0
119152,0,55.0,1.0,17.1,23.0,23.0,3.8,74.0,0.2,202.0,55.0
119155,1,70.0,2.0,38.7,18.0,18.0,3.8,147.0,0.7,210.0,30.0
119156,0,22.0,2.0,21.5,11.0,26.0,4.7,56.0,0.3,316.0,79.0
119158,0,44.0,2.0,33.6,21.0,20.0,3.7,87.0,0.3,329.0,44.0
119160,0,71.0,2.0,32.0,13.0,17.0,4.3,77.0,0.2,336.0,65.0
119164,0,68.0,1.0,31.4,34.0,22.0,4.4,62.0,0.5,206.0,36.0
119166,0,42.0,1.0,28.2,179.0,111.0,4.0,80.0,0.9,211.0,37.0
119167,0,18.0,2.0,18.9,14.0,20.0,4.3,72.0,0.4,219.0,66.0
119169,0,42.0,1.0,23.8,44.0,58.0,3.8,120.0,0.6,126.0,41.0
119171,0,24.0,1.0,23.1,7.944300522024793,30.00707392108859,4.532533762907232,59.308504035612955,0.4933372974268704,341.4341815896341,42.288668479805125
119172,0,80.0,2.0,22.3,16.0,20.0,3.9,83.0,0.4,205.0,49.0
119175,1,49.0,2.0,30.3,25.0,17.0,4.2,47.0,0.6,476.0,46.0
119179,0,70.0,1.0,28.7,10.0,11.0,4.2,65.0,0.2,195.0,49.0
119181,0,42.0,1.0,36.8,27.0,18.0,4.4,91.0,0.6,264.0,31.0
119183,0,25.0,2.0,24.5,14.0,14.0,4.0,52.0,0.4,297.0,58.0
119184,0,35.0,1.0,24.8,17.0,22.0,4.0,64.0,0.3,231.0,84.0
119186,0,63.0,2.0,22.5,17.0,22.0,4.0,86.0,0.2,254.0,120.0
119187,0,45.0,1.0,27.8,23.0,19.0,4.2,69.0,0.6,242.0,50.0
119189,0,64.0,2.0,32.0,11.0,16.0,3.8,107.0,0.4,234.0,44.0
119191,0,19.0,1.0,31.3,52.0,28.0,4.3,108.0,0.5,211.0,32.0
119192,0,44.0,2.0,44.6,14.0,25.0,3.4,72.0,0.2,309.0,78.0
119193,0,52.0,2.0,29.9,11.0,14.0,4.0,87.0,0.8,206.0,38.0
119194,0,41.0,1.0,25.3,19.0,20.0,3.8,77.0,0.4,256.0,54.0
119196,0,40.0,1.0,27.3,12.0,21.0,3.6,54.0,0.5,170.0,59.0
119197,0,72.0,2.0,35.5,27.0,27.0,4.2,121.0,0.2,316.0,48.0
119201,0,25.0,2.0,38.1,25.0,17.0,3.8,55.0,0.7,246.0,39.0
119202,0,80.0,2.0,24.7,16.0,23.0,4.1,76.0,0.5,145.0,62.0
119206,0,69.0,2.0,38.9,30.0,32.0,4.0,88.0,0.5,213.0,45.0
119207,0,45.0,2.0,24.4,13.0,15.0,4.2,65.0,0.4,175.0,62.0
119210,0,48.0,2.0,20.9,24.0,22.0,4.4,45.0,0.3,235.0,86.0
119211,0,80.0,1.0,24.2,13.0,15.0,4.1,56.0,0.6,166.0,53.0
119212,0,35.0,1.0,25.8,14.0,16.0,4.1,64.0,0.2,230.0,60.0
119215,0,31.0,1.0,27.4,36.900689346298634,41.4566773378486,3.9675340446476213,66.62339343339984,0.784499765206186,295.062999707009,49.76274145652559
119216,0,43.0,1.0,27.3,19.0,13.0,3.9,74.0,0.2,203.0,27.0
119219,0,80.0,2.0,21.4,14.0,24.0,4.3,52.0,0.9,238.0,69.0
119220,0,80.0,2.0,29.2,18.0,16.0,3.8,80.0,0.2,255.0,58.0
119222,0,69.0,2.0,29.7,22.95843523743844,33.77132572245271,4.09528349898003,65.82466721620827,0.3288663669178907,137.39351945889192,62.390481468609565
119223,0,63.0,1.0,25.9,13.0,20.0,4.3,57.0,0.4,282.0,56.0
119227,0,20.0,2.0,21.6,8.0,13.0,4.0,45.0,1.7,242.0,54.0
119229,0,29.0,1.0,25.1,56.0,54.0,4.1,58.0,0.7,288.0,37.0
119230,0,61.0,2.0,25.0,9.0,14.0,4.2,111.0,0.1,246.0,42.0
119232,0,51.0,1.0,22.6,14.0,19.0,4.2,65.0,0.5,151.0,81.0
119234,0,41.0,2.0,32.3,6.179358361323738,24.11487801686759,3.929089679008896,63.212931125574464,0.9128207535970061,150.8261179885186,61.67516770016636
119237,0,67.0,2.0,26.4,21.0,25.0,4.5,102.0,0.3,229.0,60.0
119239,0,71.0,2.0,31.005367988716486,15.0,14.0,4.2,97.0,0.5,185.0,47.0
119240,0,70.0,1.0,14.9,-6.596211513001582,12.351558726747323,4.292832430673591,84.4620138835063,0.4491456903489896,93.73132674198756,69.27503880269866
119241,1,54.0,2.0,32.5,33.0,29.0,4.1,92.0,0.4,254.0,38.0
119243,0,66.0,1.0,26.3,31.0,30.0,4.0,87.0,0.3,193.0,65.0
119245,0,45.0,1.0,28.8,30.0,23.0,4.3,64.0,0.3,250.0,57.0
119248,0,61.0,1.0,27.8,19.0,22.0,4.4,96.0,0.7,204.0,36.0
119250,0,38.0,1.0,32.5,44.0,25.0,4.3,60.0,0.3,164.0,48.0
119252,0,24.0,1.0,29.1,115.0,52.0,4.3,67.0,0.4,516.0,35.0
119257,0,44.0,1.0,30.2,21.0,28.0,4.5,44.0,0.5,373.0,57.0
119260,1,65.0,2.0,35.0,17.0,16.0,3.8,89.0,0.3,252.0,44.0
119261,1,20.0,1.0,38.6,61.0,47.0,4.0,30.0,0.3,283.0,34.0
119262,1,51.0,1.0,41.9,23.0,23.0,3.8,98.0,0.2,157.0,61.0
119265,1,64.0,2.0,36.2,213.0,182.0,3.9,144.0,0.9,204.0,44.0
119266,0,46.0,1.0,29.8,25.0,21.0,4.0,77.0,1.3,282.0,42.0
119267,0,80.0,2.0,24.3,7.0,14.0,3.8,80.0,0.5,131.0,46.0
119269,0,72.0,2.0,24.5,14.0,15.0,4.3,83.0,0.2,315.0,35.0
119270,0,62.0,1.0,27.1,23.0,16.0,3.6,61.0,0.5,311.0,38.0
119271,0,36.0,1.0,26.9,40.591512484559715,41.04222531667786,4.1246646197308445,84.28093251876454,0.2527384395470362,221.70067170647502,39.020680515375176
119272,0,69.0,1.0,27.4,28.0,27.0,3.8,47.0,0.6,182.0,72.0
119273,0,73.0,2.0,31.0,20.937120694395134,28.38520411786714,3.6101139079849753,92.74682338062293,0.6506611582163918,261.0,57.97344258507101
119277,0,35.0,2.0,34.8,13.0,17.0,3.7,91.0,0.3,213.0,41.0
119283,0,30.0,2.0,20.9,44.839798331016105,32.81972008667109,4.037118840683022,121.1815789482487,0.4541101030846224,271.0,66.91949483046159
119286,0,19.0,1.0,28.1,41.0,22.0,4.4,94.0,0.6,331.0,44.0
119287,0,77.0,2.0,29.3,9.0,13.0,4.0,96.0,0.3,244.0,85.0
119291,0,80.0,2.0,33.7,15.0,18.0,3.8,83.0,0.5,156.0,66.0
119292,0,56.0,2.0,20.9,17.0,25.0,3.7,77.0,0.5,187.0,56.0
119293,0,68.0,1.0,24.4,6.0,13.0,3.8,299.0,1.0,290.0,38.0
119296,0,43.0,2.0,48.5,11.30016872569928,28.593783721151308,3.481017343321095,91.20067196102411,0.7327687429276681,284.1341131601632,65.96809410997756
119297,0,65.0,2.0,35.6,28.0,23.0,4.1,88.0,0.8,252.0,44.0
119298,0,64.0,1.0,29.2,21.0,24.0,4.5,72.0,0.6,134.0,42.0
119299,0,56.0,1.0,29.9,19.0,17.0,4.0,66.0,0.3,185.0,64.0
119300,0,56.0,2.0,26.8,19.0,24.0,4.3,69.0,0.3,237.0,74.0
119308,0,18.0,1.0,22.1,27.0,51.0,4.3,128.0,3.0,202.0,61.0
119311,0,36.0,1.0,28.0,24.0,17.0,4.0,58.0,0.3,228.0,42.0
119313,0,62.0,2.0,43.8,13.0,14.0,4.1,103.0,0.3,285.0,45.0
119316,0,18.0,1.0,33.7,42.0,28.0,4.2,80.0,0.3,321.0,37.0
119320,0,49.0,2.0,35.0,17.0,9.0,4.3,83.0,0.5,198.0,76.0
119321,0,77.0,2.0,23.0,24.784272040151386,22.251671951648255,4.296465576013499,69.21274670586271,0.7245214134255682,205.73410663918182,68.90316636916376
119322,0,66.0,2.0,37.2,33.901700462020614,24.55400410022466,3.905640194639857,69.16007589406672,0.9453602223250626,389.0,43.180398865740216
119323,1,47.0,1.0,29.6,37.0,49.0,2.6,347.0,0.8,299.0,28.0
119324,1,69.0,1.0,27.9,16.0,19.0,4.3,89.0,0.3,238.0,59.0
119325,0,71.0,1.0,37.3,37.0,30.0,4.1,39.0,0.6,184.0,39.0
119326,0,48.0,2.0,27.8,9.0,15.0,3.7,60.0,0.2,316.0,35.0
119328,0,25.0,2.0,23.6,12.0,15.0,4.5,59.0,0.4,261.0,58.0
119330,0,70.0,2.0,27.3,12.0,23.0,4.0,52.0,0.3,265.0,35.0
119334,0,24.0,2.0,21.0,7.0,13.0,4.0,53.0,1.0,248.0,43.0
119335,0,77.0,2.0,22.2,14.0,19.0,3.7,123.0,0.5,303.0,81.0
119337,0,75.0,2.0,30.7,43.0,46.0,4.2,142.0,0.2,244.0,56.0
119340,0,31.0,1.0,30.4,45.0,31.0,4.5,59.0,0.3,302.0,37.0
119343,0,52.0,1.0,29.9,15.585526168422744,6.93494850158152,4.208273426778204,53.07133322087747,0.703727279114511,218.35068337523367,40.0085142725096
119345,0,36.0,1.0,22.3,18.0,24.0,4.5,115.0,0.4,221.0,48.0
119348,0,69.0,1.0,16.7,25.145525168518454,27.386863289148437,4.391914539847175,116.07301216861123,1.068257915270677,314.0,41.0
119349,0,74.0,2.0,33.4,10.0,13.0,3.8,83.0,0.4,218.0,52.0
119350,0,56.0,2.0,19.0,26.0,37.0,3.5,118.0,0.3,315.0,48.0
119353,0,52.0,2.0,24.6,26.0,27.0,4.5,63.0,0.5,208.0,52.0
119354,0,34.0,2.0,52.9,16.0,17.0,3.8,119.0,0.4,236.0,44.0
119355,0,38.0,1.0,30.3,21.0,17.0,4.1,50.0,0.4,251.0,38.0
119356,0,64.0,1.0,21.9,14.0,17.0,4.6,58.0,0.5,189.0,58.0
119357,0,19.0,1.0,23.0,17.0,16.0,4.7,75.0,0.4,158.0,51.0
119358,1,51.0,1.0,27.5,36.0,22.0,4.0,73.0,0.5,330.0,39.0
119360,0,60.0,2.0,29.8,25.0,25.0,4.3,69.0,1.0,310.0,43.0
119361,0,72.0,1.0,28.3,27.0,19.0,4.4,109.0,0.9,197.0,35.0
119363,0,70.0,1.0,21.7,24.0,28.0,4.3,89.0,1.2,199.0,50.0
119364,0,73.0,2.0,25.5,9.0,14.0,4.4,77.0,0.4,323.0,60.0
119365,0,56.0,2.0,27.4,11.0,16.0,4.0,81.0,0.3,274.0,76.0
119367,1,75.0,1.0,24.6,10.0,15.0,4.0,89.0,0.4,181.0,39.0
119369,0,73.0,1.0,28.4,26.0,18.0,3.8,132.0,0.3,205.0,57.0
119370,0,63.0,2.0,44.7,20.0,20.0,3.8,88.0,0.3,373.0,53.0
119372,0,63.0,1.0,26.3,10.0,14.0,4.4,66.0,0.6,214.0,55.0
119375,0,31.0,2.0,23.4,24.0,22.0,4.1,76.0,0.3,247.0,59.0
119376,0,53.0,2.0,24.3,24.0,22.0,4.4,89.0,0.3,218.0,45.0
119381,0,67.0,2.0,25.2,11.0,16.0,4.6,81.0,0.5,200.0,48.0
119382,0,63.0,1.0,23.1,16.0,14.0,3.6,112.0,0.2,373.0,50.0
119383,0,34.0,2.0,45.5,21.0,13.0,4.0,47.0,0.2,306.0,69.0
119385,0,43.0,2.0,33.1,10.0,17.0,3.8,105.0,0.2,317.0,56.0
119386,1,37.0,2.0,42.0,13.0,12.0,3.8,64.0,0.3,351.0,66.0
119391,0,74.0,1.0,34.8,13.0,17.0,4.0,108.0,0.4,269.0,48.0
119393,0,54.0,1.0,28.7,19.0,16.158895283158415,3.7,54.0,0.1,205.0,27.0
119394,0,37.0,2.0,38.7,13.0,15.0,3.8,42.0,0.5,256.0,59.0
119396,0,80.0,2.0,28.3,22.0,24.0,4.1,39.0,0.4,261.0,51.0
119397,0,18.0,1.0,23.0,12.0,14.0,4.1,70.0,0.7,240.0,47.0
119399,0,79.0,2.0,25.2,15.0,22.0,3.5,94.0,0.9,231.0,54.0
119400,1,45.0,1.0,41.3,52.0,19.0,3.2,133.0,0.4,270.0,56.0
119405,0,55.0,2.0,29.2,32.0,27.0,4.3,91.0,0.1,226.0,41.0
119406,0,80.0,2.0,30.8,17.0,22.0,4.1,70.0,0.5,196.0,71.0
119407,0,57.0,1.0,23.5,26.0,21.0,4.4,69.0,0.2,235.0,32.0
119413,0,48.0,1.0,37.1,46.0,33.0,4.0,87.0,0.4,168.0,33.0
119417,0,58.0,2.0,30.2,23.0,19.0,4.0,62.0,0.2,264.0,119.0
119418,0,33.0,1.0,33.1,30.0,27.0,4.6,59.0,0.5,247.0,34.0
119420,0,80.0,2.0,16.7,-44.40803910203248,-12.584814971462194,3.6346473974613533,86.48659306087175,0.5532948730726446,307.873957227668,48.89460978423078
119421,0,38.0,2.0,26.2,21.0,23.0,4.3,51.0,0.5,226.0,71.0
119422,0,52.0,2.0,18.2,14.0,20.0,4.5,84.0,0.2,244.0,61.0
119423,0,54.0,2.0,40.9,8.0,12.0,3.1,95.0,0.1,254.0,49.0
119424,0,20.0,2.0,16.4,14.0,15.0,4.0,54.0,0.2,237.0,64.0
119427,0,67.0,2.0,40.6,14.0,9.0,3.6,57.0,0.6,353.0,37.0
119429,0,26.0,2.0,38.3,20.0,22.0,3.9,125.0,0.2,281.0,38.0
119430,0,43.0,1.0,31.6,43.0,23.0,4.9,89.0,0.6,187.0,35.0
119433,0,71.0,1.0,27.4,12.0,17.0,4.1,77.0,0.5,207.0,42.0
119434,0,75.0,1.0,26.7,28.0,28.0,4.6,85.0,1.0,202.0,40.0
119435,0,66.0,2.0,19.8,16.0,26.0,4.5,93.0,0.3,291.0,55.0
119438,0,27.0,1.0,31.2,26.0,20.0,4.0,102.0,0.2,249.0,37.0
119441,0,68.0,2.0,27.9,21.0,21.0,4.3,75.0,0.3,265.0,41.0
119442,0,40.0,1.0,35.3,118.0,40.0,4.1,114.0,0.3,260.0,32.0
119443,0,18.0,2.0,33.9,19.0,19.0,3.9,120.0,0.2,332.0,53.0
119447,0,64.0,1.0,26.5,30.0,20.0,4.0,134.0,0.4,296.0,38.0
119450,0,67.0,1.0,26.7,21.0,18.0,3.6,86.0,0.2,242.0,93.0
119451,0,68.0,1.0,31.7,22.0,14.0,3.8,72.0,0.4,274.0,40.0
119453,0,39.0,2.0,23.6,15.0,16.0,4.2,65.0,0.1,238.0,36.0
119454,0,18.0,1.0,51.7,43.0,24.0,4.4,209.0,0.3,338.0,34.0
119455,0,63.0,2.0,32.5,4.288988802947296,1.7594651924876548,3.670231244139012,116.32042625727709,0.46012270737813643,246.0,48.0
119456,0,56.0,2.0,28.1,42.12578204254217,34.374537315320254,3.811986603871654,56.061799441752584,-0.04623955899189147,316.09808703805953,68.83951090728077
119461,0,53.0,1.0,22.9,28.0,19.0,4.4,115.0,0.8,197.0,36.0
119462,1,35.0,2.0,33.2,83.0,42.0,4.3,51.0,0.3,338.0,45.0
119465,0,67.0,2.0,20.9,10.0,20.0,4.4,66.0,1.4,198.0,108.0
119466,0,61.0,1.0,26.3,18.0,18.0,4.8,82.0,0.6,349.0,39.0
119467,0,21.0,2.0,21.6,9.0,13.0,3.6,50.0,0.1,220.0,60.0
119470,0,39.0,2.0,20.6,11.0,15.0,4.1,40.0,0.6,234.0,122.0
119471,0,21.0,1.0,22.4,13.0,20.0,4.7,64.0,1.3,212.0,73.0
119478,0,51.0,1.0,34.2,24.0,16.0,4.4,67.0,0.5,79.0,48.0
119480,0,34.0,2.0,24.0,13.0,15.0,3.9,67.0,0.6,151.0,54.0
119481,0,36.0,2.0,29.4,13.608508176005587,26.712857116158624,3.882757245490888,104.00667907558255,0.672010601722802,206.0,61.727466110102995
119483,0,38.0,1.0,23.7,84.0,45.0,4.4,80.0,0.5,286.0,48.0
119484,0,21.0,2.0,29.9,12.0,17.0,3.8,83.0,0.1,190.0,27.0
119486,0,62.0,2.0,15.0,24.158350123460828,19.251049934154217,4.603522271839539,96.03387918636128,0.28807196405505164,324.0,75.13510543385371
119487,0,52.0,2.0,26.3,29.0,21.0,4.4,69.0,1.0,254.0,53.0
119488,0,30.0,1.0,35.0,32.0,22.0,4.1,54.0,0.5,271.0,35.0
119491,0,79.0,1.0,21.1,25.0,20.0,4.7,121.0,0.7,252.0,63.0
119492,0,80.0,2.0,25.2,10.0,20.0,4.2,94.0,0.2,196.0,57.0
119495,0,18.0,2.0,36.5,16.384745365463964,21.497157039671094,3.7462342406004874,64.06377189034113,-0.10441551213493239,352.2340479613286,51.89597109098217
119497,0,24.0,1.0,24.4,12.0,18.0,4.6,51.0,1.1,184.0,37.0
119499,0,48.0,1.0,28.8,36.0,28.0,4.3,67.0,0.5,198.0,42.0
119500,0,45.0,1.0,29.8,33.0,43.0,4.3,46.0,0.8,213.0,51.0
119501,0,39.0,2.0,31.5,11.0,14.0,4.3,92.0,0.3,260.0,45.0
119503,0,50.0,1.0,29.2,18.0,22.0,3.9,67.0,0.3,307.0,45.0
119504,0,44.0,1.0,30.6,36.0,24.0,4.4,80.0,0.3,321.0,49.0
119507,0,56.0,1.0,25.0,45.0,26.0,4.2,89.0,0.5,223.0,31.0
119508,0,37.0,2.0,19.7,13.0,25.0,4.4,62.0,0.5,370.0,118.0
119510,0,56.0,1.0,33.4,33.0,19.0,4.2,85.0,0.3,268.0,51.0
119511,0,80.0,2.0,21.9,11.0,15.0,4.2,68.0,0.4,261.0,66.0
119512,0,71.0,1.0,24.4,14.0,20.0,4.3,70.0,0.3,179.0,51.0
119519,0,67.0,2.0,47.1,10.0,12.0,3.1,80.0,0.2,394.0,54.0
119521,0,25.0,2.0,28.2,36.16421973376421,25.67978288113162,4.345616820542227,60.80463998583883,0.0023454245973795196,418.0,44.76116642099521
119523,0,25.0,2.0,23.6,10.0,16.0,3.8,46.0,0.2,275.0,65.0
119524,0,73.0,2.0,30.1,10.0,18.0,3.9,101.0,0.3,258.0,77.0
119526,0,55.0,1.0,22.8,18.35679906409039,19.567168902576064,4.431155823175193,39.650458422877726,0.6032788921144165,309.0,66.19403583777589
119532,0,60.0,1.0,31.8,24.0,24.0,4.1,69.0,0.3,307.0,63.0
119533,0,33.0,1.0,27.4,44.61581268667504,32.128120649386226,4.650921632877959,37.281024395943405,0.4609912852293906,140.0,37.179074916135356
119537,0,22.0,1.0,19.4,16.0,17.0,4.6,137.0,0.4,155.0,61.0
119540,0,70.0,1.0,28.2,16.0,17.0,4.4,81.0,2.2,155.0,39.0
119541,0,49.0,2.0,31.5,13.0,14.0,4.1,77.0,0.1,265.0,27.0
119543,0,54.0,1.0,20.1,45.0,40.0,4.6,116.0,0.5,240.0,87.0
119544,1,80.0,1.0,40.7,14.0,17.0,3.9,90.0,0.2,102.0,33.0
119547,0,62.0,1.0,32.7,45.0,24.0,4.1,84.0,0.5,153.0,44.0
119551,0,49.0,1.0,29.7,15.0,16.0,3.9,91.0,0.4,204.0,50.0
119552,1,74.0,2.0,42.1,10.0,15.0,4.3,68.0,0.4,167.0,41.0
119554,1,73.0,2.0,48.5,10.0,14.0,3.9,81.0,0.3,168.0,66.0
119556,0,52.0,2.0,19.2,16.0,20.0,4.0,61.0,0.5,140.0,84.0
119557,0,22.0,1.0,31.2,31.0,23.0,4.0,63.0,0.3,274.0,66.0
119559,0,54.0,1.0,29.9,17.0,30.0,4.2,82.0,0.9,163.0,46.0
119561,1,59.0,1.0,33.0,27.0,52.0,4.2,53.0,1.3,152.0,52.0
119562,0,80.0,2.0,39.6,11.0,17.0,3.9,99.0,0.3,307.0,54.0
119563,0,62.0,1.0,28.0,20.0,15.0,4.3,67.0,0.9,271.0,35.0
119565,0,56.0,2.0,23.2,10.0,14.0,4.0,132.0,0.2,517.0,36.0
119567,1,69.0,2.0,39.4,10.0,18.0,3.9,73.0,0.8,137.0,48.0
119569,0,18.0,2.0,25.2,15.0,21.0,3.9,76.0,0.2,257.0,84.0
119571,0,52.0,2.0,37.9,12.0,15.0,4.5,97.0,0.5,141.0,33.0
119575,0,28.0,1.0,26.3,28.0,19.0,4.2,127.0,0.2,299.0,42.0
119580,0,27.0,2.0,21.0,14.0,19.0,4.1,66.0,0.7,219.0,81.0
119581,0,45.0,1.0,25.3,13.0,23.0,4.3,72.0,0.4,187.0,64.0
119583,0,22.0,2.0,23.1,15.0,21.0,4.1,104.0,0.3,279.0,47.0
119584,0,51.0,1.0,30.2,52.0,21.0,4.2,97.0,0.3,319.0,57.0
119585,0,63.0,2.0,38.8,21.335248630025045,22.002433973493716,3.6991279480620944,89.34406863440282,0.135430210664788,205.0,67.27767482575044
119586,0,62.0,1.0,30.1,15.0,15.0,3.9,73.0,0.6,242.0,68.0
119588,0,58.0,1.0,30.5,19.0,16.0,4.2,61.0,0.3,227.0,60.0
119589,0,24.0,2.0,29.1,10.0,11.0,3.5,75.0,0.1,229.0,63.0
119590,0,44.0,2.0,26.4,40.0,22.0,3.9,76.0,0.3,203.0,66.0
119591,0,69.0,2.0,35.2,16.0,19.0,4.2,105.0,0.4,202.0,58.0
119592,0,80.0,2.0,35.3,10.0,14.0,4.0,84.0,0.7,240.0,48.0
119593,0,59.0,2.0,48.1,24.0,16.0,4.1,57.0,0.3,237.0,46.0
119594,0,47.0,1.0,26.9,63.0,40.0,4.0,91.0,0.3,271.0,48.0
119595,0,51.0,1.0,36.0,25.0,18.0,3.8,59.0,0.6,213.0,82.0
119597,0,47.0,1.0,26.9,19.0,22.0,4.7,54.0,0.3,281.0,44.0
119598,0,18.0,1.0,34.3,33.0,20.0,4.1,80.0,0.4,277.0,38.0
119600,0,49.0,2.0,22.1,8.0,15.0,4.4,78.0,0.2,270.0,48.0
119603,0,25.0,1.0,24.4,12.0,23.0,4.2,54.0,0.4,203.0,59.0
119604,0,37.0,1.0,25.6,33.0,36.0,4.8,52.0,1.1,184.0,54.0
119605,0,80.0,2.0,21.7,13.0,20.0,4.1,56.0,0.4,331.0,50.0
119606,0,60.0,1.0,21.8,14.0,19.0,4.3,57.0,0.5,313.0,79.0
119608,0,24.0,2.0,38.9,8.0,11.0,3.9,95.0,0.4,237.0,57.0
119613,0,28.0,2.0,24.8,27.0,27.0,4.1,82.0,0.3,315.0,54.0
119617,0,66.0,2.0,24.2,16.0,15.0,4.1,82.0,0.6,126.0,48.0
119618,0,61.0,1.0,28.7,31.0,20.0,4.3,78.0,0.8,298.0,39.0
119619,0,37.0,1.0,33.1,15.0,13.0,4.1,54.0,0.4,226.0,48.0
119621,0,32.0,1.0,33.6,20.0,16.0,4.9,69.0,0.3,366.0,43.0
119622,0,47.0,2.0,45.6,21.0,17.0,3.7,79.0,0.3,336.0,58.0
119623,0,33.0,1.0,25.3,11.0,17.0,4.6,43.0,0.2,240.0,66.0
119624,0,48.0,1.0,37.9,33.0,31.0,3.8,99.0,0.4,287.0,37.0
119626,0,33.0,1.0,21.6,14.0,23.0,4.7,106.0,1.3,270.0,54.0
119627,0,48.0,2.0,29.0,30.648639507869397,30.524882676432902,3.7161076553749974,40.356276466934794,0.4378981677224,253.0,75.31288260316795
119628,0,46.0,2.0,30.8,22.0,21.0,3.9,90.0,0.2,254.0,59.0
119629,0,73.0,1.0,31.2,40.0,32.0,4.1,52.0,0.7,258.0,60.0
119630,0,55.0,2.0,26.1,12.0,16.0,3.6,96.0,0.3,267.0,54.0
119632,0,68.0,2.0,27.2,18.0,20.0,4.1,105.0,0.7,315.0,46.0
119634,0,56.0,1.0,28.9,15.0,15.0,4.2,62.0,0.5,161.0,45.0
119635,0,38.0,2.0,33.2,13.0,14.0,3.6,73.0,0.1,198.0,48.0
119636,0,64.0,2.0,32.5,21.0,18.0,4.4,97.0,0.3,211.0,74.0
119637,0,65.0,2.0,42.8,25.765942039383145,31.398856414589922,4.238497271592728,91.95030238549148,0.44430296228199284,185.0,50.85413989112436
119640,0,80.0,1.0,24.8,9.0,17.0,3.7,57.0,0.9,134.0,43.0
119641,0,24.0,1.0,20.3,11.0,17.0,4.3,57.0,0.5,284.0,56.0
119642,0,59.0,2.0,37.9,12.0,11.0,3.6,60.0,0.2,263.0,48.0
119644,0,53.0,1.0,33.4,12.0,16.0,3.5,77.0,0.3,246.0,62.0
119645,1,47.0,2.0,39.1,18.0,18.0,4.3,91.0,0.6,255.0,47.0
119646,0,36.0,2.0,30.0,17.0,14.0,4.2,94.0,0.2,269.0,47.0
119648,0,65.0,2.0,26.8,11.0,14.0,3.8,57.0,0.2,307.0,72.0
119651,0,80.0,2.0,20.1,17.0,25.0,4.0,56.0,0.4,194.0,67.0
119653,0,29.0,1.0,22.5,17.0,21.0,4.7,72.0,0.3,190.0,57.0
119659,0,59.0,2.0,35.8,23.0,17.0,3.8,117.0,0.5,312.0,48.0
119660,0,53.0,1.0,25.1,32.0,23.0,4.1,70.0,0.5,199.0,47.0
119664,0,61.0,1.0,38.5,20.0,20.0,3.9,64.0,0.6,238.0,51.0
119665,0,54.0,2.0,36.4,26.0,30.86701136404133,4.1,157.0,0.3,341.0,49.0
119667,0,32.0,1.0,35.8,21.0,20.0,3.8,69.0,0.3,320.0,30.0
119668,0,38.0,2.0,29.2,21.0,23.0,4.3,101.0,0.7,379.0,50.0
119669,0,64.0,2.0,26.0,13.0,20.0,3.9,64.0,0.5,208.0,106.0
119670,0,52.0,2.0,33.4,12.0,14.0,4.4,87.0,0.4,275.0,49.0
119675,0,71.0,1.0,37.1,18.0,22.0,3.7,46.0,0.3,242.0,44.0
119678,0,71.0,1.0,35.4,16.0,15.0,4.0,78.0,0.7,211.0,59.0
119679,0,35.0,2.0,28.4,17.0,15.0,3.9,56.0,0.7,337.0,54.0
119680,0,41.0,1.0,34.1,27.0,16.0,4.4,90.0,0.4,333.0,40.0
119681,0,72.0,1.0,30.4,15.0,18.0,4.1,59.0,0.7,167.0,65.0
119683,0,62.0,2.0,25.8,9.0,15.0,3.8,76.0,0.4,316.0,50.0
119687,0,23.0,1.0,20.7,21.0,19.0,4.6,63.0,1.2,299.0,76.0
119688,0,51.0,2.0,26.7,59.0,51.0,4.3,170.0,0.2,240.0,45.0
119689,0,36.0,2.0,37.4,7.0,13.0,3.4,89.0,0.4,357.0,51.0
119692,0,80.0,2.0,26.6,7.0,14.0,3.8,49.0,0.3,214.0,48.0
119693,0,37.0,2.0,33.7,23.0,22.0,3.7,74.0,0.2,274.0,44.0
119694,0,20.0,2.0,19.5,10.0,15.0,4.0,85.0,0.3,396.0,50.0
119695,0,80.0,2.0,26.7,21.0,28.0,4.2,61.0,0.7,222.0,66.0
119696,0,45.0,2.0,35.0,17.0,12.0,3.8,70.0,0.2,366.0,44.0
119698,0,19.0,2.0,23.7,8.0,14.0,4.0,55.0,0.4,206.0,41.0
119700,0,53.0,2.0,28.6,13.0,18.0,3.7,43.0,0.3,236.0,60.0
119702,0,18.0,1.0,23.2,14.0,19.0,4.7,54.0,0.2,260.0,38.0
119703,1,40.0,1.0,35.4,19.0,16.0,4.1,44.0,0.8,243.0,55.0
119707,1,20.0,1.0,38.0,126.0,94.0,4.6,62.0,0.6,318.0,37.0
119708,0,80.0,1.0,24.3,19.0,21.0,4.1,96.0,0.5,215.0,39.0
119711,0,67.0,2.0,29.2,9.0,13.0,3.7,99.0,0.5,282.0,62.0
119712,0,80.0,1.0,33.3,17.0,23.0,4.4,84.0,0.5,179.0,49.0
119716,1,73.0,2.0,37.2,25.0,20.0,4.1,69.0,0.3,195.0,50.0
119727,0,24.0,1.0,16.3,20.0,23.0,4.5,70.0,0.4,263.0,48.0
119731,0,69.0,1.0,36.1,33.0,26.0,3.7,37.0,0.8,236.0,39.0
119734,0,73.0,1.0,28.3,26.0,30.0,4.1,51.0,0.9,182.0,46.0
119735,0,70.0,1.0,33.8,23.0,22.0,4.2,60.0,0.5,242.0,41.0
119737,0,22.0,2.0,33.5,21.0,16.0,3.9,131.0,0.2,269.0,32.0
119738,0,66.0,1.0,36.5,24.0,29.0,4.1,62.0,0.5,208.0,44.0
119742,0,35.0,1.0,29.3,21.0,23.0,4.4,90.0,0.3,271.0,41.0
119743,0,28.0,1.0,32.1,23.0,14.0,4.0,59.0,0.5,290.0,37.0
119745,1,45.0,2.0,54.5,14.0,18.0,3.7,61.0,0.6,232.0,45.0
119746,0,58.0,1.0,29.1,27.0,22.0,4.2,81.0,0.5,256.0,58.0
119747,0,75.0,2.0,25.0,0.9644418084107453,-1.5778615562732483,3.92372039587967,64.85085982054102,0.26101380863478174,214.0,62.36975894856774
119750,0,67.0,2.0,22.1,15.0,15.0,3.9,45.0,0.3,289.0,57.0
119751,0,72.0,2.0,34.0,13.0,16.0,4.1,128.0,0.4,295.0,73.0
119752,0,69.0,2.0,31.9,18.0,19.0,4.1,83.0,0.4,272.0,53.0
119753,1,46.0,2.0,34.9,46.0,30.0,4.0,122.0,0.9,164.0,33.0
119755,0,75.0,2.0,21.0,16.0,24.0,3.9,60.0,0.2,190.0,62.0
119758,0,19.0,2.0,36.7,11.0,15.0,4.1,86.0,1.0,243.0,78.0
119759,0,36.0,2.0,26.5,31.0,19.0,4.2,61.0,0.5,252.0,50.0
119760,0,30.0,1.0,21.576491791336533,33.911288378656,25.723995918819075,4.357507577915794,83.62613582486338,0.6690197739746242,251.0,22.2084270062481
119761,0,36.0,1.0,28.7,21.0,19.0,4.8,81.0,0.4,374.0,41.0
119762,0,62.0,2.0,39.8,28.0,29.0,4.4,79.0,0.4,374.0,60.0
119765,1,80.0,1.0,24.6,12.0,19.0,3.3,85.0,0.4,140.0,43.0
119766,0,61.0,1.0,22.4,21.0,24.0,3.8,65.0,0.4,120.0,63.0
119768,0,54.0,1.0,27.9,13.0,24.0,4.1,67.0,0.2,187.0,63.0
119769,0,70.0,2.0,29.5,28.0,21.0,4.3,155.0,0.4,255.0,39.0
119772,0,36.0,1.0,25.1,30.0,23.0,4.3,55.0,0.3,213.0,49.0
119773,0,19.0,1.0,24.3,12.0,16.0,4.8,71.0,0.3,174.0,55.0
119775,0,67.0,2.0,22.0,20.0,18.0,3.7,83.0,0.5,186.0,54.0
119776,0,19.0,2.0,41.7,43.0,25.0,3.4,61.0,0.4,444.0,45.0
119777,0,80.0,2.0,37.6,6.0,11.0,3.2,74.0,0.3,308.0,43.0
119779,0,67.0,1.0,28.5,16.0,21.0,3.9,59.0,0.2,251.0,54.0
119780,0,42.0,2.0,48.9,10.0,19.0,3.5,82.0,0.3,273.0,43.0
119781,0,40.0,1.0,33.3,50.0,37.0,4.3,36.0,0.5,250.0,56.0
119785,0,47.0,1.0,44.3,17.51574058088012,6.335826231868849,4.784993492979004,65.66347925376652,0.6765148067699333,276.0,32.28667118099394
119787,0,60.0,1.0,28.2,19.0,22.0,4.3,63.0,0.6,230.0,52.0
119788,0,80.0,1.0,25.8,8.0,14.0,3.9,79.0,0.7,160.0,50.0
119791,0,66.0,1.0,20.4,8.0,15.0,4.2,99.0,2.0,207.0,92.0
119795,0,67.0,2.0,24.8,18.0,20.0,4.1,100.0,0.3,218.0,40.0
119798,0,68.0,1.0,32.0,24.0,22.0,4.0,94.0,0.4,186.0,57.0
119799,0,70.0,2.0,23.0,24.0,28.0,3.9,81.0,0.5,188.0,59.0
119800,1,54.0,1.0,39.8,36.0,24.0,4.1,72.0,1.4,225.0,32.0
119801,0,48.0,2.0,32.8,25.0,19.0,3.8,93.0,0.2,306.0,50.0
119802,0,27.0,1.0,32.4,7.0,20.0,5.0,64.0,0.3,322.0,40.0
119806,0,56.0,1.0,34.7,23.0,15.0,3.9,36.0,0.4,254.0,36.0
119807,0,58.0,1.0,29.9,37.0,28.0,4.2,91.0,1.2,234.0,51.0
119808,0,78.0,1.0,33.4,14.0,18.0,3.6,91.0,0.3,168.0,45.0
119809,0,50.0,2.0,40.1,51.64651848180773,53.118066521376505,3.7479276692195778,113.07582393948094,0.800700908832686,173.0,50.0
119810,0,20.0,2.0,26.3,25.0,21.0,4.1,63.0,0.5,221.0,49.0
119811,0,45.0,1.0,29.7,32.0,26.0,4.4,105.0,0.6,277.0,55.0
119813,0,60.0,2.0,23.9,10.0,14.0,3.8,138.0,0.4,292.0,49.0
119814,0,71.0,2.0,28.1,6.0,9.0,3.6,122.0,0.6,214.0,60.0
119815,0,19.0,2.0,20.4,11.0,17.0,4.3,58.0,0.3,252.0,56.0
119817,0,50.0,1.0,29.1,42.0,18.0,4.0,53.0,0.5,231.0,66.0
119821,0,80.0,1.0,29.9,18.0,36.0,4.3,60.0,0.3,382.0,47.0
119825,0,51.0,2.0,25.2,11.0,16.0,4.1,72.0,0.5,245.0,57.0
119829,0,35.0,2.0,31.1,13.0,18.0,4.0,65.0,0.2,182.0,48.0
119830,0,33.0,2.0,20.9,12.0,17.0,4.5,73.0,0.3,218.0,63.0
119831,0,20.0,2.0,22.6,10.0,14.0,4.0,58.0,0.9,221.0,58.0
119832,0,41.0,2.0,28.3,14.0,15.0,4.2,85.0,0.3,286.0,43.0
119834,0,52.0,1.0,34.4,12.0,18.0,3.7,66.0,0.5,216.0,56.0
119839,0,68.0,2.0,30.2,24.0,22.0,4.7,151.0,0.7,270.0,62.0
119841,0,45.0,2.0,32.7,17.0,16.0,3.7,120.0,0.3,229.0,62.0
119842,0,40.0,1.0,37.8,43.0,25.0,3.9,65.0,0.3,322.0,39.0
119843,0,58.0,1.0,33.7,31.0,22.0,3.8,95.0,0.3,271.0,36.0
119845,1,70.0,1.0,27.9,40.26905102157062,30.265785776277156,3.9886195296127283,60.9291460775916,1.2580174114390972,157.9793337019325,38.33887797317182
119846,0,37.0,1.0,31.9,101.0,88.0,4.1,56.0,0.4,228.0,86.0
119848,0,56.0,2.0,29.5,12.0,16.0,3.9,65.0,0.3,254.0,55.0
119852,0,42.0,1.0,27.6,14.0,16.0,3.8,61.0,0.2,232.0,49.0
119854,0,46.0,2.0,22.9,25.0,31.0,4.2,45.0,0.4,190.0,57.0
119855,0,50.0,1.0,25.9,16.0,15.0,4.4,63.0,0.6,151.0,41.0
119859,0,25.0,1.0,32.1,22.0,24.0,4.2,65.0,0.2,218.0,46.0
119864,0,80.0,1.0,25.0,18.0,19.0,4.2,87.0,0.4,180.0,42.0
119869,0,19.0,2.0,23.0,-3.2035598163924597,5.9381366026168,4.610455754084089,89.23752845771651,0.6049114203415691,287.0,60.08385836064531
119870,0,65.0,1.0,34.9,15.0,38.0,3.7,46.0,0.7,216.0,28.0
119871,1,39.0,2.0,47.6,28.0,19.0,3.8,97.0,0.2,540.0,43.0
119873,0,19.0,1.0,26.0,30.0,20.0,4.8,74.0,1.3,164.0,44.0
119875,1,36.0,2.0,20.6,65.0,61.0,3.8,63.0,0.6,197.0,58.0
119876,0,60.0,1.0,23.3,26.0,20.0,4.2,56.0,0.4,231.0,46.0
119878,0,30.0,2.0,21.2,16.0,16.0,4.2,48.0,0.3,241.0,66.0
119879,0,42.0,2.0,23.5,24.0,29.0,3.9,90.0,0.2,290.0,68.0
119880,0,25.0,2.0,18.9,9.0,13.0,4.3,73.0,0.5,312.0,57.0
119882,0,26.0,2.0,50.5,19.0,20.0,3.4,81.0,0.3,278.0,60.0
119885,0,58.0,2.0,37.8,9.0,18.0,3.8,104.0,0.7,258.0,34.0
119886,0,73.0,2.0,31.5,38.0,30.0,3.8,94.0,0.5,230.0,60.0
119887,0,20.0,2.0,18.9,8.0,13.0,4.6,88.0,2.0,291.0,49.0
119889,0,80.0,2.0,28.7,9.0,16.0,4.6,91.0,0.5,304.0,40.0
119890,0,51.0,2.0,32.9,13.0,15.0,3.7,61.0,0.3,242.0,40.0
119891,0,30.0,1.0,25.8,37.0,53.04662230232252,4.3,81.0,0.8,143.0,35.0
119892,0,24.0,2.0,34.0,11.0,10.0,3.6,83.0,0.4,271.0,59.0
119896,0,43.0,2.0,32.1,45.0,66.0,3.8,94.0,0.4,155.0,151.0
119897,0,32.0,1.0,27.9,32.0,26.0,4.0,84.0,0.8,219.0,38.0
119898,0,28.0,2.0,18.0,14.0,23.0,4.5,41.0,0.9,215.0,75.0
119901,0,30.0,2.0,20.9,14.0,18.0,4.3,46.0,0.2,244.0,70.0
119905,0,52.0,1.0,40.9,10.0,17.0,3.8,55.0,0.5,212.0,40.0
119907,0,22.0,2.0,24.1,46.0,27.0,4.0,60.0,0.3,213.0,41.0
119908,0,19.0,2.0,36.4,16.0,14.0,3.8,52.0,0.2,339.0,48.0
119911,0,69.0,1.0,38.7,17.0,19.0,4.2,72.0,0.4,199.0,42.0
119913,0,80.0,1.0,26.4,14.0,16.0,4.4,58.0,0.4,226.0,85.0
119915,0,25.0,1.0,19.0,10.0,16.0,4.5,72.0,0.3,191.0,42.0
119917,0,55.0,1.0,28.6,20.020083922022884,15.734878304651982,3.8192742281399106,78.537028494333,0.12933223417610124,191.7130931688587,54.552482357914855
119918,0,68.0,2.0,29.5,9.0,16.0,3.7,105.0,0.5,229.0,48.0
119923,1,69.0,2.0,45.3,18.0,17.0,3.8,87.0,0.4,208.0,57.0
119927,0,18.0,2.0,28.8,15.0,13.0,4.1,65.0,0.2,363.0,60.0
119928,0,58.0,2.0,21.2,14.0,19.0,4.4,57.0,0.3,216.0,67.0
119929,0,18.0,2.0,25.5,10.0,11.0,2.7,59.0,0.3,268.0,48.0
119930,0,18.0,2.0,20.9,9.0,14.0,4.6,70.0,0.4,262.0,51.0
119932,0,66.0,1.0,26.2,26.1997778898593,13.517085005849038,4.063099240262528,111.33823162156702,1.2483546864580926,215.0,57.82249195447813
119935,0,38.0,2.0,25.6,12.0,14.0,4.6,101.0,0.4,208.0,59.0
119936,0,30.0,2.0,21.5,22.0,20.0,4.0,54.0,0.2,249.0,56.0
119937,1,37.0,2.0,82.0,12.0,14.0,3.1,123.0,0.2,359.0,34.0
119939,0,58.0,1.0,29.0,27.0,34.0,3.9,62.0,0.6,241.0,40.0
119940,0,63.0,1.0,28.2,1.2939468513833994,9.73744281334223,4.328576418794722,84.12643378882908,0.550030569715119,265.1604327251421,42.22158893791526
119941,0,80.0,2.0,22.6,22.0,23.0,3.9,55.0,0.3,130.0,61.0
119942,1,67.0,2.0,36.0,19.0,18.0,3.6,57.0,0.5,254.0,45.0
119944,1,65.0,2.0,58.2,12.0,16.0,3.9,95.0,0.6,240.0,32.0
119947,0,40.0,1.0,27.3,33.0,22.0,4.3,91.0,0.2,246.0,29.0
119948,0,62.0,1.0,26.5,18.0,23.0,3.9,99.0,0.5,248.0,43.0
119949,0,24.0,2.0,27.5,56.0,32.0,4.2,94.0,0.3,252.0,35.0
119951,0,75.0,1.0,27.6,18.0,17.0,4.4,100.0,0.4,264.0,41.0
119953,0,29.0,2.0,38.9,17.0,15.0,4.0,136.0,0.3,237.0,49.0
119958,0,30.0,1.0,44.9,35.0,19.0,3.7,63.0,0.7,291.0,37.0
119959,0,59.0,1.0,29.3,23.0,21.0,4.0,71.0,1.0,192.0,39.0
119960,0,45.0,2.0,27.7,9.0,11.0,4.0,62.0,0.3,350.0,54.0
119964,0,54.0,1.0,18.8,682.0,489.0,3.9,76.0,1.0,104.0,61.0
119965,0,29.0,1.0,18.6,11.0,19.0,4.5,69.0,0.6,212.0,62.0
119966,0,66.0,1.0,26.2,15.0,21.0,4.1,86.0,0.4,192.0,55.0
119968,0,70.0,1.0,43.2,12.0,13.0,3.8,133.0,0.6,211.0,43.0
119969,0,48.0,1.0,23.4,6.59550851269071,2.282691222307939,4.631780628956178,79.21765170101467,0.6352707784890483,253.0,52.080425077475546
119970,0,36.0,2.0,21.3,7.0,12.0,3.8,37.0,0.3,268.0,76.0
119972,0,80.0,1.0,31.0,18.0,18.0,3.7,82.0,0.3,170.0,45.0
119975,0,19.0,2.0,16.7,10.0,15.0,4.3,78.0,0.5,299.0,69.0
119978,0,29.0,2.0,42.2,9.0,12.0,3.4,83.0,0.4,369.0,59.0
119979,0,70.0,2.0,33.538522244715004,28.0,40.0,3.7,98.0,0.5,363.0,56.0
119980,0,22.0,1.0,24.0,118.0,64.0,4.0,87.0,0.2,409.0,32.0
119981,0,33.0,2.0,20.7,10.0,13.0,4.3,66.0,0.1,233.0,62.0
119982,0,32.0,1.0,25.4,16.0,18.0,3.9,105.0,0.3,265.0,81.0
119987,0,40.0,1.0,29.9,69.0,28.0,3.8,72.0,0.4,218.0,35.0
119988,0,19.0,2.0,18.2,9.0,19.0,4.2,56.0,0.2,463.0,73.0
119989,0,33.0,2.0,26.5,13.0,18.0,3.8,45.0,0.2,248.0,80.0
119994,0,55.0,2.0,22.3,13.0,11.0,4.3,57.0,0.4,215.0,51.0
119995,0,19.0,1.0,22.2,19.0,16.0,4.8,60.0,0.5,199.0,33.0
119996,1,53.0,2.0,28.1,15.0,17.0,3.8,109.0,0.4,454.0,44.0
119997,0,18.0,1.0,44.3,41.0,24.0,4.2,94.0,0.5,315.0,40.0
120000,0,29.0,2.0,42.7,23.0,21.0,3.4,74.0,0.2,459.0,47.0
120001,0,57.0,2.0,31.6,25.0,28.0,3.8,100.0,0.4,317.0,47.0
120003,0,53.0,1.0,34.7,32.0,16.0,3.2,60.0,0.4,178.0,43.0
120004,0,19.0,1.0,38.5,90.0,41.0,4.6,83.0,0.5,261.0,44.0
120005,0,41.0,1.0,33.3,27.0,24.0,3.9,59.0,0.3,282.0,46.0
120010,0,61.0,2.0,44.8,23.0,19.0,3.8,97.0,0.3,149.0,39.0
120011,0,34.0,1.0,28.5,21.0,25.0,4.8,48.0,0.3,323.0,59.0
120013,0,62.0,1.0,39.5,19.0,20.0,4.5,104.0,0.4,237.0,43.0
120016,1,33.0,1.0,42.9,34.0,24.0,4.3,70.0,1.2,285.0,42.0
120017,0,45.0,2.0,30.9,6.0,17.0,4.2,75.0,0.3,429.0,58.0
120018,0,30.0,2.0,42.2,9.0,9.0,3.6,65.0,0.4,384.0,67.0
120019,0,62.0,2.0,23.9,15.744997578018557,27.860236770583885,3.9169370878044623,77.01248349685376,0.14639671945205424,225.0,69.07543577914838
120020,0,18.0,2.0,26.1,9.0,12.0,4.1,57.0,0.5,330.0,55.0
120021,0,56.0,2.0,37.6,29.0,16.0,3.6,118.0,0.3,234.0,54.0
120022,0,56.0,1.0,22.4,13.0,16.0,4.0,54.0,0.5,217.0,53.0
120023,0,80.0,1.0,34.6,31.030757263674865,27.372013362039556,4.043445275570645,69.8641343095871,0.5539721733133824,259.0,42.0
120025,0,36.0,2.0,29.5,12.0,11.0,3.8,47.0,0.3,223.0,59.0
120026,0,60.0,2.0,18.3,13.0,18.0,4.2,75.0,0.5,322.0,52.0
120027,0,36.0,1.0,26.2,10.0,13.0,4.1,54.0,0.6,233.0,49.0
120029,0,28.0,1.0,23.7,12.0,20.0,4.7,79.0,0.5,211.0,50.0
120030,0,34.0,1.0,26.0,38.0,48.0,4.5,39.0,0.5,217.0,93.0
120039,0,31.0,1.0,24.8,29.0,27.0,4.5,93.0,0.3,288.0,49.0
120040,0,67.0,1.0,38.1,17.0,13.0,3.6,90.0,0.3,381.0,34.0
120041,0,62.0,1.0,28.6,9.0,12.0,3.9,55.0,0.5,295.0,61.0
120043,0,53.0,1.0,27.0,29.0,25.0,4.2,54.0,0.9,175.0,49.0
120045,0,66.0,2.0,29.4,26.0,29.0,4.0,81.0,0.7,224.0,33.0
120047,0,75.0,1.0,30.324337325186747,3.0,12.0,3.7,60.0,0.5,208.0,42.0
120048,0,23.0,2.0,21.4,10.0,13.0,4.0,47.0,0.5,213.0,89.0
120049,0,75.0,1.0,25.7,21.0,22.0,4.5,44.0,0.5,246.0,58.0
120052,0,72.0,1.0,32.5,11.0,13.0,3.6,102.0,0.2,316.0,28.0
120053,0,23.0,2.0,22.7,20.0,15.0,3.3,60.0,0.3,268.0,55.0
120055,0,39.0,2.0,23.8,36.0,38.0,4.2,124.0,0.9,324.0,60.0
120056,0,57.0,2.0,31.5,14.0,13.0,4.1,102.0,0.6,258.0,41.0
120062,0,68.0,2.0,30.0,11.0,15.0,3.9,116.0,0.2,303.0,54.0
120063,0,63.0,1.0,23.2,8.0,13.0,4.0,120.0,0.4,167.0,32.0
120064,1,70.0,1.0,36.2,29.0,20.0,4.7,64.0,0.4,353.0,40.0
120065,0,23.0,2.0,21.6,11.0,16.0,4.2,56.0,0.3,319.0,51.0
120067,0,67.0,1.0,20.0,18.071934258385813,26.09451747170923,3.9894018948838283,105.45093126690536,0.2818584443755019,170.54105529162874,63.23479846662715
120068,0,21.0,2.0,26.5,13.0,15.0,3.8,81.0,0.5,263.0,54.0
120069,0,23.0,1.0,38.3,31.0,23.0,4.2,63.0,0.6,311.0,45.0
120071,0,29.0,1.0,36.7,27.080919219212845,23.512062337271914,4.244841973562694,84.63904676207886,0.39029463860451874,340.0,71.49895423393701
120076,0,45.0,2.0,46.0,18.0,19.0,4.0,71.0,0.9,408.0,46.0
120078,0,69.0,2.0,31.7,16.0,20.0,4.3,77.0,0.5,216.0,59.0
120079,0,24.0,2.0,27.7,12.0,14.0,3.9,49.0,0.2,270.0,58.0
120080,0,61.0,1.0,36.1,28.0,26.0,4.3,71.0,0.3,192.0,33.0
120082,0,36.0,1.0,26.3,14.0,13.0,3.7,65.0,0.3,200.0,35.0
120084,0,33.0,2.0,23.8,9.0,17.0,4.0,48.0,0.4,213.0,71.0
120089,0,69.0,1.0,28.6,17.0,17.0,4.4,44.0,0.5,220.0,62.0
120090,0,45.0,2.0,23.3,29.0,42.0,4.2,89.0,0.7,188.0,119.0
120091,0,75.0,2.0,23.3,14.0,19.0,4.0,67.0,0.5,293.0,68.0
120097,0,70.0,2.0,24.0,25.0,27.0,4.5,47.0,0.5,207.0,59.0
120099,0,18.0,2.0,45.9,13.0,14.0,3.5,74.0,0.1,390.0,50.0
120101,0,21.0,1.0,22.4,19.0,20.0,4.2,52.0,0.2,170.0,52.0
120103,0,76.0,1.0,29.0,24.0,24.0,4.4,73.0,0.5,201.0,42.0
120104,0,38.0,2.0,29.9,10.0,15.0,4.2,68.0,0.1,262.0,55.0
120105,1,24.0,1.0,62.0,18.0,26.0,3.5,84.0,0.3,302.0,40.0
120106,0,30.0,2.0,30.5,31.0,24.0,4.1,97.0,0.4,279.0,39.0
120107,0,55.0,1.0,24.3,33.0,23.0,4.5,84.0,0.3,247.0,35.0
120110,0,50.0,2.0,24.0,15.0,15.0,4.2,70.0,0.2,265.0,80.0
120111,0,43.0,1.0,33.0,35.0,24.0,4.6,58.0,0.6,242.0,53.0
120113,0,18.0,2.0,38.6,7.308540108056299,2.1315372449786305,4.1894115302130555,76.6640422370607,0.21845147855756492,345.729553275382,20.913097708541454
120115,0,46.0,2.0,20.0,14.0,16.0,4.2,67.0,0.5,246.0,69.0
120116,0,50.0,1.0,27.7,24.0,26.0,3.8,58.0,0.6,174.0,44.0
120117,0,68.0,1.0,33.6,17.0,18.0,4.0,61.0,0.7,174.0,49.0
120119,0,62.0,1.0,25.8,23.0,27.0,4.1,83.0,0.6,153.0,53.0
120121,0,30.0,1.0,32.6,39.0,26.0,4.3,120.0,0.4,200.0,21.0
120124,0,57.0,1.0,21.4,19.0,25.0,4.3,81.0,0.6,337.0,48.0
120126,1,33.0,1.0,68.2,52.0,41.0,4.1,94.0,0.5,208.0,41.0
120127,0,62.0,2.0,32.2,23.0,27.0,3.8,67.0,0.2,297.0,81.0
120129,0,37.0,2.0,18.9,8.0,16.0,4.4,56.0,0.5,258.0,66.0
120131,0,50.0,1.0,18.4,9.0,18.0,3.9,77.0,0.3,288.0,31.0
120136,0,68.0,2.0,21.9,31.0,28.0,4.6,67.0,0.5,168.0,56.0
120137,0,35.0,2.0,29.1,18.0,20.0,3.5,62.0,0.2,350.0,46.0
120142,0,45.0,1.0,22.8,20.0,18.0,4.5,74.0,0.6,268.0,58.0
120145,0,31.0,1.0,31.8,17.0,17.0,4.1,39.0,0.5,199.0,53.0
120147,0,35.0,1.0,25.5,13.0,17.0,4.3,72.0,0.2,243.0,47.0
120148,0,65.0,1.0,30.944540132513822,15.0,33.0,4.0,73.0,0.3,198.0,101.0
120149,0,42.0,2.0,31.6,23.0,19.0,4.2,41.0,0.2,237.0,52.0
120150,0,67.0,1.0,27.0,19.0,18.0,4.0,104.0,0.3,255.0,44.0
120152,1,21.0,1.0,34.9,56.33346566270631,33.38681176330156,3.9358052169992614,101.97228548905001,0.01398362534487585,330.1983077020442,34.3195698196696
120153,0,23.0,2.0,29.6,18.0,15.0,4.2,90.0,0.4,329.0,42.0
120154,0,23.0,2.0,17.9,11.0,15.0,4.6,59.0,0.7,183.0,51.0
120156,0,60.0,1.0,21.7,15.0,17.0,4.6,79.0,1.7,190.0,57.0
120158,1,66.0,1.0,31.0,17.0,16.0,4.2,74.0,0.3,254.0,22.0
120159,0,80.0,2.0,25.9,10.0,20.0,3.7,106.0,0.2,242.0,91.0
120160,0,27.0,2.0,39.2,14.0,13.0,3.4,64.0,0.2,397.0,47.0
120163,0,46.0,2.0,23.1,10.68677970468102,15.330932688093661,4.078058061670875,103.66744375410461,0.5397102889396101,262.0,79.0
120165,0,44.0,1.0,18.1,10.0,18.0,4.3,87.0,2.2,278.0,60.0
120169,1,61.0,1.0,38.8,21.0,19.0,3.7,51.0,0.7,156.0,45.0
120171,1,47.0,2.0,37.93098436288585,24.0,20.0,4.2,92.0,0.4,226.0,48.0
120173,0,49.0,1.0,40.3,29.0,39.0,3.9,80.0,0.5,251.0,101.0
120177,0,72.0,2.0,25.8,16.0,22.0,4.0,102.0,0.5,282.0,57.0
120178,0,33.0,1.0,47.9,33.0,29.0,4.3,77.0,0.3,297.0,36.0
120179,0,23.0,2.0,19.5,28.0,26.0,3.9,70.0,0.2,225.0,74.0
120180,1,72.0,2.0,39.4,15.0,21.0,4.2,138.0,0.3,179.0,58.0
120181,0,29.0,2.0,27.2,105.0,74.0,4.4,79.0,0.9,271.0,61.0
120183,0,47.0,1.0,38.8,17.0,15.0,3.9,152.0,0.6,274.0,38.0
120188,0,30.0,1.0,30.4,29.0,19.0,4.3,69.0,0.4,229.0,42.0
120190,0,80.0,1.0,31.4,14.0,12.0,3.6,189.0,0.2,284.0,39.0
120193,0,52.0,2.0,28.8,18.0,16.0,4.3,147.0,0.2,416.0,66.0
120194,0,33.0,2.0,27.9,14.0,20.0,4.1,59.0,0.5,205.0,51.0
120196,0,54.0,2.0,28.0,21.0,19.0,4.0,97.0,0.3,191.0,59.0
120197,0,58.0,2.0,25.0,15.0,15.0,4.2,72.0,0.2,250.0,74.0
120198,0,29.0,1.0,38.7,24.0,21.0,3.9,130.0,0.5,369.0,38.0
120202,0,37.0,1.0,30.8,15.0,14.0,4.3,82.0,0.5,254.0,35.0
120203,0,41.0,2.0,30.8,9.0,11.0,3.6,83.0,0.5,330.0,46.0
120204,0,55.0,2.0,38.1,12.0,17.0,3.7,67.0,0.3,187.0,87.0
120207,0,31.0,1.0,29.6,5.378185860905059,12.32905674590005,3.938412667553154,96.3424398450224,0.14091453272267634,328.4193111858395,54.54856209024884
120208,0,80.0,1.0,22.7,20.0,28.0,4.3,125.0,0.4,152.0,69.0
120209,0,23.0,1.0,38.8,35.0,22.0,4.0,72.0,0.4,333.0,45.0
120211,0,52.0,2.0,28.7,12.0,17.0,4.0,66.0,0.3,362.0,48.0
120212,0,61.0,1.0,29.9,16.0,16.0,4.4,58.0,0.5,223.0,63.0
120214,0,67.0,2.0,19.2,26.0,24.0,3.9,80.0,0.5,270.0,46.0
120217,0,18.0,2.0,17.5,37.515658229351615,33.17601774297721,3.9752475943184753,85.72566452910827,0.32709544662027695,210.87659552184513,53.80715656956077
120219,0,74.0,1.0,29.7,32.1740236540326,30.864269004834185,4.22358306995506,80.6836868681043,0.7141523013960146,53.100692346138544,60.889996530923554
120223,0,80.0,1.0,24.3,17.0,19.0,4.1,57.0,0.6,184.0,59.0
120224,0,68.0,1.0,28.3,19.0,26.0,2.8,63.0,0.2,351.0,34.0
120228,0,48.0,1.0,23.6,31.0,22.0,4.1,39.0,0.5,198.0,55.0
120229,0,43.0,1.0,26.7,17.0,21.0,4.3,79.0,0.6,133.0,54.0
120230,0,20.0,2.0,34.0,15.0,15.0,3.4,73.0,0.1,415.0,47.0
120231,0,33.0,1.0,35.2,33.0,27.0,4.2,103.0,0.2,262.0,28.0
120239,0,23.0,2.0,32.1,15.0,15.0,3.7,84.0,0.3,396.0,29.0
120241,0,75.0,2.0,36.7,12.0,16.0,3.6,83.0,0.2,233.0,49.0
120246,0,34.0,1.0,29.6,63.0,32.0,4.2,84.0,0.5,253.0,36.0
120247,0,58.0,1.0,22.9,15.0,18.0,4.3,64.0,0.6,205.0,66.0
120248,1,69.0,2.0,40.1,18.0,22.0,4.3,77.0,0.6,201.0,41.0
120249,0,35.0,1.0,24.3,96.0,65.0,4.1,70.0,0.4,228.0,39.0
120250,0,18.0,1.0,26.9,14.0,16.0,4.6,117.0,0.6,352.0,39.0
120251,0,64.0,2.0,33.9,22.0,21.0,4.2,87.0,0.2,220.0,41.0
120252,0,58.0,1.0,28.3,21.0,21.0,4.1,72.0,0.9,236.0,72.0
120257,0,70.0,1.0,28.7,28.0,23.0,5.0,50.0,0.7,132.0,34.0
120258,0,59.0,2.0,27.1,23.0,21.0,4.1,59.0,0.5,239.0,72.0
120259,0,61.0,2.0,37.7,17.0,23.0,3.8,79.0,0.2,397.0,55.0
120260,0,40.0,1.0,34.4,26.0,17.0,3.8,72.0,0.4,177.0,38.0
120268,0,47.0,2.0,37.6,28.0,22.0,4.0,83.0,0.6,247.0,48.0
120273,0,55.0,2.0,20.4,8.0,21.0,4.0,114.0,0.4,438.0,58.0
120278,0,64.0,1.0,25.5,25.0,26.0,4.6,98.0,0.5,237.0,42.0
120279,0,52.0,2.0,23.7,27.0,24.0,4.2,79.0,0.3,229.0,66.0
120283,0,22.0,2.0,21.0,19.0,21.0,4.5,82.0,0.5,207.0,45.0
120285,0,68.0,1.0,24.9,20.0,25.0,4.7,96.0,1.8,150.0,52.0
120286,0,62.0,2.0,27.3,11.0,13.0,4.0,87.0,0.3,254.0,59.0
120287,0,72.0,1.0,27.6,13.0,17.0,4.1,72.0,0.4,239.0,56.0
120291,0,37.0,2.0,24.6,9.0,18.0,3.9,44.0,0.5,174.0,64.0
120292,0,60.0,2.0,37.2,17.0,18.0,3.8,99.0,0.2,190.0,50.0
120293,0,75.0,2.0,30.1,23.0,22.0,3.7,117.0,0.3,198.0,54.0
120296,0,42.0,2.0,29.4,13.0,20.0,3.9,86.0,0.5,303.0,43.0
120300,1,71.0,2.0,38.4,22.0,18.0,4.2,76.0,0.6,230.0,47.0
120307,0,64.0,1.0,26.2,20.0,24.0,4.3,102.0,0.3,205.0,39.0
120310,0,52.0,2.0,29.9,11.0,12.0,3.6,89.0,0.3,314.0,45.0
120311,0,65.0,2.0,31.2,17.0,18.0,4.1,89.0,0.5,299.0,38.0
120312,0,33.0,1.0,32.2,20.0,17.0,4.3,49.0,1.5,207.0,55.0
120313,0,37.0,2.0,28.0,24.0,26.0,4.1,63.0,0.6,233.0,68.0
120315,0,61.0,1.0,33.5,25.0,20.0,4.0,110.0,0.3,230.0,29.0
120316,0,18.0,1.0,18.1,23.240235684648894,23.788177806174076,4.332521273564273,69.64962506183146,0.7150304368484008,158.16464135844154,41.818430025411025
120319,0,76.0,2.0,25.4,15.0,18.0,4.0,57.0,0.2,224.0,77.0
120321,0,49.0,1.0,29.7,24.988291484319205,20.81527647753356,4.075865511260499,79.22035710378033,0.2854225391666934,315.82107258147596,73.43433888363533
120322,0,72.0,2.0,41.5,11.0,16.0,3.5,115.0,0.2,243.0,44.0
120324,0,24.0,1.0,31.5,16.697446233192583,18.321421384927216,3.9832626146198002,98.42381062529613,0.9155235094258731,177.60760453225612,40.962142062899645
120325,0,21.0,2.0,31.6,33.0,16.0,3.8,77.0,0.2,273.0,47.0
120327,0,76.0,1.0,34.2,13.0,17.0,3.5,53.0,0.4,191.0,51.0
120329,0,50.0,1.0,21.7,10.0,10.0,4.1,56.0,0.4,196.0,48.0
120330,0,50.0,1.0,30.4,38.0,20.0,4.0,66.0,0.5,326.0,40.0
120331,0,23.0,2.0,30.3,26.0,18.0,4.4,80.0,0.3,299.0,54.0
120332,0,63.0,2.0,30.3,26.0,18.0,4.2,69.0,0.4,188.0,63.0
120333,0,25.0,1.0,30.2,-3.182765224222395,-2.908801143164121,4.086433966501409,79.46804678371589,0.46273332220291186,213.0,40.0
120334,0,22.0,2.0,28.2,9.0,15.0,4.7,88.0,0.5,238.0,65.0
120335,0,24.0,2.0,26.3,9.0,16.0,4.3,53.0,0.4,198.0,59.0
120336,0,54.0,1.0,29.3,24.0,21.0,3.8,115.0,1.2,209.0,62.0
120338,0,66.0,2.0,35.2,35.0,30.0,4.1,68.0,0.1,233.0,60.0
120339,0,37.0,1.0,29.3,9.368745908522925,16.127646218360077,4.119777211094363,116.13812143573722,-0.04279722429348065,351.0,33.04953545764601
120340,0,78.0,2.0,29.0,7.0,16.0,4.0,93.0,0.3,381.0,102.0
120343,0,65.0,2.0,28.5,19.0,19.0,4.0,99.0,0.4,259.0,52.0
120345,0,72.0,1.0,29.8,19.0,23.0,4.1,68.0,0.4,294.0,70.0
120346,1,58.0,2.0,44.3,16.0,16.0,3.8,111.0,0.2,266.0,51.0
120350,0,59.0,2.0,28.7,22.0,21.0,4.0,76.0,0.9,376.0,47.0
120352,0,80.0,2.0,23.7,10.0,20.0,4.8,74.0,0.5,219.0,67.0
120353,0,80.0,2.0,18.2,17.0,27.0,4.0,111.0,0.3,152.0,85.0
120354,0,21.0,1.0,29.7,16.0,19.0,4.8,98.0,0.3,193.0,37.0
120355,0,23.0,2.0,18.4,8.0,16.0,4.5,46.0,0.3,288.0,47.0
120356,0,59.0,1.0,18.2,3.3335905735814713,16.298473609253048,3.8710059658962095,24.65561000959042,0.493418592697844,201.45132540386936,56.38020906087655
120358,0,43.0,1.0,34.9,24.0,21.0,4.2,69.0,0.6,260.0,47.0
120361,0,61.0,2.0,25.5,17.0,23.0,3.9,85.0,0.3,162.0,78.0
120363,0,45.0,1.0,19.0,12.0,20.0,3.9,66.0,0.3,208.0,60.0
120364,0,60.0,1.0,35.5,19.0,15.0,3.9,94.0,0.5,166.0,49.0
120366,0,31.0,1.0,25.269517542376924,20.0,14.0,4.0,64.0,0.9,228.0,49.0
120367,0,23.0,1.0,27.9,9.0,16.0,4.5,68.0,0.9,181.0,48.0
120368,0,25.0,1.0,26.9,57.0,41.0,4.1,83.0,0.6,268.0,41.0
120369,0,62.0,2.0,25.4,16.0,21.0,4.3,95.0,0.4,181.0,83.0
120371,0,80.0,1.0,24.6,20.0,21.0,3.9,131.0,0.3,208.0,53.0
120373,0,24.0,2.0,33.8,12.0,15.0,3.9,58.0,0.3,299.0,39.0
120376,0,50.0,1.0,34.0,20.0,27.0,3.9,78.0,0.4,190.0,47.0
120377,0,40.0,1.0,24.3,30.579846533428103,35.12784378809362,3.8917259938745525,78.8622472439172,0.7683333435463306,202.93875029136365,58.41736925730747
120379,0,62.0,2.0,28.9,14.0,18.0,4.1,91.0,0.3,335.0,84.0
120380,0,34.0,1.0,36.5,24.0,21.0,4.5,74.0,0.5,304.0,51.0
120381,0,62.0,1.0,29.2,29.0,24.0,4.4,75.0,0.5,296.0,39.0
120382,0,58.0,2.0,26.6,23.0,22.0,4.2,94.0,0.5,290.0,64.0
120384,0,78.0,2.0,30.9,38.0,28.0,4.3,91.0,0.3,195.0,30.0
120386,0,37.0,2.0,46.1,19.0,16.0,3.5,63.0,0.2,203.0,44.0
120387,0,65.0,1.0,28.8,23.0,19.0,4.0,63.0,1.0,234.0,57.0
120388,0,61.0,2.0,26.0,20.0,20.0,4.3,65.0,0.4,223.0,60.0
120389,0,18.0,1.0,26.2,10.0,18.0,4.4,125.0,0.3,274.0,50.0
120392,0,27.0,2.0,28.3,8.0,11.0,4.0,79.0,0.4,237.0,45.0
120393,0,58.0,2.0,28.1,9.0,17.0,4.1,117.0,0.3,256.0,63.0
120395,0,33.0,1.0,33.7,28.0,19.0,4.5,97.0,0.3,239.0,50.0
120396,0,67.0,2.0,35.9,23.0,21.0,4.2,93.0,0.5,300.0,57.0
120398,0,30.0,1.0,37.9,56.0,27.0,4.5,59.0,0.3,359.0,41.0
120400,0,19.0,1.0,28.6,16.0,17.0,4.2,97.0,0.7,304.0,40.0
120401,0,77.0,1.0,18.5,10.0,16.0,4.0,177.0,0.6,205.0,51.0
120403,0,51.0,2.0,42.4,12.0,13.0,3.7,59.0,0.2,350.0,38.0
120404,0,32.0,2.0,26.6,12.0,15.0,4.4,60.0,0.2,318.0,48.0
120405,0,26.0,1.0,19.7,12.0,18.0,4.6,135.0,0.8,217.0,60.0
120407,0,42.0,1.0,27.8,39.0,20.0,4.0,97.0,0.4,304.0,48.0
120410,0,51.0,2.0,22.4,11.0,14.0,4.2,58.0,1.0,277.0,96.0
120411,1,50.0,2.0,54.5,21.0,21.0,3.8,66.0,0.2,326.0,58.0
120412,1,52.0,1.0,35.3,33.0,24.0,3.9,73.0,0.5,177.0,41.0
120413,0,28.0,1.0,38.4,29.0,23.0,3.8,82.0,0.3,207.0,44.0
120414,0,22.0,2.0,23.1,20.0,21.0,4.2,35.0,0.2,229.0,59.0
120415,0,22.0,1.0,27.0,20.0,15.0,4.3,66.0,0.4,313.0,52.0
120416,0,72.0,1.0,25.6,15.0,20.0,4.6,74.0,0.6,142.0,53.0
120418,0,23.0,1.0,31.9,26.0,17.0,4.5,67.0,0.6,215.0,28.0
120419,0,78.0,1.0,32.6,14.0,17.0,3.8,74.0,1.7,193.0,58.0
120420,0,54.0,1.0,26.9,28.0,24.0,4.1,61.0,0.3,257.0,43.0
120422,1,23.0,1.0,35.7,100.0,38.0,4.0,82.0,0.3,188.0,33.0
120426,0,52.0,2.0,64.7,17.0,14.0,3.7,87.0,0.3,232.0,47.0
120427,0,19.0,2.0,32.8,8.0,16.0,3.8,56.0,0.1,260.0,67.0
120428,0,45.0,2.0,31.1,15.0,15.0,4.3,65.0,0.2,316.0,46.0
120432,0,55.0,1.0,26.5,28.0,21.0,4.3,99.0,0.3,211.0,36.0
120435,0,59.0,1.0,15.7,13.0,40.0,2.1,125.0,0.3,133.0,60.0
120436,0,59.0,2.0,52.0,12.0,12.0,3.3,119.0,0.2,320.0,57.0
120440,0,55.0,2.0,29.4,8.0,13.0,4.3,85.0,0.2,327.0,52.0
120441,0,27.0,2.0,22.2,14.0,19.0,4.4,87.0,0.6,260.0,62.0
120442,0,72.0,1.0,30.0,16.0,17.0,3.9,82.0,0.5,166.0,39.0
120443,0,19.0,1.0,29.0,13.0,14.0,4.6,59.0,0.6,322.0,28.0
120444,0,62.0,2.0,26.3,10.0,12.0,4.0,73.0,0.4,353.0,36.0
120447,0,47.0,1.0,24.1,16.0,20.0,4.5,54.0,0.5,193.0,49.0
120450,0,61.0,2.0,24.0,11.0,20.0,3.7,55.0,0.3,416.0,66.0
120451,0,21.0,2.0,23.4,17.0,22.0,4.1,83.0,0.2,296.0,47.0
120452,0,58.0,2.0,43.1,10.0,12.0,3.8,59.0,0.3,388.0,58.0
120454,0,40.0,2.0,28.0,10.0,12.0,4.2,82.0,0.5,261.0,56.0
120455,0,80.0,2.0,27.9,11.0,18.0,3.8,90.0,0.2,259.0,57.0
120456,0,54.0,1.0,31.9,22.0,21.0,4.0,65.0,0.5,352.0,39.0
120458,0,18.0,2.0,33.5,41.0,31.0,4.3,71.0,0.3,273.0,64.0
120460,0,20.0,1.0,28.6,48.0,28.0,4.1,76.0,0.4,267.0,45.0
120461,0,18.0,1.0,25.7,15.0,14.0,4.4,113.0,0.8,240.0,41.0
120462,0,61.0,2.0,23.6,21.0,21.0,4.3,85.0,0.4,171.0,60.0
120463,0,54.0,1.0,22.8,16.0,19.0,4.3,97.0,0.2,222.0,54.0
120467,0,41.0,1.0,32.8,34.0,27.0,4.0,77.0,0.4,196.0,38.0
120468,0,69.0,1.0,28.3,23.0,20.0,4.1,80.0,0.6,215.0,51.0
120471,0,67.0,2.0,24.7,8.0,13.0,4.2,67.0,0.6,239.0,56.0
120472,0,59.0,2.0,33.7,10.0,16.0,3.9,72.0,0.3,199.0,74.0
120473,0,80.0,2.0,33.499716032168216,9.0,14.0,4.0,76.0,0.2,304.0,46.0
120475,0,37.0,1.0,29.4,33.0,25.0,4.4,69.0,0.4,262.0,42.0
120476,0,43.0,1.0,29.4,22.0,17.0,4.0,118.0,0.3,202.0,34.0
120478,0,60.0,1.0,28.8,70.0,44.0,4.2,65.0,0.4,303.0,44.0
120479,0,39.0,1.0,30.0,26.0,23.0,4.2,122.0,0.8,210.0,41.0
120480,0,45.0,1.0,30.1,43.0,27.0,4.3,70.0,0.5,294.0,31.0
120481,0,30.0,2.0,29.0,15.0,19.0,3.7,44.0,0.3,148.0,59.0
120483,0,64.0,2.0,22.4,26.0,29.0,4.0,60.0,0.3,278.0,147.0
120484,0,32.0,1.0,27.8,19.0,16.0,3.8,67.0,0.4,243.0,51.0
120485,0,25.0,1.0,33.5,19.0,19.0,4.1,77.0,0.6,304.0,58.0
120490,1,40.0,2.0,26.9,12.0,15.0,3.5,59.0,0.4,207.0,42.0
120491,0,38.0,1.0,27.6,30.0,30.0,3.9,39.0,0.6,176.0,78.0
120494,0,31.0,2.0,20.2,12.0,20.0,3.7,69.0,0.9,223.0,99.0
120497,0,64.0,1.0,31.5,29.0,30.0,4.0,62.0,0.4,211.0,42.0
120498,0,18.0,1.0,24.2,17.0,15.0,4.2,63.0,1.1,262.0,41.0
120500,0,55.0,2.0,26.9,29.0,34.0,3.5,85.0,0.4,264.0,60.0
120501,0,57.0,2.0,38.4,42.36290902758063,36.71363458608931,4.163314551354324,88.49966601548694,0.09743073633413568,324.2653993523809,73.9229387908603
120509,0,64.0,2.0,31.9,24.0,21.0,4.1,65.0,0.3,298.0,59.0
120510,0,50.0,1.0,27.9,53.0,38.0,4.1,73.0,0.2,181.0,68.0
120511,0,28.0,1.0,40.3,25.0,22.0,3.9,85.0,0.3,397.0,47.0
120512,0,46.0,2.0,26.8,8.0,12.0,3.8,55.0,0.2,271.0,50.0
120517,0,29.0,1.0,34.8,5.7832706559188924,10.167356096004243,4.762498704623424,87.28219863065348,0.7548840941338564,222.76395101671838,26.3723656884303
120519,0,32.0,2.0,41.7,41.0,19.0,3.8,83.0,0.2,319.0,61.0
120521,0,73.0,1.0,30.7,18.0,19.0,4.0,53.0,0.3,216.0,30.0
120522,0,62.0,1.0,24.7,20.0,22.0,4.5,74.0,0.6,201.0,49.0
120523,0,38.0,2.0,22.8,8.0,12.0,4.3,50.0,0.6,226.0,45.0
120526,0,26.0,2.0,20.4,116.0,35.0,4.6,86.0,1.0,173.0,48.0
120527,0,55.0,1.0,29.8,52.0,31.0,4.4,99.0,0.7,201.0,43.0
120528,0,59.0,1.0,23.7,11.0,17.0,4.0,64.0,0.5,265.0,70.0
120529,0,21.0,2.0,28.2,11.0,15.0,4.0,59.0,0.2,293.0,41.0
120531,0,58.0,2.0,33.2,27.0,21.0,4.1,76.0,0.2,233.0,60.0
120535,0,70.0,2.0,34.2,28.0,37.0,4.0,86.0,0.6,185.0,82.0
120538,0,53.0,2.0,28.3,13.0,17.0,4.0,89.0,0.4,256.0,42.0
120540,0,44.0,1.0,28.5,80.0,50.0,4.8,71.0,1.2,270.0,58.0
120541,0,31.0,1.0,25.3,26.0,23.0,4.1,100.0,0.2,416.0,54.0
120542,0,59.0,1.0,22.4,19.0,17.0,4.0,71.0,1.2,232.0,70.0
120544,0,70.0,2.0,28.8,23.0,19.0,3.6,61.0,0.3,212.0,42.0
120545,0,55.0,2.0,33.7,9.0,12.0,4.0,83.0,0.2,245.0,46.0
120552,1,21.0,1.0,47.5,115.0,59.0,3.9,88.0,0.7,202.0,40.0
120553,0,32.0,2.0,28.0,15.0,15.0,4.2,59.0,0.3,264.0,32.0
120555,0,80.0,1.0,30.0895821427718,24.79772408637954,20.690904023804688,4.38765355866755,60.81846506362686,0.46594412799753127,249.0,55.75840133697457
120556,0,76.0,1.0,25.3,19.0,17.0,4.4,49.0,0.4,193.0,58.0
120557,0,80.0,1.0,21.8,10.0,13.0,4.0,41.0,0.7,154.0,37.0
120558,0,45.0,1.0,33.9,21.0,22.0,4.6,58.0,0.8,169.0,52.0
120560,0,25.0,2.0,18.9,-18.08839924511681,-6.904796630075898,4.472892189148917,83.33745436034678,0.48170392358102804,201.80002462320653,56.743869328663514
120561,0,37.0,1.0,23.1,65.0,35.0,4.2,65.0,0.8,252.0,65.0
120563,0,62.0,1.0,35.5,11.0,16.0,3.3,53.0,0.3,236.0,39.0
120567,0,71.0,1.0,19.0,9.0,15.0,3.8,73.0,0.2,287.0,56.0
120570,1,65.0,1.0,22.1,28.0,41.0,3.4,151.0,0.5,126.0,45.0
120571,0,55.0,2.0,22.5,17.0,21.0,4.3,87.0,0.6,221.0,68.0
120573,0,56.0,2.0,35.4,22.0,19.0,3.7,86.0,0.5,303.0,43.0
120576,0,28.0,2.0,27.1,15.0,16.0,4.3,43.0,1.6,181.0,72.0
120577,0,56.0,2.0,34.3,57.0,29.0,4.1,62.0,0.4,370.0,42.0
120581,0,37.0,2.0,28.4,17.0,18.0,3.7,81.0,0.4,221.0,43.0
120584,1,63.0,2.0,26.2,18.0,23.0,4.4,53.0,0.5,243.0,38.0
120585,1,44.0,1.0,27.6,36.28176608016026,38.158348808631395,4.101475228749717,37.05816524338435,0.572065989362105,248.0,38.297568903409314
120586,0,19.0,1.0,23.9,18.0,18.0,4.3,68.0,0.3,227.0,32.0
120590,0,80.0,2.0,18.6,8.0,15.0,3.4,89.0,0.1,248.0,78.0
120591,0,67.0,2.0,21.8,14.0,32.0,3.2,91.0,0.3,224.0,57.0
120596,0,42.0,2.0,21.5,16.0,21.0,4.0,38.0,0.6,209.0,96.0
120597,0,63.0,2.0,25.9,11.0,20.0,4.2,83.0,0.3,156.0,95.0
120598,0,29.0,2.0,39.5,21.0,22.0,3.8,82.0,0.2,373.0,37.0
120601,0,24.0,1.0,32.4,40.0,25.0,4.5,72.0,0.8,201.0,39.0
120603,0,64.0,1.0,24.0,16.0,16.0,3.8,97.0,1.1,183.0,65.0
120607,0,49.0,2.0,40.1,30.0,18.0,4.0,84.0,0.4,344.0,54.0
120608,0,80.0,1.0,23.7,33.0,34.0,4.2,68.0,0.6,229.0,68.0
120609,0,39.0,1.0,24.6,18.0,16.0,4.1,52.0,0.8,210.0,60.0
120610,0,57.0,1.0,28.4,18.0,18.0,4.6,80.0,0.3,308.0,50.0
120611,0,76.0,1.0,27.6,26.0,49.0,4.4,57.0,0.7,226.0,42.0
120613,0,80.0,2.0,28.8,29.0,39.0,3.9,138.0,0.8,236.0,69.0
120614,0,23.0,1.0,27.5,59.0,23.0,4.4,91.0,0.6,268.0,48.0
120616,0,60.0,1.0,31.5,25.0,13.0,4.0,56.0,0.7,209.0,61.0
120617,0,34.0,1.0,36.9,46.0,34.0,4.4,86.0,0.2,277.0,39.0
120618,0,62.0,2.0,20.2,14.61407013417302,6.812131223662474,4.009363779921268,67.03232285975902,0.6611979924461847,181.46303475034557,58.85931499652142
120623,0,32.0,1.0,25.0,25.0,23.0,4.4,78.0,0.4,174.0,42.0
120625,0,47.0,1.0,28.2,24.0,25.0,4.1,87.0,0.1,337.0,37.0
120629,0,27.0,2.0,20.0,15.0,20.0,4.6,52.0,0.4,264.0,94.0
120631,0,48.0,2.0,25.3,17.0,19.0,4.0,49.0,0.3,328.0,65.0
120633,0,41.0,1.0,22.8,57.052574680354276,41.048953921867685,4.322544740685211,39.45316417860304,0.5890536483022487,207.0554804185227,57.02808743753685
120635,0,34.0,2.0,37.4,11.0,12.0,3.8,72.0,0.4,213.0,58.0
120636,1,53.0,1.0,25.3,14.0,16.0,4.5,64.0,0.4,226.0,44.0
120641,0,41.0,1.0,28.0,27.0,24.0,4.3,89.0,0.4,301.0,35.0
120645,0,47.0,1.0,28.1,31.9954524600383,11.622269432794173,4.204777156634631,75.79799294061235,0.15282169770043857,294.4197397990959,66.40675066384914
120647,0,80.0,2.0,34.6,20.0,23.0,4.6,109.0,0.6,300.0,51.0
120650,0,54.0,2.0,31.46168840899304,15.0,13.0,4.3,91.0,0.5,286.0,45.0
120651,0,68.0,2.0,30.3,21.0,31.0,3.5,131.0,0.5,181.0,54.0
120652,0,60.0,2.0,28.1,122.0,53.0,4.1,104.0,0.8,239.0,46.0
120653,0,78.0,1.0,22.9,21.0,26.0,4.1,125.0,0.8,225.0,45.0
120654,0,20.0,1.0,27.7,16.0,16.0,4.4,116.0,0.2,254.0,31.0
120659,0,24.0,2.0,20.7,-13.951023965868307,-0.7155524686359065,4.202923262966785,74.626561797967,0.2756237218679115,309.0,69.96875824828687
120661,0,20.0,2.0,21.5,13.0,18.0,4.0,72.0,0.5,248.0,53.0
120662,0,46.0,1.0,31.4,22.0,16.0,3.9,80.0,0.3,186.0,51.0
120663,0,19.0,1.0,26.8,58.0,35.0,4.4,61.0,1.3,243.0,46.0
120666,0,49.0,1.0,28.3458597172328,17.0,13.0,3.7,118.0,0.2,282.0,33.0
120667,0,68.0,2.0,28.0,14.0,10.0,4.0,57.0,0.3,282.0,68.0
120671,0,57.0,2.0,27.8,14.0,24.0,3.5,82.0,0.3,261.0,55.0
120676,0,45.0,2.0,25.8,13.0,18.0,4.2,73.0,0.4,250.0,73.0
120677,0,21.0,1.0,30.4,128.0,53.0,4.5,57.0,0.5,281.0,47.0
120678,0,29.0,1.0,29.7,33.0,17.0,4.4,60.0,0.6,204.0,41.0
120683,0,71.0,1.0,26.4,21.0,22.0,4.5,114.0,0.5,308.0,51.0
120684,0,26.0,2.0,22.8,29.0,23.0,3.9,70.0,0.4,227.0,75.0
120687,0,36.0,2.0,20.6,26.0,36.0,4.1,84.0,0.5,266.0,70.0
120688,0,54.0,1.0,22.3,15.0,14.0,4.1,108.0,0.4,197.0,61.0
120691,0,80.0,2.0,19.8,9.0,21.0,4.2,52.0,0.2,266.0,87.0
120694,0,54.0,1.0,28.5,27.0,20.0,4.5,69.0,1.2,256.0,49.0
120696,0,39.0,2.0,39.2,12.0,9.0,3.4,102.0,0.3,503.0,51.0
120699,0,71.0,2.0,32.1,17.0,16.0,4.0,71.0,1.0,279.0,53.0
120700,1,58.0,1.0,44.1,20.0,16.0,4.0,105.0,0.4,365.0,36.0
120708,0,55.0,1.0,29.3,23.0,23.0,3.9,68.0,1.3,254.0,63.0
120709,0,55.0,1.0,31.6,34.0,46.0,4.1,82.0,0.3,227.0,39.0
120710,0,53.0,1.0,45.3,11.0,21.0,4.1,93.0,0.4,268.0,45.0
120711,0,32.0,1.0,33.4,38.0,21.0,4.9,53.0,1.0,295.0,49.0
120712,0,45.0,1.0,38.0,36.6606168886653,22.98840573303848,3.939370312396994,57.32292472247017,0.7352526463085052,227.781079595852,31.146467015678567
120714,1,80.0,1.0,28.616677732824485,9.0,15.0,3.6,54.0,0.5,301.0,50.0
120717,0,36.0,2.0,38.1,18.0,16.0,3.7,64.0,0.3,198.0,52.0
120718,0,80.0,1.0,31.6,14.0,19.0,3.9,97.0,0.2,163.0,53.0
120720,0,42.0,1.0,27.5,23.0,18.0,4.2,55.0,0.5,165.0,47.0
120723,0,38.0,2.0,44.5,22.0,24.0,3.8,51.0,0.3,245.0,36.0
120727,1,29.0,2.0,42.4,18.0,19.0,3.1,66.0,0.1,256.0,32.0
120730,0,19.0,1.0,24.3,21.0,17.0,5.0,82.0,0.6,277.0,53.0
120731,0,36.0,2.0,27.1,10.0,12.0,3.7,52.0,0.4,235.0,50.0
120733,0,74.0,2.0,28.1,28.0,29.0,5.0,88.0,0.2,212.0,55.0
120734,0,62.0,2.0,31.3,12.0,12.0,3.5,65.0,0.3,219.0,42.0
120738,0,61.0,1.0,25.5,37.0,25.0,4.3,105.0,0.4,216.0,39.0
120742,0,65.0,2.0,35.6,13.0,15.0,3.6,86.0,0.2,242.0,60.0
120743,0,66.0,2.0,29.0,20.0,23.0,4.2,58.0,0.7,278.0,53.0
120745,0,32.0,1.0,26.1,24.0,18.0,4.6,74.0,1.1,317.0,34.0
120746,0,34.0,1.0,29.9,14.051366598168574,11.473780459825889,4.040959356766225,112.89751289603865,0.39485775386494304,241.29899062619097,61.47174411622255
120747,0,80.0,1.0,26.4,134.0,114.0,3.8,103.0,0.4,172.0,53.0
120748,0,40.0,1.0,40.8,26.0,17.0,3.7,106.0,0.2,291.0,53.0
120749,0,31.0,1.0,36.1,11.0,8.0,4.2,122.0,0.3,273.0,41.0
120751,1,19.0,2.0,57.9,28.0,22.0,4.0,104.0,0.2,271.0,34.0
120752,0,64.0,1.0,28.1,27.0,24.0,4.4,72.0,0.5,248.0,38.0
120754,0,63.0,1.0,33.4,16.0,17.0,4.1,62.0,0.3,274.0,55.0
120757,0,19.0,2.0,35.2,-17.923287674380973,-0.03301073141521682,4.2415636775415395,94.9539784829347,-0.11730134376364654,212.99683749332783,65.50837956500544
120761,0,70.0,1.0,21.0,17.0,24.0,4.1,67.0,0.8,274.0,89.0
120762,0,74.0,2.0,35.4,16.0,17.0,3.3,80.0,0.5,205.0,41.0
120769,0,47.0,2.0,32.4,21.0,18.0,4.1,53.0,0.4,226.0,66.0
120770,1,54.0,1.0,18.4,58.0,98.0,4.0,86.0,0.6,224.0,37.0
120774,0,22.0,2.0,42.2,16.0,18.0,3.9,80.0,0.3,342.0,43.0
120778,0,30.0,2.0,30.0,25.0,19.0,3.9,77.0,0.6,272.0,48.0
120779,0,56.0,1.0,35.6,27.0,17.0,4.4,41.0,0.4,263.0,38.0
120780,0,40.0,2.0,22.9,9.0,17.0,4.0,66.0,0.3,217.0,79.0
120782,0,21.0,1.0,32.9,26.0,23.0,4.1,104.0,0.3,256.0,29.0
120784,0,49.0,2.0,33.2,60.0,33.0,4.2,117.0,0.3,277.0,73.0
120788,0,54.0,2.0,20.9,12.0,16.0,4.2,89.0,0.6,186.0,53.0
120791,0,64.0,2.0,27.4,8.0,13.0,4.3,83.0,0.2,234.0,42.0
120792,0,47.0,1.0,35.3,15.0,15.0,3.9,53.0,0.2,263.0,35.0
120793,0,70.0,2.0,37.5,16.0,19.0,4.1,72.0,0.4,201.0,54.0
120794,0,51.0,1.0,20.6,8.0,18.0,4.3,44.0,0.1,247.0,48.0
120796,0,79.0,2.0,32.000225498561996,14.0,22.0,3.7,97.0,0.4,299.0,50.0
120798,0,60.0,1.0,23.9,22.0,20.0,3.7,120.0,0.2,173.0,51.0
120799,0,66.0,1.0,35.4,19.0,19.0,4.0,65.0,1.0,276.0,37.0
120802,0,23.0,1.0,31.8,39.0,30.0,4.2,64.0,0.5,316.0,57.0
120804,0,40.0,2.0,28.9,21.0,20.0,4.1,33.0,0.2,249.0,37.0
120814,0,25.0,1.0,27.2,35.64379426590634,28.13812466066015,4.307523061536001,72.13617440779942,0.718373525790577,296.08284156535063,41.38697912956406
120817,1,59.0,1.0,29.0,27.0,30.0,4.2,59.0,1.0,196.0,46.0
120819,0,31.0,2.0,21.6,18.0,30.0,4.3,64.0,0.4,216.0,69.0
120821,1,80.0,2.0,28.2,22.0,39.0,3.8,112.0,0.5,129.0,122.0
120823,0,58.0,1.0,28.8,59.0,31.0,4.2,73.0,0.4,121.0,72.0
120824,0,80.0,2.0,36.2,42.607417820052625,45.78503053781353,3.4814243868001813,87.54694172397863,0.5351832156080334,165.7880624131335,45.3900542940675
120825,0,56.0,2.0,43.6,26.0,25.0,4.1,81.0,0.3,224.0,56.0
120826,0,52.0,2.0,30.6,13.0,17.0,4.1,99.0,0.5,270.0,43.0
120827,0,29.0,1.0,18.8,26.0,27.0,4.5,59.0,0.7,153.0,73.0
120828,0,75.0,2.0,22.9,13.0,20.0,4.0,100.0,0.4,143.0,93.0
120829,0,53.0,2.0,52.8,13.0,13.0,3.6,93.0,0.4,354.0,42.0
120831,0,60.0,1.0,28.6,23.0,21.0,4.1,71.0,0.6,240.0,36.0
120832,0,60.0,1.0,36.1,30.0,27.0,4.0,67.0,0.4,314.0,45.0
120833,0,80.0,2.0,27.5,24.0,30.0,4.1,59.0,0.4,211.0,63.0
120836,0,72.0,1.0,24.1,25.0,31.0,4.1,63.0,0.7,164.0,48.0
120837,0,38.0,2.0,32.3,12.0,9.0,4.0,56.0,0.2,283.0,34.0
120838,1,80.0,2.0,19.3,13.0,18.0,4.4,62.0,0.5,209.0,54.0
120840,1,41.0,1.0,22.1,24.439629354644993,19.473863512906657,4.447455144837353,92.28978867221298,0.7729292784544368,209.19251787313272,65.10090003293892
120841,0,55.0,1.0,38.9,66.0,59.0,4.0,84.0,0.4,196.0,48.0
120842,0,30.0,2.0,26.3,16.0,13.0,3.9,77.0,0.3,412.0,56.0
120843,0,61.0,1.0,22.9,19.0,17.0,4.2,60.0,0.5,180.0,87.0
120846,0,42.0,1.0,30.8,10.0,14.0,4.2,103.0,0.5,281.0,74.0
120847,0,76.0,1.0,26.8,14.0,13.0,4.5,87.0,1.0,174.0,49.0
120848,0,32.0,2.0,18.5,12.0,18.0,4.3,75.0,0.2,319.0,62.0
120849,0,26.0,1.0,34.0,28.0,23.0,4.2,57.0,0.9,264.0,42.0
120851,0,56.0,2.0,25.1,16.0,22.0,4.3,92.0,0.4,123.0,80.0
120855,0,31.0,1.0,26.6,61.651092183172466,38.898078951114634,4.2309505696802505,62.369843666833916,0.41116678603384166,282.4308330473901,33.57259204296187
120859,0,65.0,2.0,26.6,28.0,25.0,3.9,70.0,0.3,260.0,67.0
120860,0,61.0,1.0,23.1,19.0,18.0,4.1,67.0,0.6,193.0,43.0
120862,0,66.0,1.0,23.2,9.0,15.0,4.3,45.0,0.4,141.0,61.0
120863,0,54.0,1.0,20.4,13.0,23.0,4.3,72.0,0.5,174.0,44.0
120864,0,22.0,1.0,31.1,58.348753222220374,45.16541681935624,4.526515680513376,83.70793976384536,0.6390172803689769,315.8504880538039,60.308694381594165
120870,0,66.0,2.0,23.4,10.0,14.0,4.9,144.0,0.3,246.0,59.0
120873,0,75.0,2.0,25.7,11.0,14.0,3.9,125.0,0.2,211.0,43.0
120874,0,32.0,2.0,28.4,32.0,22.0,4.2,132.0,0.3,427.0,42.0
120875,0,41.0,2.0,29.83836232851174,12.0,15.0,3.4,86.0,0.3,342.0,46.0
120876,0,24.0,1.0,25.6,7.0,12.0,4.7,57.0,0.4,254.0,54.0
120878,1,35.0,1.0,38.3,31.0,23.0,4.2,74.0,0.2,223.0,25.0
120879,0,61.0,2.0,20.3,21.0,34.508512965877145,4.4,57.0,0.5,249.0,93.0
120880,0,18.0,2.0,27.4,12.0,20.0,3.8,97.0,0.4,308.0,44.0
120881,0,41.0,1.0,23.9,28.0,28.0,5.3,44.0,0.6,149.0,63.0
120882,0,24.0,1.0,23.8,46.0,36.0,4.5,77.0,0.4,197.0,29.0
120884,1,80.0,2.0,24.1,-15.705708807695062,6.487835189409086,4.139920072690801,75.63560195699166,0.8620071754004542,190.0,72.48197668088238
120885,0,69.0,1.0,27.9,21.0,23.0,4.8,65.0,0.9,181.0,64.0
120886,0,70.0,1.0,30.9,22.0,20.0,4.0,53.0,0.8,189.0,39.0
120887,0,53.0,2.0,33.0,17.0,19.0,4.0,124.0,0.5,246.0,53.0
120888,1,62.0,2.0,34.5,43.0,34.0,4.1,117.0,0.4,224.0,44.0
120889,0,39.0,2.0,28.2,6.0,11.0,3.9,59.0,0.7,338.0,47.0
120894,0,22.0,2.0,44.9,13.0,11.0,3.8,65.0,0.2,319.0,35.0
120897,0,44.0,2.0,31.9,23.0,21.0,4.2,66.0,0.7,267.0,57.0
120898,0,60.0,1.0,22.8,27.306004870822864,28.200831933202675,3.7400970211788005,84.79030816130677,-0.05346694533736296,170.90161776310526,78.23511411461304
120899,0,60.0,2.0,28.6,30.0,23.0,4.0,95.0,0.4,334.0,53.0
120901,0,43.0,2.0,19.4,41.0,173.0,3.0,275.0,0.3,236.0,83.0
120904,1,63.0,1.0,41.9,27.0,27.0,3.7,89.0,0.4,176.0,43.0
120905,0,64.0,2.0,29.5,19.0,14.0,4.0,138.0,0.1,162.0,43.0
120908,0,22.0,2.0,25.9,8.0,13.0,4.1,58.0,0.5,278.0,42.0
120909,0,67.0,2.0,21.7,37.0,35.0,3.8,79.0,0.6,282.0,42.0
120911,0,41.0,1.0,41.7,50.0,38.0,4.1,111.0,0.7,200.0,32.0
120912,0,66.0,1.0,26.2,15.0,15.0,4.0,81.0,0.3,248.0,48.0
120917,0,80.0,1.0,25.3,25.0,28.0,4.4,89.0,0.4,193.0,46.0
120920,0,30.0,2.0,24.9,-8.322452107310767,3.238085699338509,3.765990295908416,101.2381866673756,0.3766340716775935,296.1416987078083,76.55315241020104
120921,0,22.0,2.0,40.2,16.0,14.0,3.8,66.0,0.2,382.0,54.0
120922,0,46.0,1.0,32.4,25.0,43.0,4.5,47.0,0.4,130.0,43.0
120924,1,50.0,1.0,32.8,25.0,51.0,3.6,154.0,0.8,106.0,73.0
120925,0,28.0,1.0,27.1,27.0,23.0,3.9,72.0,0.5,198.0,46.0
120927,0,55.0,2.0,42.2,13.0,17.0,3.5,108.0,0.5,323.0,81.0
120928,0,23.0,1.0,22.4,12.0,17.0,4.2,76.0,0.6,193.0,63.0
120930,0,62.0,2.0,38.2,14.0,14.0,3.7,137.0,0.6,335.0,68.0
120933,0,68.0,1.0,26.4,18.0,14.0,4.2,104.0,0.3,216.0,47.0
120934,0,59.0,2.0,20.6,29.827309689579394,42.21111220787581,3.491166977477086,74.15702221626479,0.5808504935424009,221.74534710600096,87.98662601399258
120936,1,61.0,1.0,39.8,20.0,14.0,3.7,61.0,0.4,194.0,54.0
120939,0,63.0,1.0,31.3,49.0,42.0,4.0,61.0,0.7,160.0,50.0
120945,0,25.0,1.0,26.2,14.0,18.0,4.2,57.0,0.5,196.0,57.0
120946,0,62.0,2.0,37.5,-12.446708690967021,-0.7960912664284487,3.235535622065074,54.99444396387547,0.5354715156657327,354.65858758051286,53.45008096241674
120948,0,33.0,1.0,40.6,119.0,67.0,4.4,74.0,1.0,265.0,48.0
120950,0,34.0,1.0,32.9,44.0,32.0,4.6,111.0,0.3,324.0,54.0
120953,0,61.0,1.0,37.3,45.0,27.0,3.7,40.0,0.3,168.0,36.0
120956,0,19.0,1.0,20.9,20.0,19.0,4.9,81.0,0.8,274.0,74.0
120959,0,69.0,1.0,34.7,18.0,14.0,3.7,71.0,0.4,356.0,55.0
120960,0,61.0,2.0,35.8,13.0,19.0,4.2,95.0,0.4,243.0,61.0
120962,0,58.0,1.0,25.5,42.0,34.0,4.5,104.0,0.7,232.0,59.0
120965,0,55.0,2.0,23.6,14.0,17.0,4.1,70.0,1.3,224.0,67.0
120967,0,57.0,1.0,35.2,62.0,46.0,4.0,61.0,0.6,252.0,41.0
120969,1,46.0,1.0,39.2,67.0,46.0,4.2,65.0,0.5,187.0,39.0
120971,0,41.0,2.0,35.3,15.0,15.0,3.9,87.0,0.2,431.0,55.0
120972,0,31.0,1.0,25.2,19.082735735470564,30.14516636566519,4.2121903648818995,105.73703227511496,0.5978555644853276,247.0,45.5055676135029
120973,0,63.0,1.0,25.0,20.0,24.0,3.9,54.0,0.5,236.0,69.0
120974,0,24.0,1.0,53.9,50.26066807031704,39.79925105619859,3.388816330352703,87.47563685416597,0.0724090920123156,303.54661594547673,12.747224524210303
120978,0,53.0,2.0,27.4,25.0,26.0,3.8,82.0,0.4,280.0,55.0
120979,0,62.0,2.0,32.3,18.0,19.426061748784576,3.9,74.0,0.7,193.0,51.0
120981,0,68.0,2.0,31.9,34.0,27.0,4.0,67.0,0.4,215.0,46.0
120982,1,29.0,1.0,31.5,211.0,115.0,4.7,80.0,0.6,210.0,38.0
120983,0,60.0,2.0,29.2,36.0,20.0,3.7,70.0,0.3,305.0,60.0
120984,0,39.0,2.0,33.2,27.0,29.0,3.9,91.0,0.2,276.0,32.0
120987,0,50.0,2.0,38.7,15.0,31.0,3.8,61.0,0.4,204.0,80.0
120989,0,46.0,1.0,22.3,13.0,14.0,4.2,66.0,0.6,198.0,43.0
120990,0,18.0,2.0,20.0,7.0,17.0,4.3,47.0,0.3,213.0,57.0
120991,0,27.0,1.0,25.1,13.0,23.0,4.0,52.0,0.3,284.0,77.0
120992,0,69.0,2.0,27.8,29.94891869472531,17.816695248397245,3.2523059385784086,110.4638009774001,0.09265223041822063,228.6410784306544,51.554919474574696
120994,0,55.0,2.0,38.8,29.0,29.0,4.1,91.0,0.5,222.0,36.0
120995,0,19.0,2.0,39.1,41.0,32.0,4.2,135.0,0.5,393.0,54.0
120999,1,64.0,1.0,20.8,33.0,26.0,3.5,94.0,1.0,190.0,59.0
121000,0,46.0,1.0,26.3,35.0,21.0,4.3,126.0,0.4,258.0,41.0
121001,0,64.0,2.0,26.0,17.0,23.0,4.6,114.0,0.5,218.0,64.0
121005,0,66.0,1.0,42.9,10.0,12.0,3.6,85.0,0.4,170.0,35.0
121006,0,74.0,2.0,24.6,-5.995929817237169,6.488446008514384,3.99415880340626,49.386161231329744,0.5437797716390889,215.0,75.49915764585428
121008,0,46.0,2.0,23.4,46.0,138.0,4.2,44.0,0.4,203.0,90.0
121011,0,23.0,1.0,22.6,62.55263563993145,57.2740357251882,4.27404597506552,29.014464402373328,0.6289116476351087,209.08864220478847,78.43586697808806
121012,0,22.0,2.0,32.3,13.0,19.0,4.1,83.0,0.5,276.0,54.0
121015,0,29.0,1.0,30.1,133.0,59.0,4.6,99.0,0.3,266.0,27.0
121020,0,55.0,1.0,29.6,39.0,31.0,4.1,44.0,0.5,265.0,50.0
121022,0,39.0,2.0,26.1,21.0,18.0,3.7,52.0,0.4,367.0,68.0
121023,0,60.0,1.0,29.1,31.0,26.0,4.3,75.0,0.5,257.0,55.0
121027,0,20.0,2.0,37.9,10.0,13.0,4.0,68.0,0.5,261.0,38.0
121029,0,76.0,1.0,39.58981095011053,16.0,17.0,3.8,73.0,0.6,233.0,45.0
121030,0,29.0,2.0,37.9,19.0,19.0,3.8,58.0,0.2,370.0,42.0
121032,0,23.0,2.0,19.5,19.0,27.0,4.2,105.0,0.9,377.0,70.0
121033,0,19.0,2.0,24.7,6.0,15.0,4.1,59.0,0.7,299.0,57.0
121037,0,46.0,2.0,20.1,9.0,11.0,3.7,62.0,0.1,173.0,54.0
121038,0,53.0,1.0,28.1,18.0,14.0,4.0,82.0,0.2,254.0,44.0
121041,1,42.0,1.0,47.9,84.0,53.0,3.8,65.0,0.5,179.0,43.0
121043,0,26.0,1.0,38.8,40.0,24.0,4.3,66.0,0.4,302.0,26.0
121045,0,27.0,1.0,34.2,52.0,32.0,4.1,68.0,0.3,287.0,47.0
121047,0,75.0,1.0,22.5,13.0,24.0,3.9,39.0,0.3,150.0,63.0
121052,0,24.0,2.0,41.3,16.0,18.0,3.7,100.0,0.1,306.0,37.0
121053,0,65.0,2.0,29.2,10.538720197839824,21.241863549375957,3.9357474192238016,116.26432552843781,-0.010509628331423104,232.9861026038136,48.54137544958638
121057,0,25.0,1.0,29.8,51.0,42.0,4.5,86.0,0.2,241.0,51.0
121058,0,51.0,1.0,25.3,108.0,69.0,4.5,99.0,0.4,291.0,34.0
121060,0,31.0,1.0,23.8,12.0,18.0,3.9,80.0,0.4,180.0,52.0
121061,1,62.0,1.0,18.9,18.0,23.0,4.3,120.0,0.4,225.0,139.0
121063,0,42.0,2.0,33.3,16.0,22.0,4.0,75.0,0.3,312.0,59.0
121064,0,59.0,1.0,32.9,14.0,16.0,3.5,82.0,0.2,264.0,41.0
121067,1,60.0,1.0,35.2,46.0,27.0,3.7,102.0,0.6,196.0,33.0
121068,0,54.0,2.0,25.8,25.0,24.0,4.5,134.0,0.1,242.0,52.0
121069,0,31.0,1.0,37.0,31.0,31.0,3.9,61.0,0.6,206.0,35.0
121070,0,43.0,2.0,25.4,17.0,21.0,4.2,78.0,0.3,273.0,36.0
121071,0,21.0,2.0,25.4,16.0,18.0,4.3,98.0,1.2,339.0,49.0
121072,0,80.0,1.0,26.6,14.0,16.0,4.4,43.0,0.6,258.0,61.0
121073,1,71.0,1.0,27.2,15.0,17.0,4.0,90.0,0.6,280.0,51.0
121074,0,35.0,1.0,26.8,21.0,19.0,4.6,79.0,0.4,235.0,37.0
121076,0,18.0,2.0,31.4,15.0,18.0,4.1,94.0,0.4,375.0,54.0
121077,0,30.0,1.0,30.1,49.0,24.0,4.3,72.0,0.8,276.0,29.0
121078,0,64.0,1.0,36.7,33.0,23.0,4.1,52.0,0.6,224.0,32.0
121080,0,32.0,1.0,25.4,30.0,29.0,4.6,76.0,0.7,213.0,43.0
121081,0,51.0,2.0,27.5,15.0,16.0,4.2,100.0,0.3,239.0,49.0
121082,0,48.0,2.0,23.1,8.0,15.0,4.0,100.0,0.3,228.0,70.0
121083,0,24.0,1.0,30.9,33.0,21.0,4.3,63.0,0.3,314.0,35.0
121088,0,31.0,2.0,41.0,43.0,21.0,3.9,68.0,0.2,269.0,35.0
121089,0,72.0,2.0,29.0,12.0,16.0,3.5,107.0,0.2,240.0,68.0
121091,0,18.0,2.0,21.4,8.0,15.0,4.2,69.0,1.4,241.0,91.0
121095,0,67.0,2.0,31.7,6.0,12.0,3.9,87.0,0.2,449.0,58.0
121098,0,56.0,1.0,29.1,28.0,26.0,4.0,85.0,0.3,243.0,48.0
121101,0,33.0,1.0,35.8,20.0,18.0,4.1,73.0,0.2,194.0,37.0
121102,0,45.0,1.0,28.9,15.0,15.0,3.7,96.0,0.3,257.0,48.0
121105,0,54.0,1.0,31.1,11.0,16.0,3.5,86.0,0.2,337.0,44.0
121106,0,71.0,1.0,29.9,19.0,26.0,4.1,68.0,0.7,253.0,60.0
121110,0,41.0,1.0,28.8,34.0,32.0,4.4,88.0,0.9,242.0,44.0
121111,0,29.0,1.0,26.2,63.0,26.0,4.5,61.0,0.4,286.0,48.0
121114,0,29.0,2.0,35.4,11.0,14.0,4.3,63.0,0.6,249.0,53.0
121115,1,72.0,1.0,36.2,22.0,19.0,3.9,59.0,0.5,198.0,31.0
121116,0,42.0,2.0,27.9,50.0,31.0,4.4,69.0,0.4,195.0,38.0
121117,0,50.0,1.0,30.7,13.0,20.0,4.1,69.0,0.3,233.0,50.0
121120,1,54.0,2.0,33.2,141.0,114.0,3.8,117.0,0.7,103.0,35.0
121122,0,46.0,1.0,25.5,13.0,15.0,3.9,82.0,0.4,303.0,44.0
121123,0,53.0,2.0,33.3,30.0,31.0,3.7,97.0,0.3,265.0,50.0
121125,0,22.0,1.0,39.5,82.0,55.0,4.6,55.0,0.7,223.0,30.0
121126,0,53.0,2.0,20.3,21.0,22.0,4.2,74.0,0.1,217.0,70.0
121134,0,56.0,1.0,31.1,47.0,32.0,4.2,74.0,0.7,157.0,34.0
121135,0,40.0,1.0,33.8,14.0,17.0,4.3,49.0,0.5,240.0,49.0
121136,0,79.0,1.0,24.9,18.0,18.0,4.1,78.0,0.6,205.0,60.0
121138,0,32.0,1.0,30.3,32.72651463191102,28.01820539117325,3.9609886508548438,114.87893376121397,0.2570191454445944,199.0,55.10611944613037
121139,1,18.0,1.0,59.4,24.0,16.0,3.0,109.0,0.2,382.0,37.0
121142,0,80.0,1.0,20.2,11.0,16.0,4.1,76.0,0.2,294.0,41.0
121146,0,26.0,1.0,23.1,14.0,20.0,4.7,77.0,0.6,328.0,50.0
121147,0,50.0,2.0,25.2,18.0,16.0,4.4,48.0,0.4,243.0,57.0
121148,0,53.0,2.0,35.5,13.0,20.0,4.7,113.0,0.4,340.0,53.0
121149,0,43.0,2.0,33.2,14.0,16.0,3.4,104.0,0.3,302.0,38.0
121153,0,28.0,1.0,35.3,31.0,21.0,4.0,27.0,0.3,212.0,26.0
121154,0,61.0,2.0,27.9,15.0,17.0,4.3,82.0,0.3,203.0,64.0
121156,1,59.0,2.0,30.3,13.0,13.0,3.8,66.0,0.5,269.0,45.0
121157,0,63.0,2.0,24.2,13.0,13.15453297095032,4.3,107.0,0.4,335.0,80.0
121162,0,42.0,2.0,32.0,12.0,14.0,4.2,48.0,1.1,180.0,72.0
121165,0,22.0,1.0,21.6,14.0,18.0,4.4,66.0,0.7,230.0,80.0
121169,0,31.0,1.0,25.0,17.0,21.0,4.4,66.0,0.5,265.0,56.0
121171,0,49.0,2.0,26.7,31.0,19.0,3.7,86.0,0.5,379.0,65.0
121172,0,73.0,2.0,49.6,10.0,16.0,3.9,129.0,0.3,322.0,46.0
121173,0,63.0,2.0,37.8,13.0,10.0,3.8,121.0,0.2,202.0,35.0
121174,0,55.0,1.0,30.4,16.0,18.0,3.9,100.0,0.5,183.0,44.0
121175,0,63.0,1.0,21.0,12.0,18.0,4.3,73.0,0.5,193.0,51.0
121176,0,60.0,2.0,33.6,15.0,20.0,4.1,76.0,0.4,212.0,68.0
121177,0,18.0,2.0,21.6,31.0,25.0,4.1,51.0,0.4,267.0,72.0
121178,0,72.0,1.0,30.0,20.0,20.0,4.3,61.0,0.7,190.0,46.0
121182,0,45.0,1.0,27.0,12.0,16.0,4.0,73.0,0.6,327.0,33.0
121183,0,70.0,1.0,26.2,10.27021477376639,11.443259466077317,4.183084483954114,95.80246044687856,0.7077597887994367,171.0,51.65780662591105
121185,0,47.0,2.0,29.6,11.0,13.0,4.0,66.0,0.3,269.0,54.0
121187,0,61.0,2.0,37.1,19.0,20.0,4.1,121.0,0.6,233.0,45.0
121188,0,35.0,2.0,24.2,14.0,17.0,3.9,52.0,0.2,317.0,78.0
121192,0,18.0,2.0,28.2,10.0,13.0,4.6,97.0,0.5,140.0,47.0
121194,0,39.0,2.0,26.1,9.0,20.0,3.7,69.0,0.6,406.0,100.0
121197,0,61.0,1.0,30.0,17.0,14.0,4.5,49.0,0.9,219.0,69.0
121198,0,19.0,2.0,26.1,8.0,12.0,3.8,81.0,0.2,233.0,49.0
121199,0,24.0,2.0,21.6,9.0,11.0,4.2,49.0,0.9,258.0,67.0
121200,0,49.0,2.0,27.6,12.0,19.0,3.8,63.0,0.4,175.0,50.0
121201,0,36.0,1.0,37.2,51.0,21.0,3.7,122.0,0.4,142.0,37.0
121203,0,80.0,2.0,19.9,11.0,20.0,4.2,56.0,0.8,321.0,103.0
121204,0,70.0,2.0,20.1,27.0,39.0,3.6,60.0,0.4,193.0,78.0
121205,0,70.0,1.0,28.4,18.0,20.0,4.2,113.0,0.3,229.0,49.0
121206,0,19.0,1.0,19.4,17.648342995477424,10.56928608809496,4.384368445633497,83.65791073289027,0.8626913159884531,303.8903412628546,41.49672131903419
121207,0,65.0,1.0,17.7,15.0,18.0,3.9,121.0,0.5,294.0,86.0
121208,0,40.0,2.0,35.585799425862376,11.0,16.0,3.7,53.0,0.3,514.0,38.0
121210,0,24.0,1.0,27.7,50.0,25.0,4.8,72.0,0.5,353.0,48.0
121211,1,37.0,2.0,53.5,11.0,16.0,3.7,79.0,0.3,401.0,59.0
121213,0,24.0,2.0,26.6,9.0,16.0,4.1,72.0,0.2,228.0,48.0
121215,0,32.0,2.0,24.0,14.0,18.0,4.1,83.0,0.4,254.0,76.0
121219,0,41.0,1.0,27.7,31.0,27.0,4.6,74.0,0.6,325.0,35.0
121220,0,36.0,1.0,28.5,14.0,19.0,4.2,50.0,0.3,293.0,37.0
121228,0,29.0,2.0,19.9,14.0,15.0,4.8,58.0,0.4,217.0,72.0
121231,1,60.0,1.0,22.085132900674918,92.0,134.0,3.5,88.0,0.6,147.0,40.0
121235,0,18.0,1.0,26.3,11.0,13.0,4.4,85.0,0.5,283.0,39.0
121237,0,63.0,2.0,30.6,10.0,19.0,4.1,105.0,0.3,256.0,62.0
121240,0,44.0,2.0,37.5,13.0,18.0,3.8,46.0,0.3,326.0,50.0
121242,0,41.0,2.0,32.4,18.0,17.0,4.0,56.0,0.2,292.0,44.0
121243,0,62.0,2.0,24.1,24.0,24.0,4.6,82.0,0.2,253.0,55.0
121245,0,24.0,1.0,21.0,19.0,18.0,4.0,86.0,0.5,200.0,55.0
121246,0,48.0,2.0,39.6,7.0,8.0,3.3,73.0,0.1,296.0,54.0
121249,0,77.0,1.0,28.8,32.0,30.0,3.9,61.0,0.6,188.0,53.0
121251,0,80.0,1.0,35.9,24.0,22.0,3.7,72.0,0.5,193.0,40.0
121253,0,55.0,2.0,25.0,24.0,20.0,4.0,84.0,0.3,247.0,49.0
121254,0,47.0,1.0,24.9,17.0,21.0,4.4,78.0,0.5,197.0,68.0
121255,0,33.0,2.0,39.5,19.0,15.0,3.6,66.0,0.3,331.0,75.0
121256,0,23.0,2.0,34.5,21.0,17.0,4.0,105.0,0.4,309.0,64.0
121258,1,18.0,2.0,32.4,150.0,69.0,3.9,70.0,0.8,346.0,36.0
121259,0,35.0,2.0,28.0,14.0,20.0,3.7,61.0,0.2,271.0,72.0
121260,0,75.0,2.0,25.6,7.0,11.0,3.6,130.0,0.3,430.0,37.0
121261,0,19.0,2.0,30.7,21.0,16.0,4.1,77.0,0.1,419.0,39.0
121264,0,42.0,1.0,26.3,45.0,26.0,4.0,108.0,0.7,256.0,28.0
121266,1,34.0,1.0,26.4,14.416790284501872,24.679950782257137,3.943276463734299,46.5117708990249,0.1808081547166967,93.74694076311911,73.72566043339417
121269,0,53.0,1.0,31.7,31.0,18.0,4.2,74.0,0.4,214.0,38.0
121272,1,80.0,2.0,36.1,13.0,19.0,3.9,69.0,0.6,147.0,68.0
121274,1,58.0,1.0,41.2,28.0,24.0,3.8,92.0,0.3,227.0,37.0
121276,0,35.0,2.0,46.0,8.0,14.0,3.6,72.0,0.2,602.0,52.0
121277,0,60.0,2.0,43.3,19.0,20.0,3.9,106.0,0.7,205.0,64.0
121279,0,28.0,2.0,29.9,25.0,24.0,4.3,43.0,0.5,294.0,72.0
121284,0,46.0,1.0,40.2,22.0,21.0,4.2,70.0,0.2,240.0,44.0
121286,0,29.0,2.0,32.9,9.0,13.0,4.0,50.0,0.4,250.0,48.0
121287,0,60.0,1.0,28.0,15.0,16.0,4.3,54.0,0.3,226.0,40.0
121291,0,65.0,1.0,30.4,16.0,15.0,4.4,35.0,0.5,241.0,38.0
121293,0,25.0,2.0,44.3,11.0,16.0,4.1,107.0,0.5,276.0,69.0
121294,0,80.0,2.0,35.6,9.0,15.0,3.7,79.0,0.8,201.0,58.0
121295,0,66.0,1.0,23.4,11.0,18.0,4.4,51.0,0.5,181.0,63.0
121296,0,57.0,1.0,26.5,18.0,14.0,4.6,73.0,0.3,221.0,45.0
121299,0,64.0,2.0,33.0,17.0,18.0,3.8,83.0,0.2,212.0,66.0
121303,0,46.0,1.0,25.6,17.0,25.0,4.4,68.0,0.4,260.0,78.0
121304,0,58.0,1.0,28.1,29.0,23.0,4.3,74.0,1.0,322.0,57.0
121305,0,44.0,1.0,34.3,21.0,18.0,4.0,87.0,0.3,192.0,50.0
121308,0,41.0,2.0,25.50846776545219,25.0,18.0,3.9,69.0,0.6,242.0,52.0
121309,0,70.0,2.0,29.3,35.0,29.0,4.0,87.0,0.4,264.0,97.0
121311,0,38.0,2.0,27.0,17.0,15.0,3.8,76.0,0.6,240.0,34.0
121313,0,55.0,2.0,29.9,14.0,18.0,4.5,83.0,0.5,342.0,69.0
121315,0,53.0,1.0,30.9,28.0,28.0,4.2,93.0,0.5,211.0,38.0
121317,0,61.0,1.0,29.6,41.0,36.0,3.9,92.0,0.7,295.0,44.0
121318,0,21.0,1.0,20.8,-0.7856395325245744,12.125919352953995,4.344496795778253,81.60532762561742,0.2950689122038459,51.31254196035928,63.629915153450064
121319,0,47.0,2.0,30.5,13.0,14.0,4.2,77.0,0.3,279.0,49.0
121321,1,63.0,1.0,44.5,21.0,17.0,3.8,46.0,0.3,245.0,50.0
121322,0,61.0,2.0,26.0,16.0,16.0,3.7,128.0,0.3,209.0,56.0
121324,0,27.0,2.0,31.6,14.0,15.0,4.2,44.0,0.3,272.0,58.0
121325,0,55.0,1.0,26.2,38.0,26.0,4.0,100.0,0.7,221.0,24.0
121326,0,70.0,2.0,27.1,12.0,20.0,3.8,70.0,0.4,174.0,64.0
121328,0,66.0,1.0,31.0,59.45070729605091,39.054929265072325,4.307395673846058,107.68322339077484,0.5388192460573459,273.32168469644324,60.61915374088941
121329,1,63.0,2.0,18.6,37.0,49.0,3.4,201.0,0.3,306.0,45.0
121330,0,61.0,2.0,34.9,12.30798317447658,8.28085196303106,3.8207119487484267,86.5764853213067,0.10693300093836192,226.0,36.88475187115587
121334,0,69.0,2.0,24.7,9.0,17.0,4.3,55.0,0.3,152.0,80.0
121335,0,26.0,2.0,36.3,18.0,19.0,4.8,95.0,0.3,213.0,55.0
121336,1,73.0,2.0,30.8,14.0,13.0,4.3,55.0,0.7,250.0,58.0
121337,0,72.0,1.0,21.3,13.0,15.0,3.7,57.0,0.3,272.0,65.0
121339,0,46.0,1.0,26.6,11.846013715321549,13.517302686505005,4.025112231330188,96.42751035575317,0.762094713806243,340.0,47.953577601136644
121340,0,37.0,2.0,24.4,7.0,13.0,3.8,48.0,0.2,286.0,69.0
121341,0,61.0,1.0,30.8,34.0,23.0,4.0,72.0,0.5,150.0,58.0
121345,0,34.0,2.0,33.7,11.0,14.0,4.0,89.0,0.3,280.0,54.0
121346,0,52.0,1.0,27.2,28.0,25.0,4.1,69.0,0.5,239.0,47.0
121348,0,49.0,2.0,37.3,12.0,15.0,3.7,189.0,0.2,228.0,64.0
121349,0,75.0,1.0,23.9,16.0,18.0,3.8,101.0,0.4,199.0,47.0
121350,0,42.0,2.0,35.1,8.0,11.0,3.7,64.0,0.1,278.0,64.0
121351,0,41.0,1.0,24.8,21.0,23.0,4.0,56.0,0.3,231.0,66.0
121353,0,63.0,1.0,25.3,17.0,17.0,3.6,83.0,0.4,256.0,47.0
121358,0,29.0,1.0,44.8,56.0,24.0,4.1,107.0,0.3,211.0,42.0
121359,0,76.0,2.0,33.8,13.0,18.0,3.6,72.0,0.5,316.0,31.0
121360,0,58.0,1.0,39.7,27.0,29.0,3.8,103.0,0.8,191.0,48.0
121361,0,40.0,2.0,18.4,9.0,19.0,4.4,54.0,0.4,288.0,72.0
121364,0,27.0,2.0,37.0,15.0,15.0,3.7,69.0,0.3,339.0,48.0
121365,0,37.0,1.0,22.7,26.0,19.0,4.3,58.0,0.3,188.0,59.0
121367,0,45.0,1.0,34.3,56.0,38.0,3.9,68.0,0.3,199.0,54.0
121368,0,55.0,1.0,21.1,19.0,19.0,4.5,59.0,0.6,197.0,64.0
121371,0,23.0,1.0,29.5,15.0,18.0,4.1,83.0,0.3,235.0,43.0
121373,0,76.0,1.0,27.6,31.0,23.0,4.8,99.0,1.9,253.0,41.0
121374,0,45.0,2.0,27.3,47.900404756008584,30.442863274567493,4.371479091289516,65.05396639067025,0.7005490112366046,214.0,79.90586674463346
121378,0,45.0,2.0,22.0,13.0,20.0,3.7,64.0,0.4,266.0,60.0
121381,0,23.0,2.0,60.3,31.0,25.0,4.0,51.0,0.5,256.0,43.0
121382,0,38.0,2.0,35.0,12.0,17.0,3.8,75.0,0.3,293.0,45.0
121383,0,70.0,1.0,27.5,39.0,35.0,4.0,84.0,0.8,300.0,60.0
121384,0,62.0,1.0,18.9,38.78880876216542,26.85420768431198,4.158144198759648,66.14132508627763,0.1883888305050903,226.87869761929352,47.56370926313279
121386,0,48.0,1.0,33.7,17.0,23.0,3.9,77.0,0.3,197.0,23.0
121391,0,62.0,2.0,34.5,18.0,16.0,4.3,100.0,0.8,266.0,54.0
121393,0,65.0,2.0,25.5,9.0,18.0,4.0,68.0,0.4,274.0,69.0
121394,0,43.0,2.0,34.3,10.0,10.0,3.8,104.0,1.1,288.0,44.0
121395,1,54.0,2.0,40.8,30.0,26.0,3.8,118.0,0.3,271.0,66.0
121398,0,80.0,1.0,24.7,22.0,26.0,4.0,83.0,0.5,160.0,70.0
121400,0,33.0,2.0,21.0,14.0,18.0,4.0,59.0,0.1,250.0,48.0
121405,0,37.0,2.0,21.7,12.0,19.0,4.4,53.0,0.3,230.0,32.0
121406,0,78.0,2.0,28.9,11.0,16.0,3.7,62.0,0.3,235.0,44.0
121408,0,37.0,1.0,27.1,13.0,14.0,4.3,74.0,0.7,276.0,40.0
121410,0,60.0,2.0,35.4,20.0,19.0,4.1,87.0,0.9,307.0,37.0
121414,0,53.0,2.0,29.5,15.0,14.0,4.3,101.0,0.4,321.0,41.0
121415,0,60.0,2.0,20.6,31.0,60.0,4.1,112.0,0.6,274.0,85.0
121417,0,49.0,1.0,20.6,7.0,19.0,4.4,81.0,0.4,269.0,45.0
121418,0,77.0,2.0,22.0,16.0,21.0,4.0,79.0,0.4,211.0,79.0
121420,1,69.0,1.0,26.8,30.0,18.0,3.9,59.0,0.3,264.0,40.0
121422,0,31.0,2.0,30.8,21.0,23.0,4.5,87.0,0.5,417.0,40.0
121424,0,49.0,2.0,24.5,11.0,17.0,3.9,62.0,0.2,241.0,64.0
121425,0,41.0,2.0,34.0,19.0,16.0,3.9,80.0,0.5,350.0,52.0
121426,0,78.0,2.0,27.6,21.789480127047945,22.75279402044702,3.637395775821518,56.37471758031402,0.2592577033182879,365.7305335960012,48.380885042607396
121427,0,80.0,1.0,30.92653565474663,20.0,26.0,3.5,70.0,0.4,216.0,54.0
121428,0,36.0,1.0,26.7,29.0,22.0,4.6,64.0,0.2,321.0,40.0
121432,0,73.0,1.0,24.8,12.0,18.0,4.2,76.0,0.4,272.0,62.0
121435,0,28.0,1.0,23.2,29.0,44.0,4.2,63.0,0.4,291.0,73.0
121438,0,64.0,2.0,23.1,3.3081234693060715,15.470340330335214,3.7400137436095253,73.52660964729225,0.5396339564341489,157.0,57.10459715147492
121441,0,20.0,2.0,23.3,15.0,15.0,4.3,60.0,0.5,257.0,51.0
121442,1,66.0,1.0,32.8,107.0,82.0,3.8,80.0,0.8,240.0,41.0
121443,0,40.0,1.0,24.3,26.0,21.0,4.7,71.0,0.7,233.0,77.0
121445,0,62.0,1.0,26.1,36.0,31.0,4.1,63.0,0.4,252.0,30.0
121450,0,80.0,2.0,21.8,33.0,33.0,3.6,112.0,0.7,196.0,76.0
121451,0,60.0,2.0,29.3,11.0,15.0,4.0,54.0,0.2,264.0,56.0
121453,0,19.0,1.0,28.9,16.0,13.0,4.4,55.0,0.4,165.0,56.0
121457,0,80.0,1.0,35.3,11.0,17.0,3.9,62.0,0.9,231.0,60.0
121458,0,41.0,1.0,28.5,32.0,23.0,4.1,70.0,0.4,262.0,71.0
121459,1,62.0,1.0,37.9,16.0,14.0,3.8,67.0,0.5,187.0,38.0
121460,1,58.0,2.0,33.1,28.0,22.0,3.5,145.0,0.2,201.0,35.0
121461,0,45.0,2.0,32.9,18.0,14.0,3.9,82.0,0.2,293.0,59.0
121462,1,78.0,2.0,27.7,18.0,28.0,4.5,112.0,0.3,258.0,45.0
121464,0,33.0,1.0,35.6,20.0,11.0,3.7,74.0,0.2,355.0,30.0
121465,0,71.0,1.0,39.1,20.0,21.0,4.0,69.0,0.5,178.0,41.0
121467,0,55.0,2.0,27.1,25.793347396484297,17.68773479257843,3.8371414128807557,97.74141200427735,-0.24298347405244441,163.15929098829113,30.827522092013094
121468,0,40.0,1.0,39.3,23.0,24.0,4.6,67.0,0.2,246.0,51.0
121473,1,66.0,1.0,21.4,14.0,17.0,3.9,70.0,0.7,260.0,46.0
121475,0,55.0,2.0,19.8,14.0,13.0,4.2,100.0,0.2,261.0,44.0
121476,0,44.0,2.0,19.8,10.0,22.0,3.7,44.0,0.2,466.0,66.0
121479,0,22.0,2.0,18.5,19.0,22.0,4.0,62.0,0.3,255.0,74.0
121480,1,68.0,1.0,30.9,14.0,17.0,3.9,129.0,0.1,268.0,51.0
121481,0,18.0,1.0,31.7,15.0,16.0,4.2,104.0,0.3,237.0,44.0
121483,0,18.0,2.0,23.3,13.0,17.0,4.0,96.0,0.2,406.0,51.0
121484,0,56.0,2.0,27.9,24.0,70.0,4.1,71.0,0.5,250.0,84.0
121485,0,21.0,1.0,20.7,12.0,18.0,4.7,68.0,0.5,214.0,70.0
121486,0,35.0,2.0,33.7,15.0,22.0,4.7,116.0,0.3,281.0,81.0
121488,0,26.0,2.0,32.0,10.0,13.0,4.0,69.0,0.2,250.0,48.0
121489,0,80.0,1.0,36.1,14.0,13.0,4.0,52.0,0.7,199.0,40.0
121490,0,30.0,2.0,22.6,11.0,21.0,4.4,45.0,0.5,237.0,72.0
121493,0,27.0,1.0,29.5,24.618924150326166,19.746428284294957,4.412422954021786,86.38378577793408,0.36864912971021024,224.0,44.015182084713366
121494,0,80.0,1.0,31.6,22.0,20.0,3.8,86.0,0.5,266.0,50.0
121500,0,30.0,2.0,26.2,10.0,11.0,3.8,45.0,0.2,190.0,41.0
121502,0,33.0,2.0,18.7,21.370079525531075,16.65907866535016,4.081608644815413,79.34484011617,0.05682584444196376,285.8017856254566,41.558598827030124
121505,0,27.0,2.0,43.7,18.0,17.0,3.8,64.0,0.3,271.0,75.0
121506,0,53.0,1.0,30.0,16.0,20.0,4.5,92.0,0.8,115.0,44.0
121508,0,76.0,2.0,22.6,15.0,19.0,4.0,57.0,0.2,293.0,41.0
121509,0,30.0,2.0,24.7,12.87129666610396,36.412386391607285,4.308924700869582,52.00120763372816,0.41283183472861384,143.0,69.13922886285573
121512,0,80.0,1.0,28.1,15.0,23.0,4.4,61.0,0.5,187.0,40.0
121519,0,69.0,2.0,24.7,8.0,11.0,4.0,69.0,0.3,356.0,52.0
121520,0,57.0,1.0,29.1,34.0,26.0,4.7,85.0,1.9,185.0,36.0
121521,0,19.0,2.0,27.4,14.0,17.0,3.8,79.0,0.2,360.0,74.0
121525,0,65.0,2.0,29.4,19.0,18.0,4.0,80.0,0.2,278.0,40.0
121526,0,56.0,2.0,29.9,44.0,32.0,3.9,77.0,0.4,271.0,66.0
121528,0,23.0,1.0,19.4,25.0,18.0,4.3,96.0,0.2,280.0,59.0
121530,0,30.0,1.0,30.0,25.0,21.0,4.4,83.0,0.3,259.0,50.0
121532,0,27.0,2.0,47.9,77.06215541060584,55.33521415115593,4.085046465015285,64.9049058003246,0.41378527463364895,301.21295831468956,52.28459560634075
121533,0,22.0,2.0,28.5,17.0,19.0,4.4,83.0,0.2,279.0,37.0
121534,0,38.0,2.0,26.5,20.0,21.0,3.8,49.0,0.5,220.0,78.0
121535,0,45.0,1.0,25.4,37.0,27.0,4.8,59.0,0.8,191.0,60.0
121538,0,19.0,1.0,20.9,18.0,30.0,4.6,85.0,0.3,167.0,50.0
121540,0,48.0,1.0,28.4,18.0,18.0,4.2,78.0,0.5,273.0,46.0
121543,0,61.0,1.0,46.5,13.0,11.0,3.6,55.0,0.5,163.0,67.0
121544,0,46.0,2.0,34.7,30.0,30.0,4.0,99.0,0.3,284.0,53.0
121548,0,68.0,1.0,26.2,12.0,12.0,3.9,61.0,0.2,257.0,38.0
121550,0,32.0,1.0,23.2,14.0,16.0,4.3,77.0,0.2,334.0,53.0
121551,0,70.0,2.0,27.3,9.0,19.0,4.2,95.0,0.4,247.0,63.0
121554,0,34.0,1.0,27.9,15.0,12.0,4.4,68.0,0.4,203.0,34.0
121556,0,66.0,2.0,36.0,22.0,20.0,3.8,113.0,0.3,279.0,60.0
121558,0,18.0,1.0,23.8,10.0,16.0,5.0,88.0,0.9,218.0,43.0
121559,0,52.0,2.0,25.0,20.0,21.0,3.9,44.0,0.5,209.0,89.0
121565,0,24.0,2.0,39.1,10.0,12.0,3.8,97.0,0.3,351.0,45.0
121569,0,72.0,1.0,25.0,15.0,13.0,4.0,115.0,0.2,215.0,57.0
121570,0,43.0,2.0,24.0,10.0,14.0,3.7,75.0,0.3,248.0,69.0
121571,0,40.0,1.0,21.1,27.0,21.0,4.1,74.0,0.7,293.0,44.0
121576,0,55.0,2.0,26.6,11.0,12.0,3.8,47.0,0.3,159.0,51.0
121577,0,19.0,2.0,20.0,12.0,23.0,4.0,41.0,0.3,229.0,59.0
121578,0,63.0,1.0,25.8,24.0,26.0,4.0,56.0,0.7,164.0,62.0
121579,0,48.0,2.0,26.3,7.0,12.0,3.7,49.0,0.5,276.0,69.0
121580,0,64.0,2.0,31.4,14.0,14.0,4.2,76.0,0.4,327.0,57.0
121581,0,27.0,2.0,32.2,14.0,14.0,4.1,62.0,0.3,309.0,59.0
121582,0,31.0,2.0,28.0,10.0,14.0,4.0,78.0,0.1,385.0,88.0
121585,0,44.0,1.0,19.7,13.0,16.0,3.8,61.0,0.3,278.0,56.0
121587,0,23.0,1.0,21.2,21.0,23.0,4.1,70.0,0.3,210.0,97.0
121588,0,80.0,1.0,28.9,22.0,21.0,3.4,67.0,0.5,468.0,30.0
121589,0,80.0,1.0,37.6,11.0,19.0,4.0,90.0,0.4,196.0,66.0
121590,1,63.0,2.0,31.9,45.0,46.0,4.3,67.0,0.5,299.0,51.0
121591,0,32.0,2.0,28.6,36.85935598346215,48.38118565630204,4.420268294521339,62.3237107316173,0.23515376845005295,363.0761084939895,32.97401287340094
121592,0,29.0,2.0,40.8,11.0,15.0,3.9,84.0,0.4,134.0,52.0
121593,0,63.0,2.0,33.6,13.0,17.0,3.8,79.0,0.3,275.0,86.0
121595,0,53.0,2.0,17.3,17.71816859571391,23.542157273849714,3.988158053148564,78.75783304554075,0.2739848018661495,254.754609238632,68.47906265127605
121597,1,55.0,1.0,25.7,26.0,18.0,4.2,64.0,0.6,219.0,47.0
121603,0,24.0,1.0,30.8,56.0,33.0,3.9,117.0,0.3,345.0,32.0
121604,0,37.0,1.0,28.4,11.0,17.0,3.9,102.0,0.4,236.0,59.0
121606,0,44.0,2.0,27.6,17.0,17.0,3.6,191.0,0.4,150.0,62.0
121607,0,72.0,1.0,29.4,13.0,21.0,3.9,87.0,0.6,234.0,55.0
121610,0,31.0,2.0,22.0,12.0,17.0,4.0,53.0,0.5,223.0,90.0
121618,0,54.0,2.0,39.9,22.0,16.0,3.4,72.0,0.3,278.0,42.0
121620,0,51.0,1.0,25.8,57.0,67.0,4.4,75.0,0.3,228.0,87.0
121621,0,70.0,2.0,23.4,25.0,24.0,4.2,40.0,0.8,267.0,66.0
121622,0,38.0,1.0,25.0,21.0,19.0,4.6,37.0,0.5,188.0,51.0
121623,1,63.0,1.0,32.5,51.0,65.0,3.8,68.0,0.6,147.0,36.0
121625,0,68.0,1.0,27.3,53.0,31.0,4.7,90.0,0.9,166.0,50.0
121629,0,56.0,2.0,28.8,19.0,19.0,4.2,99.0,0.6,213.0,55.0
121630,0,50.0,2.0,47.1,27.0,25.0,3.9,86.0,0.5,260.0,46.0
121631,0,28.0,2.0,25.4,11.0,17.0,4.5,68.0,0.3,301.0,58.0
121634,0,42.0,2.0,29.3,13.0,15.0,4.2,49.0,0.9,195.0,44.0
121635,0,72.0,2.0,26.2,14.0,14.0,4.1,84.0,0.2,310.0,86.0
121637,0,64.0,2.0,33.7,23.0,21.0,3.9,74.0,0.4,173.0,37.0
121638,0,21.0,2.0,28.8,11.0,18.0,4.3,56.0,0.2,298.0,66.0
121641,0,44.0,2.0,37.7,14.0,13.0,3.9,79.0,0.2,323.0,61.0
121643,0,29.0,1.0,21.9,11.0,23.0,4.1,75.0,0.5,202.0,76.0
121644,0,52.0,1.0,27.8,25.0,29.0,3.9,67.0,0.4,239.0,69.0
121645,0,80.0,2.0,39.4,11.0,11.0,3.3,46.0,0.3,169.0,58.0
121646,1,22.0,1.0,20.0,10.0,17.0,4.5,65.0,0.2,217.0,54.0
121647,0,63.0,2.0,24.3,19.0,28.0,3.7,76.0,0.5,175.0,64.0
121648,0,61.0,1.0,35.5,17.0,20.0,4.1,87.0,0.5,321.0,67.0
121649,0,80.0,1.0,28.3,26.0,31.0,4.1,114.0,0.5,141.0,60.0
121650,0,38.0,1.0,26.7,39.0,29.0,4.1,73.0,0.5,180.0,54.0
121653,0,42.0,1.0,29.4,18.0,17.0,4.1,67.0,0.4,267.0,39.0
121654,0,45.0,2.0,26.2,12.0,20.0,3.6,71.0,0.2,291.0,84.0
121657,0,49.0,2.0,28.7,11.0,17.0,4.3,90.0,0.4,195.0,50.0
121660,0,66.0,2.0,39.1,9.0,11.0,3.6,122.0,0.2,375.49753638835114,52.0
121662,0,29.0,1.0,33.3,17.0,20.0,4.4,64.0,0.2,271.0,45.0
121663,0,34.0,1.0,25.3,12.0,13.0,4.2,42.0,0.3,136.0,41.0
121664,0,40.0,1.0,28.5,28.0,27.0,3.9,43.0,0.6,197.0,84.0
121665,0,29.0,2.0,37.6,12.0,18.0,4.2,77.0,0.3,195.0,51.0
121668,1,67.0,1.0,30.6,6.546641879784696,10.116159742624768,4.1938026386234455,81.85591910564698,0.20881647057837593,173.75153471466453,37.15468266241103
121669,0,61.0,2.0,23.7,14.0,18.0,4.3,81.0,0.5,193.0,65.0
121670,1,60.0,1.0,39.3,32.0,21.0,4.1,89.0,0.3,183.0,35.0
121671,0,34.0,2.0,49.2,13.0,11.0,3.6,75.0,0.3,273.0,46.0
121673,0,20.0,2.0,22.7,16.0,22.0,4.6,61.0,0.4,202.0,60.0
121674,0,34.0,2.0,20.2,14.0,16.0,4.1,103.0,0.2,403.0,76.0
121675,0,60.0,1.0,31.3,21.0,19.0,3.9,65.0,0.3,250.0,66.0
121682,0,76.0,1.0,35.8,21.0,22.0,3.8,60.0,0.4,300.0,54.0
121687,0,26.0,2.0,39.0,47.0,28.0,4.1,72.0,0.5,351.0,45.0
121688,0,20.0,1.0,20.0,35.25139452854948,40.57207336589385,4.528987550185347,69.70122953587519,0.8005176668180567,205.0,32.14365871815783
121692,0,58.0,1.0,19.6,9.0,14.0,4.0,75.0,0.5,166.0,60.0
121693,0,80.0,2.0,19.3,7.0,9.0,4.0,138.0,0.3,404.0,40.0
121694,0,76.0,2.0,31.7,14.0,20.0,4.2,98.0,0.4,196.0,69.0
121695,0,47.0,1.0,33.5,23.0,22.0,3.6,61.0,0.4,215.0,43.0
121696,0,40.0,1.0,33.4,17.0,20.0,3.8,44.0,0.4,179.0,62.0
121699,0,71.0,2.0,31.3,14.0,15.0,3.6,94.0,0.3,228.0,56.0
121700,1,47.0,1.0,40.1,41.0,32.0,4.0,104.0,0.4,219.0,37.0
121705,1,52.0,1.0,33.1,36.0,30.0,4.2,63.0,0.4,190.0,30.0
121708,0,65.0,2.0,29.6,53.0,37.0,4.8,72.0,0.4,200.0,37.0
121710,0,25.0,1.0,32.7,32.0,25.0,4.5,89.0,0.5,284.0,48.0
121711,0,38.0,2.0,23.0,9.0,14.0,4.2,66.0,0.8,179.0,84.0
121714,0,27.0,2.0,33.8,9.0,13.0,3.8,55.0,0.1,288.0,54.0
121719,1,50.0,1.0,43.7,31.0,29.0,4.4,54.0,0.4,167.0,32.0
121720,0,79.0,2.0,21.1,13.0,20.0,4.3,58.0,0.9,227.0,104.0
121721,0,57.0,2.0,25.7,28.0,28.0,3.6,135.0,0.4,325.0,73.0
121727,1,71.0,2.0,48.0,13.0,18.0,3.7,98.0,0.4,321.0,60.0
121728,1,62.0,1.0,34.1,13.0,13.0,3.4,82.0,0.2,148.0,21.0
121730,0,54.0,2.0,35.6,31.0,17.0,4.2,119.0,0.8,286.0,39.0
121731,0,42.0,2.0,48.2,13.0,12.0,3.4,84.0,0.2,313.0,30.0
121737,0,19.0,1.0,23.6,14.0,19.0,4.3,65.0,0.3,326.0,41.0
121738,0,44.0,2.0,20.2,13.0,16.0,4.1,60.0,0.3,216.0,51.0
121741,0,77.0,1.0,27.2,19.0,18.0,3.9,72.0,0.6,258.0,61.0
121744,0,61.0,2.0,21.0,47.0,35.0,3.9,76.0,0.5,195.0,187.0
121746,0,71.0,2.0,28.4,10.0,15.0,4.3,73.0,0.2,298.0,54.0
121747,0,56.0,2.0,27.2,21.0,18.0,3.9,83.0,0.6,263.0,72.0
121750,1,60.0,1.0,21.3,20.0,29.0,3.9,48.0,1.0,185.0,67.0
121751,0,52.0,1.0,35.3,49.0,25.0,4.0,75.0,0.3,173.0,38.0
121753,0,20.0,1.0,32.7,47.0,33.0,4.6,106.0,0.7,248.0,37.0
121754,0,29.0,1.0,28.8,69.0,38.0,4.2,80.0,0.3,205.0,43.0
121758,0,30.0,2.0,32.5,22.0,16.0,3.6,79.0,0.1,308.0,34.0
121761,0,43.0,1.0,27.9,48.0,30.0,4.3,96.0,0.6,155.0,38.0
121762,0,27.0,2.0,25.1,21.64591647002399,23.39990851762685,3.9564332753675253,25.78386410901996,0.3639597594901893,346.0,64.0
121763,0,42.0,2.0,29.9,12.0,14.0,3.6,93.0,0.3,281.0,45.0
121764,0,20.0,2.0,19.9,9.0,17.0,4.4,59.0,0.7,268.0,63.0
121771,0,41.0,1.0,29.7,18.0,22.0,4.1,58.0,0.3,237.0,44.0
121773,0,42.0,1.0,33.0,16.0,21.0,4.4,93.0,0.6,223.0,42.0
121774,0,72.0,1.0,31.3,31.0,25.0,3.7,49.0,0.3,179.0,41.0
121775,0,59.0,1.0,27.2,24.0,22.0,4.1,53.0,0.7,185.0,70.0
121776,0,59.0,2.0,27.3,13.0,20.0,4.4,79.0,0.3,220.0,37.0
121778,0,53.0,2.0,25.5,14.0,20.0,4.3,55.0,0.2,210.0,74.0
121779,0,24.0,1.0,26.6,18.0,19.0,3.9,82.0,0.5,283.0,55.0
121780,0,65.0,1.0,29.4,33.0,21.0,4.0,97.0,0.4,337.0,32.0
121782,1,35.0,1.0,32.5,40.0,23.0,4.7,61.0,0.4,222.0,42.0
121783,0,73.0,1.0,25.4,29.0,34.0,4.6,74.0,0.8,206.0,45.0
121784,0,74.0,2.0,27.1,21.0,22.0,4.3,78.0,0.4,206.0,58.0
121785,0,66.0,1.0,38.8,17.0,16.0,3.9,70.0,0.3,190.0,42.0
121786,0,55.0,1.0,49.4,23.0,28.0,3.3,71.0,0.2,198.0,43.0
121789,0,35.0,1.0,21.9,54.0,43.0,4.6,166.0,0.4,263.0,35.0
121791,0,60.0,2.0,20.4,13.0,19.0,3.9,73.0,0.8,347.0,93.0
121796,0,57.0,1.0,22.7,20.0,28.0,3.9,70.0,0.3,251.0,46.0
121808,0,23.0,1.0,22.7,11.0,14.0,4.0,72.0,1.3,230.0,52.0
121809,0,22.0,1.0,21.6,9.0,21.0,4.6,61.0,0.5,194.0,43.0
121812,0,57.0,2.0,28.0,24.0,31.0,3.9,85.0,0.5,382.0,55.0
121814,0,41.0,2.0,44.5,16.0,16.0,3.9,134.0,0.2,248.0,46.0
121816,1,78.0,1.0,28.4,41.0,28.0,4.4,52.0,0.4,181.0,42.0
121818,0,44.0,1.0,29.0,41.0,16.0,4.2,92.0,0.2,283.0,53.0
121822,0,57.0,2.0,34.6,20.0,21.0,4.2,76.0,0.3,266.0,52.0
121824,0,50.0,2.0,22.7,12.0,17.0,3.8,70.0,0.3,334.0,71.0
121826,0,43.0,1.0,35.8,31.911201635749272,10.556355040441366,4.34502732143383,46.65506977876062,0.7749267823222452,223.04603527309197,41.72345896465663
121827,0,66.0,2.0,28.6,15.0,15.0,4.1,109.0,0.5,326.0,56.0
121828,0,18.0,2.0,26.7,35.0,30.0,4.2,96.0,0.5,231.0,58.0
121830,0,69.0,2.0,28.9,12.0,13.0,4.5,67.0,0.2,211.0,90.0
121831,0,77.0,2.0,30.9,13.0,19.0,4.3,59.0,1.1,191.0,60.0
121833,0,55.0,2.0,31.7,10.0,17.0,4.5,84.0,0.3,256.0,41.0
121836,0,27.0,2.0,23.9,13.0,21.0,4.7,41.0,0.6,232.0,60.0
121838,0,38.0,1.0,29.8,20.0,17.0,4.6,41.0,0.9,245.0,59.0
121839,0,78.0,2.0,39.7,10.0,17.0,3.4,73.0,0.4,320.0,46.0
121840,0,64.0,2.0,30.2,8.0,19.0,3.9,97.0,0.4,229.0,53.0
121841,0,30.0,2.0,43.9,31.0,19.0,4.2,157.0,0.3,240.0,48.0
121842,0,21.0,1.0,25.2,15.0,17.0,5.1,62.0,0.7,289.0,65.0
121844,0,76.0,2.0,30.5,14.0,20.0,4.3,57.0,0.7,261.0,73.0
121846,1,36.0,2.0,45.5,40.0,23.0,3.5,133.0,0.3,250.0,55.0
121847,0,80.0,2.0,39.3,11.0,16.0,3.4,75.0,0.2,250.0,44.0
121848,0,23.0,1.0,32.1,22.0,28.0,4.4,101.0,0.3,195.0,36.0
121850,0,21.0,1.0,20.4,11.0,18.0,4.8,83.0,0.5,228.0,50.0
121854,0,28.0,2.0,28.2,10.0,12.0,3.9,89.0,0.4,226.0,23.0
121855,0,30.0,1.0,28.3,12.900697616009916,16.338996226785213,4.716918062197002,74.78888374765006,1.095097768882153,244.0,37.0
121864,1,72.0,1.0,23.0,9.0,13.0,3.7,85.0,0.4,198.0,49.0
121865,0,25.0,1.0,23.5,39.0,35.0,4.3,71.0,0.4,190.0,52.0
121866,0,50.0,2.0,20.6,12.0,16.0,4.3,61.0,0.4,244.0,93.0
121868,0,31.0,1.0,29.9,18.0,22.0,3.9,80.0,0.2,265.0,38.0
121871,0,31.0,2.0,22.4,13.0,18.0,3.8,59.0,0.2,198.0,47.0
121872,0,67.0,1.0,31.1,31.0,23.0,4.0,95.0,0.5,191.0,29.0
121873,0,68.0,2.0,28.8,11.0,16.0,3.5,68.0,0.4,254.0,54.0
121874,0,23.0,2.0,40.9,26.0,21.0,4.2,59.0,0.3,298.0,54.0
121876,0,49.0,2.0,24.3,13.0,24.0,4.2,89.0,0.3,235.0,68.0
121877,0,33.0,2.0,33.7,27.0,23.0,3.7,84.0,0.1,235.0,31.0
121878,1,74.0,1.0,31.9,52.977522068264705,57.251804996949616,4.015925801057811,89.08589711806573,0.6938788911262093,200.79542363835932,68.49942324317247
121882,0,38.0,1.0,29.9,20.0,19.0,4.5,100.0,0.5,280.0,50.0
121883,0,70.0,1.0,25.2,32.0,30.0,4.2,98.0,0.3,254.0,29.0
121885,0,27.0,2.0,24.4,41.0,29.0,4.4,63.0,0.4,195.0,67.0
121887,0,66.0,1.0,19.9,25.0,33.0,3.5,139.0,0.3,193.0,39.0
121891,0,53.0,2.0,32.3,39.0,24.0,4.0,102.0,0.5,215.0,34.0
121893,0,34.0,1.0,27.4,18.0,26.0,4.6,92.0,0.8,179.0,58.0
121894,0,57.0,1.0,24.8,37.0,23.0,4.0,86.0,0.4,346.0,60.0
121895,0,26.0,1.0,33.7,23.0,26.0,4.3,75.0,0.3,259.0,41.0
121896,0,75.0,1.0,22.2,11.0,13.0,3.9,62.0,0.6,149.0,66.0
121897,0,18.0,1.0,24.1,31.0,25.0,4.4,114.0,0.6,235.0,44.0
121899,0,47.0,1.0,31.8,30.0,19.0,4.1,47.0,0.5,195.0,42.0
121901,0,74.0,2.0,26.1,10.644353169317293,2.697131898373037,4.340585154924024,89.36515837678897,0.5210463211584145,269.9751919367047,51.30179272719095
121905,0,63.0,1.0,38.4,28.0,21.0,4.0,86.0,0.3,239.0,67.0
121906,0,26.0,1.0,30.2,37.0,35.0,4.4,90.0,0.3,227.0,46.0
121907,0,64.0,1.0,29.1,24.0,20.0,4.1,67.0,0.4,220.0,41.0
121913,0,37.0,2.0,25.0,11.0,12.0,4.2,55.0,0.3,233.0,48.0
121917,0,56.0,2.0,29.3,26.0,22.0,3.8,80.0,0.3,299.0,60.0
121918,0,63.0,1.0,21.1,15.0,18.0,4.0,101.0,0.2,245.0,64.0
121919,0,18.0,2.0,18.3,9.0,19.0,4.3,68.0,0.4,266.0,45.0
121920,0,30.0,1.0,24.1,14.0,22.0,4.0,66.0,0.4,290.0,37.0
121921,0,30.0,1.0,34.1,32.0,24.0,4.4,74.0,0.6,251.0,41.0
121922,0,41.0,2.0,21.0,16.0,21.0,4.4,47.0,0.7,180.0,56.0
121923,0,62.0,2.0,32.8,18.0,19.0,4.1,86.0,0.3,224.0,44.0
121925,0,47.0,1.0,30.0,19.0,20.0,4.2,90.0,0.3,191.0,31.0
121927,0,71.0,2.0,43.4,17.0,20.0,4.1,105.0,0.6,183.0,51.0
121928,0,60.0,2.0,47.1,19.0,20.0,2.8,95.0,0.2,269.0,57.0
121929,0,64.0,2.0,28.0,11.0,18.0,3.7,117.0,0.2,381.0,38.0
121931,0,23.0,2.0,25.7,68.0,40.0,4.7,94.0,0.5,280.0,48.0
121932,0,21.0,2.0,37.2,11.0,17.0,3.7,86.0,0.4,427.0,42.0
121936,0,60.0,1.0,25.0,15.0,19.0,4.1,54.0,0.4,184.0,54.0
121937,0,22.0,1.0,34.7,27.0,17.0,3.9,92.0,0.3,191.0,55.0
121938,1,38.0,2.0,27.9,112.0,178.0,4.1,117.0,0.7,151.0,87.0
121943,1,22.0,1.0,18.367339488390463,49.0,18.0,4.4,59.0,0.3,195.0,57.0
121944,0,56.0,2.0,29.7,20.0,18.0,4.2,66.0,0.6,278.0,90.0
121945,0,80.0,2.0,25.5,10.0,20.0,4.3,79.0,0.4,198.0,59.0
121948,0,51.0,2.0,24.5,12.0,20.0,2.5,78.0,0.2,288.0,57.0
121949,0,71.0,2.0,25.5,22.0,13.080532384899504,4.2,69.0,1.1,235.0,63.0
121950,0,41.0,2.0,30.0,15.0,17.0,3.7,91.0,0.8,263.0,63.0
121951,0,60.0,1.0,29.8,35.46882683144478,16.639836830920373,4.0312155529868825,81.13007723012474,0.6804628985996357,266.13463293769473,55.272964901463055
121956,0,24.0,2.0,19.8,18.0,20.0,4.7,67.0,0.7,237.0,82.0
121958,0,30.0,1.0,34.2,28.0,19.0,3.8,90.0,0.2,242.0,59.0
121961,0,41.0,1.0,30.9,9.0,13.0,4.1,54.0,0.4,258.0,46.0
121962,1,54.0,1.0,33.9,127.0,128.0,4.0,114.0,0.6,188.0,37.0
121964,0,73.0,2.0,25.1,13.0,19.0,4.5,59.0,0.6,308.0,70.0
121965,0,73.0,2.0,22.8,14.0,19.0,4.3,47.0,0.4,362.0,84.0
121968,1,69.0,1.0,34.9,24.0,23.0,3.9,75.0,0.8,163.0,45.0
121970,0,32.0,2.0,28.2,17.0,16.0,3.6,85.0,0.2,315.0,39.0
121971,0,47.0,2.0,42.9,56.37529888923617,47.6453822981372,3.7148261623202927,78.4921740254453,0.09650806580413673,193.21106540377122,51.48089331631394
121972,0,38.0,1.0,25.7,68.0,29.0,4.3,62.0,0.5,278.0,46.0
121974,0,80.0,2.0,28.1,12.0,17.0,4.1,48.0,0.5,169.0,66.0
121975,1,62.0,1.0,26.4,12.0,14.0,4.1,72.0,0.2,272.0,49.0
121976,0,50.0,1.0,31.7,58.0,38.0,4.1,91.0,0.3,189.0,40.0
121977,0,62.0,1.0,29.2,35.0,23.0,4.2,76.0,0.6,243.0,29.0
121978,1,52.0,1.0,35.5,43.0,27.0,4.0,60.0,0.3,404.0,49.0
121979,0,50.0,2.0,22.3,30.0,26.0,4.2,67.0,0.4,264.0,71.0
121981,0,68.0,2.0,28.3,17.0,19.0,4.3,103.0,0.5,360.0,58.0
121982,0,27.0,1.0,26.8,34.0,20.0,4.5,68.0,1.3,298.0,35.0
121984,0,61.0,1.0,23.4,31.0,36.0,4.1,72.0,0.9,191.0,43.0
121985,1,19.0,2.0,43.7,37.0,22.0,4.3,84.0,0.2,329.0,47.0
121987,0,57.0,1.0,25.3,16.0,25.0,3.8,94.0,0.2,150.0,28.0
121988,1,46.0,1.0,21.2,69.0,82.0,3.9,86.0,0.3,212.0,54.0
121989,0,60.0,1.0,23.9,34.0,30.0,4.1,83.0,0.4,294.0,68.0
121990,0,64.0,1.0,19.4,-14.464107824714093,1.6745986528838355,4.165261045723896,84.55706776144763,0.6652329101972276,239.0,36.039488537560956
121991,0,26.0,2.0,37.8,33.0,24.0,4.2,64.0,1.1,229.0,54.0
121993,0,79.0,1.0,21.6,16.0,16.0,4.0,70.0,0.5,282.0,50.0
121994,0,80.0,1.0,27.1,35.0,22.0,3.9,51.0,1.3,188.0,53.0
121995,0,51.0,2.0,21.7,37.0,28.0,4.3,73.0,0.3,229.0,76.0
121997,0,24.0,1.0,42.3,16.0,20.0,5.0,134.0,1.2,304.0,41.0
122001,0,48.0,1.0,29.4,27.0,18.0,4.1,65.0,0.3,389.0,57.0
122004,0,40.0,2.0,29.7,28.0,24.0,4.4,67.0,0.4,305.0,39.0
122005,0,33.0,1.0,36.9,39.0,26.0,4.6,80.0,0.6,245.0,41.0
122007,0,18.0,1.0,20.4,6.0,28.0,4.3,101.0,0.8,180.0,54.0
122011,1,22.0,1.0,17.9,16.0,19.0,4.2,47.0,0.4,189.0,61.0
122012,0,29.0,1.0,27.8,51.0,52.0,3.4,54.0,0.6,172.0,29.0
122013,0,69.0,1.0,23.7,39.0,31.0,4.7,83.0,0.9,215.0,73.0
122015,0,39.0,1.0,28.12542663956327,19.0,22.0,4.0,88.0,0.4,307.0,37.0
122018,0,30.0,2.0,22.4,7.0,17.0,4.0,53.0,0.3,253.0,75.0
122019,1,43.0,2.0,36.9,48.0,47.0,3.9,122.0,0.5,236.0,46.0
122021,0,23.0,1.0,27.6,85.0,29.0,4.7,73.0,0.4,299.0,40.0
122022,1,47.0,2.0,50.8,17.0,14.0,4.2,48.0,0.3,277.0,34.0
122023,0,59.0,1.0,24.7,19.0,22.0,3.7,82.0,0.3,259.0,35.0
122029,0,29.0,1.0,27.5,19.0,17.0,4.4,72.0,0.4,217.0,36.0
122030,1,65.0,2.0,34.1,16.0,18.0,4.2,74.0,0.6,228.0,45.0
122033,0,20.0,1.0,18.4,77.0,122.0,4.5,57.0,0.4,211.0,48.0
122034,0,19.0,1.0,21.1,20.527806299911262,10.305760276538232,4.392502636698526,72.45345626463437,0.3668755279642475,286.43328253419025,43.65815873084881
122035,0,18.0,2.0,24.2,15.0,19.0,4.6,89.0,0.4,263.0,52.0
122036,0,80.0,2.0,19.4,15.0,18.0,3.8,60.0,0.3,137.0,60.0
122037,1,68.0,1.0,36.8,27.0,21.0,3.7,77.0,0.9,200.0,39.0
122038,0,73.0,2.0,25.6,11.0,16.0,4.3,76.0,0.3,388.0,65.0
122039,0,46.0,1.0,27.7,36.0,33.0,4.1,50.0,0.7,216.0,48.0
122041,0,33.0,2.0,31.9,26.0,22.0,3.8,80.0,0.3,361.0,55.0
122043,0,64.0,2.0,33.6,14.0,17.0,3.7,74.0,0.2,250.0,64.0
122044,0,41.0,2.0,45.8,14.0,17.0,3.8,90.0,0.5,309.0,54.0
122047,0,80.0,1.0,23.3,37.0,27.0,3.7,120.0,0.2,251.0,30.0
122048,0,66.0,2.0,36.3,10.0,13.0,3.8,119.0,0.4,269.0,48.0
122052,0,63.0,2.0,30.2,23.0,22.0,3.9,78.0,0.4,328.0,70.0
122053,0,47.0,2.0,24.1,12.0,16.0,4.6,75.0,0.2,177.0,84.0
122054,0,49.0,1.0,29.3,16.0,14.0,4.3,61.0,0.3,230.0,46.0
122056,0,61.0,2.0,28.9,23.0,20.0,4.0,65.0,0.3,252.0,53.0
122061,0,74.0,2.0,27.0,12.0,18.0,4.1,70.0,0.3,226.0,63.0
122062,0,31.0,1.0,25.6,15.0,19.0,4.4,74.0,0.7,254.0,60.0
122063,0,44.0,2.0,27.2,9.0,11.0,4.1,86.0,0.2,188.0,47.0
122070,0,61.0,1.0,30.4,11.0,20.0,4.1,63.0,0.4,196.0,53.0
122074,0,63.0,1.0,27.7,11.0,15.0,4.2,58.0,0.5,224.0,72.0
122076,0,24.0,2.0,20.6,16.887285423800105,38.42448082398006,3.9871022395105844,55.79640381579969,0.40083648796284066,287.978534522516,68.61379356111551
122077,0,43.0,1.0,25.5,28.0,26.0,3.6,73.0,0.7,229.0,53.0
122078,0,77.0,2.0,24.6,14.0,19.0,4.1,82.0,0.3,303.0,43.0
122079,0,56.0,2.0,30.2,5.637250861162639,6.40311041331807,3.623736288947484,117.56978506303122,0.44318742973239655,260.0,49.135107257991784
122081,0,73.0,1.0,30.0,19.0,21.0,4.1,82.0,0.3,180.0,38.0
122083,0,42.0,1.0,25.7,12.126533888966303,19.364931573672287,4.216058254253599,118.81213267736192,0.21364900654839938,289.5991040961999,21.526646168680045
122089,0,73.0,2.0,21.9,16.0,22.0,4.1,123.0,0.4,191.0,54.0
122091,0,39.0,1.0,34.0,33.63808553578333,18.979844306059743,4.001624827625683,90.94995562264744,0.375202338517934,258.5621759577087,53.88813904480609
122093,0,27.0,2.0,20.7,10.0,17.0,3.8,55.0,0.2,283.0,53.0
122095,0,43.0,2.0,20.9,12.0,18.0,4.0,51.0,0.3,269.0,64.0
122097,0,38.0,2.0,25.0,10.0,19.0,4.6,74.0,0.2,304.0,65.0
122099,0,57.0,1.0,24.5,29.0,40.0,4.4,73.0,0.6,160.0,121.0
122101,0,43.0,1.0,32.6,19.0,36.0,4.2,78.0,0.4,258.0,47.0
122102,0,44.0,1.0,34.4,109.0,46.0,5.0,56.0,0.3,242.0,45.0
122105,0,37.0,1.0,26.8,32.0,43.0,4.8,64.0,0.7,216.0,50.0
122107,0,34.0,2.0,40.5,7.0,11.0,4.0,78.0,0.1,357.0,50.0
122108,0,73.0,2.0,26.5,14.0,16.0,3.9,67.0,0.2,237.0,79.0
122111,0,33.0,1.0,24.9,19.0,15.0,4.3,44.0,0.9,210.0,33.0
122112,0,25.0,1.0,26.8,16.0,24.0,4.6,57.0,0.6,210.0,49.0
122113,0,42.0,1.0,21.5,13.0,15.0,4.2,69.0,0.7,148.0,68.0
122116,0,32.0,2.0,25.2,21.0,17.0,4.0,71.0,0.5,220.0,59.0
122118,0,24.0,2.0,24.8,40.0,34.0,3.9,93.0,0.4,270.0,43.0
122121,1,64.0,1.0,28.3,51.0,34.0,4.4,71.0,0.7,218.0,42.0
122127,0,18.0,2.0,35.7,8.0,10.0,3.7,59.0,0.1,303.0,53.0
122128,0,37.0,2.0,22.6,11.0,14.0,3.9,44.0,0.3,238.0,85.0
122129,0,75.0,1.0,24.0,20.0,22.0,4.4,64.0,0.4,258.0,64.0
122130,0,19.0,2.0,20.6,12.0,17.0,4.1,62.0,0.2,392.0,47.0
122134,0,80.0,2.0,29.2,9.0,17.0,3.4,49.0,0.5,280.0,79.0
122135,0,18.0,1.0,23.1,12.0,18.0,3.9,35.0,0.6,260.0,54.0
122136,0,59.0,2.0,27.3,15.0,16.0,4.0,101.0,0.2,205.0,36.0
122139,0,72.0,1.0,28.1,11.0,14.0,4.3,67.0,0.5,231.0,54.0
122140,0,53.0,2.0,28.0,13.0,12.0,3.7,131.0,0.2,319.0,61.0
122143,0,18.0,2.0,27.8,14.0,21.0,4.3,111.0,0.4,340.0,65.0
122144,0,69.0,1.0,26.7,19.0,22.0,4.2,60.0,0.3,152.0,32.0
122145,0,18.0,2.0,29.6,24.110384142744472,19.1582892482754,4.674285281677682,69.25690159170568,0.6624313498597505,238.40174803353474,49.22822292969989
122146,0,60.0,1.0,22.7,20.0,23.0,4.3,60.0,0.5,288.0,75.0
122150,0,60.0,1.0,25.7,38.0,37.0,4.1,54.0,0.6,204.0,61.0
122152,0,42.0,2.0,25.5,13.0,14.0,4.4,49.0,0.3,241.0,79.0
122153,0,63.0,1.0,36.4,31.0,24.0,4.3,44.0,0.8,252.0,36.0
122154,1,72.0,1.0,24.9,25.0,22.0,5.0,71.0,0.6,218.0,45.0
122156,1,60.0,1.0,54.6,16.0,14.0,3.9,82.0,0.4,254.0,30.0
122158,0,20.0,2.0,21.9,11.0,15.0,4.7,63.0,1.1,232.0,54.0
122159,0,77.0,2.0,51.6,20.0,19.0,4.1,73.0,0.2,223.0,89.0
122163,0,31.0,1.0,21.6,19.0,21.0,4.7,47.0,0.8,232.0,68.0
122164,0,31.0,1.0,25.1,33.111996644564826,34.356676274868015,4.287463557158158,90.17798950675282,0.826232054810287,301.0,14.494453485740337
122166,1,70.0,1.0,37.4,12.0,14.0,3.8,89.0,0.5,178.0,46.0
122175,0,58.0,2.0,31.8,15.062548874213217,20.851687459164186,3.8235626238877902,62.48492489856288,0.5773488875873707,377.58999930012504,38.9307124055238
122179,0,18.0,1.0,18.6,17.0,15.0,4.6,89.0,1.6,196.0,47.0
122184,0,27.0,1.0,45.7,23.0,22.0,3.6,99.0,0.6,193.0,30.0
122187,0,80.0,1.0,25.2,10.0,13.0,3.9,81.0,0.2,252.0,45.0
122188,0,54.0,2.0,21.8,7.0,21.0,4.2,50.0,0.8,223.0,54.0
122192,0,59.0,1.0,35.8,19.0,22.0,3.8,76.0,0.4,286.0,38.0
122193,0,54.0,2.0,31.7,30.0,29.0,4.3,41.0,0.3,227.0,69.0
122195,1,18.0,1.0,50.9,39.74506687502276,34.60596464718972,4.094286556462513,92.74827195013584,0.6092309177124591,158.05847020367128,9.584489846942475
122196,0,23.0,2.0,25.1,13.0,16.0,4.3,65.0,0.3,258.0,49.0
122199,0,60.0,2.0,33.8,26.0,22.0,4.0,71.0,1.1,224.0,47.0
122202,0,49.0,1.0,38.3,20.0,21.0,3.9,57.0,0.5,186.0,46.0
122203,0,29.0,1.0,33.5,25.0,24.0,4.4,84.0,0.6,259.0,36.0
122204,0,34.0,1.0,28.0,32.0,24.0,4.8,49.0,0.3,238.0,48.0
122207,0,43.0,2.0,14.6,26.0,30.0,4.1,62.0,0.6,261.0,97.0
122208,0,71.0,2.0,33.9,2.6356427161284053,10.952857326654579,3.4700907481988206,102.67069692875717,0.21417251498053014,285.0,55.41043125455538
122209,0,31.0,1.0,24.7,23.0,22.0,4.2,81.0,0.4,276.0,41.0
122210,0,19.0,2.0,21.2,10.0,14.0,4.2,84.0,0.9,201.0,54.0
122212,0,36.0,1.0,25.4,14.056608625033004,21.57209569141399,4.329231127810072,73.3693955371837,0.5673587795051926,255.48995021528006,24.189453697190274
122213,0,36.0,2.0,22.8,31.0,34.0,4.0,59.0,0.3,221.0,63.0
122214,0,76.0,2.0,30.4,18.0,19.0,3.9,79.0,0.4,296.0,87.0
122215,0,42.0,2.0,30.2,13.0,16.0,4.3,51.0,0.1,314.0,52.0
122216,0,44.0,1.0,27.0,40.0,22.0,4.3,77.0,0.5,228.0,32.0
122217,0,49.0,2.0,36.2,13.0,13.0,3.6,141.0,0.2,359.0,68.0
122218,0,54.0,2.0,31.1,31.861102867033235,25.030250898507887,4.457339960821976,28.00849257041441,0.22037641579452416,292.0,47.15419860136239
122219,0,50.0,1.0,29.7,27.0,22.0,4.4,101.0,0.2,176.0,27.0
122222,0,25.0,1.0,30.6,17.0,18.0,4.4,91.0,0.5,190.0,60.0
122227,0,66.0,1.0,21.2,11.0,17.0,4.0,70.0,0.3,297.0,34.0
122229,0,69.0,2.0,44.9,26.792744699243087,15.165306298188325,3.1893790722874638,127.84297509687394,0.29522830763729646,182.0,58.013349320572004
122231,0,80.0,2.0,43.29178051130622,10.385324524599929,7.996251056851003,3.702076692356121,93.90032851426714,0.1518801898164534,358.4201353523679,59.45093716930609
122233,0,20.0,2.0,20.1,16.0,19.0,4.2,49.0,0.5,249.0,61.0
122234,0,22.0,1.0,32.6,18.0,21.0,4.3,70.0,0.8,247.0,44.0
122235,0,50.0,1.0,32.3,22.0,20.0,4.1,56.0,0.7,209.0,44.0
122236,0,29.0,2.0,32.6,15.515788922358082,25.177318825931437,3.7957255248424784,42.08385374880443,0.19885927014637556,227.07542009729582,33.03220738368175
122237,0,68.0,2.0,26.3,13.0,23.0,4.0,123.0,0.8,266.0,46.0
122238,0,18.0,2.0,20.4,-16.590023932435876,-10.724160941472979,4.430044287861313,41.096916757911224,0.258145498435988,194.0,85.9076726696951
122239,0,35.0,1.0,20.4,8.0,14.0,4.3,71.0,0.4,205.0,68.0
122240,0,63.0,2.0,33.5,24.0,18.0,4.3,68.0,0.5,305.0,41.0
122241,0,42.0,1.0,23.9,12.0,19.0,4.3,56.0,0.4,223.0,44.0
122244,0,75.0,1.0,36.5,15.0,15.0,4.3,63.0,0.3,142.0,40.0
122245,0,54.0,1.0,19.2,39.0,42.0,4.0,91.0,1.8,185.0,121.0
122246,1,70.0,1.0,34.6,25.0,26.0,3.7,80.0,0.9,224.0,47.0
122252,0,70.0,1.0,32.1,29.0,22.0,4.5,63.0,0.8,172.0,40.0
122254,0,32.0,2.0,26.8,11.0,16.0,4.1,83.0,0.8,291.0,46.0
122258,0,22.0,1.0,43.1,44.0,109.0,4.2,90.0,0.4,333.0,40.0
122260,0,62.0,1.0,23.3,23.0,43.0,4.7,63.0,0.3,214.0,107.0
122264,0,41.0,2.0,29.4,10.0,12.0,3.9,56.0,0.2,328.0,60.0
122265,0,22.0,2.0,32.8,18.0,15.0,3.8,51.0,0.3,283.0,51.0
122266,0,43.0,1.0,24.0,21.0,21.0,4.3,70.0,0.4,211.0,50.0
122268,0,64.0,2.0,41.8,11.0,10.0,4.0,85.0,0.4,246.0,55.0
122269,0,70.0,2.0,31.8,18.0,18.0,4.0,79.0,0.2,316.0,59.0
122271,0,22.0,1.0,31.2,43.0,28.0,4.5,66.0,0.6,244.0,58.0
122274,0,30.0,1.0,23.9,27.0,26.0,3.9,88.0,0.5,295.0,62.0
122276,0,28.0,2.0,27.2,28.0,30.0,4.1,74.0,0.1,254.0,47.0
122278,0,18.0,2.0,27.3,11.0,17.0,4.1,57.0,0.1,238.0,51.0
122282,0,25.0,2.0,36.3,22.0,22.0,4.1,96.0,0.3,274.0,59.0
122283,0,60.0,1.0,25.6,13.0,20.0,4.4,96.0,0.7,219.0,60.0
122286,1,64.0,2.0,36.1,79.0,42.0,4.3,50.0,0.2,237.0,45.0
122287,0,64.0,2.0,18.6,11.0,17.0,3.7,32.0,0.4,135.0,72.0
122289,0,57.0,2.0,22.1,12.0,16.0,4.0,104.0,0.4,221.0,48.0
122290,1,61.0,2.0,63.4,32.0,27.0,3.9,115.0,0.4,243.0,41.0
122291,1,73.0,1.0,21.7,11.0,15.0,4.2,83.0,0.3,178.0,40.0
122293,0,64.0,2.0,32.1,20.0,20.0,4.1,90.0,0.5,191.0,51.0
122294,0,30.0,2.0,26.3,21.0,20.0,4.2,82.0,0.4,207.0,62.0
122295,0,70.0,2.0,39.4,23.0,35.0,3.8,78.0,0.6,164.0,102.0
122297,0,59.0,2.0,26.9,13.0,17.0,4.3,87.0,0.3,201.0,61.0
122300,0,47.0,1.0,24.5,15.0,17.0,4.4,78.0,0.6,224.0,55.0
122301,0,39.0,2.0,24.8,7.0,18.0,3.6,62.0,0.2,233.0,72.0
122302,0,23.0,2.0,20.5,9.0,15.0,4.5,55.0,0.5,304.0,52.0
122303,0,19.0,2.0,40.0,23.0,29.0,4.1,221.0,0.4,376.0,45.0
122304,0,65.0,2.0,26.8,19.0,15.0,4.6,105.0,0.6,235.0,68.0
122305,1,33.0,1.0,53.7,54.0,34.0,4.4,72.0,0.2,278.0,30.0
122306,0,38.0,2.0,35.00266720144218,29.41055256154624,32.748704281883576,4.0226029365623,49.82423885997717,0.810407646924711,200.02436218860012,60.25823690150275
122310,1,48.0,1.0,20.6,16.0,20.0,4.7,71.0,0.8,223.0,49.0
122314,0,77.0,2.0,26.8,23.0,19.0,3.5,43.0,0.2,250.0,45.0
122315,0,80.0,1.0,24.4,57.0,43.0,4.2,107.0,0.6,205.0,37.0
122319,0,31.0,2.0,32.8,9.0,13.0,3.8,75.0,0.2,344.0,36.0
122322,1,39.0,2.0,63.5,84.0,46.0,3.3,35.0,0.8,350.0,40.0
122323,0,48.0,2.0,35.2,20.0,23.0,4.2,64.0,0.3,212.0,50.0
122324,0,47.0,1.0,23.9,21.0,20.0,4.5,37.0,0.5,203.0,49.0
122325,0,40.0,1.0,36.5,21.0,15.0,4.0,118.0,0.1,355.0,27.0
122328,0,55.0,1.0,39.8,19.0,14.0,3.9,91.0,0.3,222.0,43.0
122333,0,39.0,2.0,41.0,15.0,11.0,3.3,93.0,0.1,291.0,39.0
122334,0,29.0,2.0,27.7,15.0,15.0,3.6,67.0,0.1,240.0,75.0
122335,0,28.0,1.0,27.9,12.0,21.0,4.5,71.0,1.0,253.0,57.0
122337,0,64.0,1.0,24.6,57.0,34.0,4.2,159.0,0.3,223.0,48.0
122338,0,34.0,2.0,56.4,23.0,19.0,4.0,66.0,0.4,230.0,33.0
122339,0,68.0,1.0,27.4,10.0,15.0,3.8,101.0,0.3,218.0,54.0
122340,0,36.0,2.0,24.3,15.0,18.0,3.8,41.0,0.5,200.0,67.0
122343,0,69.0,2.0,52.6,17.0,18.0,3.6,89.0,0.5,169.0,51.0
122346,0,33.0,1.0,26.4,12.0,18.0,4.0,63.0,0.1,308.0,38.0
122348,0,47.0,1.0,27.0,25.181666232432104,26.744802890993807,4.203482934438644,118.21976833859122,0.5068010323152546,118.0,57.08944210645039
122350,0,39.0,2.0,19.7,9.0,15.0,4.2,41.0,0.7,313.0,62.0
122351,0,57.0,2.0,20.4,29.0,29.0,4.1,61.0,0.6,150.0,104.0
122355,0,70.0,2.0,33.6,20.0,14.0,4.2,87.0,0.3,372.0,60.0
122356,0,22.0,2.0,26.3,10.0,14.0,4.2,57.0,0.7,250.0,54.0
122359,0,66.0,1.0,23.6,25.0,28.0,4.1,102.0,0.5,203.0,45.0
122360,0,18.0,1.0,24.7,11.0,20.0,4.7,68.0,0.4,188.0,61.0
122361,0,31.0,1.0,48.6,22.0,20.0,3.6,69.0,0.4,240.0,46.0
122363,0,39.0,1.0,23.0,43.0,30.0,4.3,121.0,1.0,193.0,34.0
122364,0,19.0,2.0,27.6,14.0,26.0,3.9,56.0,0.2,352.0,35.0
122366,0,19.0,1.0,18.0,19.0,21.0,4.6,56.0,0.3,173.0,80.0
122367,0,59.0,2.0,38.2,9.0,15.0,3.8,72.0,0.2,221.0,85.0
122369,0,26.0,2.0,21.9,45.0,112.0,3.9,92.0,0.4,309.0,98.0
122370,0,36.0,2.0,28.3,2.5290756510505528,6.4681755042503575,3.9250823762139277,117.5978967558447,0.5611140878058232,306.7688400105596,65.39729482182632
122371,1,62.0,1.0,21.9,-2.0287900625040667,12.924947983132029,4.453438451392037,56.10436129674309,0.7485420769646718,148.0,62.286242555392874
122373,0,39.0,2.0,22.3,19.0,29.0,3.7,67.0,0.7,150.0,129.0
122375,0,57.0,1.0,21.2,21.0,18.0,4.3,73.0,0.3,280.0,55.0
122376,0,74.0,2.0,19.7,11.0,20.0,4.1,89.0,0.4,178.0,82.0
122378,0,18.0,1.0,22.6,13.0,18.0,4.6,51.0,0.8,256.0,54.0
122379,0,46.0,2.0,26.0,12.0,15.0,3.6,58.0,0.4,249.0,61.0
122383,0,22.0,2.0,23.4,17.0,11.0,4.3,97.0,0.2,259.0,52.0
122384,0,43.0,1.0,30.3,41.0,31.0,4.4,113.0,0.4,204.0,54.0
122387,0,72.0,1.0,41.0,16.0,20.0,3.5,45.0,0.4,251.0,50.0
122389,1,28.0,1.0,27.3,30.0,23.0,4.2,53.0,1.5,169.0,54.0
122390,0,41.0,2.0,30.6,13.0,18.0,4.0,57.0,0.3,252.0,40.0
122392,0,51.0,2.0,38.0,8.0,15.0,3.7,57.0,0.3,150.0,43.0
122393,0,23.0,2.0,21.4,12.0,19.0,4.5,51.0,0.8,274.0,58.0
122394,0,66.0,2.0,28.8,14.0,14.0,3.4,92.0,0.3,168.0,61.0
122395,0,38.0,1.0,31.8,40.0,26.0,4.4,77.0,0.4,252.0,43.0
122396,0,53.0,1.0,28.9,31.0,17.0,3.6,81.0,0.2,189.0,42.0
122399,0,78.0,2.0,24.2,9.0,17.0,3.8,111.0,0.4,157.0,93.0
122400,0,61.0,1.0,45.1,39.0,37.0,4.1,115.0,1.0,360.0,49.0
122401,0,43.0,2.0,30.2,8.0,13.0,3.8,72.0,0.4,152.0,47.0
122404,0,19.0,1.0,22.8,24.0,19.0,4.7,97.0,0.4,232.0,54.0
122405,0,67.0,1.0,28.4,36.0,30.0,4.7,52.0,0.4,200.0,53.0
122407,1,61.0,1.0,33.4,27.0,24.0,3.8,86.0,0.3,145.0,41.0
122408,0,42.0,2.0,20.7,13.0,17.0,4.4,52.0,0.7,279.0,52.0
122414,0,56.0,2.0,28.5,18.0,18.0,4.1,117.0,0.4,262.0,65.0
122416,0,28.0,1.0,25.1,21.0,26.0,4.7,83.0,0.5,221.0,47.0
122417,0,62.0,1.0,36.7,36.0,23.0,3.9,70.0,0.4,227.0,40.0
122419,0,61.0,1.0,26.6,19.0,23.0,4.8,79.0,0.5,211.0,65.0
122420,0,37.0,2.0,29.5,24.493010879977685,10.095014464444883,3.978962153138041,29.85002020659659,0.5687639338709313,373.0,25.23096605479382
122421,0,19.0,2.0,18.7,9.0,14.0,4.1,66.0,0.4,268.0,57.0
122423,0,47.0,1.0,36.1,102.0,94.0,4.4,55.0,0.6,284.0,30.0
122428,1,76.0,2.0,33.3,33.98774412614164,22.604006084471603,3.735152901496207,76.19868362807767,0.7607428919206871,237.35860615333664,76.91764477744931
122430,0,19.0,2.0,20.2,11.0,16.0,4.5,57.0,0.4,205.0,65.0
122431,0,57.0,2.0,28.7,15.0,22.0,3.6,119.0,0.2,358.0,54.0
122434,1,74.0,2.0,35.4,48.0,37.0,3.8,137.0,0.3,262.0,45.0
122435,0,48.0,1.0,34.3,29.0,21.0,4.1,94.0,0.4,230.0,41.0
122436,0,71.0,1.0,34.4,19.0,21.0,3.9,77.0,0.5,209.0,34.0
122439,0,27.0,1.0,36.9,47.656835193243595,47.48412082896634,4.6507358060218245,37.274109682233146,0.5775309077998784,253.06111911061143,64.42741470708202
122442,0,62.0,2.0,21.7,10.0,19.0,4.3,39.0,0.1,182.0,93.0
122443,0,26.0,1.0,25.5,65.1331865752908,70.46128116574987,4.283102845457224,97.45226713793762,0.34174692721407357,377.41351671974417,32.11801136797567
122448,0,44.0,1.0,21.2,36.0,28.0,4.4,84.0,0.4,268.0,58.0
122449,0,40.0,1.0,24.4,14.0,18.0,4.0,75.0,0.5,241.0,45.0
122451,0,22.0,2.0,19.2,14.0,22.0,4.1,67.0,0.2,335.0,75.0
122453,0,61.0,1.0,26.5,38.0,26.0,4.3,75.0,0.9,236.0,49.0
122454,0,51.0,2.0,30.4,13.0,13.0,4.1,56.0,0.1,262.0,68.0
122456,1,56.0,2.0,41.8,23.0,16.0,3.7,107.0,0.2,239.0,56.0
122459,0,25.0,1.0,19.0,12.0,20.0,4.6,67.0,0.4,217.0,47.0
122460,0,20.0,2.0,24.1,13.0,15.0,4.4,64.0,0.2,363.0,50.0
122462,0,30.0,2.0,20.7,17.0,20.0,4.5,41.0,0.4,257.0,66.0
122463,0,53.0,1.0,35.1,24.0,22.0,4.1,61.0,0.4,300.0,39.0
122468,0,31.0,1.0,29.4,46.0,28.0,4.1,76.0,0.3,267.0,32.0
122472,1,37.0,1.0,34.2,74.0,54.0,3.9,67.0,0.5,227.0,40.0
122473,0,67.0,2.0,40.0,12.0,13.0,4.0,62.0,0.4,203.0,49.0
122474,0,49.0,2.0,27.1,73.0,38.0,4.1,58.0,0.4,195.0,44.0
122477,0,35.0,2.0,21.3,38.0,25.0,4.5,91.0,0.2,324.0,80.0
122478,0,42.0,2.0,26.5,16.0,15.0,4.2,58.0,0.4,319.0,38.0
122481,0,18.0,1.0,25.1,22.0,34.0,4.6,106.0,0.7,200.0,45.0
122482,0,69.0,2.0,23.3,18.0,16.0,4.0,62.0,0.4,220.0,81.0
122487,0,20.0,2.0,19.4,15.0,25.0,4.8,75.0,0.6,266.0,60.0
122489,0,48.0,1.0,31.5,36.0,21.90249820779475,4.4,81.0,0.3,251.0,30.0
122490,0,33.0,1.0,35.6,13.0,16.0,4.3,50.0,0.3,231.0,50.0
122493,0,52.0,2.0,34.1,22.0,16.0,2.4,147.0,0.1,297.0,37.0
122496,0,80.0,1.0,31.5,23.0,21.0,4.4,84.0,1.0,154.0,49.0
122497,0,27.0,2.0,18.5,14.0,23.0,4.2,47.0,0.4,236.0,72.0
122499,0,55.0,2.0,33.6,10.0,12.0,3.7,83.0,0.5,509.0,77.0
122500,0,23.0,2.0,18.6,10.0,14.0,4.5,33.0,0.2,232.0,66.0
122501,0,40.0,1.0,39.8,44.09270066791398,32.82617775950229,3.809704281258895,89.9842451525583,0.29030105573793996,279.05418258626617,29.90884249074658
122503,0,32.0,2.0,29.0,11.0,16.0,3.8,68.0,0.4,222.0,57.0
122504,0,47.0,1.0,26.7,28.0,45.0,4.2,60.0,0.4,262.0,54.0
122509,0,41.0,1.0,45.2,28.162594899361046,16.158309811134906,4.202126172311143,83.52382639871841,0.13634725339721354,346.4528888770819,26.042887447324333
122511,0,60.0,1.0,26.7,10.0,12.0,4.8,65.0,0.3,230.0,38.0
122512,0,37.0,2.0,26.6,10.0,13.0,3.9,38.0,0.1,289.0,60.0
122513,0,28.0,2.0,32.8,42.0,36.0,3.7,98.0,0.2,344.0,61.0
122514,0,19.0,1.0,35.0,37.0,21.0,4.5,74.0,0.5,297.0,39.0
122517,0,67.0,2.0,42.8,8.0,12.0,3.6,92.0,0.3,360.0,58.0
122520,0,54.0,1.0,31.8,20.0,19.0,4.0,85.0,0.2,326.0,49.0
122524,0,45.0,2.0,28.2,9.0,11.0,4.2,56.0,0.4,300.0,52.0
122525,0,62.0,1.0,33.7,8.0,18.0,4.5,56.0,0.4,251.0,35.0
122526,0,23.0,1.0,21.1,20.0,28.0,4.8,114.0,1.4,241.0,46.0
122528,0,19.0,1.0,20.0,16.0,25.0,4.2,54.0,1.1,321.0,57.0
122534,1,63.0,1.0,25.7,43.0,50.0,4.0,83.0,0.5,275.0,52.0
122535,0,23.0,1.0,31.1,34.0,24.0,4.1,56.0,0.3,340.0,51.0
122536,0,54.0,1.0,26.1,23.0,38.0,4.0,61.0,0.6,180.0,67.0
122537,1,31.0,1.0,28.5,51.0,30.0,5.0,54.0,0.9,215.0,44.0
122540,0,56.0,1.0,27.4,18.22113031340645,17.845441595664397,4.043965414964808,47.719331464181664,-0.0007769790465352866,187.0,60.33463923455646
122543,0,47.0,1.0,29.8,63.0,60.0,4.0,66.0,0.6,245.0,26.0
122546,0,43.0,1.0,26.9,36.0,24.0,4.2,69.0,0.6,221.0,35.0
122550,0,80.0,1.0,20.4,10.0,15.0,3.9,94.0,0.3,213.0,39.0
122555,0,33.0,2.0,37.2,10.0,15.0,3.9,162.0,0.1,291.0,60.0
122556,0,51.0,1.0,25.8,19.0,21.0,4.3,62.0,0.5,209.0,48.0
122559,0,44.0,1.0,34.9,28.0,17.0,4.1,71.0,0.3,228.0,60.0
122560,0,71.0,2.0,28.7,13.0,14.0,3.7,92.0,0.2,241.0,52.0
122563,0,19.0,1.0,35.4,30.0,27.0,4.1,93.0,0.4,190.0,38.0
122567,0,71.0,1.0,18.4,18.0,20.0,4.3,73.0,0.5,157.0,54.0
122569,0,54.0,2.0,28.1,28.0,17.0,4.0,72.0,0.5,197.0,40.0
122572,0,62.0,1.0,28.0,16.0,17.0,3.8,90.0,0.6,163.0,39.0
122574,0,70.0,2.0,20.0,13.0,22.0,4.6,85.0,0.4,160.0,90.0
122576,0,55.0,2.0,16.7,12.0,22.0,4.2,79.0,0.2,306.0,76.0
122578,0,22.0,2.0,32.9,36.0,23.0,3.9,96.0,0.3,216.0,40.0
122581,0,31.0,2.0,29.6,9.0,12.0,3.8,35.0,1.1,282.0,64.0
122585,0,72.0,1.0,30.1,17.0,23.0,3.7,65.0,0.3,195.0,41.0
122586,1,18.0,2.0,36.5,12.0,17.0,3.7,104.0,0.2,305.0,53.0
122587,0,48.0,1.0,23.8,23.0,20.0,4.1,72.0,0.6,199.0,64.0
122592,0,26.0,2.0,29.4,6.0,10.0,4.0,84.0,0.2,238.0,49.0
122594,0,59.0,1.0,21.9,19.0,19.0,4.5,92.0,0.2,137.0,49.0
122595,0,65.0,1.0,26.8,17.0,14.0,3.6,105.0,0.6,309.0,29.0
122596,0,25.0,1.0,37.2,26.0,21.0,4.2,46.0,0.9,213.0,37.0
122597,0,56.0,1.0,28.2,15.0,14.0,4.2,74.0,0.5,210.0,38.0
122598,0,25.0,2.0,24.8,13.0,16.0,3.9,55.0,0.2,255.0,71.0
122599,0,55.0,2.0,48.9,22.0,12.0,3.5,86.0,0.4,382.0,41.0
122602,0,22.0,2.0,31.3,13.0,14.0,4.0,55.0,0.3,319.0,45.0
122608,1,19.0,2.0,49.9,9.0,14.0,3.5,98.0,0.4,340.0,36.0
122609,0,44.0,2.0,20.7,7.0,13.0,4.1,48.0,0.8,186.0,84.0
122611,0,44.0,1.0,40.6,30.0,18.0,3.7,56.0,0.2,279.0,34.0
122612,0,67.0,2.0,23.3,12.0,20.0,4.2,62.0,0.5,246.0,80.0
122616,0,48.0,1.0,25.5,24.0,20.0,4.2,89.0,0.2,286.0,41.0
122617,0,25.0,2.0,34.4,17.0,16.0,4.2,33.0,0.6,218.0,56.0
122619,0,31.0,2.0,47.0,11.0,13.0,4.1,88.0,0.2,321.0,66.0
122621,0,72.0,1.0,32.2,20.0,20.0,4.4,72.0,0.9,177.0,62.0
122622,0,28.0,1.0,24.3,18.0,23.0,4.4,65.0,0.6,216.0,46.0
122624,0,76.0,1.0,28.0,31.0,30.0,4.1,51.0,0.9,307.0,34.0
122625,0,62.0,1.0,34.5,13.0,31.0,3.9,72.0,0.2,224.0,47.0
122629,0,73.0,1.0,28.2,18.0,14.0,3.9,91.0,0.5,283.0,42.0
122630,0,30.0,1.0,30.0,37.0,22.0,4.1,69.0,0.6,254.0,65.0
122631,0,45.0,2.0,26.0,19.0,20.0,4.3,53.0,0.4,238.0,53.0
122634,0,30.0,2.0,21.8,8.0,14.0,4.0,61.0,0.3,217.0,61.0
122636,0,61.0,2.0,29.3,18.0,20.0,4.4,80.0,0.3,264.0,80.0
122637,0,24.0,1.0,25.8,13.0,21.0,4.3,87.0,0.4,188.0,42.0
122638,0,45.0,2.0,26.1,27.386857455242048,38.49177830590658,3.9820930662219656,23.133030196919982,0.534046209992292,294.3628835024136,53.87188174367808
122639,0,48.0,1.0,25.5,20.0,22.0,4.4,84.0,0.5,230.0,60.0
122643,0,28.0,1.0,38.8,49.0,25.0,4.6,52.0,0.3,202.0,35.0
122644,0,44.0,1.0,27.7,21.0,21.0,4.4,128.0,0.9,219.0,43.0
122647,0,60.0,2.0,31.3,25.0,27.0,3.6,116.0,0.2,180.0,55.0
122651,0,56.0,2.0,32.3,21.0,25.0,4.2,100.0,0.5,216.0,73.0
122652,0,73.0,2.0,24.1,13.0,22.0,4.3,66.0,0.3,198.0,54.0
122654,0,55.0,1.0,31.5,24.0,27.0,4.0,47.0,0.6,200.0,40.0
122655,0,56.0,2.0,52.2,17.0,12.0,4.1,91.0,0.6,270.0,52.0
122656,0,20.0,1.0,21.3,23.0,27.0,3.9,90.0,0.3,267.0,41.0
122657,0,72.0,1.0,29.3,20.0,16.0,4.0,74.0,0.6,211.0,30.0
122659,0,32.0,1.0,27.7,35.0,29.0,4.3,98.0,0.4,237.0,38.0
122660,0,65.0,2.0,25.9,19.0,25.0,4.2,92.0,0.5,256.0,60.0
122662,0,35.0,1.0,25.0,28.0,35.0,4.3,82.0,0.1,247.0,166.0
122663,0,24.0,2.0,23.4,8.0,16.0,3.8,54.0,0.4,202.0,60.0
122664,0,52.0,1.0,26.3,21.0,29.0,3.9,66.0,0.3,211.0,46.0
122670,1,56.0,1.0,27.4,56.0,39.0,4.1,71.0,0.6,185.0,53.0
122672,0,47.0,1.0,31.1,19.0,16.0,4.6,45.0,0.3,229.0,76.0
122676,0,43.0,1.0,39.8,34.0,21.0,4.6,91.0,0.4,197.0,35.0
122678,0,61.0,2.0,31.0,13.0,18.0,4.4,87.0,0.4,265.0,61.0
122683,0,54.0,1.0,25.4,19.0,24.0,3.8,67.0,0.5,229.0,60.0
122684,0,26.0,2.0,35.2,34.0,24.0,4.6,110.0,0.3,228.0,65.0
122685,0,61.0,2.0,35.0,15.0,18.0,3.5,60.0,0.3,277.0,49.0
122686,1,57.0,2.0,53.1,35.13491927827318,18.3839320774355,3.7297310852622463,54.627514898273354,0.30310776419360014,286.61918676524766,32.37932395426291
122687,0,19.0,2.0,28.6,22.0,22.0,4.3,62.0,0.3,331.0,43.0
122689,0,38.0,1.0,26.9,26.0,21.0,4.2,73.0,0.2,230.0,50.0
122691,1,42.0,1.0,41.7,61.0,24.0,4.3,57.0,0.6,313.0,35.0
122692,0,44.0,2.0,20.2,11.0,15.0,4.3,37.0,0.4,207.0,68.0
122694,1,77.0,1.0,31.0,22.0,20.0,4.5,68.0,0.8,154.0,54.0
122698,0,33.0,1.0,23.7,26.0,29.0,4.5,104.0,0.3,254.0,73.0
122699,0,29.0,1.0,28.5,22.0,17.0,4.5,88.0,0.2,361.0,53.0
122700,0,35.0,1.0,27.4,27.0,23.0,4.4,81.0,0.5,219.0,48.0
122703,0,53.0,2.0,25.2,12.0,16.0,4.0,80.0,0.3,230.0,72.0
122707,0,32.0,1.0,28.7,16.0,17.0,4.4,52.0,0.5,230.0,48.0
122709,0,54.0,2.0,26.1,22.0,23.0,3.9,96.0,0.6,225.0,65.0
122713,0,54.0,2.0,36.3,9.0,10.0,4.0,79.0,0.3,234.0,54.0
122715,1,41.0,1.0,26.2,33.80542088948042,33.875294412373165,4.605281126159955,116.60564549817776,0.6335674456176551,144.97859913794912,47.11183553483964
122717,0,57.0,2.0,22.1,9.0,13.0,3.7,100.0,0.3,284.0,35.0
122718,0,24.0,1.0,29.0,43.12566739331632,34.47789064686296,4.026111860164008,109.00814035746882,0.7636356695183384,286.99241686252464,63.60920828693075
122719,0,78.0,1.0,26.1,14.0,22.0,3.7,111.0,0.6,105.0,48.0
122720,0,54.0,2.0,35.3,26.0,24.0,3.8,80.0,0.2,216.0,45.0
122721,0,64.0,2.0,24.0,14.0,17.0,4.3,77.0,0.4,260.0,72.0
122722,0,22.0,2.0,38.0,11.0,12.0,3.5,93.0,0.3,245.0,48.0
122724,0,49.0,2.0,30.9,19.0,14.0,4.3,74.0,0.5,332.0,83.0
122729,0,32.0,1.0,22.0,8.0,15.0,4.3,69.0,0.4,253.0,58.0
122730,0,66.0,1.0,24.2,14.0,14.0,4.1,85.0,0.6,176.0,35.0
122732,0,57.0,1.0,26.1,12.0,18.0,3.8,69.0,1.1,222.0,57.0
122734,0,69.0,1.0,35.3,15.0,13.0,4.2,71.0,0.3,216.0,30.0
122736,0,54.0,1.0,31.1,5.528817398817029,3.9518545510633825,4.439900998514349,62.61665380854258,0.672112995515832,211.0,52.07921167557854
122737,0,25.0,2.0,21.3,23.0,23.0,3.9,81.0,0.2,196.0,40.0
122740,0,24.0,2.0,28.8,12.0,14.0,3.9,100.0,0.2,255.0,41.0
122741,0,70.0,2.0,26.0,13.0,15.0,4.0,61.0,0.4,244.0,66.0
122742,1,57.0,1.0,38.8,29.0,28.0,4.4,64.0,0.4,225.0,38.0
122745,0,26.0,2.0,34.3,17.801361271516598,9.204011292051606,3.5496732775245743,49.657838378460525,0.28515577721315677,303.4297120821765,24.370409753360576
122746,0,34.0,1.0,28.1,15.0,19.0,4.1,56.0,0.1,214.0,34.0
122747,0,64.0,1.0,29.7,25.0,46.0,3.8,125.0,0.4,491.0,34.0
122749,0,76.0,1.0,28.3,13.0,16.0,4.0,83.0,0.5,181.0,73.0
122753,0,72.0,1.0,36.5,43.0,62.0,3.8,51.0,0.4,120.0,42.0
122759,0,47.0,1.0,24.0,23.0,18.0,4.3,69.0,0.8,216.0,52.0
122760,0,48.0,1.0,31.3,20.0,14.0,4.2,43.0,0.8,198.0,31.0
122764,0,25.0,1.0,33.1,44.11845905657302,25.924493065738062,3.5376449216303927,99.37112969452009,-0.20204645668280247,217.56363477711488,47.822510078874814
122766,0,64.0,2.0,25.8,22.0,16.0,3.7,110.0,0.2,199.0,31.0
122769,0,61.0,2.0,31.5,16.0,20.0,4.2,61.0,0.2,263.0,41.0
122770,0,80.0,2.0,45.0,11.426052257568381,9.140472025271198,3.80543358933367,105.75411005923414,0.8398461850870269,260.72584955540697,32.875492536043005
122771,0,25.0,1.0,23.2,47.0,25.0,4.7,52.0,0.9,246.0,38.0
122776,0,63.0,1.0,28.7,40.0,25.0,4.3,114.0,0.3,226.0,37.0
122777,0,31.0,2.0,40.5,14.0,15.0,4.1,51.0,0.6,270.0,43.0
122779,0,47.0,2.0,24.9,51.23007005751665,37.12215686155739,3.8214188282987536,72.37715147975636,0.15899131465214186,270.85239480755655,55.514744815317904
122780,0,80.0,1.0,21.7,13.0,14.0,4.4,68.0,0.8,152.0,73.0
122781,0,71.0,2.0,39.6,12.0,15.0,3.8,86.0,0.4,228.0,47.0
122783,0,71.0,2.0,22.0,9.0,14.0,3.7,117.0,0.2,209.0,84.0
122784,0,47.0,2.0,23.5,8.0,19.0,3.9,68.0,0.3,289.0,51.0
122785,0,52.0,1.0,32.4,24.0,17.0,4.0,66.0,0.3,256.0,48.0
122786,0,47.0,2.0,28.4,88.0,45.0,4.1,58.0,0.4,220.0,72.0
122787,1,42.0,1.0,29.3,12.0,12.0,4.1,57.0,0.5,256.0,33.0
122789,0,74.0,1.0,30.1,24.0,22.0,3.6,104.0,0.8,129.0,51.0
122790,0,28.0,2.0,27.1,13.0,19.0,4.6,52.0,0.4,345.0,70.0
122791,0,52.0,2.0,32.2,26.0,32.0,3.6,133.0,0.2,250.0,60.0
122792,0,45.0,2.0,41.6,12.0,17.0,4.0,64.0,0.5,278.0,58.0
122795,0,58.0,2.0,28.2,23.0,29.0,4.0,91.0,0.2,47.0,74.0
122796,0,64.0,1.0,25.1,7.0,18.0,3.8,72.0,0.2,197.0,39.0
122800,0,34.0,2.0,28.4,12.0,15.0,3.7,68.0,0.6,183.0,54.0
122802,0,66.0,1.0,36.4,19.0,14.0,4.1,62.0,1.1,197.0,54.0
122803,0,60.0,1.0,23.9,15.0,18.0,3.9,73.0,0.2,189.0,66.0
122806,0,45.0,2.0,30.7,20.0,16.0,4.0,63.0,0.4,210.0,49.0
122807,0,49.0,1.0,22.8,17.0,36.0,4.4,88.0,0.7,282.0,68.0
122813,0,73.0,1.0,29.5,19.0,21.0,4.5,45.0,0.5,208.0,43.0
122814,0,60.0,2.0,30.2,11.0,15.0,3.8,72.0,0.3,187.0,87.0
122816,0,37.0,2.0,35.9,19.0,16.0,4.0,68.0,0.3,277.0,69.0
122818,0,18.0,1.0,36.2,52.0,27.0,4.4,74.0,0.5,298.0,47.0
122820,0,67.0,1.0,27.6,18.0,13.0,4.0,57.0,0.4,420.0,44.0
122824,0,36.0,1.0,22.0,27.0,25.0,3.9,101.0,0.7,209.0,37.0
122828,0,33.0,2.0,31.0,18.0,19.0,4.1,23.0,0.2,178.0,41.0
122830,0,64.0,2.0,33.9,21.0,17.0,3.3,69.0,0.4,276.0,44.0
122833,0,44.0,2.0,23.9,23.0,28.0,4.3,88.0,0.5,164.0,64.0
122834,0,19.0,2.0,19.9,4.0,14.0,4.1,75.0,0.8,186.0,55.0
122839,0,30.0,2.0,23.0,13.0,14.0,3.9,50.0,0.5,269.0,63.0
122840,0,39.0,2.0,31.3,8.0,14.0,3.7,53.0,0.3,275.0,49.0
122842,0,57.0,2.0,21.4,22.0,23.0,4.3,75.0,0.3,223.0,89.0
122843,0,69.0,2.0,22.3,15.0,13.0,4.0,59.0,0.2,318.0,48.0
122845,0,43.0,1.0,36.6,41.0,23.0,4.0,86.0,0.2,239.0,39.0
122848,1,73.0,1.0,31.2,39.0,35.0,3.9,53.0,0.6,214.0,44.0
122849,0,68.0,2.0,22.2,24.0,26.0,4.2,76.0,0.2,327.0,36.0
122851,0,31.0,2.0,53.2,13.0,14.0,3.5,90.0,0.3,302.0,40.0
122852,0,36.0,2.0,23.0,13.0,19.0,4.1,45.0,0.4,242.0,66.0
122855,0,32.0,1.0,30.6,18.0,14.0,3.9,76.0,0.3,220.0,49.0
122856,0,80.0,1.0,25.8,16.0,22.0,3.9,72.0,0.8,180.0,44.0
122864,0,58.0,1.0,29.1,20.0,20.0,4.4,115.0,0.4,252.0,51.0
122867,0,22.0,2.0,20.8,23.0,20.0,4.1,64.0,0.3,306.0,67.0
122874,0,35.0,2.0,21.6,8.0,13.0,4.2,36.0,0.3,159.0,61.0
122876,0,61.0,2.0,38.6,13.0,17.0,3.8,82.0,0.2,201.0,66.0
122878,1,65.0,1.0,20.2,29.0,35.0,4.1,80.0,0.4,132.0,45.0
122881,1,56.0,2.0,30.3,29.0,21.0,4.1,112.0,0.3,267.0,38.0
122883,0,44.0,2.0,32.5,17.0,22.0,4.0,119.0,0.4,199.0,48.0
122885,0,22.0,1.0,24.5,10.0,15.0,4.4,58.0,0.8,193.0,57.0
122886,0,31.0,1.0,31.2,15.0,14.0,4.1,61.0,0.2,189.0,59.0
122889,0,53.0,2.0,31.5,17.0,20.0,4.2,51.0,0.4,263.0,39.0
122893,0,45.0,2.0,59.4,14.0,11.0,3.5,74.0,0.4,257.0,51.0
122894,0,39.0,1.0,18.9,11.0,16.0,4.3,81.0,0.3,159.0,57.0
122895,0,80.0,1.0,28.3,12.0,24.0,3.9,75.0,0.5,167.0,46.0
122896,0,74.0,1.0,28.3,100.0,55.0,4.2,62.0,0.5,236.0,50.0
122901,0,47.0,1.0,34.2,30.0,21.0,4.5,63.0,1.3,207.0,35.0
122902,0,57.0,1.0,26.6,16.0,16.0,3.6,68.0,0.2,498.0,52.0
122905,1,41.0,1.0,38.1,37.0,27.0,3.8,73.0,0.1,457.0,33.0
122906,0,26.0,2.0,33.4,10.0,14.0,3.7,81.0,0.2,479.0,47.0
122909,0,64.0,2.0,26.2,10.0,14.0,4.4,80.0,0.4,265.0,52.0
122911,0,27.0,2.0,28.3,21.0,22.0,3.5,127.0,0.4,389.0,59.0
122912,0,41.0,1.0,32.3,19.0,16.0,4.4,52.0,0.3,230.0,47.0
122913,0,27.0,1.0,41.3,20.0,15.0,3.6,79.0,0.2,310.0,39.0
122914,0,36.0,1.0,21.3,17.0,19.0,4.1,101.0,0.3,196.0,60.0
122916,0,18.0,1.0,21.6,21.0,20.0,4.1,96.0,1.5,157.0,56.0
122919,0,24.0,1.0,30.0,29.0,19.0,4.4,77.0,0.8,215.0,50.0
122921,1,76.0,2.0,32.1,16.0,17.0,4.2,82.0,0.6,316.0,65.0
122922,0,73.0,2.0,27.0,13.0,21.0,3.9,89.0,0.2,306.0,58.0
122923,0,61.0,1.0,31.1,14.0,19.0,3.8,70.0,0.3,189.0,57.0
122925,0,57.0,2.0,33.0,22.0,15.0,4.2,81.0,0.4,232.0,49.0
122928,0,50.0,2.0,28.6,22.0,21.0,3.8,89.0,0.6,263.0,58.0
122929,0,26.0,2.0,28.6,19.0,25.0,4.2,95.0,0.7,189.0,43.0
122930,0,77.0,1.0,26.5,31.0,31.0,4.2,62.0,0.5,189.0,52.0
122931,0,68.0,2.0,41.5,27.0,17.0,3.7,78.0,0.3,275.0,48.0
122933,1,76.0,2.0,31.8,12.0,15.0,3.7,79.0,0.2,215.0,53.0
122934,0,32.0,1.0,35.7,12.0,16.0,4.0,57.0,0.7,170.0,36.0
122937,0,41.0,1.0,42.8,14.0,14.0,4.1,71.0,0.3,304.0,49.0
122938,0,66.0,2.0,26.5,10.0,15.0,3.7,84.0,0.1,207.0,54.0
122939,0,26.0,2.0,20.4,15.0,16.0,4.6,47.0,0.1,200.0,73.0
122940,0,42.0,1.0,21.1,25.0,22.0,4.7,62.0,0.7,180.0,52.0
122943,0,78.0,2.0,24.7,11.0,13.0,3.7,86.0,0.3,192.0,50.0
122945,0,63.0,2.0,27.3,21.0,24.0,4.1,80.0,0.6,242.0,78.0
122949,0,43.0,2.0,22.2,12.0,14.0,3.9,63.0,0.3,184.0,48.0
122950,0,50.0,2.0,45.5,15.0,13.0,3.6,79.0,0.2,426.0,54.0
122951,0,25.0,1.0,19.6,13.0,15.0,4.7,48.0,3.8,204.0,50.0
122952,0,34.0,2.0,39.9,16.0,25.0,3.8,55.0,0.5,448.0,53.0
122953,0,66.0,1.0,30.2,23.0,27.0,4.0,123.0,0.5,184.0,32.0
122955,0,31.0,2.0,37.8,10.0,11.0,3.5,65.0,0.2,308.0,41.0
122956,0,51.0,2.0,28.9,17.0,16.0,4.1,116.0,0.3,385.0,35.0
122959,0,62.0,1.0,26.0,41.0,27.0,4.2,65.0,0.7,179.0,53.0
122960,0,62.0,2.0,38.9,29.0,20.0,4.1,55.0,0.7,270.0,40.0
122962,0,63.0,2.0,39.5,42.0,36.0,3.9,101.0,0.4,264.0,47.0
122963,0,56.0,2.0,17.7,5.0,22.0,4.5,108.0,0.3,160.0,54.0
122970,0,43.0,1.0,34.3,27.0,25.0,4.0,104.0,0.5,210.0,37.0
122972,0,47.0,2.0,40.0,10.0,14.0,3.6,73.0,0.2,310.0,48.0
122973,0,69.0,1.0,29.5,21.0,22.0,3.8,71.0,0.4,150.0,54.0
122974,1,71.0,1.0,34.0,25.0,18.0,4.1,89.0,0.5,266.0,51.0
122977,1,53.0,1.0,38.0,29.0,33.0,4.3,113.0,0.7,195.0,66.0
122982,0,53.0,1.0,24.2,58.0,31.0,4.3,79.0,0.4,231.0,36.0
122984,0,27.0,2.0,19.7,9.0,14.0,3.9,65.0,0.1,326.0,50.0
122985,0,26.0,1.0,25.6,44.0,26.0,4.5,67.0,0.4,272.0,72.0
122987,0,46.0,2.0,23.6,16.0,16.0,4.1,53.0,0.6,226.0,43.0
122988,0,54.0,2.0,30.8,12.0,17.0,3.9,79.0,0.4,223.0,29.0
122991,0,79.0,2.0,23.7,13.0,22.0,4.4,117.0,0.4,189.0,94.0
122993,0,54.0,1.0,30.8,13.0,18.0,4.0,64.0,0.6,262.0,60.0
122995,0,41.0,1.0,19.9,19.0,23.0,4.4,57.0,0.4,217.0,39.0
122996,0,47.0,2.0,25.9,14.0,14.0,3.6,55.0,0.3,271.0,70.0
122997,0,19.0,2.0,25.8,9.0,14.0,4.1,86.0,0.3,368.0,54.0
122998,0,25.0,1.0,37.4,17.0,25.0,4.1,66.0,0.5,225.0,47.0
123002,1,62.0,1.0,37.4,34.0,18.0,4.7,89.0,0.2,377.0,22.0
123003,0,45.0,1.0,44.8,40.0,27.0,4.2,74.0,0.4,195.0,43.0
123004,0,42.0,1.0,26.3,22.0,25.0,4.4,31.0,0.5,219.0,91.0
123005,0,47.0,2.0,42.8,57.0,78.0,3.9,65.0,0.3,212.0,65.0
123007,0,35.0,1.0,25.5,96.0,57.0,4.2,77.0,0.4,217.0,55.0
123009,1,43.0,2.0,36.5,27.0,22.0,3.7,87.0,0.3,402.0,41.0
123010,0,66.0,1.0,32.1,14.0,17.0,3.8,105.0,0.3,304.0,61.0
123011,0,80.0,1.0,28.1,21.0,24.0,4.0,104.0,0.9,180.0,55.0
123015,0,25.0,2.0,21.1,10.0,14.0,4.3,47.0,0.4,258.0,56.0
123021,0,60.0,2.0,28.8,8.0,12.0,4.4,84.0,0.3,215.0,42.0
123023,0,28.0,1.0,19.1,16.0,20.0,4.0,59.0,0.8,210.0,56.0
123024,0,71.0,1.0,34.0,18.0,17.0,3.7,63.0,0.7,157.0,39.0
123025,0,72.0,1.0,19.6,15.0,19.0,4.2,72.0,0.3,281.0,53.0
123026,0,65.0,2.0,28.4,22.0,19.0,4.5,83.0,0.5,174.0,45.0
123029,0,43.0,1.0,32.6,20.0,23.0,4.0,91.0,0.6,251.0,56.0
123031,0,38.0,1.0,32.3,13.0,12.0,3.9,39.0,0.5,250.0,65.0
123032,0,77.0,1.0,25.9,12.0,18.0,3.9,94.0,0.5,171.0,68.0
123033,0,60.0,2.0,24.5,29.0,29.0,4.7,36.0,0.5,212.0,61.0
123035,0,22.0,2.0,24.2,9.0,12.0,4.0,90.0,0.3,223.0,45.0
123037,0,67.0,1.0,24.3,19.0,20.0,3.9,40.0,0.6,255.0,62.0
123038,0,75.0,1.0,34.1,20.0,18.0,3.8,50.0,0.5,394.0,57.0
123040,0,64.0,1.0,29.4,22.0,19.0,4.6,64.0,0.3,155.0,41.0
123041,1,66.0,2.0,47.2,45.0,46.0,4.1,93.0,0.4,272.0,57.0
123042,0,50.0,2.0,33.5,22.0,19.0,3.6,70.0,0.3,342.0,61.0
123043,1,54.0,2.0,38.5,41.0,39.0,3.4,187.0,0.5,170.0,57.0
123045,0,80.0,2.0,37.8,14.0,16.0,3.7,74.0,0.3,153.0,48.0
123047,0,39.0,1.0,25.7,14.0,9.0,4.2,68.0,0.2,219.0,31.0
123048,0,52.0,2.0,35.8,17.0,16.0,4.1,91.0,0.4,171.0,50.0
123049,0,26.0,1.0,30.1,40.95284886477239,30.329134292472627,4.078513221926737,63.927198373488515,0.48967143091072546,277.5489754493534,36.20954041241337
123050,0,73.0,2.0,25.3,30.0,23.0,3.9,71.0,0.3,222.0,49.0
123052,0,20.0,2.0,36.8,32.0,74.0,3.6,106.0,0.3,224.0,43.0
123053,0,46.0,2.0,21.4,28.0,45.0,3.6,85.0,0.6,177.0,178.0
123054,0,18.0,2.0,34.6,18.0,17.0,4.0,133.0,0.2,373.0,51.0
123059,0,68.0,2.0,40.2,18.0,19.0,3.3,149.0,0.4,186.0,60.0
123063,0,68.0,1.0,27.9,14.0,17.0,3.9,67.0,0.9,249.0,59.0
123064,1,44.0,2.0,40.7,15.0,23.0,3.5,53.0,0.4,345.0,81.0
123069,0,80.0,2.0,23.4,15.0,20.0,3.9,116.0,0.6,200.0,47.0
123070,0,53.0,1.0,31.0,30.0,24.0,4.0,74.0,0.8,208.0,52.0
123073,1,52.0,1.0,35.1,9.0,11.0,3.8,83.0,0.4,120.0,42.0
123075,0,24.0,1.0,30.3,49.0,27.0,4.1,97.0,0.5,296.0,49.0
123077,0,50.0,1.0,27.5,22.0,20.0,4.2,92.0,0.7,176.0,72.0
123078,0,66.0,1.0,23.3,23.0,28.0,4.4,89.0,0.5,258.0,56.0
123079,0,40.0,2.0,26.5,8.0,13.0,4.1,55.0,0.5,246.0,48.0
123082,0,54.0,2.0,41.8,25.0,23.0,3.8,65.0,0.3,337.0,44.0
123083,0,68.0,2.0,24.3,16.0,19.0,4.2,63.0,0.5,249.0,72.0
123084,1,50.0,1.0,27.8,24.0,30.0,3.2,148.0,2.9,218.0,28.0
123087,0,21.0,1.0,21.1,9.0,15.0,4.2,120.0,0.6,243.0,55.0
123088,0,77.0,2.0,24.0,17.0,20.0,4.0,89.0,0.5,167.0,70.0
123089,0,56.0,2.0,20.8,15.0,16.0,4.1,84.0,0.3,225.0,54.0
123090,1,58.0,2.0,37.8,21.0,20.0,4.2,94.0,0.3,216.0,50.0
123091,0,59.0,2.0,28.5,19.0,16.0,4.6,71.0,0.5,234.0,44.0
123096,0,39.0,2.0,37.1,14.0,18.0,3.5,125.0,0.2,421.0,66.0
123097,0,48.0,1.0,38.8,26.0,19.0,4.0,78.0,0.5,194.0,33.0
123099,0,34.0,2.0,21.8,11.0,14.0,4.1,57.0,0.5,194.0,62.0
123103,0,23.0,1.0,17.7,77.0,134.0,4.1,91.0,0.9,267.0,63.0
123104,0,62.0,1.0,30.6,26.0,20.0,4.3,86.0,0.4,196.0,42.0
123105,0,31.0,1.0,32.4,49.0,32.0,4.3,54.0,0.7,259.0,44.0
123107,0,80.0,1.0,33.1,15.0,17.0,3.9,67.0,0.4,233.0,38.0
123108,0,35.0,2.0,31.3,53.0,44.0,3.9,113.0,0.1,313.0,55.0
123109,0,24.0,2.0,47.7,16.0,15.0,3.7,81.0,0.6,319.0,57.0
123111,0,78.0,1.0,16.7,22.777494988167234,35.10630681627108,4.28160476416978,84.82121159574446,0.5108920073505694,164.77674753881263,67.32828901545585
123112,1,56.0,2.0,80.6,17.0,21.0,3.9,47.0,0.6,204.0,87.0
123113,0,36.0,1.0,34.4,56.0,24.0,4.3,58.0,0.7,258.0,45.0
123116,0,79.0,1.0,27.3,18.0,15.0,4.4,37.0,0.5,225.0,49.0
123120,0,43.0,2.0,33.5,12.0,12.0,3.8,63.0,0.3,255.0,49.0
123123,1,58.0,1.0,40.9,14.0,21.0,3.2,134.0,0.3,362.0,48.0
123125,0,44.0,1.0,25.4,24.0,33.0,4.3,63.0,0.5,252.0,42.0
123128,0,58.0,1.0,25.1,16.0,21.0,4.1,97.0,0.3,306.0,45.0
123129,0,67.0,2.0,20.3,12.0,20.0,3.6,76.0,0.3,128.0,86.0
123130,0,72.0,1.0,23.2,16.0,24.0,3.9,70.0,0.9,264.0,58.0
123135,0,69.0,2.0,28.1,15.0,19.0,4.6,90.0,0.3,198.0,68.0
123138,0,61.0,2.0,20.9,25.0,29.0,3.9,86.0,0.5,215.0,67.0
123139,0,55.0,2.0,22.6,14.0,18.0,4.0,107.0,0.2,220.0,55.0
123146,0,63.0,2.0,25.4,16.0,15.0,4.1,61.0,0.6,237.0,39.0
123149,0,50.0,1.0,27.1,24.0,24.0,4.3,39.0,0.4,234.0,47.0
123150,0,20.0,2.0,24.7,14.835582766281146,22.87740794814861,4.3319204749465685,79.99577323118035,0.6332162343043978,232.05109066793514,66.56280713373513
123151,0,38.0,2.0,27.1,10.0,17.0,4.1,38.0,1.2,244.0,64.0
123153,0,42.0,1.0,25.5,24.0,18.0,4.1,81.0,0.3,289.0,43.0
123155,0,80.0,1.0,28.1,12.0,11.0,4.1,65.0,0.5,173.0,53.0
123156,0,80.0,1.0,28.3,17.0,19.0,3.9,62.0,0.6,287.0,42.0
123159,0,31.0,1.0,20.8,19.0,26.0,3.8,69.0,0.4,340.0,50.0
123160,0,50.0,1.0,40.9,57.0,32.0,4.5,57.0,0.4,192.0,44.0
123162,0,69.0,1.0,30.0,16.0,14.0,3.7,65.0,0.3,202.0,37.0
123163,1,67.0,2.0,37.4,54.0,87.0,3.3,129.0,0.3,113.0,51.0
123165,0,34.0,2.0,24.7,9.0,17.0,4.5,48.0,0.4,200.0,96.0
123167,0,25.0,1.0,25.1,19.0,20.0,4.2,53.0,0.4,189.0,49.0
123169,0,36.0,1.0,25.0,22.0,38.0,4.3,70.0,0.7,172.0,54.0
123172,0,55.0,1.0,35.9,27.0,21.0,4.4,81.0,0.7,239.0,34.0
123173,1,60.0,1.0,28.2,50.0,49.0,3.6,86.0,0.2,251.0,30.0
123174,0,18.0,1.0,25.6,19.0,19.0,4.9,109.0,0.6,227.0,38.0
123175,0,46.0,1.0,29.4,20.0,17.0,4.6,56.0,0.4,223.0,58.0
123179,1,45.0,1.0,39.4,23.0,36.0,3.6,67.0,0.2,227.0,35.0
123182,0,18.0,1.0,21.7,23.0,17.0,4.3,80.0,1.3,253.0,45.0
123183,0,54.0,1.0,32.6,20.0,16.0,4.0,73.0,0.4,189.0,58.0
123185,0,53.0,1.0,30.8,19.0,16.0,4.4,84.0,0.4,199.0,65.0
123186,0,28.0,2.0,32.2,14.0,16.0,4.1,53.0,0.6,259.0,62.0
123190,0,60.0,2.0,34.6,13.0,13.0,3.8,73.0,0.2,488.0,36.0
123193,0,63.0,2.0,22.3,18.0,19.0,4.4,117.0,0.3,272.0,46.0
123196,0,65.0,2.0,38.9,16.0,18.0,4.2,77.0,0.5,296.0,46.0
123197,0,68.0,1.0,25.5,16.0,20.0,4.2,50.0,0.5,249.0,44.0
123198,0,48.0,1.0,27.1,40.0,24.0,4.5,57.0,0.7,265.0,52.0
123199,0,54.0,1.0,26.8,25.0,20.0,3.8,46.0,0.4,187.0,53.0
123203,0,57.0,2.0,26.7,21.0,22.0,3.9,80.0,0.4,233.0,83.0
123204,0,37.0,1.0,22.1,13.0,17.0,4.3,64.0,0.2,279.0,53.0
123210,0,35.0,1.0,29.7,51.0,29.0,4.0,84.0,0.2,329.0,60.0
123214,0,39.0,2.0,21.1,14.0,15.0,3.9,63.0,0.3,338.0,55.0
123216,1,47.0,1.0,30.0,25.0,13.0,3.7,73.0,0.4,337.0,43.0
123217,0,18.0,2.0,21.9,7.0,14.0,4.0,58.0,0.5,161.0,49.0
123220,0,31.0,1.0,26.5,21.0,19.0,4.0,72.0,0.2,268.0,53.0
123221,0,78.0,1.0,27.0,10.0,15.0,3.8,61.0,0.8,166.0,44.0
123222,0,33.0,2.0,35.6,8.0,12.0,3.8,65.0,0.3,257.0,57.0
123223,0,52.0,2.0,43.3,33.0,21.0,3.8,110.0,0.5,245.0,40.0
123224,0,40.0,2.0,24.8,14.0,19.0,4.4,43.0,0.6,240.0,96.0
123226,0,33.0,1.0,19.0,7.0,14.0,3.9,60.0,0.4,139.0,46.0
123227,0,26.0,1.0,31.7,20.0,16.0,4.2,58.0,0.4,210.0,39.0
123231,1,67.0,1.0,32.2,16.0,16.0,3.5,184.0,0.5,164.0,88.0
123232,0,80.0,2.0,30.807230374976193,12.0,25.0,4.2,53.0,0.3,226.0,41.0
123233,0,54.0,2.0,31.6,-42.235849409770516,-19.06514516533358,3.6548542387666854,86.58016792962147,0.21837877062848376,336.0,28.927694699659583
123234,0,30.0,1.0,27.7,19.0,26.0,4.8,75.0,0.8,251.0,59.0
123235,1,73.0,2.0,27.5,45.0,36.0,4.7,79.0,0.6,251.0,48.0
123237,0,40.0,2.0,22.7,10.0,16.0,3.9,43.0,0.4,260.0,47.0
123239,0,27.0,1.0,26.3,8.0,16.0,4.3,66.0,0.4,180.0,59.0
123243,0,44.0,1.0,24.9,13.0,16.0,4.2,66.0,0.3,234.0,48.0
123244,0,26.0,1.0,23.1,9.0,13.0,4.5,51.0,0.8,213.0,50.0
123245,0,72.0,2.0,28.2,19.0,22.0,4.3,53.0,0.3,97.0,69.0
123247,0,67.0,2.0,25.7,17.0,18.0,3.9,52.0,0.2,219.0,71.0
123248,0,47.0,1.0,31.9,18.0,16.0,4.7,67.0,0.5,300.0,48.0
123249,0,51.0,2.0,33.4,17.0,19.0,4.1,102.0,0.3,223.0,55.0
123251,0,24.0,1.0,24.0,10.0,14.0,4.1,75.0,0.4,266.0,42.0
123252,0,37.0,2.0,35.1,13.0,14.0,4.2,81.0,0.1,396.0,81.0
123253,0,37.0,1.0,32.0,28.68743712247493,33.75122434952032,3.729300240999832,58.84756310698129,0.2060709176697379,307.91810922878545,49.4943520876013
123254,1,53.0,1.0,29.2,27.0,20.0,4.5,77.0,0.9,192.0,41.0
123258,0,77.0,2.0,29.2,12.0,14.0,4.2,48.0,0.8,321.0,59.0
123260,0,39.0,2.0,36.2,12.0,13.0,3.7,78.0,0.2,234.0,40.0
123261,1,50.0,2.0,48.1,7.0,14.0,3.4,77.0,0.4,383.0,50.0
123263,0,53.0,1.0,24.2,23.0,20.0,4.5,47.0,1.1,267.0,58.0
123264,0,56.0,2.0,28.0,42.0,28.0,3.6,179.0,0.2,377.0,56.0
123265,0,22.0,2.0,22.5,12.0,17.0,4.1,57.0,0.3,276.0,55.0
123266,0,36.0,1.0,27.2,23.0,18.0,4.9,72.0,0.7,300.0,31.0
123268,0,63.0,2.0,29.6,15.0,17.0,4.1,80.0,0.7,250.0,68.0
123269,0,22.0,1.0,30.9,20.0,15.0,4.3,74.0,0.4,219.0,34.0
123271,0,63.0,1.0,32.7,14.0,15.0,4.7,63.0,0.3,290.0,47.0
123273,0,20.0,2.0,32.0,8.0,10.0,3.3,63.0,0.1,347.0,41.0
123274,0,32.0,1.0,32.4,54.0,45.0,4.2,55.0,0.2,300.0,56.0
123275,0,30.0,1.0,33.5,38.0,23.0,4.5,49.0,0.4,212.0,50.0
123276,0,66.0,2.0,25.0,11.312433781803792,24.90508248485177,4.026709657815169,116.12847709216585,0.3416015827904561,356.93114712553376,63.829809221404
123277,0,54.0,1.0,35.7,40.0,27.0,4.1,73.0,0.5,242.0,56.0
123278,0,59.0,1.0,30.7,53.0,30.0,4.3,85.0,0.5,266.0,67.0
123279,0,62.0,1.0,30.7,25.0,14.0,4.0,154.0,0.4,311.0,35.0
123280,0,71.0,1.0,29.3,9.0,16.0,3.6,87.0,0.6,186.0,58.0
123281,0,80.0,2.0,26.1,14.0,18.0,3.7,146.0,0.5,257.0,57.0
123282,0,78.0,2.0,28.7,15.0,21.0,3.7,70.0,0.3,256.0,48.0
123284,0,58.0,2.0,39.1,25.0,25.0,3.8,130.0,0.3,201.0,64.0
123286,0,18.0,2.0,30.9,12.0,15.0,3.7,94.0,0.2,259.0,41.0
123287,0,27.0,1.0,37.6,25.0,19.0,4.2,71.0,0.3,189.0,38.0
123290,0,65.0,2.0,41.2,31.0,42.0,4.1,106.0,0.3,231.0,41.0
123291,0,48.0,2.0,36.6,11.0,11.0,4.0,97.0,0.1,343.0,32.0
123292,0,19.0,1.0,21.5,16.0,19.549473124222317,4.7,99.0,0.4,206.0,50.0
123294,0,25.0,1.0,39.8,33.0,24.0,4.4,73.0,0.6,361.0,42.0
123295,0,31.0,2.0,36.1,9.0,11.0,3.7,54.0,0.2,278.0,63.0
123297,0,58.0,1.0,21.5,13.281085525056108,11.381658276854022,4.108409289963921,8.22976482955228,0.01975028600276696,184.0,47.31316185270006
123298,0,68.0,1.0,37.2,19.0,17.0,3.8,88.0,0.3,372.0,36.0
123302,0,69.0,1.0,25.6,24.0,22.0,4.3,59.0,0.5,259.0,44.0
123304,0,33.0,1.0,27.1,15.0,17.0,4.2,74.0,0.6,307.0,44.0
123306,0,33.0,1.0,32.7,32.0,21.0,4.1,60.0,0.7,214.0,25.0
123310,1,52.0,2.0,50.4,24.0,25.0,3.8,92.0,0.4,257.0,34.0
123315,0,69.0,2.0,32.9,7.0,10.0,3.9,33.0,0.3,211.0,40.0
123316,0,38.0,2.0,53.7,21.0,17.0,3.4,64.0,0.3,304.0,38.0
123317,0,69.0,2.0,32.9,10.0,14.0,4.0,120.0,0.3,265.0,64.0
123318,0,53.0,2.0,27.3,15.0,14.0,3.9,65.0,0.1,346.0,44.0
123319,0,30.0,1.0,33.8,37.0,25.0,4.6,56.0,0.4,237.0,38.0
123322,0,39.0,2.0,27.8,9.0,12.0,3.8,56.0,0.5,291.0,51.0
123323,0,64.0,1.0,33.5,26.0,22.0,4.1,70.0,0.4,166.0,54.0
123325,0,32.0,1.0,35.2,26.0,19.0,4.2,48.0,0.6,243.0,58.0
123326,1,22.0,1.0,44.7,30.0,20.0,2.7,64.0,0.2,274.0,57.0
123327,0,80.0,2.0,26.1,13.0,17.0,4.1,99.0,0.3,170.0,56.0
123328,0,19.0,1.0,29.7,10.0,12.0,4.8,55.0,0.5,169.0,53.0
123330,0,38.0,1.0,30.5,13.0,13.0,4.3,74.0,0.5,277.0,41.0
123332,0,61.0,2.0,35.7,28.0,25.0,2.8,83.0,0.1,224.0,43.0
123335,0,75.0,2.0,26.2,48.0,34.0,4.1,108.0,0.7,255.0,80.0
123336,0,52.0,2.0,21.5,22.0,21.0,4.1,95.0,0.5,191.0,76.0
123338,0,37.0,2.0,35.2,21.0,16.0,4.0,83.0,0.2,328.0,41.0
123343,0,23.0,1.0,28.9,18.0,16.0,4.5,105.0,0.5,289.0,44.0
123346,1,70.0,1.0,27.8,21.0,21.0,4.1,65.0,0.3,254.0,35.0
123347,0,66.0,1.0,34.3,22.0,30.0,4.3,68.0,0.4,270.0,39.0
123349,0,38.0,2.0,24.2,14.0,24.0,4.0,85.0,0.1,221.0,103.0
123353,0,44.0,1.0,24.0,23.0,20.0,4.1,44.0,1.2,195.0,48.0
123354,0,34.0,2.0,32.2,10.0,18.0,3.6,64.0,0.1,283.0,62.0
123356,0,80.0,1.0,23.9,31.591680569898216,33.72585587737144,4.06602598420114,98.95346796266182,0.6340549850207775,194.0,51.32507340020872
123359,0,33.0,1.0,26.9,36.0,23.0,4.3,62.0,0.2,310.0,75.0
123360,0,71.0,2.0,28.3,13.0,18.0,3.9,76.0,0.6,210.0,56.0
123361,0,39.0,1.0,21.3,15.0,26.0,3.8,53.0,0.7,187.0,97.0
123362,0,57.0,1.0,22.8,15.0,15.0,4.0,104.0,0.3,260.0,41.0
123363,0,34.0,2.0,20.7,20.0,19.0,4.2,63.0,0.3,204.0,75.0
123364,0,42.0,2.0,29.4,13.0,15.0,3.6,82.0,0.2,302.0,53.0
123366,1,80.0,1.0,30.4,10.0,23.0,3.7,58.0,0.5,205.0,42.0
123367,0,80.0,1.0,35.6,13.0,16.0,3.9,63.0,0.6,198.0,67.0
123369,0,48.0,2.0,23.6,28.0,22.0,3.9,81.0,0.2,231.0,48.0
123372,0,40.0,1.0,32.9,35.0,20.0,4.2,46.0,0.5,221.0,42.0
123373,1,42.0,2.0,28.7,146.0,294.0,3.4,106.0,0.7,166.0,159.0
123374,1,35.0,1.0,36.1,89.0,65.0,4.5,89.0,0.5,215.0,41.0
123375,0,76.0,2.0,23.9,12.0,17.0,4.0,120.0,0.2,262.0,57.0
123378,0,37.0,1.0,23.3,22.0,22.0,4.5,73.0,0.4,225.0,36.0
123380,0,48.0,2.0,32.3,15.0,16.0,3.9,71.0,0.5,255.0,53.0
123382,0,19.0,2.0,21.2,14.0,16.0,4.1,86.0,0.6,135.0,47.0
123385,0,21.0,1.0,29.5,54.66208370084186,33.360581300166125,4.033068505578159,41.89540965403275,0.2615894764335768,218.0,52.0
123386,0,25.0,2.0,34.0,11.0,12.0,3.8,91.0,0.2,340.0,51.0
123388,1,63.0,2.0,38.9,14.0,14.0,3.7,113.0,0.2,261.0,64.0
123389,0,22.0,2.0,18.2,14.0,19.0,4.0,54.0,0.2,280.0,60.0
123391,0,40.0,2.0,33.1,49.0,25.0,4.0,95.0,0.3,311.0,63.0
123396,0,29.0,1.0,35.0,10.0,12.0,3.7,62.0,0.3,203.0,65.0
123399,0,69.0,1.0,31.2,42.0,38.0,4.1,62.0,0.4,287.0,48.0
123400,0,71.0,2.0,50.6,15.0,19.0,3.9,78.0,0.3,307.0,53.0
123401,0,46.0,1.0,24.6,19.0,15.0,4.1,84.0,0.2,302.0,49.0
123403,0,47.0,2.0,30.0,13.0,18.0,3.3,60.0,0.2,232.0,80.0
123405,0,57.0,1.0,28.0,23.0,21.0,4.2,65.0,0.6,143.0,42.0
123408,1,67.0,2.0,59.4,27.0,25.0,3.9,68.0,0.4,238.0,43.0
123409,0,29.0,1.0,25.7,20.0,14.0,4.2,75.0,0.6,185.0,32.0
123411,0,39.0,2.0,45.4,11.0,9.0,3.5,61.0,0.3,359.0,48.0
123413,0,37.0,2.0,25.6,14.0,16.0,3.7,47.0,0.4,120.0,40.0
123415,0,20.0,1.0,34.9,53.0,27.0,4.0,84.0,0.3,256.0,34.0
123416,0,61.0,1.0,32.2,37.0,32.0,4.3,47.0,0.6,267.0,49.0
123421,0,19.0,1.0,31.3,20.0,25.0,4.1,87.0,1.0,122.0,49.0
123423,0,36.0,2.0,25.0,9.0,12.0,3.8,115.0,0.5,210.0,49.0
123426,0,26.0,2.0,28.0,14.0,14.0,4.5,61.0,1.2,377.0,53.0
123427,0,20.0,1.0,29.1,70.0,45.0,4.0,112.0,0.3,185.0,35.0
123429,0,80.0,2.0,29.9,27.0,33.0,4.3,120.0,0.4,333.0,87.0
123431,0,24.0,2.0,21.5,14.0,17.0,4.6,48.0,1.1,183.0,69.0
123433,0,31.0,2.0,26.4,15.0,18.0,4.4,55.0,0.4,48.0,52.0
123434,0,53.0,2.0,25.8,16.0,15.0,4.2,100.0,0.2,346.0,75.0
123436,0,48.0,2.0,24.7,26.0,26.0,4.2,107.0,0.4,299.0,76.0
123438,0,22.0,2.0,27.7,15.0,14.0,4.4,67.0,0.5,274.0,66.0
123440,0,39.0,2.0,38.8,16.0,14.0,3.7,84.0,0.4,249.0,69.0
123441,0,60.0,1.0,41.5,24.0,18.0,4.0,48.0,0.5,192.0,49.0
123446,0,37.0,2.0,36.7,18.0,17.0,3.8,79.0,0.3,297.0,52.0
123447,0,28.0,2.0,27.7,11.0,18.0,4.2,78.0,0.2,305.0,63.0
123452,0,77.0,1.0,23.5,25.0,30.0,4.2,79.0,0.8,256.0,68.0
123453,0,29.0,1.0,23.4,23.0,18.0,4.3,60.0,0.7,204.0,69.0
123454,0,53.0,1.0,30.0,53.0,32.0,4.5,118.0,0.3,326.0,41.0
123458,0,19.0,1.0,23.6,17.0,26.0,4.6,94.0,0.3,214.0,54.0
123460,0,41.0,2.0,21.7,14.0,18.0,4.0,76.0,0.3,216.0,54.0
123461,1,80.0,1.0,34.4,36.0,28.0,4.7,48.0,1.3,218.0,37.0
123464,0,79.0,1.0,22.0,41.80973692833027,42.12159715176099,4.095072626724812,118.85877818688927,0.17332061927075051,620.0,96.0
123465,0,18.0,2.0,23.1,7.0,16.0,4.5,59.0,0.4,255.0,75.0
123466,0,48.0,1.0,22.9,11.0,19.0,3.9,76.0,0.4,250.0,63.0
123467,0,66.0,1.0,38.1,50.0,36.0,4.1,86.0,0.2,281.0,34.0
123472,0,39.0,1.0,29.9,15.0,14.0,4.0,54.0,0.4,307.0,63.0
123474,0,40.0,1.0,29.6,21.0,17.0,4.0,65.0,0.6,264.0,37.0
123476,0,20.0,1.0,22.9,8.0,18.0,4.7,49.0,0.9,189.0,60.0
123478,0,38.0,2.0,36.8,20.0,21.0,3.7,43.0,0.3,251.0,69.0
123479,0,46.0,1.0,25.9,48.0,28.0,4.6,50.0,0.3,277.0,48.0
123484,0,60.0,2.0,22.8,9.0,15.0,4.1,60.0,0.3,266.0,58.0
123488,1,66.0,1.0,35.9,14.0,19.0,4.0,109.0,1.2,161.0,43.0
123489,1,80.0,1.0,29.5,55.0,48.0,3.8,73.0,0.5,239.0,32.0
123490,0,80.0,1.0,32.2,28.0,20.0,3.8,124.0,0.6,287.0,42.0
123492,0,69.0,1.0,31.1,44.0,34.26085524626524,4.2,67.0,0.2,163.0,26.0
123493,0,32.0,2.0,21.1,13.0,24.0,4.0,48.0,0.2,226.0,69.0
123494,0,44.0,2.0,33.0,10.0,13.0,4.4,66.0,0.5,241.0,37.0
123495,0,19.0,1.0,27.0,26.0,31.0,4.3,101.0,0.6,269.0,60.0
123496,1,73.0,2.0,23.2,24.0,30.0,4.1,95.0,0.5,96.0,37.0
123498,0,27.0,1.0,22.2,7.0,14.0,4.6,53.0,0.3,248.0,64.0
123503,0,25.0,2.0,30.1,18.0,21.0,3.9,86.0,0.2,266.0,48.0
123504,0,54.0,1.0,34.9,47.0,26.0,4.3,66.0,0.3,270.0,37.0
123505,0,23.0,2.0,25.3,14.0,18.0,4.3,79.0,0.4,269.0,43.0
123506,0,70.0,2.0,33.6,12.0,13.0,4.1,46.0,0.4,259.0,52.0
123507,0,28.0,2.0,42.7,8.0,16.0,4.2,69.0,0.4,386.0,35.0
123508,0,59.0,1.0,26.6,24.0,25.0,3.9,61.0,0.3,225.0,65.0
123509,0,48.0,2.0,28.7,15.0,18.0,4.3,52.0,0.6,218.0,90.0
123511,0,35.0,2.0,29.6,14.0,15.0,3.9,62.0,0.2,344.0,51.0
123513,0,28.0,2.0,37.1,35.0,22.0,3.7,109.0,0.3,170.0,44.0
123514,0,41.0,2.0,22.1,9.0,13.0,4.0,72.0,0.2,207.0,60.0
123515,0,72.0,1.0,20.6,17.0,17.0,5.4,90.0,0.4,132.0,44.0
123517,0,37.0,1.0,32.5,65.0,38.0,4.0,88.0,0.2,330.0,54.0
123519,0,44.0,2.0,29.2,30.0,29.0,4.0,54.0,0.6,320.0,55.0
123521,0,50.0,2.0,34.8,15.0,12.0,3.4,82.0,0.1,229.0,50.0
123524,0,46.0,1.0,20.4,20.0,34.0,4.3,59.0,0.3,256.0,61.0
123525,0,32.0,1.0,23.8,16.0,15.0,4.4,45.0,0.7,217.0,54.0
123526,1,75.0,2.0,38.3,16.0,21.0,4.1,99.0,0.3,280.0,71.0
123527,0,40.0,1.0,27.4,28.0,20.0,4.7,84.0,0.6,207.0,43.0
123528,0,60.0,2.0,25.6,14.0,13.0,4.1,154.0,0.6,242.0,57.0
123533,0,80.0,1.0,28.4,11.0,20.0,4.1,55.0,0.6,208.0,51.0
123534,0,25.0,2.0,19.6,11.0,17.0,4.1,41.0,0.6,259.0,88.0
123535,0,61.0,1.0,39.4,7.0,9.0,3.8,98.0,0.4,272.0,23.0
123536,0,65.0,1.0,37.1,40.0,34.0,4.4,127.0,1.2,159.0,30.0
123537,0,45.0,2.0,23.5,11.0,12.0,3.9,88.0,0.4,221.0,47.0
123539,0,60.0,1.0,38.3,25.0,20.0,3.9,92.0,0.8,255.0,37.0
123542,0,62.0,1.0,30.8,14.0,13.0,4.0,117.0,0.1,97.0,57.0
123545,0,42.0,2.0,37.0,14.0,17.0,4.0,91.0,0.1,310.0,54.0
123546,0,32.0,2.0,23.1,25.0,41.0,3.8,57.0,0.3,264.0,72.0
123548,0,30.0,1.0,22.7,21.0,17.0,3.7,89.0,0.1,281.0,40.0
123549,1,52.0,1.0,29.9,34.0,21.0,4.2,88.0,0.4,219.0,43.0
123552,0,59.0,1.0,36.2,36.0,22.0,3.9,51.0,0.6,203.0,45.0
123553,0,45.0,1.0,29.3,26.0,21.0,4.5,69.0,0.6,327.0,39.0
123554,0,42.0,2.0,21.5,13.0,18.0,4.1,52.0,0.4,254.0,69.0
123560,0,64.0,1.0,25.823784852957466,9.0,13.0,3.7,71.0,0.3,335.2798360688571,54.0
123562,0,43.0,2.0,35.1,13.0,18.0,3.8,50.0,0.2,205.0,39.0
123564,0,33.0,2.0,21.7,25.0,28.0,4.4,52.0,0.8,185.0,65.0
123566,0,37.0,2.0,34.0,15.0,14.0,4.3,59.0,0.3,263.0,50.0
123568,1,68.0,2.0,26.4,30.0,36.0,4.6,129.0,0.4,269.0,117.0
123569,0,72.0,1.0,30.8,33.0,22.0,4.1,81.0,0.4,167.0,48.0
123570,0,74.0,2.0,28.0,24.0,22.0,3.9,81.0,0.6,257.0,104.0
123571,0,54.0,1.0,29.6,26.0,20.0,4.3,94.0,0.3,209.0,46.0
123574,0,70.0,1.0,23.7,20.0,24.0,4.1,86.0,0.6,248.0,43.0
123576,0,36.0,1.0,26.5,42.0,53.0,4.6,93.0,0.6,233.0,41.0
123577,1,55.0,1.0,41.7,40.0,29.0,3.8,83.0,0.3,224.0,37.0
123580,0,21.0,2.0,22.0,12.0,19.0,4.6,83.0,0.3,244.0,60.0
123582,0,65.0,2.0,26.9,11.0,17.0,4.1,61.0,1.2,279.0,94.0
123583,0,67.0,1.0,26.7,13.0,18.0,4.0,96.0,0.6,202.0,37.0
123584,1,67.0,1.0,31.2,17.0,15.0,4.0,58.0,0.4,255.0,44.0
123587,0,43.0,2.0,18.9,17.0,22.0,3.9,69.0,1.0,180.0,49.0
123593,0,77.0,2.0,28.8,10.0,15.0,4.3,74.0,0.3,224.0,51.0
123597,0,80.0,2.0,32.5,11.0,20.0,3.6,108.0,0.2,159.0,48.0
123600,0,63.0,1.0,29.7,15.0,24.0,4.0,57.0,0.3,204.0,45.0
123604,0,42.0,2.0,56.6,17.0,16.0,4.1,59.0,0.2,228.0,49.0
123606,0,31.0,2.0,39.5,6.0,8.0,3.3,78.0,0.1,818.0,32.0
123607,0,55.0,2.0,33.4,14.0,16.0,4.1,113.0,0.3,191.0,70.0
123608,0,19.0,2.0,34.5,17.0,14.0,4.4,60.0,0.5,312.0,48.0
123609,0,60.0,2.0,26.1,11.0,13.0,3.8,83.0,0.3,270.0,49.0
123610,0,39.0,2.0,24.1,8.0,16.0,3.9,66.0,0.5,293.0,60.0
123614,0,27.0,1.0,20.8,14.0,17.0,4.2,69.0,0.5,275.0,56.0
123617,0,29.0,1.0,26.1,21.0,23.0,4.4,73.0,0.4,165.0,47.0
123622,1,24.0,1.0,49.5,55.0,31.0,4.0,116.0,0.3,165.0,38.0
123624,0,72.0,1.0,31.5,18.0,19.0,4.4,65.0,0.4,246.0,42.0
123626,0,80.0,2.0,31.8,8.0,16.0,3.8,46.0,0.6,229.0,53.0
123627,0,43.0,1.0,28.7,6.0,9.0,3.5,103.0,0.3,228.0,36.0
123628,0,40.0,2.0,24.2,11.0,14.0,3.9,50.0,0.2,199.0,70.0
123632,0,21.0,2.0,22.7,17.0,18.0,4.3,66.0,0.2,344.0,67.0
123635,0,25.0,1.0,36.8,39.0,19.0,4.4,85.0,0.9,233.0,46.0
123636,0,32.0,2.0,51.8,14.0,11.0,3.7,75.0,0.2,255.0,32.0
123638,0,54.0,1.0,32.1,40.0,33.0,4.7,63.0,0.4,281.0,45.0
123639,1,65.0,1.0,37.8,19.0,25.0,4.0,69.0,0.5,210.0,54.0
123641,0,43.0,1.0,35.5,28.0,28.0,4.6,70.0,0.4,257.0,45.0
123643,0,24.0,2.0,29.0,31.0,25.0,3.9,116.0,1.4,222.0,38.0
123644,0,60.0,2.0,27.4,58.0,42.0,3.2,63.0,0.2,323.0,40.0
123646,0,62.0,2.0,25.1,21.0,20.0,4.1,46.0,0.3,169.0,75.0
123647,0,48.0,2.0,32.6,6.0,9.0,3.3,58.0,0.3,396.0,37.0
123648,1,54.0,1.0,27.0,35.0,23.0,4.1,96.0,0.3,256.0,39.0
123651,0,43.0,1.0,23.5,18.0,20.0,4.3,59.0,0.3,196.0,66.0
123652,0,58.0,2.0,33.9,-4.6351647952362125,5.112362226782015,4.196276493786713,59.05850772704061,0.9827799702145963,279.0,64.02093978593004
123654,1,53.0,2.0,49.7,19.0,13.0,3.5,79.0,0.5,337.0,59.0
123656,0,54.0,1.0,31.6,37.0,35.0,3.8,80.0,0.2,292.0,56.0
123657,0,19.0,2.0,27.7,36.0,26.0,4.2,74.0,0.4,159.0,30.0
123660,0,53.0,2.0,27.6,24.0,24.0,4.2,75.0,0.5,239.0,66.0
123662,0,65.0,2.0,27.3,17.0,18.0,4.1,80.0,0.3,211.0,53.0
123663,0,20.0,2.0,23.7,23.778640878279006,11.943827053763993,4.3617676625223245,36.45117318851295,0.19938139801856156,256.7924516047044,55.70387556240663
123664,0,28.0,1.0,33.3,80.0,34.0,4.5,72.0,0.4,252.0,33.0
123668,0,59.0,1.0,24.0,20.0,18.0,4.5,76.0,0.7,107.0,72.0
123669,0,60.0,2.0,32.4,29.0,32.0,4.1,111.0,0.4,279.0,59.0
123672,0,47.0,1.0,27.6,24.0,22.0,4.4,57.0,1.1,266.0,48.0
123673,0,71.0,2.0,22.8,17.0,22.0,3.4,68.0,0.2,167.0,51.0
123674,0,59.0,1.0,37.6,18.0,21.0,4.5,76.0,0.4,253.0,38.0
123675,0,18.0,1.0,28.1,14.0,19.0,4.7,102.0,0.3,231.0,47.0
123677,0,51.0,1.0,24.7,27.0,23.0,4.3,100.0,0.2,185.0,58.0
123678,0,42.0,2.0,28.8,6.0,9.0,4.4,52.0,0.2,199.0,50.0
123680,0,30.0,2.0,19.6,13.0,16.0,4.5,52.0,0.9,237.0,67.0
123681,0,18.0,2.0,17.6,13.0,17.0,4.4,64.0,0.3,387.0,41.0
123686,0,21.0,2.0,40.6,10.0,13.0,4.0,85.0,0.1,381.0,44.0
123687,0,33.0,1.0,20.3,21.0,14.0,4.7,66.0,0.7,245.0,60.0
123688,0,24.0,2.0,26.4,37.0,27.0,3.8,75.0,0.2,265.0,67.0
123689,0,58.0,2.0,31.2,24.0,20.0,4.1,97.0,0.3,284.0,69.0
123692,0,33.0,2.0,25.0,18.0,24.0,4.6,71.0,0.7,206.0,54.0
123694,0,24.0,2.0,34.8,16.0,16.0,4.2,58.0,0.2,287.0,47.0
123695,0,21.0,2.0,33.8,14.0,12.0,4.0,80.0,0.8,263.0,48.0
123698,0,64.0,1.0,26.5,18.0,19.0,3.8,66.0,0.2,334.0,67.0
123704,0,44.0,2.0,24.3,12.0,17.0,4.2,57.0,0.2,324.0,62.0
123705,0,60.0,2.0,33.9,12.0,16.0,4.0,63.0,0.6,159.0,49.0
123706,0,36.0,2.0,19.3,13.0,18.0,4.1,30.0,0.3,177.0,63.0
123709,0,51.0,2.0,21.8,13.0,24.0,4.0,100.0,0.4,248.0,42.0
123711,0,64.0,2.0,41.4,23.0,25.0,4.0,81.0,0.4,162.0,40.0
123712,0,21.0,2.0,24.4,10.0,13.0,4.6,47.0,0.4,227.0,59.0
123713,0,50.0,2.0,29.5,45.0,27.0,4.5,52.0,1.6,204.0,91.0
123719,0,22.0,1.0,22.3,51.0,38.0,4.7,112.0,0.5,242.0,66.0
123720,0,33.0,1.0,34.9,86.0,54.0,4.2,72.0,0.4,156.0,49.0
123722,0,43.0,1.0,17.4,15.0,16.0,4.2,76.0,0.5,205.0,54.0
123723,0,25.0,1.0,24.1,25.0,18.0,4.6,81.0,0.8,217.0,33.0
123726,0,41.0,2.0,28.6,7.0,11.0,3.5,50.0,0.3,337.0,66.0
123728,0,58.0,2.0,26.4,16.0,19.0,4.2,63.0,0.7,184.0,85.0
123729,1,78.0,2.0,41.0,15.0,17.0,3.8,114.0,0.3,253.0,59.0
123736,0,23.0,2.0,35.6,16.0,16.0,4.3,91.0,0.1,264.0,57.0
123738,0,68.0,2.0,35.3,21.0,24.0,4.0,88.0,0.5,300.0,67.0
123740,0,54.0,2.0,27.1,-5.467863026693634,1.029333730123956,3.9435265430980473,39.44328200259578,0.010407393894056483,330.0,50.0
123744,0,19.0,1.0,28.1,19.0,19.0,4.8,87.0,0.3,251.0,60.0
123745,0,42.0,1.0,27.4,9.0,13.0,3.8,78.0,0.2,277.0,36.0
123746,1,33.0,2.0,47.5,21.0,18.0,3.9,70.0,0.1,367.0,48.0
123748,0,22.0,1.0,28.7,25.0,21.0,4.2,66.0,0.5,224.0,51.0
123749,0,35.0,1.0,36.3,24.0,14.0,4.2,97.0,0.4,191.0,36.0
123753,0,80.0,2.0,28.6,16.0,19.0,4.1,62.0,0.5,194.0,60.0
123754,0,69.0,1.0,34.5,30.0,20.0,4.3,65.0,0.7,164.0,55.0
123760,1,47.0,1.0,30.2,44.0,26.0,4.0,73.0,0.6,211.0,36.0
123761,0,27.0,2.0,33.8,19.0,17.0,4.5,73.0,1.1,239.0,58.0
123762,0,80.0,2.0,28.1,16.0,29.0,4.1,78.0,0.6,211.0,70.0
123763,0,18.0,1.0,22.4,39.71769303220103,46.095047765397496,4.559077662309556,61.76418263884517,0.16348986244945563,285.57979918284764,60.547781744655325
123766,0,35.0,2.0,43.4,12.0,11.0,3.2,75.0,0.2,216.0,28.0
123767,0,68.0,2.0,25.7,17.0,27.0,3.9,58.0,0.3,184.0,31.0
123769,0,41.0,2.0,30.4,8.0,10.0,3.9,51.0,0.4,384.0,52.0
123770,0,55.0,1.0,21.8,93.0,63.0,4.8,75.0,1.1,233.0,40.0
123773,0,26.0,2.0,29.2,10.0,15.0,4.0,75.0,0.5,274.0,51.0
123774,0,24.0,1.0,22.5,19.0,20.0,4.7,56.0,0.8,301.0,62.0
123775,0,80.0,2.0,26.8,12.0,16.0,4.0,114.0,0.4,142.0,78.0
123780,1,67.0,1.0,22.3,31.125680181830983,28.625239476922392,4.549693914333812,79.1427225444872,0.9383328828956294,255.4598777036644,85.41182477364977
123781,0,25.0,2.0,28.5,9.0,15.0,4.2,57.0,0.5,362.0,62.0
123782,0,80.0,2.0,31.7,11.0,15.0,3.7,94.0,0.3,347.0,59.0
123783,1,21.0,1.0,24.2,11.0,20.0,4.5,66.0,0.7,181.0,40.0
123784,0,80.0,2.0,31.2,16.0,25.0,4.4,61.0,0.6,246.0,50.0
123785,0,71.0,1.0,35.6,43.0,28.0,4.2,83.0,0.4,200.0,43.0
123787,0,56.0,1.0,26.9,11.0,20.0,4.4,56.0,0.7,145.0,49.0
123788,0,63.0,2.0,31.4,37.0,30.0,4.3,94.0,0.4,252.0,94.0
123791,0,60.0,2.0,24.7,14.0,17.0,4.1,60.0,0.4,340.0,95.0
123795,0,71.0,2.0,30.5,21.0,23.0,4.1,41.0,0.6,219.0,60.0
123796,0,28.0,2.0,27.2,9.0,16.0,3.9,45.0,0.2,308.0,70.0
123797,0,32.0,1.0,25.2,31.136455981359287,18.91724751675349,4.466973740651574,106.58312886100556,1.0051969807156185,212.87221492540039,44.16722859708018
123798,0,73.0,2.0,29.4,8.0,18.0,3.9,77.0,0.3,278.0,72.0
123799,0,78.0,2.0,28.5,18.0,23.0,4.1,84.0,0.3,232.0,67.0
123800,1,45.0,2.0,35.7,141.0,132.0,3.5,87.0,0.1,202.0,50.0
123801,0,58.0,1.0,24.7,38.0,29.0,4.1,82.0,0.3,244.0,45.0
123802,0,70.0,1.0,29.1,4.40129260055574,7.500131941414759,4.0550359571708645,99.8923166901641,0.42593946307461605,283.40283277467165,70.48083128483371
123803,0,45.0,2.0,28.6,20.0,18.0,4.0,55.0,0.2,193.0,51.0
123804,1,64.0,2.0,29.2,43.0,30.0,3.9,72.0,0.8,178.0,44.0
123808,0,61.0,2.0,26.9,1.0825715260029938,4.602131352300085,3.857540215504856,111.87207015140122,0.6993908153076478,239.0,56.7849464153808
123811,0,62.0,1.0,23.8,26.0,35.0,4.2,95.0,0.8,148.0,63.0
123812,0,37.0,1.0,31.0,24.0,26.0,5.0,90.0,0.7,251.0,41.0
123813,0,22.0,1.0,22.0,14.0,17.0,3.9,74.0,0.4,326.0,71.0
123815,0,73.0,2.0,23.4,35.22951054137897,38.98637855720586,4.005534697202529,91.48787256357073,0.46577933052565046,190.0,77.2159310423676
123819,0,80.0,2.0,26.8,11.0,18.0,4.2,101.0,0.2,198.0,60.0
123821,0,60.0,1.0,28.7,12.0,12.0,3.8,81.0,0.4,271.0,41.0
123825,0,23.0,1.0,21.6,15.0,17.0,4.5,57.0,0.4,187.0,59.0
123827,1,78.0,1.0,32.1,23.0,38.0,3.5,134.0,0.2,169.0,47.0
123830,0,46.0,1.0,29.1,47.0,26.0,3.8,84.0,1.0,171.0,40.0
123833,0,34.0,2.0,25.1,11.0,12.0,4.3,51.0,0.2,332.0,47.0
123834,0,57.0,2.0,22.1,25.010127032030532,28.61584221581286,3.7354498022149,62.515976430162524,0.7363952715991573,193.122827677614,64.51631197761564
123838,0,47.0,1.0,24.0,19.0,17.0,4.0,78.0,0.4,234.0,51.0
123841,0,69.0,1.0,27.8,11.0,11.0,4.2,49.0,0.4,274.0,61.0
123842,0,71.0,1.0,27.3,9.0,19.0,3.7,81.0,0.4,265.0,44.0
123843,0,48.0,1.0,34.0,41.0,21.0,4.3,89.0,1.1,253.0,38.0
123844,1,52.0,1.0,21.5,49.0,57.0,4.5,57.0,0.4,187.0,74.0
123846,0,24.0,2.0,24.4,12.0,15.0,4.1,61.0,0.3,248.0,37.0
123847,0,29.0,2.0,44.2,11.0,12.0,3.6,64.0,0.2,313.0,31.0
123850,0,32.0,1.0,30.8,16.0,17.0,4.4,77.0,0.6,203.0,51.0
123852,0,60.0,2.0,19.1,9.0,16.0,4.3,67.0,0.6,272.0,68.0
123853,0,67.0,1.0,25.9,17.0,17.0,4.3,46.0,0.6,222.0,64.0
123854,1,52.0,1.0,49.6,11.0,17.0,3.7,69.0,0.2,175.0,36.0
123856,0,26.0,1.0,27.3,29.0,22.0,4.4,67.0,1.2,195.0,40.0
123858,0,24.0,1.0,24.8,20.0,21.0,4.4,80.0,1.0,189.0,54.0
123859,0,60.0,1.0,27.6,38.331181802589455,21.749729030436953,4.093861127703754,99.71449747262668,0.5445440313460572,290.0,41.0
123860,0,61.0,2.0,27.3,23.0,19.0,4.1,70.0,0.4,191.0,62.0
123861,0,42.0,1.0,31.6,18.0,26.0,3.7,92.0,0.5,278.0,43.0
123862,0,73.0,1.0,29.7,18.0,18.0,4.3,59.0,0.6,171.0,46.0
123863,1,72.0,1.0,24.2,20.0,28.0,4.5,53.0,0.4,220.0,40.0
123866,0,41.0,1.0,22.6,28.0,20.0,4.4,69.0,0.4,187.0,32.0
123867,1,68.0,2.0,33.7,14.0,21.0,4.0,103.0,0.6,269.0,61.0
123868,0,60.0,2.0,28.9,13.529294587259521,29.771760226874783,4.149809401403527,115.64285730397668,0.20366703284751558,206.34152564668133,72.73535270476525
123870,0,26.0,1.0,31.8,36.0,32.0,4.2,134.0,0.3,246.0,53.0
123871,0,55.0,2.0,27.3,13.0,16.0,3.9,105.0,0.2,301.0,40.0
123873,0,47.0,2.0,19.6,17.0,15.0,3.9,40.0,0.2,226.0,89.0
123874,1,58.0,2.0,49.9,21.312174779969418,27.45761932577915,3.4558446615989973,102.20051326013238,0.25293105513941544,351.0,42.15724830840489
123876,0,34.0,1.0,28.6,23.0,24.0,4.4,68.0,0.4,201.0,32.0
123877,0,28.0,1.0,30.2,26.0,25.0,4.5,59.0,0.4,340.0,31.0
123879,0,80.0,2.0,29.0,16.0,18.0,4.3,51.0,0.2,241.0,49.0
123881,0,38.0,2.0,28.1,19.0,16.0,3.8,91.0,0.3,233.0,47.0
123885,0,67.0,2.0,35.8,9.0,14.0,3.3,81.0,0.2,517.0,48.0
123886,0,63.0,1.0,33.1,54.0,29.0,4.1,66.0,0.3,256.0,37.0
123890,1,60.0,1.0,36.7,21.0,26.0,3.6,54.0,0.7,170.0,34.0
123891,0,70.0,2.0,25.5,14.0,19.0,4.1,97.0,0.2,175.0,63.0
123892,0,19.0,1.0,32.7,50.0,27.0,4.7,76.0,0.7,379.0,36.0
123899,0,54.0,2.0,25.2,12.0,13.0,4.1,49.0,0.1,228.0,111.0
123900,0,73.0,1.0,34.1,21.0,19.0,4.1,73.0,0.4,338.0,39.0
123902,0,34.0,2.0,41.1,14.0,16.0,3.7,64.0,0.3,278.0,48.0
123903,1,75.0,2.0,48.1,14.0,17.0,3.7,50.0,0.3,179.0,43.0
123904,0,22.0,2.0,41.3,40.45332686122692,30.855284554637755,3.644825132534639,104.57625927781251,0.09857371771178469,440.0,18.24711412292141
123912,0,72.0,1.0,24.0,12.0,14.0,3.9,65.0,0.5,313.0,62.0
123913,0,62.0,1.0,27.6,17.0,16.0,4.4,78.0,0.5,166.0,47.0
123914,0,69.0,2.0,31.9,17.0,24.0,4.2,79.0,0.3,337.0,103.0
123915,0,27.0,2.0,22.5,11.0,17.0,4.2,52.0,0.8,278.0,75.0
123918,0,54.0,2.0,32.3,26.0,18.0,3.8,77.0,0.3,234.0,61.0
123919,0,30.0,1.0,32.6,58.0,30.0,4.1,79.0,0.6,220.0,41.0
123920,0,29.0,1.0,33.8,32.0,29.0,4.2,99.0,0.3,213.0,46.0
123922,0,60.0,2.0,29.7,18.457359287535606,19.84355780859395,4.153985662490513,100.19934295824532,0.6265994999961821,196.3246885813175,34.04583633181099
123926,0,21.0,1.0,21.9,30.0,21.0,4.1,59.0,0.9,180.0,70.0
123927,0,32.0,1.0,23.2,21.0,18.0,4.5,58.0,0.6,307.0,51.0
123928,0,50.0,1.0,31.0,40.0,23.0,3.6,68.0,0.2,221.0,70.0
123930,0,80.0,1.0,25.3,13.0,21.0,4.1,84.0,0.3,109.0,66.0
123931,0,63.0,1.0,21.8,24.0,21.0,3.7,116.0,0.6,133.0,35.0
123934,1,67.0,1.0,28.7,35.0,21.0,4.2,91.0,0.5,303.0,44.0
123935,0,50.0,2.0,37.7,14.0,15.0,3.7,103.0,0.2,292.0,26.0
123936,0,51.0,1.0,37.6,17.0,18.0,3.9,55.0,0.5,225.0,42.0
123937,0,50.0,2.0,24.6,10.0,19.0,4.4,68.0,0.2,325.0,57.0
123940,0,41.0,1.0,40.1,71.0,43.0,4.5,65.0,0.8,210.0,36.0
123941,1,80.0,1.0,35.9,17.0,18.0,4.1,77.0,0.4,185.0,35.0
123943,0,78.0,1.0,23.0,15.0,20.0,3.5,86.0,0.5,231.0,56.0
123947,0,67.0,2.0,38.8,36.81505594477351,7.2580895485981145,3.7529231829544996,156.73942414482553,0.49243470009885315,439.765259201179,28.32655109497071
123948,0,50.0,1.0,31.6,38.0,25.0,3.9,99.0,0.2,162.0,44.0
123949,1,66.0,1.0,31.4,16.0,14.0,4.1,68.0,0.1,306.0,45.0
123950,0,54.0,2.0,43.4,18.0,20.0,3.8,100.0,1.3,260.0,57.0
123951,0,62.0,2.0,23.9,21.0,24.0,4.0,62.0,0.3,242.0,66.0
123953,0,41.0,1.0,36.2,36.0,23.0,4.2,106.0,0.6,296.0,44.0
123956,0,32.0,2.0,21.8,-4.299420251122871,7.17589244872469,4.407035669423962,59.160522365821166,0.17254047843571568,172.0,28.105960063152693
123959,0,27.0,2.0,32.3,17.0,17.0,4.0,63.0,0.4,235.0,44.0
123960,0,64.0,2.0,31.4,17.0,15.0,3.7,111.0,0.5,249.0,61.0
123962,0,24.0,2.0,25.6,16.0,22.0,4.2,67.0,1.1,226.0,77.0
123963,0,80.0,2.0,32.2,15.0,13.0,3.6,59.0,0.4,221.0,50.0
123964,0,18.0,1.0,32.4,27.0,18.0,4.4,113.0,0.3,285.0,45.0
123966,0,64.0,2.0,21.3,29.0,28.0,4.1,78.0,0.2,216.0,66.0
123968,0,25.0,2.0,26.9,14.0,20.0,4.0,76.0,0.3,240.0,68.0
123969,0,27.0,2.0,31.9,23.0,19.0,4.2,61.0,0.2,351.0,50.0
123970,0,48.0,1.0,31.2,22.0,22.0,4.0,64.0,0.4,280.0,38.0
123971,0,80.0,1.0,32.0,25.0,24.0,4.1,73.0,0.6,183.0,44.0
123972,0,60.0,1.0,26.5,17.0,20.0,4.0,67.0,0.6,200.0,41.0
123975,1,57.0,1.0,30.7,44.0,29.0,4.1,87.0,0.8,161.0,50.0
123976,0,72.0,2.0,35.2,38.26046578952741,46.46572940297163,4.31893059303516,85.16721996825446,0.9323277423565433,210.0,41.599606598523614
123980,0,22.0,1.0,21.5,39.12071208069061,24.035000620653513,4.1372644497893125,131.19964215229317,0.26415559812866773,371.0,51.568627056906294
123982,0,68.0,1.0,25.4,15.0,15.0,4.0,61.0,0.4,211.0,58.0
123984,0,65.0,1.0,24.0,26.0,26.0,4.3,89.0,0.5,261.0,41.0
123986,0,29.0,2.0,25.2,8.0,16.0,4.0,79.0,0.5,384.0,40.0
123988,0,46.0,2.0,33.5,26.0,22.0,4.2,42.0,0.5,351.0,46.0
123989,0,20.0,2.0,21.1,12.0,16.0,4.3,71.0,0.3,193.0,92.0
123992,0,62.0,1.0,22.4,18.0,25.0,4.1,206.0,1.0,189.0,67.0
123994,0,64.0,2.0,33.8,12.0,15.0,3.9,173.0,0.3,361.0,38.0
123995,0,31.0,1.0,30.1,13.0,18.0,3.9,62.0,0.8,224.0,51.0
123998,0,32.0,2.0,22.9,15.0,17.0,4.0,57.0,0.8,320.0,103.0
124000,0,59.0,1.0,32.4,25.0,23.0,4.3,88.0,0.3,265.0,31.0
124002,0,80.0,2.0,18.4,7.0,15.0,3.7,93.0,0.4,262.0,47.0
124004,0,40.0,1.0,32.7,10.0,7.0,3.1,112.0,0.3,265.0,31.0
124007,0,61.0,1.0,30.7,27.0,20.0,4.1,56.0,0.3,176.0,39.0
124008,0,39.0,2.0,30.6,12.0,16.0,3.7,55.0,0.3,256.0,48.0
124009,0,37.0,1.0,33.5,27.0,24.0,3.9,82.0,0.3,307.0,40.0
124010,0,33.0,1.0,26.2,48.0,30.0,4.5,54.0,0.6,217.0,58.0
124011,0,59.0,1.0,31.1,18.0,23.0,4.3,71.0,0.6,192.0,66.0
124012,0,36.0,2.0,30.2,9.0,10.0,4.5,63.0,0.2,327.0,43.0
124014,0,53.0,2.0,22.6,15.0,20.0,4.4,92.0,0.5,111.0,95.0
124015,0,54.0,1.0,24.6,18.0,21.0,4.3,75.0,0.9,207.0,50.0
124019,0,34.0,1.0,28.3,20.0,21.0,4.3,50.0,1.3,243.0,50.0
124020,0,18.0,1.0,23.8,64.0,52.0,4.8,76.0,0.3,253.0,41.0
124024,0,45.0,2.0,33.2,7.0,11.0,4.2,107.0,0.3,173.0,54.0
124025,0,59.0,2.0,34.0,17.0,17.0,3.9,59.0,0.3,405.0,47.0
124026,0,24.0,2.0,26.8,16.0,12.0,3.9,85.0,0.5,340.0,55.0
124028,0,62.0,1.0,24.1,15.0,14.0,3.9,88.0,0.5,186.0,42.0
124029,0,19.0,2.0,18.2,17.291287191782867,20.614039738892167,4.237829698873712,67.42046815866917,0.30099962675720693,439.2214151701596,47.94969041735524
124030,0,35.0,1.0,35.3,16.0,12.0,3.9,78.0,0.3,247.0,29.0
124034,0,47.0,1.0,34.4,27.0,23.0,4.3,74.0,0.3,267.0,34.0
124039,0,40.0,1.0,24.1,56.0,34.0,4.3,95.0,0.5,171.0,38.0
124041,0,37.0,2.0,24.6,10.0,14.0,4.2,49.0,0.2,327.0,53.0
124043,0,64.0,2.0,24.7,23.0,21.0,4.0,131.0,0.3,309.0,53.0
124045,0,72.0,1.0,34.4,22.0,18.0,4.1,80.0,0.3,190.0,35.0
124047,0,47.0,2.0,20.2,12.0,17.0,4.1,52.0,0.1,246.0,77.0
124048,0,48.0,2.0,31.2,14.0,15.0,3.7,74.0,0.3,340.0,51.0
124051,0,23.0,2.0,42.4,16.0,15.0,4.0,98.0,0.4,322.0,55.0
124052,0,37.0,2.0,26.0,11.0,14.0,4.2,55.0,0.3,157.0,52.0
124053,0,45.0,1.0,26.5,49.0,21.0,4.1,84.0,1.2,288.0,39.0
124056,0,45.0,1.0,24.5,48.0,49.0,4.2,57.0,1.2,242.0,37.0
124057,1,39.0,2.0,39.6,24.0,25.0,3.6,66.0,0.2,378.0,62.0
124059,0,18.0,1.0,27.2,19.0,16.0,4.7,134.0,0.3,243.0,35.0
124060,0,33.0,2.0,22.2,10.0,13.0,3.7,71.0,0.4,226.0,43.0
124061,0,55.0,2.0,28.1,13.0,16.0,4.4,53.0,0.3,177.0,52.0
124062,0,59.0,2.0,30.7,14.0,21.0,4.0,57.0,0.4,250.0,58.0
124063,0,49.0,1.0,26.6,14.0,16.0,3.6,105.0,0.3,337.0,48.0
124066,0,36.0,1.0,30.8,24.0,16.0,4.3,54.0,0.5,254.0,50.0
124068,0,39.0,2.0,23.9,17.0,21.0,4.3,31.0,0.5,294.0,68.0
124069,0,23.0,2.0,30.7,87.0,29.0,3.8,73.0,0.2,252.0,43.0
124071,0,50.0,2.0,27.1,20.0,16.0,4.1,54.0,0.5,214.0,57.0
124072,0,75.0,1.0,30.3,20.0,21.0,4.0,60.0,0.6,234.0,40.0
124073,0,30.0,1.0,44.2,53.0,29.0,4.1,60.0,0.3,259.0,48.0
124074,0,18.0,2.0,16.7,11.0,15.0,4.6,88.0,0.9,345.0,64.0
124076,0,29.0,1.0,24.3,4.883181916823416,1.1336142617374145,4.098881551059945,57.61410927723467,0.027257204449901873,252.81965898679644,26.58777628186253
124078,1,57.0,1.0,36.8,37.0,25.0,3.7,91.0,0.4,187.0,43.0
124085,0,60.0,1.0,26.8,18.0,17.0,4.1,73.0,0.4,143.0,61.0
124086,0,23.0,1.0,46.0,27.0,19.0,4.2,75.0,0.5,237.0,31.0
124087,0,41.0,1.0,34.0,31.0,16.0,4.2,121.0,0.4,229.0,27.0
124088,0,29.0,1.0,30.4,30.0,18.0,4.9,78.0,0.6,406.0,40.0
124089,0,30.0,2.0,19.1,17.0,18.0,4.5,80.0,0.3,346.0,59.0
124090,1,65.0,2.0,52.9,15.0,15.0,3.6,108.0,0.3,387.0,58.0
124091,0,61.0,1.0,34.4,12.0,15.0,4.2,64.0,0.7,195.0,55.0
124092,0,38.0,2.0,32.5,17.0,14.0,4.2,79.0,0.3,290.0,47.0
124094,0,40.0,2.0,25.0,15.0,16.0,4.2,49.0,0.7,225.0,82.0
124095,1,80.0,1.0,17.5,-27.592554196834456,-7.435779011954859,4.013171239038999,111.87249932765927,0.3411623067782817,305.0,42.112124139445285
124096,1,53.0,1.0,30.6,41.0,57.0,3.3,121.0,0.8,81.0,61.0
124097,0,20.0,1.0,29.9,28.0,28.0,4.0,70.0,0.5,324.0,49.0
124100,0,61.0,2.0,28.7,34.0,24.0,3.9,59.0,0.4,250.0,39.0
124101,0,58.0,2.0,34.5,87.0,40.0,3.7,135.0,0.2,269.0,64.0
124102,1,65.0,1.0,20.2,10.0,13.0,3.6,86.0,0.4,201.0,46.0
124104,0,55.0,1.0,32.9,21.0,16.0,4.1,93.0,0.4,166.0,41.0
124106,0,40.0,2.0,25.9,10.0,15.0,4.0,30.0,0.2,114.0,64.0
124107,0,28.0,2.0,31.5,20.0,22.0,3.6,66.0,0.1,256.0,62.0
124108,0,56.0,1.0,28.6,21.0,18.0,4.3,94.0,0.3,190.0,52.0
124110,0,24.0,2.0,19.5,7.0,14.0,4.2,64.0,2.2,170.0,95.0
124111,0,26.0,1.0,18.4,10.0,17.0,4.7,59.0,1.8,214.0,38.0
124113,0,44.0,2.0,33.4,13.0,18.0,4.6,63.0,0.2,157.0,66.0
124115,1,60.0,1.0,30.4,17.0,28.0,4.3,60.0,0.7,239.0,50.0
124118,0,29.0,2.0,20.7,5.0,18.0,4.2,55.0,0.3,207.0,72.0
124119,0,71.0,1.0,18.1,11.0,23.0,3.6,93.0,0.5,271.0,70.0
124120,0,73.0,1.0,22.5,46.9616237388975,43.474463498946065,3.7629940035277576,65.4861575329088,-0.032751076383915945,259.756066510938,50.14749590549516
124121,0,39.0,2.0,35.6,14.0,12.0,4.0,59.0,0.2,307.0,50.0
124122,0,57.0,2.0,33.7,23.0,16.0,3.8,73.0,0.7,245.0,53.0
124124,0,50.0,1.0,33.0,38.0,22.0,4.4,85.0,0.6,279.0,32.0
124125,0,19.0,1.0,26.1,18.0,24.0,4.5,62.0,0.7,274.0,67.0
124126,0,36.0,2.0,18.8,14.0,18.0,3.9,55.0,0.1,443.0,57.0
124127,0,40.0,2.0,21.5,13.0,17.0,4.3,52.0,0.9,267.0,70.0
124128,0,42.0,1.0,26.5,18.0,8.0,4.0,106.0,0.6,322.0,48.0
124129,0,28.0,2.0,30.0,14.0,15.0,4.0,59.0,0.4,227.0,44.0
124132,0,80.0,2.0,24.6,9.0,17.0,3.8,79.0,0.4,170.0,40.0
124135,0,31.0,1.0,27.8,22.0,33.0,4.6,71.0,0.4,195.0,43.0
124136,0,18.0,1.0,30.3,36.0,22.0,4.6,60.0,0.2,232.0,46.0
124138,0,36.0,1.0,29.5,36.0,30.0,4.0,79.0,0.5,328.0,36.0
124142,0,53.0,2.0,29.1,15.0,15.0,4.3,80.0,0.2,179.0,48.0
124144,1,52.0,2.0,36.9,19.0,19.0,3.9,105.0,0.6,221.0,58.0
124148,0,60.0,2.0,35.9,53.0,36.0,4.1,74.0,0.3,239.0,45.0
124149,0,21.0,1.0,43.6,16.0,16.0,4.3,77.0,0.3,221.0,47.0
124151,0,35.0,1.0,32.9,18.11824462132975,22.572652293109776,4.388195871802092,92.14369168510613,0.002850422421009302,258.57123933518113,37.535074423633446
124153,0,23.0,2.0,24.9,9.0,15.0,4.2,58.0,0.5,205.0,59.0
124156,0,60.0,1.0,33.2,28.0,29.0,3.6,57.0,0.4,213.0,33.0
124157,0,44.0,1.0,36.1,22.0,23.0,4.0,66.0,0.5,248.0,59.0
124158,0,54.0,1.0,34.6,36.0,31.0,3.8,62.0,0.6,366.0,33.0
124159,0,62.0,2.0,30.2,12.0,20.0,3.9,65.0,0.2,292.0,89.0
124160,0,76.0,2.0,20.7,9.0,13.0,4.1,37.0,0.3,161.0,68.0
124161,0,65.0,2.0,35.4,16.0,15.0,3.6,88.0,0.2,289.0,72.0
124163,0,50.0,2.0,22.8,14.0,14.0,4.0,92.0,0.4,296.0,48.0
124167,0,80.0,2.0,30.8,10.0,13.0,4.1,71.0,0.3,172.0,72.0
124168,0,21.0,2.0,24.5,12.0,18.0,3.6,60.0,0.2,331.0,64.0
124169,0,80.0,1.0,22.5,19.0,29.0,4.0,61.0,0.4,122.0,90.0
124170,0,69.0,2.0,29.3,25.0,20.0,3.8,84.0,0.3,296.0,66.0
124172,0,29.0,2.0,22.6,8.0,20.0,4.4,50.0,0.2,343.0,89.0
124174,0,30.0,2.0,30.1,46.0,23.0,4.7,98.0,0.5,479.0,54.0
124175,0,66.0,1.0,24.1,24.0,18.0,3.8,69.0,0.4,242.0,59.0
124176,0,32.0,2.0,28.7,8.851962590671132,12.977226592152615,3.6010534953981526,42.38221968496823,-0.09932439365538642,363.5168111565094,14.237190308252238
124177,0,35.0,2.0,20.0,14.0,18.0,4.0,55.0,0.2,248.0,38.0
124178,0,54.0,1.0,35.4,6.0,14.0,4.0,61.0,0.4,239.0,35.0
124179,0,60.0,2.0,26.5,22.0,20.0,4.3,102.0,0.2,162.0,66.0
124180,0,19.0,1.0,21.4,17.0,21.0,4.6,92.0,0.5,215.0,41.0
124182,0,42.0,1.0,30.5,15.0,16.0,3.8,56.0,0.2,207.0,60.0
124183,0,33.0,2.0,32.4,31.0,23.0,4.3,49.0,0.8,235.0,39.0
124186,0,80.0,1.0,21.2,16.0,23.0,3.9,40.0,0.5,186.0,72.0
124188,0,66.0,1.0,24.2,19.76898876201654,18.36284915977486,3.4995925441152473,90.59908142643926,0.7640575862692023,279.0,25.232905754405042
124189,0,44.0,1.0,29.7,28.0,17.0,4.1,55.0,0.5,130.0,36.0
124190,0,47.0,1.0,26.7,2.7273965829502083,12.765972183442088,4.357233934174748,89.51931738813181,0.7675268641970918,259.0,32.19482697972903
124191,0,57.0,1.0,25.4,23.0,24.0,4.2,74.0,0.5,246.0,67.0
124194,0,38.0,1.0,28.5,22.0,17.0,4.3,102.0,0.3,416.0,40.0
124196,0,75.0,2.0,20.5,43.0,42.0,4.1,93.0,1.0,193.0,74.0
124197,0,69.0,1.0,21.9,7.0,12.0,4.3,49.0,0.4,284.0,74.0
124199,0,80.0,1.0,28.4,12.0,20.0,4.5,77.0,0.7,205.0,45.0
124205,0,60.0,2.0,32.3,5.0,17.0,3.9,100.0,0.5,285.0,40.0
124207,0,66.0,2.0,36.3,10.0,13.0,3.5,94.0,0.4,173.0,47.0
124208,0,79.0,2.0,30.7,11.0,19.0,4.1,103.0,0.4,309.0,58.0
124210,0,18.0,1.0,20.6,22.0,36.0,4.0,123.0,1.9,204.0,54.0
124211,0,29.0,1.0,24.9,14.0,21.0,4.8,57.0,0.3,189.0,64.0
124212,0,39.0,1.0,25.4,25.0,25.0,3.9,93.0,0.3,328.0,41.0
124215,0,52.0,1.0,30.4,23.0,16.0,4.2,31.0,0.4,239.0,35.0
124218,0,54.0,2.0,39.8,13.0,14.0,3.6,75.0,0.1,296.0,42.0
124221,0,62.0,1.0,32.9,24.0,20.0,4.1,101.0,0.8,219.0,34.0
124223,0,66.0,1.0,27.0,17.0,19.0,3.8,89.0,0.4,360.0,39.0
124224,1,50.0,1.0,42.4,58.0,35.0,3.7,136.0,1.2,104.0,56.0
124225,0,32.0,1.0,24.7,17.0,19.0,4.5,51.0,0.4,213.0,49.0
124226,0,55.0,1.0,31.6,26.0,29.0,4.3,66.0,0.2,176.0,43.0
124231,0,23.0,2.0,30.3,13.0,14.0,4.1,69.0,0.3,310.0,51.0
124235,0,45.0,1.0,36.6,34.0,19.0,4.0,99.0,0.5,217.0,28.0
124236,0,58.0,2.0,27.9,20.0,22.0,4.0,108.0,0.3,250.0,73.0
124237,0,43.0,1.0,26.7,24.0,23.0,4.3,61.0,0.4,212.0,48.0
124238,0,50.0,1.0,29.7,101.0,57.0,5.1,76.0,0.5,278.0,40.0
124239,0,19.0,2.0,20.4,14.0,30.0,4.4,73.0,0.5,292.0,55.0
124240,0,75.0,1.0,25.2,22.0,26.0,4.5,64.0,0.6,118.0,70.0
124241,0,57.0,2.0,35.5,17.75392662470989,17.462349328289914,3.9219816780777825,63.66318331480482,0.24906694533570878,359.72691085253155,29.198445272090932
124242,0,31.0,2.0,28.6,23.60592109908692,24.958221202315887,4.0072533675547435,84.79743198255056,0.51931212765959,180.04205457580957,50.38809783258765
124245,0,79.0,2.0,22.1,7.0,14.0,3.9,80.0,0.2,260.0,85.0
124246,0,61.0,2.0,26.4,21.0,24.0,4.0,28.0,0.6,217.0,58.0
124248,0,49.0,2.0,24.1,12.0,16.0,4.3,31.0,0.3,224.0,71.0
124249,0,32.0,2.0,26.8,13.0,17.0,3.8,70.0,0.7,247.0,49.0
124253,0,60.0,2.0,34.7,21.663351298656917,16.823400283759856,3.7827817753520123,110.57785531258962,0.6736120431959466,169.13413283622765,47.55568685580407
124256,0,60.0,2.0,37.9,20.0,19.0,3.7,79.0,0.6,184.0,76.0
124257,0,59.0,2.0,47.6,25.0,24.0,4.1,68.0,0.6,188.0,38.0
124260,0,27.0,2.0,25.1,15.286360007724365,22.218774387429676,4.304914128663697,100.18245820391097,0.34275205184372354,215.0,70.53324365837449
124262,0,56.0,2.0,26.0,12.0,17.0,4.1,93.0,0.2,211.0,75.0
124264,0,26.0,1.0,21.2,36.31744260214756,36.882748359237254,4.468432163010122,116.256070329511,0.4431015333648608,234.68149663974344,54.259134935569804
124265,0,35.0,2.0,33.3,28.0,24.0,4.1,65.0,0.2,316.0,68.0
124266,0,54.0,1.0,35.6,17.0,20.0,3.6,64.0,0.4,258.0,29.0
124267,0,24.0,2.0,29.6,13.0,17.0,4.1,35.0,0.2,236.0,72.0
124271,0,63.0,2.0,22.4,13.0,18.0,4.0,93.0,0.4,265.0,95.0
124272,0,43.0,2.0,35.8,17.0,18.0,3.9,64.0,0.3,224.0,80.0
124273,0,25.0,2.0,28.6,25.0,19.0,4.4,57.0,0.3,373.0,41.0
124276,1,18.0,2.0,72.6,53.0,31.0,3.7,65.0,0.4,292.0,39.0
124277,0,28.0,1.0,29.9,68.19093625242714,56.94667761105897,4.528968221958993,94.39430711160608,0.22392851489406645,173.5776490652602,29.035610078348387
124279,0,49.0,2.0,27.6,41.0,34.0,4.2,51.0,0.3,206.0,64.0
124280,1,59.0,1.0,40.7,-12.470469047729171,-4.065607533151802,3.5109866840751804,63.96859638206394,0.5436465973157568,206.0,39.50417252762609
124281,0,30.0,1.0,23.1,16.0,24.0,4.2,88.0,0.5,280.0,66.0
124282,0,80.0,2.0,31.0,23.0,24.0,3.8,89.0,0.5,232.0,65.0
124283,1,51.0,1.0,22.4,10.0,14.0,3.8,77.0,0.4,216.0,51.0
124284,0,55.0,2.0,38.5,19.0,16.0,4.0,107.0,0.2,326.0,38.0
124287,0,56.0,1.0,32.0,25.0,35.0,4.3,67.0,0.5,172.0,71.0
124288,0,59.0,2.0,24.2,32.38479522692135,32.44504713726712,3.730695692918679,50.655150468906555,0.09508689495675066,331.036870279355,76.3504222824446
124290,0,59.0,1.0,25.8,22.0,16.0,4.0,63.0,0.4,221.0,42.0
124294,0,64.0,1.0,24.8,17.0,18.0,4.4,84.0,1.1,353.0,50.0
124295,0,33.0,2.0,24.0,14.0,19.0,4.1,70.0,0.1,238.0,58.0
124296,0,46.0,1.0,36.8,28.0,41.0,3.7,59.0,0.5,193.0,52.0
124297,0,23.0,2.0,27.6,11.0,15.0,4.0,108.0,0.6,283.0,45.0
124298,0,36.0,1.0,28.9,22.0,18.0,4.6,78.0,0.4,229.0,64.0
124303,1,68.0,2.0,33.6,19.0,15.0,3.7,133.0,1.8,236.0,60.0
124308,0,33.0,1.0,31.2,47.0,25.0,4.6,70.0,0.7,326.0,41.0
124312,0,47.0,1.0,34.3,21.0,27.0,4.2,72.0,0.6,196.0,50.0
124313,0,18.0,1.0,23.2,8.0,16.0,4.2,87.0,0.4,231.0,43.0
124314,0,18.0,1.0,24.6,11.0,16.0,4.3,71.0,0.2,279.0,27.0
124315,0,53.0,1.0,18.1,14.230310627993665,16.15438532544935,4.175043427666838,123.30884416929152,0.27693409320241924,277.0257091647633,65.36162985700341
124317,0,80.0,1.0,22.5,10.0,16.0,4.2,73.0,0.5,172.0,48.0
124319,1,39.0,1.0,47.9,-3.6802231550708235,4.732927826200315,3.6000904991441174,49.280579513255574,0.11352432180781441,363.3532369669095,35.78650433125452
124320,0,36.0,1.0,25.5,23.0,19.0,4.7,69.0,0.4,254.0,59.0
124322,0,46.0,1.0,34.0,12.0,17.0,3.8,75.0,0.2,250.0,41.0
124323,0,54.0,2.0,25.0,19.0,19.0,4.2,88.0,0.4,404.0,64.0
124328,0,42.0,1.0,31.8,25.0,25.0,3.4,66.0,0.2,175.0,42.0
124330,0,57.0,2.0,34.7,11.0,15.0,4.0,152.0,0.7,254.0,121.0
124331,1,62.0,1.0,34.9,22.0,17.0,4.2,75.0,0.4,197.0,30.0
124334,0,48.0,1.0,27.0,33.0,26.0,4.6,85.0,0.8,217.0,54.0
124335,0,64.0,2.0,19.3,13.0,19.0,4.2,69.0,0.3,216.0,90.0
124336,1,32.0,1.0,36.5,56.0,35.0,3.9,112.0,0.4,275.0,42.0
124338,0,32.0,2.0,27.9,14.0,16.0,3.9,61.0,0.4,323.0,50.0
124340,0,74.0,2.0,31.9,6.0,15.0,3.7,79.0,0.2,230.0,56.0
124342,0,56.0,2.0,24.3,26.0,22.0,3.6,83.0,1.2,263.0,75.0
124344,1,53.0,2.0,57.3,19.0,16.0,3.8,75.0,0.5,169.0,61.0
124345,0,26.0,2.0,36.0,12.0,11.0,3.8,71.0,0.3,363.0,36.0
124346,0,60.0,2.0,22.4,10.0,14.0,4.2,75.0,0.6,248.0,57.0
124347,0,26.0,1.0,37.0,23.0,18.0,4.6,76.0,0.7,247.0,41.0
124351,0,80.0,1.0,14.54354853293798,11.0,19.0,4.3,100.0,0.7,189.0,54.0
124354,0,20.0,2.0,34.5,37.6282822358499,20.340485271669984,3.85990364629064,72.38762078066712,0.2915439887465926,226.5536049036628,54.62609972492954
124355,0,29.0,1.0,27.8,54.0,34.0,4.6,115.0,0.4,207.0,31.0
124356,0,58.0,1.0,30.2,43.0,26.0,4.1,59.0,0.7,218.0,46.0
124360,0,59.0,2.0,35.3,8.0,11.0,3.8,102.0,0.3,274.0,39.0
124365,0,36.0,1.0,38.2,75.0,72.0,3.7,97.0,0.3,310.0,32.0
124368,0,19.0,1.0,26.5,16.0,14.0,4.4,89.0,0.5,230.0,42.0
124370,0,54.0,1.0,26.2,19.0,14.0,4.0,63.0,0.5,336.0,71.0
124372,0,80.0,1.0,23.2,10.0,13.0,4.3,81.0,0.7,116.0,42.0
124373,0,27.0,2.0,38.4,14.0,17.0,3.5,76.0,0.3,294.0,28.0
124374,0,60.0,1.0,27.2,100.0,78.0,4.2,70.0,0.7,224.0,79.0
124375,0,49.0,1.0,32.1,19.0,15.0,4.5,59.0,0.3,248.0,44.0
124376,0,18.0,2.0,27.2,10.0,17.0,4.3,52.0,0.5,222.0,57.0
124377,0,49.0,2.0,37.3,37.0,26.0,3.9,137.0,0.5,336.0,34.0
124379,0,20.0,1.0,25.3,16.0,18.0,4.5,64.0,0.7,214.0,35.0
124380,0,23.0,2.0,26.9,8.0,12.0,4.3,63.0,0.4,321.0,44.0
124381,0,46.0,2.0,31.8,20.0,18.0,3.7,65.0,0.1,249.0,69.0
124382,0,34.0,1.0,20.0,13.0,15.0,4.6,58.0,0.3,187.0,61.0
124383,1,33.0,1.0,36.4,48.0,25.0,4.0,60.0,0.9,289.0,44.0
124387,0,33.0,2.0,47.1,36.0,28.0,3.9,107.0,0.2,253.0,47.0
124388,0,40.0,2.0,22.5,10.0,11.0,4.1,53.0,0.4,172.0,53.0
124390,0,46.0,1.0,24.0,25.0,27.0,3.5,50.0,0.7,244.0,80.0
124391,0,69.0,2.0,24.5,103.0,56.0,3.9,146.0,0.1,280.0,57.0
124394,0,50.0,2.0,31.4,14.0,21.0,4.2,47.0,0.3,193.0,44.0
124396,0,68.0,1.0,24.9,16.0,17.0,3.7,46.0,0.3,120.0,45.0
124397,0,44.0,1.0,23.9,22.614569081251787,31.635782604538896,4.075683798066366,92.58853941966457,0.5915399109165843,208.0,29.664071367543634
124398,0,33.0,1.0,27.0,26.0,24.0,4.0,92.0,0.5,224.0,63.0
124401,0,54.0,2.0,21.9,14.0,18.0,4.0,82.0,0.3,216.0,56.0
124403,0,66.0,2.0,40.5,25.75085825815875,19.29911614738558,4.061663938891141,96.70898053878058,0.21560725516160048,326.0,54.487685245966205
124406,0,36.0,2.0,25.2,10.0,16.0,3.6,68.0,0.2,320.0,39.0
124408,0,42.0,2.0,44.5,-5.606073320492936,7.380469579502864,3.547025776313683,117.82012537999012,0.11678642038729249,404.37200811753644,58.33869974663757
124409,0,80.0,1.0,26.8,13.0,16.0,3.8,196.0,0.3,180.0,67.0
124411,0,59.0,2.0,32.1,11.0,16.0,4.2,75.0,0.2,294.0,50.0
124412,0,52.0,1.0,41.5,14.0,14.0,4.0,42.0,0.4,233.0,45.0
124413,0,36.0,1.0,28.7,18.0,23.814181033763365,3.4,55.0,0.5,355.0,44.0
124414,0,60.0,1.0,33.2,8.0,14.0,3.8,79.0,0.5,337.0,59.0
124417,0,25.0,2.0,26.2,11.0,15.0,4.2,46.0,0.4,208.0,40.0
124418,0,80.0,1.0,27.9,16.0,21.0,4.0,75.0,0.6,254.0,48.0
124419,0,55.0,1.0,54.6,17.0,36.0,4.0,100.0,0.8,105.0,42.0
124421,0,47.0,2.0,27.6,25.0,15.0,3.6,75.0,0.2,351.0,71.0
124422,1,52.0,2.0,29.4,34.0,27.0,3.6,135.0,0.3,185.0,61.0
124423,0,52.0,1.0,28.9,25.0,19.0,4.4,66.0,0.4,276.0,42.0
124426,0,80.0,2.0,45.0,13.0,19.0,4.2,83.0,0.6,238.0,55.0
124428,0,26.0,1.0,28.7,18.0,23.0,4.6,63.0,0.7,285.0,78.0
124429,0,62.0,2.0,22.7,27.0,25.0,4.5,78.0,0.5,322.0,80.0
124433,0,41.0,1.0,32.5,12.0,10.0,3.7,74.0,0.3,339.0,64.0
124434,0,23.0,1.0,20.8,13.0,15.0,4.7,63.0,0.7,179.0,54.0
124435,0,80.0,2.0,24.9,4.503969262560785,23.26398862683569,4.012316197197945,110.35370182286522,0.5816409142480652,294.4671128240085,72.69066321258623
124437,1,60.0,2.0,33.8,26.0,27.0,4.1,98.0,0.2,238.0,43.0
124443,0,28.0,1.0,37.9,53.0,27.0,4.2,91.0,0.4,246.0,41.0
124448,0,80.0,2.0,39.6,13.0,21.0,4.1,101.0,0.3,145.0,44.0
124450,0,34.0,2.0,23.6,15.0,21.0,4.1,36.0,0.5,219.0,94.0
124452,0,41.0,1.0,29.1,73.0,61.0,4.0,83.0,0.4,244.0,71.0
124453,0,57.0,2.0,25.3,12.0,15.0,4.5,118.0,0.2,300.0,73.0
124458,0,35.0,1.0,25.1,8.0,16.0,4.0,88.0,0.4,271.0,50.0
124460,0,25.0,2.0,22.8,14.0,17.0,4.5,72.0,0.6,222.0,48.0
124462,0,41.0,2.0,27.9,13.0,14.0,4.1,62.0,0.4,293.0,43.0
124463,0,18.0,1.0,18.8,15.0,23.0,4.6,94.0,0.7,220.0,60.0
124464,0,51.0,1.0,32.9,10.0,15.0,3.9,139.0,0.2,219.0,39.0
124466,0,30.0,1.0,24.1,32.0,30.0,4.0,96.0,0.4,239.0,46.0
124467,0,50.0,2.0,35.1,30.0,25.0,4.2,50.0,0.4,256.0,37.0
124468,0,23.0,2.0,30.3,15.0,15.0,4.4,86.0,0.1,287.0,45.0
124471,0,60.0,2.0,36.0,10.0,16.0,3.9,77.0,0.5,287.0,59.0
124472,0,58.0,2.0,21.0,18.0,25.0,3.9,58.0,0.2,156.0,55.0
124477,0,59.0,1.0,18.5,17.0,21.0,4.6,95.0,0.4,300.0,50.0
124482,0,61.0,1.0,31.7,13.0,14.0,3.8,55.0,0.8,250.0,49.0
124484,0,56.0,2.0,27.8,38.0,31.0,4.7,82.0,0.3,245.0,64.0
124486,1,36.0,2.0,33.8,15.0,16.0,4.1,67.0,0.3,305.0,46.0
124488,0,58.0,1.0,25.6,12.0,11.0,3.8,55.0,0.2,205.0,62.0
124490,0,35.0,1.0,41.8,26.0,21.0,4.3,62.0,0.5,258.0,35.0
124492,0,67.0,1.0,28.1,16.0,18.0,4.5,118.0,0.5,172.0,41.0
124498,0,27.0,2.0,32.7,12.0,19.0,3.6,89.0,0.1,352.0,62.0
124500,1,31.0,1.0,30.0,22.0,21.0,4.5,123.0,0.1,252.0,28.0
124501,0,63.0,1.0,31.1,32.0,20.0,4.2,84.0,0.2,248.0,43.0
124502,0,47.0,2.0,51.7,11.0,12.0,3.2,119.0,0.1,279.0,51.0
124503,0,68.0,2.0,38.6,12.215703513441783,22.256764693459353,4.526089943894023,75.86222869816805,0.5364477313264566,219.0,64.3869486727682
124504,0,66.0,2.0,30.3,14.0,17.0,3.9,97.0,0.3,284.0,61.0
124505,0,47.0,2.0,20.785551098197228,15.0,21.0,4.3,66.0,1.1,292.0,112.0
124507,0,45.0,2.0,36.5,13.0,14.0,3.9,112.0,0.3,277.0,41.0
124508,1,59.0,1.0,29.0,35.0,30.0,3.7,239.0,0.7,110.0,45.0
124509,0,53.0,2.0,36.3,15.0,10.0,3.7,56.0,0.3,160.0,50.0
124513,0,18.0,1.0,20.1,19.0,20.0,4.6,52.0,0.5,201.0,49.0
124514,0,36.0,2.0,29.8,12.0,13.0,4.1,70.0,0.4,262.0,46.0
124516,0,56.0,2.0,31.8,27.0,19.0,3.6,105.0,0.2,285.0,47.0
124517,1,39.0,2.0,31.7,21.0,40.0,3.5,76.0,0.4,268.0,44.0
124519,0,72.0,2.0,25.2,17.0,18.0,3.9,95.0,0.1,235.0,77.0
124520,0,77.0,1.0,28.2,15.0,13.0,4.0,44.0,0.6,252.0,36.0
124524,0,31.0,2.0,15.7,7.0,16.0,4.3,45.0,0.5,186.0,57.0
124525,0,61.0,2.0,26.4,18.0,17.0,4.1,105.0,0.5,195.0,67.0
124526,0,56.0,2.0,26.8,8.0,17.0,4.0,55.0,0.2,57.0,82.0
124528,0,80.0,1.0,34.7,21.0,28.0,4.1,58.0,0.7,267.0,53.0
124529,0,30.0,1.0,29.7,10.0,15.0,4.4,82.0,0.3,192.0,35.0
124531,0,57.0,1.0,33.7,18.0,25.0,4.0,120.0,0.5,208.0,58.0
124533,0,25.0,2.0,16.1,8.0,12.0,4.0,71.0,0.3,218.0,91.0
124535,0,47.0,2.0,31.1,24.0,21.0,3.8,60.0,0.5,303.0,60.0
124539,0,69.0,1.0,24.1,22.0,21.0,4.2,66.0,0.6,242.0,59.0
124542,0,74.0,2.0,24.9,16.554591122469823,20.302780516458878,3.65128878345413,100.7185583723405,0.3355682383355225,224.80510021088742,64.8463399391128
124544,0,79.0,2.0,29.3,9.0,13.0,3.9,71.0,0.1,336.0,61.0
124547,1,75.0,1.0,30.7,28.0,22.0,4.1,67.0,0.3,134.0,48.0
124549,1,24.0,1.0,51.3,50.80932177940193,31.732573647274478,3.6791186889896776,101.95521818940738,-0.001203880222879261,345.41517243815844,-4.407518448797312
124553,1,76.0,1.0,28.0,25.0,24.0,3.2,71.0,0.6,345.0,66.0
124554,0,22.0,1.0,20.5,16.0,17.0,4.7,77.0,0.7,240.0,46.0
124556,0,54.0,1.0,27.7,22.0,29.0,3.8,43.0,0.5,282.0,41.0
124557,0,60.0,1.0,19.2,19.0,17.0,3.6,58.0,0.4,177.0,70.0
124558,0,21.0,2.0,39.1,7.0,12.0,3.5,82.0,0.1,471.0,46.0
124559,0,74.0,1.0,29.6,21.0,21.0,4.2,112.0,0.7,189.0,58.0
124561,0,29.0,2.0,31.7,14.0,17.0,3.9,93.0,0.2,296.0,56.0
124563,0,55.0,1.0,40.9,20.0,16.0,4.6,86.0,0.4,216.0,53.0
124565,0,22.0,1.0,21.1,13.0,17.0,4.3,103.0,0.2,313.0,41.0
124566,0,80.0,1.0,24.0,24.0,25.0,4.1,83.0,0.9,235.0,40.0
124567,0,42.0,1.0,19.8,22.0,16.0,4.2,68.0,0.8,280.0,43.0
124568,0,58.0,2.0,46.1,20.0,29.0,4.1,88.0,0.3,329.0,48.0
124569,0,24.0,2.0,23.5,12.0,22.0,4.2,38.0,0.5,224.0,49.0
124574,0,37.0,2.0,32.6,20.0,19.0,4.2,77.0,0.4,245.0,52.0
124577,0,46.0,2.0,20.4,10.0,15.0,4.1,49.0,0.1,348.0,44.0
124578,0,66.0,1.0,31.0,11.0,10.0,4.2,52.0,0.4,246.0,55.0
124579,0,21.0,2.0,19.8,12.0,22.0,4.4,52.0,0.2,353.0,68.0
124580,1,80.0,2.0,23.0,10.0,16.0,3.7,251.0,0.2,177.0,74.0
124581,0,38.0,1.0,29.1,21.0,15.0,4.0,95.0,0.6,282.0,31.0
124582,0,26.0,1.0,23.5,20.0,21.0,4.2,76.0,0.5,186.0,46.0
124588,1,65.0,2.0,48.2,14.0,14.0,3.9,83.0,0.3,295.0,52.0
124589,0,52.0,2.0,28.4,13.0,16.0,4.3,76.0,0.3,286.0,73.0
124590,0,46.0,2.0,29.4,15.0,15.0,3.9,72.0,0.2,314.0,60.0
124592,1,68.0,1.0,27.4,78.0,99.0,3.1,81.0,1.3,107.0,71.0
124593,0,62.0,1.0,24.1,23.0,26.0,4.1,51.0,0.8,216.0,69.0
124594,0,18.0,2.0,21.8,14.0,15.0,3.9,30.0,0.3,234.0,84.0
124596,0,52.0,1.0,35.1,24.0,18.0,4.3,91.0,0.2,280.0,42.0
124597,0,37.0,2.0,21.8,11.0,15.0,3.9,49.0,0.2,223.0,60.0
124598,0,65.0,2.0,44.6,25.0,30.0,3.7,71.0,0.7,259.0,35.0
124601,0,55.0,2.0,30.7,13.0,15.0,4.0,94.0,0.6,271.0,55.0
124603,0,22.0,2.0,31.2,24.67114335765209,10.34700266243928,4.030259948641002,54.96934381541793,-0.14596480872934903,342.20842326196464,32.615224520698774
124604,0,59.0,2.0,25.6,13.0,14.0,4.0,37.0,0.2,276.0,48.0
124605,0,74.0,2.0,27.7,22.0,24.0,4.2,86.0,0.2,305.0,67.0
124606,0,18.0,1.0,23.5,14.0,14.0,4.0,82.0,0.6,268.0,80.0
124609,0,73.0,2.0,34.2,24.0,34.0,3.7,122.0,0.3,223.0,103.0
124610,0,19.0,1.0,19.5,11.0,13.0,4.2,108.0,0.3,215.0,48.0
124612,1,47.0,1.0,29.8,76.0,76.0,4.2,133.0,0.4,170.0,22.0
124614,0,53.0,2.0,33.0,29.012513392807495,8.767604655188467,3.52583846948091,86.72674166585925,0.39960073579044014,323.87455779314155,47.39515531840078
124615,0,35.0,1.0,28.0,22.0,25.0,4.3,95.0,0.2,229.0,41.0
124616,0,28.0,1.0,35.4,48.0,24.0,4.5,70.0,0.4,232.0,40.0
124617,0,19.0,2.0,25.3,11.0,15.0,4.6,59.0,0.3,201.0,29.0
124618,0,69.0,1.0,19.9,17.0,24.0,3.9,74.0,0.9,215.0,72.0
124619,0,32.0,1.0,25.1,6.0,19.731297324688008,4.1,69.0,0.3,295.0,37.0
124620,0,62.0,1.0,21.0,32.09244615606642,28.160417546451953,4.185034253059731,77.67153143301805,0.5091632816942527,203.07146664115797,62.95125887777193
124621,0,46.0,2.0,23.7,13.0,21.0,4.4,73.0,0.5,270.0,74.0
124624,0,59.0,2.0,20.8,16.0,21.0,4.4,68.0,0.4,246.0,92.0
124626,0,18.0,2.0,22.0,7.0,13.0,4.0,92.0,0.8,340.0,43.0
124632,0,26.0,1.0,26.4,11.0,13.0,3.9,73.0,0.2,300.0,36.0
124636,0,18.0,1.0,27.8,13.0,18.0,4.3,106.0,0.7,345.0,33.0
124637,0,27.0,1.0,27.2,29.0,18.0,4.7,65.0,1.0,250.0,40.0
124638,0,49.0,1.0,27.4,12.0,10.0,3.0,36.0,1.0,332.0,49.0
124642,0,55.0,1.0,27.4,34.0,37.0,4.0,54.0,0.5,169.0,72.0
124643,1,54.0,2.0,24.1,19.0,17.0,4.2,62.0,0.3,234.0,50.0
124647,0,48.0,1.0,26.3,12.0,16.0,3.8,59.0,0.4,227.0,45.0
124653,0,51.0,2.0,41.7,35.0,23.0,3.8,83.0,0.8,291.0,47.0
124654,0,18.0,1.0,24.2,14.0,15.0,4.6,56.0,0.8,257.0,52.0
124656,0,71.0,2.0,24.8,10.0,15.0,4.0,100.0,0.1,335.0,94.0
124657,0,57.0,2.0,24.3,11.0,20.0,4.3,49.0,0.5,172.0,71.0
124660,0,52.0,2.0,41.0,17.0,20.0,4.0,102.0,0.4,203.0,41.0
124661,0,64.0,2.0,31.3,9.108307330064546,23.420026613321475,3.9588003450735734,123.66720478197769,-0.016876417531203503,219.0,76.74131167956287
124662,0,63.0,2.0,34.6,17.0,18.0,4.0,108.0,0.3,213.0,50.0
124663,0,23.0,2.0,22.9,12.0,20.0,4.6,47.0,0.5,376.0,61.0
124665,0,65.0,1.0,33.7,23.0,15.0,4.0,75.0,0.3,223.0,38.0
124667,0,41.0,2.0,20.6,9.0,15.0,4.5,56.0,0.5,287.0,63.0
124668,0,76.0,2.0,23.6,10.0,17.0,3.9,86.0,0.7,258.0,83.0
124670,0,80.0,2.0,23.9,22.0,30.0,4.9,74.0,0.3,270.0,67.0
124671,1,67.0,2.0,40.6,21.0,20.0,4.1,110.0,0.4,243.0,67.0
124676,0,45.0,2.0,25.7,8.0,14.0,3.4,85.0,0.1,361.0,50.0
124683,0,62.0,1.0,21.0,11.0,24.0,4.0,136.0,0.3,221.0,77.0
124684,0,51.0,2.0,28.0,15.0,18.0,4.4,63.0,0.4,195.0,66.0
124685,0,50.0,2.0,35.1,21.0,19.0,3.7,87.0,0.6,401.0,55.0
124686,0,29.0,1.0,30.2,39.0,23.0,4.2,67.0,0.3,185.0,62.0
124688,0,37.0,1.0,29.3,53.0,33.0,4.2,93.0,0.4,327.0,45.0
124689,1,63.0,1.0,26.2,19.0,18.0,4.3,94.0,0.7,245.0,45.0
124691,0,25.0,2.0,38.5,13.0,19.0,3.9,110.0,0.2,266.0,47.0
124698,1,51.0,2.0,28.6,33.0,44.0,4.2,100.0,0.9,121.0,88.0
124701,0,33.0,1.0,24.9,33.0,25.0,4.6,114.0,0.6,220.0,41.0
124702,0,31.0,2.0,30.2,16.0,13.0,4.0,56.0,0.3,301.0,53.0
124704,1,65.0,2.0,43.6,19.0,23.0,3.8,92.0,0.5,187.0,79.0
124705,0,80.0,1.0,25.556717269212463,6.0,18.0,4.1,138.0,0.3,217.0,72.0
124706,0,18.0,1.0,36.8,29.0,21.0,4.5,104.0,0.3,386.0,34.0
124710,0,22.0,2.0,21.7,7.0,15.0,3.9,53.0,0.1,247.0,72.0
124711,1,80.0,1.0,26.9,10.0,13.0,3.8,60.0,0.8,166.0,38.0
124712,0,31.0,2.0,20.6,23.0,22.0,4.1,83.0,0.6,186.0,58.0
124715,0,23.0,2.0,33.1,29.0,21.0,3.5,59.0,0.2,259.0,80.0
124718,0,59.0,2.0,28.0,14.0,15.0,3.3,120.0,0.3,222.0,66.0
124720,0,45.0,1.0,31.9,33.0,22.0,4.0,27.0,0.5,196.0,56.0
124722,0,46.0,1.0,36.5,29.0,24.0,4.2,82.0,0.8,264.0,45.0
124723,0,27.0,1.0,22.4,16.0,22.0,4.4,79.0,0.4,230.0,59.0
124728,0,63.0,1.0,27.9,14.0,18.0,4.1,92.0,0.3,179.0,35.0
124730,0,74.0,1.0,31.1,14.0,20.0,4.2,121.0,0.4,164.0,43.0
124731,0,33.0,2.0,20.6,5.225711801441603,15.234183509209144,5.2,58.89451751309659,0.6,215.0,72.0
124732,0,39.0,1.0,31.5,25.0,25.0,4.0,56.0,0.3,209.0,60.0
124734,1,65.0,2.0,30.7,7.497508972304916,20.843770675117433,3.650635483414908,82.77607747877803,0.6177433126457648,191.0,43.910923695843096
124735,0,63.0,1.0,25.3,14.0,19.0,3.7,57.0,0.4,197.0,49.0
124737,0,66.0,1.0,21.1,10.0,15.0,3.8,150.0,0.4,336.0,39.0
124740,0,18.0,1.0,30.3,27.0,20.0,4.5,95.0,0.5,214.0,41.0
124741,0,58.0,1.0,48.1,22.0,15.0,3.6,66.0,0.4,180.0,50.0
124742,0,56.0,1.0,24.9,12.0,20.0,4.3,77.0,1.1,161.0,47.0
124743,1,54.0,1.0,33.9,12.0,16.0,4.1,59.0,0.7,209.0,39.0
124745,0,24.0,1.0,34.3,23.0,21.0,4.3,81.0,0.4,172.0,49.0
124746,0,30.0,2.0,32.2,15.0,14.0,3.5,65.0,0.2,226.0,72.0
124750,0,75.0,2.0,27.6,17.0,18.0,4.1,90.0,0.2,240.0,43.0
124752,0,35.0,2.0,35.2,19.0,15.0,4.3,108.0,0.3,459.0,41.0
124755,0,78.0,2.0,23.9,15.0,22.0,4.0,98.0,0.4,216.0,56.0
124756,0,80.0,2.0,22.0,12.0,15.0,3.9,80.0,0.3,264.0,62.0
124757,0,43.0,1.0,22.2,36.0,26.0,4.5,87.0,1.0,205.0,97.0
124759,0,33.0,2.0,31.7,14.0,17.0,4.0,84.0,0.3,260.0,68.0
124761,0,50.0,2.0,23.0,14.0,19.0,4.3,65.0,0.4,145.0,100.0
124762,0,47.0,1.0,23.8,9.0,16.0,4.6,65.0,1.1,292.0,58.0
124769,0,28.0,2.0,24.5,12.0,19.0,4.1,40.0,0.2,242.0,54.0
124770,0,51.0,1.0,45.1,34.0,20.0,3.9,65.0,0.3,200.0,35.0
124771,0,25.0,2.0,22.3,6.0,12.0,4.1,55.0,0.3,288.0,61.0
124772,0,56.0,2.0,36.0,15.610893237916791,21.83148900552801,3.5670583486942338,87.46078528661533,0.33655951609327955,207.0,39.0
124775,0,54.0,2.0,25.0,13.0,16.0,4.3,75.0,0.2,220.0,65.0
124777,0,48.0,1.0,29.0,26.0,25.0,4.3,78.0,0.4,220.0,40.0
124778,1,54.0,2.0,27.8,85.0,83.0,4.1,163.0,0.7,137.0,52.0
124779,0,37.0,2.0,28.4,16.0,20.0,4.0,62.0,0.2,312.0,56.0
124781,0,20.0,1.0,29.4,24.0,14.0,4.4,94.0,0.5,304.0,32.0
124785,1,67.0,2.0,31.1,41.0,42.0,3.8,92.0,0.3,234.0,35.0
124786,0,18.0,2.0,20.5,12.0,14.0,3.9,31.0,0.3,241.0,74.0
124787,0,19.0,2.0,16.5,17.242369494211943,10.1441335330183,4.688268386939698,73.49692444261663,0.1765771885296057,167.905569113127,65.02712977327532
124788,1,60.0,1.0,33.6,19.0,17.0,4.4,45.0,0.5,327.0,47.0
124789,0,28.0,1.0,22.1,45.0,41.0,4.2,58.0,0.7,229.0,76.0
124791,0,39.0,1.0,19.8,15.0,20.0,4.3,63.0,0.1,229.0,61.0
124792,0,32.0,1.0,21.8,20.0,24.0,4.3,78.0,0.4,187.0,47.0
124793,0,35.0,1.0,28.7,37.0,23.0,4.7,73.0,0.4,248.0,49.0
124794,0,66.0,1.0,42.8,12.0,15.0,3.7,65.0,0.4,246.0,54.0
124796,0,61.0,2.0,35.6,18.0,15.0,3.7,101.0,0.2,184.0,57.0
124798,0,55.0,1.0,26.0,17.0,20.0,4.5,105.0,0.6,157.0,44.0
124799,0,80.0,2.0,23.9,7.0,13.0,3.9,53.0,0.3,143.0,53.0
124802,0,46.0,2.0,22.0,19.0,22.0,4.2,81.0,0.2,406.0,38.0
124803,0,46.0,2.0,39.96421169379143,18.0,14.0,3.8,118.0,0.5,228.0,51.0
124805,1,66.0,2.0,30.0,42.316550587630275,30.3464663628973,4.297037935033036,40.986902718412075,0.4596605585481659,325.5824949032338,48.53439331811513
124807,0,44.0,1.0,25.9,16.0,16.0,4.1,53.0,0.5,238.0,51.0
124809,0,23.0,2.0,27.1,19.0,19.0,4.2,81.0,0.3,376.0,50.0
124810,0,56.0,2.0,41.7,24.0,21.0,3.8,112.0,0.5,263.0,37.0
124811,1,76.0,1.0,20.9,21.0,28.0,3.6,206.0,0.7,150.0,52.0
124812,0,62.0,2.0,28.7,97.0,75.0,3.7,110.0,0.4,258.0,66.0
124814,0,64.0,1.0,37.5,14.0,16.0,3.7,116.0,0.3,342.0,50.0
124815,0,52.0,1.0,29.5,25.0,23.0,4.0,52.0,0.3,185.0,67.0
124817,0,67.0,2.0,37.9,29.0,19.0,3.7,53.0,0.5,238.0,60.0
124821,0,63.0,1.0,25.5,13.0,17.0,3.6,70.0,0.6,194.0,44.0
