SEQN,true_target,predicted_probability
109266,0,0.2864440705691034
109271,0,0.4172471746856957
109273,0,0.23449014292047346
109274,0,0.6102702487134284
109282,0,0.5303110612377849
109284,0,0.3922175157490879
109290,0,0.3577574149982785
109291,0,0.3388468099370051
109293,0,0.5377777597203593
109297,0,0.04265619518378624
109300,0,0.34725964780550694
109303,0,0.054450297253534896
109307,0,0.286497045093252
109312,0,0.10290507014523262
109313,0,0.4931344418469874
109315,0,0.16330391854487075
109316,0,0.3072861278306678
109317,0,0.09583111355359221
109319,0,0.1153350291127519
109321,0,0.1715993209698826
109322,0,0.2402074536754703
109324,0,0.11266962823334896
109326,0,0.07122777333502577
109327,0,0.43700726813700547
109330,0,0.3468676611687119
109333,0,0.105028113934832
109336,0,0.393328081540988
109337,0,0.4979689671437359
109340,1,0.9191228941527215
109342,0,0.3042903506404984
109348,0,0.06769883373303796
109349,1,0.5223944226308018
109350,0,0.4774429423918146
109351,0,0.34213148312738517
109365,0,0.25959332933498036
109367,0,0.6308546847907731
109369,0,0.3649083043503129
109371,1,0.5348053160445392
109373,0,0.15492379511722196
109377,0,0.41284393370151495
109378,0,0.3649644311154687
109379,0,0.32759591772981633
109382,1,0.7976699149099642
109389,0,0.2884837854584711
109390,0,0.43331576852865233
109391,1,0.5602507988585479
109392,0,0.46088683014995596
109393,0,0.362277980435468
109394,0,0.23333413935427144
109395,0,0.2820046760965897
109396,0,0.08797089730745268
109397,0,0.7508709483160019
109403,0,0.17706328135896707
109404,0,0.11793022819516298
109405,0,0.08433815196360447
109408,1,0.7982695506721114
109411,0,0.11341587057603222
109413,0,0.44330740752673053
109414,0,0.7691951087613255
109415,0,0.8536557908960954
109423,0,0.08166503478519294
109426,0,0.34061788059891623
109429,1,0.9916055692107494
109431,0,0.2714721344470704
109432,0,0.11209936574589191
109435,1,0.9387590090451443
109436,1,0.6006915081677193
109439,0,0.4232801180104506
109441,0,0.04381327310922441
109444,0,0.07615187619879109
109450,0,0.06267824346818796
109454,0,0.7138819580329171
109455,0,0.2971734250124809
109457,0,0.4807233792618523
109458,0,0.06611811280747726
109459,0,0.6111093293210567
109464,0,0.2713198319571426
109466,0,0.6243389472874962
109467,0,0.29763481786248636
109468,0,0.7879321027729952
109472,0,0.7229441010942853
109473,0,0.3837890651162784
109474,0,0.664951931969107
109478,0,0.06842037852528514
109480,0,0.9489268077524988
109481,1,0.41938187855546827
109482,0,0.21220437733957317
109483,0,0.8179533917312176
109486,0,0.6089977567089581
109488,0,0.3061228745497393
109495,1,0.7844707285338238
109496,0,0.749020833078517
109497,0,0.25889992897061
109501,0,0.7057212557101816
109502,0,0.1646102836755081
109503,1,0.7266308536775689
109504,0,0.4967166325554786
109508,0,0.49033304618093787
109510,0,0.1785638882434595
109512,0,0.747887365923608
109513,1,0.7204151177082582
109518,0,0.07447515008213046
109519,0,0.6933545117664149
109520,0,0.5692889683407559
109526,0,0.33442316293732316
109527,0,0.1911820785067457
109530,1,0.3352672705380145
109531,0,0.5197445409821008
109532,0,0.6110577620341926
109536,0,0.1189352853189984
109538,0,0.5114305689447002
109539,0,0.24611400242508139
109541,0,0.21389888212450972
109542,0,0.28375405429612016
109544,0,0.8337154607053204
109545,0,0.37906658381907865
109548,0,0.3780331944060597
109549,0,0.4109000883559239
109550,0,0.5109934737364096
109551,0,0.4946854376184274
109552,0,0.8109367496499044
109554,0,0.17332993020540916
109555,0,0.032090757973119485
109558,0,0.6325856092582731
109560,0,0.2048351358736187
109562,0,0.4089684629303337
109564,0,0.08226600637161925
109565,0,0.7406292234116564
109567,0,0.3091243363458882
109568,0,0.40326208967239363
109570,0,0.4486614968696315
109571,0,0.3521917022988411
109574,0,0.45748837006088644
109577,0,0.7586531973721649
109579,0,0.16576942178956233
109580,0,0.06792241654752207
109581,0,0.3173451516389796
109585,0,0.15010172223588966
109587,0,0.6762610508936123
109588,1,0.563918749470096
109591,0,0.544803550923546
109592,1,0.36707981716352445
109593,0,0.46531079931881164
109597,0,0.5473654060717612
109598,0,0.1104567744982128
109601,0,0.3440300480204532
109602,0,0.2295352682826532
109606,0,0.05605020305846032
109607,0,0.32699301404211173
109608,0,0.15621247605648164
109610,0,0.5271081289762124
109611,0,0.35691273778136373
109612,0,0.6533155416360585
109614,0,0.7020818379005714
109615,0,0.38378804978173325
109617,0,0.41055496932353297
109620,1,0.9091972124667738
109623,0,0.05391159028190859
109626,0,0.4784055502168635
109628,0,0.4636958122980459
109629,0,0.05231022831139873
109630,0,0.4986126715366289
109634,0,0.23299137072811443
109635,0,0.28120846303309005
109637,0,0.3486674106036836
109638,0,0.648416120110979
109639,0,0.15882373550306947
109640,0,0.26500268002947214
109643,0,0.6983435762863547
109644,0,0.21700715970805834
109645,0,0.41514628826846595
109649,0,0.6668760385312366
109653,0,0.6958948886198896
109654,0,0.15379444128758557
109656,0,0.73083347982797
109657,0,0.12885092305772666
109662,0,0.2735346993946391
109664,0,0.190762919053255
109665,0,0.4902527330425211
109667,0,0.4468457368073221
109669,0,0.2479817025956402
109673,0,0.21879767753484977
109675,0,0.21398581334073716
109676,0,0.3292886653436662
109677,0,0.7137600509376236
109678,0,0.0395266645768341
109679,0,0.8186500613076386
109685,0,0.2509851122467458
109686,0,0.6022814931509143
109687,0,0.0801624777186616
109691,0,0.15315336250232858
109693,0,0.14494036702528565
109697,0,0.16097507846519354
109700,0,0.2886718389878415
109703,0,0.4195610110971149
109704,0,0.13808531859656584
109709,0,0.7498582666510397
109712,0,0.46599606494234364
109713,0,0.42346985193446446
109714,0,0.15605914564729007
109716,0,0.17924842645662487
109721,1,0.7303799272626247
109723,0,0.2767154959777511
109725,0,0.36394406406764707
109727,0,0.18482301248320024
109728,0,0.8392156578633888
109730,0,0.331976650763025
109731,0,0.07068429977824046
109735,0,0.19637272708559264
109740,0,0.6296834699173408
109742,0,0.5089451404111891
109746,0,0.5575535315164012
109747,0,0.4965382570806911
109754,0,0.21533215490413912
109758,0,0.08913640326455091
109760,0,0.3534619722934186
109761,0,0.04840922772946729
109763,0,0.5983574900288257
109764,0,0.48002712010281107
109765,0,0.21957289068238486
109768,0,0.14851337619610108
109769,1,0.9072137079765269
109770,0,0.28586203703171026
109771,0,0.3015079490314853
109774,0,0.42650078707893985
109776,1,0.5662322472640801
109782,0,0.32224383424516384
109783,0,0.5513790120287816
109785,0,0.7094876485853975
109789,0,0.5252155857597097
109791,0,0.25235267857251475
109793,0,0.3580906735672987
109794,0,0.86411734005874
109800,0,0.1960305700093255
109802,0,0.2030619304719464
109805,0,0.6255015655757341
109806,0,0.541053594686233
109807,0,0.1390289556319768
109809,0,0.08692358738048307
109811,1,0.35312385018236536
109812,0,0.4126610884120346
109813,0,0.2643133547409448
109814,0,0.04176427806802753
109815,0,0.4407642280183488
109816,0,0.12485973399212465
109817,0,0.04241445433342867
109820,0,0.25266471565579957
109821,0,0.20980817502606292
109825,0,0.1687587277247841
109828,0,0.15716348462724192
109831,0,0.3582944503959018
109839,0,0.7431883109823914
109841,1,0.6248020620155751
109843,0,0.5683012595693
109844,0,0.8362380755160551
109850,0,0.13184718676805954
109852,0,0.07063116451877943
109854,0,0.22912197848818291
109855,0,0.1058284670909719
109857,0,0.8307396113147082
109860,0,0.08204312884086133
109862,0,0.3103989512035186
109863,0,0.23329433309246297
109864,0,0.2634336621884493
109866,0,0.19140069293326709
109867,0,0.33321692696447763
109868,0,0.6403516896559592
109873,0,0.09245704421903808
109874,0,0.47969667328304166
109876,1,0.5856441726636514
109877,0,0.3602829546166699
109878,0,0.09969165581171638
109879,0,0.19102331117717072
109881,0,0.3681551008840717
109884,0,0.22157243215477326
109886,1,0.9109124518826509
109887,0,0.4644958335509124
109891,0,0.49564773798621575
109893,0,0.12550878280867903
109895,0,0.5168275926735066
109898,0,0.705759187328387
109900,0,0.3061937403404895
109901,1,0.5580156208208629
109902,0,0.8751227702173358
109903,0,0.851555869685285
109905,1,0.848861581499956
109908,1,0.5955251386861649
109913,0,0.5965048405518962
109915,0,0.4461705482032617
109916,0,0.5545145937751155
109917,0,0.14771015986344516
109918,0,0.6507337095351534
109919,0,0.1482627700589522
109921,0,0.12032737938821485
109922,0,0.14551353615126164
109926,0,0.25461821404882645
109930,0,0.7717668355458301
109931,0,0.27705672632985134
109932,0,0.7088732504645948
109934,0,0.0635648725232436
109938,0,0.08011651370309711
109939,0,0.09637808423055234
109940,0,0.16480542910951418
109941,0,0.4613405988551341
109942,0,0.2715405673994313
109945,0,0.20001587261354195
109957,0,0.13839086149562962
109959,0,0.7421886302595508
109960,1,0.4048689567124959
109962,0,0.5886807948052869
109963,0,0.4312964006649873
109971,0,0.4195095314028072
109975,0,0.13405440116389983
109976,0,0.4594609985664804
109977,0,0.18246683715525824
109978,0,0.05274339179305183
109979,0,0.15398030382675978
109980,0,0.14041409652866774
109981,0,0.45187425495925254
109987,0,0.25599212881602434
109990,0,0.38534699519910026
109991,0,0.4693067742600973
109992,0,0.46453725961079545
109997,0,0.738725642843462
110004,0,0.04185918899315983
110005,0,0.16962415501568198
110006,0,0.28085348453916686
110010,0,0.24342680510852163
110011,0,0.4384738030156682
110015,0,0.47474456868742254
110016,0,0.06925108641960788
110018,0,0.03363248578304467
110021,0,0.04323244550075754
110023,0,0.23463213346381756
110027,0,0.07984894665173875
110028,0,0.23810808673061062
110029,0,0.6787236067158819
110030,0,0.0510814456056246
110035,0,0.7400104413975419
110037,0,0.8380191658570375
110038,0,0.25644123623907483
110040,0,0.07825145108989286
110041,0,0.86075634772783
110042,0,0.497293681741933
110043,0,0.3017822249658993
110045,0,0.5304536456439084
110052,0,0.3377008979951806
110054,0,0.451572488489491
110055,0,0.4497375390220689
110056,0,0.38506994113060594
110057,1,0.8926527235226847
110059,0,0.16583856962431362
110061,0,0.6079542121541105
110062,0,0.14739528635489058
110063,0,0.09112340290966267
110064,0,0.6750334315592185
110065,0,0.2924615000648489
110067,0,0.2497970978372267
110068,0,0.10132244431475056
110070,1,0.46983279440406767
110071,0,0.3411879401408304
110074,0,0.33770038545415243
110079,0,0.42817039246668825
110085,0,0.47431037038900997
110087,0,0.39254692698364474
110088,0,0.8424487551119431
110090,0,0.6421792329260915
110091,0,0.14814005833087926
110093,0,0.04146952338810337
110098,0,0.22330498760197273
110102,0,0.7318090764372296
110103,0,0.5927226832795336
110107,0,0.5024385097977396
110112,0,0.155181355988964
110114,0,0.11973644073017131
110116,0,0.18730084511185674
110117,0,0.050800620450265746
110120,0,0.6276747408791574
110123,1,0.5767301889083466
110125,0,0.4606109811282801
110129,0,0.762678920425149
110130,0,0.19286326402015358
110131,1,0.2530254129046928
110134,0,0.6565201753186264
110136,0,0.14269857370860622
110137,0,0.24312806196635
110139,0,0.44484961012714586
110142,0,0.7021436642544077
110144,0,0.32099914697218473
110147,1,0.8694341175775457
110151,0,0.551548179942203
110153,0,0.2799759786869941
110155,0,0.13976874414194124
110159,0,0.1677130309020103
110161,0,0.40490372469802843
110165,0,0.9423097900136111
110167,0,0.4136554397810889
110168,0,0.4077684154516343
110169,0,0.4229833039621476
110171,0,0.04779264857527567
110172,0,0.27053332113320283
110173,0,0.17436127076671193
110174,0,0.177427712328908
110175,0,0.3544867978567124
110176,0,0.6721800468624648
110178,0,0.307052841169303
110180,0,0.5201583658043932
110182,0,0.8673606602729595
110184,0,0.3616757021664314
110185,0,0.6014392431824486
110186,0,0.19124254415114386
110187,0,0.7118573681176359
110188,0,0.35430642456160955
110190,0,0.060839242416007175
110191,1,0.49006701318305007
110194,0,0.6292936250989427
110196,0,0.48400823057901715
110200,0,0.32365250029530546
110204,0,0.3833835362730555
110206,0,0.779773501256014
110207,0,0.2727319263946158
110208,0,0.596231348631044
110211,0,0.11026939043520205
110213,0,0.07097650978397928
110214,0,0.07355456790200335
110217,0,0.16070019167653848
110218,0,0.0729153366135589
110223,0,0.6784221170561582
110224,0,0.3940497999772829
110226,0,0.1167032343903284
110228,0,0.5049806860467562
110234,0,0.2747619788192147
110235,0,0.3676326917453804
110236,0,0.1351087271261632
110240,0,0.6370693573368293
110247,0,0.3476999333590817
110250,0,0.4782789860007721
110251,0,0.17392192424799932
110252,0,0.3402174127090339
110264,1,0.35696129187054526
110265,0,0.23232425536004359
110266,0,0.22797077146275865
110270,1,0.7545753698069948
110272,0,0.2582684895779859
110273,1,0.5141084364967219
110276,0,0.319969679287768
110279,0,0.7474118969501186
110286,0,0.43574554668828813
110287,0,0.5719395376467509
110289,0,0.4347221265824634
110290,0,0.21286189987244888
110291,0,0.5153864939686307
110292,1,0.8402654946439191
110293,0,0.13473415434679453
110295,0,0.41208730641630403
110296,0,0.1339677217150242
110304,1,0.6548514112081156
110305,0,0.03404915697625926
110306,1,0.9960131372604693
110309,0,0.13731112104091203
110310,0,0.5163328792989206
110311,0,0.2860621852125624
110317,0,0.18914011566072228
110318,0,0.4115095764889909
110319,0,0.3426684772487876
110321,0,0.47070549320989274
110322,0,0.4643873832775606
110323,0,0.1947996193796959
110326,0,0.316749664551463
110328,0,0.4323613171155058
110332,0,0.6506720807176051
110336,0,0.2048603533779019
110341,0,0.3409629194878435
110342,0,0.16858676528132807
110347,0,0.4324223713730962
110350,0,0.5577792355644384
110351,0,0.23033764294303044
110353,0,0.3105202741148272
110356,0,0.24531723934710978
110359,0,0.7278265177398644
110366,0,0.24595823695961502
110367,0,0.9292031441847156
110372,0,0.7482671122296323
110374,0,0.7799951124271821
110376,0,0.08393262100465522
110378,0,0.7265633865547806
110379,0,0.051851127948562024
110380,0,0.04952164035122994
110381,0,0.4855507008192095
110385,0,0.15498119603742408
110386,1,0.4351198271680915
110387,1,0.8005193423077972
110389,0,0.3650099659232505
110390,0,0.41402529544006694
110391,0,0.09751254262992812
110394,0,0.21570149518179535
110396,0,0.3660292422555623
110399,0,0.23277389622895067
110400,0,0.7670377157463762
110402,0,0.5202893883688735
110406,0,0.656240533940085
110408,0,0.09336999628289397
110409,0,0.13807416077990195
110410,0,0.5344006830161551
110411,0,0.5903907070995073
110412,0,0.3849217535440351
110414,0,0.16945443880596345
110415,0,0.22766999637539923
110418,0,0.8069175399599527
110419,0,0.17777178973289728
110421,0,0.5065526007827625
110425,0,0.14032859967290082
110426,0,0.4564323026704345
110427,0,0.2333242492066578
110429,0,0.5682808066357155
110430,0,0.27863671753011704
110431,0,0.12066312620186456
110434,1,0.8226899567726007
110438,0,0.33290548221576244
110440,1,0.8651870827054509
110442,0,0.1822788209715009
110446,0,0.541409978772975
110449,0,0.624085923807256
110450,0,0.23474577156480547
110453,0,0.6013148641511558
110454,0,0.18897489158253256
110457,0,0.45392602487817646
110460,0,0.09150338587076011
110461,0,0.22636825823427814
110464,0,0.05785561206045494
110465,0,0.1436529409863731
110467,0,0.22491578185597996
110473,0,0.24488160280588675
110474,0,0.47015847568176733
110476,0,0.13834531804273903
110477,0,0.23986507153975437
110478,0,0.13995229525109049
110482,0,0.6387278792191204
110488,1,0.77922292981412
110489,0,0.34375249411188796
110492,0,0.12390488810293572
110494,0,0.294957355036684
110495,0,0.9195397125298904
110496,0,0.32911325287106413
110498,0,0.24302434619286015
110503,0,0.3184068378014758
110506,0,0.4184994354070117
110507,0,0.10790543618202035
110508,0,0.14839652381846144
110509,0,0.5410492672324381
110510,0,0.3673323751510887
110512,0,0.13233317529947397
110518,0,0.19928141216324152
110520,0,0.08789024985250726
110521,0,0.9984781735167931
110522,0,0.573570707583861
110524,0,0.7267878106254602
110526,0,0.10942400461002001
110527,0,0.4263458403177788
110531,1,0.6001292087713849
110532,1,0.5531870484029378
110538,1,0.9303393933954923
110540,0,0.09081703267781636
110541,1,0.48742781092043774
110543,0,0.06499228406229743
110544,0,0.6532991583596369
110545,0,0.7435019651032821
110546,0,0.3424966332887266
110548,0,0.6211941870797417
110551,0,0.4182854629077923
110552,0,0.2555205470735664
110553,0,0.05327886131381093
110555,0,0.46926210059733464
110558,0,0.14907299301279894
110560,0,0.634904800360425
110571,1,0.28661840944083533
110572,0,0.482894481246069
110573,0,0.41968940881898387
110575,1,0.7753767564754719
110576,0,0.1967350074382209
110578,0,0.5696160241366818
110579,0,0.5214831714222253
110581,0,0.5352292728880014
110588,0,0.36261329081578975
110594,0,0.10121890751367972
110602,0,0.029072943113605292
110603,0,0.29026316060915686
110604,0,0.10020027373565539
110606,0,0.2977313787447976
110607,0,0.297345453998847
110608,0,0.8528214193059562
110610,0,0.40517198527167425
110613,0,0.35322591353039495
110614,0,0.4480134627044305
110615,0,0.24262312497463584
110617,0,0.3391830078290654
110621,0,0.4358205936643404
110622,1,0.2708574139643892
110624,0,0.39912182806332647
110626,0,0.32800210107039696
110627,0,0.13358755998917649
110628,0,0.24862684504534618
110636,0,0.718690120754899
110638,1,0.9630010680968211
110639,0,0.6804592242772325
110640,0,0.29415723693939827
110645,0,0.6207037480480093
110651,0,0.40607612533571374
110655,0,0.5554051306732956
110657,0,0.16270975343548583
110658,0,0.3270279075115167
110662,0,0.5523455205891091
110663,0,0.42500567650238963
110665,0,0.5202296433643987
110672,0,0.41415199185712714
110675,0,0.46946361756931443
110681,0,0.10192961610026426
110682,0,0.3461262438097725
110684,0,0.04712772565142252
110686,0,0.14790823328572172
110688,0,0.04024321650131102
110690,1,0.7342471663141518
110692,0,0.06537646515350573
110698,0,0.45915628130177755
110699,1,0.4499584573401122
110700,0,0.5462592797367661
110702,0,0.39497460217720076
110703,0,0.47884941168989326
110704,0,0.3454711917209681
110705,0,0.20667817366297753
110709,1,0.6799135775510312
110711,0,0.21142787958211398
110712,0,0.2720457671372768
110713,0,0.059418353331607415
110714,0,0.302655090178387
110715,0,0.3010782592100003
110717,0,0.45551537521171537
110718,1,0.8316704521723626
110719,0,0.4473853168014985
110721,0,0.3040411854823691
110722,0,0.8356188344076891
110723,0,0.35433443455065533
110726,1,0.289573875096453
110728,0,0.6250958644671802
110730,0,0.05626918613806268
110736,0,0.24157284068787688
110739,0,0.11327902520727488
110742,0,0.2052283298825309
110747,0,0.8503710114554371
110749,0,0.23552406222341893
110750,0,0.46037943995457153
110751,0,0.726730655910648
110752,0,0.3132240600349652
110753,0,0.4689804868642631
110759,0,0.6984397901421285
110760,0,0.2619852936101916
110762,1,0.8339360746690392
110763,1,0.9081238403421046
110765,0,0.320637669317342
110766,0,0.19136104449374694
110769,0,0.052963654803103714
110770,0,0.2534234458786108
110771,0,0.18400776321861606
110773,0,0.03968448883891311
110775,1,0.7610398738504529
110778,0,0.8467902644308746
110779,0,0.21739169089077534
110780,0,0.34141310881824777
110781,0,0.6130815054644482
110784,0,0.11485762933693008
110785,0,0.7686401990534368
110789,0,0.2867004149851474
110791,0,0.11513120202095276
110792,0,0.052116652920700425
110794,0,0.8511270130872565
110795,0,0.4278675971800093
110796,0,0.5068501132478315
110800,0,0.14695617511792977
110803,0,0.3543770277502015
110805,0,0.3918847638849889
110806,0,0.5381062390502304
110810,1,0.6680031373494623
110811,0,0.17168337020823482
110813,0,0.6666928406304404
110814,0,0.6234929029533098
110816,0,0.11920050420619052
110819,0,0.1478163524507783
110820,0,0.6647072038070987
110821,1,0.7819225185357065
110822,0,0.5361632784666508
110830,0,0.22703446412290898
110833,0,0.30315241548674926
110835,0,0.35045373453193795
110836,0,0.7243862034303076
110841,1,0.7744060425702047
110848,0,0.40639890232373493
110851,0,0.02479218426258872
110852,0,0.48756240148866226
110853,0,0.3076930760744882
110857,0,0.20465566686616288
110859,0,0.773485355977721
110861,0,0.22158719871247728
110862,0,0.11155032420744454
110865,0,0.14606248267752506
110867,0,0.5788356632336727
110868,0,0.4680043750124912
110870,0,0.6267462282174497
110871,0,0.07897057439652434
110875,0,0.3970454435360897
110876,0,0.5983869076470877
110881,0,0.24755703013714572
110882,0,0.3787121369778688
110884,0,0.34554203551635426
110886,0,0.6478742631910709
110887,0,0.030771167013019917
110888,0,0.6644325148952595
110889,0,0.4662045717756077
110890,0,0.22958977524778787
110894,0,0.5212266557381926
110895,0,0.033945128643190686
110897,0,0.3919790566866538
110898,0,0.37722100269328646
110899,0,0.22375685910840343
110900,1,0.7418679531754523
110904,0,0.39512823076137177
110905,0,0.07333558817370407
110909,0,0.40369053712251185
110910,0,0.29521992727705226
110915,0,0.23326498985625907
110916,0,0.09782507833999714
110917,0,0.26526684540761397
110918,0,0.42424425896253914
110920,1,0.771173975666441
110921,0,0.10731987145009635
110925,0,0.7415649396092739
110929,0,0.7989853544233451
110934,0,0.27574138164965184
110935,0,0.7447477624696133
110940,0,0.48989577740126344
110941,0,0.3575627552383706
110942,0,0.3772354322757018
110944,0,0.7915690561306766
110949,0,0.06066709880863366
110950,0,0.6257339546800509
110952,1,0.735760261115428
110953,0,0.26633882297215294
110954,0,0.05983645790053093
110956,0,0.8394635268744762
110957,0,0.28678961204831016
110958,0,0.15832637309646483
110959,0,0.7831661936887538
110961,1,0.624241685146627
110966,0,0.05620100218957156
110971,0,0.7720360677317205
110973,0,0.4082304668993679
110975,0,0.31923851475805737
110976,0,0.17851105786175808
110977,0,0.5569334219458094
110979,0,0.4740033255131294
110981,0,0.3074147921175138
110984,0,0.13360000841881411
110985,0,0.34182330442003056
110986,1,0.7234242665031411
110987,0,0.1825452892774443
110988,0,0.26386890659408824
110990,0,0.8295266915642265
110993,0,0.3108736793688868
110995,0,0.08977317968339628
110997,0,0.5268874680584901
110999,0,0.14194926986111367
111003,0,0.022027964246451655
111006,0,0.5814823044628996
111007,0,0.13257942524461722
111008,0,0.37096972622018076
111011,0,0.26926606284121235
111012,1,0.6188547195174358
111014,0,0.889030902123933
111018,0,0.49090855072632184
111021,0,0.5588119689780994
111023,0,0.6808375816854426
111030,0,0.2644067997186294
111031,0,0.2508370067671944
111036,0,0.7167138142847561
111037,0,0.1414559171674237
111039,0,0.08311547342496667
111040,0,0.3427776501412102
111042,0,0.5383947946693932
111043,0,0.5829521507053455
111045,0,0.2211361584990256
111046,0,0.5642246370541566
111047,0,0.21767578620997388
111050,0,0.47126055671578215
111053,0,0.19846089088964744
111054,0,0.6081654733751733
111055,0,0.26450071630217936
111058,1,0.6277408403556004
111060,0,0.20497727434487614
111062,0,0.2390565154832977
111064,0,0.5059574370880572
111065,0,0.7748306321380022
111067,0,0.5618175745397209
111068,0,0.10107777782061964
111069,0,0.09483125067249482
111071,0,0.4768683175611099
111075,0,0.41251800094607155
111077,1,0.7188258473721768
111078,0,0.4378863017916954
111079,0,0.055332983280934965
111081,1,0.8876354926058864
111083,0,0.8444686630203858
111085,0,0.14975141364718192
111089,0,0.1154022369403407
111092,0,0.6625622627682964
111094,1,0.9965812319890255
111095,0,0.4068430387951855
111096,0,0.09867799211882602
111097,0,0.5171315443371183
111098,0,0.2715343676291831
111102,0,0.5792187893128204
111105,0,0.6678398004427817
111109,0,0.5760813982281022
111110,0,0.5107760385164155
111112,0,0.23135222895260138
111115,0,0.7295916781402821
111117,0,0.7761167091329672
111120,1,0.9956953957387727
111122,0,0.36767587590721035
111123,1,0.6811267744154211
111124,0,0.04591723438197808
111126,0,0.09655743428621115
111130,0,0.33951190705003703
111133,0,0.23843885414147864
111136,0,0.2867380551120032
111139,0,0.25194483451329924
111140,0,0.6270850974753986
111143,0,0.5393251204802565
111145,0,0.25988022881603656
111149,0,0.16988867067295937
111152,0,0.6233317096064415
111154,0,0.15999866532727558
111159,0,0.23377936588580417
111161,0,0.04223030930686335
111162,0,0.11538852746970094
111163,0,0.3070660108850244
111164,0,0.5444571638442087
111165,0,0.34351073604402615
111168,0,0.04698130623263547
111171,0,0.22254060400437228
111173,0,0.12738902301065635
111175,0,0.2426531999723324
111181,0,0.1714995811342862
111183,0,0.31726055465176006
111185,0,0.4699107823316634
111188,0,0.6942652817904386
111189,0,0.253066911379366
111190,0,0.08131394827778372
111191,0,0.21061969391413382
111192,0,0.5155831779939266
111194,0,0.49203898364552556
111196,0,0.46479188545126404
111197,0,0.04435862850527064
111198,0,0.7636175408053808
111199,0,0.13688656572214492
111201,0,0.3862576072782231
111203,0,0.28328186635463937
111206,0,0.36569639817576705
111207,0,0.9233246999522817
111210,0,0.6249800570501114
111215,0,0.428635717116712
111216,0,0.6672802999207518
111219,0,0.09450420138652024
111220,0,0.31861265222968504
111221,0,0.5964148424221211
111222,0,0.1979335955840067
111226,0,0.7449691450745987
111228,0,0.43501015344027677
111229,0,0.585298016524493
111232,0,0.17422818462265016
111233,0,0.39400711348918527
111234,0,0.5449685500818884
111236,0,0.4660114676877065
111238,0,0.7790604750869459
111240,0,0.47885206553216914
111242,0,0.06004337927714078
111244,0,0.18855662267111997
111245,0,0.492398249639981
111249,0,0.05953470588372094
111250,0,0.6875092745480221
111253,0,0.5187153178729546
111254,0,0.32612955141761096
111255,0,0.29583207707561576
111256,0,0.3133277595410009
111257,0,0.5907866182236717
111262,0,0.828739003352243
111263,0,0.2561695159328332
111265,0,0.03944866715544956
111266,0,0.7362703053624592
111268,1,0.374702643188927
111270,1,0.08723814453381504
111271,0,0.19899709058526024
111274,1,0.6745230598957217
111279,0,0.4281558476793456
111280,1,0.22738852674807014
111282,0,0.35359297518241695
111283,0,0.10682777096380948
111284,0,0.730676029025812
111286,0,0.1766145733109641
111287,0,0.48830437918496034
111288,0,0.5593035847058163
111290,0,0.12377736206033685
111294,0,0.4963436034366088
111296,0,0.4010710229182515
111297,0,0.6204583115041645
111300,0,0.6445930723296835
111301,0,0.15614022964747024
111302,0,0.04648715663128266
111303,0,0.33149082243292144
111304,0,0.6557618605423423
111305,0,0.5375281390341019
111307,0,0.379057072070419
111309,0,0.22871318369675556
111311,0,0.5135723781303588
111312,1,0.935630629449264
111315,0,0.3274408888041495
111316,1,0.8736235486205294
111318,1,0.8181431011977364
111320,0,0.4019821596615532
111321,0,0.37325996469723355
111322,0,0.2564526353122846
111323,0,0.5823868516104727
111324,0,0.36170094571804523
111325,0,0.25226345673659367
111326,0,0.3355384989421302
111328,0,0.5549165404226946
111330,0,0.07648747559374834
111332,0,0.08870332327233098
111333,0,0.4725049143927173
111335,0,0.44407400363422556
111336,0,0.6596361355711206
111337,0,0.3021230926518272
111338,0,0.49769779944982684
111343,0,0.43886344564208074
111348,0,0.32126383722452995
111351,0,0.4688534884526106
111352,0,0.2705092451758455
111354,0,0.6179751929762322
111355,0,0.701169993505443
111357,0,0.5036322440231911
111358,0,0.20859913344085648
111360,0,0.6819855589302085
111361,0,0.1467647543627455
111364,1,0.5717396931555808
111365,0,0.10282466087683484
111366,0,0.09993942943253209
111370,0,0.3493560973098594
111372,0,0.14104097864129114
111377,0,0.9323785060562872
111378,0,0.6637874324635361
111380,1,0.9629435482296036
111382,0,0.6255323392709393
111385,0,0.23832668804258636
111389,0,0.4702327836043341
111391,0,0.02405370852466349
111394,0,0.8396718236942642
111395,1,0.9702843753813455
111396,0,0.23711519738740883
111397,0,0.4573226493409223
111400,0,0.325138069330773
111402,0,0.1412412826197173
111403,0,0.08193632472114411
111405,1,0.47941968154604603
111408,0,0.1985354272682388
111411,0,0.42724860580779106
111416,0,0.6472747093020256
111417,0,0.46925888363477286
111418,0,0.02972047852945131
111420,0,0.7869319355367436
111424,1,0.5692627316023856
111425,0,0.25690294929006857
111426,0,0.10418715831976044
111427,0,0.6112355845514499
111428,0,0.47978223571308837
111429,0,0.09488364291236878
111430,0,0.0692724343442763
111431,0,0.6741127167437584
111433,0,0.436345090197278
111434,1,0.7976656871154942
111436,0,0.06959340972350914
111439,0,0.5047832849546765
111440,1,0.7092531796278234
111441,0,0.5467408144577006
111442,0,0.6816175663902457
111443,0,0.4336326356519273
111449,0,0.31826444424982325
111452,0,0.6463790594827599
111453,0,0.14263371009609585
111454,0,0.10194126116587929
111455,0,0.4468875710355728
111456,0,0.32307778479117316
111459,0,0.32978220622276716
111461,0,0.3056958928835163
111463,0,0.5039545857626192
111465,0,0.013182184641781157
111471,0,0.06603759895787252
111476,0,0.5385807779296929
111479,0,0.32134321817710765
111486,0,0.392602039529038
111488,0,0.12923652664244886
111489,0,0.3608624905885566
111491,0,0.34364878442284275
111492,0,0.4345174690507664
111493,0,0.7297360925327868
111494,0,0.932917575262777
111497,0,0.14124794496111906
111500,0,0.2656228403778928
111501,0,0.3650983902899949
111502,0,0.918222815547514
111503,0,0.8079218757113051
111504,0,0.2300510547026835
111507,0,0.3171891984444907
111508,0,0.532246928516541
111510,0,0.17285574200623072
111511,0,0.19402526808330472
111512,0,0.18543068392616133
111513,0,0.6727893268802534
111514,0,0.33593332872150883
111516,1,0.49443614792428053
111519,0,0.29647954956868905
111522,0,0.5829448035725914
111525,0,0.35232938108974643
111528,0,0.14744282598888503
111533,0,0.2413267264255035
111534,0,0.43509734268489136
111535,1,0.5851607988591139
111537,0,0.10945346923066335
111541,0,0.03731799354823965
111542,0,0.3987737834096485
111543,0,0.06598631503420285
111546,0,0.46136909984951124
111550,1,0.5229445783910182
111551,0,0.2187164743650737
111554,0,0.38880879961518006
111555,1,0.3847542218602977
111557,0,0.27451217563730024
111558,0,0.367241223877149
111561,0,0.13066373304175036
111564,1,0.9985793684082834
111571,0,0.5675063150740749
111572,0,0.11071594674250318
111574,0,0.4956177816875909
111575,0,0.2754499640667133
111579,0,0.5632734944053935
111585,0,0.2009810715630759
111586,0,0.29418215315012547
111587,0,0.24950032848046796
111588,0,0.48277157278742
111589,0,0.3843500883246101
111590,0,0.5870606561103471
111593,0,0.24071419565611563
111595,0,0.12344230980024391
111598,1,0.7190772170517997
111602,0,0.29058329577239395
111605,0,0.3127988059180887
111608,0,0.28444058193177574
111609,0,0.5189425637852776
111610,0,0.18088802424626982
111613,0,0.18236796344989295
111614,0,0.49404260843845454
111616,1,0.8457445667158622
111618,0,0.13380050589382475
111620,0,0.09714151070175117
111621,0,0.5600302886122506
111623,0,0.06684088037941324
111625,0,0.5401374424934482
111629,0,0.29486600005985336
111632,0,0.4499861026104296
111633,0,0.31223120879899086
111635,0,0.4584477718302851
111638,0,0.3697064249157629
111639,0,0.6836618980902219
111640,1,0.7380083240404289
111641,0,0.3910370340107782
111642,0,0.37554888536515024
111643,0,0.4541045972300727
111645,0,0.4534760581714126
111646,0,0.028564369455209185
111649,0,0.48006824269528425
111650,0,0.046997952785863883
111652,0,0.0344053878908982
111655,1,0.15629578596708155
111656,0,0.20129002916724792
111658,0,0.24756958225767453
111659,0,0.10952309806636898
111660,0,0.22442016999495035
111663,0,0.6300856910224131
111664,0,0.561003467891864
111666,0,0.5198997651940526
111668,1,0.920511237480585
111669,0,0.758494562077468
111671,0,0.10577855795619509
111673,0,0.1924692705817081
111675,0,0.25419221360414684
111676,1,0.3381762838170492
111679,1,0.11340999531508189
111682,1,0.5062403847631862
111683,0,0.05748831155423867
111688,0,0.32722564355722444
111692,0,0.21686340792191874
111693,0,0.08428960097123342
111695,0,0.1304968657346569
111700,0,0.0682248023293372
111703,0,0.3364629979587035
111705,0,0.08603279891604321
111707,0,0.8137407735356152
111710,0,0.0924356539914072
111712,1,0.8682712691313544
111716,0,0.25101744842086476
111717,0,0.1181736626152536
111719,0,0.03520386091226312
111720,0,0.34496495797079707
111723,0,0.1708037453010603
111724,0,0.10672450560597295
111726,0,0.31125343530627103
111728,0,0.728289715024512
111729,0,0.3680495920769878
111731,0,0.034237526619069154
111732,0,0.23012793900862602
111733,0,0.4836332434279961
111734,1,0.4206728900235443
111736,0,0.4159371665403442
111741,0,0.1607759496473841
111744,0,0.1474207853416447
111745,0,0.749774547681746
111749,0,0.690331079052702
111751,0,0.5469903805131925
111752,1,0.7939593253415789
111753,0,0.3577714620878838
111754,0,0.3164960017991763
111760,1,0.1488648446280095
111765,0,0.6683534258041309
111766,0,0.5287726304039913
111767,0,0.1212159864893043
111768,0,0.3825838308810144
111770,0,0.3637063408374954
111773,0,0.03711073193271223
111774,0,0.11067054209066526
111776,0,0.39441032068799464
111777,0,0.08998518045254227
111778,0,0.1538770211796878
111779,0,0.32131503572499565
111781,0,0.8263076248335911
111783,0,0.3953183795931854
111786,0,0.6821606585170109
111787,0,0.41443573594516747
111789,0,0.13687077234874603
111790,1,0.6415227283363287
111791,0,0.6096553197960292
111792,0,0.1335442228198246
111794,0,0.7362881424012635
111795,0,0.33868311906528115
111796,0,0.16551969059673535
111797,1,0.6352981608474789
111798,1,0.4764247253121413
111801,0,0.16778959489799974
111802,0,0.06286239799588886
111803,0,0.6976720496696165
111804,0,0.874173872127462
111810,0,0.5963019105919448
111811,0,0.07285474913395545
111814,0,0.46420488495352547
111820,0,0.06912547668302634
111821,0,0.2172318190668907
111823,0,0.4954528228403661
111824,0,0.35793360170772837
111825,0,0.5903403321568564
111827,1,0.580047309646565
111828,0,0.36550083784423393
111829,1,0.8931860901358428
111830,0,0.15373174749303398
111831,0,0.5425333485193166
111833,0,0.16889838562619167
111835,0,0.3249260809833437
111837,0,0.1724465595185356
111839,0,0.4152023086695719
111840,0,0.5834117398364379
111846,0,0.19665044033492723
111849,0,0.5473681332244394
111850,0,0.3597070879801617
111857,0,0.4703944440126915
111858,0,0.1599421373587363
111859,0,0.7464291450427745
111860,0,0.4771464052335043
111864,0,0.1507624604712143
111866,0,0.36725210946266684
111868,0,0.7874017017038222
111869,0,0.18917024845759256
111870,0,0.2344525191456288
111872,0,0.32546294357458605
111874,0,0.26308532907599697
111875,0,0.5207578049174366
111876,0,0.7982622315312174
111878,0,0.3029782065054553
111879,0,0.6193536040645455
111882,0,0.16712873920566007
111883,0,0.8095285558117943
111884,0,0.39948794419239403
111887,0,0.07737098779529966
111890,0,0.47752267058241926
111893,0,0.3575936992454876
111894,0,0.09030560984428652
111895,0,0.5462115417976834
111896,0,0.6228371697230786
111898,1,0.34061486762370125
111900,0,0.434359280194886
111901,0,0.3867369337706865
111904,0,0.20943426796449657
111906,0,0.48072144249624693
111908,0,0.19888927273281998
111909,0,0.9895139891397142
111911,0,0.5896691140869984
111913,0,0.5661434278327695
111917,1,0.673798573433708
111918,1,0.8791502638164508
111921,0,0.36133618604397344
111922,0,0.18274678171050418
111923,1,0.8844687683887446
111925,0,0.14384539116680634
111927,0,0.6155523405159774
111928,0,0.22322623370739275
111930,1,0.7514142112314867
111934,0,0.2726202933788751
111935,0,0.17607085236532305
111938,0,0.13524224084773032
111942,0,0.25989203973096214
111943,1,0.6917397528531666
111944,0,0.5573449557368686
111945,0,0.3340985284265472
111947,0,0.6955440927918254
111951,0,0.04257727011173939
111960,0,0.1315173103923513
111963,0,0.1254825448076135
111966,1,0.639317751036035
111968,0,0.5411148431196309
111970,0,0.24020511970349093
111971,0,0.27192053514740305
111972,0,0.11456624801374865
111973,0,0.40284301691661434
111974,0,0.2584431585353791
111977,0,0.6551583818191703
111979,0,0.017817617708240918
111980,0,0.7615801413146162
111982,0,0.8544903244390031
111983,0,0.37760905178088966
111986,0,0.8442629480054898
111990,0,0.9859382892961577
111993,0,0.4517596756265848
111994,1,0.679501021490656
111995,0,0.5291783254940703
112001,0,0.7692481471320481
112004,0,0.09633800476303635
112005,1,0.774019179942779
112008,0,0.3442878218398526
112010,0,0.08010380645978317
112011,0,0.32299760988234877
112012,0,0.11323644544010561
112015,0,0.3108573158588052
112016,0,0.2404237794618343
112018,0,0.41707793931468623
112019,0,0.46488609842655854
112021,0,0.5969569078975894
112023,0,0.2167458511841989
112027,0,0.1934873588840786
112028,0,0.382304786264018
112031,0,0.32213942852329697
112038,0,0.12118123002176459
112040,1,0.2618416973677807
112041,0,0.5926746521623606
112045,0,0.7096762225964237
112047,1,0.6660445681224381
112050,0,0.5201220615954898
112052,0,0.3370268878150901
112055,0,0.06861473141098763
112060,0,0.3096901044340838
112063,0,0.24806439261040897
112067,0,0.4172326804466418
112071,0,0.5631223533845473
112072,0,0.8457862003948048
112073,0,0.0891478030206853
112077,0,0.30400238189893275
112078,0,0.37115080600780953
112079,0,0.4564194607490092
112080,0,0.3311278147190325
112081,0,0.7131699056357985
112084,1,0.631205237138496
112086,0,0.40298891118261887
112088,0,0.12164656151918957
112089,0,0.2616371047971497
112090,0,0.32119617388817384
112098,0,0.27448335749084274
112099,1,0.5206682079654715
112102,0,0.2296333198454609
112106,0,0.4469396561380704
112109,0,0.10238214580584415
112110,0,0.0941880124631636
112113,0,0.5304598495686349
112115,0,0.5096165731094705
112116,0,0.1989532710801756
112120,0,0.05568888136819845
112122,0,0.04445023092373769
112123,0,0.7131836945859253
112124,0,0.38769855922896157
112126,0,0.6068994544769316
112128,0,0.5900885316687913
112131,0,0.2654759267978918
112132,0,0.4825506056109893
112134,0,0.6062262003444695
112135,0,0.30022258512784405
112136,0,0.6082449510459201
112139,0,0.590344577069825
112145,0,0.10572013879689775
112146,0,0.4770066975453524
112148,0,0.5077357020092743
112149,0,0.6375225913966426
112156,0,0.19356212262241235
112158,0,0.056795024717522874
112159,0,0.2994433208516164
112161,0,0.3201214065909511
112164,0,0.52696686582988
112165,0,0.09881781967248937
112168,0,0.7767250947291189
112169,1,0.8607066302780044
112170,0,0.5494773422968785
112171,0,0.19104820001006126
112173,0,0.11187784263964501
112174,0,0.14297250646642212
112182,0,0.6323594534407252
112184,0,0.4590888400727304
112186,0,0.22620662440679945
112187,1,0.42602165795282354
112191,0,0.3802775249868826
112193,0,0.32158350835265637
112194,0,0.6212259905496303
112195,0,0.746678730393236
112201,0,0.053100161699756704
112205,0,0.6711342102383835
112206,0,0.07751454399760965
112208,0,0.17589303113461416
112210,0,0.3197048727647008
112212,0,0.9188876682070777
112213,0,0.5164010936730691
112215,0,0.38086935395490146
112218,0,0.41990287601597426
112219,0,0.07030145533119889
112222,0,0.15955381337021463
112226,0,0.5441250866798516
112228,0,0.03345271122425531
112230,0,0.48490318823963324
112231,0,0.6329502254072471
112233,1,0.5401185254938672
112235,0,0.5999907519910465
112238,0,0.35325160503804515
112239,0,0.21368300936920437
112240,0,0.22298173605803867
112241,1,0.692353244933573
112242,0,0.4268129744265352
112243,0,0.39849117503170306
112248,0,0.35561700937545077
112251,0,0.3552127609565478
112252,0,0.5550037626672837
112254,0,0.124221559220746
112256,0,0.09961517448890933
112265,0,0.40352532994157164
112268,1,0.7743761161806433
112270,0,0.3071117956299159
112271,0,0.4259748215012316
112273,0,0.15931903500919972
112275,0,0.4243573975094136
112276,0,0.31805597192268537
112277,0,0.3603831676525418
112280,0,0.3063627105440841
112282,0,0.4033570124504697
112284,0,0.3296086223990982
112285,1,0.8587533620423304
112287,0,0.43090848402439674
112289,0,0.21439085822387438
112291,1,0.9999799099489652
112292,0,0.12842058322273708
112294,0,0.591113964576346
112295,0,0.1229677247092401
112296,0,0.20935509610022307
112299,0,0.17383194791568937
112300,0,0.6047713968641453
112303,0,0.787109005402282
112305,0,0.8948082165850861
112308,0,0.05840932505658843
112309,0,0.30842975232248
112312,0,0.4994971804726886
112313,0,0.5461492300582821
112314,0,0.37348701673986306
112315,0,0.510225712353105
112317,0,0.6541620819162794
112319,0,0.51875388576961
112320,0,0.51296211280493
112321,0,0.5350514490953737
112327,0,0.7817451443374617
112328,0,0.491303327819064
112329,0,0.0641100410810923
112330,1,0.44219668391280115
112331,0,0.43593439224602004
112332,0,0.4480931621934318
112333,0,0.8636740968161752
112335,0,0.15603352684295416
112337,0,0.05422327377693957
112340,0,0.24142425290404576
112341,0,0.061925381255319434
112345,0,0.22909767249412138
112347,0,0.33943873925989587
112349,0,0.5736466963773781
112350,0,0.4956496279759045
112354,0,0.3844499673119196
112355,0,0.10565862281741134
112356,0,0.3023028219514734
112357,0,0.07226622001870751
112358,0,0.6763854708062282
112359,0,0.5731316162593526
112360,0,0.23178063091118437
112362,1,0.6115858728164166
112363,0,0.29586191847838766
112365,0,0.1809561466604817
112368,0,0.3867351689204006
112370,0,0.2863636634686147
112371,0,0.023049329868476062
112375,0,0.42094854953886524
112377,1,0.41321624274364865
112383,1,0.9000864767433724
112385,0,0.1824749959885537
112386,0,0.43733755919337647
112387,0,0.5602939383446287
112389,0,0.30281713511833214
112391,0,0.35151058039234345
112394,0,0.05960975144643148
112399,0,0.2682812786766323
112403,0,0.48144589279265027
112406,1,0.9102226061380257
112408,0,0.1490059932885542
112410,0,0.6717954767421833
112412,0,0.13538341594788883
112415,1,0.5216890685463106
112416,0,0.4787408425678974
112420,0,0.4025349753987245
112421,0,0.39204666665830745
112422,0,0.7099993366126114
112427,0,0.057303818595718606
112431,0,0.08482116286641123
112432,0,0.4934754788927739
112433,0,0.223364754084439
112436,0,0.09035134939530884
112444,0,0.5519117767179006
112446,0,0.5658342465277846
112448,1,0.9207981322137803
112450,0,0.5152770999323268
112451,0,0.5810459257420807
112454,0,0.6065381248092107
112456,1,0.9276680811295043
112462,0,0.6977049869718938
112464,0,0.2983171846178893
112466,0,0.7076403754604432
112467,0,0.609909327842885
112468,0,0.1511024618172289
112469,0,0.3705224695170444
112475,0,0.8172775329958426
112479,0,0.03817974486518696
112480,1,0.21616016344425848
112486,0,0.8725535198100492
112488,1,0.8100526498910857
112494,0,0.23108791194598738
112499,0,0.34438872237748047
112501,0,0.6424684772439168
112503,0,0.6037485932430925
112504,0,0.44566752460007864
112506,0,0.2675370511518272
112510,0,0.6839478574595411
112511,0,0.35968118229784585
112512,0,0.1255776934267924
112515,0,0.4739113519486979
112516,0,0.7687571708240887
112525,0,0.7283630136104424
112530,0,0.2455514391704549
112531,0,0.13434721007228567
112534,0,0.6631980424977977
112535,0,0.4709455979766139
112538,0,0.10647072952329127
112543,0,0.4190500539200936
112544,0,0.14318251977693283
112546,1,0.6213922875555609
112547,0,0.32269791970282796
112550,0,0.2874779376609606
112551,0,0.08579710356871273
112552,0,0.8512799893979427
112553,0,0.18319898443297666
112556,0,0.12722933411269596
112560,1,0.6242774630610904
112562,0,0.7655689193137991
112563,0,0.19306073523238448
112565,1,0.5009863100311196
112566,0,0.13149430582910487
112567,1,0.7695747472929307
112568,0,0.113306310053308
112569,0,0.2309599307294239
112571,0,0.1582011784068722
112574,0,0.6294810924642916
112578,0,0.17357898994925952
112579,0,0.15854134683570303
112580,0,0.199722373496993
112581,1,0.7827364339243611
112582,0,0.10457416843278432
112583,1,0.22936383610829486
112585,0,0.6671903861904799
112586,0,0.09391910113378131
112587,0,0.033295898276402204
112589,0,0.6035381675791492
112590,0,0.3240289591267262
112594,0,0.6894936104385142
112596,0,0.35905642600843257
112599,0,0.0706000792812676
112600,0,0.5574808228371533
112605,0,0.22034099872949917
112606,0,0.2894125327883532
112608,0,0.5547534532791039
112609,0,0.4517677020232614
112610,0,0.4387943206012429
112617,0,0.2073775269676703
112620,0,0.7651680884775715
112621,0,0.4277502694404004
112622,0,0.19598552822876603
112630,0,0.35534291448009775
112631,0,0.14664083369026829
112632,1,0.5112282024225204
112634,0,0.8893590011727678
112637,0,0.6577314969575452
112639,0,0.4593888748470904
112643,0,0.12146570277446031
112645,0,0.10549707051448716
112646,0,0.37590909063945427
112648,0,0.5763107653090871
112650,0,0.48041337508430193
112659,0,0.1454145471013249
112660,0,0.3575891240436992
112661,0,0.17901201780728748
112664,0,0.09336867128551193
112666,0,0.08788783401518818
112667,0,0.4454401818341684
112670,0,0.1966504077850418
112673,0,0.42152692856165874
112675,0,0.6865518287887209
112677,0,0.6165937626201147
112680,0,0.5289113386516707
112681,0,0.549160536729218
112683,0,0.16631444155298433
112684,0,0.3066625881597714
112685,0,0.34095258405976187
112692,0,0.30773928469693995
112693,0,0.20577115533307525
112697,0,0.2633782089582817
112699,0,0.7154845452189151
112702,0,0.04181262202266021
112703,0,0.3264046329765956
112704,0,0.3527637753415652
112706,0,0.09146066116410728
112707,0,0.24250743529261873
112709,0,0.05822646551763815
112710,0,0.6795662870840196
112711,1,0.4312215865785461
112712,0,0.391169399392922
112713,0,0.3579931709923647
112716,0,0.7008999740796404
112718,1,0.8486263543173057
112720,0,0.3491385576567783
112724,0,0.09137186578745016
112725,0,0.5654066506449597
112726,0,0.3827458911978202
112729,0,0.1795471619667175
112731,0,0.2273909109088566
112736,0,0.7743915396242957
112738,0,0.6460955448823819
112739,0,0.4141162381529458
112740,0,0.6797134844138991
112744,0,0.1866424841696425
112747,0,0.3540137757587521
112749,1,0.8241358943567353
112751,1,0.06322948457201247
112752,0,0.5894418875630975
112760,0,0.188436435163088
112764,0,0.6266647835356068
112767,0,0.28078450517245457
112769,0,0.2261053998803793
112770,0,0.5558445447456689
112772,0,0.19979734994635484
112773,0,0.1012441134788761
112775,1,0.7056675520074356
112777,0,0.12874654773418032
112781,0,0.3528867738606967
112783,0,0.6931725813894231
112787,1,0.6984117015503669
112789,0,0.5691653488046264
112790,0,0.31684590503918647
112792,0,0.23860602655342997
112793,0,0.0866641573980072
112797,0,0.14684336305868267
112798,0,0.7000990562059917
112800,0,0.27702252813647177
112802,1,0.7192495111473578
112803,0,0.4133123819364185
112805,0,0.1604017473663836
112817,0,0.04698613580036862
112818,0,0.15170433756648793
112820,0,0.6443915742157138
112823,0,0.7216732564180341
112824,0,0.5457007355758834
112826,0,0.1000969184749863
112828,0,0.4121243999499947
112834,0,0.7010515825189764
112835,0,0.5478792618285226
112839,0,0.04953845115695606
112840,0,0.4446782850836828
112842,0,0.24406666558548473
112844,0,0.9979649190775568
112845,0,0.2919982800100907
112847,0,0.12993233397463233
112849,0,0.09035495731338762
112850,0,0.3341710391284529
112851,0,0.48214877465586553
112852,0,0.5466035539916613
112853,1,0.48643887782445844
112855,0,0.39329596284186363
112859,0,0.9036023637706275
112860,0,0.25469982436107
112861,0,0.43219365140035987
112863,0,0.35324820057106715
112864,0,0.08275830525925901
112866,0,0.7724603461391432
112869,0,0.15680612097673416
112874,0,0.4456712173051484
112877,0,0.1787359349990216
112882,0,0.08155445055379357
112883,0,0.579843853116613
112884,0,0.4076703521155649
112886,0,0.4257982032288695
112889,1,0.8910719211293026
112890,0,0.36099256430462695
112897,0,0.25868570085642667
112899,0,0.08927092470476071
112901,0,0.8306702672751088
112902,0,0.30047197608252685
112906,0,0.1075932852659662
112907,0,0.6259533695161298
112908,0,0.6451597351666185
112910,0,0.25818342769509317
112913,1,0.6085021260266248
112915,0,0.6520191065871761
112919,1,0.9449974343602988
112921,0,0.3229834711561112
112924,0,0.8775508089737365
112926,0,0.569721166416773
112927,0,0.331824158912741
112929,1,0.6467401328168982
112931,0,0.19549973279816757
112937,0,0.29628197787781757
112938,0,0.31284359589540844
112939,0,0.44659715596871113
112940,0,0.24652473571809277
112942,0,0.1520781685289731
112944,0,0.5370658233663943
112948,0,0.22329803635011883
112949,0,0.5615277065380816
112951,0,0.9238992437601525
112953,0,0.21935852907958833
112955,0,0.2898796852933872
112956,0,0.05630679606577535
112957,0,0.38946838541519924
112958,0,0.1275878496520111
112960,0,0.19137612518722633
112962,0,0.06609928586835985
112965,0,0.04744510811432048
112966,0,0.41109831899472216
112967,0,0.8264989294774774
112968,0,0.11729108157592899
112970,0,0.16942047681044314
112972,0,0.3955830466091625
112974,0,0.9432100807458114
112977,0,0.4776275701642716
112978,1,0.8362404426815581
112981,0,0.05588224894322118
112983,0,0.2513312958050142
112986,0,0.14164289626799634
112987,0,0.2785038602948053
112988,0,0.35639699165348093
112990,0,0.13163278611772325
112991,0,0.10762479217802938
112992,0,0.712029845740313
112994,1,0.6349503393764938
112997,0,0.4004581252434423
112999,0,0.29955467217705395
113000,0,0.4804940927785925
113001,0,0.09148289707042565
113007,0,0.44398297314262586
113008,0,0.2841730853046882
113009,0,0.3326360635801393
113010,0,0.6060928245850686
113013,0,0.6471224812970944
113014,0,0.7733862747148083
113020,0,0.474779639386306
113023,0,0.23531845917231886
113026,0,0.7180149758799108
113027,0,0.0351548741735176
113030,0,0.19962253609105132
113032,0,0.6713723644993487
113033,0,0.4598911920382813
113037,0,0.43967233769845726
113038,0,0.3159987621552508
113045,0,0.09116981035222599
113047,0,0.2326614135452481
113049,0,0.49071025588623945
113052,0,0.26688495050957023
113055,0,0.4787355460245631
113056,0,0.32724078862245337
113057,1,0.7909671270726523
113058,0,0.06660230618814117
113059,0,0.06579206243148118
113060,0,0.9685313425983874
113061,0,0.14485521295458495
113063,0,0.11443183785021202
113064,0,0.5591094494490843
113066,0,0.059158614290699435
113068,0,0.19566502393911822
113078,0,0.07780446638771993
113083,1,0.5195192450864456
113087,0,0.42863757960210397
113088,0,0.5936261291323711
113091,0,0.1299365022891739
113092,1,0.34361139206479224
113093,0,0.4601498623735378
113094,0,0.3904969542718918
113098,0,0.15525267055088493
113101,0,0.21376145486586123
113104,0,0.25081499962637255
113109,0,0.20137470460863396
113110,0,0.37805859811316195
113111,0,0.49482199695226897
113113,0,0.36038944137971884
113116,0,0.6416744471409263
113117,0,0.242724712119082
113119,0,0.6415234196839742
113120,1,0.8027106407686623
113122,0,0.2987007576428802
113123,0,0.06719173752261773
113125,0,0.1108090746904648
113126,0,0.3042322318467582
113127,0,0.6107114951652216
113128,0,0.4532084419124033
113129,0,0.4254875356603725
113131,0,0.5458303484264667
113136,0,0.644336568133635
113141,0,0.3785776445151764
113142,0,0.15400336898399491
113144,0,0.9518599784948281
113145,0,0.3673405589020415
113151,0,0.5439980957498389
113152,0,0.22968339132014365
113153,0,0.07037068786591767
113154,0,0.18703610978259394
113155,0,0.5334128626945235
113158,0,0.2809817715305003
113161,1,0.7217634662746617
113162,0,0.48394378930178383
113163,0,0.4324681039560903
113166,0,0.5876175093376224
113169,0,0.2666164950436782
113175,0,0.4868300702269229
113178,0,0.6147301859870314
113179,1,0.5506662443903094
113182,0,0.17025756885738313
113183,0,0.25394012200516497
113188,0,0.5786185987418242
113189,0,0.7015503726265541
113194,0,0.5699690735366671
113197,0,0.03933103494470105
113199,0,0.31371768171874614
113201,0,0.2137398904899642
113202,0,0.30510828801683243
113204,0,0.11939974770388077
113207,0,0.37102937016561405
113209,0,0.3806720288572432
113211,0,0.1955986334639783
113213,0,0.16832945682760342
113215,0,0.08072951101446284
113216,0,0.4520270285463987
113220,0,0.10113983864344474
113222,0,0.24687284923688857
113223,0,0.161269128219288
113224,0,0.4369989774203601
113227,0,0.6542553691815972
113231,0,0.5097633561645017
113232,0,0.42483344766279757
113236,0,0.43025216806619654
113237,1,0.843112554907594
113240,0,0.38877406629139527
113242,0,0.5262428528892459
113244,0,0.36967089939447945
113246,0,0.36898062562590733
113249,0,0.3410821041661232
113250,0,0.250717648094112
113253,0,0.40964751180990333
113254,0,0.23869879758006807
113256,1,0.8304336283930249
113257,0,0.41392254923992344
113259,0,0.27671371170578385
113263,0,0.10877154688326782
113264,0,0.2730959752912482
113266,0,0.1875060595869253
113267,0,0.37543554682238
113268,1,0.41918122101054844
113270,0,0.32580280161629094
113271,0,0.3301504019684118
113272,0,0.06687666366305511
113274,0,0.5247828505834649
113275,0,0.24981438835123249
113276,0,0.3523841772328112
113279,0,0.6559718884562458
113281,0,0.5627271099719019
113285,0,0.6415276108837766
113286,0,0.586072929226557
113289,0,0.32549395118162805
113292,1,0.7507854860996034
113294,0,0.2259198675511575
113298,0,0.39357840837515656
113300,0,0.4110504745287337
113302,0,0.029509575469871402
113305,0,0.4558334073970317
113311,0,0.4956897218673275
113313,0,0.1224315489356955
113314,0,0.8265393006245192
113316,1,0.8282450273402006
113320,0,0.16030079769915212
113324,0,0.29573678973375006
113325,0,0.05546742593943386
113326,0,0.7142580154423731
113327,0,0.6159943098687761
113328,0,0.17423038672209043
113331,0,0.335891761513296
113332,0,0.06902230591114869
113336,0,0.3290356296724044
113337,0,0.7826055944316388
113341,0,0.2737889661211742
113342,0,0.42778546135253614
113343,0,0.5693324898716414
113344,0,0.13826168746324635
113347,0,0.2204098669754775
113349,0,0.7138788522064718
113350,0,0.4354001254213448
113353,0,0.1194389814922051
113355,0,0.6528796319259819
113357,0,0.17601208837710824
113362,0,0.31835939496865684
113363,0,0.33482783820142187
113364,0,0.1304330104083365
113365,0,0.05878359508684546
113366,0,0.2615692205801938
113367,0,0.7589665572066392
113368,0,0.12152802165355553
113369,0,0.4051310093294262
113370,0,0.4424789988140263
113371,0,0.7505564322332539
113372,1,0.48273868864624186
113373,0,0.1342185855160288
113374,0,0.0669658837495531
113376,0,0.2320323930073523
113378,0,0.5637023893856206
113379,0,0.6240966843855025
113384,0,0.3622939433280984
113385,0,0.4168164011790395
113386,0,0.5284298506365522
113394,0,0.2771395157277427
113398,0,0.24765986551400648
113401,0,0.043532837182806525
113403,0,0.24740343828839934
113404,0,0.4294534236653671
113405,0,0.6021447513660682
113406,0,0.9418812524309897
113409,0,0.1605156032536684
113413,0,0.2146205012254139
113415,0,0.19266487620218403
113416,0,0.6262227033980702
113418,0,0.071132652241583
113420,1,0.5072782648557889
113423,0,0.05735656533968968
113425,0,0.19789821780975694
113427,0,0.5250912665212896
113429,0,0.47984247891999243
113430,0,0.5280893593530087
113431,0,0.09964790924745527
113432,0,0.14603573325378552
113435,0,0.2671658435626282
113436,0,0.13733779933723425
113437,0,0.5917400832302917
113439,0,0.47022871706155817
113440,0,0.40140554360697345
113442,1,0.6577759771199541
113443,1,0.8081861077508217
113445,0,0.13927337380579147
113446,1,0.9804191667009436
113448,0,0.139715972237561
113450,0,0.5791702800778306
113451,0,0.7356482542911902
113452,1,0.49877860881838926
113453,0,0.1569936515230735
113455,1,0.6638814447268392
113456,1,0.19513322188360482
113461,0,0.33348300161247735
113462,0,0.20372544988372165
113463,0,0.32781479276645986
113464,0,0.07593462447277873
113468,0,0.45455518140636375
113472,0,0.17730297987145105
113473,0,0.32694046894140766
113475,0,0.22552900627985994
113477,0,0.40461861509292724
113478,0,0.5276659741869517
113479,0,0.23980766869250203
113480,0,0.33480423391693986
113486,0,0.4029735452890158
113487,0,0.7030419423785065
113488,0,0.4084518627657649
113492,0,0.3603048723556572
113493,0,0.20747147202591446
113494,0,0.4668572966253773
113499,0,0.09687719296743347
113500,0,0.3436026639090314
113505,0,0.1346431296152073
113507,0,0.048272147567225844
113509,0,0.1491900704302269
113510,1,0.3794477150383142
113513,0,0.04698035167227292
113514,0,0.7907389132121806
113516,0,0.6577224298341565
113519,0,0.24410384380395644
113521,0,0.6266478390939003
113527,0,0.7515643373754679
113528,0,0.781761259618941
113531,0,0.17245500229939112
113532,0,0.18085379274016644
113539,0,0.471526758189934
113541,0,0.5696358468843024
113542,1,0.44773943964231366
113546,0,0.27306226158877683
113547,0,0.7117471047474576
113548,0,0.31604718798524906
113550,0,0.22357673349410434
113551,0,0.11616715549164801
113552,0,0.736228814598828
113553,0,0.3965370520010748
113558,0,0.1518903396339311
113559,0,0.49680815924748534
113560,0,0.2943954738506932
113562,0,0.22997801796994918
113565,0,0.14078930016280475
113566,0,0.16270644910097368
113569,0,0.29426300290807883
113573,0,0.8570715926243947
113574,0,0.4726841161592595
113575,0,0.7786059765479344
113576,0,0.22866929984060924
113577,0,0.35496520241625157
113578,0,0.1001541540965711
113580,0,0.6270070331455051
113581,0,0.3570773941713075
113582,0,0.309643642015558
113583,0,0.06433277260338124
113586,0,0.5522550577344447
113587,0,0.27725646701060985
113588,0,0.6662591997815525
113590,0,0.17477078133160218
113593,0,0.16170116711070154
113597,0,0.7045642074975103
113599,1,0.9638447846317229
113600,0,0.3103965377501707
113602,0,0.4013568774107122
113614,0,0.44601026393336574
113615,0,0.18884349842340578
113616,0,0.4974803273314674
113619,0,0.5656576791951843
113620,0,0.061945811323968966
113621,0,0.22241352846234133
113624,0,0.21849045306590534
113627,0,0.7465622473116421
113628,0,0.5843250978347363
113630,0,0.3218059428976432
113631,0,0.40109596881929827
113633,0,0.22837925446086757
113636,0,0.09056596553961045
113637,0,0.17477250821749515
113639,0,0.5283782090896818
113642,0,0.7400335980628325
113644,0,0.033264524682881255
113646,1,0.7073190239534544
113647,0,0.2674549084085334
113648,0,0.42919849066774735
113649,0,0.7966013660509086
113651,0,0.8197124485420918
113652,0,0.22407858288502394
113658,0,0.2738267479286796
113661,0,0.03836209821191065
113663,0,0.16513759068059375
113664,0,0.7597098872461332
113666,1,0.4920837020264836
113668,1,0.736765301543638
113669,1,0.461208112975357
113672,0,0.6047281178408598
113673,0,0.10904368977797267
113674,0,0.6564318427397899
113676,0,0.07673106742336347
113677,0,0.05296373072340382
113678,0,0.2939715428121496
113680,0,0.19945773316421525
113681,0,0.46808140505537965
113683,0,0.5456171907569695
113684,0,0.7374711639479434
113687,0,0.3439535873086908
113690,0,0.029406921135095947
113692,0,0.06376697479279032
113695,1,0.4107639462532584
113696,0,0.17027828937906553
113699,0,0.3946091109924783
113701,0,0.3409934353966304
113702,0,0.32025681558487124
113704,1,0.7649601551284964
113706,0,0.4183282490885015
113707,0,0.43679431394631096
113708,0,0.03486496661292241
113709,0,0.3277678704553562
113714,0,0.3075231166594009
113715,1,0.6499640149602388
113716,0,0.15996445902598916
113717,0,0.28057270209494856
113723,0,0.3320913740211668
113727,0,0.10974659572840936
113730,0,0.4721585124147036
113731,0,0.06957111529542534
113733,0,0.6698516865231401
113734,1,0.5899102609653896
113735,0,0.6066909507014346
113737,0,0.4478790059634917
113738,0,0.2944750126149084
113742,0,0.05789657865417877
113747,0,0.4441371827261147
113750,1,0.7082590679507236
113751,0,0.5408220252229682
113754,0,0.10169722436270473
113757,0,0.13436191274673942
113761,0,0.07315826435186915
113762,0,0.3094162079630521
113763,0,0.30583964707069117
113766,0,0.17247649977061924
113767,0,0.45704843793607075
113768,0,0.129054164637458
113769,0,0.15995690419991157
113770,1,0.62539416439581
113773,1,0.7686383003353908
113775,0,0.21864333879620845
113777,0,0.49626275894729655
113781,0,0.17146791336815959
113785,0,0.30602735268281606
113787,1,0.6303017121480954
113788,0,0.25780308856618694
113791,0,0.02909036977656813
113792,0,0.1874760946096798
113794,0,0.12538354524588807
113799,0,0.30002283575431576
113801,0,0.503212354470345
113803,0,0.35142757216758735
113807,0,0.1965146434595692
113808,0,0.3707530714569914
113810,0,0.42492072694719574
113812,0,0.07077249770088226
113813,0,0.3234143129336821
113815,0,0.30908490434883723
113816,1,0.5778335985417307
113819,0,0.3822692564058966
113820,0,0.4018588243570244
113822,0,0.12326680021292444
113824,1,0.31182396332187656
113825,0,0.25434891416771993
113827,0,0.3920403530861937
113828,0,0.2136210152904434
113831,0,0.6560373712250355
113834,0,0.23748551148466618
113838,0,0.14189154972320678
113839,1,0.4199854963835515
113840,0,0.3889144334888867
113841,0,0.512696546769167
113843,1,0.4479711934411881
113844,0,0.4115017645592682
113846,0,0.19869854622623753
113847,0,0.23678640220086217
113849,0,0.04186949250380239
113851,1,0.6982953004484975
113852,1,0.7282557670098525
113854,0,0.5176227261158746
113856,0,0.8603638760278833
113857,1,0.28700489751480246
113859,0,0.48461027234060156
113860,0,0.1667226360825364
113862,0,0.04889237249946492
113863,0,0.31409120952524716
113865,0,0.3775855448867815
113866,0,0.23902397871433853
113868,1,0.9206272191887068
113869,0,0.3891337096262013
113870,0,0.35687681827031853
113871,0,0.6191931314758116
113872,0,0.5600655013429624
113874,0,0.44654117431823986
113888,0,0.35389689766317717
113889,0,0.7967131656799623
113891,0,0.14103206158143688
113894,0,0.23568830124825926
113895,0,0.7292017146330031
113897,0,0.20138252234899132
113898,1,0.7208975250291321
113899,0,0.4819568475557976
113900,0,0.30570210245527446
113903,0,0.14893668467852297
113906,0,0.19127703641391658
113910,0,0.26827096278934
113914,0,0.02498998191265189
113915,0,0.5262626399631756
113917,0,0.35284051752085227
113921,0,0.3433778508782965
113922,0,0.5858792520311497
113925,0,0.08967295788930547
113926,0,0.7285039858792496
113928,0,0.06832750233796808
113934,0,0.3425734027023786
113936,0,0.6775189170452229
113938,1,0.2518701252654767
113943,0,0.4072719874880084
113944,0,0.5533408899759006
113945,0,0.38485204984570437
113946,0,0.2814227533799641
113947,0,0.15845204714292455
113951,0,0.5107410740091163
113953,0,0.21377891652931308
113954,0,0.25530462547689065
113957,0,0.2540153933520934
113958,0,0.4485698416167653
113965,0,0.3526691985204793
113967,0,0.07466205922827726
113968,0,0.3760142823143153
113971,0,0.5625889976876319
113972,0,0.26794691185409547
113973,0,0.647878883626769
113976,0,0.39832641997026824
113977,0,0.35310640083325007
113978,0,0.4766109899265623
113979,0,0.06878431160099194
113980,0,0.1969778521506642
113982,0,0.550420725662634
113983,0,0.2429971613539215
113987,0,0.19247465905183553
113992,1,0.7799259090254298
113994,0,0.2960227606503561
113998,0,0.2631909605404246
114001,0,0.23955501818634753
114005,0,0.3508557059535098
114008,1,0.8018024152402642
114015,0,0.3266162646098907
114017,0,0.6449720544933533
114019,0,0.2997398230692614
114021,0,0.4551802791053851
114023,1,0.788872545416025
114027,0,0.47538499272339396
114028,0,0.3896862765969482
114030,0,0.07942791823633043
114032,0,0.4228504248082405
114034,0,0.5856689476419129
114035,0,0.3922987181129195
114036,0,0.5364953872228123
114037,0,0.2254023659768467
114038,0,0.4390816516765907
114039,0,0.6093825814067144
114040,0,0.8153510820132256
114045,0,0.6144699884723096
114046,0,0.18668241822227605
114048,0,0.15180748907033503
114049,0,0.6394664481533697
114052,0,0.4452481349776773
114053,0,0.2757124435742314
114054,0,0.669803084793251
114056,0,0.3961535040257641
114057,0,0.15262989217020698
114058,0,0.5867364551282047
114059,0,0.41525269333764975
114060,0,0.20692636224752622
114062,0,0.39614205248334033
114068,0,0.06911965819846205
114069,0,0.42369376988078816
114071,0,0.44418723404271354
114074,0,0.13044217469022112
114075,0,0.032119053370743
114078,0,0.09564224740128008
114081,0,0.835802759773145
114082,0,0.3121703065090505
114087,0,0.4552528443429275
114092,0,0.33660265891618624
114093,0,0.21078213658474063
114096,0,0.5368186271518983
114098,0,0.25446177311637425
114101,0,0.426694395391207
114103,0,0.33679633182994567
114105,0,0.6800181585300648
114106,0,0.5945781539594882
114108,0,0.1304653982787302
114110,0,0.16945413433891685
114111,0,0.4360818828740461
114114,0,0.4477078692269311
114117,0,0.23872689204949232
114118,0,0.6710791996188803
114122,0,0.3456893565074044
114123,0,0.44632324516744726
114124,0,0.21416050466903314
114125,0,0.5478138852117869
114128,0,0.5759482249498223
114130,0,0.14859403574337707
114133,0,0.4060222048898411
114135,0,0.06664014683923096
114136,0,0.37559619730848665
114141,0,0.34918342480994524
114143,0,0.30651394834419093
114145,0,0.2661302537292196
114147,0,0.16306250965726124
114148,0,0.7163726062499105
114157,0,0.12317168221426032
114159,0,0.5595496625227391
114161,0,0.6445555201196796
114162,0,0.7138139753965473
114163,0,0.5308496387807838
114165,0,0.4312707501782488
114167,0,0.09955344568089282
114168,0,0.7074279803484818
114169,0,0.20610460874409758
114172,0,0.5245125728111809
114173,0,0.3211026304269072
114178,0,0.5639858824138428
114179,0,0.791236881897595
114181,0,0.5462004225914477
114182,0,0.6218508560525562
114183,0,0.07012400385927041
114184,1,0.41037980778932553
114185,0,0.1767733223624047
114186,0,0.27024843193993925
114188,0,0.16231141304825952
114189,0,0.6221616328757262
114194,0,0.3286696971592452
114195,0,0.1664309571317962
114199,0,0.2610632236452587
114203,0,0.2843253877934024
114211,0,0.14545732710568124
114212,0,0.18299658568147864
114213,0,0.7648271064887584
114219,1,0.2743517331079011
114220,0,0.11231594690711541
114222,0,0.16516039824660717
114227,0,0.04487305822261442
114228,1,0.36550032079839817
114229,1,0.7489154810301484
114231,0,0.2422960415797032
114236,0,0.5919800121498648
114239,0,0.2615964290909963
114240,0,0.5171757629072783
114243,0,0.555030029809403
114244,0,0.27053120567335465
114246,0,0.1956752534675106
114247,0,0.39349355906807426
114248,0,0.3053362200975553
114251,0,0.5851547389840402
114254,0,0.3084960477558317
114257,0,0.31135195648234343
114260,0,0.11525252909372437
114261,0,0.5235401948027677
114268,0,0.4638205299413351
114269,0,0.5578446196502146
114272,0,0.06844250786387432
114273,0,0.46152464726017417
114274,0,0.46391637099048044
114276,0,0.33606367216149935
114279,1,0.6182430260163359
114280,1,0.5785056739776188
114287,0,0.18570049405184333
114291,1,0.5362263252724407
114293,0,0.48075883116612483
114294,0,0.29969394205484057
114297,0,0.5172694176067688
114298,0,0.19985970601042277
114300,0,0.2522181622907723
114303,0,0.1051281156451376
114305,1,0.5872250614590532
114306,0,0.1767755651631097
114311,0,0.24872697128391974
114312,0,0.12990157653708917
114314,0,0.461740095166867
114319,0,0.04786810583871786
114320,0,0.5463948215145478
114323,0,0.2926847632135934
114324,0,0.45374294387191655
114327,0,0.30869663732021824
114329,0,0.4170228499574858
114331,0,0.16687088349313728
114332,0,0.477224842164607
114333,0,0.10207274415308032
114334,0,0.0536606281500709
114337,0,0.4789172829582397
114338,0,0.21828449102696584
114339,0,0.16181075929695007
114340,0,0.45218260415669526
114343,0,0.0762026138750369
114345,0,0.32542715622505286
114346,0,0.47558247844701546
114349,0,0.34448520383974823
114351,0,0.700360918723495
114352,0,0.14598685234464406
114353,0,0.4289959989676105
114354,0,0.549022586191779
114357,0,0.34095332397805167
114361,0,0.6313542615521095
114363,0,0.7006320351479225
114364,0,0.33334230710853174
114366,0,0.4620502139971612
114369,0,0.3177679558539028
114371,0,0.733602871486412
114374,0,0.12690189120980422
114376,0,0.10803958506168479
114377,0,0.11744222524369737
114379,0,0.13377044117169062
114380,0,0.29991448121830583
114383,0,0.7402361562173088
114386,0,0.4811582845831844
114387,0,0.12717747077599942
114388,0,0.17107771205752847
114389,1,0.6535066036200552
114393,0,0.23028536808007227
114396,0,0.23823767541447544
114403,1,0.37104998717121185
114404,0,0.42684239446963557
114405,0,0.1943565478227298
114406,0,0.7626152128781464
114407,0,0.5012340542984722
114409,0,0.23123924781179686
114410,1,0.5218467314632494
114412,0,0.06422645821184464
114413,0,0.2112024850514493
114415,0,0.3766824729376864
114417,0,0.5155126492626164
114419,1,0.5361829133488758
114420,0,0.29278921870957497
114422,1,0.4881523818741014
114423,0,0.24725380317232334
114425,1,0.5895243727709834
114427,0,0.38315120176091316
114430,0,0.0823741668097813
114431,0,0.31841441452536956
114438,0,0.3052303936364479
114444,0,0.7270627697413536
114445,0,0.504397318283976
114446,1,0.3654279568125971
114448,0,0.11397263144791697
114449,0,0.29420482172556045
114450,0,0.7710116307660786
114452,0,0.1586340148140635
114453,0,0.1983433407452298
114458,0,0.13880141376745864
114461,0,0.5926237585854802
114462,0,0.8089245784204145
114463,0,0.5805969527738831
114466,0,0.20421532856997127
114467,0,0.2687976620184448
114472,1,0.4948059939060817
114473,0,0.23332310647733573
114475,0,0.30675027676986905
114478,0,0.04611108203280087
114481,0,0.36637835325837714
114483,0,0.6786608069863455
114486,0,0.6547652922809294
114487,0,0.5296385396596486
114490,0,0.5352835824294524
114491,0,0.5592528724688799
114493,0,0.44443450954992614
114497,1,0.653134731038176
114498,0,0.2946676752571958
114499,0,0.3248106061889826
114500,0,0.37810878247290475
114505,0,0.10229513889675092
114507,0,0.5761397583089153
114510,0,0.5039510888069115
114512,0,0.27798434216235823
114514,0,0.373489261981387
114517,0,0.5808123926115099
114519,0,0.2928903090631508
114520,0,0.5289099922421777
114521,0,0.12613616571715403
114523,0,0.09902397395689849
114527,0,0.15966691554792192
114530,0,0.12467749356959926
114532,1,0.5747920772782195
114533,0,0.09144243442917598
114534,0,0.8600558486653852
114535,0,0.49805992660156295
114538,0,0.11846832578668373
114539,0,0.43978567504270355
114540,0,0.7850938818224245
114542,0,0.07132055035157632
114543,0,0.2841026690972726
114545,0,0.7249784399391834
114547,0,0.587605807536614
114554,0,0.7920800505849941
114555,0,0.05586478962999998
114557,0,0.12350811278552146
114559,0,0.047654267719111985
114560,0,0.25584577354893356
114573,0,0.4241152280056902
114576,0,0.17625590785416856
114578,0,0.13771515329968748
114579,0,0.6129840785941969
114585,0,0.520888182076795
114586,0,0.6125741480060611
114589,0,0.7230519098140628
114594,0,0.23455221399775594
114595,0,0.2067861769978578
114602,0,0.04706399662875688
114607,0,0.3083217153542977
114608,0,0.6327787455683926
114610,0,0.3194242505081493
114611,0,0.275844947312804
114612,0,0.11662721040313452
114614,0,0.6065638022758455
114615,0,0.16522427321402186
114616,0,0.4694680562167468
114620,0,0.35940664107550835
114622,0,0.6061799088551485
114624,0,0.4895979750815655
114631,0,0.168760607866925
114632,0,0.8734928884391933
114633,0,0.1511709142378879
114637,1,0.6460227267931682
114638,1,0.8462678011805811
114641,0,0.024102604341696626
114643,0,0.1980142175271909
114645,0,0.43622962568836127
114647,0,0.38805560483761403
114650,0,0.4304006812178245
114651,0,0.561636029033527
114652,0,0.3795660507117678
114657,0,0.08657218283602644
114658,0,0.4632337260803741
114659,0,0.16792316216773467
114660,0,0.08103221322912536
114661,1,0.4147310548004
114663,0,0.40726408158633753
114664,0,0.38097110485348185
114671,0,0.43034489720176217
114672,0,0.21678826096226947
114673,0,0.34585854722531445
114677,0,0.5112685721359376
114681,0,0.6249429603783014
114682,0,0.3953290996359624
114686,0,0.8284060223838161
114687,0,0.26881257328226255
114688,0,0.0585318350126123
114690,0,0.11622658131931135
114692,0,0.6262339854121535
114693,1,0.47141523374420846
114695,0,0.07725636715605495
114699,0,0.41921394240916987
114700,0,0.3794420401212874
114701,0,0.2747406184584491
114703,0,0.5223365759850411
114705,0,0.6310676869725182
114708,0,0.5241512914654816
114712,1,0.9819882818048686
114718,0,0.11827580735320845
114723,0,0.11604965729461189
114724,0,0.4747208705149379
114728,0,0.21901805688973852
114729,0,0.24563759364587165
114731,0,0.26256375989249003
114734,1,0.6214274832739202
114735,0,0.6957449620827822
114738,0,0.5040097933371219
114739,0,0.6399344135952083
114740,0,0.418236674019887
114741,1,0.8296895714371837
114744,0,0.32392375463125195
114745,0,0.6618816917354421
114746,0,0.1793913095562885
114747,0,0.0929141983180643
114756,0,0.1331921341112008
114757,0,0.3497121051359849
114759,0,0.04023790213585104
114762,0,0.09916478184327752
114765,0,0.3415483342238662
114769,0,0.12451782724265362
114772,0,0.08989054263384089
114774,0,0.2290915198464975
114775,0,0.09438213060046358
114782,0,0.039135342719778664
114785,1,0.4167448589962621
114789,0,0.7041588454920897
114790,0,0.8003427220039718
114791,0,0.9267039616406959
114793,0,0.14592109644084617
114795,1,0.4314578094345972
114797,0,0.6295429162890133
114798,0,0.18606338970055109
114799,0,0.7402214051299292
114801,1,0.9253302958780371
114802,0,0.5584120401610014
114803,0,0.09745456880808849
114806,0,0.04962392374610656
114808,0,0.2515473775257173
114809,0,0.11175456785089935
114811,0,0.3750374542596478
114818,0,0.38721651746141045
114819,0,0.06270438472711572
114822,0,0.7076135157117565
114825,0,0.2710984666025577
114826,0,0.5342028460282191
114828,0,0.46324100895567566
114831,0,0.7935833171072829
114834,0,0.24538561170702153
114835,0,0.21385833833840012
114838,0,0.6543233878028595
114841,0,0.5136609650706205
114842,0,0.3210527631847793
114843,0,0.5351956539700774
114846,0,0.8115291387227057
114849,0,0.9180886252052947
114851,0,0.07859910205282475
114852,0,0.3118944046880461
114853,0,0.6464444014828957
114859,0,0.649270292004915
114861,0,0.42550251169066045
114862,1,0.6289754078213989
114863,0,0.45583555335872217
114864,0,0.37036623392812124
114868,0,0.10619153615907402
114870,0,0.270397042125467
114871,0,0.6089650131675809
114872,0,0.34477645129128515
114877,0,0.6338606245273404
114879,0,0.14394974763494733
114883,0,0.3566076554083964
114886,0,0.346200977481587
114889,0,0.5657542636528506
114890,0,0.12010581460418986
114893,0,0.3691048642681407
114894,0,0.49611061934687034
114895,0,0.21720197195256388
114897,0,0.3186496134153161
114898,0,0.434749898508905
114901,0,0.3064312794297252
114903,0,0.5953736787729306
114905,0,0.29840778992137484
114906,0,0.05672066377459352
114907,0,0.4468870539353739
114908,1,0.818092490670579
114910,0,0.06020247721763342
114911,0,0.07931725939485539
114912,0,0.1891444893531154
114913,0,0.3359943327072561
114915,0,0.2257681080285653
114916,0,0.24032011359155592
114917,0,0.6595750059624121
114919,0,0.6113782502630094
114922,0,0.5705805634059501
114924,0,0.44843027935032315
114925,0,0.0686781426225952
114926,1,0.45780769575550007
114927,0,0.2516092389424462
114929,0,0.1888948938313339
114931,0,0.4088499808723896
114932,0,0.2233100385398002
114933,0,0.17586066468735315
114934,0,0.3533567209002612
114935,0,0.19129647703559646
114937,1,0.6330841027428571
114940,0,0.3274669145889311
114941,1,0.7752409631769017
114942,0,0.3064300718462165
114943,0,0.47585263057357935
114944,0,0.7841219896871638
114953,0,0.19639934474599863
114954,0,0.03643800032170957
114958,1,0.8026783366110541
114961,0,0.2984278003829657
114962,0,0.716117204022649
114963,0,0.46227559997937695
114965,0,0.37282274839383484
114966,0,0.10853673791079943
114968,0,0.3314618712501438
114970,0,0.5020640137997596
114973,0,0.5073580357462666
114978,0,0.12286047370667184
114979,0,0.6412689047861605
114982,0,0.784598483522024
114984,0,0.1849290301409528
114985,1,0.577842662026998
114986,1,0.9242847427963693
114988,0,0.3884756875462179
114989,0,0.5372599451089866
114993,0,0.6208635213688324
114994,0,0.3590249933310902
114995,0,0.32910256973865165
114996,0,0.18881805784229602
114997,0,0.24218702226056762
114998,1,0.5518140184436594
115003,0,0.20060425435039153
115004,0,0.07138496772750902
115005,0,0.35051651571951825
115006,0,0.08916469729558428
115007,0,0.5263980993475456
115012,0,0.43137447083445063
115013,0,0.22424900940382983
115015,0,0.41177243861721313
115018,0,0.4673690743097015
115021,0,0.5814579178762872
115023,0,0.2511022308110635
115028,0,0.4852829237628112
115030,0,0.42961603901559126
115034,0,0.2643747800920174
115035,0,0.4367827341662217
115036,0,0.12974551160555794
115037,0,0.07969776120617833
115042,0,0.6715182983376576
115044,0,0.18300050033624893
115045,0,0.18970414049656734
115046,0,0.42916379713656316
115047,0,0.20635381819511392
115051,0,0.7280354900657968
115052,0,0.21989529600405566
115053,0,0.027718757081650593
115055,0,0.10336588165970212
115056,0,0.27180651620718715
115057,0,0.878185236128192
115058,0,0.28142633264667033
115060,0,0.6818267984372689
115065,0,0.1020747423334538
115066,0,0.525640571711623
115070,0,0.06954877114620475
115074,0,0.3523968341759835
115077,0,0.31201500377814984
115081,0,0.4527886511524254
115082,0,0.1603880756333821
115083,0,0.30073732516143664
115085,0,0.5117947213918711
115088,0,0.05562672984631093
115089,0,0.21087667054289116
115090,1,0.5505214203541186
115091,0,0.37174779721082757
115094,0,0.19765551934986714
115095,0,0.5669848870286845
115096,1,0.7114554567216802
115097,0,0.24800566685543873
115099,0,0.2187610750495484
115100,0,0.5113637423143546
115110,1,0.2609122310076487
115120,1,0.8327086482894779
115122,0,0.20666318177889825
115123,0,0.48098232374508676
115126,0,0.29123655994167735
115127,0,0.4247195354268269
115129,0,0.1480921095096703
115130,0,0.03439907728814092
115133,0,0.3787520661041936
115138,0,0.9219925554163565
115140,0,0.38066357286094027
115142,0,0.3548698840838845
115144,0,0.2050919640990211
115146,0,0.7710040542382214
115147,0,0.24361526320148932
115150,0,0.3213035707122584
115151,1,0.8874547571567151
115154,0,0.43414697921822915
115155,0,0.0446089562160302
115156,0,0.3524916652899562
115159,0,0.5855554177929501
115161,0,0.3638783708097897
115164,1,0.7177203833463911
115171,0,0.613831602908967
115173,0,0.6355349652734699
115181,0,0.31871930922632924
115185,0,0.4627059628800275
115186,0,0.03025995845697597
115187,0,0.8242313682235588
115188,0,0.12644488004762908
115189,0,0.48408565403842685
115190,0,0.6293146196343212
115191,0,0.04609437579296245
115192,0,0.4738246123521696
115193,0,0.04850993416801596
115201,0,0.3537831237369546
115202,0,0.4273024964613702
115203,0,0.5572919449242006
115205,0,0.13190501678513789
115206,0,0.49615400010903093
115210,0,0.7513134310775462
115212,0,0.439894542314052
115213,0,0.36908553204700695
115215,0,0.4728759349545047
115217,0,0.45740280022543256
115218,0,0.5277427873584815
115219,0,0.27035168531966025
115220,0,0.23959315071860243
115225,0,0.2599628935626438
115226,0,0.5365965282705927
115229,0,0.15512584159096282
115230,0,0.13877308668311442
115232,1,0.3624606275464998
115235,0,0.25903737346891814
115238,0,0.10933273832370075
115240,0,0.45507695513329127
115242,1,0.743464114900826
115243,0,0.3075859549101344
115244,0,0.1893473713377716
115245,0,0.12114467807209216
115247,0,0.5930556787324075
115249,0,0.535081311601386
115250,0,0.1484573606235104
115253,0,0.6586396384436819
115254,0,0.5441366540928245
115255,0,0.2502145839240694
115257,0,0.08239937494809724
115258,0,0.16944475419430283
115260,0,0.10662433576066298
115261,0,0.2109033081402347
115263,0,0.4324219928836121
115266,0,0.529757536968144
115269,0,0.4566580940470305
115270,0,0.35879142586504686
115273,0,0.7448991259177529
115276,0,0.06604455593269459
115279,1,0.7933552977957004
115280,0,0.08271624513302082
115281,0,0.41930946141859526
115283,0,0.23632645308116187
115284,0,0.08813474390684485
115287,0,0.46445902481785084
115288,1,0.7597776369209585
115289,0,0.1016322782627936
115290,0,0.21215997492484998
115292,0,0.4177530458304526
115294,0,0.051887738019926154
115295,0,0.47810763980131776
115300,0,0.2927664452385566
115304,0,0.5270778472063608
115305,0,0.42110789912348456
115307,0,0.21415763235654686
115308,0,0.40431247670313547
115309,0,0.469590309953779
115310,0,0.39841074550534816
115316,0,0.2827891044655362
115317,0,0.23140883320338698
115323,0,0.06735695222189045
115325,0,0.20846164740835324
115326,0,0.15462637244452426
115328,0,0.3212280556258745
115331,0,0.3930781263270188
115332,0,0.08881144088354265
115333,0,0.23106968939108535
115334,0,0.4385335877951251
115335,0,0.11784966042110614
115337,0,0.4926000708965312
115338,0,0.15498207772178987
115342,0,0.33481769138742784
115346,0,0.2606845406815306
115350,0,0.14146236501724202
115355,0,0.3703114693700177
115358,0,0.47862641526313626
115359,0,0.044331466599922466
115363,0,0.1898809804964855
115365,0,0.09327179553252406
115371,0,0.3618068979225703
115374,0,0.07642810195898628
115375,0,0.12092310289646512
115379,0,0.4526200142521438
115380,0,0.46633152150475804
115382,0,0.07138503371407756
115386,0,0.6952393713179806
115387,0,0.3361425865148938
115390,0,0.0702769836852698
115393,0,0.2597346714734004
115394,0,0.5077442294857668
115395,1,0.3849268101519216
115396,0,0.6327477788722521
115398,0,0.6965935398712958
115401,1,0.3215292558992858
115402,0,0.5190872215987554
115406,0,0.059381212299035986
115407,0,0.4322990162717124
115409,0,0.6329249627919483
115410,0,0.06156994675007848
115411,0,0.21825341392206504
115416,0,0.2325791520880752
115417,1,0.879974112443682
115418,0,0.24535130713356365
115421,0,0.19013962201360443
115423,0,0.09785618465724832
115426,0,0.2939177867709643
115428,0,0.40567853475439636
115432,0,0.058091580593600756
115435,0,0.05226990293524873
115437,0,0.5832391184136364
115438,0,0.18502526403068373
115440,0,0.6947709372079746
115441,0,0.2538124743024896
115442,0,0.4261638095076061
115443,0,0.4273027786744335
115444,0,0.6724320969729594
115445,0,0.4986449549434375
115447,0,0.1390469322135612
115450,0,0.13786421558606196
115455,0,0.11698306926642796
115458,0,0.3714956010593927
115459,0,0.6845861614169417
115465,0,0.35870135642998136
115466,0,0.2980960080780769
115467,0,0.16166744930283286
115469,1,0.7853651714633304
115470,0,0.33065530606108423
115471,0,0.05384105857807968
115472,0,0.3239714636445481
115474,0,0.33814167055777733
115478,0,0.6635779129384967
115479,0,0.06034633667694813
115480,1,0.9896238814431476
115485,0,0.2761263423081497
115487,0,0.18696170151497601
115489,0,0.37437007015806906
115490,0,0.5324436674241637
115493,0,0.6378668378356327
115494,0,0.6114064421762446
115495,1,0.5280066690970668
115498,0,0.42519127651934147
115499,0,0.08628185959133756
115501,0,0.4093735386870059
115503,0,0.7276084213343946
115504,0,0.7571061644415216
115509,0,0.31047449453308973
115510,0,0.06867956120728194
115511,0,0.4953995091552147
115512,0,0.10600859845126735
115518,0,0.4822366231842572
115520,0,0.05269765909644704
115521,0,0.29553414601850353
115524,0,0.44854665352750345
115526,0,0.6722137461550521
115530,0,0.10914380614808754
115532,1,0.8272294822523745
115538,0,0.29904538996454544
115539,0,0.49019690693945045
115542,1,0.23732511844371135
115544,0,0.03042132203366727
115545,0,0.01577961383301166
115546,0,0.3081724533935968
115547,1,0.7371265618577246
115551,0,0.11274141052707946
115558,0,0.5622291665678479
115560,1,0.4345128760107362
115563,0,0.09502673013745577
115569,0,0.7370805967578296
115574,0,0.29456513195980993
115575,0,0.4454709811409957
115577,0,0.06027285223971684
115578,0,0.24310714078139972
115579,1,0.5634520670332326
115581,0,0.4816761865583632
115583,0,0.7315124024889259
115584,0,0.1503670396500524
115585,0,0.6728281299646892
115587,0,0.1802009373039052
115588,0,0.3844032720717339
115590,0,0.2872231003053423
115592,0,0.4005000989321127
115598,0,0.21488113122384334
115599,0,0.28397087320378944
115600,0,0.6564860523498316
115601,0,0.12316276270667158
115604,0,0.6177015740675904
115605,0,0.7346148846720799
115608,0,0.2467844607106015
115609,0,0.08044891298280939
115611,0,0.44727546237580557
115613,0,0.200668701215717
115614,0,0.07489017669227442
115615,0,0.076099167272479
115617,1,0.3959464593625729
115621,0,0.14667467251749083
115624,0,0.526285596116025
115629,0,0.35929830287441783
115632,0,0.8728414537989796
115634,0,0.18794709995639805
115636,0,0.3219917629899591
115643,0,0.4160123920164391
115644,1,0.5456121468897035
115645,0,0.14142611770443433
115646,0,0.5747427316816152
115647,0,0.567077687290446
115651,0,0.2866656518017852
115656,0,0.6613074032270749
115661,0,0.5169883095348661
115662,0,0.28843744064954996
115663,0,0.5279606355595778
115666,1,0.866945241928024
115668,1,0.43612377087879994
115669,1,0.6495640727670278
115670,0,0.5613036295870935
115671,0,0.41195342194556533
115673,0,0.050905361243972005
115674,0,0.8390555953620579
115676,0,0.49988714333480777
115680,0,0.36543888561199495
115683,0,0.23559280538024777
115687,0,0.16738733105151232
115692,0,0.22247968517722022
115698,0,0.3966502203287269
115701,0,0.37549374907276073
115705,0,0.43392471604168265
115710,0,0.4704898758178441
115711,0,0.35541495205869345
115714,0,0.35436129856550724
115715,0,0.4598956032905136
115724,0,0.07815111851715172
115727,0,0.8265651227081953
115728,0,0.05733824684437865
115731,0,0.03666017984671357
115732,0,0.777586252265487
115736,0,0.5492120675119955
115739,0,0.44899411134931033
115740,0,0.55287228110557
115741,0,0.06617258263952447
115743,0,0.26531982299275436
115744,0,0.4896563965483017
115746,1,0.5444822036367202
115747,0,0.4790772213199738
115749,1,0.5542213620719758
115750,0,0.18257837166029225
115751,0,0.2704446744930337
115752,0,0.502220582702587
115754,0,0.4008836756389891
115756,0,0.07815999514437957
115757,0,0.7715787763102838
115759,0,0.13127851308985033
115764,0,0.21841583186067
115766,0,0.14744453487021686
115767,0,0.1475786600872066
115770,0,0.6660592330009685
115772,0,0.1240289257095026
115776,0,0.12355915329026583
115780,0,0.2237899697574357
115782,0,0.24343356040035716
115785,0,0.07672129053585938
115788,0,0.10756946015653737
115791,0,0.41629339812207816
115792,0,0.09734062278787904
115793,0,0.5152916906855038
115796,0,0.3602489363484277
115800,0,0.4766046229347959
115801,0,0.3221046533806793
115803,0,0.47761398150938283
115804,0,0.40941395832444727
115805,0,0.22919504975110105
115806,0,0.10563470023934365
115807,0,0.6156457065377124
115808,0,0.612847228105921
115809,0,0.574922217211903
115813,0,0.13191571300204039
115814,1,0.15974876852871847
115816,0,0.3927772762214145
115818,0,0.3446391696018639
115820,0,0.3886349156436404
115822,0,0.3100499611340414
115827,0,0.571558721815924
115829,0,0.14899251275999933
115831,0,0.14506716446354748
115833,0,0.09415322531228044
115834,1,0.6437171586309686
115843,0,0.36785104340096786
115846,0,0.5150190808385303
115848,0,0.5763724582853441
115850,0,0.7573577923867426
115851,0,0.2767939863374743
115853,0,0.1273918862077366
115854,0,0.14314790891280954
115856,0,0.4921821215663418
115858,0,0.7276282652394747
115859,0,0.30218401085096097
115860,0,0.3088650467131225
115861,0,0.6212623236820679
115864,0,0.21256586499538307
115868,0,0.5377984787465039
115875,0,0.7729864238616
115878,0,0.1021933734074161
115879,0,0.17272670588400396
115880,0,0.14961476728939235
115882,0,0.26288061167384974
115883,0,0.1628462326887457
115885,0,0.5982700197829856
115886,0,0.266747685537951
115887,0,0.42631045500353343
115888,0,0.46927259003730026
115889,0,0.42705589086899437
115891,0,0.37095336204086876
115895,0,0.507532725464499
115898,0,0.4483054957257826
115904,0,0.30463081893456717
115907,0,0.3949565352005546
115908,0,0.18900175613023035
115909,0,0.777433919383159
115912,0,0.23936357008133194
115913,0,0.18656444829320146
115915,0,0.16792001525494127
115917,1,0.3064050946745495
115923,0,0.1588444893053591
115926,0,0.5678916372293369
115928,0,0.5731196556389389
115929,0,0.15402471924152847
115934,0,0.19578863952833747
115935,1,0.8023482014204322
115936,0,0.4494806991443086
115939,0,0.7465954382168126
115942,0,0.5993781884798924
115943,0,0.49989339821752937
115950,0,0.5505057238180673
115951,0,0.17383403820857649
115953,1,0.9510291796528584
115955,1,0.7505768860803477
115957,0,0.37505283040528425
115959,0,0.10173222862010718
115961,0,0.644976879004612
115963,0,0.4310333921557484
115965,0,0.4038846934974069
115968,0,0.30891562470473954
115969,0,0.8956506500856414
115972,0,0.6089547023533572
115978,0,0.427514796335318
115983,0,0.4449685413580292
115985,1,0.4722117211167395
115986,0,0.5870576485748198
115988,0,0.3524612283612622
115989,0,0.39837029016833114
115990,0,0.107191274812306
115993,0,0.5012429847392686
115994,0,0.645369342269896
115995,1,0.6431034708190113
115996,0,0.910007729717629
115998,0,0.08631401680485895
116000,0,0.2191194821487176
116001,0,0.37877090562738147
116002,0,0.06214848520515217
116003,0,0.0748375600963725
116004,0,0.11050528866702453
116005,1,0.5553781936772537
116008,1,0.5908228287498872
116010,1,0.7150049862617395
116012,0,0.3376763059828463
116013,0,0.5735448330645214
116014,0,0.1527745633124911
116018,0,0.5564173607085263
116019,0,0.3600042213518444
116021,0,0.15691244404929625
116022,0,0.3253512631648577
116026,0,0.04927093481805889
116027,0,0.5909236036029927
116028,0,0.3688508211034043
116029,0,0.636607999347114
116030,0,0.40215618298545186
116031,0,0.2616248750179533
116035,0,0.07938029532020331
116036,0,0.4461702144143938
116038,0,0.4882114924151845
116041,1,0.5320166019585899
116042,0,0.06206934280977371
116043,0,0.6163075445546843
116044,0,0.338347019720736
116045,0,0.13579349848489972
116046,0,0.09726352411209419
116050,0,0.25147030561281686
116052,1,0.8231494717731281
116053,0,0.09284698849805643
116056,0,0.4374218867709527
116057,0,0.43597228255108944
116061,0,0.3910659249399146
116062,0,0.49753209043172364
116065,1,0.6761793538888576
116067,0,0.6033280329282716
116070,0,0.5013139648201518
116071,0,0.04102278438231135
116072,0,0.08345164055872353
116073,0,0.5106897537323147
116074,0,0.06858019132079113
116075,0,0.16274032286071208
116076,0,0.3496492102433613
116077,0,0.4830673710946672
116078,0,0.2765167110512455
116079,0,0.5776176868086663
116084,0,0.18975034136826788
116088,0,0.18107314664032467
116089,0,0.15222673544368737
116090,0,0.09056461720658303
116094,0,0.3994905503927804
116097,0,0.643998341477801
116099,0,0.5811335402770541
116101,0,0.3283924273875928
116103,0,0.4020929461212577
116104,0,0.11111242485964418
116107,0,0.31050297877051
116109,0,0.7424682126582283
116110,0,0.057724162498671974
116112,0,0.35951551473752275
116113,0,0.23857851768715138
116114,0,0.10657556938735373
116116,0,0.5248552462231145
116118,0,0.09911222709383115
116120,0,0.4828376927412631
116121,0,0.151403250562532
116125,0,0.338062215973747
116127,0,0.7396280609527033
116129,1,0.5162014904447402
116131,0,0.4657695579401149
116133,0,0.1403500757751339
116135,0,0.584617151927924
116138,0,0.2551945287267806
116140,0,0.6895654452255814
116141,0,0.3791188636501163
116142,0,0.24809359302465833
116144,1,0.8014402681007351
116145,0,0.12015502993236303
116147,0,0.4176618338400446
116148,0,0.5790826064959754
116151,0,0.37332119651140255
116152,0,0.07464922994606549
116153,0,0.10827313006836146
116157,1,0.17018895271623502
116160,1,0.9734989486922319
116164,0,0.2703632265871539
116166,0,0.37486356294134526
116167,0,0.10072155068036306
116169,0,0.377147288618711
116171,0,0.09385812631713733
116174,0,0.30965155433509794
116178,0,0.08716721810493973
116180,0,0.16452110048699556
116181,0,0.3727642852540961
116182,0,0.021249955486192986
116183,0,0.17989088344339946
116184,0,0.3212940455937995
116186,0,0.2630954795592472
116187,0,0.560446685694432
116190,0,0.13996398956304074
116196,0,0.7638362373429239
116201,0,0.12839043952580287
116202,0,0.5215840816310103
116203,0,0.811648531966502
116205,0,0.32151061424444655
116206,0,0.28169237853806905
116207,0,0.4078194385338157
116208,0,0.38948136804766087
116210,0,0.5813815781992638
116211,0,0.6595105697000438
116213,1,0.5174186468570762
116216,0,0.407933039562698
116219,0,0.14395022611698904
116225,1,0.8805643429845855
116226,0,0.1437152772991952
116228,0,0.06650239948776018
116231,0,0.21747866441914343
116235,0,0.2038340691495629
116238,0,0.19156563775599475
116240,1,0.7021142816862119
116241,0,0.7276337115235967
116242,0,0.2450609067018345
116243,0,0.38373696087061543
116247,0,0.5027207801933677
116251,0,0.06198212671239278
116254,0,0.4547042889405528
116260,0,0.30459366496545337
116264,0,0.4660984002623333
116267,0,0.35048214424708696
116268,0,0.6906635905243466
116269,0,0.3425120286829161
116270,0,0.532561250876323
116271,0,0.16214905413979966
116274,0,0.7502781855630758
116276,0,0.4801908498564942
116280,1,0.484772851549966
116281,1,0.6558276272181441
116283,0,0.3029032738656583
116284,0,0.4016770821314881
116286,0,0.29880731049980863
116287,0,0.1419597547509145
116290,0,0.10463060286435563
116291,0,0.0754033182833787
116292,0,0.2677478345739657
116293,0,0.06065299296881088
116294,0,0.07572243033812849
116295,0,0.20491774698364723
116296,0,0.11057793169916362
116299,0,0.34052573973742895
116300,0,0.14338070314225446
116302,0,0.193488129259508
116303,0,0.5862481678663658
116305,0,0.07137022666687523
116306,1,0.6951903542592933
116307,0,0.4760345763361518
116313,0,0.5224349458311803
116314,0,0.0456450285971353
116315,0,0.4400047231372484
116319,0,0.7603131775742253
116320,0,0.3023312135749508
116322,0,0.2614996857666911
116325,1,0.7480561917893804
116327,0,0.1531853352650318
116330,0,0.17156644318250217
116335,1,0.6001041308066716
116336,0,0.33302389075981514
116338,0,0.2909551348529044
116339,0,0.7541224820180927
116341,0,0.205465810127681
116344,0,0.4426913899908807
116345,1,0.25045845042230447
116347,1,0.9110696628110263
116348,0,0.10615420290729002
116351,0,0.4727927405960132
116352,0,0.1121299444040608
116354,1,0.7947433573631462
116355,0,0.08002575077382712
116356,0,0.0342300450857904
116357,0,0.22411087271615393
116360,0,0.36538364957272124
116362,0,0.8328966890701165
116372,1,0.12416708305703243
116373,0,0.2673170123206358
116374,0,0.20249801338653226
116375,1,0.7095820318662822
116376,0,0.7728191681978486
116378,1,0.4411941696888077
116380,0,0.3879134735183502
116381,0,0.5916329554711299
116382,0,0.3379794682836829
116383,0,0.33585941781456713
116384,0,0.26536419969627456
116386,0,0.3371348337665493
116387,0,0.5585627888518331
116389,0,0.9258891656409589
116390,0,0.621460521010955
116397,0,0.32807917926521424
116398,0,0.0884141073389874
116404,0,0.325700968832465
116405,0,0.31575850782857956
116406,0,0.32853846226045075
116407,0,0.5301840114562998
116410,0,0.20647831182197054
116415,0,0.3060985493845811
116417,0,0.20281443640389413
116420,1,0.4277493227933912
116421,0,0.49198638745199913
116423,0,0.1488621732065502
116424,0,0.20183520423891138
116426,0,0.3947065624089368
116428,0,0.37680391554458514
116430,0,0.1954963637148682
116432,0,0.34245242074146587
116433,0,0.0353009246379147
116434,0,0.051753764183689134
116435,0,0.3426160658565801
116436,0,0.08347035816927607
116437,1,0.9824512202128397
116439,0,0.7384334391540905
116441,0,0.5022076409044304
116442,0,0.6116997209741712
116446,0,0.024220008844454147
116447,0,0.8159398729612231
116448,0,0.05249419182848513
116449,0,0.2664828109865149
116451,0,0.1884496819201827
116453,1,0.42775843015905807
116455,0,0.167754171919485
116456,0,0.5090453636463794
116457,0,0.371130737039073
116459,0,0.5371545112499435
116461,0,0.44559263918731684
116464,0,0.6289187391623535
116467,0,0.4004704295624718
116472,0,0.6059044955258235
116474,0,0.35312186779833793
116475,0,0.13095144478877596
116485,0,0.28166344191928233
116487,0,0.37415743855625416
116488,1,0.7026497477223032
116490,1,0.9243981058931046
116492,0,0.08096476124473226
116493,1,0.4277217443799028
116495,0,0.35902969598165596
116499,0,0.6381065048894068
116500,0,0.6505492346215204
116502,0,0.23726563476974627
116503,0,0.44188884642563836
116505,0,0.39493045329666193
116507,0,0.17763579317967976
116508,0,0.03650440584715587
116509,0,0.31893612722085685
116510,0,0.4705067435631238
116511,0,0.18013851961639166
116518,0,0.3451057310549579
116522,0,0.6303559890325591
116526,1,0.6865954823026627
116528,0,0.08814637098442499
116529,0,0.16723661552972421
116532,0,0.08611807320600365
116533,0,0.14766974516157685
116534,0,0.11208026770416946
116537,0,0.19803061117227339
116542,0,0.5620985210560164
116546,0,0.065767766798469
116547,0,0.18742067656398592
116551,0,0.16877149522920767
116556,0,0.2695933998651456
116557,0,0.5321561221958642
116560,0,0.22858295342550347
116561,0,0.20157965303740932
116562,0,0.8583733642026452
116563,0,0.3928709053500936
116565,0,0.5343896843310687
116569,0,0.40596548784718606
116572,0,0.1682879135312869
116574,0,0.5154175440321025
116575,0,0.04801505273448947
116579,0,0.11621612085359674
116580,0,0.2367912464763428
116582,1,0.2216800519842184
116583,0,0.0906835477403123
116587,0,0.5773448408683455
116588,0,0.5388619377247917
116589,0,0.7292780223799004
116595,0,0.14190736035559565
116596,0,0.5823699133711701
116598,1,0.9233732897135305
116600,0,0.3563776411466092
116601,0,0.49919205685124873
116602,0,0.14338692954767063
116605,0,0.6247546161253226
116607,0,0.372126775152943
116609,0,0.3079629465310471
116610,0,0.24571825930997926
116613,0,0.2038758050176996
116614,0,0.072208815599683
116616,0,0.402726360460886
116617,0,0.2664463299951914
116620,0,0.7203203516336195
116623,0,0.5213797486320947
116625,0,0.4610641905448535
116627,0,0.561739870601192
116629,0,0.06356077822766318
116631,0,0.19039063004216117
116632,1,0.8950639893053428
116634,0,0.6140608435312921
116635,0,0.12191234378805424
116644,0,0.1492428549222001
116646,0,0.2817245257196989
116649,0,0.21873073275658644
116650,1,0.498570157159191
116654,0,0.3971557052087166
116655,0,0.3408871154452152
116656,0,0.3026593167369987
116657,0,0.16926032666029706
116660,0,0.13655244896417768
116662,0,0.5013531227343295
116664,0,0.04437823966218554
116666,1,0.9152644240116197
116667,0,0.24631697707494046
116668,0,0.3343688534762301
116672,0,0.39011842455124773
116673,0,0.8034571359432447
116675,0,0.8183681042422932
116677,0,0.3206472123509448
116678,0,0.03143331174052172
116680,0,0.3489848137606661
116691,0,0.2954520974400276
116693,0,0.5729217088686835
116694,0,0.2975489244330739
116698,0,0.39408631666767197
116699,0,0.36634055828951784
116700,0,0.33391908541555687
116703,0,0.20618445333017119
116704,0,0.09787257840784774
116705,0,0.09256842304485234
116706,0,0.40678226875345647
116707,0,0.4376975858689875
116709,0,0.6537105930851685
116710,0,0.7803663146245379
116713,0,0.13638302197648106
116716,0,0.4905320425773872
116721,0,0.20243779739602719
116724,1,0.6015018001424076
116725,0,0.26302818678710965
116727,0,0.12199430885591644
116728,0,0.30661573027336547
116730,0,0.498149824482634
116734,0,0.3976901626914256
116739,0,0.11281543650168578
116741,0,0.7642669061731658
116744,0,0.018065987446491995
116745,0,0.4252407970280776
116747,0,0.17685117461198196
116749,0,0.5718624425957216
116750,0,0.10050809940468684
116756,0,0.7921377540106954
116757,1,0.874359566547369
116760,0,0.35376271779515983
116761,0,0.09449501471605971
116762,0,0.6964257467105447
116764,0,0.4304687109324789
116766,1,0.4320697812357027
116767,0,0.12112352446148557
116768,0,0.034323401662887845
116769,0,0.19997929507720397
116770,0,0.521769567593224
116773,0,0.42008757940255215
116776,0,0.7254736613862196
116780,0,0.325029300051361
116782,0,0.14879666008058573
116783,1,0.574834411854353
116784,0,0.49266653018136375
116785,0,0.3193119429567977
116786,0,0.4423291223045033
116791,0,0.49453247381497334
116794,1,0.8320738199452892
116796,0,0.038164636757619955
116799,0,0.7667695014250177
116802,1,0.7229957651496108
116806,0,0.4743435643049587
116807,0,0.37065849333063144
116808,0,0.1381241800649345
116809,0,0.45906946684248645
116810,0,0.1040905837213317
116812,0,0.08674661616932959
116813,0,0.18404416263300713
116814,0,0.3853212152681718
116816,0,0.48587694474183896
116819,0,0.49456101222231713
116820,0,0.20380276542741396
116822,0,0.039896089124762946
116823,0,0.27322438790159087
116824,0,0.4448792659389167
116826,0,0.5867831536738904
116831,0,0.29557129639944
116833,0,0.1546021161655164
116834,0,0.5386605281923837
116836,0,0.5078125206128709
116843,0,0.06687202456710069
116844,0,0.04390512188695005
116846,0,0.48929531786307046
116847,0,0.5002595456006131
116855,1,0.6376064066173102
116857,0,0.2805546302116243
116859,1,0.6366499690092066
116861,0,0.2703744639509562
116864,0,0.7051763066922669
116865,0,0.3033228479851937
116867,0,0.1897690909390993
116869,0,0.35428734138540513
116871,0,0.09111836931336742
116873,0,0.20533779038060623
116881,0,0.16421122545042138
116884,0,0.47076853611785296
116886,0,0.07371585742330697
116888,0,0.12258628438268078
116889,0,0.8132322942797621
116890,0,0.6374926906044706
116892,0,0.5767383625263616
116893,0,0.24490962643339068
116894,0,0.7138852168608928
116895,0,0.4898776122985025
116896,0,0.09358312797013209
116898,0,0.33776739237787967
116899,0,0.5629269867826734
116900,0,0.7565028533180301
116901,0,0.392197266351223
116904,0,0.6188179962418807
116906,1,0.3705247807318826
116907,0,0.5493310012382259
116911,1,0.5431765461480306
116913,0,0.3045001905083816
116915,0,0.43649195710244265
116916,0,0.4030600788094947
116917,0,0.684794568923232
116920,1,0.7601851695450937
116923,0,0.3826047044583487
116928,0,0.507541716936627
116929,0,0.1378136526719474
116931,0,0.07659778913460608
116935,0,0.0646276243669528
116940,0,0.13428866122306135
116941,0,0.12154073048626515
116947,0,0.2195211212315323
116952,0,0.23287886998907706
116956,1,0.4977607315581877
116959,1,0.4809700087783719
116961,0,0.5070875818356054
116962,0,0.4535353731226593
116963,0,0.41304198563392475
116964,0,0.22305769007630957
116966,0,0.503800315434865
116967,0,0.3809400086600416
116968,1,0.5419133856453681
116969,0,0.033426304464953385
116970,0,0.17731429072845079
116971,0,0.15099869447296707
116972,0,0.5689024370383695
116978,0,0.6933857158055124
116979,0,0.1273999522497609
116980,0,0.18189336388712982
116981,0,0.4292050447774652
116984,0,0.6933588864814343
116988,0,0.16594023224010487
116989,0,0.27442345848050675
116990,0,0.8260138104816918
116991,0,0.41370131651489
116994,0,0.5115094787742192
116997,0,0.4875106319797147
116999,0,0.7386461422795212
117000,0,0.33109143760405846
117002,0,0.2955237205193307
117006,1,0.8252825125231037
117010,0,0.6768188810782769
117011,0,0.2722874547063991
117014,0,0.3101489808591246
117015,1,0.9401261727605701
117017,0,0.3002312082323738
117019,0,0.7876893954974097
117021,0,0.14820204891205369
117022,0,0.47701265040707885
117023,1,0.22744607922864976
117026,0,0.6441010536338206
117028,0,0.19809380333548626
117031,1,0.6860079780289593
117032,0,0.36953951732478485
117033,0,0.3268522855944788
117035,0,0.2826533167829606
117036,0,0.44277790617344703
117037,0,0.3349889678212983
117038,0,0.2492875960016941
117039,0,0.47845947295695584
117040,0,0.35542824704082127
117044,0,0.4815926472277796
117045,1,0.8723357662914386
117049,0,0.15033937413047224
117050,0,0.5583119805578046
117052,0,0.26951754529728783
117054,0,0.0958780032787905
117055,0,0.5016842764247925
117058,0,0.505661580836031
117059,0,0.20220378974508033
117060,0,0.14784783703454146
117061,0,0.12581179847459875
117062,0,0.09471123839461934
117063,0,0.12613722615605535
117064,0,0.7335974380954605
117067,0,0.44731787724812866
117068,0,0.32394836006202254
117071,0,0.11586277422588431
117073,0,0.8079497931701132
117077,1,0.6499172929698368
117081,0,0.09562041624552828
117082,0,0.06249049802778767
117086,0,0.052021314764626854
117090,0,0.3427375597328903
117091,0,0.4165430707902133
117095,0,0.0609029178238534
117101,0,0.5367300588820823
117102,0,0.0580853842263736
117108,0,0.32621701463987113
117114,0,0.12477976129117517
117116,0,0.5683605309123788
117117,0,0.6956926468247107
117118,0,0.07858541203942507
117120,0,0.4968271448381052
117124,0,0.2424573969025179
117129,0,0.012602360765487354
117130,0,0.49025484287261295
117131,1,0.4562340380995115
117132,0,0.4164740383895778
117133,0,0.2975467965253656
117134,0,0.42731457842057
117138,1,0.7494510595999936
117139,0,0.4764480456710071
117146,1,0.8296658253100547
117147,0,0.14806786344739814
117150,0,0.8367527635172601
117156,0,0.13910216955570656
117158,0,0.6807379800481375
117159,0,0.07964094115426353
117161,0,0.2609978030222227
117164,0,0.5116059192412814
117165,0,0.8289648487716123
117166,1,0.893128041563278
117172,0,0.23649969329924259
117173,0,0.7661404638827636
117174,0,0.23697489133374225
117177,0,0.2956194014743617
117178,1,0.5586182564382396
117181,0,0.1447338761864796
117182,0,0.3294916215051952
117186,1,0.10314983917469657
117187,0,0.36468738163951026
117188,0,0.2613633892007521
117190,0,0.0643586959290521
117191,0,0.22087972323174604
117192,0,0.7698087629900836
117193,0,0.4837440539885212
117195,0,0.0883739219318204
117198,0,0.3175777676071213
117200,0,0.7599082116017043
117204,0,0.4506305343024806
117208,0,0.7392523488561478
117209,0,0.22004177644388018
117210,1,0.5706056031956135
117212,0,0.28375735675503
117215,0,0.6198823933696219
117217,0,0.6490528334299671
117219,0,0.4830652009512809
117220,0,0.38049859066580827
117222,0,0.21565892841277165
117224,0,0.3904569126659424
117226,0,0.14366838599025983
117227,0,0.10444158545213283
117230,0,0.45031670637148885
117232,0,0.35040828478219377
117234,0,0.39330271907413794
117235,0,0.2342551817459642
117236,0,0.10834036314753932
117238,0,0.5759565640143811
117241,0,0.5292874954540225
117242,0,0.33911377748244004
117243,0,0.125828727591094
117244,0,0.24719078497164795
117249,1,0.6908406028415552
117250,0,0.430761987118279
117251,0,0.3345287524658335
117253,0,0.5398111293605476
117260,0,0.48672691130843476
117261,1,0.23260194904744755
117263,0,0.5864473442530306
117265,0,0.3076719776299162
117266,0,0.19601787019194847
117270,0,0.13173623801287968
117274,0,0.2345130674441267
117275,0,0.31449143957041853
117278,0,0.10319059480316513
117280,0,0.4831349311489585
117282,1,0.691366981926603
117285,0,0.1588051962118365
117286,0,0.09376435754937877
117287,0,0.34262098933399254
117289,0,0.11196286397706323
117290,0,0.5310868051857855
117291,0,0.06609949591914205
117292,1,0.29557742244035795
117293,0,0.4303301723360579
117294,0,0.9607162416870658
117295,0,0.4314236070502695
117297,0,0.656894203439238
117301,0,0.17852106895740338
117302,0,0.36419144742736215
117305,0,0.5842112250283745
117306,0,0.06487004465490702
117307,0,0.21053985357651633
117308,0,0.27801773928400486
117310,0,0.8063161428195961
117312,0,0.44469347343164045
117313,0,0.0580759546346581
117314,0,0.8196526931906648
117315,0,0.3364224811383053
117316,0,0.5330844204009382
117320,0,0.20479614566609453
117321,0,0.6328129935500453
117322,0,0.3608511049846
117328,0,0.6259170574307843
117331,0,0.837965484711052
117335,0,0.6834944417756759
117336,0,0.4415894713639225
117339,0,0.7387702368925906
117347,0,0.05439383616177996
117353,0,0.3122151831879397
117354,0,0.45513569665198983
117357,0,0.04825884939210503
117358,1,0.2780034179205611
117359,0,0.6643640581987696
117363,1,0.8762552852579956
117364,0,0.10528319385825816
117365,0,0.7921054706448369
117368,0,0.6727201884359942
117370,0,0.17506723336918795
117371,0,0.08502707608008477
117374,0,0.10223103786083422
117375,0,0.46795290247061816
117377,0,0.06835086216348459
117379,0,0.23745782387100223
117383,0,0.32472252417180053
117384,0,0.2561862012074638
117387,0,0.5205495826021923
117388,0,0.4607230613391426
117389,1,0.6823174239427904
117398,1,0.9134194981384571
117400,0,0.33399424303477665
117402,0,0.4210650182218497
117405,0,0.2543964136215517
117407,0,0.17183106300534381
117409,0,0.20486343771179993
117411,0,0.5391872456508595
117412,0,0.19141363306461692
117414,0,0.5152465435208087
117418,0,0.6086971100071285
117419,0,0.5378717990819608
117420,0,0.5040969298131432
117421,1,0.031216526940161783
117428,0,0.333805205780552
117429,0,0.374562993382271
117432,0,0.24280301913239022
117434,1,0.6239551089797842
117435,0,0.363238717585611
117436,0,0.5805883999980199
117437,0,0.4968675221436697
117438,0,0.27316547092535465
117440,0,0.3275405638333007
117441,0,0.6282136374035838
117442,0,0.5530026011606838
117447,0,0.14866133650772392
117450,0,0.36350985775451683
117453,0,0.18446380875112117
117454,0,0.37635277761743824
117458,0,0.48730041141995567
117460,0,0.8242724187768204
117463,0,0.3834690372748637
117464,0,0.10131765184016599
117465,1,0.9197304180950999
117466,0,0.09356712994827904
117467,0,0.9556174196927533
117468,0,0.06490511102659735
117470,0,0.06690563856064027
117471,1,0.4385228884329087
117474,0,0.04040439809296626
117481,0,0.6509533350269038
117484,1,0.10214188096662952
117485,0,0.2132349040495223
117491,0,0.17284754165814453
117494,0,0.40940497158341593
117496,0,0.1809881043510528
117498,0,0.6638064148290077
117499,0,0.09236942826792247
117500,0,0.36841787373548107
117502,0,0.4790874930924339
117504,0,0.3065059354344755
117505,1,0.7707110239019035
117507,0,0.5164593401727038
117510,0,0.07657616134987966
117511,0,0.12720495754538264
117513,0,0.3223566721563983
117514,0,0.2911219744690459
117517,0,0.21388434717718496
117518,0,0.34818495142943945
117523,0,0.3212462974272142
117529,0,0.12376014622761952
117530,0,0.10951082925438788
117531,0,0.15862726500528535
117537,1,0.5541057526299414
117540,0,0.5454680851598457
117543,0,0.04625343967676288
117546,0,0.5028207591859597
117549,0,0.6157371100955201
117551,0,0.5195306705402395
117554,0,0.39772223881231045
117556,0,0.26394235882050904
117558,0,0.535536202965026
117559,0,0.23994071794993302
117566,0,0.8047269266194585
117570,0,0.28426392295519753
117571,0,0.559481924371926
117573,0,0.662796345679131
117574,0,0.30586111941404054
117575,1,0.34268693869220623
117577,0,0.039626769059234006
117580,0,0.4484547644039964
117581,0,0.052019898996560746
117586,0,0.6728301293990913
117587,0,0.12297251031876905
117589,0,0.22092379892179473
117592,0,0.32928354164940454
117599,1,0.7575432440555698
117600,0,0.10264365615899422
117603,0,0.08016305976409553
117604,1,0.9135828854317848
117606,0,0.2628832766401994
117613,0,0.4609468929671351
117616,0,0.35256503858743854
117617,0,0.38890053966285
117621,0,0.20420369079331516
117622,0,0.03864511729925084
117623,0,0.5097942816483111
117624,1,0.8549195757987411
117625,0,0.07570278627389858
117627,0,0.06932401420871495
117628,0,0.5382668012429249
117629,0,0.22792441769146138
117631,0,0.32049807740372316
117632,0,0.43380276625003705
117633,1,0.7765162746396445
117635,0,0.14637788165401244
117637,1,0.45482750499542096
117638,0,0.7183708513778723
117641,0,0.06438089545171775
117643,0,0.319377716630132
117644,0,0.06633920287175929
117646,0,0.12594740947787228
117647,0,0.2886006320889967
117651,0,0.31208825571601395
117652,0,0.26260221264958095
117653,0,0.46935992213392425
117654,1,0.6568069984008811
117656,0,0.24292111178802783
117657,0,0.1533115610704487
117660,0,0.423969277350862
117662,0,0.24744738613352923
117665,0,0.44192508846119555
117671,1,0.7675998281261317
117672,0,0.5225058171506974
117675,0,0.6298607443320238
117676,0,0.5624809105191408
117677,0,0.2575501698638201
117678,0,0.7221116815659854
117681,0,0.12252102150277666
117683,0,0.38495655860925976
117685,0,0.26205222837053854
117687,0,0.2882669750887204
117690,0,0.1047237342348399
117692,1,0.6797094361887297
117695,0,0.47316388320958586
117697,0,0.08803083068176061
117699,0,0.286019686811178
117701,0,0.41316345890452694
117703,0,0.7634687917422496
117704,0,0.6308546438258472
117707,0,0.08884796018020319
117710,1,0.616467879987672
117711,0,0.34355893927926495
117712,0,0.17828781093014048
117714,0,0.12234969844646264
117719,0,0.07848387420498594
117720,0,0.24663254889772104
117727,0,0.23554329907350377
117728,0,0.7941245026048457
117729,0,0.24628948472651616
117730,0,0.3526778721067114
117732,0,0.4380165155878822
117733,0,0.5281797190680813
117735,0,0.06577246307256945
117737,0,0.2820432862421524
117738,0,0.055343475139854784
117745,1,0.7407517972071579
117746,0,0.4870519996046902
117752,0,0.05543904554786133
117753,0,0.11320122312573926
117754,0,0.10980397361860585
117755,0,0.6016219902460794
117761,0,0.7726646058003446
117766,0,0.10569014785666624
117768,0,0.10994751867380462
117771,0,0.2905122119933808
117773,0,0.24021813811248602
117774,0,0.13982218984021666
117775,0,0.1870052475542525
117777,0,0.05056476467823001
117778,0,0.20338628342640355
117780,0,0.33201598372506713
117784,0,0.5553190000983328
117785,0,0.052970430123794314
117792,0,0.24259587215620346
117793,0,0.3222052340190358
117794,0,0.6299214311236071
117795,0,0.2935627129457018
117800,0,0.2841911468646993
117806,1,0.649465825689651
117807,1,0.5751866061242894
117810,0,0.14503100155849194
117811,0,0.15742035502852683
117817,0,0.5119137119757705
117822,0,0.7020691978270285
117824,0,0.08651327532605729
117826,0,0.5814513837433783
117827,0,0.17812766482574297
117829,0,0.881369785175913
117832,0,0.28659750512896137
117838,0,0.2771163624192768
117840,0,0.10446344577953207
117845,0,0.3800995351370447
117847,0,0.38558452706933577
117849,0,0.21429913519737226
117851,0,0.023063141106224403
117853,0,0.20606433330151414
117857,0,0.22929797145714734
117858,0,0.4161339231704418
117862,0,0.6295703009220279
117864,0,0.4202110570690653
117866,0,0.8211030806050527
117868,0,0.14620258570750055
117869,0,0.5927408300028595
117870,0,0.09528985850133471
117873,1,0.911097064661374
117877,0,0.18291554734858964
117879,0,0.295706212597422
117881,0,0.3354760504051078
117882,0,0.47359644046833765
117884,0,0.26260128969253044
117885,0,0.04403459759149048
117886,0,0.41485119460306497
117887,0,0.27032905102562554
117888,0,0.15972301882571904
117890,0,0.7496424323467403
117893,0,0.2370612789595831
117894,0,0.5536397327104
117897,0,0.08144010813969166
117900,0,0.520596276268073
117901,0,0.5376526510380567
117903,0,0.5049449454044351
117907,0,0.12212740357057414
117912,1,0.48048379378364703
117913,0,0.43640233988823923
117915,0,0.11242012991349297
117916,0,0.4815091024660514
117917,0,0.4005637281413791
117918,0,0.47203386355110594
117919,0,0.16062686760021105
117922,1,0.27017373018530605
117923,0,0.3849047755844561
117925,0,0.4664084499242772
117929,0,0.37343924688782837
117933,0,0.6445536648356789
117934,0,0.30795161116974834
117936,0,0.08044544458974837
117937,0,0.29903252515582973
117939,0,0.09327926005712564
117941,1,0.09393196516338866
117942,0,0.44034852420751436
117946,0,0.25223822869790324
117948,0,0.17310784722509998
117950,0,0.11441942832278493
117951,0,0.7083174519792143
117953,1,0.6261302586526571
117958,0,0.2913686076056698
117962,0,0.5094381551321658
117964,0,0.4599585086193728
117966,0,0.2224979683707421
117968,0,0.598875021198644
117971,0,0.041415364396117045
117974,0,0.11991801791503859
117979,1,0.8142683372437939
117981,0,0.08647886194417757
117984,0,0.49555190425719053
117987,0,0.4531029130867046
117989,0,0.5741900311669342
117990,0,0.15298633687385027
117991,0,0.29380506398897055
117993,0,0.18319162384801366
117996,0,0.5229103880384015
117997,0,0.42655400462301574
117998,0,0.26694306654655986
117999,0,0.20146263733826844
118000,0,0.08013675944739077
118003,0,0.6004154377868288
118006,0,0.0407953415066158
118008,0,0.14456229338111068
118014,0,0.4853134815696814
118017,0,0.5947897494025991
118018,0,0.08012887003395204
118020,0,0.043806270873293925
118022,0,0.20906341279742152
118023,0,0.07145376286752943
118025,0,0.18443930514900908
118026,0,0.4578078932017804
118029,0,0.08456180475795153
118031,0,0.17348985247750742
118033,0,0.3414677848584227
118035,0,0.3059318959959047
118036,0,0.056144060620022564
118038,0,0.35462619388739025
118039,0,0.2934495020439388
118040,0,0.20482692048716133
118042,0,0.14914869598675345
118044,0,0.3236549307016862
118045,0,0.26079637124373883
118049,0,0.04745994098531317
118050,1,0.7678864712570515
118051,0,0.32248182018247423
118055,0,0.8487007244356455
118057,0,0.23486320955786236
118058,0,0.5378952924819835
118061,1,0.9459781349912673
118063,0,0.09903515322356908
118071,0,0.39233465611852075
118072,0,0.2929698779985343
118073,0,0.459966116316294
118074,1,0.8485641752538883
118075,0,0.06939752629617853
118082,0,0.39086376935295647
118083,0,0.41707325103388987
118085,0,0.10620165671182612
118086,0,0.7103176155408152
118087,0,0.5030950811379493
118088,0,0.06452237725471732
118091,0,0.6426288827180577
118093,0,0.6642258885618609
118103,0,0.5424941858734088
118104,0,0.5138957553079248
118105,0,0.10450586041148198
118107,0,0.22215541210996875
118108,0,0.5173068246723229
118111,0,0.4371120694029834
118115,0,0.40479064340170784
118117,1,0.6213766304896401
118118,0,0.25997293120460035
118121,0,0.5870353073070265
118123,0,0.5040370823314247
118124,0,0.7005088022052427
118125,1,0.7603980034886625
118126,0,0.39583294603279634
118128,0,0.6481995110829339
118131,0,0.3214469990565717
118135,0,0.5010754552026299
118136,0,0.5230540980598741
118138,0,0.5129263400059784
118140,0,0.18275144740913324
118142,0,0.8047496764706477
118146,0,0.5913727621795006
118147,0,0.08455070149422969
118149,0,0.7794898788400488
118150,0,0.1848827644011357
118154,0,0.5498217608475051
118156,0,0.304100759988171
118161,0,0.5149293992276985
118162,0,0.32141559270774195
118163,0,0.34676559360611864
118164,0,0.5488373801363844
118165,0,0.7240553013444431
118166,0,0.16613057800269218
118171,0,0.08669363102008686
118172,0,0.17717082546690613
118176,0,0.16986376757355784
118178,0,0.1754708919681444
118183,0,0.4264679315367421
118184,0,0.18032528235398262
118185,1,0.9235690536738558
118190,0,0.4155342147329822
118191,0,0.140554298286246
118193,0,0.20425798246232751
118197,0,0.23264644151795666
118199,0,0.12459358524414227
118201,0,0.10052134639826404
118210,0,0.3960603378951774
118211,0,0.3190355030095311
118216,0,0.1925474542057972
118217,0,0.5881457478750287
118220,0,0.12557525705647374
118221,1,0.9960797371234499
118226,0,0.23677177144808695
118227,0,0.06801449474806229
118228,1,0.7766277618762549
118229,0,0.5224141247599648
118231,1,0.522212647306479
118234,0,0.7171288388945423
118235,0,0.6328412595734929
118237,1,0.4182958957551014
118239,0,0.4606129673393082
118242,0,0.6148833922305509
118244,0,0.18329616120403197
118245,0,0.359207822963303
118246,0,0.10474775237237888
118247,0,0.6641150895500616
118248,0,0.4597812883977597
118250,0,0.33923056716690436
118253,0,0.3038760230370605
118254,0,0.5154664952850876
118256,0,0.1507415739223863
118258,0,0.1883490699707638
118259,0,0.2414839724142427
118262,0,0.16458417371932715
118263,0,0.06394158394032019
118264,0,0.18867008848057432
118265,0,0.15674226659807503
118266,0,0.5474058691342707
118267,0,0.3589850516729005
118269,0,0.164100554841494
118271,1,0.49014234538949736
118275,0,0.08581114311856276
118276,0,0.25579418261029957
118279,0,0.5740433173537581
118282,0,0.34703429341974423
118284,0,0.20802015883490865
118285,0,0.5693159360532701
118286,0,0.3556884186064734
118288,0,0.13661913069446108
118292,0,0.5879325242072724
118293,0,0.5133897953021396
118295,0,0.2679682913344938
118297,0,0.3658869765353336
118298,0,0.5572350425506583
118299,0,0.4445862469233561
118300,0,0.39682543949958543
118302,0,0.31160926398313055
118304,0,0.6944480686608662
118305,0,0.45795708416360453
118306,0,0.08914790798588684
118308,0,0.2746274107221585
118315,0,0.1023202926785138
118316,0,0.34062293556189016
118317,0,0.4782723548361467
118319,0,0.8898587967467952
118320,0,0.14830166208949977
118322,1,0.6619055101728927
118324,0,0.21897133995439813
118328,0,0.3803219631753859
118330,0,0.41485202136001115
118331,0,0.3062179952011925
118333,0,0.29652513915503703
118336,0,0.7483649928968692
118337,0,0.038099941887565276
118340,0,0.4046014991997605
118342,0,0.11497505173614588
118344,0,0.4369083872045765
118348,0,0.4460480759046533
118349,0,0.4966381484610405
118350,0,0.45754834593181837
118351,0,0.6704159335257023
118352,0,0.2827122384671366
118358,0,0.4201223296061909
118361,0,0.4681707309606352
118362,0,0.4962939186602618
118364,0,0.6484599005947254
118367,0,0.31187473098179863
118369,0,0.6451546275552866
118370,0,0.29203983488751917
118373,0,0.03625009906736937
118374,0,0.26686060591603655
118375,0,0.6393266954171244
118380,0,0.4877657199752009
118381,0,0.4156973806750805
118382,0,0.7153622097599742
118384,0,0.5468391527502013
118385,0,0.07256201664465628
118386,1,0.5473389503272276
118387,0,0.41344897441681006
118391,0,0.19158688616631997
118395,0,0.4382912216551928
118396,0,0.46240435613739683
118399,0,0.28527170049969003
118406,0,0.13148540001100806
118407,0,0.10666386809667744
118408,1,0.758514681902765
118409,0,0.31323560552605056
118411,0,0.6528655672403716
118412,0,0.39500627367463315
118416,0,0.41790794661411595
118418,0,0.2470055169176991
118423,0,0.5166118030145114
118432,0,0.09703216492565321
118433,0,0.44266758048408955
118435,0,0.7468270857760759
118436,1,0.45448658478450704
118442,0,0.276669765658485
118450,0,0.17509873819099378
118451,1,0.5516558663935288
118452,0,0.2929194240040197
118457,0,0.3787306897117803
118458,0,0.15819201217209272
118459,0,0.6508637485855223
118460,0,0.18707808961690964
118462,0,0.5093004422784868
118463,0,0.6654197637065168
118464,0,0.6126380990702612
118465,0,0.08453532083173791
118466,0,0.5521338283805209
118471,0,0.11521958968965944
118476,0,0.3799878004008979
118478,0,0.4724200985575295
118479,0,0.4461600885827701
118480,0,0.6886697365154243
118482,0,0.4594066409717961
118484,0,0.571763362169436
118486,0,0.19633116217827815
118488,0,0.11725711876707237
118491,0,0.514386582192802
118492,0,0.3996669237699321
118494,0,0.1291457892950836
118495,0,0.18544912499362495
118496,0,0.7435595667094573
118500,0,0.6772497493924187
118503,0,0.16528856160050465
118504,0,0.3301116550675881
118512,0,0.7773122372448357
118513,0,0.4452685670392966
118514,0,0.32233875138118717
118515,0,0.3879777276501552
118518,0,0.26865949235748027
118520,1,0.35014132840250134
118522,0,0.5079410661134182
118523,0,0.2639133138266393
118525,0,0.6226396686350945
118528,0,0.09562937987134495
118530,0,0.11196852784442313
118532,0,0.3592678298848182
118533,0,0.4389293156639654
118536,0,0.2347222008295716
118537,0,0.1411073398694087
118539,1,0.5421804417729574
118541,0,0.7810806149307309
118544,0,0.4759538691507949
118548,0,0.17786424156879807
118550,0,0.34164251139481805
118552,0,0.4257706583241842
118553,0,0.08086224580991967
118554,0,0.18199382563112113
118561,0,0.3769301578136953
118563,0,0.6694020676852872
118564,1,0.8743836932111001
118565,0,0.32887852935657985
118569,1,0.8016833167047784
118571,0,0.30356414128751624
118573,0,0.28643484019522825
118576,0,0.29351482027521214
118577,0,0.44842207751905266
118578,0,0.4048528285252871
118579,0,0.18566861036700222
118580,0,0.11990951897244044
118581,0,0.6533402918302179
118582,0,0.10784929304738318
118586,0,0.5305667116481965
118588,1,0.8457994982122634
118592,0,0.24356626502570047
118594,0,0.5363638902328691
118595,0,0.5986416595565855
118598,1,0.9633503714655576
118600,0,0.2912616798828977
118601,0,0.6626971435226077
118604,1,0.3805828515821099
118605,0,0.13033587045439424
118607,0,0.6552324981686514
118609,0,0.7367381077272707
118610,0,0.3486498126262668
118611,0,0.34417065445697087
118612,0,0.08387625613731528
118614,0,0.5136457172832559
118616,0,0.23709194722773147
118618,1,0.5821284894549746
118620,0,0.5097540985393666
118621,0,0.35994947584712006
118622,0,0.2933987947850272
118623,0,0.49093214309244787
118624,0,0.10027758325643076
118628,0,0.4131077871789873
118634,0,0.2956144904226761
118636,0,0.8369310275504696
118638,0,0.17101884982124416
118640,0,0.4900028110132826
118641,0,0.04853137246579963
118643,0,0.15714114892531933
118648,0,0.6668143353771899
118650,0,0.4469496053491315
118651,0,0.20867169669218363
118654,0,0.28799750820155184
118655,0,0.7932030806076292
118658,0,0.42376272839885815
118662,0,0.6336981391010109
118665,1,0.7456343939362707
118669,0,0.1134522969106304
118673,0,0.12686982991184984
118675,0,0.3888625479133448
118676,0,0.5764612706804063
118678,0,0.7269463374851219
118679,0,0.2694186205277974
118681,0,0.4456489877033174
118682,0,0.025163681954201732
118687,0,0.22008532655445126
118688,0,0.4399667571633979
118692,0,0.9029827698755173
118693,0,0.3048457436016554
118696,0,0.14949624492157995
118697,0,0.10074914400926831
118699,0,0.3269607365501361
118701,0,0.09082096594506386
118706,0,0.21861875375805115
118711,0,0.10031488405405448
118712,0,0.9678865440513352
118713,0,0.330624861569429
118714,1,0.43762038956124666
118718,0,0.5283678771183473
118719,0,0.08338354977212688
118721,0,0.816865970087138
118722,0,0.8636218828914779
118723,0,0.28896956996203965
118724,0,0.14358500600924198
118725,0,0.11892118514623319
118727,0,0.6431351209830111
118728,0,0.2731497030107707
118729,1,0.4786500616003907
118731,0,0.19121420372633705
118732,0,0.16118773642240788
118734,0,0.1757249117497282
118735,0,0.3403895262315413
118736,0,0.4746845076365133
118737,0,0.4020594356553702
118740,0,0.3058991509753013
118742,0,0.3408516284110696
118743,0,0.46316610101662825
118745,0,0.33029929508445816
118746,0,0.11922991450823411
118748,0,0.05125907442860794
118750,0,0.18628026766390704
118752,0,0.24703464591768132
118753,1,0.7731044421191716
118756,0,0.06301951775263695
118758,0,0.6897144949256782
118759,1,0.7658890257155045
118764,0,0.47069484349133695
118766,0,0.3594526424348531
118767,0,0.1484547916862308
118775,0,0.23924511359482814
118776,0,0.610639638486106
118778,0,0.4214711880974678
118781,0,0.6025793266426372
118783,0,0.4296091691352476
118784,0,0.5092511812701095
118786,0,0.21514008711461968
118789,1,0.4282898490737821
118791,0,0.3222555174812396
118792,0,0.5789168444379594
118796,1,0.685354885523306
118797,1,0.12360543468846309
118800,1,0.8665016453691743
118802,0,0.6415818516578919
118803,0,0.1975650676963877
118804,0,0.3531955789592656
118805,0,0.8160790092137348
118809,0,0.5497920051967509
118810,0,0.17710831899933477
118811,0,0.0723031983957094
118813,0,0.5682809160076113
118815,0,0.6013132510134729
118816,0,0.18922242763204586
118827,0,0.29455453858644126
118831,0,0.3647580821213775
118834,0,0.34614252916545657
118836,0,0.16101428341403673
118839,0,0.38312873163705075
118840,0,0.04068337731766837
118841,0,0.37388497993506353
118845,0,0.398166146486528
118853,0,0.07892146596682832
118857,0,0.3699361392651689
118858,0,0.046317846738124877
118861,1,0.5950409146229623
118863,0,0.17935913359443564
118864,0,0.4474182241804291
118865,0,0.04769550616156972
118871,0,0.4192132035409426
118872,0,0.5188284272067657
118873,0,0.40078496285123727
118876,0,0.6102458356364961
118877,0,0.4537499467387768
118879,0,0.08217586402987043
118883,0,0.08283923014362979
118887,0,0.17174169096294994
118890,1,0.6307375727964463
118893,0,0.22854195005567385
118894,0,0.1729629225958465
118895,0,0.058370512940374125
118897,0,0.5157545301965367
118899,0,0.5198107730070993
118901,0,0.14872774305700193
118904,0,0.4252230408552927
118905,0,0.6424779559340008
118906,0,0.7769677726556866
118913,0,0.06404353081235954
118914,0,0.26152279285241326
118915,0,0.18876181510190015
118921,0,0.3968352287413938
118922,0,0.24797282268608495
118924,0,0.2804531334361389
118926,0,0.09077823093884382
118929,1,0.3254729651870827
118932,0,0.33066706421522707
118933,0,0.6152255863352137
118935,0,0.5349079639232014
118937,1,0.9141962268372028
118938,0,0.14768719397315141
118939,0,0.14019224869269215
118942,0,0.0393310811794949
118943,0,0.29487831520063507
118944,0,0.17597196221126446
118946,0,0.1101094519681391
118947,0,0.27054096657378857
118949,0,0.3449716792309551
118951,0,0.506045747697426
118952,0,0.10897586115451313
118953,0,0.4843230020965541
118954,1,0.9473671108213136
118957,0,0.32942597165351784
118958,0,0.22064165756286652
118962,0,0.5488403483690409
118967,0,0.35263077829179
118971,0,0.5017962185307866
118972,0,0.5601221978192037
118980,0,0.16824311531343641
118981,0,0.05600903483485552
118985,0,0.4172516105993009
118986,0,0.5215790410645254
118987,0,0.5965366438785702
118989,0,0.085280812746448
118990,0,0.4912191676891391
118991,0,0.25214949746884674
118992,0,0.6222320239802657
118994,0,0.4390309209190603
118999,0,0.6545288943797548
119000,0,0.5606405213624243
119005,0,0.03814795209566698
119007,0,0.2539746217093958
119009,0,0.32051923069670657
119013,0,0.3915619654985783
119016,0,0.3783959951287109
119017,1,0.7382398728748812
119019,0,0.42582324100803404
119022,0,0.6221882097953113
119024,0,0.26567590179663414
119029,0,0.28600135223017764
119030,0,0.3863678490374582
119031,0,0.6989565580231953
119034,0,0.11471217791457972
119040,0,0.2065749444854283
119041,0,0.6054863535587335
119042,0,0.6383403383934644
119044,0,0.4516970041058867
119053,0,0.30181353508350445
119055,0,0.13741404585970335
119056,0,0.7366484186450232
119058,0,0.5611322694571242
119059,0,0.8938052119119282
119061,0,0.3570992891860933
119065,0,0.24797035873257997
119066,0,0.16003506457641833
119067,0,0.3178586574158905
119068,1,0.7867954792833571
119070,0,0.07653194966625707
119075,0,0.0585657344239701
119076,0,0.8900551274702232
119077,0,0.41557104326301186
119078,0,0.24710236666767388
119080,0,0.14716164045371763
119081,0,0.14317563390578003
119082,1,0.4155179744612359
119083,0,0.6410731856298771
119085,0,0.08193272364483893
119086,0,0.04505395547834369
119091,0,0.3657839980058323
119092,0,0.14676845851254564
119094,0,0.4173633781216814
119096,0,0.037998319321320896
119098,1,0.8346730711726772
119100,0,0.2156576639614092
119101,0,0.7067270264465625
119102,0,0.3702712805005168
119103,0,0.15014543621902143
119104,0,0.5562861634802335
119105,0,0.3919029068866159
119108,0,0.6231391624727753
119109,0,0.1083816428459855
119117,0,0.2434613157921489
119123,0,0.3177868010793085
119124,0,0.17927473772517413
119126,0,0.37044449158516096
119127,0,0.26774562413105185
119128,0,0.13037012737276565
119130,0,0.22434460336801917
119133,0,0.022474450659197082
119139,0,0.3047898861105401
119142,0,0.6106804457183681
119144,0,0.501312717304188
119146,0,0.5614222199718354
119149,0,0.18885195033047614
119150,0,0.2607750259900627
119152,0,0.1738901046669945
119155,1,0.8317588016499554
119156,0,0.03233236634931055
119158,0,0.37634052422950837
119160,0,0.3327996979000222
119164,0,0.653846116643649
119166,0,0.9755161314035032
119167,0,0.03714192016186057
119169,0,0.6920847503652551
119172,0,0.3809869990851797
119175,1,0.20258236324222187
119179,0,0.41267244470419534
119181,0,0.5931379373763239
119183,0,0.06905277558063318
119184,0,0.13316257860001396
119186,0,0.11891274505079413
119187,0,0.3204301817599125
119189,0,0.5228883207060261
119191,0,0.45453406748841785
119192,0,0.5546722189235792
119193,0,0.37360602589831354
119194,0,0.2382140561636087
119196,0,0.27233352978398734
119197,0,0.6684166454991852
119201,0,0.3921265965272038
119202,0,0.4346874187734207
119206,0,0.8124927017037415
119207,0,0.14399721204838614
119210,0,0.06889596892005487
119211,0,0.41899643778496176
119212,0,0.15213153566048052
119216,0,0.33482581733079314
119219,0,0.2333005723784648
119220,0,0.4692381639126167
119223,0,0.3036960403598091
119227,0,0.06586696253183187
119229,0,0.45466610844163546
119230,0,0.2600373457252514
119232,0,0.1723158390797514
119237,0,0.36662051856385214
119241,1,0.5587452560312287
119243,0,0.4940950305758899
119245,0,0.31693036791732593
119248,0,0.5243338005987604
119250,0,0.473433583822678
119252,0,0.535169090944564
119257,0,0.2484632576896616
119260,1,0.5731399153395379
119261,1,0.6661272392931623
119262,1,0.7497512718458481
119265,1,0.9994389438472091
119266,0,0.43679405650641095
119267,0,0.40500219692756884
119269,0,0.27561491597425614
119270,0,0.42533897361315687
119272,0,0.4554675219011994
119277,0,0.3930326501072864
119286,0,0.22704693461225
119287,0,0.31098798571227254
119291,0,0.6387733921576702
119292,0,0.2174920143492945
119293,0,0.7315422175389236
119297,0,0.6655726826123947
119298,0,0.5547985900027487
119299,0,0.38314685585169644
119300,0,0.2056586654181888
119308,0,0.4200235582668973
119311,0,0.25688573024561445
119313,0,0.7461578812355234
119316,0,0.3807402718149922
119320,0,0.28353619463059854
119323,1,0.9574525353263329
119324,1,0.4349942335742483
119325,0,0.8251441247805488
119326,0,0.2237059387927118
119328,0,0.05555905198320796
119330,0,0.39075877178806834
119334,0,0.07354127294815976
119335,0,0.2853210746687422
119337,0,0.7867950171412355
119340,0,0.3719107922034115
119345,0,0.20775538629736043
119349,0,0.5324455822268436
119350,0,0.2884098674823262
119353,0,0.23459410265946465
119354,0,0.811710845702976
119355,0,0.31586596507370207
119356,0,0.21740059475144105
119357,0,0.09911168505190743
119358,1,0.4063901451005904
119360,0,0.4388042941067185
119361,0,0.6819625156493592
119363,0,0.4858753096646763
119364,0,0.2051624126641503
119365,0,0.18371901246310596
119367,1,0.48342067706215874
119369,0,0.6180171390450753
119370,0,0.7643885616809147
119372,0,0.29478175208541824
119375,0,0.10692681240758248
119376,0,0.23728211359546092
119381,0,0.29623503008325225
119382,0,0.2880219599719831
119383,0,0.4002166546279013
119385,0,0.3148538176773968
119386,1,0.36782233898696204
119391,0,0.6951644337188667
119394,0,0.3385031662676146
119396,0,0.4416680818250862
119397,0,0.09690485714326079
119399,0,0.5260754107448474
119400,1,0.8063076770681971
119405,0,0.44714052915867375
119406,0,0.4920078358879096
119407,0,0.3303932229435051
119413,0,0.7903106271110801
119417,0,0.1564710039945114
119418,0,0.4181915665378917
119421,0,0.1423077048775797
119422,0,0.09625947564147924
119423,0,0.6059003157371335
119424,0,0.026733202838632765
119427,0,0.6624560618427875
119429,0,0.45157451778938107
119430,0,0.5033157263785796
119433,0,0.4926805974450766
119434,0,0.6400682825374757
119435,0,0.18387613029613686
119438,0,0.36281993930781997
119441,0,0.4075392857482224
119442,0,0.8697172469168114
119443,0,0.19815489219785593
119447,0,0.5488305167757161
119450,0,0.3423379547836749
119451,0,0.5749754176109885
119453,0,0.12807695273732184
119454,0,0.880671917463319
119461,0,0.36354801131819037
119462,1,0.5064318809045495
119465,0,0.11766915399627659
119466,0,0.2919377219479963
119467,0,0.04634687009211542
119470,0,0.036286189670345054
119471,0,0.0768152113932489
119478,0,0.5334138611268543
119480,0,0.13891098256360082
119483,0,0.4415222857168777
119484,0,0.22045510085495995
119487,0,0.30126796358816854
119488,0,0.4538912896852518
119491,0,0.3903785304950481
119492,0,0.3717863679169811
119497,0,0.15717729332238792
119499,0,0.4767284685540565
119500,0,0.5314488869439193
119501,0,0.24867875121689523
119503,0,0.37957565091445317
119504,0,0.3880343081308298
119507,0,0.5292739233881611
119508,0,0.03209918456771928
119510,0,0.5412111560074274
119511,0,0.20113055305534228
119512,0,0.37736428905173136
119519,0,0.7636932816498285
119523,0,0.05601127402181968
119524,0,0.39997455678121724
119532,0,0.44046964550597084
119537,0,0.09668192780620652
119540,0,0.5934437172330255
119541,0,0.36446729939304806
119543,0,0.2382371049375031
119544,1,0.8865189403221796
119547,0,0.7217408168699344
119551,0,0.40216903332899107
119552,1,0.775161746424657
119554,1,0.8374566300517899
119556,0,0.09922029589305105
119557,0,0.22381541878843678
119559,0,0.5800718675436268
119561,1,0.7729840481256254
119562,0,0.725106325962941
119563,0,0.46010308843498016
119565,0,0.16976391921051212
119567,1,0.7337601054652568
119569,0,0.057577830797362534
119571,0,0.5966434280688135
119575,0,0.23999755664277442
119580,0,0.06189522390662164
119581,0,0.22658794651657427
119583,0,0.08931348057122318
119584,0,0.466093539938453
119586,0,0.4004602680553124
119588,0,0.36926640461979016
119589,0,0.11113277924988235
119590,0,0.2299022367443447
119591,0,0.5865914903263862
119592,0,0.6552162045590764
119593,0,0.7734783807938374
119594,0,0.5529999691455415
119595,0,0.4902857867521927
119597,0,0.24253564949599926
119598,0,0.3363678885060026
119600,0,0.11702376113321905
119603,0,0.12489969481865495
119604,0,0.32779940061842805
119605,0,0.2493544206046561
119606,0,0.16008627552154425
119608,0,0.2984257047005415
119613,0,0.12636905187583689
119617,0,0.3373473888691193
119618,0,0.5094735391233365
119619,0,0.3205808577679542
119621,0,0.24471547667774576
119622,0,0.6434957979867499
119623,0,0.09196032007200548
119624,0,0.7680380500639117
119626,0,0.1914461827018093
119628,0,0.30518854568400433
119629,0,0.6668262265972392
119630,0,0.2542857270030132
119632,0,0.41038017825304496
119634,0,0.4142306568975474
119635,0,0.31435469066753163
119636,0,0.37480483014422844
119640,0,0.569489417557981
119641,0,0.06478809122377785
119642,0,0.488254239623391
119644,0,0.46489813102285915
119645,1,0.5281131826326473
119646,0,0.1964634723130611
119648,0,0.19296212944117383
119651,0,0.24905486392893675
119653,0,0.10341506751063084
119659,0,0.5865533688696475
119660,0,0.35938485181101193
119664,0,0.7038674115524597
119667,0,0.46294823690539166
119668,0,0.24561046391220362
119669,0,0.19493750293331416
119670,0,0.3486942071235636
119675,0,0.7435956193616897
119678,0,0.6690385061548356
119679,0,0.1419939532316214
119680,0,0.4329018823492885
119681,0,0.5450777749672656
119683,0,0.2437439780435047
119687,0,0.05584621744410813
119688,0,0.6612946009824475
119689,0,0.3578970922247443
119692,0,0.35341219767783627
119693,0,0.37228028913004757
119694,0,0.03276740241808843
119695,0,0.44579368040094286
119696,0,0.30328263547780987
119698,0,0.07299967251643524
119700,0,0.2357307127962354
119702,0,0.08131574058438189
119703,1,0.414116468264397
119707,1,0.9203228179378378
119708,0,0.5720010373895026
119711,0,0.34487628668364256
119712,0,0.7370092725571455
119716,1,0.686176207016598
119727,0,0.06293735116305561
119731,0,0.7924008369481143
119734,0,0.6622436856160536
119735,0,0.6696837277433774
119737,0,0.3040990590000217
119738,0,0.7653948728327352
119742,0,0.3074768443737275
119743,0,0.28711148901850725
119745,1,0.8474813283701038
119746,0,0.44236657849961947
119750,0,0.1585540239234753
119751,0,0.5117950584078594
119752,0,0.48268305670140266
119753,1,0.7323604959010066
119755,0,0.26224720912084953
119758,0,0.22456238371906023
119759,0,0.1746395699204915
119761,0,0.22057972943082635
119762,0,0.6433254093465407
119765,1,0.5903257847236422
119766,0,0.34967798739377376
119768,0,0.33343195633684136
119769,0,0.6162371918459904
119772,0,0.21416513214101143
119773,0,0.08125757103444285
119775,0,0.2957391814948812
119776,0,0.4645792130901995
119777,0,0.668588872579161
119779,0,0.4424692016586275
119780,0,0.7366858078171243
119781,0,0.5025160372502896
119787,0,0.42771413095677124
119788,0,0.5167882488322948
119791,0,0.17508827607781474
119795,0,0.35493095052199497
119798,0,0.6436846189941691
119799,0,0.3604695151695007
119800,1,0.8418717568824469
119801,0,0.38068728965412935
119802,0,0.21062721349426636
119806,0,0.5479629180682384
119807,0,0.6454732241648933
119808,0,0.7412646130982194
119810,0,0.12470174264197781
119811,0,0.43961226086313837
119813,0,0.25773807330531495
119814,0,0.4249664443448565
119815,0,0.03776540949622582
119817,0,0.3313321197280072
119821,0,0.635032730083601
119825,0,0.17187319693755176
119829,0,0.23051006644206792
119830,0,0.06703111470494005
119831,0,0.06184368792927151
119832,0,0.18808074875841493
119834,0,0.5069430437600112
119839,0,0.5384480644100597
119841,0,0.356891617029045
119842,0,0.623598298430663
119843,0,0.6859994972112348
119846,0,0.8427782853252516
119848,0,0.27169833976816715
119852,0,0.24367027789352003
119854,0,0.1753876624514735
119855,0,0.31114816860660144
119859,0,0.29792581845950206
119864,0,0.543265840385152
119870,0,0.8051819297031116
119871,1,0.6519543212590361
119873,0,0.224498929043734
119875,1,0.3790865091952671
119876,0,0.3099659732215802
119878,0,0.05571679485524137
119879,0,0.1618116862018443
119880,0,0.03569145534115438
119882,0,0.6783270907086911
119885,0,0.6524656431999681
119886,0,0.6552730869312391
119887,0,0.052267436572362186
119889,0,0.4527112473410104
119890,0,0.371832318645933
119892,0,0.18789235089495995
119896,0,0.38066830754260034
119897,0,0.36722231647536707
119898,0,0.048458436845494876
119901,0,0.048699273417439154
119905,0,0.7152292494203739
119907,0,0.16244619920672046
119908,0,0.1839514270652195
119911,0,0.7563806043208264
119913,0,0.3008380934513757
119915,0,0.07184399485070118
119918,0,0.4656387116597393
119923,1,0.8061916175781304
119927,0,0.06298650769819868
119928,0,0.11654087762213877
119929,0,0.09628721747013329
119930,0,0.03667235269249222
119935,0,0.13975189588800435
119936,0,0.07510991352939642
119937,1,0.991273763730786
119939,0,0.600198357619572
119941,0,0.35158201676850365
119942,1,0.6051875137240401
119944,1,0.9592839240949205
119947,0,0.35836183783686587
119948,0,0.48622924766626757
119949,0,0.2883585869333691
119951,0,0.5366511554611783
119953,0,0.4295529035004533
119958,0,0.7081034876408973
119959,0,0.5876266331333563
119960,0,0.12790790214231654
119964,0,0.9999999958347936
119965,0,0.07710913902923901
119966,0,0.4319523974404106
119968,0,0.8751723558249637
119970,0,0.041499581990331116
119972,0,0.7051201106850629
119975,0,0.023483952021829083
119978,0,0.35638965167766345
119980,0,0.5934108877447791
119981,0,0.05345987497075869
119982,0,0.14608952492219238
119987,0,0.5820634065113238
119988,0,0.018735688351543746
119989,0,0.0874752932517464
119994,0,0.12973955545223548
119995,0,0.09328173723922228
119996,1,0.23333176139160006
119997,0,0.6289094893064844
120000,0,0.48952221627338466
120001,0,0.5135195796432563
120003,0,0.6655522281532323
120004,0,0.7269957969397618
120005,0,0.44490464888312015
120010,0,0.8360033043179628
120011,0,0.17198708761845344
120013,0,0.7476383847973301
120016,1,0.6956820375881505
120017,0,0.17765996134124684
120018,0,0.2784233052543225
120020,0,0.05484905743266693
120021,0,0.6287606274285445
120022,0,0.22176338886533636
120025,0,0.1411739378764822
120026,0,0.11157732099732298
120027,0,0.17908522201503907
120029,0,0.1280070523488719
120030,0,0.22550061666327484
120039,0,0.2035867465539835
120040,0,0.7059157240594576
120041,0,0.3141156190260407
120043,0,0.4312432711573119
120045,0,0.6030653210853082
120048,0,0.03170742016749444
120049,0,0.38545015300269386
120052,0,0.6393597902035781
120053,0,0.07845758199270031
120055,0,0.25685898937411705
120056,0,0.42926008279630423
120062,0,0.42220918289261106
120063,0,0.4124919042259006
120064,1,0.6419771546279316
120065,0,0.04559373559777589
120068,0,0.10387893596949785
120069,0,0.43573514081367476
120076,0,0.6683382857039677
120078,0,0.45056250800942166
120079,0,0.0846139671114148
120080,0,0.7485873305587724
120082,0,0.23571872537061186
120084,0,0.07429979026597652
120089,0,0.3964479510751003
120090,0,0.18294297405813517
120091,0,0.2252483762317149
120097,0,0.2841937976145333
120099,0,0.3690807349074253
120101,0,0.09787113771755579
120103,0,0.6241497739963942
120104,0,0.15971841490787578
120105,1,0.9345015808927883
120106,0,0.29255093189234144
120107,0,0.36773272159874026
120110,0,0.09634753729237261
120111,0,0.44228047711294094
120115,0,0.07217175292701587
120116,0,0.45517097741973744
120117,0,0.6537874018925797
120119,0,0.4956821855333183
120121,0,0.5939921191884588
120124,0,0.22604429511282784
120126,1,0.9882204832121358
120127,0,0.3566678799413421
120129,0,0.04258700442728468
120131,0,0.16933142114334912
120136,0,0.3160495562890083
120137,0,0.20271123369130647
120142,0,0.16840838998085042
120145,0,0.24683744969444524
120147,0,0.16726380157299742
120149,0,0.24524970168834964
120150,0,0.4856667523178082
120153,0,0.14254893100759308
120154,0,0.04025153797737033
120156,0,0.3174356280231506
120158,1,0.570281088475735
120159,0,0.33252584613757846
120160,0,0.27365797077219817
120165,0,0.15234268751819527
120169,1,0.7566669410339417
120173,0,0.6345093659160896
120177,0,0.3803232776413623
120178,0,0.8018629452461223
120179,0,0.05617541607270483
120180,1,0.76584195733853
120181,0,0.6506196438806542
120183,0,0.7192128420819279
120188,0,0.29269482323733126
120190,0,0.7605601484848236
120193,0,0.24195008069220386
120194,0,0.17733078118530832
120196,0,0.31208345361671386
120197,0,0.14821758288161735
120198,0,0.5738109700943027
120202,0,0.32075334511885617
120203,0,0.22751107959815423
120204,0,0.4189047748252023
120208,0,0.5341008402354124
120209,0,0.4709486586256513
120211,0,0.22085198701166098
120212,0,0.35161559531465414
120214,0,0.24346308619363619
120223,0,0.43700572951195554
120224,0,0.6210576493224568
120228,0,0.23771764986433433
120229,0,0.3039931541927987
120230,0,0.16010796909341313
120231,0,0.5666852314775529
120239,0,0.19090941891949753
120241,0,0.6543749031944162
120246,0,0.5188184289870246
120247,0,0.2228045822129056
120248,1,0.7587938083142837
120249,0,0.6807920127783323
120250,0,0.12516616712277195
120251,0,0.5455265715727045
120252,0,0.3708379767519603
120257,0,0.5952656341240006
120258,0,0.23806595416760357
120259,0,0.5177099998446697
120260,0,0.5204147723220733
120268,0,0.5572935315194598
120273,0,0.13063571461760468
120278,0,0.4451605475294889
120279,0,0.18140060555704104
120283,0,0.07389038880891764
120285,0,0.553412781974626
120286,0,0.2476517055751739
120287,0,0.43054920939225705
120291,0,0.11967575173963832
120292,0,0.6261667825429105
120293,0,0.617497619991563
120296,0,0.2590219041510049
120300,1,0.7011754997620094
120307,0,0.4969926894881539
120310,0,0.28894922094661374
120311,0,0.4665004446856907
120312,0,0.35146189636267017
120313,0,0.197171388626628
120315,0,0.7202934733981982
120319,0,0.24786365082204515
120322,0,0.8002579538837942
120325,0,0.19953728152151326
120327,0,0.6904034205716413
120329,0,0.15329515782834996
120330,0,0.45307823818280646
120331,0,0.14029976123576482
120332,0,0.37695634404417233
120334,0,0.08348482050120178
120335,0,0.08722453340452506
120336,0,0.5751483198537679
120338,0,0.6231099730461537
120340,0,0.19660959911623677
120343,0,0.40955695673020626
120345,0,0.4759767604028513
120346,1,0.7613726557339083
120350,0,0.3345560613446184
120352,0,0.24902914862635842
120353,0,0.24035200494199924
120354,0,0.22823738235783458
120355,0,0.030582764100193862
120358,0,0.4987057065653284
120361,0,0.2566922522639351
120363,0,0.13070983574427578
120364,0,0.6653734647977987
120367,0,0.15760213615389054
120368,0,0.42920369235067374
120369,0,0.21470449183679274
120371,0,0.5852493899155464
120373,0,0.20357551522325945
120376,0,0.6157321079710714
120379,0,0.20955220712574543
120380,0,0.4117747820156239
120381,0,0.49371156619417345
120382,0,0.2746882485023439
120384,0,0.718899300680617
120386,0,0.6803716607316181
120387,0,0.5035546394336403
120388,0,0.2442697656258231
120389,0,0.14076501863743499
120392,0,0.13456069826567768
120393,0,0.2692554259782038
120395,0,0.3825219736339326
120396,0,0.5898670015416991
120398,0,0.5251642433971293
120400,0,0.2060603885190102
120401,0,0.42721677771897293
120403,0,0.5564273323105277
120404,0,0.09694416876533013
120405,0,0.09272610411472795
120407,0,0.3544538469900744
120410,0,0.09551110371696994
120411,1,0.8130071176588886
120412,1,0.6857429619099524
120413,0,0.5755603555721197
120414,0,0.059872694588659126
120415,0,0.1113459872010752
120416,0,0.46393809763096094
120418,0,0.3079642883456258
120419,0,0.7511972037816089
120420,0,0.38342479468103713
120422,1,0.7531733310924592
120426,0,0.9563911582078617
120427,0,0.11754356139070254
120428,0,0.22110373223851928
120432,0,0.44879709435548626
120435,0,0.42114162166966285
120436,0,0.8719059870491634
120440,0,0.2173294929783379
120441,0,0.06665613441018373
120442,0,0.6315607819274144
120443,0,0.1444764885103932
120444,0,0.24128930835273366
120447,0,0.22082286870819529
120450,0,0.15718734013509614
120451,0,0.08317426527732891
120452,0,0.519920959454265
120454,0,0.16596140936180617
120455,0,0.4325647374407802
120456,0,0.47430013559111656
120458,0,0.2304003633233724
120460,0,0.30265789262800036
120461,0,0.1621321737113172
120462,0,0.26675838474044095
120463,0,0.2409967117505067
120467,0,0.5736670699009504
120468,0,0.5388464686075664
120471,0,0.2168940595686368
120472,0,0.3616978230702596
120475,0,0.33130436146919795
120476,0,0.46030552196398417
120478,0,0.7038070394747925
120479,0,0.4823386651974006
120480,0,0.5089590659676662
120481,0,0.16211622962087394
120483,0,0.07952133761194964
120484,0,0.21787044467191166
120485,0,0.286820826823661
120490,1,0.2265197461427365
120491,0,0.27688379525222456
120494,0,0.04217544174816688
120497,0,0.6592939692019715
120498,0,0.12493406381384692
120500,0,0.399396678656545
120509,0,0.39748539349765716
120510,0,0.48450013502278716
120511,0,0.5176763148237603
120512,0,0.15213458032978946
120519,0,0.4970397791857523
120521,0,0.6337595991452681
120522,0,0.350449107884346
120523,0,0.08622774098780024
120526,0,0.28504044207456414
120527,0,0.6505073222536635
120528,0,0.20099039733943277
120529,0,0.1006494693378432
120531,0,0.44186181452256795
120535,0,0.6622954121415761
120538,0,0.3130141817743678
120540,0,0.5983624576106843
120541,0,0.16179094015646744
120542,0,0.27266151953188356
120544,0,0.4651415220225948
120545,0,0.37814885142754223
120552,1,0.9589686772029223
120553,0,0.16210556709720483
120556,0,0.3799916760463188
120557,0,0.3745536885725682
120558,0,0.47340306180958375
120561,0,0.31210587627317443
120563,0,0.6459387860461017
120567,0,0.20060331773797338
120570,1,0.6959603085895189
120571,0,0.17063370618661333
120573,0,0.543462814652568
120576,0,0.12263234264406148
120577,0,0.5727502290809268
120581,0,0.24672848675433667
120584,1,0.3215717274007257
120586,0,0.12846218690480463
120590,0,0.17107082508103177
120591,0,0.3668525836202768
120596,0,0.06442396321919314
120597,0,0.18880661280707428
120598,0,0.4007349194059769
120601,0,0.40617145840353813
120603,0,0.4267313502263391
120607,0,0.5299211537131305
120608,0,0.5346328497811177
120609,0,0.19090263194791762
120610,0,0.3250888109220698
120611,0,0.7249373565068907
120613,0,0.6997904275810181
120614,0,0.28091211965330454
120616,0,0.43127513951324137
120617,0,0.6240751027963337
120623,0,0.23368234064140753
120625,0,0.3490100232023295
120629,0,0.02459110949558763
120631,0,0.12972012366533567
120635,0,0.31410369294265006
120636,1,0.24752388603811792
120641,0,0.3580580737854447
120647,0,0.6798856416906521
120651,0,0.6806333850985713
120652,0,0.8313980656014324
120653,0,0.5769264895390984
120654,0,0.19901252902458605
120661,0,0.06624009640885792
120662,0,0.4301601818408194
120663,0,0.358251223345615
120667,0,0.22591366188199416
120671,0,0.3470503728405239
120676,0,0.1323243084750175
120677,0,0.6852468681392262
120678,0,0.28884025464275515
120683,0,0.4893051039966998
120684,0,0.08718436475515935
120687,0,0.13201091042856058
120688,0,0.23271769910131634
120691,0,0.12887159934229053
120694,0,0.3877706874590235
120696,0,0.37277567016855534
120699,0,0.5058969907692967
120700,1,0.8090934973179028
120708,0,0.46750391832411864
120709,0,0.7224995137730706
120710,0,0.78451478927399
120711,0,0.35951955337823366
120717,0,0.4280679843897373
120718,0,0.6845448142588321
120720,0,0.2866815113463766
120723,0,0.6482775066003045
120727,1,0.6044600648398447
120730,0,0.09956823120731234
120731,0,0.14178375153537034
120733,0,0.4254880504658406
120734,0,0.43052608002733694
120738,0,0.5239358111811977
120742,0,0.5046717697321608
120743,0,0.3819572142915183
120745,0,0.22816457526232642
120747,0,0.9873908697060849
120748,0,0.6301953153051842
120749,0,0.385829405505478
120751,1,0.8498220236003002
120752,0,0.5145135358027091
120754,0,0.48261067198080754
120761,0,0.22612318808034657
120762,0,0.720874974172295
120769,0,0.27203198146797103
120770,1,0.7848116132832319
120774,0,0.3966546958959631
120778,0,0.22487554619537167
120779,0,0.5543032157938204
120780,0,0.07744448625913965
120782,0,0.39326615713419355
120784,0,0.5282844284427578
120788,0,0.1620527149166832
120791,0,0.272653931559022
120792,0,0.4586655169027247
120793,0,0.638187008129911
120794,0,0.1302928074554243
120798,0,0.42480801441254745
120799,0,0.7155963733412629
120802,0,0.2978916877640179
120804,0,0.19843850743711594
120817,1,0.5449156971109479
120819,0,0.0820992878746383
120821,1,0.5284376081394001
120823,0,0.5941638330084286
120825,0,0.7488932051108868
120826,0,0.34747675696289626
120827,0,0.0776223824743211
120828,0,0.2425949327378992
120829,0,0.8261023313228893
120831,0,0.5148921036647509
120832,0,0.6903089373008183
120833,0,0.48178424936135955
120836,0,0.5175896256801346
120837,0,0.21533148840275512
120838,1,0.20779280632331215
120841,0,0.9234250193687914
120842,0,0.08873349840639384
120843,0,0.21223211349295337
120846,0,0.2672787935437387
120847,0,0.4780808881531336
120848,0,0.0376158512875346
120849,0,0.4051360051819278
120851,0,0.2159986971408619
120859,0,0.33283877403663537
120860,0,0.34342847467618215
120862,0,0.2495865908644235
120863,0,0.2507388792659212
120870,0,0.2210204293494123
120873,0,0.41538033734365903
120874,0,0.22934558011832815
120876,0,0.07738815955851022
120878,1,0.6013298132942781
120880,0,0.1266649798557611
120881,0,0.16785114125200956
120882,0,0.3093542858844727
120885,0,0.48951469629492844
120886,0,0.6366048261314579
120887,0,0.4706395751514237
120888,1,0.7380391804485028
120889,0,0.1429985010101222
120894,0,0.4321986023856162
120897,0,0.2946946887990537
120899,0,0.385725699777531
120901,0,0.9785276970174954
120904,1,0.8801319549740153
120905,0,0.4866220533429846
120908,0,0.08155345738147199
120909,0,0.41848973135363354
120911,0,0.8841506619614496
120912,0,0.38532639347099523
120917,0,0.5908214584143177
120921,0,0.24439685013846243
120922,0,0.6006367234297905
120924,1,0.8096350865244444
120925,0,0.26974729353373106
120927,0,0.566674436811806
120928,0,0.09740145206347053
120930,0,0.5597255403664704
120933,0,0.4343492933186803
120936,1,0.7051364404923657
120939,0,0.7819286240915269
120945,0,0.14624175935001346
120948,0,0.9361976289995727
120950,0,0.45241032711218726
120953,0,0.8071790610897014
120956,0,0.046573952196074284
120959,0,0.5888425764685717
120960,0,0.508484057009196
120962,0,0.5206511414852276
120965,0,0.23248492569559193
120967,0,0.8350365201018243
120969,1,0.8717168310664214
120971,0,0.2380129493035404
120973,0,0.3031668209367227
120978,0,0.31552638095381536
120981,0,0.605045171277768
120982,1,0.980465641624568
120983,0,0.34905887896151855
120984,0,0.45612007665175464
120987,0,0.5202951830864212
120989,0,0.19603611864988643
120990,0,0.03327072143767361
120991,0,0.09830505788416413
120994,0,0.7389534311659837
120995,0,0.41113550827980194
120999,1,0.4018187217047127
121000,0,0.40700497431655597
121001,0,0.3077810361009246
121005,0,0.8428208484091512
121008,0,0.7126486371886679
121012,0,0.17718699276428312
121015,0,0.8057429045823735
121020,0,0.4906439910458843
121022,0,0.11000682485925137
121023,0,0.4903597941275484
121027,0,0.27125705145728474
121030,0,0.30626233297425476
121032,0,0.05872005895315036
121033,0,0.06504040093090478
121037,0,0.09057925150019981
121038,0,0.33992494083350794
121041,1,0.9606608643907641
121043,0,0.5689592191405035
121045,0,0.47890520569760725
121047,0,0.3645332866217133
121052,0,0.45065606534914965
121057,0,0.4095960061012327
121058,0,0.8007846602747646
121060,0,0.17022649355204764
121061,1,0.08030192765054336
121063,0,0.2920457742686817
121064,0,0.5768590570155336
121067,1,0.8376794448554344
121068,0,0.3159386787568952
121069,0,0.6093228542240647
121070,0,0.20250558559093296
121071,0,0.1023616548274883
121072,0,0.36896708169721043
121073,1,0.4820702552070414
121074,0,0.22887832996527085
121076,0,0.1185167342520382
121077,0,0.422650021342097
121078,0,0.7623982829174879
121080,0,0.27998449432472644
121081,0,0.26372980480614716
121082,0,0.13445633115383918
121083,0,0.265488846749341
121088,0,0.5581693303314013
121089,0,0.40911173604202145
121091,0,0.03972214018222541
121095,0,0.3052931610659487
121098,0,0.49588073908312147
121101,0,0.45139044393132893
121102,0,0.33771608633765277
121105,0,0.4127703634474126
121106,0,0.5737740046954148
121110,0,0.48085882566748706
121111,0,0.2417045552722172
121114,0,0.22706064382392888
121115,1,0.770320772169869
121116,0,0.3803736189003747
121117,0,0.38165504679914036
121120,1,0.9884761702377804
121122,0,0.24171973230279037
121123,0,0.5552402084794344
121125,0,0.817672622969165
121126,0,0.11394797610240472
121134,0,0.7116268101838585
121135,0,0.3523280004272299
121136,0,0.454334677615306
121139,1,0.8889893366688982
121142,0,0.3107452855694226
121146,0,0.09968276154687618
121147,0,0.14079061595768214
121148,0,0.3650933204993019
121149,0,0.39024209931724835
121153,0,0.4458175446966971
121154,0,0.26432555367962746
121156,1,0.3379526052468832
121162,0,0.2349164027773285
121165,0,0.06534735824927043
121169,0,0.1527703581052448
121171,0,0.2228473727200518
121172,0,0.878413221528693
121173,0,0.6504881572315043
121174,0,0.5379209455309
121175,0,0.24824322127824713
121176,0,0.4041829383351158
121177,0,0.05077019453864248
121178,0,0.589973726869441
121182,0,0.28062888443740275
121185,0,0.2028522604428344
121187,0,0.6835947396958699
121188,0,0.06304619620781605
121192,0,0.11159798843615831
121194,0,0.08799131993197278
121197,0,0.3356745396402199
121198,0,0.0855455133385216
121199,0,0.041771489811295616
121200,0,0.26166546807883195
121201,0,0.7401584477898225
121203,0,0.10481288525170332
121204,0,0.3036086813061304
121205,0,0.5512035582419021
121207,0,0.16404795547668644
121210,0,0.17362674815232917
121211,1,0.7297066084478219
121213,0,0.1007467755239577
121215,0,0.08403449216164041
121219,0,0.34627787518897013
121220,0,0.227426532969006
121228,0,0.03493191204608118
121235,0,0.12512095402901713
121237,0,0.35870661053751024
121240,0,0.3672787008616119
121242,0,0.27445240652186553
121243,0,0.24953982935334895
121245,0,0.1166803760693314
121246,0,0.4402649178781674
121249,0,0.669025139063689
121251,0,0.8322423466972361
121253,0,0.25389463177677685
121254,0,0.22271886308499558
121255,0,0.2934382885747999
121256,0,0.21239200012275045
121258,1,0.8100770415690368
121259,0,0.1356816595079145
121260,0,0.3669220119139851
121261,0,0.1168161360442611
121264,0,0.5006309670593675
121269,0,0.5270005642312227
121272,1,0.6786459764060092
121274,1,0.8426970746150502
121276,0,0.4444532918456376
121277,0,0.7601728580119052
121279,0,0.12705031379125373
121284,0,0.6353254718768816
121286,0,0.17922942336674533
121287,0,0.3690911707826646
121291,0,0.44728533279644517
121293,0,0.4249461224379327
121294,0,0.6842713761062074
121295,0,0.27289652237682105
121296,0,0.3067032928936284
121299,0,0.44734063553782205
121303,0,0.1973751355854533
121304,0,0.3921862328314369
121305,0,0.5021495302617203
121309,0,0.4053230101346615
121311,0,0.23254378522482919
121313,0,0.22010593540885995
121315,0,0.6003771866998222
121317,0,0.6793614881159029
121319,0,0.2441019365583495
121321,1,0.789454090815428
121322,0,0.34222926953519783
121324,0,0.13152859753168547
121325,0,0.588111216568963
121326,0,0.3511521448406466
121329,1,0.5350298063995373
121334,0,0.18007977307030845
121335,0,0.24700445450959366
121336,1,0.3739263212705895
121337,0,0.22547785110113464
121340,0,0.07363582222050394
121341,0,0.5915808481551156
121345,0,0.2374645280433633
121346,0,0.41086781466151606
121348,0,0.5893033570653404
121349,0,0.49117233718425946
121350,0,0.23212948010814397
121351,0,0.19378508313977683
121353,0,0.3922813975920207
121358,0,0.7824745525053423
121359,0,0.625068760830153
121360,0,0.8502785204976002
121361,0,0.04262956377995003
121364,0,0.2604464108915866
121365,0,0.1436910807907826
121367,0,0.674485525127131
121368,0,0.19645228469742612
121371,0,0.22604397222328576
121373,0,0.6389852880036146
121378,0,0.1191075393045802
121381,0,0.8652589147853796
121382,0,0.3246864765354713
121383,0,0.6415798255193285
121386,0,0.634126409070975
121391,0,0.49271906848396574
121393,0,0.2242021505844681
121394,0,0.3989541268698385
121395,1,0.7061459126726648
121398,0,0.5273757987714439
121400,0,0.07596865972490198
121405,0,0.10674761111611786
121406,0,0.47620049146302657
121408,0,0.23283287702393096
121410,0,0.5882663766081428
121414,0,0.27196446318932105
121415,0,0.34132328613190277
121417,0,0.1674793430836911
121418,0,0.2444172181000797
121420,1,0.4722577676861533
121422,0,0.20674972722416393
121424,0,0.13234582591229402
121425,0,0.3068582046054789
121428,0,0.20848407354132703
121432,0,0.32930251751568546
121435,0,0.17515774229263012
121441,0,0.05880764076222976
121442,1,0.968350350314603
121443,0,0.1718698716115737
121445,0,0.5519379765356726
121450,0,0.47937625168574505
121451,0,0.24997505137636677
121453,0,0.12679173200241395
121457,0,0.6919066999715726
121458,0,0.2761402392473099
121459,1,0.7097473839286691
121460,1,0.677036171913262
121461,0,0.2646927694970513
121462,1,0.5196855194138956
121464,0,0.4153707191953002
121465,0,0.8255168204465226
121468,0,0.5137208635315389
121473,1,0.30578009622098173
121475,0,0.137339359956961
121476,0,0.055136465721907335
121479,0,0.04094969682520562
121480,1,0.5634951378934724
121481,0,0.2426198652447873
121483,0,0.05858522895865315
121484,0,0.48377370420932536
121485,0,0.049864239658302265
121486,0,0.21239413162218346
121488,0,0.16185540759029338
121489,0,0.7511425275493478
121490,0,0.05836696797684841
121494,0,0.6921697186005389
121500,0,0.11467565982033306
121505,0,0.3652350731294011
121506,0,0.49079121466984144
121508,0,0.27186255771060347
121512,0,0.606794906329693
121519,0,0.18317006254117013
121520,0,0.6586180616923306
121521,0,0.07215934415502784
121525,0,0.40361455005745367
121526,0,0.43971929016065014
121528,0,0.07494779639142157
121530,0,0.2607569522704971
121533,0,0.14688844123457087
121534,0,0.1227477271027397
121535,0,0.2822109753811729
121538,0,0.11301346144603465
121540,0,0.33469097936083186
121543,0,0.7880668608603147
121544,0,0.4866574626890569
121548,0,0.37600062380828564
121550,0,0.10528145344175881
121551,0,0.326496169174006
121554,0,0.22930554300772532
121556,0,0.609135038198229
121558,0,0.09562710616862785
121559,0,0.1445636811709703
121565,0,0.2898866880820543
121569,0,0.41422160796764884
121570,0,0.1166670072077915
121571,0,0.19363782433743038
121576,0,0.21667053866259728
121577,0,0.045938731910140015
121578,0,0.44143822473592453
121579,0,0.12138352651186939
121580,0,0.3133667729893994
121581,0,0.13981904710849
121582,0,0.06964101883820033
121585,0,0.11237051718423248
121587,0,0.052159193302125754
121588,0,0.6417638941234428
121589,0,0.7597938372509961
121590,1,0.6517531854554024
121592,0,0.4470051336011108
121593,0,0.32911673285904214
121597,1,0.33922233654842254
121603,0,0.47660041474360093
121604,0,0.2624566942613742
121606,0,0.38267824217665586
121607,0,0.5653119706709411
121610,0,0.042603858375211655
121618,0,0.6522339557534769
121620,0,0.5445727289503033
121621,0,0.22826551490429675
121622,0,0.17858812214287315
121623,1,0.9077184117565673
121625,0,0.6840396599038536
121629,0,0.34961955278705437
121630,0,0.8232033192288285
121631,0,0.06718998995513988
121634,0,0.24419488441422701
121635,0,0.20365456027593237
121637,0,0.5964310688211392
121638,0,0.0785988582993474
121641,0,0.3343240507698901
121643,0,0.08922816754839373
121644,0,0.3616104395449446
121645,0,0.6946213053857309
121646,1,0.061451142873224285
121647,0,0.3186666274699375
121648,0,0.5158393842496272
121649,0,0.7342558371783328
121650,0,0.3356309859313591
121653,0,0.3188338856415122
121654,0,0.12238796866814698
121657,0,0.27804420698455495
121662,0,0.2723238284374925
121663,0,0.15763217872801275
121664,0,0.269606102526979
121665,0,0.33941767059610095
121669,0,0.20171557416551888
121670,1,0.7959324626345675
121671,0,0.6354497747160116
121673,0,0.057886834371416354
121674,0,0.049466389529734194
121675,0,0.42705460505991183
121682,0,0.7041088447086854
121687,0,0.44540578431996614
121692,0,0.1881558014186072
121693,0,0.19427950370636404
121694,0,0.5049348827184129
121695,0,0.5451135158266928
121696,0,0.3793942488162974
121699,0,0.49567691719819335
121700,1,0.8274396692316281
121705,1,0.6731856713219896
121708,0,0.6027188045843614
121710,0,0.3443197366235356
121711,0,0.07868897607384734
121714,0,0.1586839935463344
121719,1,0.8180722417355966
121720,0,0.15418794267776584
121721,0,0.3466634365118401
121727,1,0.82790093459922
121728,1,0.7163414938621043
121730,0,0.61632609232271
121731,0,0.7439870616022632
121737,0,0.09187711290955064
121738,0,0.09314445529659368
121741,0,0.5029601655985865
121744,0,0.062114410372276246
121746,0,0.3104166596065706
121747,0,0.23374543122285854
121750,1,0.25988756790281037
121751,0,0.7264030553961089
121753,0,0.4833222145964276
121754,0,0.4923153864514914
121758,0,0.2907011524415177
121761,0,0.5298735379355062
121763,0,0.2636120787934685
121764,0,0.03227131722058954
121771,0,0.3287945371335833
121773,0,0.4733315252618507
121774,0,0.6833937825222883
121775,0,0.3316837566507885
121776,0,0.32750108358450625
121778,0,0.14203408422279365
121779,0,0.16045030151937179
121780,0,0.5986439036947585
121782,1,0.38384092456267604
121783,0,0.6089524236062214
121784,0,0.3947368668709988
121785,0,0.7397277815313936
121786,0,0.9147239801882376
121789,0,0.4613595052255845
121791,0,0.1141473643780691
121796,0,0.32457983130541035
121808,0,0.12535633294986842
121809,0,0.09239494446073183
121812,0,0.35711376085817464
121814,0,0.6756897824814183
121816,1,0.6677338743157183
121818,0,0.333527422676567
121822,0,0.4568514192255062
121824,0,0.10969137968524283
121827,0,0.34805258536329675
121828,0,0.17328591673124796
121830,0,0.22524882635402654
121831,0,0.5158879676363781
121833,0,0.36317456006453913
121836,0,0.06540082038476382
121838,0,0.20565096767165217
121839,0,0.7568741383837019
121840,0,0.4286858634879582
121841,0,0.6827537837745361
121842,0,0.07586731588699569
121844,0,0.37712213902726915
121846,1,0.7802989896096624
121847,0,0.7529987099643388
121848,0,0.3862917405552653
121850,0,0.06535465960138707
121854,0,0.19797104859457135
121864,1,0.37175049999621884
121865,0,0.2227630179749132
121866,0,0.059694277245157246
121868,0,0.30991981489264275
121871,0,0.09697929762645717
121872,0,0.7216423151302559
121873,0,0.3812809698401429
121874,0,0.3361608813584806
121876,0,0.15831208439702416
121877,0,0.4262539218081587
121882,0,0.31244863345247476
121883,0,0.5984096383970265
121885,0,0.1386115207948811
121887,0,0.5445736768649118
121891,0,0.5946934413208347
121893,0,0.28160223900507586
121894,0,0.3277491801197268
121895,0,0.35981396496487517
121896,0,0.2835740224348511
121897,0,0.19866404199111137
121899,0,0.44900894504111083
121905,0,0.6910488556188424
121906,0,0.38771051007456686
121907,0,0.5173754707458562
121913,0,0.1038187278091792
121917,0,0.33474715585078396
121918,0,0.2319607749754276
121919,0,0.04170949944411073
121920,0,0.16945711090359977
121921,0,0.4246005267578164
121922,0,0.10557308534361735
121923,0,0.49720487884186515
121925,0,0.4728450470448189
121927,0,0.8244532542424903
121928,0,0.8473856334025117
121929,0,0.40896513409420526
121931,0,0.22816633289264238
121932,0,0.2642142630467482
121936,0,0.3137515628352391
121937,0,0.3568019078345621
121938,1,0.9778244423658463
121944,0,0.1920238420626713
121945,0,0.38559668699843536
121948,0,0.2657988315103054
121950,0,0.2749695988603226
121956,0,0.03761586695239382
121958,0,0.3821437165260883
121961,0,0.26911326996021295
121962,1,0.9904850113014783
121964,0,0.21830876346217812
121965,0,0.12298543060006677
121968,1,0.7695810642050162
121970,0,0.19773341488800114
121972,0,0.36437284155404553
121974,0,0.37238179559204276
121975,1,0.30411845086175854
121976,0,0.727780668131654
121977,0,0.6066546957591546
121978,1,0.5422436023355849
121979,0,0.1469487760118663
121981,0,0.35550015345550395
121982,0,0.2815344994350982
121984,0,0.4955946371293582
121985,1,0.43631876370434713
121987,0,0.5130546968170357
121988,1,0.7233528711890242
121989,0,0.34334521764919723
121991,0,0.442991949301067
121993,0,0.3360694991377879
121994,0,0.6886819133229074
121995,0,0.17028737749283157
121997,0,0.5899821205988373
122001,0,0.27513824370024914
122004,0,0.26969906516169256
122005,0,0.5567060127887893
122007,0,0.1234313348955811
122011,1,0.04733440625276527
122012,0,0.6417785562765079
122013,0,0.3901451364134765
122018,0,0.048334060065241394
122019,1,0.7664681217460553
122021,0,0.32247285436877277
122022,1,0.7348678225260264
122023,0,0.41799980442076223
122029,0,0.21640042827749473
122030,1,0.5210882897418859
122033,0,0.6593847188953278
122035,0,0.06896693153862768
122036,0,0.24139434805178817
122037,1,0.807211129875338
122038,0,0.22111061011497535
122039,0,0.449213257137339
122041,0,0.23097993957793386
122043,0,0.4318997862952421
122044,0,0.6238810232573795
122047,0,0.6774964114621267
122048,0,0.5854862478663951
122052,0,0.3559871393315307
122053,0,0.10408754687616177
122054,0,0.30609666449813155
122056,0,0.34079153878474105
122061,0,0.3246913304433026
122062,0,0.1586440942245405
122063,0,0.18430480288937345
122070,0,0.4576834659588795
122074,0,0.2832904145268801
122077,0,0.36058911471606314
122078,0,0.32821209116504524
122081,0,0.6412030089197317
122089,0,0.34118698136283543
122093,0,0.05370344141750966
122095,0,0.07493184753089527
122097,0,0.08117762032964732
122099,0,0.25956635604099004
122101,0,0.5252148083268828
122102,0,0.7637733884845748
122105,0,0.3709752027806486
122107,0,0.3157333545507664
122108,0,0.24290350337462366
122111,0,0.17886381330591083
122112,0,0.17199859072843707
122113,0,0.14778147731002045
122116,0,0.12778462612646743
122118,0,0.21584353338599443
122121,1,0.658605534398054
122127,0,0.1444419085723796
122128,0,0.05414452564733445
122129,0,0.3489002124041702
122130,0,0.03384375732398893
122134,0,0.37956744090524064
122135,0,0.08372342531851933
122136,0,0.3782742630151573
122139,0,0.4080720723687946
122140,0,0.26081568882511874
122143,0,0.08213602282753049
122144,0,0.5111760755256588
122146,0,0.18339477010160068
122150,0,0.49307470402536846
122152,0,0.07989923062385386
122153,0,0.7223780522041696
122154,1,0.3946875517556244
122156,1,0.9265592655885808
122158,0,0.057138878067573
122159,0,0.8573395562639328
122163,0,0.07520510033891463
122166,1,0.7634165849637702
122179,0,0.1014713322593749
122184,0,0.7850062948529528
122187,0,0.436860447920274
122188,0,0.15539785308895837
122192,0,0.6761782726889556
122193,0,0.3379500700257628
122196,0,0.07792249004736122
122199,0,0.5836125955939778
122202,0,0.6404243660812385
122203,0,0.4272811950393528
122204,0,0.2299172097156417
122207,0,0.04232670171499226
122209,0,0.19578510954171005
122210,0,0.05421841006989442
122213,0,0.15258553887893686
122214,0,0.3603772134311251
122215,0,0.15389107754269515
122216,0,0.39921603133423084
122217,0,0.3825752599775388
122219,0,0.531363106628143
122222,0,0.2401987536088962
122227,0,0.2727306392394459
122233,0,0.042912201596044676
122234,0,0.29510297814517117
122235,0,0.4803883258610244
122237,0,0.4455203523375084
122239,0,0.08058349004511495
122240,0,0.4673684579984377
122241,0,0.18407783915618178
122244,0,0.7304429620391507
122245,0,0.2527186926149848
122246,1,0.7908669768502421
122252,0,0.6696321313923158
122254,0,0.1525418664141486
122258,0,0.9562533879307584
122260,0,0.25733493410779845
122264,0,0.13062976593189607
122265,0,0.16093691641886226
122266,0,0.22645622207313282
122268,0,0.6489340632976979
122269,0,0.3976202353349294
122271,0,0.305129753901427
122274,0,0.18439471726573228
122276,0,0.1863801125317357
122278,0,0.08109880927757303
122282,0,0.29430186918701284
122283,0,0.32909501726585577
122286,1,0.8019009353888733
122287,0,0.13078863913252142
122289,0,0.20739015254742332
122290,1,0.9774610321711992
122291,1,0.3513104912930319
122293,0,0.5106990192872798
122294,0,0.13305891320352464
122295,0,0.698287756326565
122297,0,0.24293298993075368
122300,0,0.21899405093909896
122301,0,0.1088399181809502
122302,0,0.04286189687252012
122303,0,0.5742619163972787
122304,0,0.2690164003420621
122305,1,0.9280286605018953
122310,1,0.15645843867899253
122314,0,0.41488230114883323
122315,0,0.803653411323693
122319,0,0.20987568229212786
122322,1,0.9829891139274235
122323,0,0.4367251431904474
122324,0,0.2010432384781923
122325,0,0.5163900906839143
122328,0,0.7080871913069335
122333,0,0.5241552238907455
122334,0,0.10047644663959654
122335,0,0.2104241824496797
122337,0,0.6780842261090694
122338,0,0.851416295320589
122339,0,0.44993322082086407
122340,0,0.1115462231599712
122343,0,0.9322142923557465
122346,0,0.1851343843834751
122350,0,0.052828187429411616
122351,0,0.1360928300587471
122355,0,0.4355106363959802
122356,0,0.08486476421600563
122359,0,0.4994965264152366
122360,0,0.0824207069916121
122361,0,0.7823871084526147
122363,0,0.4065639186775032
122364,0,0.11670065450497054
122366,0,0.03348157525022289
122367,0,0.40233802477858244
122369,0,0.517135716409441
122373,0,0.07557342840608602
122375,0,0.20034136179494086
122376,0,0.1681893437676682
122378,0,0.06340587422762255
122379,0,0.16584064998372625
122383,0,0.06121280524703296
122384,0,0.5231021147251551
122387,0,0.7930468769498008
122389,1,0.23577624274002396
122390,0,0.24461593917154956
122392,0,0.5391182782560842
122393,0,0.05114864699002061
122394,0,0.426323345387807
122395,0,0.44839487408732775
122396,0,0.4862623913413507
122399,0,0.2807050813169114
122400,0,0.9075333878347044
122401,0,0.2578579072051685
122404,0,0.08992965618682103
122405,0,0.5218510366353311
122407,1,0.7054716802264097
122408,0,0.07708065922480556
122414,0,0.2820843827444042
122416,0,0.1782894711967584
122417,0,0.7589143810500265
122419,0,0.3313071555534296
122421,0,0.030542756974401324
122423,0,0.9546496846282709
122430,0,0.03851785915070957
122431,0,0.3646674870708862
122434,1,0.8531117930955449
122435,0,0.5974110481200662
122436,0,0.7601661356548728
122442,0,0.09966335030226604
122448,0,0.1874489685812531
122449,0,0.215740783372916
122451,0,0.028277702367304203
122453,0,0.5281951179974439
122454,0,0.19094310100448822
122456,1,0.6717333636137938
122459,0,0.0682220675558698
122460,0,0.05088853779482151
122462,0,0.05337825698768181
122463,0,0.5592428855786856
122468,0,0.40799270193362025
122472,1,0.7952683344617189
122473,0,0.6221077290708543
122474,0,0.49739787798137797
122477,0,0.0783375497730071
122478,0,0.1544133527327498
122481,0,0.2326783082176024
122482,0,0.20103674396922472
122487,0,0.05073510190315465
122490,0,0.32435770539035674
122493,0,0.6354081881730884
122496,0,0.7319510993302133
122497,0,0.04050889512519748
122499,0,0.2493185775429861
122500,0,0.02601860255232095
122503,0,0.16195694186249351
122504,0,0.4413176044096779
122511,0,0.2894542251178429
122512,0,0.08940955380709963
122513,0,0.3316386477891895
122514,0,0.3420580332127911
122517,0,0.6660521315344098
122520,0,0.41798712073840516
122524,0,0.14315678422599817
122525,0,0.5397034302693081
122526,0,0.1802748803765802
122528,0,0.08008935104719087
122534,1,0.6322013214389821
122535,0,0.23830326531032883
122536,0,0.4299451505061846
122537,1,0.324746090152838
122543,0,0.805584294088377
122546,0,0.41144809076914535
122550,0,0.3965987761665947
122555,0,0.3462433594067609
122556,0,0.2905878958364184
122559,0,0.4328000021261715
122560,0,0.3923681247983601
122563,0,0.4793059752572909
122567,0,0.2710377453683707
122569,0,0.3634693799273224
122572,0,0.5492095415182634
122574,0,0.1308551079196022
122576,0,0.05881717854999176
122578,0,0.33699876725986044
122581,0,0.13173637606137095
122585,0,0.6544433643792792
122586,1,0.23526737031860112
122587,0,0.21407756662580302
122592,0,0.1238915924447277
122594,0,0.27732770681623087
122595,0,0.5166650953608096
122596,0,0.4757662235780968
122597,0,0.40229572753624426
122598,0,0.06185586247516418
122599,0,0.7737462339498777
122602,0,0.12814709187383308
122608,1,0.5902807475500095
122609,0,0.06395853175604177
122611,0,0.6880213744902405
122612,0,0.1730012792075789
122616,0,0.29489230849630216
122617,0,0.1968381818311504
122619,0,0.4356525502043473
122621,0,0.6230446777198482
122622,0,0.17433696935184437
122624,0,0.6658121494647236
122625,0,0.6839036016421423
122629,0,0.5352260369144958
122630,0,0.261029236414645
122631,0,0.1662005182961767
122634,0,0.05810887145291703
122636,0,0.2249382639072133
122637,0,0.1892314629661853
122639,0,0.24957555539263065
122643,0,0.5851586639566279
122644,0,0.4094975327325892
122647,0,0.5622451144571365
122651,0,0.410129095448979
122652,0,0.2856096826986314
122654,0,0.567133991107567
122655,0,0.8284353469920802
122656,0,0.1376676042042384
122657,0,0.6230537097073561
122659,0,0.3663643724258183
122660,0,0.3265273720966641
122662,0,0.07421717254380353
122663,0,0.06888163638348005
122664,0,0.40119042893628476
122670,1,0.6245498550298273
122672,0,0.2118584440560017
122676,0,0.6906801939077827
122678,0,0.34861126767572287
122683,0,0.3375042305947123
122684,0,0.3090315771047647
122685,0,0.49891658460931926
122687,0,0.11630078443197542
122689,0,0.24962447726694512
122691,1,0.7471087641410729
122692,0,0.06225167141305735
122694,1,0.6201457984818775
122698,0,0.1743775856069484
122699,0,0.16336478224094197
122700,0,0.27185702652556104
122703,0,0.15590724012405083
122707,0,0.20848321583863333
122709,0,0.3078205418402422
122713,0,0.3928047598232818
122717,0,0.21081328161805468
122719,0,0.6699895766851572
122720,0,0.5541378302732684
122721,0,0.19333639670507355
122722,0,0.326086675058715
122724,0,0.15209205390827993
122729,0,0.08482089217037345
122730,0,0.4303238550441324
122732,0,0.3767702470704899
122734,0,0.6879329248815718
122737,0,0.11696481022973054
122740,0,0.1651685299829195
122741,0,0.24314585669168237
122742,1,0.7579525999709317
122746,0,0.25769185422244717
122747,0,0.7433538546374393
122749,0,0.4525937430012513
122753,0,0.9240894269234662
122759,0,0.22289630314784847
122760,0,0.4482713600380726
122766,0,0.45012229085857625
122769,0,0.41746113446372013
122771,0,0.20619006194296774
122776,0,0.6301740131117128
122777,0,0.3959507844861971
122780,0,0.3065011735656494
122781,0,0.7041277637058683
122783,0,0.20426632233342343
122784,0,0.14034825494439343
122785,0,0.4499711052932849
122786,0,0.5199329683317614
122787,1,0.2862620014618979
122789,0,0.7469999446562083
122790,0,0.059089180951425
122791,0,0.531089123230599
122792,0,0.49015885412732635
122795,0,0.39734068187293137
122796,0,0.39237813051907466
122800,0,0.18769524389820472
122802,0,0.6859346219068504
122803,0,0.2709455274988544
122806,0,0.28406531627384285
122807,0,0.273922088503033
122813,0,0.5311089250593028
122814,0,0.27012293933447046
122816,0,0.2657248481479404
122818,0,0.4000758397105787
122820,0,0.33395495690282434
122824,0,0.29984843872212735
122828,0,0.20569300747241773
122830,0,0.5497592502943064
122833,0,0.19188627835763905
122834,0,0.051333352775878575
122839,0,0.06655020008596507
122840,0,0.2050469015387843
122842,0,0.10873617986380776
122843,0,0.173728960112295
122845,0,0.6498237117380222
122848,1,0.7681075268604929
122849,0,0.28934592454592145
122851,0,0.7385686339761416
122852,0,0.08536720729037105
122855,0,0.26992198855834776
122856,0,0.6177637031755281
122864,0,0.46824150454787605
122867,0,0.04289455245438987
122874,0,0.06436762614872564
122876,0,0.5552000686893788
122878,1,0.4555793726501759
122881,1,0.45989701871936595
122883,0,0.43357018860054014
122885,0,0.10336115117446601
122886,0,0.22567511926685396
122889,0,0.3615175366099878
122893,0,0.89338359674203
122894,0,0.11197699348193292
122895,0,0.6641261556905704
122896,0,0.8660377520272452
122901,0,0.6338850896109596
122902,0,0.2606955724097673
122905,1,0.5833406428555997
122906,0,0.1430569614193653
122909,0,0.22758604642809088
122911,0,0.17841733593656176
122912,0,0.317976457362393
122913,0,0.532085821103166
122914,0,0.15344710171276488
122916,0,0.17268410365517686
122919,0,0.26408290041251764
122921,1,0.4392267962965708
122922,0,0.35659737716386763
122923,0,0.49648827666026035
122925,0,0.414932557346315
122928,0,0.32580476338405845
122929,0,0.2539749705587673
122930,0,0.6046123260218857
122931,0,0.7458929343577124
122933,1,0.5073469414745299
122934,0,0.45082303932772716
122937,0,0.5799879311209069
122938,0,0.29825000709365695
122939,0,0.031948461335727124
122940,0,0.18035194992542286
122943,0,0.38146547343704645
122945,0,0.28310024792975963
122949,0,0.11961719000924473
122950,0,0.6252928694677731
122951,0,0.24065273977949986
122952,0,0.39180029941500993
122953,0,0.7342318720102723
122955,0,0.33421825860966464
122956,0,0.3241108531047755
122959,0,0.5043321834427322
122960,0,0.6731465224189928
122962,0,0.8139088856147387
122963,0,0.14437925116124414
122970,0,0.6341403157645522
122972,0,0.5076774128757618
122973,0,0.6042794937944052
122974,1,0.670441315173432
122977,1,0.7606750147475981
122982,0,0.47453014477943345
122984,0,0.04216847995520376
122985,0,0.13401964154220727
122987,0,0.16928123869606984
122988,0,0.4183941106301441
122991,0,0.2785154136635691
122993,0,0.39147085874521825
122995,0,0.14913510709069225
122996,0,0.13555818871666328
122997,0,0.05705409947784275
122998,0,0.44477620518499866
123002,1,0.6550092467941897
123003,0,0.8344023335579175
123004,0,0.16015622360958304
123005,0,0.8968962441729649
123007,0,0.5884968552092062
123009,1,0.4885478154203196
123010,0,0.5258560655807488
123011,0,0.7104372623623932
123015,0,0.041208791306754
123021,0,0.2795100458722352
123023,0,0.09846589648667031
123024,0,0.7392526878360699
123025,0,0.2510801824602719
123026,0,0.4104001960483214
123029,0,0.44544821147294067
123031,0,0.24131236103900092
123032,0,0.4920311697734782
123033,0,0.21870710757581904
123035,0,0.08570420704531377
123037,0,0.3182337172338901
123038,0,0.5566185711341454
123040,0,0.4929880057109932
123041,1,0.9295493050198818
123042,0,0.33971510582414305
123043,1,0.8720766510073428
123045,0,0.7297791258034929
123047,0,0.20233346145839284
123048,0,0.502137325598395
123050,0,0.4188467708025213
123052,0,0.7613613299824258
123053,0,0.07625778863919992
123054,0,0.22456262432270685
123059,0,0.8202266496359553
123063,0,0.44643022113091735
123064,1,0.41614159756956437
123069,0,0.48560421827215144
123070,0,0.5228232454435557
123073,1,0.5700162085621922
123075,0,0.3747047876161323
123077,0,0.35836083505518684
123078,0,0.3937725770144936
123079,0,0.14498506434858022
123082,0,0.6403977108463196
123083,0,0.21145112348303136
123084,1,0.8459826511512732
123087,0,0.09827200337402343
123088,0,0.3298134182524733
123089,0,0.14653927820346122
123090,1,0.5949653763923167
123091,0,0.303102975920853
123096,0,0.3810834629565927
123097,0,0.7037431243904881
123099,0,0.07998040550871459
123103,0,0.8179501486715609
123104,0,0.5730250823801829
123105,0,0.4715771156747727
123107,0,0.7011540558885035
123108,0,0.4668057403709975
123109,0,0.5260114340667655
123112,1,0.9849780871528032
123113,0,0.5159839788420669
123116,0,0.4554260865584566
123120,0,0.2762676013695724
123123,1,0.8142044157112271
123125,0,0.3325717406092223
123128,0,0.33395137123137436
123129,0,0.17282969632700967
123130,0,0.40193026399018517
123135,0,0.3051125507639074
123138,0,0.22735050945207755
123139,0,0.19907540689368125
123146,0,0.28287148592604044
123149,0,0.3158147970670285
123151,0,0.14368025452206298
123153,0,0.24826115185079756
123155,0,0.4881652171970887
123156,0,0.5846392686997761
123159,0,0.12195233308561673
123160,0,0.8075717681871377
123162,0,0.551106345995638
123163,1,0.9661243613204863
123165,0,0.05229103518908209
123167,0,0.15592806593214034
123169,0,0.32432478468466547
123172,0,0.6754587461581261
123173,1,0.7864520926560195
123174,0,0.1685411507938103
123175,0,0.25088625330694936
123179,1,0.773662714262005
123182,0,0.09786428097022545
123183,0,0.46066056775223024
123185,0,0.3540510667498023
123186,0,0.16211173853950378
123190,0,0.4200873828864811
123193,0,0.25726554491057313
123196,0,0.6148866377582787
123197,0,0.38113538892377485
123198,0,0.31783160709972524
123199,0,0.3708052211675036
123203,0,0.2356144282204711
123204,0,0.109834682704591
123210,0,0.3487438833376004
123214,0,0.06900077457936074
123216,1,0.35593654182926576
123217,0,0.0609228402491271
123220,0,0.174821170026664
123221,0,0.5813512309486669
123222,0,0.23791818392676214
123223,0,0.7864665693817972
123224,0,0.07165561533747311
123226,0,0.09317083926570954
123227,0,0.2704446213019829
123231,1,0.6594374688264941
123234,0,0.21011573303634334
123235,1,0.5621169008911022
123237,0,0.09871224810522858
123239,0,0.1392161818397729
123243,0,0.20115299499140676
123244,0,0.10371025190243072
123245,0,0.3750250254996039
123247,0,0.23993044648600287
123248,0,0.32705622893677655
123249,0,0.40757606981024186
123251,0,0.11717920164964506
123252,0,0.13281226591867198
123254,1,0.4980747926999534
123258,0,0.33352104606768024
123260,0,0.37494556442898297
123261,1,0.6938138351588132
123263,0,0.23037917760601265
123264,0,0.4909043182484873
123265,0,0.053946260175509186
123266,0,0.21716505960859075
123268,0,0.3313293725939675
123269,0,0.2529574599665258
123271,0,0.4345034064348699
123273,0,0.13945750049322336
123274,0,0.46473224945543323
123275,0,0.3495378549061726
123277,0,0.6525296006533897
123278,0,0.5420677175968922
123279,0,0.5912238351993431
123280,0,0.5323858464239091
123281,0,0.49522310953710114
123282,0,0.49918960476291235
123284,0,0.7212700158877594
123286,0,0.16767077211117018
123287,0,0.4886871649020729
123290,0,0.8673013324555141
123291,0,0.3970224025902612
123294,0,0.49724105782382544
123295,0,0.2089231548646291
123298,0,0.719836063420482
123302,0,0.420509503433851
123304,0,0.19477210688876895
123306,0,0.5011071671390238
123310,1,0.8820408194383054
123315,0,0.4096381207374678
123316,0,0.8094544596845135
123317,0,0.4421003207971646
123318,0,0.19676945542337437
123319,0,0.4020017953080068
123322,0,0.15116281513620383
123323,0,0.6302023340299633
123325,0,0.3382092381893865
123326,1,0.6021366986121721
123327,0,0.4134585391332671
123328,0,0.1195891723442526
123330,0,0.2800998995709356
123332,0,0.7004135574450459
123335,0,0.49876285173514207
123336,0,0.17243998558683304
123338,0,0.31551567403795777
123343,0,0.20274150190842077
123346,1,0.5160716074059081
123347,0,0.6835574674854948
123349,0,0.08627014055051185
123353,0,0.2859541354227307
123354,0,0.18485835270536422
123359,0,0.14967910449071994
123360,0,0.405901636226071
123361,0,0.12498898918073191
123362,0,0.291042256319953
123363,0,0.06971369269463036
123364,0,0.21578510759044717
123366,1,0.6785545938932758
123367,0,0.6760132762819895
123369,0,0.21434174202810746
123372,0,0.43368732836683943
123373,1,0.9986994743828279
123374,1,0.8646523245841619
123375,0,0.311920104654703
123378,0,0.2006506862436115
123380,0,0.32381838300582444
123382,0,0.08519108389732397
123386,0,0.18126868500317656
123388,1,0.5792134195318053
123389,0,0.03622138863722688
123391,0,0.3843593424460022
123396,0,0.2703615654032707
123399,0,0.7093886728509153
123400,0,0.8556981704033786
123401,0,0.18997841908639412
123403,0,0.20967266055891245
123405,0,0.46674250845539383
123408,1,0.9563227489756352
123409,0,0.22483425006285085
123411,0,0.5371699856174348
123413,0,0.18799973746351464
123415,0,0.5223729682258854
123416,0,0.6045095466380755
123421,0,0.3276948912482704
123423,0,0.16523021511451852
123426,0,0.1017902863738834
123427,0,0.6089357789449676
123429,0,0.5352377561205438
123431,0,0.04364604711726708
123433,0,0.16830266011988093
123434,0,0.14250737145346465
123436,0,0.19848414836807263
123438,0,0.07202679988618628
123440,0,0.3854953644092959
123441,0,0.7480486853868994
123446,0,0.34599737781521706
123447,0,0.09442484398678015
123452,0,0.4441849901298176
123453,0,0.12508553780182802
123454,0,0.6100654443758672
123458,0,0.12338794336231118
123460,0,0.11297293804584531
123461,1,0.8349130392577597
123465,0,0.0349972049655363
123466,0,0.19323581331281708
123467,0,0.8612442887123715
123472,0,0.19345921388512405
123474,0,0.33647995207984943
123476,0,0.07734747277031687
123478,0,0.31173919529618027
123479,0,0.3084881743635219
123484,0,0.14148413746806124
123488,1,0.8055315936600579
123489,1,0.8750431936791054
123490,0,0.7904088325131634
123493,0,0.0654268635421674
123494,0,0.29092615876350036
123495,0,0.19123355172176434
123496,1,0.5047069477473232
123498,0,0.05490058391720698
123503,0,0.18557130474079037
123504,0,0.667059988465042
123505,0,0.10058966670450604
123506,0,0.4273420506931526
123507,0,0.3923271029874809
123508,0,0.36068831308473226
123509,0,0.16745948503530136
123511,0,0.14237156014737817
123513,0,0.5255787103745342
123514,0,0.09403739795594307
123515,0,0.26496537398832515
123517,0,0.5506749654935282
123519,0,0.2878975438260346
123521,0,0.4021288479219812
123524,0,0.1674288252845261
123525,0,0.10768408806003243
123526,1,0.6469220467922054
123527,0,0.29425872628971006
123528,0,0.3118711888948454
123533,0,0.5494552293264113
123534,0,0.029068017960955157
123535,0,0.7233782294659351
123536,0,0.913350508844773
123537,0,0.15582427785239633
123539,0,0.7836736860278455
123542,0,0.5375499592413056
123545,0,0.3882388973594699
123546,0,0.13744460149171703
123548,0,0.1611835923988567
123549,1,0.4955594380843008
123552,0,0.715958168688307
123553,0,0.34614733697966593
123554,0,0.08418790012524277
123562,0,0.4043094316657889
123564,0,0.1064443942395366
123566,0,0.2289437693433594
123568,1,0.23000364430303208
123569,0,0.6814554022974493
123570,0,0.34124429887962127
123571,0,0.45489104336779423
123574,0,0.46398955390596325
123576,0,0.5188964329354212
123577,1,0.8410783578385728
123580,0,0.047658427278442515
123582,0,0.19054383264697852
123583,0,0.5259235431512411
123584,1,0.5096855131065123
123587,0,0.1476717834308753
123593,0,0.4053739610193937
123597,0,0.6989458973634096
123600,0,0.5107004029612546
123604,0,0.8330916511198502
123606,0,0.16943396383711237
123607,0,0.3958499071523286
123608,0,0.16013340208395246
123609,0,0.2476156057170867
123610,0,0.1094444130468956
123614,0,0.07766419706273525
123617,0,0.21752103088881486
123622,1,0.9007165776389985
123624,0,0.5713777209560149
123626,0,0.5082108879204832
123627,0,0.3456333395721699
123628,0,0.09020692041474385
123632,0,0.044869649457329006
123635,0,0.46242328648325354
123636,0,0.7471574160278058
123638,0,0.5582963623839017
123639,1,0.7320352801047221
123641,0,0.5278850361403237
123643,0,0.39143595719112606
123644,0,0.6144790907758784
123646,0,0.21946046728606947
123647,0,0.25915852248398197
123648,1,0.45022907368561116
123651,0,0.16213127573777936
123654,1,0.7587241296901779
123656,0,0.5714987208874599
123657,0,0.238303861307164
123660,0,0.25658810032679563
123662,0,0.3443521900265822
123664,0,0.6230117298693264
123668,0,0.2801378920284329
123669,0,0.5619590738728594
123672,0,0.332593630595967
123673,0,0.3431814647104621
123674,0,0.6622023816507268
123675,0,0.15849736518970411
123677,0,0.3193239367165397
123678,0,0.14568600274900192
123680,0,0.05651760798599079
123681,0,0.027159919773045417
123686,0,0.27424971861629405
123687,0,0.0720342596825326
123688,0,0.13742597436836243
123689,0,0.33974213918352525
123692,0,0.13632610759990116
123694,0,0.18949948607992584
123695,0,0.2063347692835743
123698,0,0.28050727348291177
123704,0,0.0950863195759151
123705,0,0.5070672928528299
123706,0,0.053177226389192145
123709,0,0.20623570692798376
123711,0,0.8125936323064031
123712,0,0.04647830447759756
123713,0,0.3255487997319883
123719,0,0.1791297388173941
123720,0,0.7861332218673364
123722,0,0.11312904716482511
123723,0,0.16823140808293763
123726,0,0.12715467956671725
123728,0,0.20045280707698393
123729,1,0.7770672652809287
123736,0,0.20533314712172387
123738,0,0.5645078678341512
123744,0,0.12361892252146366
123745,0,0.266189766852774
123746,1,0.5410913611981405
123748,0,0.20890640178286096
123749,0,0.5137089156437539
123753,0,0.470391687250501
123754,0,0.6992075394045193
123760,1,0.5769976962305697
123761,0,0.23392270501438178
123762,0,0.4967263392969937
123766,0,0.5810431526144972
123767,0,0.4550741154105966
123769,0,0.14915187855235587
123770,0,0.7298561251714528
123773,0,0.1362602894344879
123774,0,0.06875001288911281
123775,0,0.40175355429763226
123781,0,0.07736694004281916
123782,0,0.46892148357419333
123783,1,0.13592401025775414
123784,0,0.5710390355185045
123785,0,0.8162172982487625
123787,0,0.3756418691008693
123788,0,0.4315937829737979
123791,0,0.09478030136335942
123795,0,0.4324738605059633
123796,0,0.0701669320512123
123798,0,0.3436816621415938
123799,0,0.423559864496052
123800,1,0.9876285861037187
123801,0,0.4495952523498127
123803,0,0.23247605421599996
123804,1,0.6282740130808859
123811,0,0.5004422274934612
123812,0,0.35337692047721014
123813,0,0.0675414888444001
123819,0,0.4162481769408148
123821,0,0.4108331850543348
123825,0,0.06783745905527178
123827,1,0.8546319727653467
123830,0,0.6088662273096296
123833,0,0.07959137505188547
123838,0,0.23645433468908147
123841,0,0.3034751377514671
123842,0,0.4928801088497119
123843,0,0.6643947227727247
123844,1,0.3797436228919575
123846,0,0.09246124969270925
123847,0,0.46186370015204997
123850,0,0.28746954711124656
123852,0,0.11154765976971104
123853,0,0.3165139146030985
123854,1,0.8845631830982542
123856,0,0.24870250383366171
123858,0,0.17782525211420558
123860,0,0.3031954375116523
123861,0,0.4778417819714697
123862,0,0.5723080424200169
123863,1,0.4339164201638977
123866,0,0.2318722496593139
123867,1,0.5493262367781546
123870,0,0.46355717576095384
123871,0,0.2792144837371186
123873,0,0.048305649449337434
123876,0,0.32996890657452727
123877,0,0.26636544185387945
123879,0,0.4005361907448217
123881,0,0.22027606131195293
123885,0,0.4360270707510258
123886,0,0.7244484481631763
123890,1,0.7711646887534144
123891,0,0.3183377130902956
123892,0,0.34120965275685167
123899,0,0.07106318309785487
123900,0,0.6430896492350274
123902,0,0.4269019529442019
123903,1,0.8636585121103615
123912,0,0.2747303458760967
123913,0,0.43539567843438504
123914,0,0.2683124191528306
123915,0,0.052347076467277175
123918,0,0.38593816467852976
123919,0,0.5372951614049973
123920,0,0.48522018074112105
123926,0,0.0875522357392458
123927,0,0.10699908385492646
123928,0,0.44977044830502716
123930,0,0.48960424305578515
123931,0,0.5210226941394855
123934,1,0.5518837700072294
123935,0,0.5647360834116373
123936,0,0.6154530320396061
123937,0,0.11729366877422365
123940,0,0.8516903099345455
123941,1,0.7871642908417847
123943,0,0.46780268050509577
123948,0,0.6089451455541892
123949,1,0.44575256360422755
123950,0,0.7682881672161256
123951,0,0.2326498186710737
123953,0,0.6152664626748483
123959,0,0.22155119778260152
123960,0,0.46092012302105523
123962,0,0.11475460098874521
123963,0,0.5427782465584191
123964,0,0.2733452423185867
123966,0,0.22849539505104602
123968,0,0.10436163784973071
123969,0,0.17207861110079095
123970,0,0.4486116866640965
123971,0,0.7465705184836536
123972,0,0.4311759626539891
123975,1,0.6501043805756911
123982,0,0.3408614973916314
123984,0,0.42533972988911284
123986,0,0.10341514425159522
123988,0,0.320031574547396
123989,0,0.03133142728207698
123992,0,0.4828442984757031
123994,0,0.5940893207432832
123995,0,0.28306688478806713
123998,0,0.05003420614367663
124000,0,0.608091243893209
124002,0,0.23967662355419456
124004,0,0.47585798055433004
124007,0,0.5362000479681021
124008,0,0.21917388218745373
124009,0,0.4724428371856373
124010,0,0.2839282592594987
124011,0,0.44845481893827877
124012,0,0.12212331066432464
124014,0,0.13041475390249477
124015,0,0.34083366469272247
124019,0,0.27510972939589856
124020,0,0.3059528439448829
124024,0,0.31032820982960396
124025,0,0.368927758135326
124026,0,0.09767833055229692
124028,0,0.36326157526643316
124030,0,0.4513341073767545
124034,0,0.5653886244361008
124039,0,0.45987854308270903
124041,0,0.08039614564555805
124043,0,0.33661613541591795
124045,0,0.7389870109131934
124047,0,0.06040211136659296
124048,0,0.2772608293251232
124051,0,0.3629894513161963
124052,0,0.13539245000815184
124053,0,0.407469651909414
124056,0,0.5639197712967532
124057,1,0.4132287185014054
124059,0,0.1937079432153329
124060,0,0.09908177905780786
124061,0,0.21963605007244388
124062,0,0.3447437691420512
124063,0,0.3101992375019708
124066,0,0.2696075750499296
124068,0,0.08111331578131936
124069,0,0.42051950387922205
124071,0,0.2096041592010668
124072,0,0.6362675176218141
124073,0,0.7083490329561974
124074,0,0.029395531745164533
124078,1,0.7859674665549904
124085,0,0.3498959164099278
124086,0,0.6991955800854809
124087,0,0.5972871570427715
124088,0,0.18214082260004633
124089,0,0.04452693106744616
124090,1,0.8854129715962262
124091,0,0.5279250880394172
124092,0,0.23123808334732066
124094,0,0.09357237518069264
124096,1,0.8693577783101688
124097,0,0.25979966722446773
124100,0,0.4476479580799576
124101,0,0.7960199966187933
124102,1,0.2679115043138732
124104,0,0.5873695776455062
124106,0,0.11201278132034535
124107,0,0.20093838107742132
124108,0,0.4208194527269667
124110,0,0.06846608528918174
124111,0,0.1269491298673564
124113,0,0.2487784700051303
124115,1,0.5212682787543887
124118,0,0.044871861071293345
124119,0,0.2609847256175606
124121,0,0.2570546255485503
124122,0,0.4774468069595441
124124,0,0.575130943593381
124125,0,0.11422700240745408
124126,0,0.03666690175203796
124127,0,0.0881669631955346
124128,0,0.22078613341303224
124129,0,0.17053627065885588
124132,0,0.4447249914279274
124135,0,0.3029737496791732
124136,0,0.20539781135773952
124138,0,0.40852327955621914
124142,0,0.2903675588839181
124144,1,0.5535613527896796
124148,0,0.7238581165347329
124149,0,0.5167768369252561
124153,0,0.07090142681102962
124156,0,0.7176957921415255
124157,0,0.5189009711097057
124158,0,0.6893637060708844
124159,0,0.2194529630949678
124160,0,0.17401945414317133
124161,0,0.4730107086227879
124163,0,0.15344819965184409
124167,0,0.41849408032483776
124168,0,0.06169949020406695
124169,0,0.34897015261051667
124170,0,0.3764140893632418
124172,0,0.031581348650312424
124174,0,0.13942799520685703
124175,0,0.3503721948458073
124177,0,0.07905137135144742
124178,0,0.5458511611454757
124179,0,0.2847477773043149
124180,0,0.11249593985526893
124182,0,0.28914482527793145
124183,0,0.3091080265422726
124186,0,0.2967214747111776
124189,0,0.45124686902829253
124191,0,0.2922753472191404
124194,0,0.2598152293252836
124196,0,0.4644899074558865
124197,0,0.15844287281088743
124199,0,0.5785421093059275
124205,0,0.4553619334265043
124207,0,0.6275297642237266
124208,0,0.5051485945563384
124210,0,0.2746751775916792
124211,0,0.11245778305065422
124212,0,0.2934518811165283
124215,0,0.3943339845246658
124218,0,0.5642452155040085
124221,0,0.6992929112647346
124223,0,0.442229004741286
124224,1,0.9403492813382971
124225,0,0.14194981403199106
124226,0,0.5533665088672828
124231,0,0.11873897827659258
124235,0,0.6869346928134412
124236,0,0.31229404792373733
124237,0,0.2926071800666561
124238,0,0.769453834438906
124239,0,0.057578116303831826
124240,0,0.48287589042130236
124245,0,0.16925316613569885
124246,0,0.28809044473108436
124248,0,0.09029328420842833
124249,0,0.1630421050111001
124256,0,0.5811317496411559
124257,0,0.8565093965949732
124262,0,0.18809612831298783
124265,0,0.23843981122318297
124266,0,0.6524338020600451
124267,0,0.08440372133489503
124271,0,0.14098270396109566
124272,0,0.28962507586618463
124273,0,0.12099026792224894
124276,1,0.9748962266858539
124279,0,0.31909451944243344
124281,0,0.118385285103954
124282,0,0.5976954966583004
124283,1,0.20046081429828033
124284,0,0.6181251528210355
124287,0,0.5460309515661638
124290,0,0.37024521435424357
124294,0,0.3098636986108773
124295,0,0.09318801095854021
124296,0,0.7242522154620971
124297,0,0.14479011484971274
124298,0,0.22470502380312973
124303,1,0.7010949350517429
124308,0,0.3698049680131607
124312,0,0.5669773155112129
124313,0,0.09802997938937764
124314,0,0.11606718557189273
124317,0,0.40654196921144875
124320,0,0.1485461830399236
124322,0,0.4822227810290679
124323,0,0.14765131506583615
124328,0,0.5263062683828958
124330,0,0.27686265766680845
124331,1,0.6810866953819946
124334,0,0.3853514024997325
124335,0,0.11101428418357827
124336,1,0.7155603484282171
124338,0,0.13330771132242794
124340,0,0.45236761080842575
124342,0,0.3007628291563252
124344,1,0.8985030944798429
124345,0,0.2280974136368186
124346,0,0.1546777261149428
124347,0,0.4074163499676356
124355,0,0.46295259337108924
124356,0,0.5872929645781754
124360,0,0.5268284509565956
124365,0,0.9018431444760661
124368,0,0.15299661249229612
124370,0,0.21622419355084796
124372,0,0.48252010547623475
124373,0,0.44606469256813996
124374,0,0.8234335807633577
124375,0,0.35581005760967677
124376,0,0.07961770993305706
124377,0,0.7191855134785973
124379,0,0.14957874077571767
124380,0,0.07494301414014301
124381,0,0.25583742308406127
124382,0,0.06839922229629793
124383,1,0.570267297452861
124387,0,0.7821618784816704
124388,0,0.08848086203733238
124390,0,0.2359420070695051
124391,0,0.7933298281470502
124394,0,0.3283426507858856
124396,0,0.417982408697323
124398,0,0.26632392144183753
124401,0,0.1601966440088244
124406,0,0.13756225139394046
124409,0,0.6436401417373172
124411,0,0.31921725299214154
124412,0,0.6463543822976887
124414,0,0.437089967237347
124417,0,0.10425293255397139
124418,0,0.5814276209215793
124419,0,0.9701704607910409
124421,0,0.1741683787860066
124422,1,0.5025505152858195
124423,0,0.37048169646793827
124426,0,0.8247114073698589
124428,0,0.12288772913186168
124429,0,0.13884103160668637
124433,0,0.25611326418997626
124434,0,0.08341451876514465
124437,1,0.5844907706207213
124443,0,0.6114372243706947
124448,0,0.8032904419891956
124450,0,0.060358585543867714
124452,0,0.6892271357974704
124453,0,0.1349017661027314
124458,0,0.16821907408942294
124460,0,0.08722572330788167
124462,0,0.16616388732406068
124463,0,0.07817423668937871
124464,0,0.5673896550353857
124466,0,0.2643253778897731
124467,0,0.48229607108393446
124468,0,0.1276274928207792
124471,0,0.44505037382547735
124472,0,0.1959464895301842
124477,0,0.17377215262374124
124482,0,0.4998607222775932
124484,0,0.29811080702484105
124486,1,0.24980746671214651
124488,0,0.24223100356315014
124490,0,0.6470703126511221
124492,0,0.5542544303496628
124498,0,0.1915072744608297
124500,1,0.3534925642938974
124501,0,0.5612319026553698
124502,0,0.8439991875414806
124504,0,0.3659546668046242
124507,0,0.4548037803810048
124508,1,0.8506780948007334
124509,0,0.4458826153989022
124513,0,0.07283389997472792
124514,0,0.1866031192815263
124516,0,0.49019648127422094
124517,1,0.4501615054549728
124519,0,0.2705018264233923
124520,0,0.5059131693896699
124524,0,0.035470531441730374
124525,0,0.2828446532167842
124526,0,0.21183539964438536
124528,0,0.747516755231849
124529,0,0.2586571363825822
124531,0,0.6439225823958576
124533,0,0.022500311113547656
124535,0,0.28727510062745837
124539,0,0.36464803903191406
124544,0,0.3549099643082608
124547,1,0.6655422166401289
124553,1,0.5485759982705556
124554,0,0.07387743363354428
124556,0,0.43887427895836734
124557,0,0.19633220937408052
124558,0,0.20533704926878854
124559,0,0.6216029724349273
124561,0,0.19877676476990302
124563,0,0.6520883504040306
124565,0,0.09164465641123293
124566,0,0.5997075835807827
124567,0,0.1432914677251123
124568,0,0.816511831233613
124569,0,0.07684111580397773
124574,0,0.2694501550381121
124577,0,0.07784591760266454
124578,0,0.39776775579719564
124579,0,0.0281064818229408
124580,1,0.5360334238020547
124581,0,0.3588757543825298
124582,0,0.16878885645272101
124588,1,0.7886243814914256
124589,0,0.17332240153901293
124590,0,0.19266601132963013
124592,1,0.9608891535627592
124593,0,0.3367658862972927
124594,0,0.029495713586782647
124596,0,0.5455344536900527
124597,0,0.07314179398855715
124598,0,0.8678142026862811
124601,0,0.32903630352318664
124604,0,0.18427558677972608
124605,0,0.3658677218483113
124606,0,0.061802271628502076
124609,0,0.6208288600664617
124610,0,0.07374178668555857
124612,1,0.9200883478145739
124615,0,0.3218413503700275
124616,0,0.4748798104177764
124617,0,0.089349520483543
124618,0,0.2973326142682581
124621,0,0.10391354619011095
124624,0,0.09247345263027341
124626,0,0.060834638786033464
124632,0,0.15338047209462008
124636,0,0.18908803692137968
124637,0,0.235234427739681
124638,0,0.3051836458144652
124642,0,0.4623430308790658
124643,1,0.17942535646226823
124647,0,0.28078540543222863
124653,0,0.7271899928485671
124654,0,0.08459510705573198
124656,0,0.17258923141991264
124657,0,0.15943634514756833
124660,0,0.7007434893066118
124662,0,0.5636918744596277
124663,0,0.040454890841110855
124665,0,0.6393516336514227
124667,0,0.0536316893556333
124668,0,0.23407571928249243
124670,0,0.28558890110612767
124671,1,0.7089405162425383
124676,0,0.14939893140676008
124683,0,0.2898983326256104
124684,0,0.19763742230057468
124685,0,0.39058941769343636
124686,0,0.2864206736614555
124688,0,0.4240038730300239
124689,1,0.41477589013168303
124691,0,0.39889904460065156
124698,1,0.4994542520901563
124701,0,0.28022747493528627
124702,0,0.13723922667790953
124704,1,0.7561764539003814
124706,0,0.38858524736806427
124710,0,0.03731551956923678
124711,1,0.6020893613586406
124712,0,0.10686203424880567
124715,0,0.17518998373621877
124718,0,0.34366940336922847
124720,0,0.4185786765824481
124722,0,0.6370114089935247
124723,0,0.10438146904809457
124728,0,0.5043363731814365
124730,0,0.6956515953792654
124732,0,0.36246177751398984
124735,0,0.37879924409302873
124737,0,0.325228488849852
124740,0,0.2541118783800805
124741,0,0.8673417466875125
124742,0,0.3855840202709715
124743,1,0.5272836379945377
124745,0,0.36602662785507456
124746,0,0.17466783685937307
124750,0,0.42541895961428766
124752,0,0.25395690331552295
124755,0,0.40455530757050184
124756,0,0.2478775051379
124757,0,0.2022755854157605
124759,0,0.1798781800025369
124761,0,0.10817605239880249
124762,0,0.17510059803918532
124769,0,0.0781337370547131
124770,0,0.8226740365195819
124771,0,0.04145222256423773
124775,0,0.15110459954286853
124777,0,0.439053427334038
124778,1,0.9099166908377874
124779,0,0.14811956141505936
124781,0,0.21276188696180762
124785,1,0.7333528187625767
124786,0,0.02794729778668632
124788,1,0.45716037225011014
124789,0,0.20289577671331066
124791,0,0.09645668156002184
124792,0,0.171134927950255
124793,0,0.29089226164911064
124794,0,0.778014541363998
124796,0,0.5682825067487708
124798,0,0.42665558699306316
124799,0,0.302461948313352
124802,0,0.1313055896935421
124807,0,0.2049261764665261
124809,0,0.1027484000103186
124810,0,0.7627203431959316
124811,1,0.7061134403039613
124812,0,0.8623317387426391
124814,0,0.7048372217398103
124815,0,0.35353406289045397
124817,0,0.6325118933997981
124821,0,0.4294773233696301
