SEQN,true_target,predicted_probability
109266,0,0.23728994431505823
109271,0,0.36164130598018096
109273,0,0.2596037051421962
109274,0,0.5010940120511236
109282,0,0.3945342515851043
109284,0,0.4974618214895238
109290,0,0.4150918468114734
109291,0,0.13061742719730535
109293,0,0.2357285780513886
109297,0,0.051732719389833204
109300,0,0.30038625296282573
109303,0,0.1608184126713636
109305,0,0.49981039901670377
109307,0,0.2099008721852332
109312,0,0.11100695077214466
109313,0,0.2830066442291179
109315,0,0.06396629206300249
109316,0,0.3092339325120905
109317,0,0.05851437229659716
109319,0,0.15721297926919311
109321,0,0.20804989388518758
109322,0,0.1191857383306764
109323,0,0.21562225584591127
109324,0,0.09194498982589178
109326,0,0.05856547043557161
109327,0,0.45155918394911615
109330,0,0.3030089521969008
109333,0,0.05696718187721785
109336,0,0.37167339670988914
109337,0,0.6167532568690259
109340,1,0.7903178007737938
109342,0,0.2935634195118305
109346,0,0.7549683097316677
109348,0,0.22676706662828003
109349,1,0.5671114281805367
109350,0,0.5313518462629041
109351,0,0.4170921936583808
109353,0,0.14927696590597808
109365,0,0.16486194204639634
109367,0,0.45926815863124393
109369,0,0.2700331652599662
109371,1,0.334609283700879
109373,0,0.09870884472083459
109376,0,0.15519802506306082
109377,0,0.24929126341948743
109378,0,0.2852070926739196
109379,0,0.30276965434979075
109382,1,0.6740537796353896
109389,0,0.22654391951585487
109390,0,0.3621966041024905
109391,1,0.5827372047187543
109392,0,0.3193244230479602
109393,0,0.492929269121117
109394,0,0.16070058962174524
109395,0,0.24666546235463133
109396,0,0.054609000953592016
109397,0,0.7567743337182536
109403,0,0.15452811027151797
109404,0,0.061812405036570275
109405,0,0.04908453177769491
109408,1,0.7837380878907464
109411,0,0.13061188336617438
109413,0,0.42217547833787183
109414,0,0.6442399012695559
109415,0,0.7786662907585115
109423,0,0.053292467793256214
109426,0,0.2665571295291812
109429,1,0.5248851045931101
109431,0,0.11665015689210274
109432,0,0.1484204848706767
109435,1,0.8391777463052718
109436,1,0.502172616922709
109439,0,0.3799805835025056
109440,0,0.2222237389455984
109441,0,0.11484288009877078
109444,0,0.15294494428328614
109450,0,0.06306762723411094
109454,0,0.8013215337445947
109455,0,0.2112200872400151
109457,0,0.39261670442833985
109458,0,0.14950846618647023
109459,0,0.679594692644369
109464,0,0.20632959673410664
109466,0,0.47748865503925997
109467,0,0.3120865824734439
109468,0,0.7821370762441081
109472,0,0.6446178901138441
109473,0,0.3906324289158709
109474,0,0.5992576661026898
109478,0,0.06028626307493268
109480,0,0.769816327144377
109481,1,0.41927091790497323
109482,0,0.14979796679337523
109483,0,0.7008610811197039
109486,0,0.47617432743386523
109488,0,0.23433400706500293
109490,0,0.7526875043829816
109495,1,0.7448616186580489
109496,0,0.715005833620911
109497,0,0.17172650325118377
109501,0,0.5896996096239846
109502,0,0.1092544294270235
109503,1,0.6715019873399954
109504,0,0.2852700367008768
109508,0,0.5430566742212954
109510,0,0.10069918191154623
109512,0,0.640611548397559
109513,1,0.6775999095992237
109518,0,0.0527484023395832
109519,0,0.6769227082376965
109520,0,0.3852439211901414
109523,0,0.37488586349644987
109526,0,0.3400092913049896
109527,0,0.19975237495051373
109530,1,0.306632422354853
109531,0,0.6503114133324635
109532,0,0.5054820659251273
109534,0,0.4655043347457018
109536,0,0.15077220077335213
109538,0,0.4221470169893083
109539,0,0.2785495881091061
109541,0,0.1332520524648929
109542,0,0.2680561670327341
109544,0,0.6982680182088945
109545,0,0.2266928107536743
109548,0,0.4856652026311927
109549,0,0.4972480024137994
109550,0,0.5621136970078112
109551,0,0.48573771228694607
109552,0,0.6652130044297905
109554,0,0.354512424129359
109555,0,0.05319274630231996
109558,0,0.4201520670625582
109560,0,0.1355609096317322
109562,0,0.22938695994301345
109563,0,0.6093631343378997
109564,0,0.10075732709888803
109565,0,0.5783862424224318
109567,0,0.17902704524707447
109568,0,0.3814444219416683
109570,0,0.4064043162533054
109571,0,0.4118906156300513
109574,0,0.4940213985925081
109577,0,0.6779477808703283
109579,0,0.13929284982954848
109580,0,0.05266614184981659
109581,0,0.2105500790165677
109585,0,0.19146423479901373
109587,0,0.6841833131381996
109588,1,0.4645103194903382
109590,0,0.16512546053722965
109591,0,0.47123438191047623
109592,1,0.33718573438050276
109593,0,0.4780567376355277
109594,1,0.43619477092889525
109597,0,0.5835287258525359
109598,0,0.12616174735954916
109601,0,0.26497813991548125
109602,0,0.1556220331208807
109606,0,0.06270757265096981
109607,0,0.2545888173270161
109608,0,0.19063409358720856
109610,0,0.40284915895040996
109611,0,0.343090619189686
109612,0,0.4903114236305061
109614,0,0.4814637706560312
109615,0,0.30755388416948537
109617,0,0.27400862017518846
109620,1,0.9003607965831046
109623,0,0.06443030855420048
109626,0,0.442199636308165
109628,0,0.6312068386513829
109629,0,0.11464038984345484
109630,0,0.4738630817182723
109634,0,0.20191116661054648
109635,0,0.17168580640055894
109637,0,0.18171337809272783
109638,0,0.5338553521936487
109639,0,0.07605575377216686
109640,0,0.2494561039704662
109643,0,0.5406093058983696
109644,0,0.19788458766116077
109645,0,0.3383609884284497
109649,0,0.5176380391513591
109653,0,0.5653948034516455
109654,0,0.14568795318400873
109656,0,0.7676973447506343
109657,0,0.13012864091202897
109661,0,0.15682297103275272
109662,0,0.31024938305757105
109664,0,0.1509278052872052
109665,0,0.5036648598967661
109667,0,0.27851710441961613
109669,0,0.3051065209524715
109673,0,0.12067540957959326
109675,0,0.16353791584413896
109676,0,0.18995460612872
109677,0,0.6202315885327911
109678,0,0.06548031582080058
109679,0,0.3752827094045318
109685,0,0.16942019936780606
109686,0,0.5540942831613093
109687,0,0.0707185876551972
109691,0,0.06710591825688074
109693,0,0.11716451469417859
109697,0,0.08948133834501043
109700,0,0.13225348228643313
109703,0,0.3030966295189367
109704,0,0.3260862803126906
109709,0,0.7615497256419477
109712,0,0.32259626260067104
109713,0,0.26064515297453517
109714,0,0.1281065840183097
109716,0,0.19572103392914747
109721,1,0.6741302916202432
109723,0,0.14216698420497803
109725,0,0.27155910543607364
109726,0,0.22351236808587024
109727,0,0.0660408151633531
109728,0,0.686612369653296
109730,0,0.29131173649290387
109731,0,0.06786482958629145
109735,0,0.20900160753164085
109740,0,0.4126435347110332
109742,0,0.4949705917558111
109743,0,0.4288203568499614
109746,0,0.47349803421309816
109747,0,0.2859469930233297
109754,0,0.12275609346554875
109758,0,0.12624590305092737
109760,0,0.2752969317815904
109761,0,0.05891591081315163
109763,0,0.5441591579943191
109764,0,0.29338100939444167
109765,0,0.14422086420756994
109768,0,0.09770583275963142
109769,1,0.6276351282852093
109770,0,0.29538372892029374
109771,0,0.29341391136840617
109774,0,0.3619733676855016
109776,1,0.4244689911236417
109782,0,0.3863698427158322
109783,0,0.5904850265528312
109785,0,0.5408473569664397
109789,0,0.49213467789402027
109791,0,0.18802223569025167
109793,0,0.295330918137901
109794,0,0.8270534037606652
109800,0,0.1388493158988841
109802,0,0.13518971072014713
109805,0,0.39909729740639166
109806,0,0.5211513811869596
109807,0,0.11499367832593521
109809,0,0.1484510932475925
109811,1,0.25602144571912755
109812,0,0.3702383304575779
109813,0,0.19594164482130877
109814,0,0.048322325820249624
109815,0,0.4955800070703277
109816,0,0.1808845750990505
109817,0,0.06375314135403862
109820,0,0.17585592019065144
109821,0,0.20039092912759635
109823,0,0.40976861453831115
109825,0,0.17983638982157274
109828,0,0.17326181456149875
109831,0,0.45899463543205943
109837,0,0.07369818151638008
109839,0,0.448110717619124
109841,1,0.6168375692649835
109843,0,0.3390430039297959
109844,0,0.6976284321989351
109850,0,0.13557919038340466
109852,0,0.15199001932658965
109854,0,0.28373852931722515
109855,0,0.13159964895540388
109856,0,0.36794635119010166
109857,0,0.7207139116556585
109860,0,0.08738246066362179
109862,0,0.29276874868258196
109863,0,0.21939348311514945
109864,0,0.2390503986657353
109866,0,0.1736532565798667
109867,0,0.29765964157401054
109868,0,0.7002710723699256
109869,0,0.4872286167277207
109873,0,0.06783843661099462
109874,0,0.2983410833231336
109876,1,0.43912128159056635
109877,0,0.1432889123110887
109878,0,0.15888188203215522
109879,0,0.16924516247399085
109881,0,0.3425480023775963
109884,0,0.14868384818153899
109886,1,0.7978269746456044
109887,0,0.6243526661417391
109891,0,0.32828608679433013
109893,0,0.08277280302520933
109895,0,0.4707349676562414
109898,0,0.7578091310446557
109900,0,0.3644029010948671
109901,1,0.48561689094987404
109902,0,0.6649211864782831
109903,0,0.8047305739188335
109905,1,0.8048714062722023
109908,1,0.5044915359907547
109913,0,0.6454007854006221
109915,0,0.23710269464793537
109916,0,0.6086401046693762
109917,0,0.13815763260358443
109918,0,0.6267442768066402
109919,0,0.07914440905430956
109921,0,0.15766118442462457
109922,0,0.09474863312105845
109926,0,0.13590562178930787
109930,0,0.7632223902901752
109931,0,0.21592523514488998
109932,0,0.6115350719821885
109934,0,0.05841349346876399
109937,1,0.509498202512965
109938,0,0.04702495148786494
109939,0,0.06181129291851047
109940,0,0.14827206048421104
109941,0,0.3985617285206278
109942,0,0.1799292547388998
109945,0,0.11742758732547573
109947,0,0.5120226402735197
109957,0,0.2459195690889367
109959,0,0.49821046079591264
109960,1,0.34967328625532323
109961,0,0.24466273917168926
109962,0,0.4714746626107525
109963,0,0.6424930925706887
109966,0,0.32004241758843854
109971,0,0.5058451568742253
109972,0,0.3324551773855403
109975,0,0.0645314368012764
109976,0,0.3687451774411466
109977,0,0.18106491550039405
109978,0,0.05141321743925471
109979,0,0.10500547339369563
109980,0,0.1532313267764654
109981,0,0.5398545613165929
109987,0,0.30922857867766185
109990,0,0.32567454827955555
109991,0,0.36832805845175337
109992,0,0.3148051479251704
109997,0,0.5486970871199063
110004,0,0.05360936102155178
110005,0,0.14199209933659343
110006,0,0.23038899860944495
110010,0,0.15791918254602985
110011,0,0.32666503922331414
110015,0,0.49455948896299307
110016,0,0.08232526478003066
110018,0,0.1045013165841961
110021,0,0.09074430675801295
110023,0,0.14794945573591178
110027,0,0.06429872533935332
110028,0,0.3746343085589824
110029,0,0.5518312341507258
110030,0,0.05687441349082678
110033,0,0.5508239029030348
110034,0,0.6243301167795592
110035,0,0.5583851270756386
110036,0,0.17785753716003494
110037,0,0.734972240274895
110038,0,0.15300972100151422
110040,0,0.15146769876728855
110041,0,0.7494425045985083
110042,0,0.5461213488454362
110043,0,0.1456249531485386
110045,0,0.4480048069726867
110052,0,0.2231404081384354
110054,0,0.33011264617863356
110055,0,0.29502421876055085
110056,0,0.2940320840984441
110057,1,0.7856064231584877
110059,0,0.12639507695994498
110061,0,0.6243616818152214
110062,0,0.10052234908250661
110063,0,0.06574938024150134
110064,0,0.8049188711720747
110065,0,0.19588135508095864
110067,0,0.11550417958863309
110068,0,0.19364620990961356
110070,1,0.5969091513814954
110071,0,0.35376992605400537
110074,0,0.2516895328352926
110079,0,0.4921042899385479
110083,0,0.14076340942876855
110085,0,0.42747389999261365
110087,0,0.383144773383798
110088,0,0.7679191619879977
110090,0,0.6315637528662885
110091,0,0.06836165703068484
110093,0,0.05497979936937233
110096,1,0.4726947371026271
110098,0,0.13199567500838552
110102,0,0.6795703451653846
110103,0,0.5976954757904904
110107,0,0.42870155203014404
110112,0,0.0690443866581077
110114,0,0.06302880289500203
110116,0,0.12272788495932133
110117,0,0.12606103115840173
110120,0,0.7532688321556972
110123,1,0.7127029642599614
110124,1,0.6027748329377457
110125,0,0.3397568503779308
110129,0,0.706072496436205
110130,0,0.11980287987928084
110131,1,0.3145975010216093
110134,0,0.5193652820031116
110136,0,0.12600407836429411
110137,0,0.23605077460955354
110139,0,0.4377776913408226
110142,0,0.6369159273644327
110144,0,0.24930469277751116
110147,1,0.8419168828751887
110151,0,0.5332165823798029
110153,0,0.24102833259406808
110155,0,0.15235624989729996
110159,0,0.09351875916122683
110161,0,0.31442437961074293
110165,0,0.8202545798666699
110167,0,0.2438442329190173
110168,0,0.3715376454938894
110169,0,0.4600006750075183
110171,0,0.1263811133962755
110172,0,0.21122675001376973
110173,0,0.21197991770706875
110174,0,0.1563433007109008
110175,0,0.2567429618339537
110176,0,0.5961925847263867
110178,0,0.4571947654663463
110180,0,0.4633093344788354
110182,0,0.8021813226383816
110184,0,0.31576512252605554
110185,0,0.45118436410626617
110186,0,0.10215249528196138
110187,0,0.6691403862383585
110188,0,0.23175833088307912
110190,0,0.06764300270120052
110191,1,0.4680789179244987
110194,0,0.7109384273852457
110196,0,0.3218717061751791
110200,0,0.292794794094683
110201,0,0.582593144370614
110204,0,0.37473695835692944
110206,0,0.6116660684226968
110207,0,0.2584385054810389
110208,0,0.7302745228009984
110211,0,0.06757989983569454
110213,0,0.0641718903490394
110214,0,0.0909767174292924
110217,0,0.231902514452274
110218,0,0.04418459114561917
110222,0,0.22794908962757496
110223,0,0.5840712900136852
110224,0,0.2908934461379206
110226,0,0.07868483465004356
110228,0,0.4560546770162722
110234,0,0.22691730375451172
110235,0,0.20945810096288855
110236,0,0.09103412937880027
110240,0,0.6788793621768092
110241,0,0.3741303537471247
110246,0,0.543579012023778
110247,0,0.3108252364224656
110250,0,0.4936986231409722
110251,0,0.16894274726626715
110252,0,0.3113397738213157
110254,0,0.47776761507665366
110264,1,0.42782898969377847
110265,0,0.17552263956541844
110266,0,0.16075809801395674
110270,1,0.7147932555267282
110272,0,0.20525323426345365
110273,1,0.3707450559059279
110276,0,0.28919099468708165
110279,0,0.7250178972042931
110286,0,0.3736779062654876
110287,0,0.39125317745439425
110289,0,0.4432189906804223
110290,0,0.40650046731340134
110291,0,0.48149090139491585
110292,1,0.6748393042692399
110293,0,0.11705060126798239
110295,0,0.3474732967031283
110296,0,0.1627371578112749
110302,0,0.13704167192863712
110304,1,0.3724767499747463
110305,0,0.05736330429852684
110306,1,0.8639714791299976
110307,0,0.18508610277427054
110309,0,0.14323167216149285
110310,0,0.3902604471033031
110311,0,0.22877354958797916
110317,0,0.20583854229181195
110318,0,0.32766525208287767
110319,0,0.1964981481234454
110321,0,0.24074560430201225
110322,0,0.2146744940446402
110323,0,0.13829473903436854
110326,0,0.18631763317893507
110328,0,0.47714616074238114
110332,0,0.7000224057206854
110336,0,0.17523264141546163
110341,0,0.34018752410474357
110342,0,0.09119829604652133
110347,0,0.3950644743812125
110350,0,0.5435669364542437
110351,0,0.18970130880600533
110353,0,0.29005664699812217
110356,0,0.16847546308613398
110359,0,0.7129275694774492
110366,0,0.2835029523721061
110367,0,0.42415321785457427
110372,0,0.5639803414689658
110374,0,0.7051473738886809
110376,0,0.11509972825334991
110378,0,0.7245256519623221
110379,0,0.038327995703146545
110380,0,0.13833761800798294
110381,0,0.43338688422971117
110385,0,0.11301890216281274
110386,1,0.3745068969407031
110387,1,0.7795693501664162
110389,0,0.25553208302465824
110390,0,0.28086239562523646
110391,0,0.050104842597375424
110394,0,0.10812226365840423
110396,0,0.15886912441630544
110397,0,0.466988000537438
110399,0,0.31731307105776024
110400,0,0.7566862500087783
110402,0,0.48366382856844997
110406,0,0.4421290071026035
110408,0,0.04031838090910629
110409,0,0.1331220359211452
110410,0,0.45315052083119617
110411,0,0.37618112881927734
110412,0,0.3196097018182883
110414,0,0.16960390472227313
110415,0,0.1390033511008143
110418,0,0.6903736352715026
110419,0,0.10673903359293029
110421,0,0.5363759513369342
110425,0,0.12184984558812706
110426,0,0.33015889192704834
110427,0,0.12158813977259472
110429,0,0.3670201111806858
110430,0,0.15119166686235058
110431,0,0.161671975496
110434,1,0.8569753390759594
110438,0,0.35015645873706097
110440,1,0.5349960110843626
110442,0,0.07871000870376246
110445,1,0.64085730098287
110446,0,0.5830397919340525
110449,0,0.6187735132267751
110450,0,0.19096688214057184
110453,0,0.5096604410254312
110454,0,0.15338692296276332
110457,0,0.369101923808243
110460,0,0.041353824963316965
110461,0,0.13989876644789098
110463,0,0.4633009038386694
110464,0,0.17211608462503902
110465,0,0.23934305310236698
110467,0,0.08143082029362382
110473,0,0.3688731840517045
110474,0,0.3226705923874364
110476,0,0.08577307220155893
110477,0,0.26522801945264035
110478,0,0.1623299443778516
110479,0,0.39284535865245584
110482,0,0.5746807865569715
110488,1,0.6875578599564032
110489,0,0.39544154017711614
110492,0,0.07704715727902438
110494,0,0.25387946282055573
110495,0,0.8032024670264063
110496,0,0.26297830361372904
110498,0,0.17789304901572361
110503,0,0.15851096497524592
110506,0,0.5264855652579422
110507,0,0.07770242539464108
110508,0,0.1662495664790346
110509,0,0.5448207247252543
110510,0,0.2668840274980862
110512,0,0.1979800860408537
110514,0,0.6672738209298676
110518,0,0.23763640024182
110520,0,0.11229838108802148
110521,0,0.5465961994537267
110522,0,0.48811275517344577
110524,0,0.6452151162068944
110526,0,0.10128382421043156
110527,0,0.38017020039224786
110531,1,0.503533768395673
110532,1,0.6584378127318906
110535,0,0.22166054187011466
110538,1,0.7972695195839373
110540,0,0.08398520612270677
110541,1,0.5311947100505937
110543,0,0.0670487809872861
110544,0,0.5608092081192779
110545,0,0.8010821016656651
110546,0,0.30263512991789143
110548,0,0.517538364461549
110551,0,0.36094512464224304
110552,0,0.14644226231307483
110553,0,0.05614754990249442
110555,0,0.5035711302780349
110557,0,0.11925357470629527
110558,0,0.3308122795995416
110560,0,0.398485584618954
110565,0,0.10481245835996836
110567,0,0.33973993484103826
110571,1,0.2951403067220005
110572,0,0.42698574540770673
110573,0,0.4157689239426513
110575,1,0.633640735578266
110576,0,0.058913912162281847
110578,0,0.5549703678826352
110579,0,0.548848751407032
110581,0,0.4828368179447577
110582,0,0.39863076752735455
110586,0,0.467811772802167
110588,0,0.3295186926674035
110594,0,0.14998033084972284
110597,0,0.5306926301740506
110602,0,0.048075373312546354
110603,0,0.19156968435784857
110604,0,0.1123694589517539
110606,0,0.13942035813080556
110607,0,0.2608803162391797
110608,0,0.8447735053952797
110610,0,0.29090505949291084
110613,0,0.26301100438620495
110614,0,0.3116909776983808
110615,0,0.2881329902715869
110617,0,0.2436511010187635
110621,0,0.3598877220280915
110622,1,0.38518438502429475
110624,0,0.2543150007021505
110626,0,0.42110828629687136
110627,0,0.19134923649716334
110628,0,0.27833853564132405
110631,0,0.3765153735200744
110636,0,0.490216711567831
110638,1,0.789428658758976
110639,0,0.6086342385386818
110640,0,0.3157412473702664
110645,0,0.625939844228337
110650,0,0.2693234931798246
110651,0,0.418830255087315
110655,0,0.573200359130319
110656,0,0.4771592004287303
110657,0,0.1990955074198193
110658,0,0.2381711173192981
110661,1,0.7647424530950984
110662,0,0.4310292011799863
110663,0,0.3807395824400356
110665,0,0.5131095932378503
110672,0,0.29107459073004266
110675,0,0.2849393256140861
110681,0,0.13491808950498557
110682,0,0.3341770215113126
110684,0,0.04040791068369654
110686,0,0.12019481701652812
110688,0,0.06271365107268474
110690,1,0.7019230542550762
110692,0,0.1278964124223962
110698,0,0.3036189294984648
110699,1,0.43934659320672986
110700,0,0.46339714139997745
110702,0,0.22980289761285305
110703,0,0.43694759255067456
110704,0,0.26669432950184047
110705,0,0.1557716074106493
110709,1,0.5755469825826389
110710,0,0.45808120742072084
110711,0,0.12494685916353321
110712,0,0.2177282414641002
110713,0,0.05659755588985782
110714,0,0.177696534037295
110715,0,0.3333395335004741
110717,0,0.665438665816216
110718,1,0.6813580190774963
110719,0,0.4249338049551067
110721,0,0.19247461826187454
110722,0,0.79529978633664
110723,0,0.2475333972122154
110726,1,0.35497400740612955
110728,0,0.4576136319897586
110730,0,0.089320634909979
110736,0,0.27162611991551244
110739,0,0.04747022180136641
110742,0,0.20697317501104484
110747,0,0.6805189952637972
110749,0,0.2339980228737129
110750,0,0.2626455346164985
110751,0,0.7450217809176037
110752,0,0.14538936039393052
110753,0,0.3206912220659632
110757,1,0.8556856607263399
110759,0,0.6502935251997465
110760,0,0.11765800782696442
110762,1,0.8374603439560998
110763,1,0.8517796880270222
110765,0,0.2022241148906409
110766,0,0.08906932920346897
110769,0,0.08765250090754519
110770,0,0.2713846294335119
110771,0,0.07217655098988288
110773,0,0.07240432494580995
110775,1,0.631173106123798
110776,0,0.3931835519047279
110778,0,0.7235206707672768
110779,0,0.2169122167084577
110780,0,0.3365320271566431
110781,0,0.5571301272310574
110784,0,0.09668842724348124
110785,0,0.6997459211413124
110789,0,0.1274214847533049
110791,0,0.1289249701296183
110792,0,0.04957887498091468
110794,0,0.7020026575719427
110795,0,0.42348373787340987
110796,0,0.5805489801302477
110798,0,0.23941550938052014
110800,0,0.11717155810071447
110803,0,0.26263793377942724
110805,0,0.39720901254857255
110806,0,0.4870955996235615
110810,1,0.6362070470813828
110811,0,0.18533125011305498
110813,0,0.5494775576459429
110814,0,0.691752969067781
110816,0,0.06637309148661312
110819,0,0.1023034705074978
110820,0,0.5537511588885403
110821,1,0.6082140111241426
110822,0,0.33464951224110895
110830,0,0.1482556385205352
110831,0,0.45112682153399053
110833,0,0.37774870302408947
110835,0,0.34059299377228736
110836,0,0.6416712786429035
110837,1,0.19832011443053113
110841,1,0.7123687660659755
110842,0,0.3762331395630819
110848,0,0.26938569160743436
110851,0,0.053339156258830865
110852,0,0.4353426388921665
110853,0,0.30062964119669044
110857,0,0.17720385096860292
110859,0,0.7997766103392631
110861,0,0.2309327949268313
110862,0,0.17394136427950907
110865,0,0.13138127742437972
110866,0,0.4083391237075655
110867,0,0.5180905762462573
110868,0,0.4643883465154076
110870,0,0.45174690666028355
110871,0,0.12475452776337574
110875,0,0.4840957931414632
110876,0,0.3602937154363614
110881,0,0.22574947883065546
110882,0,0.44507250783918967
110884,0,0.2952628870566828
110886,0,0.6473936910398027
110887,0,0.06850443791213986
110888,0,0.6726516284316018
110889,0,0.3939955177186303
110890,0,0.09167592327396608
110891,0,0.41916833701575007
110894,0,0.48402178585056943
110895,0,0.0762189701843756
110897,0,0.3599173203394185
110898,0,0.2589942667462608
110899,0,0.18693514728433386
110900,1,0.6159337349486764
110904,0,0.27603866969873164
110905,0,0.07045069623960455
110908,0,0.18448559452663843
110909,0,0.2566197980807807
110910,0,0.1301623037336553
110915,0,0.2562881560892608
110916,0,0.06954937641619949
110917,0,0.2553893744110758
110918,0,0.2945262713613226
110920,1,0.7343687625384586
110921,0,0.0917193786126772
110924,0,0.4754175705007837
110925,0,0.585412511729415
110929,0,0.6269716733245694
110934,0,0.21772728674203762
110935,0,0.7603936794907936
110940,0,0.4347643516888534
110941,0,0.24561403219508726
110942,0,0.45104429798727586
110944,0,0.712572411992933
110949,0,0.04458403429052994
110950,0,0.5252843527162238
110952,1,0.5229607066864489
110953,0,0.22241833278302958
110954,0,0.08176555228545705
110956,0,0.7521144882811226
110957,0,0.23802536215517583
110958,0,0.3347570953768235
110959,0,0.7921867389779507
110961,1,0.5040660977417352
110966,0,0.055314819096235826
110969,0,0.20559756673174506
110971,0,0.7279784505563031
110973,0,0.1940125934152597
110975,0,0.24678026340453077
110976,0,0.18018936925526047
110977,0,0.5869183852632283
110979,0,0.3275767732282482
110981,0,0.22971893936254237
110984,0,0.05187264875097726
110985,0,0.18444479493648194
110986,1,0.736344110250684
110987,0,0.1421943252025193
110988,0,0.20246575202640665
110990,0,0.7263312239214849
110993,0,0.26323296760433584
110995,0,0.13041754273446188
110996,0,0.4978444785244407
110997,0,0.4809259090376967
110999,0,0.08668034912368769
111003,0,0.05330082475603898
111006,0,0.5087678020311129
111007,0,0.19143102281783153
111008,0,0.32356621345316017
111011,0,0.1344941555168014
111012,1,0.81047580119948
111014,0,0.726406335544598
111018,0,0.3548607198368414
111021,0,0.33789166193389353
111023,0,0.6915672235561503
111027,0,0.15245938424521366
111030,0,0.18984551378124198
111031,0,0.29466551216769343
111036,0,0.5895006366612677
111037,0,0.11038030611655456
111039,0,0.07216660153425193
111040,0,0.4793759650036032
111042,0,0.4485439784286271
111043,0,0.5045159564256194
111045,0,0.12363360950048205
111046,0,0.44047712543395834
111047,0,0.20812464070025233
111050,0,0.4170636435764773
111051,0,0.1163468471531393
111053,0,0.44567097869985384
111054,0,0.6284561384323657
111055,0,0.28937020110073014
111058,1,0.6753008280073216
111060,0,0.14760850631086037
111062,0,0.375302436199514
111064,0,0.2969762386473849
111065,0,0.7749093468884583
111067,0,0.4284592399092494
111068,0,0.11323621328515454
111069,0,0.12521694719695736
111071,0,0.44592492333053196
111075,0,0.3701176125955679
111077,1,0.7562205640803386
111078,0,0.5013259365658518
111079,0,0.04337555773411664
111081,1,0.8310676155889516
111083,0,0.4294828988913656
111085,0,0.10730051613769258
111088,0,0.6063732957509604
111089,0,0.05106959365298182
111092,0,0.6161160046008776
111094,1,0.7890712745266908
111095,0,0.31132131125736595
111096,0,0.09644472524825787
111097,0,0.4152303642911691
111098,0,0.1878643622914771
111102,0,0.5148818483101765
111105,0,0.5979676809205587
111109,0,0.39537791296943897
111110,0,0.40060149375025433
111112,0,0.20734200729997943
111115,0,0.6521370494801485
111117,0,0.6000516105428192
111120,1,0.7664132440794009
111122,0,0.18968189378984343
111123,1,0.497060091554534
111124,0,0.04928840857698179
111126,0,0.054402598485644306
111129,0,0.20856751508177362
111130,0,0.19317034375016212
111133,0,0.24647305432322977
111134,0,0.5950164963917738
111136,0,0.2798242316389325
111139,0,0.16182910521150382
111140,0,0.4809527542835326
111143,0,0.4087153575567929
111145,0,0.11177239602982769
111149,0,0.1652101447087499
111152,0,0.450921217121034
111153,0,0.4142151398968065
111154,0,0.08041842220554832
111155,0,0.466228707411857
111159,0,0.20175044521086014
111161,0,0.0771953587304906
111162,0,0.07201249083667796
111163,0,0.1692116375887258
111164,0,0.40167805999885237
111165,0,0.13809936457380984
111168,0,0.05870962280451005
111169,0,0.6620398725856647
111171,0,0.2612247717446793
111173,0,0.41463997933163893
111175,0,0.12537160706346948
111177,0,0.3858643930908502
111181,0,0.23410894619101286
111183,0,0.3989829872436875
111185,0,0.3605929489139025
111188,0,0.6122039387487177
111189,0,0.16773289154788298
111190,0,0.1533595850589832
111191,0,0.1023586213688367
111192,0,0.46042988917988537
111194,0,0.3936306552340573
111196,0,0.33307746256259946
111197,0,0.07540125564251318
111198,0,0.6635088234090926
111199,0,0.09494015712265788
111201,0,0.28897019934300905
111203,0,0.22426447803346222
111206,0,0.24685064372881382
111207,0,0.7665664187585413
111210,0,0.6305496013033853
111215,0,0.2891280065442457
111216,0,0.653839391946595
111219,0,0.06320727546026375
111220,0,0.1722546436128903
111221,0,0.40397466753567246
111222,0,0.12111861967834407
111226,0,0.5214298777680568
111228,0,0.225170160721824
111229,0,0.4537697512048046
111232,0,0.15299175504419973
111233,0,0.2473437526122571
111234,0,0.4634820146592924
111236,0,0.24211178613004072
111238,0,0.4948607537742406
111240,0,0.3915524818797326
111242,0,0.15524205755099935
111244,0,0.1155113356974882
111245,0,0.4373600604082341
111249,0,0.1435084887745801
111250,0,0.5130204936680173
111253,0,0.3635598739177665
111254,0,0.34138607380759184
111255,0,0.3630483604343035
111256,0,0.33002833190776987
111257,0,0.4472268851673705
111262,0,0.8118372523795584
111263,0,0.27362801011700755
111265,0,0.06744327596192645
111266,0,0.560575703975916
111268,1,0.4077406125003408
111270,1,0.14676505574498236
111271,0,0.1332176992063583
111274,1,0.5924434261707552
111279,0,0.35697035831769464
111280,1,0.3006371111032246
111282,0,0.3188829081982627
111283,0,0.05960450475202789
111284,0,0.7109908979765114
111286,0,0.13208548394943992
111287,0,0.45249879004681925
111288,0,0.4021772683578678
111290,0,0.2248396273503636
111294,0,0.4380129527607955
111296,0,0.2962588434620336
111297,0,0.6378281378000563
111298,0,0.3259048979029921
111299,0,0.17709090080062487
111300,0,0.6594246191492443
111301,0,0.13952364247232613
111302,0,0.15546114454562548
111303,0,0.2837071614634478
111304,0,0.3996020865249951
111305,0,0.44126245971166744
111307,0,0.17654554691642996
111309,0,0.11182036426921478
111311,0,0.4778255082864192
111312,1,0.7113573128306552
111315,0,0.43044314476243617
111316,1,0.7921261391062726
111318,1,0.738717393958457
111320,0,0.3840995000571138
111321,0,0.660505508390292
111322,0,0.2339072173866401
111323,0,0.2884880157367631
111324,0,0.508914045666091
111325,0,0.1665023999799194
111326,0,0.4913590640003159
111328,0,0.4767742471266148
111329,1,0.48220495433953026
111330,0,0.11019029851058944
111332,0,0.13047195322454483
111333,0,0.48007767242749866
111335,0,0.2809024319530092
111336,0,0.4998912781886259
111337,0,0.522288819950293
111338,0,0.39640520706610394
111343,0,0.35610297513291267
111348,0,0.2479585942221864
111351,0,0.3519333505879325
111352,0,0.21298565915804027
111354,0,0.596361488910668
111355,0,0.6939807199778558
111357,0,0.5303620390090452
111358,0,0.20773563931761982
111360,0,0.5947042247558254
111361,0,0.14199880422453381
111364,1,0.5768259829875658
111365,0,0.04628958186015035
111366,0,0.2391177343943584
111370,0,0.3689329435706118
111372,0,0.16523440880539259
111377,0,0.8182260163580463
111378,0,0.7400052387308605
111380,1,0.8616408940685666
111382,0,0.655634538117144
111385,0,0.18883314594456974
111386,0,0.3508098331946808
111389,0,0.4596794218702328
111390,0,0.3689800477503237
111391,0,0.04225853628779664
111394,0,0.8221967101660519
111395,1,0.8231880797130884
111396,0,0.3434189588895296
111397,0,0.5606561363778064
111399,0,0.21672742368230483
111400,0,0.27641285140706084
111402,0,0.14708339641564452
111403,0,0.13428889121359416
111405,1,0.3444783083331178
111408,0,0.18865902467630138
111411,0,0.33245045037195553
111413,0,0.2239496722660222
111416,0,0.6606637513783197
111417,0,0.3411966916385549
111418,0,0.08460154276794939
111420,0,0.7652290699835274
111424,1,0.7752547580982385
111425,0,0.10531712032596889
111426,0,0.1286728864842333
111427,0,0.5467222942540606
111428,0,0.22142640985730733
111429,0,0.1263584556070118
111430,0,0.04383922951422651
111431,0,0.5682894083291139
111433,0,0.3608109433729995
111434,1,0.7312390682048344
111436,0,0.047093857554800965
111439,0,0.2970855630402004
111440,1,0.744511510657518
111441,0,0.49306041727581257
111442,0,0.5117232730357728
111443,0,0.37921518777445484
111448,0,0.3552942538207581
111449,0,0.24994443974111835
111452,0,0.5290540433532819
111453,0,0.14015610468370496
111454,0,0.09392367442837944
111455,0,0.3038567409106096
111456,0,0.3467583843321681
111459,0,0.23052893079607412
111461,0,0.291154398766863
111463,0,0.49218575597814473
111465,0,0.06519523709918564
111471,0,0.11316108470239901
111476,0,0.5369393746020192
111479,0,0.1686459543049919
111486,0,0.33231654276745404
111488,0,0.17920793974067678
111489,0,0.22328787719137377
111490,0,0.6263421475000104
111491,0,0.3210957797979576
111492,0,0.5042395142038
111493,0,0.5692470497928653
111494,0,0.9229201969467402
111497,0,0.06775510306659076
111500,0,0.19472677485629242
111501,0,0.33884295173140677
111502,0,0.8276359991163253
111503,0,0.7662333820605628
111504,0,0.17502626474042696
111505,0,0.14551113602890053
111507,0,0.2767347343661748
111508,0,0.6518156515099963
111510,0,0.11851701520201394
111511,0,0.10631205055182943
111512,0,0.20458250390114624
111513,0,0.5669284157282879
111514,0,0.22872824297838007
111516,1,0.3221392705230189
111519,0,0.19370888017208968
111520,0,0.24435957444787887
111522,0,0.5576246363063925
111525,0,0.4156402347334186
111528,0,0.11275420383187211
111533,0,0.2523441801728886
111534,0,0.4375145415895517
111535,1,0.6276488067513887
111537,0,0.15329346588660098
111541,0,0.061118208778723884
111542,0,0.28934382780916235
111543,0,0.10611336720727257
111546,0,0.5976966953778476
111549,0,0.08749378488233307
111550,1,0.5792146150257969
111551,0,0.0833706575802057
111554,0,0.3321173509427613
111555,1,0.33433412453878375
111557,0,0.2276590233322048
111558,0,0.26802072424010087
111561,0,0.08103621723215164
111563,0,0.676758037447278
111564,1,0.8719837938655882
111571,0,0.5562201932673849
111572,0,0.047680969606367814
111574,0,0.3040453919343888
111575,0,0.19726317678401198
111579,0,0.4013707875275097
111585,0,0.13604115901135377
111586,0,0.3132790065214744
111587,0,0.16413065698704504
111588,0,0.3939029673072736
111589,0,0.539850871571901
111590,0,0.6570237436913561
111593,0,0.2503820976150467
111595,0,0.13992959838903654
111596,1,0.33729068826997055
111598,1,0.7580355250522116
111599,0,0.3699710270565252
111602,0,0.3005975041618786
111605,0,0.2176219483226795
111608,0,0.23325860419481156
111609,0,0.4475543897093818
111610,0,0.2512562379942315
111613,0,0.07656880121075196
111614,0,0.6303381044828226
111616,1,0.8095345235968512
111618,0,0.29975079966781903
111620,0,0.1328333370209977
111621,0,0.4370186613923878
111623,0,0.04692994111812697
111625,0,0.4711443477022083
111629,0,0.27543847487368184
111632,0,0.34696231333296856
111633,0,0.27153585323431984
111635,0,0.3298332260985087
111638,0,0.3238537659351203
111639,0,0.6038069152995822
111640,1,0.5913976722096761
111641,0,0.25990972023130166
111642,0,0.3950124625641813
111643,0,0.28855246632814124
111645,0,0.5107527854539452
111646,0,0.09413680668685089
111649,0,0.4535294850211902
111650,0,0.0526024179470003
111651,0,0.6372799788088089
111652,0,0.07526650543121484
111655,1,0.2129546342349064
111656,0,0.17113881742908577
111658,0,0.3284855884513341
111659,0,0.16012318320290103
111660,0,0.31655215159856004
111663,0,0.5947451538888695
111664,0,0.4709511712082999
111666,0,0.465308299172451
111667,0,0.12998018961346003
111668,1,0.8699661850147251
111669,0,0.6910132642993176
111671,0,0.1428358007674948
111673,0,0.15286434278597893
111675,0,0.23260543604305112
111676,1,0.4140126460366105
111679,1,0.07878604783983903
111682,1,0.5389947079617456
111683,0,0.06305777863534377
111687,0,0.36805624664821385
111688,0,0.16740235482268562
111692,0,0.07050064888281496
111693,0,0.12338341157588009
111695,0,0.17238649769268516
111700,0,0.07003192478126263
111703,0,0.30186049492107797
111705,0,0.22378734497767386
111707,0,0.644069175053554
111710,0,0.08333522106905816
111712,1,0.9417038637605082
111716,0,0.1940262506435377
111717,0,0.13993550151481976
111719,0,0.10443345561301882
111720,0,0.42700047754366893
111723,0,0.16833527471231063
111724,0,0.042815000545749604
111726,0,0.192910509021713
111728,0,0.501076250110603
111729,0,0.13911404963018545
111731,0,0.069227058979985
111732,0,0.11032204897042097
111733,0,0.27220603891585526
111734,1,0.23979675573017128
111736,0,0.4115210838197054
111737,0,0.46651432019093625
111741,0,0.16260977118620562
111742,0,0.15195574682359114
111744,0,0.07841704670801197
111745,0,0.7639772101722867
111749,0,0.5664926786962561
111751,0,0.5436576497440644
111752,1,0.7132851180203378
111753,0,0.25250918476314677
111754,0,0.28661806113465504
111759,0,0.1463734755792447
111760,1,0.3344665783545532
111765,0,0.6555367382331548
111766,0,0.4947421072044918
111767,0,0.14389021087737047
111768,0,0.3419304263163481
111770,0,0.4317047849675717
111773,0,0.05916729546356013
111774,0,0.06871365500561467
111776,0,0.33961181731972095
111777,0,0.08781828473353152
111778,0,0.10845372784910827
111779,0,0.3573834783799812
111781,0,0.6314709625610966
111783,0,0.23001555271685734
111784,0,0.4517952842051387
111786,0,0.7756963811636968
111787,0,0.19322802511455048
111789,0,0.04574713014666172
111790,1,0.5543709975600446
111791,0,0.6159468290416713
111792,0,0.20696231055777425
111794,0,0.7827976954170847
111795,0,0.24287927908178367
111796,0,0.0944937360138025
111797,1,0.6432047842660833
111798,1,0.3353968991643862
111800,0,0.2821854081234408
111801,0,0.0539825275452992
111802,0,0.05559053516793916
111803,0,0.63198065861578
111804,0,0.6799964054121036
111810,0,0.3425231878060321
111811,0,0.10478778701667188
111814,0,0.2901079525824545
111820,0,0.08592851329206032
111821,0,0.21076584878958524
111823,0,0.4202966978513218
111824,0,0.2752970710132599
111825,0,0.5128461832372755
111827,1,0.4394505903679676
111828,0,0.21642725461917056
111829,1,0.8596827148347705
111830,0,0.10116014424212143
111831,0,0.3299691443212874
111833,0,0.12174642326580234
111834,0,0.1517503835880875
111835,0,0.3415160042768104
111837,0,0.17095517576439073
111839,0,0.451798155531251
111840,0,0.3759639424219373
111846,0,0.12348969193024437
111849,0,0.356402739020938
111850,0,0.2616850242244914
111857,0,0.5606709907592908
111858,0,0.12956142747166305
111859,0,0.7443644048727043
111860,0,0.256521795542037
111864,0,0.10566279423675176
111866,0,0.3338023758540782
111868,0,0.7619704626279395
111869,0,0.07877035129239499
111870,0,0.1941045850422261
111872,0,0.15428810288804284
111874,0,0.33857153985093896
111875,0,0.5395515685220688
111876,0,0.7780321117445358
111878,0,0.12507652883434875
111879,0,0.5702416935784156
111882,0,0.2504920768223613
111883,0,0.8134486607660527
111884,0,0.2874789624997604
111886,0,0.2545936311079568
111887,0,0.11223415064364435
111890,0,0.5008512893979176
111893,0,0.36271472744494543
111894,0,0.11644894583140442
111895,0,0.4855952651033501
111896,0,0.583516357654732
111898,1,0.23827676814810114
111900,0,0.3342911050564351
111901,0,0.2601010072530467
111903,0,0.19769759468742212
111904,0,0.15884919248212132
111906,0,0.23906573198716163
111908,0,0.15206232070405434
111909,0,0.8540673171968377
111911,0,0.7509087515504032
111913,0,0.41077400181888046
111917,1,0.5876295587551397
111918,1,0.7227238172665034
111920,1,0.6360190055967261
111921,0,0.3132109026270639
111922,0,0.13322064616836843
111923,1,0.7329686015854168
111925,0,0.11262823096484423
111927,0,0.6266824709770449
111928,0,0.10543077325760306
111929,0,0.4948549309383332
111930,1,0.5542973025125051
111934,0,0.22100665285056714
111935,0,0.15494727580414383
111938,0,0.16032186429496834
111939,0,0.1921202882176826
111942,0,0.1890303969828971
111943,1,0.5322769394599386
111944,0,0.46084279124521316
111945,0,0.47620580254521183
111947,0,0.7666090627993667
111949,0,0.46269166924723004
111951,0,0.0534098784447685
111956,0,0.43365182778064437
111960,0,0.06773441502886321
111963,0,0.1396147748628908
111966,1,0.6561985744085066
111967,0,0.368914345682619
111968,0,0.37230388588184654
111970,0,0.22095243121806898
111971,0,0.12321928349946405
111972,0,0.06845859974085115
111973,0,0.2874001925136581
111974,0,0.2939670246820651
111977,0,0.5614531061039094
111979,0,0.08053975851243761
111980,0,0.7739278453684042
111982,0,0.398611364238417
111983,0,0.4264853244011847
111984,0,0.0907991822620492
111985,0,0.4102477379680346
111986,0,0.7855702600949135
111990,0,0.8719386132283594
111993,0,0.2583793573206579
111994,1,0.645984640513405
111995,0,0.5741162813748717
111997,0,0.47605792554823034
112001,0,0.8285296140980776
112004,0,0.118811477075871
112005,1,0.7157739365170398
112008,0,0.2379427535959874
112010,0,0.1275906963250344
112011,0,0.39644614526432476
112012,0,0.1004874732837284
112014,1,0.46273742532934997
112015,0,0.3035447766178369
112016,0,0.3654947406319088
112018,0,0.33897511875715197
112019,0,0.5438088887036948
112021,0,0.6706697721256611
112023,0,0.09014274735360077
112027,0,0.159834333394532
112028,0,0.2290672576199772
112031,0,0.19508765921946797
112034,0,0.09648282105045364
112038,0,0.1954075610862007
112040,1,0.1866709035218789
112041,0,0.5744229963039966
112045,0,0.772223697311959
112047,1,0.6416759238084995
112050,0,0.4230585009373728
112052,0,0.268989012524811
112055,0,0.04438728881912981
112060,0,0.17161039461578115
112063,0,0.27932669092944773
112067,0,0.23137243853687095
112071,0,0.33931337639876435
112072,0,0.7558295630433375
112073,0,0.1132697630037596
112077,0,0.2744293852210475
112078,0,0.407940639113312
112079,0,0.30946082385863843
112080,0,0.16472726647573796
112081,0,0.4823133987976439
112084,1,0.5115320189775409
112086,0,0.27203673112415244
112088,0,0.05264836015970077
112089,0,0.1591255577567922
112090,0,0.29620671026909484
112092,0,0.44212670033059587
112098,0,0.40077867416747653
112099,1,0.2964377388998134
112102,0,0.09604351183228929
112104,0,0.282353315369119
112106,0,0.28019773976219353
112109,0,0.16212927358009904
112110,0,0.0644644534729678
112113,0,0.4808807543007016
112115,0,0.45978170439433824
112116,0,0.11929345681497275
112120,0,0.14371964752062033
112122,0,0.04666221931843869
112123,0,0.6552920280936674
112124,0,0.43172112566092374
112125,0,0.23301522928560098
112126,0,0.5202762114395884
112127,0,0.6878330384089079
112128,0,0.5487495302918736
112131,0,0.15600542772823706
112132,0,0.4668977310516988
112134,0,0.4758434437491916
112135,0,0.40136440781363963
112136,0,0.5737543280266848
112139,0,0.6911803278654457
112145,0,0.06862754553693973
112146,0,0.2633378284249772
112148,0,0.44694163763515427
112149,0,0.5140340875947649
112156,0,0.14176667457275008
112158,0,0.04581643619463769
112159,0,0.2681134724902851
112161,0,0.15944955149525689
112164,0,0.40192617542233533
112165,0,0.24862402125637734
112168,0,0.783628790238829
112169,1,0.7545502604598706
112170,0,0.4296853493801958
112171,0,0.15153559515678577
112173,0,0.10788923396407477
112174,0,0.1308616947239543
112180,0,0.3758959883982508
112182,0,0.6586545837049426
112184,0,0.4532577157018663
112186,0,0.1159052804347294
112187,1,0.3409258351477582
112191,0,0.2787349970428452
112193,0,0.4599152034553236
112194,0,0.518057882322957
112195,0,0.7151387518410419
112198,1,0.47689643994319636
112201,0,0.053925141901272886
112205,0,0.5868112502076198
112206,0,0.12739666235844802
112208,0,0.11653256118585971
112210,0,0.19095517349011248
112212,0,0.7030716646494308
112213,0,0.46189604546019425
112215,0,0.23008262145560304
112218,0,0.1680392339490968
112219,0,0.16390025850349235
112221,0,0.4355217311757508
112222,0,0.1487009542942165
112226,0,0.3214499379593139
112228,0,0.04266271501308407
112230,0,0.3734333188126157
112231,0,0.6721251979635594
112233,1,0.5433814122382403
112235,0,0.4092396546005621
112237,0,0.3025687068507398
112238,0,0.3913172480274863
112239,0,0.14556887410334637
112240,0,0.24232817079632443
112241,1,0.7552599545086391
112242,0,0.44209310672287555
112243,0,0.24590695474015364
112244,0,0.4411122192293882
112248,0,0.22811174946330315
112251,0,0.30752650238154955
112252,0,0.3721212668944783
112254,0,0.13777346044940394
112256,0,0.07314611049854072
112265,0,0.39174722464682743
112268,1,0.6897841092160978
112270,0,0.18517032137798273
112271,0,0.2442018750219593
112273,0,0.0769187883629138
112275,0,0.311837627193105
112276,0,0.211473554992092
112277,0,0.24158115811995912
112280,0,0.1927433685346552
112281,0,0.3689535397032338
112282,0,0.27179569046625296
112284,0,0.29318842998452793
112285,1,0.7415979098534992
112287,0,0.31872540633551705
112289,0,0.18994266069673582
112291,1,0.8202782672628004
112292,0,0.11978857132128015
112294,0,0.5057485243747657
112295,0,0.09513191926962647
112296,0,0.11468301746810403
112299,0,0.1360527805670956
112300,0,0.43263442943043834
112303,0,0.7047799418184263
112305,0,0.8165693514466822
112308,0,0.07650867653612331
112309,0,0.1860156213717967
112312,0,0.34598367090470206
112313,0,0.5944539838778329
112314,0,0.2256285863013221
112315,0,0.5153618975150158
112316,0,0.20813562869768912
112317,0,0.4797784259823854
112319,0,0.42011638497274006
112320,0,0.4847713454217141
112321,0,0.48278124394876143
112322,0,0.21332178247579284
112327,0,0.7143004291048014
112328,0,0.5232111325769911
112329,0,0.06799491989932958
112330,1,0.502424381701578
112331,0,0.3890670603214083
112332,0,0.45063868328083573
112333,0,0.8014301885432038
112335,0,0.12608329185580597
112337,0,0.09051925012858451
112340,0,0.09449729646648239
112341,0,0.049388348045361165
112344,0,0.2623943982653
112345,0,0.28833414461602125
112347,0,0.2990819539437397
112349,0,0.49088842145963935
112350,0,0.6502780077937417
112354,0,0.20989792784650835
112355,0,0.2096799125392735
112356,0,0.20899628453286204
112357,0,0.05602762373010227
112358,0,0.5558568503009892
112359,0,0.5241183277490922
112360,0,0.15211760338529526
112362,1,0.6271462736089571
112363,0,0.20663864688469383
112365,0,0.15646693560591787
112368,0,0.40557224072580594
112370,0,0.14875069355563295
112371,0,0.053248810833882575
112375,0,0.4005470650017868
112377,1,0.3531865993379675
112383,1,0.5650151394445617
112384,0,0.1569291840742412
112385,0,0.15916986732963795
112386,0,0.4478553985184169
112387,0,0.5294013358624609
112389,0,0.1564358869226959
112391,0,0.49893856606261444
112394,0,0.14096348709160472
112399,0,0.4109208024052487
112402,0,0.46496446231165267
112403,0,0.2558812610147442
112406,1,0.8509174616635372
112408,0,0.15208786278858696
112409,0,0.45181626482365156
112410,0,0.5836665466084707
112412,0,0.05554919153444428
112415,1,0.5163995075275002
112416,0,0.3306030456928998
112419,0,0.19814389884250966
112420,0,0.5541287015706065
112421,0,0.3935435672582684
112422,0,0.45141147486970984
112426,0,0.39634087570005333
112427,0,0.1474225345627327
112431,0,0.15856460248651597
112432,0,0.5475856177888712
112433,0,0.24742352759588795
112434,0,0.1225486439598491
112436,0,0.08242832480371469
112437,0,0.234761931699434
112444,0,0.6946001722505513
112446,0,0.36785884492937393
112448,1,0.8427734208313605
112450,0,0.4256963732169858
112451,0,0.5267009335330949
112454,0,0.6655870492749496
112456,1,0.9052448959407038
112462,0,0.6866452241828161
112464,0,0.17268951167134391
112466,0,0.6151691468255193
112467,0,0.49054253963014594
112468,0,0.3082500727055766
112469,0,0.2659645480999572
112475,0,0.7761865747243659
112479,0,0.063713925662059
112480,1,0.19541773426344933
112482,0,0.17054272967503162
112483,0,0.4280372239360652
112486,0,0.6532867295719887
112488,1,0.7447105139883495
112492,0,0.4564379267040356
112494,0,0.15702065176221008
112497,0,0.3230751360673567
112499,0,0.37542971867902725
112501,0,0.7575180293764654
112503,0,0.6118076777787187
112504,0,0.3168235968414891
112506,0,0.18239374625644675
112510,0,0.7219645520756863
112511,0,0.39477335065894265
112512,0,0.1826244290134322
112513,0,0.43796976935618426
112514,0,0.4164833349038455
112515,0,0.26959152421895793
112516,0,0.76115391155767
112525,0,0.7126506586237485
112530,0,0.3210669551803096
112531,0,0.1391108349697572
112534,0,0.6237821795608611
112535,0,0.2641376551274277
112538,0,0.15437614962870735
112543,0,0.2346417695930981
112544,0,0.15653896886964028
112546,1,0.7367302178026964
112547,0,0.37093357697499546
112550,0,0.11894181164664216
112551,0,0.11535629695860075
112552,0,0.8368366259769505
112553,0,0.06861007906849095
112556,0,0.15201103707946217
112560,1,0.5911499077813379
112562,0,0.6861167347882143
112563,0,0.0944543436943852
112565,1,0.39504566777217986
112566,0,0.14717842507442333
112567,1,0.511276636773228
112568,0,0.1537916647343134
112569,0,0.12928552590503023
112571,0,0.22034545566789565
112574,0,0.5134507065365338
112576,0,0.08182586902510015
112578,0,0.14328468149247434
112579,0,0.09800017807213623
112580,0,0.25424451848589613
112581,1,0.6703187681018677
112582,0,0.13472072885247754
112583,1,0.17097345077608278
112584,0,0.3361279083581987
112585,0,0.4890483793299739
112586,0,0.1328164902807385
112587,0,0.06724396479327836
112589,0,0.35866234684920617
112590,0,0.27577245875156464
112592,0,0.329563781255688
112593,0,0.7137042971613814
112594,0,0.7070187160275946
112596,0,0.2678740813700157
112599,0,0.0686645934450661
112600,0,0.5949605827959182
112605,0,0.1385575957902328
112606,0,0.20110991249331917
112608,0,0.5205557613763832
112609,0,0.4884532394980243
112610,0,0.4570801650722909
112617,0,0.14381609549416502
112620,0,0.7911228568425056
112621,0,0.37042993377566924
112622,0,0.08143272942017854
112630,0,0.24557307200950046
112631,0,0.19681832066347596
112632,1,0.6874586600281326
112634,0,0.7692993670696844
112637,0,0.7639038174491898
112639,0,0.42021960123593083
112643,0,0.11845853367989885
112644,0,0.5019337474915726
112645,0,0.11087745906457473
112646,0,0.3747199942145199
112648,0,0.4690702709850137
112650,0,0.541052462823361
112659,0,0.14786320336566558
112660,0,0.14588468334991594
112661,0,0.20180482290892604
112664,0,0.05967748245043127
112666,0,0.062374967030545625
112667,0,0.3039097601290705
112670,0,0.2158522936907758
112673,0,0.5863854448827774
112675,0,0.7842778370661232
112677,0,0.5493920527945011
112680,0,0.4412608687214699
112681,0,0.48220730564101866
112683,0,0.14023108861185532
112684,0,0.15295141127910197
112685,0,0.37020814535066143
112692,0,0.20062995605309678
112693,0,0.2565310649626935
112697,0,0.2601982576798364
112699,0,0.515660212137018
112702,0,0.0473262485784348
112703,0,0.35860617424551194
112704,0,0.3365006597580435
112706,0,0.07868640338391028
112707,0,0.23701322245165296
112709,0,0.18145900586531494
112710,0,0.5252823313637529
112711,1,0.32831541704184747
112712,0,0.23628091856258945
112713,0,0.31314287700128296
112716,0,0.3798351022549593
112718,1,0.7434929319968114
112720,0,0.28526505712087524
112724,0,0.073985252266494
112725,0,0.5712987208835548
112726,0,0.22179410362495475
112729,0,0.22456029853014722
112731,0,0.14719599566003125
112734,0,0.3717447358410147
112736,0,0.7667507253652184
112738,0,0.5184140721795387
112739,0,0.4153308274329216
112740,0,0.5523679507782429
112744,0,0.12465282524766726
112747,0,0.3375349979500795
112749,1,0.7281998297085751
112751,1,0.17169632123428777
112752,0,0.4714389662372961
112760,0,0.17893852756571188
112764,0,0.46797950872575056
112765,0,0.2942783812666371
112767,0,0.41690108336584136
112769,0,0.14893418434198363
112770,0,0.41059170985688065
112772,0,0.12732861115285107
112773,0,0.057597566581081415
112775,1,0.7312075751171317
112777,0,0.07824267570317336
112781,0,0.3687072504072123
112783,0,0.6589431643723052
112787,1,0.5630441051982229
112789,0,0.23643303153290626
112790,0,0.17949025344850197
112792,0,0.14420636197137304
112793,0,0.06826617250256732
112797,0,0.10417264159729309
112798,0,0.523559635044634
112800,0,0.24919059725730341
112802,1,0.6896315277435546
112803,0,0.2739706475740287
112805,0,0.3775856279563093
112817,0,0.11725683497706632
112818,0,0.17500789595088445
112820,0,0.4415979919848865
112823,0,0.5962316717146041
112824,0,0.3584427777169844
112826,0,0.0771415185118184
112828,0,0.4338696325232281
112834,0,0.6351910201812305
112835,0,0.5281618918495787
112839,0,0.08219003539635417
112840,0,0.3835612273436829
112842,0,0.4164021901377083
112844,0,0.8344555749573381
112845,0,0.16778909964338
112847,0,0.11116985220060946
112849,0,0.05773093228566485
112850,0,0.3266376281916401
112851,0,0.3769129906093791
112852,0,0.40153497926005216
112853,1,0.5046231214103029
112855,0,0.3777550437358512
112859,0,0.6819219677998531
112860,0,0.25437403505465483
112861,0,0.2735044240151413
112862,1,0.31835450544710187
112863,0,0.2870507100301283
112864,0,0.08816687744838918
112866,0,0.7315690082156782
112869,0,0.08828794492557693
112874,0,0.4088734672931958
112877,0,0.06357746502413948
112882,0,0.09227920743679341
112883,0,0.5846358225758466
112884,0,0.6498368910022837
112886,0,0.34566423019652526
112889,1,0.7341129093382506
112890,0,0.2770829919138793
112897,0,0.2381804654878717
112899,0,0.08210068588110961
112901,0,0.8439626670703131
112902,0,0.2473031609948341
112906,0,0.09854124573123493
112907,0,0.5046600189545678
112908,0,0.577006501622032
112910,0,0.1460500212133753
112913,1,0.5865981009915752
112915,0,0.4767023821799854
112919,1,0.9181805992252583
112921,0,0.4185732411923239
112924,0,0.7983541396825637
112925,0,0.5586230210992289
112926,0,0.391830175833074
112927,0,0.25205113006677343
112929,1,0.7083081302518673
112931,0,0.09165366535326945
112935,0,0.2245154762440767
112937,0,0.3088343234992852
112938,0,0.29256423321934977
112939,0,0.4075860857962823
112940,0,0.22087465304231935
112942,0,0.09392760489353959
112944,0,0.4321754848835009
112948,0,0.10669000520452834
112949,0,0.5339897326714953
112951,0,0.8058284273044143
112953,0,0.45034506201628277
112955,0,0.18488964034836575
112956,0,0.1364780242315809
112957,0,0.4213706624108936
112958,0,0.04386723432979047
112960,0,0.11453531435097501
112961,0,0.40347927459332994
112962,0,0.12791692459259568
112965,0,0.037146111303987574
112966,0,0.26450302150514843
112967,0,0.7299449479188499
112968,0,0.29055784069098156
112970,0,0.30367098044308033
112972,0,0.32157650018564626
112974,0,0.6648764045944955
112977,0,0.3064631988681613
112978,1,0.7029176135070189
112981,0,0.05401686578170808
112983,0,0.15438745746504728
112986,0,0.13825316360609072
112987,0,0.19697969659011139
112988,0,0.39639595825772683
112990,0,0.2039186487754754
112991,0,0.17373873873811405
112992,0,0.5478033713936723
112994,1,0.633824384496423
112997,0,0.44432282002900464
112999,0,0.3463388945972766
113000,0,0.2806449139081138
113001,0,0.10814615236272714
113007,0,0.4378392429585537
113008,0,0.23082899954361286
113009,0,0.2660876536363275
113010,0,0.6912196709925027
113011,1,0.7237690112082193
113013,0,0.5807746566959081
113014,0,0.664257360331292
113020,0,0.33317270593537207
113023,0,0.11973107560274561
113026,0,0.7346075617123766
113027,0,0.05529465470802093
113028,0,0.2569319442188921
113030,0,0.1912143153252895
113032,0,0.6390856985473332
113033,0,0.24150366660210035
113037,0,0.40306083766365575
113038,0,0.3913842219874353
113045,0,0.14596685998893016
113047,0,0.24353932272897563
113049,0,0.45352951025544297
113052,0,0.19301409920415372
113055,0,0.6623363204864681
113056,0,0.263319657916402
113057,1,0.7731809464563176
113058,0,0.12569175366084162
113059,0,0.07914962142743306
113060,0,0.7484160733412151
113061,0,0.08510895174457125
113063,0,0.12264971921343833
113064,0,0.3691757444218179
113066,0,0.04136510050915125
113068,0,0.12861872307386044
113073,0,0.5394418238529434
113078,0,0.06362213302626737
113083,1,0.4758562427113864
113087,0,0.30987211407405935
113088,0,0.34106669264879563
113091,0,0.09729500466950532
113092,1,0.31093772148708176
113093,0,0.3638098179856536
113094,0,0.32525379239433255
113098,0,0.12008890006967651
113101,0,0.385880468749383
113104,0,0.14363717072883378
113109,0,0.22680968751050007
113110,0,0.2581657560025792
113111,0,0.43271432362170426
113113,0,0.15039397143033517
113116,0,0.6203534597530018
113117,0,0.2396000430361805
113118,0,0.32852448540445534
113119,0,0.5164564843918511
113120,1,0.7512608314488034
113122,0,0.48745953535863296
113123,0,0.04331896780624604
113125,0,0.08282106759698674
113126,0,0.4101173893535499
113127,0,0.49540295787430055
113128,0,0.5146362683140578
113129,0,0.29961269113801503
113131,0,0.49324652738555735
113136,0,0.7245807341124465
113137,0,0.43510840840670406
113141,0,0.22225566816761305
113142,0,0.10698533073377936
113143,0,0.6629670997267211
113144,0,0.654745434664173
113145,0,0.29300094296436013
113151,0,0.20643222488857202
113152,0,0.17556683480531413
113153,0,0.12936553481008714
113154,0,0.17099388807292998
113155,0,0.6420640842788238
113158,0,0.32311723017420296
113161,1,0.7906151133848132
113162,0,0.5272157790770604
113163,0,0.3326523161121185
113164,1,0.7400106967480766
113166,0,0.5051786894516709
113169,0,0.2804275043738479
113175,0,0.5240916485587848
113178,0,0.5594565323445079
113179,1,0.5765778988443402
113182,0,0.09443346334582656
113183,0,0.21646772404270362
113188,0,0.5023876011522777
113189,0,0.6721388124724508
113194,0,0.5640336225574747
113197,0,0.06738130056150216
113199,0,0.3450781060149218
113201,0,0.1584756303894792
113202,0,0.2413557286695891
113204,0,0.13697461136725028
113207,0,0.19199139700610374
113209,0,0.41690179420115764
113210,0,0.08304415022611214
113211,0,0.23563346305222263
113213,0,0.06989415167724991
113215,0,0.090693732178511
113216,0,0.5674983601651696
113220,0,0.057860024064631976
113222,0,0.16418292251964323
113223,0,0.19803452944205063
113224,0,0.32717897193623074
113227,0,0.6493657768812436
113231,0,0.47264826247724123
113232,0,0.2379689655980731
113236,0,0.39216061307583794
113237,1,0.8335554253628091
113240,0,0.2821200471609282
113242,0,0.3737650036248214
113244,0,0.4170850634889926
113246,0,0.31201819608878595
113249,0,0.2933428345062905
113250,0,0.14388391603467854
113253,0,0.2808843324516922
113254,0,0.20745009267651088
113256,1,0.5824370505024226
113257,0,0.30525045224874475
113259,0,0.21127194648968906
113263,0,0.10951926602477968
113264,0,0.2389700839101636
113266,0,0.08932537774334481
113267,0,0.22743462654080657
113268,1,0.3689970605776599
113270,0,0.2413160307442308
113271,0,0.4580077157440803
113272,0,0.15135485683051775
113274,0,0.3199191184896534
113275,0,0.21714278365268247
113276,0,0.19489994305727218
113279,0,0.48745604440310747
113281,0,0.5564350856314124
113285,0,0.6056184475455609
113286,0,0.4304751945931452
113289,0,0.2852505081511961
113292,1,0.7186654187899981
113294,0,0.16963872217297676
113298,0,0.4320012492481434
113300,0,0.4902552064316107
113301,0,0.6757374945915594
113302,0,0.07976836052692868
113305,0,0.334917621663912
113308,0,0.6807942620422638
113311,0,0.45841014785239914
113313,0,0.11474156476883472
113314,0,0.6851118543300343
113316,1,0.5684693803778946
113317,0,0.2973961427751486
113320,0,0.20775089393395368
113324,0,0.24609550158061202
113325,0,0.12541733092136625
113326,0,0.5668169844238077
113327,0,0.7202612185318771
113328,0,0.3555887895459632
113331,0,0.12957291486198774
113332,0,0.10173268221602587
113336,0,0.3992872632325605
113337,0,0.5033578038792234
113340,0,0.4262479466923459
113341,0,0.2133084485462356
113342,0,0.536507046923304
113343,0,0.6095196464655218
113344,0,0.24377882311205315
113347,0,0.12371941578252306
113349,0,0.7810320384836859
113350,0,0.5276029671361312
113353,0,0.17357874720029853
113355,0,0.5661411752815767
113357,0,0.16184146448919717
113362,0,0.28548748040879884
113363,0,0.2822436568731287
113364,0,0.08247743225362579
113365,0,0.043272661902864225
113366,0,0.2027025173188413
113367,0,0.8024303418324907
113368,0,0.07467505008393308
113369,0,0.282946703456138
113370,0,0.5507674586090967
113371,0,0.6732078137735196
113372,1,0.37715237086623266
113373,0,0.0714184343031776
113374,0,0.07277052676278999
113375,0,0.4578322435290804
113376,0,0.3118723610418123
113378,0,0.3679162964902723
113379,0,0.3263268435501221
113384,0,0.36905230052064897
113385,0,0.2985068906832472
113386,0,0.3991675481732207
113394,0,0.18963027666822233
113396,0,0.15954870102688373
113398,0,0.2004458398355228
113399,0,0.4864963339455744
113401,0,0.06740140302454407
113403,0,0.2525445950610482
113404,0,0.39769790775455016
113405,0,0.5938782466488599
113406,0,0.7746508518862354
113409,0,0.09684868096650256
113413,0,0.07661528403342022
113415,0,0.10010216744206897
113416,0,0.6955305553450021
113418,0,0.05537735584054554
113420,1,0.4438091090656754
113423,0,0.22816615887179098
113425,0,0.16438409229328452
113427,0,0.6298561241886109
113429,0,0.4109668222120747
113430,0,0.4797701437347066
113431,0,0.12377115598662458
113432,0,0.21422956915870922
113435,0,0.4023029505568614
113436,0,0.16600248649576357
113437,0,0.5687629608351393
113439,0,0.29018847328144437
113440,0,0.3593928560168135
113442,1,0.5674556569430579
113443,1,0.6673624379455623
113445,0,0.12123662636547328
113446,1,0.8481454914118218
113447,0,0.22307929048035918
113448,0,0.11130863693825588
113450,0,0.3424973034705647
113451,0,0.748224156030402
113452,1,0.3056649241931075
113453,0,0.2726825081052039
113455,1,0.5642730742049891
113456,1,0.21679948560801326
113457,0,0.42156464370610464
113461,0,0.22170218392689578
113462,0,0.10582250595730773
113463,0,0.2879364412258544
113464,0,0.08412108805200788
113468,0,0.524685874230076
113472,0,0.24439876665721844
113473,0,0.25843400152204044
113475,0,0.2623440594460609
113477,0,0.37660311512448574
113478,0,0.5131365106740561
113479,0,0.24229982970007607
113480,0,0.1776847955765249
113486,0,0.40648955596295144
113487,0,0.7343536464831651
113488,0,0.3051343291025831
113492,0,0.32937968700553605
113493,0,0.18838027012433062
113494,0,0.5865693282026515
113499,0,0.14532061936503132
113500,0,0.27053925496956993
113505,0,0.0968797568383803
113507,0,0.07818529158207278
113509,0,0.15764080214181703
113510,1,0.4742649883573666
113511,0,0.5467794862954508
113513,0,0.09742797427294705
113514,0,0.783467308802275
113516,0,0.6701080249842325
113519,0,0.28589720624013815
113521,0,0.4145264862324606
113527,0,0.5913969921838861
113528,0,0.5889064567868543
113531,0,0.12551439623608457
113532,0,0.08701892018886276
113539,0,0.38483135585585615
113541,0,0.4962221670227841
113542,1,0.4702891992061913
113545,0,0.2458512602860603
113546,0,0.3281512222235019
113547,0,0.33063018120099574
113548,0,0.3281010308063451
113550,0,0.125466288165278
113551,0,0.05907122219549634
113552,0,0.569196485278642
113553,0,0.28930236506200757
113558,0,0.14055682239305384
113559,0,0.37084021893261826
113560,0,0.21645935867536878
113562,0,0.1013262480921723
113565,0,0.07417515619952716
113566,0,0.28882334863980635
113569,0,0.22314315336648088
113573,0,0.7634809677241654
113574,0,0.5702130443835216
113575,0,0.8170067060028947
113576,0,0.191995608785198
113577,0,0.29493314702702705
113578,0,0.09158417242653456
113580,0,0.5955228846325615
113581,0,0.3653289069343992
113582,0,0.21728041082786195
113583,0,0.04051326834444761
113586,0,0.5291035547335143
113587,0,0.2705529853175976
113588,0,0.5375325937669163
113590,0,0.3105655876586854
113591,0,0.5348428246325942
113593,0,0.15655410935001013
113597,0,0.7265966590016564
113599,1,0.7827158604006657
113600,0,0.24071030178626343
113602,0,0.29950259148284364
113614,0,0.4165945699370363
113615,0,0.156434116669043
113616,0,0.2743705954599262
113619,0,0.4200738056779544
113620,0,0.1085550923398654
113621,0,0.19000919129346924
113624,0,0.15301005200164272
113627,0,0.7803328065699043
113628,0,0.547552574436725
113630,0,0.17595053389468843
113631,0,0.36326328534802055
113633,0,0.23285560464646587
113636,0,0.1547039584799042
113637,0,0.06854913217305564
113638,0,0.09217747420022512
113639,0,0.45192487455594144
113642,0,0.48638515286041695
113644,0,0.07590739608639557
113646,1,0.6282760120331883
113647,0,0.3318680356224094
113648,0,0.429429648959177
113649,0,0.7938658585551165
113651,0,0.6576580616871702
113652,0,0.21775343901749283
113658,0,0.14574847495650006
113660,1,0.24226900322049566
113661,0,0.054201811150793054
113663,0,0.15107651669701821
113664,0,0.7588095104776127
113666,1,0.5988942152953798
113668,1,0.6350973919258671
113669,1,0.4564433263502778
113672,0,0.7070799787375127
113673,0,0.08453852354921165
113674,0,0.49179332993973535
113676,0,0.0421957993309619
113677,0,0.03963067019415965
113678,0,0.2023431318949902
113680,0,0.1250997284638408
113681,0,0.4418118028222482
113683,0,0.49686778508667934
113684,0,0.652282733322739
113687,0,0.18735957761267244
113690,0,0.047172642901544104
113692,0,0.0475867327489887
113695,1,0.4033992310809945
113696,0,0.1973569913808989
113699,0,0.3225301358109961
113701,0,0.3623593847526802
113702,0,0.3484461164081491
113704,1,0.678847941998117
113706,0,0.32249043516332165
113707,0,0.3213184817815601
113708,0,0.04441588213884367
113709,0,0.2190395785346281
113714,0,0.21212919587771434
113715,1,0.52213553890684
113716,0,0.1274275440146741
113717,0,0.24570345575260832
113723,0,0.14088977501940692
113727,0,0.11201768096623355
113730,0,0.3806888910359171
113731,0,0.09166595191297329
113733,0,0.4974901561764832
113734,1,0.511694164870012
113735,0,0.4766047094937562
113737,0,0.48863321715443214
113738,0,0.270966885570851
113742,0,0.06433191018148912
113746,0,0.21331658652279292
113747,0,0.6305323669026306
113750,1,0.7515298652954303
113751,0,0.4927658590001127
113754,0,0.1186050040584152
113757,0,0.10849463845178497
113761,0,0.072399920909039
113762,0,0.2594600442119662
113763,0,0.3043397343381605
113766,0,0.2600085893104159
113767,0,0.4048624864107775
113768,0,0.2880147389815804
113769,0,0.15839025916742824
113770,1,0.6726783209303985
113773,1,0.7090582941890833
113775,0,0.203702503379195
113777,0,0.29910166111989955
113779,0,0.15624751317985655
113781,0,0.23569766233801062
113785,0,0.2670895872741594
113787,1,0.5305258402126916
113788,0,0.1639546205295998
113791,0,0.06024896824909123
113792,0,0.15393707017662975
113794,0,0.07068010405346944
113799,0,0.29565189591441027
113801,0,0.5243885772762955
113803,0,0.31569801445669093
113807,0,0.12381927983629011
113808,0,0.3121124826557104
113810,0,0.3131009121231639
113812,0,0.08893004013999543
113813,0,0.1859322590096121
113815,0,0.22616796730740446
113816,1,0.6169913403281037
113817,0,0.34049686347990943
113819,0,0.2857328443470403
113820,0,0.4154337495983156
113822,0,0.15547244895502874
113824,1,0.190379648661478
113825,0,0.189904503034297
113826,0,0.625555761056521
113827,0,0.4040744584260887
113828,0,0.07344708594281543
113831,0,0.4572807327771199
113834,0,0.1513729321790735
113838,0,0.23025276801238742
113839,1,0.29792817363031243
113840,0,0.463993888277728
113841,0,0.3855178022424817
113843,1,0.3459170483570285
113844,0,0.412217026185004
113846,0,0.1938159455772207
113847,0,0.22752403131138724
113849,0,0.06299794751766233
113851,1,0.6940214824559321
113852,1,0.605523085935229
113854,0,0.539221853225291
113856,0,0.7239660999181458
113857,1,0.34989619838159974
113859,0,0.3419341734776813
113860,0,0.1560245037525202
113862,0,0.2930236176110905
113863,0,0.2605828741087642
113865,0,0.27569591872082744
113866,0,0.16933242969482598
113868,1,0.8331270177168536
113869,0,0.27874425657113894
113870,0,0.5028793055845276
113871,0,0.49522867378817503
113872,0,0.6335082685806404
113874,0,0.2734243652914598
113881,0,0.45291309695095644
113888,0,0.2759444960240329
113889,0,0.7704174618926698
113891,0,0.04672232344879062
113893,1,0.5062757190437901
113894,0,0.22992603852118573
113895,0,0.6556027388156023
113897,0,0.20419232412965962
113898,1,0.5494215714695269
113899,0,0.3398968678420971
113900,0,0.30465671191768995
113903,0,0.17715980075242424
113904,1,0.6303072649053486
113906,0,0.14091530895397256
113907,0,0.3228021328120403
113910,0,0.2401288036729982
113912,0,0.684216916731011
113914,0,0.07322774181521559
113915,0,0.5450289628961047
113917,0,0.25754284356354523
113921,0,0.3165167995763044
113922,0,0.4707468510022931
113925,0,0.10275590480197763
113926,0,0.5939877656300412
113928,0,0.05998940831971576
113930,0,0.1436607928444258
113934,0,0.29190178113951337
113936,0,0.5707663081102692
113938,1,0.35829717583427173
113943,0,0.4121438582423493
113944,0,0.5934404718203845
113945,0,0.42921157479782446
113946,0,0.3610378102633444
113947,0,0.10007711391608251
113951,0,0.3702850248458483
113953,0,0.12865755567618523
113954,0,0.38419391214043797
113957,0,0.23031800458301585
113958,0,0.3954384785297341
113965,0,0.3791365741053883
113967,0,0.27031135902871545
113968,0,0.25146190134463436
113971,0,0.3926217680745722
113972,0,0.31017606887846066
113973,0,0.5743552369078527
113976,0,0.47489376053191307
113977,0,0.2117974271300686
113978,0,0.37220345172493297
113979,0,0.11816412592325971
113980,0,0.24314615031940354
113982,0,0.5430279039052694
113983,0,0.2083808749953751
113986,0,0.666374476467608
113987,0,0.15914240694537501
113992,1,0.7724888027827618
113994,0,0.1647847368845186
113998,0,0.24996798723379934
114001,0,0.20109142899392926
114005,0,0.13437335299428743
114008,1,0.4465975188531627
114015,0,0.395468304614346
114017,0,0.5774556079422946
114019,0,0.21994561367318255
114021,0,0.4457676259692648
114023,1,0.8266012022522018
114027,0,0.3960062763800675
114028,0,0.38116253668569444
114030,0,0.059788183643159534
114032,0,0.3985245320872833
114034,0,0.6663034481481424
114035,0,0.2992503631574229
114036,0,0.5178441745854752
114037,0,0.15920105314729102
114038,0,0.45387873788393085
114039,0,0.6220912064066608
114040,0,0.7402715233637259
114042,1,0.47797483742324093
114043,0,0.5940605446053387
114045,0,0.6015436742826783
114046,0,0.25377955737527425
114048,0,0.07308869211135782
114049,0,0.6764853907093221
114052,0,0.23172310535678148
114053,0,0.18032321477565297
114054,0,0.6680132409969962
114056,0,0.2352694005585605
114057,0,0.2200782424038717
114058,0,0.56044398459262
114059,0,0.3169102504130846
114060,0,0.2130330738769847
114062,0,0.32688764561397554
114067,0,0.3039685010316364
114068,0,0.0583301005021795
114069,0,0.41180422497717933
114071,0,0.4553635407111617
114074,0,0.23740045577531793
114075,0,0.056342532608958405
114078,0,0.055376078636960924
114081,0,0.8498566573435606
114082,0,0.21722277003281293
114083,0,0.42443131410453355
114087,0,0.36901914354663956
114092,0,0.16024093564620207
114093,0,0.1996832414455199
114096,0,0.38086679063518347
114098,0,0.23307169643465625
114101,0,0.2416777931100417
114103,0,0.25959104019583334
114105,0,0.4480236377502781
114106,0,0.5064284176948186
114108,0,0.19166583881331603
114110,0,0.21384750364994173
114111,0,0.43868842764155813
114112,0,0.12359208528538865
114114,0,0.30800515974039233
114116,0,0.13528760708504584
114117,0,0.15322116958020507
114118,0,0.7511933759986146
114122,0,0.32229191905808935
114123,0,0.30510338437545453
114124,0,0.18971963428375282
114125,0,0.43882519503697626
114128,0,0.5453134129139373
114130,0,0.2526771789525143
114133,0,0.47939699562891197
114135,0,0.06414271158828141
114136,0,0.26259901319302115
114141,0,0.21720009148605673
114143,0,0.23685298052074932
114145,0,0.22636043412007387
114147,0,0.1374194041979772
114148,0,0.6060287897245276
114153,0,0.22199617983310524
114157,0,0.16206585113281352
114159,0,0.2946901660905006
114161,0,0.6552642204160779
114162,0,0.6777690663000216
114163,0,0.3149009304528014
114165,0,0.3762810610648171
114167,0,0.06297745118116016
114168,0,0.5878024516730247
114169,0,0.24534494146194538
114172,0,0.4539973464053565
114173,0,0.3191157110681483
114178,0,0.31107062121974227
114179,0,0.7981563462616885
114181,0,0.6619107839868464
114182,0,0.41740122522278095
114183,0,0.04538020206856954
114184,1,0.28684937934838584
114185,0,0.20011575025699244
114186,0,0.30747364247445796
114188,0,0.17204620521570843
114189,0,0.5305486419120145
114194,0,0.3564132060553608
114195,0,0.07255390121996175
114196,0,0.266809816353281
114199,0,0.23836510948720538
114203,0,0.20212382480727542
114211,0,0.11713115115535837
114212,0,0.16577334444604866
114213,0,0.5246258606830281
114219,1,0.17589326566370306
114220,0,0.1399102274245788
114222,0,0.06585752040515858
114227,0,0.058728744731303614
114228,1,0.27839101498718954
114229,1,0.6456862206329435
114231,0,0.20103569234314356
114235,1,0.7377484254720255
114236,0,0.6063475138311947
114237,0,0.2958650525076031
114239,0,0.4467663290059951
114240,0,0.34920711292195994
114243,0,0.3594926985322687
114244,0,0.19810955539642522
114246,0,0.12612948405839491
114247,0,0.44198813855186475
114248,0,0.43596362279500755
114251,0,0.5917415800718271
114254,0,0.2185856264351874
114257,0,0.21324859179947359
114259,0,0.2651425984888287
114260,0,0.1375282856488187
114261,0,0.5606481846671996
114268,0,0.4846825284437134
114269,0,0.40644628283890294
114272,0,0.14656039859171738
114273,0,0.27560518739994505
114274,0,0.4680876654995513
114276,0,0.1824521109364111
114279,1,0.44262178755909004
114280,1,0.4961300745933458
114287,0,0.10750786704276602
114291,1,0.2762886718493712
114293,0,0.42008003510973885
114294,0,0.31533392259067533
114297,0,0.4026423903011283
114298,0,0.21951322026639772
114299,0,0.5846122562098135
114300,0,0.36088409649271286
114303,0,0.12416156065045696
114305,1,0.5110015519522811
114306,0,0.18986657537206378
114307,0,0.36341506823130154
114311,0,0.40730366882602465
114312,0,0.08682013354362308
114314,0,0.5816638687159543
114319,0,0.06687917196919844
114320,0,0.6331089719435073
114323,0,0.26251107217889513
114324,0,0.31922286934824484
114327,0,0.3612442314465754
114329,0,0.22875943280371872
114331,0,0.20808685397705157
114332,0,0.3601345364818344
114333,0,0.11296819317899542
114334,0,0.14648631216675595
114336,0,0.34505527669505637
114337,0,0.45247369628255363
114338,0,0.09216267141794279
114339,0,0.13434357466653268
114340,0,0.4937699764769377
114342,0,0.08958007999129045
114343,0,0.15685515773717126
114345,0,0.22684512488308256
114346,0,0.2600247472103687
114349,0,0.2251110551482161
114351,0,0.6401706886276372
114352,0,0.16103934539419357
114353,0,0.31177512177200917
114354,0,0.32982043958639545
114355,0,0.11116400239272899
114357,0,0.23794911977818858
114361,0,0.5755712370252575
114363,0,0.5081574187789278
114364,0,0.2988488827207718
114366,0,0.33195344677291266
114369,0,0.772545116544866
114371,0,0.44825734559664554
114372,0,0.19458562340950772
114374,0,0.10307345227659163
114375,0,0.7328670767279544
114376,0,0.13241324384279235
114377,0,0.06626387519592557
114379,0,0.10571398355193266
114380,0,0.29109931230156977
114383,0,0.5993458193513149
114386,0,0.5687260776046194
114387,0,0.15861216218908739
114388,0,0.11915418534003738
114389,1,0.6481088307754403
114393,0,0.20715903801631227
114396,0,0.2158179230965025
114403,1,0.6656724174823349
114404,0,0.32116097581353387
114405,0,0.11369200286695473
114406,0,0.7040561285870042
114407,0,0.46473825878736913
114409,0,0.20169912526506945
114410,1,0.5035032117759235
114412,0,0.08129680016429522
114413,0,0.19638124195914436
114414,0,0.4295693336084777
114415,0,0.23710507485915994
114417,0,0.6737316019746679
114419,1,0.5137536719415886
114420,0,0.21775759040213366
114422,1,0.6284569020205126
114423,0,0.4718434672128723
114425,1,0.3318668089242575
114427,0,0.36898307205185105
114430,0,0.05184751485275605
114431,0,0.264934690849915
114438,0,0.23466775331611628
114444,0,0.629337480274214
114445,0,0.3642427278854372
114446,1,0.24101839993598215
114448,0,0.06732096210093962
114449,0,0.2650767298361631
114450,0,0.6868396522775325
114452,0,0.232666785468649
114453,0,0.1290831771942114
114456,1,0.5675774247360333
114458,0,0.14773616553325758
114461,0,0.5526960624195352
114462,0,0.5670671017504518
114463,0,0.6142985301582055
114466,0,0.13849393389344902
114467,0,0.16113635138858626
114470,0,0.17608696767324333
114472,1,0.4663141428108733
114473,0,0.22433516744217577
114475,0,0.22420135904845875
114478,0,0.09198918547999194
114481,0,0.312743026556101
114483,0,0.5779023701047652
114486,0,0.4871447208421863
114487,0,0.49343934761860464
114490,0,0.3532286181564186
114491,0,0.5532452973567543
114493,0,0.37767723683055043
114497,1,0.51335829700679
114498,0,0.16368434761099765
114499,0,0.3988739464887208
114500,0,0.34877051871742826
114505,0,0.05608202457178081
114507,0,0.46641153871633206
114510,0,0.47256926199442956
114512,0,0.21771296478417934
114514,0,0.26709342324132607
114515,0,0.5395275214451041
114517,0,0.35180645607807304
114519,0,0.2919383123153885
114520,0,0.4966239205425477
114521,0,0.10607893859370965
114523,0,0.09806500312966923
114527,0,0.19073575428143924
114529,0,0.4941693198984976
114530,0,0.14411305952514733
114532,1,0.5646873331819948
114533,0,0.08626863628987355
114534,0,0.750263980691817
114535,0,0.37083579821430107
114536,0,0.06715934477579695
114538,0,0.0643959673831542
114539,0,0.24770474243291654
114540,0,0.8223556731695476
114542,0,0.09197277478317234
114543,0,0.23216605046671882
114545,0,0.6558475335708687
114547,0,0.6151396225808953
114548,0,0.38148202217131527
114554,0,0.6888382806773887
114555,0,0.06838707802904274
114557,0,0.13116020000802786
114559,0,0.046612954906966826
114560,0,0.23116605426387324
114573,0,0.25771494300542547
114576,0,0.07321756853834208
114578,0,0.136236727699812
114579,0,0.5550135882494918
114585,0,0.5137007495346462
114586,0,0.6812512286864238
114589,0,0.5869243393375421
114594,0,0.13773471008897015
114595,0,0.17655943723390297
114602,0,0.07616791016999527
114607,0,0.18444355891354208
114608,0,0.47965986591235665
114610,0,0.23783435105458514
114611,0,0.18307812259680345
114612,0,0.08516430263069502
114614,0,0.592327207456436
114615,0,0.0927448893965527
114616,0,0.4095614309519185
114619,0,0.31124403538949497
114620,0,0.3097237490757443
114621,0,0.20324229284267795
114622,0,0.44593794154438904
114624,0,0.4384419527640245
114631,0,0.07313388523743726
114632,0,0.8441631798760948
114633,0,0.11626111227858134
114637,1,0.684097110384022
114638,1,0.714256441588848
114641,0,0.06961025731005026
114643,0,0.21113346897792956
114645,0,0.2662119327738597
114646,0,0.3837375043141546
114647,0,0.4760024923891029
114650,0,0.5112072944532621
114651,0,0.5966044120659129
114652,0,0.2753998303487342
114653,0,0.43230746922183083
114657,0,0.29147759297979425
114658,0,0.37292929243641537
114659,0,0.10816737114056311
114660,0,0.08323431057612338
114661,1,0.4885207216287566
114663,0,0.3791378730490319
114664,0,0.30747946739403176
114671,0,0.35904377052406844
114672,0,0.12914581063477382
114673,0,0.3954002776860135
114677,0,0.6490950629550849
114680,0,0.502868110469409
114681,0,0.6439497674914956
114682,0,0.25270231613319905
114686,0,0.5556322523040949
114687,0,0.30263045015344026
114688,0,0.045132934231827904
114690,0,0.06321492847755479
114692,0,0.6575169819834814
114693,1,0.5642291726797464
114695,0,0.0386093180760269
114698,0,0.40203293142771984
114699,0,0.41967943674077446
114700,0,0.40843674384219764
114701,0,0.1555131390824207
114703,0,0.43599893765447195
114705,0,0.34728932159668746
114707,0,0.4230935825506366
114708,0,0.47067661468847233
114709,0,0.05268689743197082
114712,1,0.8659527823413136
114718,0,0.12474429722881109
114723,0,0.05072293635117707
114724,0,0.3478251548938557
114728,0,0.1472795966449136
114729,0,0.2067851938190711
114731,0,0.27090712966020103
114734,1,0.6710281393652477
114735,0,0.5486984890791413
114738,0,0.4213095376632433
114739,0,0.5960577303696493
114740,0,0.5274727520391054
114741,1,0.760666643396468
114744,0,0.2057296485578184
114745,0,0.5617407902863776
114746,0,0.15114233657677578
114747,0,0.11915407297601552
114756,0,0.13458577450493356
114757,0,0.42969315580579803
114759,0,0.05033751040977504
114762,0,0.12745481242155784
114765,0,0.39796580796829306
114769,0,0.1679375005762092
114772,0,0.07147740782315846
114774,0,0.3378941005429621
114775,0,0.06936977650887936
114782,0,0.1332851132645585
114785,1,0.5624597291666877
114789,0,0.658314297568607
114790,0,0.6666853705007403
114791,0,0.8489372181035414
114793,0,0.1955236224997637
114795,1,0.3928187253500914
114797,0,0.4122535708074806
114798,0,0.14239909176163584
114799,0,0.6066082014547796
114801,1,0.7075425455856689
114802,0,0.4191084500594247
114803,0,0.08814281432939788
114806,0,0.05404364722602738
114807,0,0.21731541624608672
114808,0,0.07764942466017308
114809,0,0.048448228243952986
114811,0,0.2867291083792195
114818,0,0.2652010101893596
114819,0,0.0870745214236067
114821,0,0.33417323594062576
114822,0,0.7410604166427658
114825,0,0.2150076692694149
114826,0,0.34165643100625737
114828,0,0.4241944217186403
114831,0,0.7068947284869148
114834,0,0.23883575468431967
114835,0,0.1915622196176951
114838,0,0.5233285344745244
114841,0,0.6515829230214484
114842,0,0.27672517220628695
114843,0,0.5544471380582889
114846,0,0.5947277128926862
114848,0,0.12737136750837577
114849,0,0.5943754928437308
114850,0,0.26609463719596105
114851,0,0.11061693595382563
114852,0,0.3107152671178701
114853,0,0.6788298872020626
114859,0,0.5585495244060975
114861,0,0.39613229606486466
114862,1,0.6165865431264106
114863,0,0.43722544478398395
114864,0,0.38787730957482164
114865,0,0.23099387081589776
114868,0,0.07692097654054517
114870,0,0.1649849470359845
114871,0,0.5603010231289397
114872,0,0.25901395885846773
114877,0,0.35089274873983534
114879,0,0.34349808513167124
114883,0,0.25642253907982515
114886,0,0.22001268530253296
114889,0,0.5127616097721956
114890,0,0.10352807034887816
114893,0,0.2822792116347899
114894,0,0.24676727514431276
114895,0,0.2331750902688559
114897,0,0.39538979600648927
114898,0,0.47035795096024174
114901,0,0.17295181957097006
114902,0,0.5294485370701365
114903,0,0.5028713711351328
114905,0,0.2052425503340432
114906,0,0.10431832320401187
114907,0,0.57942497260808
114908,1,0.7643567791673872
114910,0,0.09200660390637624
114911,0,0.08410433331394351
114912,0,0.13063687462421178
114913,0,0.28664977274084164
114915,0,0.12996531401724837
114916,0,0.17017189024886936
114917,0,0.3402452059351104
114919,0,0.7048307698079304
114922,0,0.5674077014456012
114924,0,0.35267698830825356
114925,0,0.20779579134511975
114926,1,0.3413537474964994
114927,0,0.19399586452599438
114928,0,0.19562003908818149
114929,0,0.12311344849810088
114931,0,0.19918497334490795
114932,0,0.09292853530464398
114933,0,0.1539791125692708
114934,0,0.28597838495326383
114935,0,0.14190635511429087
114937,1,0.6461679025618372
114940,0,0.17644825322888302
114941,1,0.7512314281625277
114942,0,0.22683673873306728
114943,0,0.6409461759594797
114944,0,0.7568606526372934
114953,0,0.1261049185100213
114954,0,0.05174980680505296
114955,0,0.6933860097109508
114958,1,0.7875912047541365
114961,0,0.2638200241983304
114962,0,0.7280635908801927
114963,0,0.5201395490676227
114965,0,0.28289076224452403
114966,0,0.14502997765484457
114968,0,0.22755760925002777
114970,0,0.5304211392557929
114973,0,0.3595873666503482
114978,0,0.09095150360456558
114979,0,0.5669328225996795
114982,0,0.6950048618243153
114984,0,0.1286643136938532
114985,1,0.43949761344137067
114986,1,0.773369986957376
114988,0,0.2866359871476106
114989,0,0.5608598083748333
114993,0,0.5968258051369625
114994,0,0.19940526679450582
114995,0,0.24273685993421484
114996,0,0.2764240512580063
114997,0,0.13500630004307276
114998,1,0.37798435154093313
115003,0,0.21040273131931203
115004,0,0.0647726661826081
115005,0,0.26968142008761176
115006,0,0.13227615261049755
115007,0,0.4141671414184791
115012,0,0.4426909338427006
115013,0,0.14755181206727308
115015,0,0.3939848752407773
115018,0,0.41061793723280315
115021,0,0.5940511431177102
115023,0,0.19159371120145605
115028,0,0.4933810959284637
115030,0,0.28081690608319787
115034,0,0.3179556661683637
115035,0,0.31863925340246546
115036,0,0.13273889248826018
115037,0,0.13099589815885734
115042,0,0.7315294028809135
115044,0,0.12903633543598783
115045,0,0.207807588252433
115046,0,0.5042061967399052
115047,0,0.1828939304138611
115051,0,0.5622839513247542
115052,0,0.23658671685820795
115053,0,0.07366890527951861
115055,0,0.04329360479825063
115056,0,0.1751122851369963
115057,0,0.6832783304359202
115058,0,0.4308606478023985
115060,0,0.6759535945471582
115063,0,0.577393187244658
115065,0,0.07160321863667944
115066,0,0.46713365359276116
115069,0,0.04723176224866079
115070,0,0.12197575852938639
115074,0,0.49134394354800515
115077,0,0.31604928869395726
115081,0,0.3117254928193177
115082,0,0.16626763601481334
115083,0,0.19768836329361153
115085,0,0.39945902030680897
115088,0,0.05938847946143211
115089,0,0.2611891313972053
115090,1,0.5939642138644189
115091,0,0.42625100279154104
115094,0,0.2560560726746178
115095,0,0.38570875682398464
115096,1,0.6075444066683622
115097,0,0.19477648936863926
115099,0,0.10021967505953203
115100,0,0.601089755045954
115110,1,0.18427832911990236
115120,1,0.792657479526309
115122,0,0.08760606451815663
115123,0,0.2909493780486892
115126,0,0.35210481457580733
115127,0,0.3605206666942177
115129,0,0.44575054681944365
115130,0,0.045518331365975405
115133,0,0.22973345490490962
115138,0,0.7169946646293468
115140,0,0.3426366295093395
115141,0,0.16095311978822438
115142,0,0.4595877081804902
115143,0,0.6639316088089535
115144,0,0.1877122602956091
115146,0,0.6200077622555502
115147,0,0.19712327506188362
115150,0,0.18256276569838412
115151,1,0.8774423479472503
115154,0,0.44313887013273695
115155,0,0.05560992385554177
115156,0,0.22701625516847762
115159,0,0.5297686231729457
115160,1,0.39785440232380187
115161,0,0.3436588793794755
115164,1,0.6461651847464347
115171,0,0.5700593047159159
115173,0,0.4805141828070273
115181,0,0.22102784027528774
115185,0,0.3996334058825358
115186,0,0.04956264636405775
115187,0,0.40982457712789644
115188,0,0.1641426563493233
115189,0,0.41481837785008346
115190,0,0.5828680412028332
115191,0,0.047268607568730435
115192,0,0.4315278891524443
115193,0,0.1815444600949185
115201,0,0.28802515895366565
115202,0,0.36915089292970354
115203,0,0.47841985230149453
115205,0,0.1067360412004418
115206,0,0.4100279932657626
115210,0,0.6701448113478143
115212,0,0.4153122816952538
115213,0,0.30823056306893337
115215,0,0.4366124267960026
115217,0,0.4155232075403342
115218,0,0.42412974076270527
115219,0,0.12439977893297868
115220,0,0.21802021351599174
115225,0,0.3687492825048056
115226,0,0.47434035533216506
115229,0,0.16477424660254997
115230,0,0.18158064224318435
115231,0,0.595797004553674
115232,1,0.5006736721162056
115235,0,0.11772844032194144
115236,0,0.5142278442959227
115238,0,0.1907406347041972
115240,0,0.4146234145490578
115242,1,0.8092159982458845
115243,0,0.3059092265078525
115244,0,0.11769896183665876
115245,0,0.05181689589951305
115247,0,0.4496446893711772
115249,0,0.5027861980999875
115250,0,0.1887627470423863
115253,0,0.5689722153432701
115254,0,0.43844106788432435
115255,0,0.13358654430390984
115257,0,0.05425950988104418
115258,0,0.06751010246398621
115260,0,0.12313229772835563
115261,0,0.3038046783321101
115262,1,0.35461021714462193
115263,0,0.4327672430032693
115266,0,0.3616160862550807
115269,0,0.37278368338633205
115270,0,0.2330843000438901
115273,0,0.557085607400247
115276,0,0.09308727711953098
115279,1,0.7756518971223635
115280,0,0.09154075880944448
115281,0,0.561267671082011
115283,0,0.20247290460153405
115284,0,0.12800605284754196
115287,0,0.4594890289559377
115288,1,0.7525332795801081
115289,0,0.04264831109703046
115290,0,0.2048445983992928
115292,0,0.5400083677136839
115294,0,0.06861726725112764
115295,0,0.569327119137877
115299,0,0.10734714382908028
115300,0,0.17114649692673436
115304,0,0.3731203617530155
115305,0,0.4050319525064127
115307,0,0.10692406731464581
115308,0,0.2266120201726399
115309,0,0.4964621278762712
115310,0,0.2682863899055449
115316,0,0.222039237336748
115317,0,0.1665944044021063
115323,0,0.05861546567688434
115325,0,0.0987614763095648
115326,0,0.17738527111289287
115328,0,0.28105514260174447
115331,0,0.4120610347090813
115332,0,0.17118019064889106
115333,0,0.19813000056954044
115334,0,0.27574122516412053
115335,0,0.13725028394359806
115337,0,0.4437734707939101
115338,0,0.14664038278876101
115342,0,0.1610802661041978
115346,0,0.15722629835256738
115350,0,0.16299483187444924
115355,0,0.1839652380388146
115358,0,0.3996852863007404
115359,0,0.07548412480407861
115362,0,0.2229708304638153
115363,0,0.12560690538577662
115365,0,0.06892701430923467
115371,0,0.2711217797059289
115374,0,0.07879173666353723
115375,0,0.11325798432142034
115376,0,0.3840295614071928
115379,0,0.5755469070183805
115380,0,0.2912373296413867
115382,0,0.20666960935451603
115383,0,0.5253082115470712
115386,0,0.7256081310807232
115387,0,0.21962850022121883
115390,0,0.06916408589435918
115393,0,0.30460477979862366
115394,0,0.5419080448989481
115395,1,0.4698856902345767
115396,0,0.522921809375394
115398,0,0.6196521497954077
115401,1,0.16071052464786859
115402,0,0.34124145243295556
115406,0,0.04807282070453115
115407,0,0.39896634637269934
115409,0,0.6370720425341723
115410,0,0.04055281639938829
115411,0,0.1560768670977027
115416,0,0.3502438654293054
115417,1,0.7441615226264583
115418,0,0.1311579882476012
115421,0,0.2652290519763284
115423,0,0.11451247507661437
115426,0,0.33127076000187394
115428,0,0.4004934978567027
115432,0,0.16294673902528176
115435,0,0.18443120587779746
115437,0,0.46430093473145784
115438,0,0.1460259237630574
115440,0,0.6347217506134998
115441,0,0.19602951036102417
115442,0,0.28127501000732497
115443,0,0.3546298704498218
115444,0,0.5536733292358862
115445,0,0.5361474820972942
115446,0,0.3683540287905241
115447,0,0.134350393939194
115450,0,0.09631506331649442
115455,0,0.0615458369207337
115458,0,0.38269879817668784
115459,0,0.42866433654751573
115465,0,0.2916142630321741
115466,0,0.22583491548791707
115467,0,0.11282088764290435
115469,1,0.7613737177612508
115470,0,0.23717589584531087
115471,0,0.05865415182971816
115472,0,0.22015633308965082
115474,0,0.24637848785026253
115478,0,0.5245482216987187
115479,0,0.16459977573185366
115480,1,0.8220447801074465
115485,0,0.2677391973382163
115487,0,0.1653880214088141
115489,0,0.5133768005955052
115490,0,0.38576325941122597
115493,0,0.4105528653808365
115494,0,0.5989944366091132
115495,1,0.5338992352541692
115498,0,0.37037096759032
115499,0,0.04647690969808062
115501,0,0.29843548631821326
115503,0,0.6195219119850847
115504,0,0.6853838185239719
115506,0,0.2037512323511484
115509,0,0.18820770637644596
115510,0,0.0741461625943893
115511,0,0.3276928928701153
115512,0,0.1356336350941328
115514,0,0.2551948736470481
115518,0,0.3514680071727835
115520,0,0.05381276203481318
115521,0,0.24239902754403056
115524,0,0.2914388941766934
115526,0,0.5317215196562355
115530,0,0.13969215756544331
115531,0,0.8066304965083937
115532,1,0.8044193711261804
115538,0,0.3253362148650605
115539,0,0.4866043330943146
115542,1,0.34092195522363766
115544,0,0.051251743092352364
115545,0,0.07606710799520408
115546,0,0.38209924270927464
115547,1,0.6922906125819586
115550,0,0.20222146410476674
115551,0,0.095571504746206
115558,0,0.40444546642693935
115560,1,0.4607119003896353
115563,0,0.05239902598341926
115569,0,0.5789238721882597
115573,1,0.6134020312215536
115574,0,0.17434808856274345
115575,0,0.49164841147210625
115577,0,0.2816007510527056
115578,0,0.07056764574949173
115579,1,0.6270150211102022
115580,0,0.4620772177801456
115581,0,0.5174436576348352
115583,0,0.6732564928592033
115584,0,0.11005449012806127
115585,0,0.5706805223667301
115586,0,0.14181210851568404
115587,0,0.20012081964334869
115588,0,0.2553853606223768
115590,0,0.189304777136452
115591,0,0.23141170424439178
115592,0,0.2728416353831779
115596,0,0.1511359124059483
115598,0,0.25159776323788546
115599,0,0.1876561279335402
115600,0,0.5883826722260548
115601,0,0.10316960901728664
115603,0,0.2102495024805015
115604,0,0.5213302497432203
115605,0,0.7568850092741115
115608,0,0.1521172077164225
115609,0,0.06824342640598133
115611,0,0.4391075507965918
115613,0,0.3823622111867489
115614,0,0.043793657203406146
115615,0,0.09995779815697052
115617,1,0.3121162098680932
115621,0,0.13224180458100696
115624,0,0.3547665806654914
115629,0,0.32215820645795146
115632,0,0.8670772398475928
115634,0,0.20431132255881593
115636,0,0.23715488242134683
115639,0,0.40348963137406313
115643,0,0.257057155363312
115644,1,0.5263805676214074
115645,0,0.0498881680525745
115646,0,0.660490473374783
115647,0,0.488271676927984
115649,1,0.5310525808511486
115651,0,0.18211217327166135
115656,0,0.5732074914442284
115657,0,0.4880778090946146
115661,0,0.4307759667557468
115662,0,0.2242142500902334
115663,0,0.3030400159471971
115666,1,0.8159598043868858
115668,1,0.594631016662219
115669,1,0.6937947297660431
115670,0,0.43298055085970716
115671,0,0.3073537083471149
115673,0,0.053069852629383976
115674,0,0.7419013881403145
115676,0,0.32811615933874216
115677,0,0.14012070114911324
115678,0,0.31849984946134074
115680,0,0.28246637096860994
115683,0,0.11762971851644262
115686,1,0.7704878377242048
115687,0,0.10909117858247326
115692,0,0.32464409735095046
115698,0,0.3281255749239217
115701,0,0.29366026564791187
115705,0,0.253272660893389
115710,0,0.3529304992189547
115711,0,0.25079755892206823
115714,0,0.41407476487391576
115715,0,0.3813321254741836
115724,0,0.1846842241481397
115727,0,0.7269318015908726
115728,0,0.040861249702808675
115731,0,0.15632120867378918
115732,0,0.6781927302662891
115736,0,0.4769097266358676
115739,0,0.5479076610276669
115740,0,0.5287146906948464
115741,0,0.15014106052381707
115743,0,0.20086410459089016
115744,0,0.433483990514486
115746,1,0.4373067573946504
115747,0,0.3823280857985144
115749,1,0.406736274370053
115750,0,0.11386095610512108
115751,0,0.4160532842499919
115752,0,0.35479257374528655
115754,0,0.25788448747755854
115756,0,0.1928875792280447
115757,0,0.504331593397559
115759,0,0.14991823448209582
115764,0,0.09137484422496085
115766,0,0.13954139184751013
115767,0,0.20335613223329316
115770,0,0.47121246015335166
115772,0,0.11759219735372166
115776,0,0.1570604241412612
115780,0,0.07152219512537757
115782,0,0.22637407823691857
115785,0,0.06024246016169883
115788,0,0.17385185437389922
115791,0,0.25847431704548124
115792,0,0.12475941401322659
115793,0,0.4347371207026753
115796,0,0.447291405024324
115800,0,0.5034450442396958
115801,0,0.16746747500331383
115802,0,0.3243099800425965
115803,0,0.2917801896549058
115804,0,0.2707412776984482
115805,0,0.21805461987900313
115806,0,0.08147950303939462
115807,0,0.4712815773723239
115808,0,0.466197627174456
115809,0,0.5455001834672996
115813,0,0.25290862001804365
115814,1,0.18359214178930058
115815,0,0.472955982086983
115816,0,0.5035927139505738
115818,0,0.47843721899621505
115820,0,0.31067005295261085
115822,0,0.30456175242445743
115827,0,0.4173390980369339
115829,0,0.13002027376841047
115831,0,0.11869262103373979
115833,0,0.2019956133581297
115834,1,0.634537701876188
115842,0,0.6003162598242995
115843,0,0.3431223372608565
115844,0,0.23747219896945246
115846,0,0.4451475134666952
115848,0,0.4799751561475021
115850,0,0.7973853385234071
115851,0,0.17414105688713377
115853,0,0.1132841893544037
115854,0,0.1550789413123757
115856,0,0.5198313947203195
115858,0,0.6900410947249053
115859,0,0.3136550765625957
115860,0,0.19973588090001693
115861,0,0.4833589747507142
115862,0,0.1392916474976608
115864,0,0.16947883995753935
115867,0,0.5475697927839371
115868,0,0.4338422016128714
115874,0,0.4877861497878417
115875,0,0.6387197021822649
115876,0,0.6492303077283232
115878,0,0.07871905209859999
115879,0,0.16775447886014655
115880,0,0.1277076605143548
115882,0,0.17225274576554514
115883,0,0.1602603156342405
115885,0,0.6865734833618727
115886,0,0.1925712753570613
115887,0,0.3368834549586458
115888,0,0.3347517208351378
115889,0,0.38458013802553215
115891,0,0.30942274710155615
115895,0,0.5254661746770969
115898,0,0.47580072446391464
115904,0,0.2897758826688001
115907,0,0.2852016270441927
115908,0,0.2809159438556894
115909,0,0.730654628583959
115912,0,0.20916575956582123
115913,0,0.14972522586159012
115914,0,0.4491812886941894
115915,0,0.10100078854260042
115917,1,0.3219158876983661
115923,0,0.16057687958471667
115926,0,0.6580244015853732
115928,0,0.3574531112936665
115929,0,0.06836593204557836
115934,0,0.20191995117454925
115935,1,0.8143588112099994
115936,0,0.29292903257202063
115939,0,0.7528874025771962
115942,0,0.6128370893413544
115943,0,0.26694919130824724
115950,0,0.5018785973533506
115951,0,0.09556465514833026
115953,1,0.8983343630380242
115955,1,0.7387218086172018
115957,0,0.23663429508162165
115958,0,0.5123677135659384
115959,0,0.17343086175129246
115961,0,0.6418726192423355
115963,0,0.34020298870318805
115965,0,0.37637239548456103
115968,0,0.22923715186607238
115969,0,0.7088724737839931
115972,0,0.6121379174857179
115976,0,0.07960856629049584
115978,0,0.39772671221193817
115983,0,0.25859180591908343
115985,1,0.4812181163628136
115986,0,0.6552660732143576
115988,0,0.456724843582199
115989,0,0.2538285013849262
115990,0,0.12485934944561361
115993,0,0.4042916880626235
115994,0,0.3916253320371251
115995,1,0.7166241397649951
115996,0,0.7864513982817867
115998,0,0.06764013490920541
115999,0,0.26525239760330077
116000,0,0.2780251436720854
116001,0,0.1885932157977383
116002,0,0.13331677778857393
116003,0,0.06553583998103633
116004,0,0.10504366468819584
116005,1,0.5572507843412167
116008,1,0.4898203304555544
116009,0,0.3244269348055965
116010,1,0.5397709984026349
116012,0,0.3974122244049287
116013,0,0.6901899882414709
116014,0,0.09369674719032355
116018,0,0.43631557267074117
116019,0,0.36440682915226114
116021,0,0.28059452327189416
116022,0,0.33009499658785657
116026,0,0.1202687256980484
116027,0,0.4507769549779317
116028,0,0.24216486424227948
116029,0,0.648732736805802
116030,0,0.39431225530223807
116031,0,0.22210217265982074
116035,0,0.17627177491272286
116036,0,0.38562071764592865
116038,0,0.47833896589480346
116041,1,0.4977779710477089
116042,0,0.2985914241796547
116043,0,0.4523792243239413
116044,0,0.3506692430667326
116045,0,0.11243981403717407
116046,0,0.13568843130314362
116050,0,0.151210510373075
116052,1,0.7966769855833288
116053,0,0.1450254101197233
116056,0,0.217519171082394
116057,0,0.2814016935891539
116061,0,0.285924980956843
116062,0,0.2564514727015415
116065,1,0.7441483856697463
116067,0,0.532247403742359
116070,0,0.48086202985358123
116071,0,0.05435376783459983
116072,0,0.143654502753576
116073,0,0.3915002758714757
116074,0,0.042383338278127916
116075,0,0.10462363318196974
116076,0,0.264608769033681
116077,0,0.2914014349590539
116078,0,0.16531163493758866
116079,0,0.4360688027665384
116084,0,0.30385134794546453
116085,0,0.20514287189516636
116088,0,0.13773555076411265
116089,0,0.16802845645045572
116090,0,0.04938560962340046
116094,0,0.4392649596712196
116097,0,0.49148739483113546
116099,0,0.5709378941223447
116101,0,0.2913254298534599
116103,0,0.40315558730213896
116104,0,0.11017232937640516
116107,0,0.2875208268844181
116109,0,0.6430735522343094
116110,0,0.047144182000020914
116112,0,0.43138123070741036
116113,0,0.16806621073052452
116114,0,0.14505733479305521
116115,0,0.303683844438392
116116,0,0.5979868907532703
116118,0,0.1644737038650343
116120,0,0.5346043026405066
116121,0,0.07491184779916112
116125,0,0.2895939771660337
116127,0,0.6473962713366218
116129,1,0.38770103273838763
116131,0,0.20195524883028443
116133,0,0.10417407817661613
116135,0,0.5225156221114242
116138,0,0.28098625825303297
116140,0,0.7015101697746418
116141,0,0.348036501920746
116142,0,0.23139644293694528
116144,1,0.7627319592494486
116145,0,0.15758159507684685
116147,0,0.3514751755853674
116148,0,0.6697462814508816
116151,0,0.25377890517747537
116152,0,0.12884138653078417
116153,0,0.16764366318286333
116157,1,0.17415641193746376
116160,1,0.8014467150271054
116164,0,0.17969346455205065
116165,0,0.4858702560836613
116166,0,0.30407091213614484
116167,0,0.12962613304572934
116169,0,0.49605038715683036
116171,0,0.10623104356107582
116174,0,0.3682235246308351
116177,0,0.33646679805637736
116178,0,0.14343908650590204
116180,0,0.1228293961313985
116181,0,0.2912665022596158
116182,0,0.18290942894666026
116183,0,0.07949884663512777
116184,0,0.2084251125928231
116186,0,0.10587754937913425
116187,0,0.4520484044046743
116190,0,0.137766885145022
116196,0,0.7669997622513955
116201,0,0.13663413185482093
116202,0,0.49811563279381305
116203,0,0.7321615974734274
116205,0,0.2657278168269476
116206,0,0.2638166497036737
116207,0,0.4404233232714172
116208,0,0.45799709639254366
116210,0,0.633655013131293
116211,0,0.5414899028866766
116213,1,0.4062228918800992
116216,0,0.4441440811512091
116219,0,0.1472233614748119
116225,1,0.858894933184448
116226,0,0.15020920984429456
116228,0,0.052010507471416265
116231,0,0.2447892391618017
116235,0,0.17204074110280582
116238,0,0.22137056746868708
116240,1,0.6608356002795785
116241,0,0.7661988998202913
116242,0,0.17286430112084342
116243,0,0.46151705501931034
116247,0,0.6094394154090933
116251,0,0.14078049685022745
116254,0,0.5106533459830971
116260,0,0.23594101504518986
116264,0,0.5222748948508175
116267,0,0.22047014107026444
116268,0,0.651672675493135
116269,0,0.2956863982529101
116270,0,0.34787098872662436
116271,0,0.2700082398961493
116274,0,0.586072397587296
116276,0,0.5239848603182748
116278,0,0.22110682484472372
116280,1,0.5765647411607449
116281,1,0.5025503776079641
116283,0,0.17366105189781705
116284,0,0.3858701257506943
116286,0,0.20532604122176493
116287,0,0.2879939019263667
116290,0,0.07702303426516595
116291,0,0.11162452555168725
116292,0,0.3363497794752222
116293,0,0.08837450849505143
116294,0,0.06297657227178614
116295,0,0.2720952871816514
116296,0,0.1757898801042861
116299,0,0.30869433048804623
116300,0,0.17178741048559804
116302,0,0.16317805442346753
116303,0,0.4841270754761694
116305,0,0.15469862086458847
116306,1,0.7016565665213721
116307,0,0.3868532535708185
116310,0,0.2829170982529849
116313,0,0.5280968386929686
116314,0,0.08564512294796726
116315,0,0.49364702685352724
116319,0,0.6963596614260859
116320,0,0.4048462942942531
116322,0,0.16264263432966147
116325,1,0.7207199649496464
116327,0,0.12542754565191724
116330,0,0.11379436118677692
116335,1,0.5489612862592957
116336,0,0.266245202139433
116338,0,0.2157931608584211
116339,0,0.7562266227883908
116341,0,0.1561730975576321
116342,0,0.22089880258097527
116344,0,0.32897740603554304
116345,1,0.3146046264491152
116346,0,0.6142363527737958
116347,1,0.7957643640222736
116348,0,0.2937721373471916
116351,0,0.4892937223319791
116352,0,0.1651676112593275
116354,1,0.7673682349032795
116355,0,0.05971258123287432
116356,0,0.05191526391234287
116357,0,0.16642853629065057
116360,0,0.1920823976594636
116362,0,0.8397117905708387
116372,1,0.19587582005718643
116373,0,0.4886275356874082
116374,0,0.2030115440767574
116375,1,0.5598486750902557
116376,0,0.6044189047537452
116378,1,0.4417154276757597
116380,0,0.3143135886066521
116381,0,0.5441406223501233
116382,0,0.3000460210335968
116383,0,0.42551879436218354
116384,0,0.38740471225983086
116386,0,0.17362846954704067
116387,0,0.37522811178780946
116389,0,0.8110152239187907
116390,0,0.4179258407875469
116397,0,0.7477597797782856
116398,0,0.06475409891685803
116400,0,0.38062084322767675
116404,0,0.23078620239084816
116405,0,0.2984695309690156
116406,0,0.3282403796552176
116407,0,0.5130582274711115
116410,0,0.1655570193475534
116415,0,0.17419074653416372
116417,0,0.1136288035435308
116420,1,0.52501572134158
116421,0,0.43676311567843573
116423,0,0.22807290392550533
116424,0,0.1849448502346555
116426,0,0.29346318396061893
116428,0,0.21379539701579148
116430,0,0.28829147462411375
116432,0,0.3895358105163633
116433,0,0.04287936458721849
116434,0,0.055388729416295565
116435,0,0.23287669486176027
116436,0,0.0804237130279479
116437,1,0.8722295979327459
116439,0,0.7028688863836494
116441,0,0.4210722801776722
116442,0,0.5235875822620633
116446,0,0.04075112143711872
116447,0,0.5274123455586504
116448,0,0.07380924563152574
116449,0,0.21310892460848616
116451,0,0.16920591514581507
116453,1,0.3699033423982095
116455,0,0.18117463265018893
116456,0,0.2608067490060508
116457,0,0.27828694236155904
116459,0,0.4068824162511774
116461,0,0.42588312361491054
116463,0,0.36373341811667326
116464,0,0.5569251901282813
116467,0,0.34466848887615925
116472,0,0.6976840970059636
116474,0,0.2702887032247777
116475,0,0.11899237212344076
116480,0,0.43349443939971266
116483,0,0.4084669713941274
116485,0,0.2654621988356772
116486,0,0.3474730942494896
116487,0,0.3179023135625131
116488,1,0.5353739904399905
116490,1,0.5664871737707448
116492,0,0.14744451542812853
116493,1,0.2496326343926885
116495,0,0.27896197391499944
116499,0,0.7178646366397596
116500,0,0.7030831242112936
116502,0,0.2596468311347161
116503,0,0.3702392473989736
116505,0,0.2619425960298657
116507,0,0.20446546434217422
116508,0,0.0462013990513084
116509,0,0.4328061187440567
116510,0,0.5240323583354353
116511,0,0.148764799681276
116515,0,0.17269186455537838
116518,0,0.5255607814195498
116522,0,0.5584428224542102
116526,1,0.6597995972644999
116528,0,0.09469077598719947
116529,0,0.2010225738432792
116532,0,0.10531790994497237
116533,0,0.32447768817295286
116534,0,0.12358269472481997
116537,0,0.11430872853536385
116542,0,0.5749525901822639
116546,0,0.11354139986815201
116547,0,0.19855240947305547
116551,0,0.17212821803617243
116556,0,0.2315743972777164
116557,0,0.402801267396182
116560,0,0.2095305053637357
116561,0,0.2843146361673225
116562,0,0.7411004009766814
116563,0,0.5414391677111248
116565,0,0.3608030586842699
116569,0,0.2451918468015728
116572,0,0.24098432101961711
116574,0,0.43829050172581957
116575,0,0.052431322946058526
116579,0,0.08115273375522489
116580,0,0.26497654252195846
116582,1,0.4236664261311411
116583,0,0.12902255512112107
116587,0,0.5336244859801471
116588,0,0.360159218219494
116589,0,0.6351697570055831
116595,0,0.21000348954798853
116596,0,0.5260416737225391
116598,1,0.8507065544728007
116600,0,0.4680464445235796
116601,0,0.39622883042610957
116602,0,0.10235085320526564
116605,0,0.6376605540287317
116607,0,0.20607377294112256
116609,0,0.31849888882817134
116610,0,0.1510486314969618
116613,0,0.18543276743137693
116614,0,0.18136873101186402
116616,0,0.3874094584668832
116617,0,0.207818092456547
116620,0,0.5828260740959377
116622,0,0.43923648878708166
116623,0,0.500029786923674
116625,0,0.2758422526601428
116627,0,0.6718282634252846
116629,0,0.05873575849443535
116631,0,0.15730697195953197
116632,1,0.8951840008468581
116633,0,0.08885262364045425
116634,0,0.4630951795736881
116635,0,0.08324023364391972
116642,0,0.3317464480290721
116643,0,0.4739132315920983
116644,0,0.15890651552526217
116646,0,0.1792552948768888
116649,0,0.24410801687175715
116650,1,0.5766187519031128
116652,0,0.5272419191720125
116654,0,0.5539096452682141
116655,0,0.30127705867905635
116656,0,0.1609166959973221
116657,0,0.11893592183188458
116660,0,0.22511104723463887
116662,0,0.4808260784539602
116664,0,0.06262002976922462
116666,1,0.8435983700699982
116667,0,0.40185591289603934
116668,0,0.39277510127298054
116672,0,0.495249693876894
116673,0,0.8224544186294958
116675,0,0.593542373684345
116677,0,0.3170784256521042
116678,0,0.07960660802655181
116680,0,0.15546367162394242
116684,0,0.3160261676244756
116691,0,0.17542196180641473
116693,0,0.39939273707207545
116694,0,0.18319998381386915
116698,0,0.23112213786541208
116699,0,0.24634174069164586
116700,0,0.5792265406645802
116703,0,0.07867982967185375
116704,0,0.0745291922498414
116705,0,0.11568628722193189
116706,0,0.37970299092846416
116707,0,0.4592442373068445
116709,0,0.48993025012656377
116710,0,0.700792713392706
116713,0,0.12400590542723341
116716,0,0.2721938006072967
116721,0,0.15152973417983262
116724,1,0.6933321466602809
116725,0,0.24281893669449034
116727,0,0.17081516150994405
116728,0,0.3148324369747984
116730,0,0.32829890824482316
116734,0,0.30859953941117346
116739,0,0.2424880219253666
116741,0,0.7431215349805395
116744,0,0.05854235474521259
116745,0,0.3866193473145172
116747,0,0.17312483574292087
116749,0,0.6769878475364719
116750,0,0.05249472218925999
116756,0,0.8306097413808169
116757,1,0.806600884130031
116760,0,0.6351824836114126
116761,0,0.0721212715462366
116762,0,0.729680526019134
116764,0,0.5074659519428426
116766,1,0.3720829180514971
116767,0,0.1666415490288467
116768,0,0.04557384841887109
116769,0,0.15883409785304756
116770,0,0.39395638788858356
116773,0,0.33821284503089116
116776,0,0.559318765948529
116780,0,0.35763305011109353
116782,0,0.11641800554540735
116783,1,0.7366378283921974
116784,0,0.32891830083624596
116785,0,0.3325748410776795
116786,0,0.3612026128247642
116791,0,0.3801542846560922
116794,1,0.6880578201308698
116796,0,0.05223314915446312
116799,0,0.5747498092220683
116802,1,0.9017277894500484
116806,0,0.3757977175339362
116807,0,0.2509403088929658
116808,0,0.09582845534353239
116809,0,0.31950774733858406
116810,0,0.12801987674726645
116812,0,0.0703504045085113
116813,0,0.18102109611337433
116814,0,0.41828506493809214
116816,0,0.41132276654560174
116819,0,0.4862477716328538
116820,0,0.10526078971328875
116822,0,0.07408116149427006
116823,0,0.198495507291728
116824,0,0.2727482796477592
116826,0,0.5411532223287632
116831,0,0.16408074178082468
116833,0,0.1395831703273865
116834,0,0.3195805144343719
116836,0,0.38277289887537697
116843,0,0.044144928015048254
116844,0,0.05459940493425179
116846,0,0.3147381430345023
116847,0,0.2610875530854825
116850,0,0.37801617466550014
116855,1,0.42814172437245934
116857,0,0.3059521518052276
116858,1,0.2766395817613013
116859,1,0.5506668578218955
116861,0,0.1812786953926945
116864,0,0.6640860894878668
116865,0,0.33428332343742373
116867,0,0.1471836968636555
116869,0,0.2738526424753588
116871,0,0.1272717552308066
116873,0,0.21834397036243422
116874,0,0.12337473779184242
116881,0,0.16800238619020194
116884,0,0.44258377552637446
116886,0,0.049281156416181346
116888,0,0.12643708463093759
116889,0,0.7452154564188607
116890,0,0.5407705596705787
116892,0,0.6472640472752146
116893,0,0.1520323053547803
116894,0,0.6116290943354744
116895,0,0.48274813326544763
116896,0,0.1279927506472258
116898,0,0.42135979579671046
116899,0,0.5347316166321228
116900,0,0.7203515288286465
116901,0,0.22920483514610593
116904,0,0.6689857971092371
116906,1,0.40375198521326505
116907,0,0.4284368442942714
116911,1,0.5379173630580381
116913,0,0.2959551595286096
116914,0,0.11415368553595653
116915,0,0.3273515614959541
116916,0,0.5981236012540189
116917,0,0.5014959466131234
116920,1,0.6813322194054551
116923,0,0.38460514419999775
116928,0,0.3334520315010181
116929,0,0.13714531261511728
116931,0,0.1896970363404778
116932,0,0.13429237168942093
116935,0,0.2192344257005578
116940,0,0.1198404127083654
116941,0,0.08431185023575868
116943,1,0.5649583342590021
116947,0,0.14087303754371408
116952,0,0.1678299030543452
116955,0,0.6003467323425317
116956,1,0.3556010174939808
116959,1,0.4318027301484852
116960,0,0.15205107567575188
116961,0,0.35880246272489685
116962,0,0.47737832560179533
116963,0,0.37486529093935883
116964,0,0.13946391515098006
116966,0,0.3050838491339683
116967,0,0.2726562110665604
116968,1,0.32157964871806566
116969,0,0.06180252203917082
116970,0,0.18617784990347724
116971,0,0.158334331020027
116972,0,0.6020351799480197
116978,0,0.545584199307135
116979,0,0.11302278610536114
116980,0,0.25567959954719516
116981,0,0.19014375996039085
116984,0,0.7407666595313555
116988,0,0.11793377633859485
116989,0,0.2606051517511477
116990,0,0.6642433648410491
116991,0,0.440094965442497
116994,0,0.43671829288535086
116997,0,0.281234420395444
116999,0,0.7610553155605002
117000,0,0.438528101271668
117002,0,0.25463660908920127
117006,1,0.8000299550430652
117010,0,0.5897401557920467
117011,0,0.2325812354895703
117014,0,0.3151371144040372
117015,1,0.925595891758998
117017,0,0.3502337731093833
117019,0,0.7044060441481386
117021,0,0.11293661248250868
117022,0,0.3151414261437029
117023,1,0.19047407619720122
117026,0,0.7365180597869039
117028,0,0.16422237633929143
117031,1,0.8446419054042194
117032,0,0.15210734400613055
117033,0,0.25293913947155
117035,0,0.2393801885405447
117036,0,0.42307873815255037
117037,0,0.3175150727292786
117038,0,0.12918501472456953
117039,0,0.6320635293253798
117040,0,0.47988149733731184
117044,0,0.4518319183363716
117045,1,0.8956187661193675
117049,0,0.09018481271081007
117050,0,0.3167476241275099
117052,0,0.41338524600484644
117054,0,0.051122964421825
117055,0,0.39026571574781577
117058,0,0.6810089073848637
117059,0,0.1348912091590055
117060,0,0.12102451152351701
117061,0,0.07357708573713084
117062,0,0.07344011166121547
117063,0,0.11387602782360695
117064,0,0.5893999709492403
117067,0,0.3325874826406562
117068,0,0.2700155869002659
117071,0,0.19247754477346266
117073,0,0.6475888727115316
117077,1,0.6128424484704535
117081,0,0.184563711959753
117082,0,0.09813885788070749
117086,0,0.03678467489120246
117090,0,0.23059440497678083
117091,0,0.23729282825438883
117095,0,0.079275218331217
117101,0,0.5067868250824743
117102,0,0.04872883483574094
117108,0,0.2502294119039824
117114,0,0.13279893826398914
117116,0,0.6436661812297566
117117,0,0.6018519024207926
117118,0,0.04683214258025313
117120,0,0.5559263840572246
117124,0,0.22690988991539202
117129,0,0.06567160611799379
117130,0,0.6807604802350788
117131,1,0.5583185644136321
117132,0,0.2889195731545147
117133,0,0.21485788346038528
117134,0,0.3852864758746766
117136,0,0.21878453210818088
117138,1,0.5778955868585596
117139,0,0.2973049051270181
117145,0,0.4392557643844178
117146,1,0.7632641643175359
117147,0,0.23194610429508744
117150,0,0.7354694718548798
117156,0,0.13831354394371448
117158,0,0.6351483266463314
117159,0,0.06432998152411076
117161,0,0.19759229441643497
117164,0,0.4145261623931572
117165,0,0.7312931901215134
117166,1,0.8694319795015619
117172,0,0.24008697300129406
117173,0,0.8057909225868821
117174,0,0.15649089033932032
117177,0,0.31666877726069764
117178,1,0.7170497653272547
117180,0,0.14003398486368543
117181,0,0.15964294119829253
117182,0,0.24170906813687282
117186,1,0.07186526287555664
117187,0,0.49778565236412264
117188,0,0.43600580742397765
117190,0,0.06298683276148678
117191,0,0.204023743125809
117192,0,0.6500403350509145
117193,0,0.35284271784996474
117195,0,0.060013735804641935
117198,0,0.34298359858699656
117200,0,0.7685744387228224
117204,0,0.23031227799153758
117208,0,0.7161612345610349
117209,0,0.1514585294288397
117210,1,0.48787478161751796
117211,0,0.4426738243423022
117212,0,0.19750169856500593
117215,0,0.30786295891023574
117217,0,0.5315206704678291
117219,0,0.42608132218969025
117220,0,0.24835604683588114
117221,0,0.5155685038516743
117222,0,0.2493921276117907
117224,0,0.29326479746358775
117226,0,0.12870421129236245
117227,0,0.14654792373073683
117230,0,0.4920862761870791
117232,0,0.27202545593671407
117234,0,0.4194539849702399
117235,0,0.17611006065518814
117236,0,0.4959497464039119
117238,0,0.3290792323305295
117241,0,0.36513631187288154
117242,0,0.35055703904071833
117243,0,0.1659485579491809
117244,0,0.18992989700833757
117249,1,0.7502780160409126
117250,0,0.4590503766928163
117251,0,0.4065831839181483
117253,0,0.5047262817582918
117260,0,0.5845728341761491
117261,1,0.27576987644493306
117263,0,0.4854363690531748
117265,0,0.2690918089516098
117266,0,0.23752398691915855
117270,0,0.25212144153448757
117273,0,0.3305905780123752
117274,0,0.15028446905070308
117275,0,0.41442717683743746
117276,0,0.2873283075977124
117278,0,0.07242840626516867
117280,0,0.5967997948940833
117282,1,0.667637420786922
117285,0,0.13805049982338793
117286,0,0.07139001339521482
117287,0,0.17534998988167544
117289,0,0.15750224064764276
117290,0,0.536934871087664
117291,0,0.06350167926752145
117292,1,0.3783866220237808
117293,0,0.4085478159255542
117294,0,0.6234190757661456
117295,0,0.46465458603980814
117297,0,0.6552072896841341
117301,0,0.19414795538943702
117302,0,0.43150667094118234
117305,0,0.5600178435692634
117306,0,0.05705916225594
117307,0,0.3062192198614619
117308,0,0.12440327965673878
117310,0,0.7734363095800508
117312,0,0.3651190738040225
117313,0,0.043896918591950565
117314,0,0.6568729434238999
117315,0,0.28876082010412574
117316,0,0.5723894233380786
117319,0,0.3445103920297661
117320,0,0.11792237617523385
117321,0,0.6009518750894481
117322,0,0.24245102133162902
117328,0,0.450855746219052
117331,0,0.8504564823786278
117335,0,0.6171507091665388
117336,0,0.1982192903547531
117339,0,0.5592438472424275
117347,0,0.15114871868470853
117351,0,0.15128054272201502
117353,0,0.32343306433072805
117354,0,0.3795918061785415
117357,0,0.05232556908625724
117358,1,0.21698348866796188
117359,0,0.6849212144662513
117363,1,0.7390366637591154
117364,0,0.049619320137387374
117365,0,0.6826228471766107
117368,0,0.5368444243587239
117370,0,0.2301553224973049
117371,0,0.13892419609047071
117374,0,0.1280901840562877
117375,0,0.4986041745794586
117377,0,0.04766783518384479
117379,0,0.17447661740539908
117383,0,0.16740700984216214
117384,0,0.40145398695235546
117387,0,0.4268456265642482
117388,0,0.3248970548959984
117389,1,0.6558464676774152
117395,0,0.25789040976362565
117397,0,0.40776190068373397
117398,1,0.7338449273639791
117400,0,0.5035855983403644
117402,0,0.4338451764282226
117405,0,0.1276378228649884
117407,0,0.2292518872052111
117409,0,0.11129182650634488
117411,0,0.5367032287002598
117412,0,0.15464243212544837
117414,0,0.5208960368040414
117418,0,0.37429946817315785
117419,0,0.2753101082518158
117420,0,0.5364620467918199
117421,1,0.06976319240795856
117428,0,0.2447617086308979
117429,0,0.41940307038287444
117432,0,0.2646076933713661
117434,1,0.624000630827021
117435,0,0.2636091447934382
117436,0,0.4412040457943779
117437,0,0.32004399174405196
117438,0,0.1690686823217219
117439,0,0.6127170744111419
117440,0,0.29391968406165603
117441,0,0.4261436311175598
117442,0,0.5152639783477375
117447,0,0.07441078000750766
117450,0,0.307883262868451
117453,0,0.1424018534255572
117454,0,0.19643955003416377
117458,0,0.3565309280501617
117460,0,0.820785838665925
117463,0,0.32312979549296766
117464,0,0.17167418498653073
117465,1,0.6467126599856904
117466,0,0.05737473113628468
117467,0,0.9253146707332508
117468,0,0.06746051045219749
117470,0,0.18915153926426276
117471,1,0.2307405773749144
117474,0,0.10104213425473092
117481,0,0.42283126938225096
117484,1,0.16101898247459714
117485,0,0.2668863841044681
117491,0,0.18714797932435434
117494,0,0.3270632955388004
117496,0,0.15593428418606953
117498,0,0.672799375862478
117499,0,0.04854546237210474
117500,0,0.4075385263129
117502,0,0.3097597505385018
117504,0,0.28009965592989616
117505,1,0.6823567378892784
117507,0,0.30128497907225393
117510,0,0.09943445472382789
117511,0,0.138185747461197
117513,0,0.13164169444693008
117514,0,0.290242860825797
117516,0,0.7332758216832566
117517,0,0.17466171699166572
117518,0,0.3463812370734899
117523,0,0.28382150370324133
117529,0,0.0813646757288485
117530,0,0.12365506124060048
117531,0,0.1338246921381459
117537,1,0.5415740189442472
117540,0,0.4177716248546587
117542,0,0.6856385958653238
117543,0,0.05150427563930954
117546,0,0.2911546219373477
117549,0,0.3693167833929116
117551,0,0.6280762226739672
117554,0,0.3548375378102576
117556,0,0.16248347051531803
117558,0,0.4849323413079526
117559,0,0.20006391297083415
117566,0,0.7051141951736257
117570,0,0.1395505780966791
117571,0,0.6891990337993683
117573,0,0.5004128696629765
117574,0,0.2593844163110306
117575,1,0.2814025149382919
117577,0,0.17984827002970719
117580,0,0.3249691008692408
117581,0,0.05486354939751202
117586,0,0.7650699249125272
117587,0,0.09426699665976607
117589,0,0.22467099701555981
117592,0,0.21371472980157002
117599,1,0.851725968381615
117600,0,0.07659715133970471
117603,0,0.12213304730908751
117604,1,0.757936382993522
117605,0,0.18308451889371766
117606,0,0.16976881302360008
117613,0,0.45653735451612454
117616,0,0.23347106600170148
117617,0,0.21080418220084113
117621,0,0.20499462148924233
117622,0,0.14569055618038945
117623,0,0.42878753444321516
117624,1,0.7497777263847566
117625,0,0.05484145555181895
117627,0,0.1508190014349552
117628,0,0.48803581715662697
117629,0,0.11040904692109717
117631,0,0.19326738741577382
117632,0,0.2212435663385021
117633,1,0.7185619825685611
117635,0,0.2836975753182423
117637,1,0.628953359517694
117638,0,0.6909570143591086
117639,0,0.35395002442413176
117641,0,0.11365145933503493
117643,0,0.25553206525009375
117644,0,0.0696126784115689
117645,1,0.5991421312093065
117646,0,0.06986840666132818
117647,0,0.31248228415126716
117651,0,0.271589154194342
117652,0,0.2569290537673611
117653,0,0.5451693818002894
117654,1,0.5446533727973877
117656,0,0.17246638831758043
117657,0,0.22587764023866924
117659,0,0.24396459762390243
117660,0,0.4048317854988239
117662,0,0.10796045774994009
117665,0,0.34996366731940143
117671,1,0.5648587513677017
117672,0,0.559490716529248
117675,0,0.39308872091867864
117676,0,0.6575482451165964
117677,0,0.28173990144770167
117678,0,0.581617249519974
117681,0,0.20756307689157177
117683,0,0.4108190623561444
117685,0,0.12087482788253597
117687,0,0.21563279270697916
117690,0,0.07701834544151795
117692,1,0.4300554763530135
117695,0,0.4457005446562758
117697,0,0.06167177731561
117699,0,0.24394584969748717
117701,0,0.35730562430448715
117703,0,0.5080485140401299
117704,0,0.6339103395922093
117707,0,0.05990311486846959
117710,1,0.5500801345653608
117711,0,0.1964979820259031
117712,0,0.13589755610905419
117714,0,0.14807760195641428
117719,0,0.07136566566978046
117720,0,0.09633386942070274
117727,0,0.19586178499483126
117728,0,0.74733696626296
117729,0,0.24561098786616978
117730,0,0.20454924909067967
117732,0,0.42713503660263646
117733,0,0.48256092668395273
117735,0,0.08352561521157427
117737,0,0.2129704200248545
117738,0,0.04145331684824864
117739,0,0.4620869291167091
117745,1,0.7129215346629562
117746,0,0.3919145780252264
117752,0,0.04323387285877127
117753,0,0.1320978698741743
117754,0,0.11183216424152731
117755,0,0.3235184701657351
117761,0,0.48419023790242993
117766,0,0.13605292725656104
117768,0,0.11818915228065083
117771,0,0.2859280232287217
117773,0,0.21396354262049946
117774,0,0.15725944766092387
117775,0,0.22967360914598714
117777,0,0.06558642374102708
117778,0,0.07977881569728278
117780,0,0.307759243471842
117784,0,0.4196219157763871
117785,0,0.042735152429580744
117789,1,0.7238003708223739
117792,0,0.46565141034098084
117793,0,0.2811375802891433
117794,0,0.4896707184342251
117795,0,0.1657944885902738
117800,0,0.2068579241835847
117806,1,0.584558730120809
117807,1,0.5935674632526062
117810,0,0.14389740063591341
117811,0,0.0887027854660106
117814,0,0.17976650245755668
117817,0,0.4930959955821109
117822,0,0.5549892510799788
117824,0,0.17379199885674895
117826,0,0.4567140219862667
117827,0,0.15295144617004983
117829,0,0.79674365022807
117831,0,0.09695457301562735
117832,0,0.09758008923325819
117835,0,0.24918810697190516
117838,0,0.15539954065218803
117840,0,0.045337946994623776
117845,0,0.22205645936282856
117847,0,0.17079220972394543
117849,0,0.21520731958131237
117851,0,0.08283387770213142
117853,0,0.12231524473305389
117857,0,0.18341172421677673
117858,0,0.25317665677953755
117860,0,0.11794891802900767
117862,0,0.47198402487445945
117864,0,0.3930655228662344
117866,0,0.7086435870222922
117868,0,0.29185915368484616
117869,0,0.3524790632791289
117870,0,0.10875980114948836
117873,1,0.728516187177761
117875,0,0.3504738129659945
117877,0,0.07603971636118335
117879,0,0.296961919821365
117881,0,0.17938879856036394
117882,0,0.41179560375117585
117884,0,0.23500062947429967
117885,0,0.07829874829372689
117886,0,0.3289269054718908
117887,0,0.19249607814138325
117888,0,0.14955220243001885
117890,0,0.7026187399822004
117893,0,0.28072598182760355
117894,0,0.4926600460943192
117897,0,0.13357254490601572
117900,0,0.5467439657736698
117901,0,0.669796045306658
117903,0,0.4259349327917487
117907,0,0.061678614855526157
117912,1,0.5038973228819813
117913,0,0.48822521742307573
117915,0,0.13064367297061039
117916,0,0.3350865887185729
117917,0,0.2798143450255484
117918,0,0.4505501115239367
117919,0,0.10209396439111748
117922,1,0.21987248384105254
117923,0,0.29026605093300456
117925,0,0.48307693572235755
117929,0,0.24169242201573132
117930,0,0.12048637322044368
117933,0,0.5485819187670395
117934,0,0.39215770701585445
117936,0,0.07482324380283897
117937,0,0.4231791186376075
117939,0,0.17779589527734335
117941,1,0.08997598070662943
117942,0,0.37445671667080355
117946,0,0.1267285732608726
117948,0,0.12305960980753025
117950,0,0.18136187452031846
117951,0,0.43853634420085025
117953,1,0.6949904789077395
117958,0,0.23693727479634075
117960,0,0.40488264256697726
117962,0,0.47992968854764007
117964,0,0.4895334534664828
117966,0,0.17614723174755337
117968,0,0.6824225483080962
117971,0,0.057378478235302934
117974,0,0.06604292040509531
117979,1,0.6954207448216403
117981,0,0.12222871864639775
117984,0,0.5728780753469029
117986,0,0.1838554133779503
117987,0,0.44320440890112395
117989,0,0.6349736135745563
117990,0,0.0947741381451498
117991,0,0.2392232441482094
117993,0,0.1356842205183065
117996,0,0.26789174246762115
117997,0,0.34657411698360574
117998,0,0.14046689677032634
117999,0,0.13206740071759743
118000,0,0.06751962088648
118003,0,0.3581523908358403
118004,0,0.2672380778519433
118006,0,0.08571344863782884
118008,0,0.1468325446541929
118010,0,0.27193405638886775
118014,0,0.4491388900980443
118017,0,0.47527881779811787
118018,0,0.057827864010472796
118020,0,0.35480090520214236
118022,0,0.1765411097143574
118023,0,0.15833350102655291
118024,0,0.5226492242154404
118025,0,0.23885197008112566
118026,0,0.3433931520609488
118029,0,0.12019769803203677
118031,0,0.3611964228963978
118033,0,0.2522224066414555
118035,0,0.26117137550602204
118036,0,0.14692757989361177
118037,0,0.1774186417731103
118038,0,0.33982642723338885
118039,0,0.21074305872811747
118040,0,0.12113847877176628
118042,0,0.14142500487588183
118044,0,0.36986520028444064
118045,0,0.271109502591328
118049,0,0.07585127435158158
118050,1,0.6652307109938908
118051,0,0.2694001067501078
118055,0,0.6978836097304578
118057,0,0.26797903324413597
118058,0,0.3518582245650076
118061,1,0.7700170719721566
118063,0,0.13062723185097297
118071,0,0.25783950078651735
118072,0,0.23156764853650497
118073,0,0.4368209376497969
118074,1,0.7654523632936978
118075,0,0.07451972262693535
118079,1,0.39140260957403294
118082,0,0.33678425390630295
118083,0,0.42101095076920736
118085,0,0.15364159841412703
118086,0,0.6386405218455751
118087,0,0.32968507416720516
118088,0,0.07976738193623147
118091,0,0.4707938012751193
118093,0,0.6525972724054403
118096,0,0.22886597085301202
118101,1,0.683161353380918
118103,0,0.3560195906822242
118104,0,0.4203238268227797
118105,0,0.15504168890452114
118107,0,0.22622846718122908
118108,0,0.7347970412701663
118111,0,0.32970825994256764
118113,0,0.685166254192521
118115,0,0.4286570258676816
118117,1,0.6942783327232916
118118,0,0.20475038336200538
118121,0,0.6933546150123607
118123,0,0.5356415596069928
118124,0,0.6678989140821052
118125,1,0.6438602887071452
118126,0,0.19450637502822107
118128,0,0.5958124179934348
118131,0,0.15642848162429315
118135,0,0.5744985142922501
118136,0,0.48111872807302564
118138,0,0.6179003708350522
118140,0,0.16134829175812393
118142,0,0.8066869931083807
118145,0,0.28978241525623877
118146,0,0.456735562145434
118147,0,0.04672454788424603
118149,0,0.4824825239425315
118150,0,0.20419153184921254
118154,0,0.4749352678255826
118156,0,0.3813183491833435
118161,0,0.4327733006584199
118162,0,0.1930222712245176
118163,0,0.20718647272200616
118164,0,0.48706616411276943
118165,0,0.6068997985367369
118166,0,0.16748306978644317
118171,0,0.07085747373711167
118172,0,0.21249896466999713
118176,0,0.20611710246318085
118178,0,0.2251185965702221
118183,0,0.26362161632642966
118184,0,0.16390427124143647
118185,1,0.6657226196856292
118190,0,0.20665722695685268
118191,0,0.05931737603061019
118193,0,0.17757428522004923
118197,0,0.3047076858927167
118199,0,0.09415948995419067
118201,0,0.11635345653368175
118204,0,0.3601689838730994
118205,0,0.24401151649332534
118209,0,0.34588021709264577
118210,0,0.36700877794393494
118211,0,0.30258357434165184
118216,0,0.3564907111425779
118217,0,0.5861411287133921
118219,0,0.400939981087408
118220,0,0.06184210871568783
118221,1,0.8020545333927303
118226,0,0.1635965683684802
118227,0,0.0628935670136051
118228,1,0.7721066369546723
118229,0,0.4170903776055225
118231,1,0.5182487073994053
118234,0,0.5602424206710632
118235,0,0.6118041280227796
118237,1,0.45361763764490676
118239,0,0.39901647731602974
118242,0,0.5091407916101367
118244,0,0.24418010863877077
118245,0,0.4896155837500218
118246,0,0.16775802317051958
118247,0,0.5703376046153519
118248,0,0.4361921651667956
118250,0,0.215525141618602
118253,0,0.2599691231484994
118254,0,0.4886736596307572
118256,0,0.18520042441583712
118258,0,0.15467307621709286
118259,0,0.23041418209289155
118262,0,0.09861415745487101
118263,0,0.06861271668123048
118264,0,0.1603946855155493
118265,0,0.14442282907342807
118266,0,0.3677341207845612
118267,0,0.2653762229180376
118269,0,0.13599557287569658
118271,1,0.37966925734881596
118275,0,0.13680624121211343
118276,0,0.17917744405796565
118279,0,0.5004094123869989
118282,0,0.33229594390609873
118284,0,0.12599462036081227
118285,0,0.3674977269606452
118286,0,0.20710454432514908
118288,0,0.1183533328022113
118292,0,0.5555741237505043
118293,0,0.554113241604039
118295,0,0.392988470915325
118297,0,0.3834052975602772
118298,0,0.4858003266732756
118299,0,0.3052508539462301
118300,0,0.33468070896075164
118302,0,0.30878678414308264
118304,0,0.5800272687339714
118305,0,0.33625324259382217
118306,0,0.07779175610635586
118308,0,0.325469425673527
118315,0,0.1316482011346313
118316,0,0.2699761116430613
118317,0,0.3345576124326676
118319,0,0.6750843261992161
118320,0,0.21432479701557178
118322,1,0.4959846420336637
118324,0,0.1924152326896623
118328,0,0.23093730497198614
118330,0,0.4507568208254411
118331,0,0.21753977848097517
118333,0,0.27482401703605724
118336,0,0.6176068788198659
118337,0,0.060540456121007315
118340,0,0.5104057584925085
118342,0,0.05992165851781619
118344,0,0.21449461535921
118348,0,0.31904547353908097
118349,0,0.5765515514298917
118350,0,0.3918721993920756
118351,0,0.6773906146501878
118352,0,0.28034287438497413
118358,0,0.4646237691291762
118361,0,0.45686054429566586
118362,0,0.3605579322012856
118364,0,0.5115331385681732
118367,0,0.1583497015155052
118369,0,0.4849929098513518
118370,0,0.19226884934067986
118371,1,0.6393692653290654
118373,0,0.09217660212935584
118374,0,0.2464660777897172
118375,0,0.6697863931501177
118380,0,0.3029114313994273
118381,0,0.28280264318701004
118382,0,0.4171884586888228
118384,0,0.33949740391467187
118385,0,0.03948303090254879
118386,1,0.5517895737470695
118387,0,0.3816518684104386
118391,0,0.07775191057378858
118393,0,0.6414635462500816
118395,0,0.31627872844483557
118396,0,0.4966582689812261
118399,0,0.3920510819715471
118402,0,0.4862207196107141
118406,0,0.1320761742626575
118407,0,0.13329882862528997
118408,1,0.7180022694378345
118409,0,0.3219460684578995
118411,0,0.45725878202556175
118412,0,0.30447866381226407
118416,0,0.32425355264471056
118417,0,0.2071539112698543
118418,0,0.37802137046334294
118423,0,0.5814092646441338
118424,0,0.3356732547243842
118426,0,0.42255716248260333
118432,0,0.1331350220258489
118433,0,0.30603095774852235
118435,0,0.7189462534897573
118436,1,0.7512836322850707
118442,0,0.1885169915517215
118449,0,0.3898642589150543
118450,0,0.1349609796696803
118451,1,0.3559529371603147
118452,0,0.3310210762082072
118457,0,0.36437153888543933
118458,0,0.15465143293816896
118459,0,0.5186642606114779
118460,0,0.12575409205043814
118462,0,0.36331713056760584
118463,0,0.6325099045439301
118464,0,0.6681331360512991
118465,0,0.1496743883313049
118466,0,0.502759124285007
118471,0,0.3277889681948347
118475,0,0.45893169158569747
118476,0,0.16187080695621323
118478,0,0.37352744236850466
118479,0,0.37019089113765535
118480,0,0.7232253634185719
118482,0,0.3818365548261302
118484,0,0.5320466733654821
118486,0,0.11790627965543776
118488,0,0.11939437943912463
118490,0,0.18092827582229015
118491,0,0.4297789667267285
118492,0,0.3257218228755909
118493,0,0.6449235858247904
118494,0,0.08554257964034463
118495,0,0.10880425784003275
118496,0,0.827487010051102
118500,0,0.5373227489288838
118503,0,0.11698316914375248
118504,0,0.16342065549926085
118512,0,0.7524612426775079
118513,0,0.27604301567480094
118514,0,0.3131704313415139
118515,0,0.29441158085898556
118518,0,0.1467252976001257
118520,1,0.412129441223275
118522,0,0.39507952491026554
118523,0,0.16506502657579908
118525,0,0.5785336029199445
118528,0,0.14517864580211895
118530,0,0.11298370813995869
118532,0,0.2660692467985588
118533,0,0.47252639858668577
118536,0,0.20480104973465396
118537,0,0.16385397946878816
118539,1,0.5752593706281046
118541,0,0.7641839350465387
118544,0,0.6365620537357658
118548,0,0.1541885182999176
118550,0,0.2681570525767382
118552,0,0.26820874178963733
118553,0,0.1278436916159222
118554,0,0.07448818497389294
118561,0,0.5578181556304684
118563,0,0.4930823661937427
118564,1,0.672256874415021
118565,0,0.23453838358427198
118567,0,0.22114077300942792
118569,1,0.759894006083714
118571,0,0.44405481143761494
118573,0,0.1885333962410455
118576,0,0.30306844572598163
118577,0,0.34983915377689845
118578,0,0.2502162383686886
118579,0,0.26253620387146503
118580,0,0.09874830624109732
118581,0,0.5688379956205408
118582,0,0.06066722439912192
118586,0,0.42611011476945465
118588,1,0.7877509529550298
118592,0,0.1516057251232893
118594,0,0.5462479899080097
118595,0,0.3429026747522165
118598,1,0.6931678133554764
118600,0,0.24341925328734107
118601,0,0.7137260550023902
118604,1,0.3066701418415795
118605,0,0.13233306415525686
118607,0,0.6410585538086704
118609,0,0.662272168463837
118610,0,0.34124426068844244
118611,0,0.2896059928036593
118612,0,0.0862989731575052
118614,0,0.4712529188414754
118616,0,0.16308134526100496
118618,1,0.6458604271980544
118620,0,0.2741645777356948
118621,0,0.33594558036079925
118622,0,0.23216508428559995
118623,0,0.37704120776923383
118624,0,0.12987028716161467
118628,0,0.4053142647198332
118630,0,0.24509578225989012
118634,0,0.2503727777175816
118636,0,0.8744263995558956
118638,0,0.23200106823210148
118640,0,0.4828485207389672
118641,0,0.06629362896216902
118643,0,0.1739440434542093
118647,0,0.26809829194471974
118648,0,0.539872794366026
118650,0,0.41010912147437806
118651,0,0.1295150739209011
118654,0,0.15786870425006033
118655,0,0.7353940991455097
118658,0,0.338763350262169
118662,0,0.7059308221357053
118663,0,0.36494436351895826
118664,0,0.1635745322346853
118665,1,0.6661532951682863
118669,0,0.04926546983551128
118671,0,0.370780163190947
118673,0,0.07492446821884452
118675,0,0.2739278003636978
118676,0,0.6022749423752047
118678,0,0.40655694253877
118679,0,0.24299802152206035
118681,0,0.47785836674063836
118682,0,0.06386880266734296
118687,0,0.1533810988240229
118688,0,0.4229195616679391
118692,0,0.8345681185265346
118693,0,0.2725341735829554
118696,0,0.13675521355399647
118697,0,0.08068219784240108
118698,0,0.18287232468165268
118699,0,0.36639345446714405
118701,0,0.2054966371753774
118706,0,0.1104933309162414
118709,0,0.2466184561193913
118711,0,0.05835314379827396
118712,0,0.8215483896772111
118713,0,0.17331796464494226
118714,1,0.5216615928030934
118718,0,0.49369220049979023
118719,0,0.14290501587786514
118721,0,0.6592507732542378
118722,0,0.8255462438080577
118723,0,0.1620491822153193
118724,0,0.1768011852670919
118725,0,0.06251069212661922
118727,0,0.6460944217966771
118728,0,0.15074315049103656
118729,1,0.49784868272866
118731,0,0.25832526330474564
118732,0,0.1262208379072786
118734,0,0.16232993009702124
118735,0,0.1852808684830481
118736,0,0.520436452719358
118737,0,0.5638743411343101
118740,0,0.2790603395148481
118742,0,0.3779117057528535
118743,0,0.2878593082820431
118745,0,0.20921301949176416
118746,0,0.07764684381326065
118748,0,0.11977126821896181
118750,0,0.18979042223611364
118752,0,0.2323454217881487
118753,1,0.7384782846669161
118756,0,0.06329869428621351
118758,0,0.5771853248207338
118759,1,0.5584331483590587
118764,0,0.36672942867104596
118766,0,0.21204880604186935
118767,0,0.2732503460296419
118769,0,0.48761662923521404
118770,1,0.6258475684131282
118775,0,0.15129013286618126
118776,0,0.4881830609022352
118778,0,0.31524161652194566
118781,0,0.5078300544782282
118783,0,0.2947563296014618
118784,0,0.6114415144411147
118786,0,0.1812741481244744
118789,1,0.39449307623856594
118791,0,0.3010299746667102
118792,0,0.43850538802972877
118796,1,0.4883195213667168
118797,1,0.1268083276794388
118800,1,0.7579815715263536
118802,0,0.6256891824843669
118803,0,0.11126199854727852
118804,0,0.33724980098866153
118805,0,0.7888578265775315
118807,1,0.356372316209322
118809,0,0.435320583288077
118810,0,0.2873315684715059
118811,0,0.11339738139497421
118813,0,0.4665161398338073
118815,0,0.34192797125113933
118816,0,0.20857424262309684
118827,0,0.13579435939995005
118829,0,0.4308280728330243
118831,0,0.28165397487370236
118834,0,0.18347127272826227
118836,0,0.13622270466000752
118839,0,0.2791590808999508
118840,0,0.10802821787963332
118841,0,0.3612422963263374
118845,0,0.42440517080334894
118853,0,0.042961492133044926
118857,0,0.27780112049256156
118858,0,0.039747593199510836
118861,1,0.5451219360058609
118862,0,0.32191066179063105
118863,0,0.2143295965478523
118864,0,0.45721100658860403
118865,0,0.09561025893100263
118871,0,0.40862461398326416
118872,0,0.4878368225853233
118873,0,0.3795328544804729
118876,0,0.3552710004970755
118877,0,0.3454386976525272
118879,0,0.05279248772130239
118883,0,0.05806849562626705
118884,0,0.3996249851331827
118887,0,0.13852020209301463
118890,1,0.5153579222396057
118893,0,0.2420212869018008
118894,0,0.17504617503509762
118895,0,0.05550995662939545
118897,0,0.3569784388935433
118898,0,0.5350627075799845
118899,0,0.3667528370153191
118900,0,0.3019138670073404
118901,0,0.1216006824026439
118903,0,0.3063313303997388
118904,0,0.1855045513961237
118905,0,0.4631787798472514
118906,0,0.6106031976031525
118913,0,0.0883431821562655
118914,0,0.34291269325754575
118915,0,0.25645125124024926
118921,0,0.38053084091494493
118922,0,0.3900782286093002
118924,0,0.28875461194002605
118926,0,0.12794821731763897
118929,1,0.20425786850900512
118932,0,0.20915364998887612
118933,0,0.6429677804009872
118935,0,0.4475805432450555
118937,1,0.8312728986502446
118938,0,0.10228379945789001
118939,0,0.08809556596798115
118940,0,0.42817878550155414
118942,0,0.039301412732302955
118943,0,0.1400310439981899
118944,0,0.3138429430224614
118946,0,0.09433942098748872
118947,0,0.49367083581050963
118949,0,0.3966672319587657
118951,0,0.35598870737105265
118952,0,0.20802600961681952
118953,0,0.3891849824051774
118954,1,0.8617856793401041
118956,0,0.39527217618215343
118957,0,0.26764228258793493
118958,0,0.2980480877438973
118962,0,0.3840664876407166
118966,0,0.49439992685225054
118967,0,0.2241410865901566
118971,0,0.41121808271920085
118972,0,0.6577532385716889
118980,0,0.1398149522628377
118981,0,0.05324536943384896
118985,0,0.27849188201277764
118986,0,0.47436360820983836
118987,0,0.5620985938086888
118989,0,0.09759540806676222
118990,0,0.45343642338757295
118991,0,0.17138523255553978
118992,0,0.7012857280487116
118994,0,0.43111578936633704
118997,1,0.7171616756652168
118999,0,0.6101920955960807
119000,0,0.4163806627148472
119001,0,0.17250991943033048
119005,0,0.06245694531227384
119007,0,0.2541784187911306
119009,0,0.2578939771846569
119013,0,0.3936477897901395
119016,0,0.43475913986499687
119017,1,0.7078113166591034
119019,0,0.4090040773697365
119022,0,0.5806524905355215
119024,0,0.26533110395478243
119029,0,0.13714183735728194
119030,0,0.2803856515136357
119031,0,0.5575316341727803
119034,0,0.07740911136602788
119040,0,0.17938630209754994
119041,0,0.6727782525525637
119042,0,0.48886319265398537
119044,0,0.38151701888596934
119053,0,0.24620445660928655
119055,0,0.20785100776263726
119056,0,0.698809012389274
119058,0,0.49945336489506964
119059,0,0.7331607407126219
119061,0,0.39407486928779123
119065,0,0.2657956638083049
119066,0,0.08440298377643385
119067,0,0.5154496774701507
119068,1,0.7190217828325596
119070,0,0.05571499478431815
119075,0,0.19081039189011822
119076,0,0.5989943629428971
119077,0,0.292153972213811
119078,0,0.28545456522375173
119079,0,0.2997365722272961
119080,0,0.09141173999478266
119081,0,0.12604697267657095
119082,1,0.36991118387319977
119083,0,0.6251855623553567
119085,0,0.05173118265485348
119086,0,0.06881077343896362
119091,0,0.3185687937214089
119092,0,0.21962605369634822
119094,0,0.4023889468487488
119096,0,0.10481572617455051
119098,1,0.6651198755273053
119100,0,0.28743174205792793
119101,0,0.646577911839261
119102,0,0.3420531703507024
119103,0,0.11699512931231852
119104,0,0.4192899450595144
119105,0,0.2979085007201631
119108,0,0.521922305131459
119109,0,0.09280017476116999
119117,0,0.22780417145158777
119123,0,0.3293217218775972
119124,0,0.18237878059881457
119126,0,0.3288835562011343
119127,0,0.19401374428850338
119128,0,0.07914823834257288
119130,0,0.6541575113630491
119133,0,0.04710688131806135
119136,0,0.4006784910411742
119139,0,0.18613930821520264
119142,0,0.561206923765591
119144,0,0.3398059305250139
119146,0,0.4310417166291004
119149,0,0.15754985758369114
119150,0,0.18587772641322717
119152,0,0.28203630774673416
119155,1,0.7753430091026298
119156,0,0.05936359313774538
119158,0,0.23491406898160797
119160,0,0.43963884079267307
119164,0,0.5814796968634987
119166,0,0.7367502837069388
119167,0,0.08607934286138277
119169,0,0.7161381104200046
119171,0,0.265699116464295
119172,0,0.3923284980560462
119175,1,0.2952260821943145
119179,0,0.4646127987169336
119181,0,0.5627097257333331
119183,0,0.04404676847553857
119184,0,0.11038144329728161
119186,0,0.1873457321222509
119187,0,0.17103720287440946
119189,0,0.4878589332753208
119191,0,0.27429438764924785
119192,0,0.6471403968659735
119193,0,0.2940609699240115
119194,0,0.11863402808849059
119196,0,0.1578489792415523
119197,0,0.63506657254729
119201,0,0.3824731064296805
119202,0,0.27704113795576585
119206,0,0.7503485008044708
119207,0,0.077712396674726
119210,0,0.11350765658266122
119211,0,0.3457164735601058
119212,0,0.10887005967259651
119215,0,0.31479213211062734
119216,0,0.22761527403736936
119219,0,0.2391111066226518
119220,0,0.29332824710541394
119222,0,0.31222050263416684
119223,0,0.21671179241085142
119227,0,0.06594883925011823
119229,0,0.463584662344757
119230,0,0.32554117479403255
119232,0,0.1748575918916222
119234,0,0.23214314977083078
119237,0,0.2312968544964929
119239,0,0.45288469794934433
119240,0,0.4303898925992007
119241,1,0.6130910972484542
119243,0,0.36575974527378774
119245,0,0.252483773073315
119248,0,0.37968232387148454
119250,0,0.31833943982435764
119252,0,0.5072384597382389
119257,0,0.1589414021477711
119260,1,0.5751757348193453
119261,1,0.5855251711727434
119262,1,0.7033254504966789
119265,1,0.8737979370621268
119266,0,0.3783208244328634
119267,0,0.41697579895932557
119269,0,0.3578510621703826
119270,0,0.47013684121397004
119271,0,0.1646917752819805
119272,0,0.38818821127344516
119273,0,0.5085363937480463
119277,0,0.3303516149757355
119283,0,0.11039455335586705
119286,0,0.21405543651864684
119287,0,0.23441976723975833
119291,0,0.48284719568376416
119292,0,0.267153777135569
119293,0,0.4491946125718882
119296,0,0.7789458754369262
119297,0,0.6933076806676528
119298,0,0.48274328046377113
119299,0,0.23975745007568833
119300,0,0.16517461733628178
119308,0,0.314120351191966
119311,0,0.19162769981191197
119313,0,0.6552852685211812
119316,0,0.3389707770293372
119320,0,0.29570217401429755
119321,0,0.2851155324351597
119322,0,0.5227194549909341
119323,1,0.6766041171981886
119324,1,0.2641739403739218
119325,0,0.7427105448284589
119326,0,0.25724127040685535
119328,0,0.0417698976481148
119330,0,0.4093278846277597
119334,0,0.10177778590315982
119335,0,0.32613368457516756
119337,0,0.606695784142391
119340,0,0.2596037470557053
119343,0,0.33244362615909573
119345,0,0.15380385211557882
119348,0,0.443297832402088
119349,0,0.39060217386496043
119350,0,0.4802525224330026
119353,0,0.25300189258935996
119354,0,0.7371517240466618
119355,0,0.18692008258183254
119356,0,0.26071099952110477
119357,0,0.1119978065178269
119358,1,0.382439242012946
119360,0,0.4050432786112582
119361,0,0.5181474381132501
119363,0,0.49499708899565287
119364,0,0.23024662281560032
119365,0,0.1372725432309074
119367,1,0.3942238647111727
119369,0,0.4137975059350933
119370,0,0.6489812598102406
119372,0,0.3125940639899456
119375,0,0.05635091575479312
119376,0,0.33459639902804994
119381,0,0.31163636375992665
119382,0,0.341808123245607
119383,0,0.41990707966627927
119385,0,0.18074674019461542
119386,1,0.3558117706684867
119391,0,0.570232585563548
119393,0,0.41740524338743706
119394,0,0.1522335967524921
119396,0,0.3599319103130548
119397,0,0.11608348559421393
119399,0,0.4507471351730915
119400,1,0.7872333597729548
119405,0,0.5678321109103057
119406,0,0.3336738179149993
119407,0,0.40507378963432783
119413,0,0.8399568224238326
119417,0,0.15970753907915392
119418,0,0.42248433748893427
119420,0,0.37537447510780386
119421,0,0.06542326739355969
119422,0,0.14058992492461497
119423,0,0.3408924397679134
119424,0,0.07702579519676399
119427,0,0.507255170261949
119429,0,0.46774360223075895
119430,0,0.4147575785662214
119433,0,0.40754564402983684
119434,0,0.5402769777230524
119435,0,0.2133680446805967
119438,0,0.2817649825000723
119441,0,0.40474141037644207
119442,0,0.747462284514458
119443,0,0.2120781345103236
119447,0,0.4701316927779701
119450,0,0.28972380261383346
119451,0,0.6012502671535546
119453,0,0.10994512708178088
119454,0,0.7759538856537109
119455,0,0.4524263254521356
119456,0,0.4264840377434445
119461,0,0.41707107835871443
119462,1,0.42056408775605486
119465,0,0.2844199259984572
119466,0,0.3147069557267491
119467,0,0.06430552258417147
119470,0,0.045710218173875314
119471,0,0.1283352100588665
119478,0,0.5521828627326697
119480,0,0.07691475565018535
119481,0,0.1755993331122087
119483,0,0.3063812323771327
119484,0,0.16531677732081423
119486,0,0.37710771959959666
119487,0,0.2768892392136
119488,0,0.44184047360152323
119491,0,0.37891054458396606
119492,0,0.3074205541095643
119495,0,0.2921214893892798
119497,0,0.12052703400019985
119499,0,0.48039318124705854
119500,0,0.3907618254136411
119501,0,0.15401542876076527
119503,0,0.2688453393313695
119504,0,0.2680689673836973
119507,0,0.5091273807262799
119508,0,0.08095187954944694
119510,0,0.5171611981990327
119511,0,0.28497941684146266
119512,0,0.3641658007130948
119519,0,0.5231432850337586
119521,0,0.13164849936486217
119523,0,0.04289076043831355
119524,0,0.2626940402112473
119526,0,0.2796287229351301
119532,0,0.3963841073696614
119533,0,0.22892137883770908
119537,0,0.28064212964017227
119540,0,0.4818239237609358
119541,0,0.28803470980358475
119543,0,0.3904374295882035
119544,1,0.7649421875720387
119547,0,0.6365951379637595
119551,0,0.34160590836136623
119552,1,0.7185241534861364
119554,1,0.7103958171184296
119556,0,0.21471990458753498
119557,0,0.16577038308329148
119559,0,0.3957119571855786
119561,1,0.7244458758434937
119562,0,0.5644233302742482
119563,0,0.4419874752885763
119565,0,0.24222339202610293
119567,1,0.6786800767555148
119569,0,0.07816271752810262
119571,0,0.6694634313191555
119575,0,0.277301754594869
119580,0,0.06738983102740179
119581,0,0.11496094249292141
119583,0,0.08034189654414553
119584,0,0.3287344430769689
119585,0,0.6598362465568529
119586,0,0.289320556151622
119588,0,0.23375793928599625
119589,0,0.08847718901336053
119590,0,0.1736080480670473
119591,0,0.5570682535340993
119592,0,0.519743286938289
119593,0,0.7436138024091252
119594,0,0.3887787370105278
119595,0,0.5438241366379366
119597,0,0.20317012769859058
119598,0,0.3641595261853182
119600,0,0.17075460070084655
119603,0,0.11814178964010573
119604,0,0.2940525808378906
119605,0,0.33327056287450785
119606,0,0.1870453656095985
119608,0,0.21866655591654624
119613,0,0.11267813741742219
119617,0,0.4269260976422144
119618,0,0.5470546491218666
119619,0,0.1691027662242306
119621,0,0.21570699984488848
119622,0,0.7465416521967823
119623,0,0.08640153290506584
119624,0,0.7250152545625878
119626,0,0.13242222216239682
119627,0,0.19607281917821878
119628,0,0.13499963329540304
119629,0,0.3880341630037892
119630,0,0.18443107265769507
119632,0,0.35752318394322213
119634,0,0.3619090046726927
119635,0,0.1515863961909169
119636,0,0.4441818414022126
119637,0,0.6791143640549443
119640,0,0.520694080338002
119641,0,0.1226225586916481
119642,0,0.47678355412441836
119644,0,0.4176434591702122
119645,1,0.6109298590448221
119646,0,0.10366995496677207
119648,0,0.17612798863412063
119651,0,0.32621790461599964
119653,0,0.1063770451537138
119659,0,0.5491678901649675
119660,0,0.3728500648394114
119664,0,0.767050252531044
119665,0,0.5555663412816382
119667,0,0.35833973189189844
119668,0,0.08921485493291247
119669,0,0.1560428655708978
119670,0,0.2579491093859821
119675,0,0.7358672201908516
119678,0,0.579382178068181
119679,0,0.05923304682222928
119680,0,0.3324583550720934
119681,0,0.3842650291607083
119683,0,0.27083214401366495
119687,0,0.1066914301337449
119688,0,0.6185623061887501
119689,0,0.307223896563675
119692,0,0.3898274845554999
119693,0,0.27597741273985565
119694,0,0.07490672569502531
119695,0,0.24532100344520863
119696,0,0.2127862077827931
119698,0,0.16096253476099656
119700,0,0.1560424837143609
119702,0,0.1313812903025323
119703,1,0.2302974056499568
119707,1,0.6884099033255776
119708,0,0.4456412169826443
119711,0,0.30221721866375695
119712,0,0.5186881243747715
119716,1,0.6927533403362532
119727,0,0.16053226219258734
119731,0,0.65559624715532
119734,0,0.5437517809536944
119735,0,0.6086956883917315
119737,0,0.21761082633083695
119738,0,0.6965659177833299
119742,0,0.18540123942130698
119743,0,0.19959711502939823
119745,1,0.6905220094555734
119746,0,0.29088696539711634
119747,0,0.3335747061722266
119750,0,0.1688264290246338
119751,0,0.3940585303777468
119752,0,0.44394993258103854
119753,1,0.5853650474272947
119755,0,0.2762988316374818
119758,0,0.23784337149759605
119759,0,0.19275260799023147
119760,0,0.35430681306401307
119761,0,0.13573680068429306
119762,0,0.6320957230225017
119765,1,0.5438339724031589
119766,0,0.36118816246682306
119768,0,0.2613920357031007
119769,0,0.5271405729248174
119772,0,0.22179516450259382
119773,0,0.15588931491111932
119775,0,0.2658668936177597
119776,0,0.6613559671731724
119777,0,0.3292984448458383
119779,0,0.3130095607688519
119780,0,0.7237701909791414
119781,0,0.31627239777945493
119785,0,0.6946639925556022
119787,0,0.2506685687539457
119788,0,0.3884687348556874
119791,0,0.3061513358481332
119795,0,0.40193182447045234
119798,0,0.48315153054001714
119799,0,0.313584331108449
119800,1,0.813508097367016
119801,0,0.3270397971018357
119802,0,0.20999001348003174
119806,0,0.4918054889302475
119807,0,0.4343492088378726
119808,0,0.6629279217536784
119809,0,0.6476932557437097
119810,0,0.11807744233304589
119811,0,0.21150396853646666
119813,0,0.3611008636848752
119814,0,0.3696408618742525
119815,0,0.05052128206550534
119817,0,0.28091652397526595
119821,0,0.45371619068012475
119825,0,0.13244318192159144
119829,0,0.12389889327539005
119830,0,0.06922804605506232
119831,0,0.06708213118828116
119832,0,0.13366664514593868
119834,0,0.4999207307480136
119839,0,0.3254925043967378
119841,0,0.24150781451288542
119842,0,0.6347622313392415
119843,0,0.6457363498458312
119845,1,0.425176490885591
119846,0,0.5353834576686742
119848,0,0.16752100746578436
119852,0,0.12394794291586737
119854,0,0.17573743952935544
119855,0,0.28026562068122707
119859,0,0.204729961041381
119864,0,0.5160681053800225
119869,0,0.09911148367352332
119870,0,0.7233899605307618
119871,1,0.7174454356867557
119873,0,0.2836276450530139
119875,1,0.4294635603462161
119876,0,0.3862023041063327
119878,0,0.04027183443112189
119879,0,0.10067794457692722
119880,0,0.05546018825999708
119882,0,0.64952070981118
119885,0,0.6033605282480659
119886,0,0.49880842286537697
119887,0,0.07006807837277343
119889,0,0.35163607664412555
119890,0,0.31083165873562457
119891,0,0.31702992259623985
119892,0,0.1071785008654694
119896,0,0.6384820254342058
119897,0,0.2958224468177225
119898,0,0.06378961879948453
119901,0,0.04308934500934856
119905,0,0.7194918978638554
119907,0,0.3143502412047991
119908,0,0.15463156371784617
119911,0,0.7474610971024401
119913,0,0.23330850862207098
119915,0,0.14833267928180444
119917,0,0.3466150893427713
119918,0,0.4287278500817404
119923,1,0.692666721091368
119927,0,0.058241971001410084
119928,0,0.12118177493045137
119929,0,0.11346343397458443
119930,0,0.06591144227625906
119932,0,0.4165775289168951
119935,0,0.07566553401511326
119936,0,0.05249770442367137
119937,1,0.6079492771787277
119939,0,0.5598018649389597
119940,0,0.5413650100289411
119941,0,0.29736767451932405
119942,1,0.5947220166598669
119944,1,0.7885073065207513
119947,0,0.26689720517442594
119948,0,0.4631517098571088
119949,0,0.1950820745679739
119951,0,0.4113415352892903
119953,0,0.3016875868237272
119958,0,0.6879710640034833
119959,0,0.47715850636428375
119960,0,0.05622916701109946
119964,0,0.9135868275624917
119965,0,0.13392561410486403
119966,0,0.3005476388373242
119968,0,0.7460588479210092
119969,0,0.24049740336660008
119970,0,0.04435700157707164
119972,0,0.5335154131750348
119975,0,0.05668828280318879
119978,0,0.36120533051429865
119979,0,0.5297881302904872
119980,0,0.4395410370612785
119981,0,0.05857826979991496
119982,0,0.1364910702307366
119987,0,0.4173581783674523
119988,0,0.05597290377106216
119989,0,0.0513696962808875
119994,0,0.20964095426915735
119995,0,0.13302010008732065
119996,1,0.27482673560772436
119997,0,0.6846049674996523
120000,0,0.5864809285040321
120001,0,0.4141351858944192
120003,0,0.6197288052120729
120004,0,0.8196685249232951
120005,0,0.3437170218832267
120010,0,0.7790524960773718
120011,0,0.10667662263596525
120013,0,0.7670695813865803
120016,1,0.7127405583703543
120017,0,0.10885299181165864
120018,0,0.26173760106053784
120019,0,0.2568329218122606
120020,0,0.0651344146073988
120021,0,0.6181952121373226
120022,0,0.21792497292193627
120023,0,0.6660472508346109
120025,0,0.06161949640651636
120026,0,0.1817907335735532
120027,0,0.14466241789412787
120029,0,0.1341135894897049
120030,0,0.2776829800204451
120039,0,0.1666364113313991
120040,0,0.6197338669854482
120041,0,0.26714223423947026
120043,0,0.4373147245774878
120045,0,0.6139339691711925
120047,0,0.5116692526386419
120048,0,0.04056543807819252
120049,0,0.232516999088291
120052,0,0.6030189069254226
120053,0,0.10034429563699743
120055,0,0.19440188714457982
120056,0,0.31188064163445706
120062,0,0.28303628841750694
120063,0,0.4211789167754424
120064,1,0.6779725179417677
120065,0,0.04947013454169187
120067,0,0.5310736101201587
120068,0,0.06382506478352451
120069,0,0.5283884774553541
120071,0,0.4239068272426077
120076,0,0.6604072203345986
120078,0,0.5107932185181159
120079,0,0.04338183504489886
120080,0,0.750958694786098
120082,0,0.17749769314786432
120084,0,0.03829266125766735
120089,0,0.22549810398887044
120090,0,0.37673781295453024
120091,0,0.16111888365742305
120097,0,0.2606229788934022
120099,0,0.3821474191157341
120101,0,0.11846071618254501
120103,0,0.47407731169153716
120104,0,0.06970763069743564
120105,1,0.7248785233276793
120106,0,0.24163414693106483
120107,0,0.463673947181961
120110,0,0.13629983306465765
120111,0,0.3067635416541673
120113,0,0.3848618782612007
120115,0,0.08474496924953952
120116,0,0.3850127159434543
120117,0,0.5690595245981603
120119,0,0.3672709351203965
120121,0,0.348795947017796
120124,0,0.3007489828466128
120126,1,0.8132760014918254
120127,0,0.33816673879764453
120129,0,0.040219198227126336
120131,0,0.31978820681028564
120136,0,0.35767952653478574
120137,0,0.161940211674108
120142,0,0.10798229609912684
120145,0,0.1728700664415513
120147,0,0.12633393499342238
120148,0,0.29589152044270894
120149,0,0.06147541798499488
120150,0,0.4249565272919039
120152,1,0.24755637202834446
120153,0,0.10739176515313945
120154,0,0.0929645550933276
120156,0,0.25014200633792194
120158,1,0.5116115221657472
120159,0,0.2480171795535883
120160,0,0.24865812654233554
120163,0,0.0829908015128761
120165,0,0.1619213823061256
120169,1,0.7536560327583139
120171,1,0.19720454235553603
120173,0,0.6626250879175557
120177,0,0.2226907274846222
120178,0,0.8137914548217777
120179,0,0.15425889706391135
120180,1,0.6972976350699781
120181,0,0.42180482093351246
120183,0,0.5517181619228885
120188,0,0.3249701854156524
120190,0,0.4749556594595873
120193,0,0.21070597132152727
120194,0,0.0794365937699029
120196,0,0.1587960481698701
120197,0,0.1452997148233358
120198,0,0.47824809704121274
120202,0,0.19374608320654446
120203,0,0.1539770289051467
120204,0,0.5321048367264131
120207,0,0.2112142465845673
120208,0,0.3841609847419524
120209,0,0.5556547586480863
120211,0,0.19184230708453476
120212,0,0.22586053272698084
120214,0,0.46172193502958325
120217,0,0.14223329360931247
120219,0,0.4977718915637436
120223,0,0.27353066847283797
120224,0,0.5173947248143462
120228,0,0.2225719940833549
120229,0,0.18128703973755653
120230,0,0.15678728292924576
120231,0,0.5572983104322151
120239,0,0.16102512893845328
120241,0,0.5825888834831352
120246,0,0.26754409695927306
120247,0,0.18773503327856875
120248,1,0.7699942916913587
120249,0,0.5194852591404227
120250,0,0.16608964863613707
120251,0,0.5836134822804545
120252,0,0.1838057219356341
120257,0,0.5828920861314286
120258,0,0.16094691577543938
120259,0,0.5180168253213712
120260,0,0.38356779352886394
120268,0,0.6602976745012752
120273,0,0.18029581208188278
120278,0,0.42073492057144996
120279,0,0.23609770419821788
120283,0,0.15122732453431417
120285,0,0.41863207047390655
120286,0,0.21234178372289364
120287,0,0.2871459092029192
120291,0,0.059935666265652034
120292,0,0.6592888378910597
120293,0,0.36600762954556965
120296,0,0.12931867861781798
120300,1,0.7242558573309144
120307,0,0.39023782047867794
120310,0,0.28044721852040133
120311,0,0.4427632793471813
120312,0,0.14349372452856113
120313,0,0.07670675755408153
120315,0,0.5559467812188438
120316,0,0.248377876371601
120319,0,0.17676069072385836
120321,0,0.5575352147194724
120322,0,0.6583278021161895
120324,0,0.2951930014541249
120325,0,0.16105761167287985
120327,0,0.5433383296357539
120329,0,0.24413712196564585
120330,0,0.5117751166904222
120331,0,0.13316779454378547
120332,0,0.35443379224102844
120333,0,0.31058886797155194
120334,0,0.06378579396839185
120335,0,0.05511696181263707
120336,0,0.2537195718969126
120338,0,0.6284842756046652
120339,0,0.174880557747833
120340,0,0.2545746381447124
120343,0,0.2573061196901551
120345,0,0.28294905998184017
120346,1,0.7480612327648226
120350,0,0.27677817510933067
120352,0,0.2856375917511936
120353,0,0.3577795798097503
120354,0,0.18662813776156284
120355,0,0.07408217936088399
120356,0,0.3608493265081453
120358,0,0.4873178443003927
120361,0,0.22574071453265593
120363,0,0.13216208874742968
120364,0,0.7013027438046647
120366,0,0.15300868331076134
120367,0,0.14302918627013292
120368,0,0.3689589824737415
120369,0,0.2227983142289885
120371,0,0.29643765329929994
120373,0,0.09576363697098686
120376,0,0.39889179763254345
120377,0,0.203198231448568
120379,0,0.19876917432261315
120380,0,0.4541006073088768
120381,0,0.570962163322805
120382,0,0.150974496794774
120384,0,0.608663089641588
120386,0,0.6676582225443589
120387,0,0.3110656379870202
120388,0,0.19419088924267855
120389,0,0.2040839582667971
120392,0,0.13794863299175453
120393,0,0.1723663425587524
120395,0,0.33838464481116237
120396,0,0.5553239204460597
120398,0,0.5487924639065842
120400,0,0.13632570108638484
120401,0,0.41357762788492786
120403,0,0.5436400362049444
120404,0,0.05705654531936557
120405,0,0.1666434693959155
120407,0,0.18893556960391758
120410,0,0.09821438711711869
120411,1,0.7605383471400712
120412,1,0.7315243364790478
120413,0,0.5263271231271146
120414,0,0.048011120141872365
120415,0,0.11810924959527065
120416,0,0.30612342841474993
120418,0,0.3328543690674307
120419,0,0.5809150884035674
120420,0,0.529091607176931
120422,1,0.705940413409183
120426,0,0.7831423021398075
120427,0,0.08626329375407442
120428,0,0.1559615287989258
120432,0,0.38876374201552166
120435,0,0.69753986559697
120436,0,0.6538746533399948
120440,0,0.1639048304467693
120441,0,0.060351556264697494
120442,0,0.5132994244031306
120443,0,0.18221171089883997
120444,0,0.36780272112876145
120447,0,0.19547039423599352
120450,0,0.19094997344293171
120451,0,0.08932576854279486
120452,0,0.5254246300188965
120454,0,0.060593048407821
120455,0,0.2788668359713891
120456,0,0.4119688505925502
120458,0,0.16975533450239114
120460,0,0.3253072760435728
120461,0,0.15103768972490625
120462,0,0.18516672686382277
120463,0,0.21272650324889888
120467,0,0.3794809312893212
120468,0,0.43064663237860995
120471,0,0.21933733662346305
120472,0,0.3657484986343372
120473,0,0.4860421471908077
120475,0,0.3086807523283247
120476,0,0.21765720942820152
120478,0,0.5997401644454683
120479,0,0.21041847552147663
120480,0,0.26104308636623524
120481,0,0.10391505623037603
120483,0,0.2308912547229191
120484,0,0.13169269627963892
120485,0,0.14285094006181961
120490,1,0.13004037047562442
120491,0,0.30561514193568284
120494,0,0.09109209369409252
120497,0,0.6001681409895147
120498,0,0.15229315194033927
120500,0,0.38111332684107296
120501,0,0.5843823625395135
120509,0,0.31523958557204634
120510,0,0.4581912102418377
120511,0,0.5491161745804721
120512,0,0.09274634897392908
120517,0,0.394265486742708
120519,0,0.6712211653884442
120521,0,0.5613426802808986
120522,0,0.3543857414941991
120523,0,0.07138514126599693
120526,0,0.3533396399874282
120527,0,0.5614416906419641
120528,0,0.19167750462370106
120529,0,0.08306845526109603
120531,0,0.4083964998541286
120535,0,0.6329714207647805
120538,0,0.32661466087599456
120540,0,0.44534567220477933
120541,0,0.12543220930955343
120542,0,0.19100587787313364
120544,0,0.41758788363888205
120545,0,0.3581804425297231
120552,1,0.8613350710891622
120553,0,0.11809269248563747
120555,0,0.5147395866994715
120556,0,0.23577605427022036
120557,0,0.48373414346614896
120558,0,0.2713907337777964
120560,0,0.1281066358312067
120561,0,0.18972989966051773
120563,0,0.6200821345166426
120567,0,0.2956701502282885
120570,1,0.7930574056211961
120571,0,0.15752547089560262
120573,0,0.5386367470226796
120576,0,0.05884653075549249
120577,0,0.6309519253716289
120581,0,0.1481898493514533
120584,1,0.38232144078831515
120585,1,0.13690340651278315
120586,0,0.14985806609431881
120590,0,0.30836012602116253
120591,0,0.30743408031989466
120596,0,0.06931037998783926
120597,0,0.2394190414980244
120598,0,0.5667208100469755
120601,0,0.2543109116936995
120603,0,0.3459759623770212
120607,0,0.6772858123708795
120608,0,0.3626540162752735
120609,0,0.10472426900208395
120610,0,0.24223143809568293
120611,0,0.640563874336566
120613,0,0.5701623305186485
120614,0,0.215703326299091
120616,0,0.33748194918751667
120617,0,0.7069046817241309
120618,0,0.2990025399500576
120623,0,0.16942036558006318
120625,0,0.29585584155414457
120629,0,0.048985971533125054
120631,0,0.09165940111145676
120633,0,0.19004878338551867
120635,0,0.2640094232947135
120636,1,0.23921581623099347
120641,0,0.2250936721186437
120645,0,0.29390454651577363
120647,0,0.4967516236294796
120650,0,0.3601851764185474
120651,0,0.5581811126889576
120652,0,0.6196087477623893
120653,0,0.4618358008512363
120654,0,0.1774631482868349
120659,0,0.11793453498579298
120661,0,0.07161742940331543
120662,0,0.2549602912615112
120663,0,0.31217955552782417
120666,0,0.41301280372712307
120667,0,0.20915145701561189
120671,0,0.21749916238896297
120676,0,0.07116455596708925
120677,0,0.47420607954713007
120678,0,0.240027588797557
120683,0,0.3609997512747371
120684,0,0.11915926585535278
120687,0,0.15512791664535402
120688,0,0.20310939147924997
120691,0,0.2506113555687097
120694,0,0.39461414443900894
120696,0,0.287451622789121
120699,0,0.4968384227003618
120700,1,0.7595038408527903
120708,0,0.24035034061471938
120709,0,0.6794607706166029
120710,0,0.7094937241179905
120711,0,0.23370074498035728
120712,0,0.6780529192941486
120714,1,0.44269435346206043
120717,0,0.3704751619793641
120718,0,0.44183405814386456
120720,0,0.18408424344982252
120723,0,0.672529723375346
120727,1,0.5696605166540776
120730,0,0.2880112830967865
120731,0,0.07545460724463475
120733,0,0.3545001802465204
120734,0,0.5093301084319002
120738,0,0.5142888321642144
120742,0,0.468730324510342
120743,0,0.2934891134209074
120745,0,0.167989707656591
120746,0,0.284392486463703
120747,0,0.8688507657307559
120748,0,0.6736583761075986
120749,0,0.29629430506432153
120751,1,0.7676606593269829
120752,0,0.5101790577064549
120754,0,0.495531354754966
120757,0,0.4939015813881057
120761,0,0.2538120268317489
120762,0,0.6175029488736028
120769,0,0.2132784647074844
120770,1,0.6450133201819677
120774,0,0.5214163678355035
120778,0,0.18362504045007505
120779,0,0.5870112020637901
120780,0,0.07049344652004207
120782,0,0.20654314251420508
120784,0,0.47362461894956287
120788,0,0.1626527294779249
120791,0,0.4221078703066672
120792,0,0.49425709928783396
120793,0,0.7439983422696257
120794,0,0.2070402405675384
120796,0,0.5395825635176583
120798,0,0.3607367093469381
120799,0,0.6773176744376816
120802,0,0.19739872055705954
120804,0,0.14278774941393285
120814,0,0.18966555568597765
120817,1,0.4382164910043846
120819,0,0.093243738203354
120821,1,0.5946540385050437
120823,0,0.6059592679281833
120824,0,0.5520682295382698
120825,0,0.7731370733817922
120826,0,0.29226718792448747
120827,0,0.18854099324362641
120828,0,0.28522005008852896
120829,0,0.7462217024840548
120831,0,0.3930747876697425
120832,0,0.7128579531401431
120833,0,0.2835714856505083
120836,0,0.489750187882664
120837,0,0.1172395114685401
120838,1,0.22591939029875943
120840,1,0.20934516236930234
120841,0,0.8241424235665251
120842,0,0.08710604821186325
120843,0,0.21093798421890245
120846,0,0.12055895981018774
120847,0,0.39120258629155247
120848,0,0.05448087368093363
120849,0,0.3431577928742208
120851,0,0.26840414734873896
120855,0,0.19431672096474822
120859,0,0.32195486631501197
120860,0,0.44631226537487667
120862,0,0.2452465082666709
120863,0,0.3331212685288243
120864,0,0.26669621449755304
120870,0,0.2448847382836051
120873,0,0.37728999373740846
120874,0,0.26366541644222874
120875,0,0.32678142212099714
120876,0,0.08592670066223215
120878,1,0.6696179833329103
120879,0,0.22399936482310082
120880,0,0.10354693175073988
120881,0,0.30802964434483726
120882,0,0.2741134790373419
120884,1,0.28557183816865617
120885,0,0.3244372560488432
120886,0,0.5263501907668192
120887,0,0.3615354019426623
120888,1,0.7096542568976706
120889,0,0.08469235179465054
120894,0,0.3363081855844191
120897,0,0.15451870318200484
120898,0,0.33844340832930536
120899,0,0.30300708858608194
120901,0,0.631663763016874
120904,1,0.8510968326458637
120905,0,0.43898987923642413
120908,0,0.09415581882071863
120909,0,0.6250878401807309
120911,0,0.8378626826094084
120912,0,0.3694263323998183
120917,0,0.5284172729010632
120920,0,0.09931654455692492
120921,0,0.30508021267116625
120922,0,0.5877758985157826
120924,1,0.8557101780012406
120925,0,0.1908227635918446
120927,0,0.6602591929356963
120928,0,0.14142072800272074
120930,0,0.4574848462934102
120933,0,0.3635921108925556
120934,0,0.3298145881075329
120936,1,0.6924493086703145
120939,0,0.7544444786092435
120945,0,0.14154724863702445
120946,0,0.4954272639223761
120948,0,0.7778223340187901
120950,0,0.22275303493536236
120953,0,0.7319279462159177
120956,0,0.13428890600872834
120959,0,0.4738370532739582
120960,0,0.5167296811739297
120962,0,0.3371509081744074
120965,0,0.12487858129225707
120967,0,0.8556577279709142
120969,1,0.841584887194285
120971,0,0.17252174625871286
120972,0,0.26312085670112195
120973,0,0.1949398390760353
120974,0,0.8228657397927449
120978,0,0.2969136125652919
120979,0,0.5016177181445006
120981,0,0.6442908761361814
120982,1,0.5937921083807884
120983,0,0.32594465588406396
120984,0,0.361059179106132
120987,0,0.5596556693822832
120989,0,0.22470728579032656
120990,0,0.06398829480479153
120991,0,0.1016174946035668
120992,0,0.35570925769856376
120994,0,0.7863877639041092
120995,0,0.576288971090803
120999,1,0.4482986771648888
121000,0,0.34701001442989055
121001,0,0.21711313619521394
121005,0,0.7982581820295422
121006,0,0.3704927820696467
121008,0,0.43013066471197164
121011,0,0.21308231276860418
121012,0,0.1363551566845087
121015,0,0.3799939382820046
121020,0,0.39462193814035695
121022,0,0.10057305792397295
121023,0,0.3094725094251565
121027,0,0.34911049083326606
121029,0,0.6172723565625131
121030,0,0.37618623550127117
121032,0,0.0720111199081396
121033,0,0.05526503626796303
121037,0,0.11442520161187988
121038,0,0.27980901641041167
121041,1,0.8918909474532413
121043,0,0.6429072462415566
121045,0,0.3571414248164999
121047,0,0.2850147323893729
121052,0,0.5023721879706242
121053,0,0.37697523994833854
121057,0,0.2789106555991373
121058,0,0.581597717959023
121060,0,0.11702111993620432
121061,1,0.24090176633571617
121063,0,0.18040342679263263
121064,0,0.4638520024677691
121067,1,0.7555292205958761
121068,0,0.2580271038159665
121069,0,0.6549844233023974
121070,0,0.13673588918077206
121071,0,0.08351161488352979
121072,0,0.26606871182104275
121073,1,0.3558789094407942
121074,0,0.19536213460578425
121076,0,0.09241916987777085
121077,0,0.2620133310312474
121078,0,0.7962359549461094
121080,0,0.3054957934371907
121081,0,0.24542830054405096
121082,0,0.13725813780211826
121083,0,0.2523169186042054
121088,0,0.6875969182722123
121089,0,0.27051631564174927
121091,0,0.06505683234890478
121095,0,0.3625508768526714
121098,0,0.400092960411242
121101,0,0.3998386725252659
121102,0,0.19894259276484233
121105,0,0.3569902990978637
121106,0,0.3475296984196492
121110,0,0.32815566621511605
121111,0,0.22044561808348284
121114,0,0.16925837548128558
121115,1,0.7059585434451808
121116,0,0.37496480330622173
121117,0,0.2369006562111667
121120,1,0.9096154425738904
121122,0,0.24364540617213928
121123,0,0.5408967131636514
121125,0,0.7922595369317572
121126,0,0.1419876873122618
121134,0,0.5935716765288683
121135,0,0.2716741348513635
121136,0,0.2581506083350519
121138,0,0.2853983423305161
121139,1,0.7118054619263167
121142,0,0.42830901752288464
121146,0,0.1249421602267318
121147,0,0.1333894686049815
121148,0,0.40091808282644176
121149,0,0.20423451440994617
121153,0,0.5433545731423303
121154,0,0.18702012370943186
121156,1,0.33040972027625887
121157,0,0.17925249550087305
121162,0,0.1464684004484714
121165,0,0.12918920367301742
121169,0,0.10878370929951064
121171,0,0.20644027019012573
121172,0,0.6933353396014581
121173,0,0.6831634266729851
121174,0,0.3158049159638636
121175,0,0.35955309596404766
121176,0,0.3523767231741609
121177,0,0.11277886203932741
121178,0,0.5098688938208896
121182,0,0.2056157331731369
121183,0,0.5329709450390452
121185,0,0.13637451029575884
121187,0,0.7844173946494196
121188,0,0.05171887948275208
121192,0,0.13104833867109755
121194,0,0.12730510889183472
121197,0,0.22667730598397715
121198,0,0.09748577761552697
121199,0,0.04254515199327458
121200,0,0.23649561984415368
121201,0,0.7129575915349661
121203,0,0.2185705964759269
121204,0,0.5321312968536899
121205,0,0.3704909851717845
121206,0,0.1980966235682387
121207,0,0.27351630753414125
121208,0,0.2923783006456429
121210,0,0.2266336931939396
121211,1,0.6128974997710167
121213,0,0.07687396196739157
121215,0,0.0560995436528446
121219,0,0.2696458044519241
121220,0,0.17058784287621317
121228,0,0.048155397711749835
121231,1,0.9452844634127399
121235,0,0.20298076719692792
121237,0,0.29938533393856187
121240,0,0.33925022626350665
121242,0,0.13049981303378727
121243,0,0.20390684125679295
121245,0,0.09505895702222585
121246,0,0.3469797225222451
121249,0,0.528960023335938
121251,0,0.7323785717972895
121253,0,0.2663425901277494
121254,0,0.10599488015046703
121255,0,0.43679172400445915
121256,0,0.2156353194591174
121258,1,0.5336597569981227
121259,0,0.06100158529993312
121260,0,0.4214592660542376
121261,0,0.11837772791491397
121264,0,0.3188477617074657
121266,1,0.21508296665189103
121269,0,0.627883932975348
121272,1,0.44335286704826665
121274,1,0.8238848088760097
121276,0,0.33377337155185527
121277,0,0.7760416084853802
121279,0,0.07910077600538173
121284,0,0.76220320957702
121286,0,0.07980084727430917
121287,0,0.44564444981945106
121291,0,0.5009001223299354
121293,0,0.4742400612503557
121294,0,0.48161294567461355
121295,0,0.2140604266839178
121296,0,0.2903690398219042
121299,0,0.43765918873369375
121303,0,0.11900752232340858
121304,0,0.2647694231223549
121305,0,0.2563640444620129
121308,0,0.25097059668950156
121309,0,0.32481029782044535
121311,0,0.12814177763920995
121313,0,0.1358066349305766
121315,0,0.5437269702846027
121317,0,0.6025054336062471
121318,0,0.22524860803840738
121319,0,0.207544409883186
121321,1,0.6772373325967047
121322,0,0.35940954399652425
121324,0,0.06122463062168156
121325,0,0.523280089271788
121326,0,0.265952974702241
121328,0,0.47443404568025016
121329,1,0.6689618673626867
121330,0,0.5151368256685684
121334,0,0.1978887953644692
121335,0,0.3211593920393764
121336,1,0.234653324984966
121337,0,0.2698835036320329
121339,0,0.3472963570982574
121340,0,0.04529002594562616
121341,0,0.3749414776672177
121345,0,0.09688286874643118
121346,0,0.48869565276270566
121348,0,0.4445259151786892
121349,0,0.40591301408234626
121350,0,0.12330930405156908
121351,0,0.09736376889854807
121353,0,0.4717805281009128
121358,0,0.7809774562441636
121359,0,0.5527933238107575
121360,0,0.7577183383283563
121361,0,0.047214872134773
121364,0,0.19434452736458382
121365,0,0.11556388789178387
121367,0,0.5473073060249123
121368,0,0.1970313012114249
121371,0,0.18643852844946399
121373,0,0.514107954495275
121374,0,0.16648667912643966
121378,0,0.09610317029292889
121381,0,0.6993899343637763
121382,0,0.3001684530683213
121383,0,0.4410829725188127
121384,0,0.41436682236432487
121386,0,0.46239947179933977
121391,0,0.5152146481976254
121393,0,0.16876678181312918
121394,0,0.23200814135650716
121395,1,0.714371289840613
121398,0,0.3237323833123701
121400,0,0.08611158687554939
121405,0,0.12020591606090722
121406,0,0.41233214293822573
121408,0,0.10760782696963149
121410,0,0.5694324983908925
121414,0,0.3201152098301031
121415,0,0.5271980377232308
121417,0,0.2494820314146672
121418,0,0.19211009070556012
121420,1,0.5448605892593169
121422,0,0.17773090336264055
121424,0,0.08419138978855724
121425,0,0.15089425625488767
121426,0,0.34369747100696274
121427,0,0.4762353622752277
121428,0,0.2399355248303489
121432,0,0.22569904665716217
121435,0,0.1459912922292988
121438,0,0.3001908275174946
121441,0,0.0524327418495232
121442,1,0.8927208298429058
121443,0,0.13288827081070376
121445,0,0.6014441430274171
121450,0,0.45892018635945353
121451,0,0.17508282168275288
121453,0,0.12025942120429682
121457,0,0.5209019201060978
121458,0,0.1711018088715191
121459,1,0.7552312390169544
121460,1,0.6067748990402367
121461,0,0.18198680114805824
121462,1,0.40496102901449404
121464,0,0.3461244716540394
121465,0,0.7818433446107643
121467,0,0.3222912258073753
121468,0,0.5292418169805779
121473,1,0.38118932629644964
121475,0,0.315562893547431
121476,0,0.19802320550738986
121479,0,0.07190377099632166
121480,1,0.4435401956549577
121481,0,0.2047433529001969
121483,0,0.0916027917156609
121484,0,0.3914821310765447
121485,0,0.09088477385534818
121486,0,0.16114212641231912
121488,0,0.06896769527814879
121489,0,0.6701882025679459
121490,0,0.03293203726246793
121493,0,0.24164169728666657
121494,0,0.4970236554831846
121500,0,0.14258426802609955
121502,0,0.11939687971433033
121505,0,0.4970660009762938
121506,0,0.3469439521269722
121508,0,0.3938917966951365
121509,0,0.13918433543282627
121512,0,0.5168014384374774
121519,0,0.2799650105096926
121520,0,0.5185582661948149
121521,0,0.056936594480732204
121525,0,0.40691928067737787
121526,0,0.40634963948049113
121528,0,0.12373018375024351
121530,0,0.2217026015988362
121532,0,0.6509546586747395
121533,0,0.11814663983809404
121534,0,0.06971498509932118
121535,0,0.22410386614405708
121538,0,0.1408438749695709
121540,0,0.26738142174924634
121543,0,0.5634073436634489
121544,0,0.48183752199162777
121548,0,0.4417687116372718
121550,0,0.10389783699425732
121551,0,0.25601621773356464
121554,0,0.14258611452569334
121556,0,0.5955087566340006
121558,0,0.30565252466500636
121559,0,0.11640433215061027
121565,0,0.2698493854525862
121569,0,0.2785655513621369
121570,0,0.08649530360649285
121571,0,0.24837255731803615
121576,0,0.24193843203312576
121577,0,0.06580366777970428
121578,0,0.2883374659542064
121579,0,0.10880468173511373
121580,0,0.25201601773331367
121581,0,0.07897565776965347
121582,0,0.060960460188832145
121585,0,0.13598833408721547
121587,0,0.08775259505873786
121588,0,0.557519113723922
121589,0,0.6397760465741342
121590,1,0.7008051193505234
121591,0,0.1866218025905958
121592,0,0.340398467200871
121593,0,0.39195864561812666
121595,0,0.2543082658037329
121597,1,0.3491023102763412
121603,0,0.33044037812321436
121604,0,0.14730271521771574
121606,0,0.335893582195477
121607,0,0.2878462798992415
121610,0,0.05467828181359533
121618,0,0.6919929004380834
121620,0,0.560739913826266
121621,0,0.24613534633354547
121622,0,0.1344977167297456
121623,1,0.9149302637720412
121625,0,0.5860537659015698
121629,0,0.1626104759183993
121630,0,0.7745843532021481
121631,0,0.056382555534751175
121634,0,0.19954581200075927
121635,0,0.207932301646865
121637,0,0.6255326143271283
121638,0,0.049426443075176386
121641,0,0.3729606577044672
121643,0,0.12520982853985202
121644,0,0.30740656226614327
121645,0,0.41909273573529787
121646,1,0.13112413508699625
121647,0,0.24153368665945366
121648,0,0.5394829646606182
121649,0,0.5261404085017631
121650,0,0.19376010913458866
121653,0,0.2004618744295637
121654,0,0.11881679203974291
121657,0,0.17011876027407835
121660,0,0.4176722187961923
121662,0,0.21109604864993536
121663,0,0.19644594894380013
121664,0,0.1897540521028891
121665,0,0.35450173585845357
121668,1,0.6221024660319084
121669,0,0.20326332788735751
121670,1,0.8219571366286805
121671,0,0.47311433546726933
121673,0,0.06742916541702225
121674,0,0.07646644521895136
121675,0,0.26145710841065695
121682,0,0.5429486868580427
121687,0,0.5462842462397124
121688,0,0.20155755715312842
121692,0,0.25824292532899024
121693,0,0.38126912364886634
121694,0,0.38073251486087734
121695,0,0.4500369554455673
121696,0,0.20365186192852627
121699,0,0.34393751328567884
121700,1,0.735696813959318
121705,1,0.5902262176067079
121708,0,0.6214368666160387
121710,0,0.2992560485173485
121711,0,0.06506781926411273
121714,0,0.06379309884009017
121719,1,0.8049676461426728
121720,0,0.279576387941416
121721,0,0.4567052398291126
121727,1,0.7383043061867492
121728,1,0.6002091942628796
121730,0,0.576533121537673
121731,0,0.6782961395706734
121737,0,0.12574598743141396
121738,0,0.09378318236119351
121741,0,0.27210095246059385
121744,0,0.46619631390686944
121746,0,0.29202374028992084
121747,0,0.14814463093616612
121750,1,0.26423975076876394
121751,0,0.8160727458613437
121753,0,0.340399689035394
121754,0,0.42646543100621565
121758,0,0.2019060813779988
121761,0,0.2811082631018789
121762,0,0.08859147356534898
121763,0,0.16879259869465402
121764,0,0.05873366777497354
121771,0,0.18100515113390553
121773,0,0.27482603661790184
121774,0,0.6018782582627074
121775,0,0.19668269985767414
121776,0,0.4018611103000437
121778,0,0.10059866969216605
121779,0,0.14201508663007328
121780,0,0.5235900517754508
121782,1,0.26021145740021023
121783,0,0.5988625259944046
121784,0,0.19355372349075198
121785,0,0.7493549520604812
121786,0,0.7909196500007696
121789,0,0.35613532974356266
121791,0,0.18803228131907262
121796,0,0.3780763068979784
121808,0,0.1312074653221011
121809,0,0.16238760250624062
121812,0,0.191290561610762
121814,0,0.6375367297684678
121816,1,0.5855113471973357
121818,0,0.20940747951579192
121822,0,0.3716084675143385
121824,0,0.1444407718601435
121826,0,0.6172747499754556
121827,0,0.24022536174596767
121828,0,0.13823049411758656
121830,0,0.1870327102889598
121831,0,0.3802084281771866
121833,0,0.3111641532956661
121836,0,0.05283508909333503
121838,0,0.15610147716591136
121839,0,0.548956888429987
121840,0,0.3141718918277244
121841,0,0.6816324069822544
121842,0,0.30567633682004886
121844,0,0.30110807305332915
121846,1,0.7357665191107857
121847,0,0.5984648266048309
121848,0,0.25079963139423816
121850,0,0.14110769835826228
121854,0,0.16077005087552537
121855,0,0.22703066049520562
121864,1,0.41876099040420023
121865,0,0.14390311170587655
121866,0,0.13950167867560997
121868,0,0.1803207248364615
121871,0,0.0951070373090259
121872,0,0.5957477705655627
121873,0,0.25431062438258756
121874,0,0.5525735782004508
121876,0,0.11002574229318247
121877,0,0.3091219961590316
121878,1,0.6241481111503135
121882,0,0.1474670428006716
121883,0,0.5054720415481928
121885,0,0.12196201768942452
121887,0,0.6127472492169992
121891,0,0.6471230757874167
121893,0,0.10842663852805487
121894,0,0.23024347187420857
121895,0,0.23899396586630123
121896,0,0.27708788376124754
121897,0,0.17054561071480454
121899,0,0.47511454263642305
121901,0,0.4180992896259742
121905,0,0.6243229588073316
121906,0,0.29795538013645345
121907,0,0.5159759183523318
121913,0,0.08845597269231968
121917,0,0.2606460225059659
121918,0,0.23629514603783694
121919,0,0.1328795619050661
121920,0,0.14649131286005226
121921,0,0.3940783681794492
121922,0,0.07688054165511866
121923,0,0.471307845283009
121925,0,0.30259897438136724
121927,0,0.776166754562891
121928,0,0.767044885605418
121929,0,0.39911557767726524
121931,0,0.21661763703243278
121932,0,0.2982068604635811
121936,0,0.23698789058603106
121937,0,0.2683922758640943
121938,1,0.6241035822024227
121943,1,0.22708397765277216
121944,0,0.17966508825409314
121945,0,0.3007234468363499
121948,0,0.20660226708752405
121949,0,0.2785419564220398
121950,0,0.11153809670960464
121951,0,0.5182854795659413
121956,0,0.06542470531294507
121958,0,0.33532695572047233
121961,0,0.2008942658786422
121962,1,0.8523746369631571
121964,0,0.22038978967572492
121965,0,0.11875980337567496
121968,1,0.7103997220552228
121970,0,0.13468752570570502
121971,0,0.7563109934971131
121972,0,0.3259944474764561
121974,0,0.24781083547060073
121975,1,0.3603897327456094
121976,0,0.6933649448036101
121977,0,0.5987018473252581
121978,1,0.612247199597748
121979,0,0.17964455369170002
121981,0,0.23879255076869482
121982,0,0.24167771788704934
121984,0,0.6684020185392618
121985,1,0.6315925941667772
121987,0,0.370482640512402
121988,1,0.638347471939896
121989,0,0.2894846353953912
121990,0,0.4260206039911161
121991,0,0.5628709732802233
121993,0,0.4554943324934989
121994,0,0.4404717295697201
121995,0,0.19888249084044765
121997,0,0.5783761231307896
122001,0,0.207260839671972
122004,0,0.24738987344192154
122005,0,0.7026575083000446
122007,0,0.17610591451124677
122011,1,0.12094218418450872
122012,0,0.6312234672079449
122013,0,0.35775459112255625
122015,0,0.43074293397041724
122018,0,0.04281892543057723
122019,1,0.8047732534617932
122021,0,0.3588407921991478
122022,1,0.5439967792578109
122023,0,0.41951691775168387
122029,0,0.18934666803195185
122030,1,0.6105550609198949
122033,0,0.4244814869375461
122034,0,0.2581524396122825
122035,0,0.073040531053943
122036,0,0.3176173355794495
122037,1,0.7790416012124513
122038,0,0.18782886358896903
122039,0,0.3303872156016239
122041,0,0.2360310008126131
122043,0,0.42473098879053417
122044,0,0.5219454677600466
122047,0,0.5843198140169653
122048,0,0.5092424520158496
122052,0,0.22963809807903962
122053,0,0.13396524575513902
122054,0,0.284696106794037
122056,0,0.22457145653395227
122061,0,0.24177845002416185
122062,0,0.11783982332821483
122063,0,0.16528259787796734
122070,0,0.31876121544239233
122074,0,0.2314205484427227
122076,0,0.10566231021920817
122077,0,0.2829862585884076
122078,0,0.35472804710513556
122079,0,0.3043631939022366
122081,0,0.4803729447124499
122083,0,0.17750796017763132
122089,0,0.26958642350595946
122091,0,0.410351599730287
122093,0,0.05424037971900455
122095,0,0.04583233710363433
122097,0,0.0538837326767002
122099,0,0.5472726095723572
122101,0,0.33864969747603946
122102,0,0.6297862036330225
122105,0,0.23596383830070194
122107,0,0.23048419843106777
122108,0,0.16948807990012915
122111,0,0.15974334544062324
122112,0,0.14347993039374088
122113,0,0.13362171884516802
122116,0,0.07312133900217455
122118,0,0.20959364685985293
122121,1,0.5906015262264523
122127,0,0.15710932645113393
122128,0,0.03503088908793966
122129,0,0.22320899251124965
122130,0,0.07769642236537402
122134,0,0.31172876101307884
122135,0,0.10629441985766622
122136,0,0.30294718698097595
122139,0,0.35388930638392496
122140,0,0.2234472683733794
122143,0,0.07901416030454603
122144,0,0.4309484856292477
122145,0,0.16428165132519074
122146,0,0.18809253367315656
122150,0,0.4287641911257216
122152,0,0.042621205546384724
122153,0,0.7015490917773148
122154,1,0.41167661227511126
122156,1,0.8245673389890158
122158,0,0.07446080817071565
122159,0,0.6776838821146256
122163,0,0.1271903220141467
122164,0,0.1384241991067995
122166,1,0.7455685047312027
122175,0,0.3564028719647972
122179,0,0.1576681952068912
122184,0,0.6829536599628502
122187,0,0.4002924594634094
122188,0,0.16951782387411535
122192,0,0.6127495403810059
122193,0,0.3724353781570115
122195,1,0.6725666891692319
122196,0,0.07077641553454361
122199,0,0.6182366105792549
122202,0,0.7059167630202163
122203,0,0.182147932172045
122204,0,0.31950270670205116
122207,0,0.16144607943565223
122208,0,0.5647765363325707
122209,0,0.16186230344580316
122210,0,0.08995500713078237
122212,0,0.27952165328060674
122213,0,0.14712889020535483
122214,0,0.25005594447128704
122215,0,0.06584571914857515
122216,0,0.2967598671677376
122217,0,0.37069164981359604
122218,0,0.2978713068767473
122219,0,0.421403469854334
122222,0,0.14474459001235535
122227,0,0.4631039945220521
122229,0,0.7275996896802148
122231,0,0.5275188077411392
122233,0,0.06925799048904989
122234,0,0.18960618745005736
122235,0,0.34617389842425916
122236,0,0.2582553176775298
122237,0,0.3441041077798638
122238,0,0.12739717472842632
122239,0,0.11255936388859375
122240,0,0.5125277449101997
122241,0,0.1894948554422952
122244,0,0.6688817608460488
122245,0,0.5959559619096039
122246,1,0.6530655327674522
122252,0,0.626878527270636
122254,0,0.10473085648964704
122258,0,0.7450939568186327
122260,0,0.3875779311142621
122264,0,0.052385201201006606
122265,0,0.06912030794526504
122266,0,0.13733219549622475
122268,0,0.48335151233016765
122269,0,0.3897648760120405
122271,0,0.23520921963622032
122274,0,0.13256530356768825
122276,0,0.20343774997060185
122278,0,0.06948035936019112
122282,0,0.3816069073144592
122283,0,0.2343738121108861
122286,1,0.6836783937487848
122287,0,0.24860920977820083
122289,0,0.2092401231069453
122290,1,0.8594592786900341
122291,1,0.3914525781501906
122293,0,0.5002110802838552
122294,0,0.06605691316814087
122295,0,0.6802676414931369
122297,0,0.17292881954500047
122300,0,0.14438830802406674
122301,0,0.06549795656572872
122302,0,0.045211143848987265
122303,0,0.5808728013879663
122304,0,0.19701541569388134
122305,1,0.8032558508821049
122306,0,0.2999245711109942
122310,1,0.20669184369324856
122314,0,0.4357591773474606
122315,0,0.6629999594733229
122319,0,0.10649307825298404
122322,1,0.8564536620341923
122323,0,0.3473013366649279
122324,0,0.19367076279758932
122325,0,0.39489664238356126
122328,0,0.7164288080212834
122333,0,0.5755825436000108
122334,0,0.07141557387178173
122335,0,0.12616827664424604
122337,0,0.5556891475131347
122338,0,0.7628205816365216
122339,0,0.32557059287648393
122340,0,0.06383601168388263
122343,0,0.820444991214002
122346,0,0.17811450532504625
122348,0,0.3044404008998751
122350,0,0.03894315835043095
122351,0,0.43064537912268025
122355,0,0.3790460011996154
122356,0,0.06737109364044905
122359,0,0.47895743075227404
122360,0,0.12075896572670326
122361,0,0.7423725498826285
122363,0,0.2868693208015257
122364,0,0.08944436304272008
122366,0,0.19007450186664787
122367,0,0.5353702641373177
122369,0,0.4527803557589462
122370,0,0.1834950646162708
122371,1,0.5613128270231972
122373,0,0.22354107896724376
122375,0,0.19174564485472712
122376,0,0.261277235528306
122378,0,0.14082809616769895
122379,0,0.09530584387631559
122383,0,0.07853805363424868
122384,0,0.2613982937308713
122387,0,0.7272326366558786
122389,1,0.1806790096645674
122390,0,0.15630499526510006
122392,0,0.503710871553483
122393,0,0.05172918482296872
122394,0,0.34271165980596946
122395,0,0.3968567616333773
122396,0,0.5558019436804339
122399,0,0.29519517853301225
122400,0,0.787147169267228
122401,0,0.13361622512682786
122404,0,0.11916576081276642
122405,0,0.34352862654984256
122407,1,0.6924902687300312
122408,0,0.07188552626762981
122414,0,0.16635750669291535
122416,0,0.1715891498640288
122417,0,0.8216200921592384
122419,0,0.19216577172039392
122420,0,0.10898395649437727
122421,0,0.06398233428852994
122423,0,0.7312834854797826
122428,1,0.584729959654258
122430,0,0.06309014990057799
122431,0,0.27643284325402784
122434,1,0.6964265003627185
122435,0,0.5348960508318861
122436,0,0.595888707667726
122439,0,0.5981412384581836
122442,0,0.1974582417797405
122443,0,0.24101851687340786
122448,0,0.18104563681788047
122449,0,0.17806954097585775
122451,0,0.06207794248597004
122453,0,0.46163623251521874
122454,0,0.12146539459496061
122456,1,0.7004957613574667
122459,0,0.14095319303030776
122460,0,0.07333152964338034
122462,0,0.0373358598383347
122463,0,0.5083137868400237
122468,0,0.24467782131030608
122472,1,0.6962167863321771
122473,0,0.5847528018686281
122474,0,0.551830224853901
122477,0,0.09692859145563341
122478,0,0.12568792820880598
122481,0,0.1978433780829655
122482,0,0.19289867029030217
122487,0,0.07401146110940499
122489,0,0.44552794994004347
122490,0,0.3260639923838273
122493,0,0.38916417842115314
122496,0,0.5201396602812267
122497,0,0.053853729113155134
122499,0,0.347852604268719
122500,0,0.04046212881956611
122501,0,0.7498969478871439
122503,0,0.07286871530119209
122504,0,0.320174106428294
122509,0,0.7779868852536687
122511,0,0.4057124497850958
122512,0,0.036585571417987746
122513,0,0.18911659356743268
122514,0,0.5813393466856149
122517,0,0.4552819510179723
122520,0,0.273022731795505
122524,0,0.06298263260638294
122525,0,0.509308267998419
122526,0,0.1838055042922181
122528,0,0.14312247527657068
122534,1,0.5054721631739235
122535,0,0.2383055907695275
122536,0,0.43996361468571454
122537,1,0.2897418001115294
122540,0,0.3331690267333007
122543,0,0.6904400025361312
122546,0,0.2980674453960991
122550,0,0.5053403547423425
122555,0,0.3067673945771882
122556,0,0.20755146230176796
122559,0,0.3884814708192185
122560,0,0.26665050116631367
122563,0,0.49349496991390485
122567,0,0.37172003850827473
122569,0,0.5422259144543051
122572,0,0.48588943037838456
122574,0,0.2561965283025775
122576,0,0.15433946513180735
122578,0,0.356914137603726
122581,0,0.07047347791869897
122585,0,0.5772871230731939
122586,1,0.23965940676724884
122587,0,0.14452232176402943
122592,0,0.08248075110923181
122594,0,0.3347283403875837
122595,0,0.49289504918224436
122596,0,0.4866297456616072
122597,0,0.3020771912131449
122598,0,0.047915028923519606
122599,0,0.7457537453319706
122602,0,0.08775503934818685
122608,1,0.45421144143282205
122609,0,0.07450761657622862
122611,0,0.7654957601392842
122612,0,0.20710143480242643
122616,0,0.23327891296610087
122617,0,0.13909714621568708
122619,0,0.3568398311792412
122621,0,0.49473276333553534
122622,0,0.15803907327840694
122624,0,0.5940234145688259
122625,0,0.5490422265972679
122629,0,0.4277234551301605
122630,0,0.1779726925694917
122631,0,0.07440117871248944
122634,0,0.05358087452261214
122636,0,0.1918784348207177
122637,0,0.1775665270134006
122638,0,0.1406278757187672
122639,0,0.17152216441908602
122643,0,0.5909361306601595
122644,0,0.21989335740459243
122647,0,0.41947457057830845
122651,0,0.35560285192348884
122652,0,0.2971942411262495
122654,0,0.4631820064634858
122655,0,0.6683493301713526
122656,0,0.19919538009089377
122657,0,0.5199290531139801
122659,0,0.21313036903429045
122660,0,0.24632859886390235
122662,0,0.1535723757603827
122663,0,0.05303702056995855
122664,0,0.379087051593014
122670,1,0.5019624067470347
122672,0,0.16845907077794545
122676,0,0.7413811877809305
122678,0,0.28874974884694915
122683,0,0.21915909419400928
122684,0,0.3175053276829018
122685,0,0.4982585510041747
122686,1,0.7511663677729181
122687,0,0.12713635173355758
122689,0,0.16178988646107276
122691,1,0.7079394977030634
122692,0,0.06439606813152078
122694,1,0.36973772640964175
122698,0,0.14362515697927802
122699,0,0.12322716031470633
122700,0,0.1690577314991488
122703,0,0.14197417225867165
122707,0,0.11351011227480716
122709,0,0.1684689357016969
122713,0,0.3176602904723727
122715,1,0.3713771456269922
122717,0,0.2946017553731492
122718,0,0.15865796166654247
122719,0,0.5415590037205708
122720,0,0.6338298490315688
122721,0,0.14652999245535697
122722,0,0.3057197420980562
122724,0,0.117209693316501
122729,0,0.09146389696285945
122730,0,0.3793172743739786
122732,0,0.1975348721222275
122734,0,0.6984250773922092
122736,0,0.3634973713032749
122737,0,0.1456144971347067
122740,0,0.114235109957039
122741,0,0.16249590921092255
122742,1,0.7619639516363506
122745,0,0.30185665260061756
122746,0,0.18533281184610967
122747,0,0.6456222704581425
122749,0,0.2748713503865232
122753,0,0.8434491927819383
122759,0,0.1943255562019131
122760,0,0.34184361504764454
122764,0,0.26877075915229803
122766,0,0.47309614260628585
122769,0,0.46912918264954173
122770,0,0.6421123819010608
122771,0,0.24684315764488524
122776,0,0.5292585267151121
122777,0,0.4149394934896752
122779,0,0.27036324282434143
122780,0,0.35002558859596816
122781,0,0.6967614681146893
122783,0,0.27606486886939496
122784,0,0.19110843546549489
122785,0,0.34583186269788174
122786,0,0.45905268926285236
122787,1,0.11842347416561605
122789,0,0.607271997592103
122790,0,0.04282229031158312
122791,0,0.5323623721476739
122792,0,0.6353261511168437
122795,0,0.37570252246647395
122796,0,0.41052877283319444
122800,0,0.11051562796777747
122802,0,0.670571947948852
122803,0,0.2877451601172042
122806,0,0.11303893231950513
122807,0,0.2951108859849789
122813,0,0.4772348692859133
122814,0,0.21492224113667543
122816,0,0.3414359585684854
122818,0,0.5302828583429726
122820,0,0.41163161487169375
122824,0,0.2053740803045651
122828,0,0.1712632237444897
122830,0,0.5031756517373648
122833,0,0.11274085245469087
122834,0,0.10230097578730254
122839,0,0.03728371348594948
122840,0,0.0689158431934381
122842,0,0.1585842140071389
122843,0,0.30697839670483434
122845,0,0.7238281926264626
122848,1,0.589194440307112
122849,0,0.3794818316208959
122851,0,0.6360176712192178
122852,0,0.05074273959992241
122855,0,0.1567437396389772
122856,0,0.4875017727328982
122864,0,0.2636287970197584
122867,0,0.06938462087053328
122874,0,0.0599741244775186
122876,0,0.6109323906852007
122878,1,0.5558898009685116
122881,1,0.5187041426321141
122883,0,0.23415340642509808
122885,0,0.18383210387175292
122886,0,0.15423257800667098
122889,0,0.32983932775717434
122893,0,0.554688841739961
122894,0,0.16927187011282582
122895,0,0.46607294336128013
122896,0,0.6852957431310781
122901,0,0.5205640400591529
122902,0,0.30044350366543
122905,1,0.5233827745151005
122906,0,0.24073886689229793
122909,0,0.20648518499314034
122911,0,0.21418696611420546
122912,0,0.19921527423751728
122913,0,0.5572797774729088
122914,0,0.12687347185025363
122916,0,0.13437558818105216
122919,0,0.21029605004255458
122921,1,0.42046269532026875
122922,0,0.23343020416485322
122923,0,0.40069164773241883
122925,0,0.3211251514424126
122928,0,0.15909820636626795
122929,0,0.1544283290265714
122930,0,0.41917659534138396
122931,0,0.7737810415711491
122933,1,0.37308311412291834
122934,0,0.33263137753782485
122937,0,0.5474167726221685
122938,0,0.23202438082784202
122939,0,0.05318396723975653
122940,0,0.170283489341467
122943,0,0.4287404116654443
122945,0,0.1607410923030267
122949,0,0.09747184100974593
122950,0,0.6159329345670872
122951,0,0.11063499477829719
122952,0,0.44220331290293907
122953,0,0.5110384697223237
122955,0,0.22255393486127586
122956,0,0.299029040711837
122959,0,0.4246064737049478
122960,0,0.7112907885134201
122962,0,0.802692912567155
122963,0,0.2361556893003957
122970,0,0.4360488515014754
122972,0,0.46637441364907506
122973,0,0.421418016658656
122974,1,0.6028021166353381
122977,1,0.6717062138675187
122982,0,0.4823167772666389
122984,0,0.06738357417328852
122985,0,0.09979211387114165
122987,0,0.17895773307891163
122988,0,0.3115468304054275
122991,0,0.30385678932771293
122993,0,0.18788296974159782
122995,0,0.17671253787289892
122996,0,0.10414139990764348
122997,0,0.06492117568065485
122998,0,0.4296835143995543
123002,1,0.6571158146199572
123003,0,0.7802014909647677
123004,0,0.13908281629387573
123005,0,0.8317296017052336
123007,0,0.4702993566164769
123009,1,0.4316742512829765
123010,0,0.4585543941984841
123011,0,0.41387859845470043
123015,0,0.042691695734789224
123021,0,0.3929784780588288
123023,0,0.16961327706637658
123024,0,0.6680264521750293
123025,0,0.3006047848149359
123026,0,0.4056552807978308
123029,0,0.2268204425326427
123031,0,0.156994128630824
123032,0,0.32398025059368435
123033,0,0.23331185042183517
123035,0,0.1235044052165587
123037,0,0.24020811434946018
123038,0,0.5096826233415408
123040,0,0.448681129749429
123041,1,0.7526978724352137
123042,0,0.24133505195475752
123043,1,0.7867869321734492
123045,0,0.6379084103311644
123047,0,0.19547414213821873
123048,0,0.5081649285103736
123049,0,0.21328291485155898
123050,0,0.44819897658214325
123052,0,0.697537559728522
123053,0,0.47941507604991945
123054,0,0.19942384241775274
123059,0,0.7836361046406047
123063,0,0.3278813011918268
123064,1,0.4622912498459014
123069,0,0.46340940416762477
123070,0,0.4052888329677538
123073,1,0.43084247988405766
123075,0,0.2343192148175733
123077,0,0.17170646974250175
123078,0,0.2645857846951951
123079,0,0.05674068196141711
123082,0,0.717880017700958
123083,0,0.2175587929177972
123084,1,0.49671123234743336
123087,0,0.1930601141159758
123088,0,0.1829139454684872
123089,0,0.1672831291598178
123090,1,0.717338425854493
123091,0,0.4075763565576649
123096,0,0.3593827632209422
123097,0,0.7455133294562162
123099,0,0.05195071437901454
123103,0,0.3742655053102034
123104,0,0.6097695577621116
123105,0,0.38064910276893976
123107,0,0.5125626467799036
123108,0,0.36150493819289126
123109,0,0.5217712783647794
123111,0,0.43135714264333125
123112,1,0.630225915947711
123113,0,0.43442885158626704
123116,0,0.3382976266974828
123120,0,0.12041664182128545
123123,1,0.6426451416189745
123125,0,0.23754508457889517
123128,0,0.28103737038155296
123129,0,0.3377108867236782
123130,0,0.2835039027838433
123135,0,0.23514338353950842
123138,0,0.23702669789125216
123139,0,0.19059013988759385
123146,0,0.41169452997952244
123149,0,0.2796638909179555
123150,0,0.06747962854739499
123151,0,0.05824359631271925
123153,0,0.16603968585908002
123155,0,0.3540794580860589
123156,0,0.44166963780764307
123159,0,0.15944052386071847
123160,0,0.7948230846229298
123162,0,0.5756843121563108
123163,1,0.8648558684130638
123165,0,0.049357728845683915
123167,0,0.12231897477965151
123169,0,0.22328302848498643
123172,0,0.6753773053116726
123173,1,0.7663851905554723
123174,0,0.18908975880321138
123175,0,0.12419564170002614
123179,1,0.6388969255035203
123182,0,0.1432920244164879
123183,0,0.3362278488039775
123185,0,0.22841105547489587
123186,0,0.0894771295503672
123190,0,0.34841967470948854
123193,0,0.33657848538907903
123196,0,0.6903855523853439
123197,0,0.3918834806998605
123198,0,0.26561580493486325
123199,0,0.2594264976825256
123203,0,0.1451998891631552
123204,0,0.11105673794196953
123210,0,0.18095252270746875
123214,0,0.05177752089401442
123216,1,0.3663367540044042
123217,0,0.07501113817788918
123220,0,0.14124153232223474
123221,0,0.5120213497292114
123222,0,0.11215945154043738
123223,0,0.8265976728726839
123224,0,0.05034480055918135
123226,0,0.14276291355616955
123227,0,0.15972434047638345
123231,1,0.4699311786308923
123232,0,0.45315819638532506
123233,0,0.30542603757534914
123234,0,0.10599406353523629
123235,1,0.490417544583286
123237,0,0.10541452362595205
123239,0,0.10397678774020855
123243,0,0.14927054850033009
123244,0,0.15470247818323238
123245,0,0.24260423828887032
123247,0,0.1770545363394487
123248,0,0.3218219417414114
123249,0,0.3484100607646837
123251,0,0.11354803612022765
123252,0,0.18246030994861734
123253,0,0.26669936707243597
123254,1,0.46220845722809817
123258,0,0.2580314306045732
123260,0,0.3522554234792071
123261,1,0.5972529125303182
123263,0,0.15066535311315696
123264,0,0.4708171631526298
123265,0,0.04852999075616932
123266,0,0.17334720275894677
123268,0,0.2438069634345085
123269,0,0.1476231221520414
123271,0,0.47747071863801727
123273,0,0.12407705463404392
123274,0,0.3013317181640392
123275,0,0.30559896546514276
123276,0,0.30198681736580857
123277,0,0.6402555927859511
123278,0,0.4020332533300109
123279,0,0.4705112661066515
123280,0,0.4712557527023491
123281,0,0.31535583028452585
123282,0,0.40215043286421776
123284,0,0.7464869551821355
123286,0,0.1237187926200499
123287,0,0.4967605281252167
123290,0,0.802555095776523
123291,0,0.37055643643132863
123292,0,0.16840265614227778
123294,0,0.6095675425595981
123295,0,0.10022235308049525
123297,0,0.44027060449378447
123298,0,0.627030282450002
123302,0,0.4786235419157556
123304,0,0.12353895921652196
123306,0,0.2261150858267682
123310,1,0.7851522342936763
123315,0,0.47645877020770133
123316,0,0.7754699075967306
123317,0,0.4136362273502875
123318,0,0.31499772811793675
123319,0,0.24283927478707507
123322,0,0.06522384232442355
123323,0,0.5845307556377467
123325,0,0.35270791413997643
123326,1,0.6436972194389341
123327,0,0.30142129400653467
123328,0,0.13870538699010904
123330,0,0.14191054039144504
123332,0,0.6290093990336498
123335,0,0.4083654889189801
123336,0,0.14007800514689225
123338,0,0.24738510710155523
123343,0,0.17360964524475658
123346,1,0.4637028840599178
123347,0,0.6079566470183188
123349,0,0.08498375668881637
123353,0,0.1619316502216953
123354,0,0.12036128101898735
123356,0,0.44371499893816935
123359,0,0.14589103568340672
123360,0,0.3072476139111675
123361,0,0.15599844317096717
123362,0,0.25973733341908684
123363,0,0.06090525359533046
123364,0,0.12485186287540229
123366,1,0.4709601581232306
123367,0,0.5391739850115259
123369,0,0.3064222550173973
123372,0,0.40403820218617775
123373,1,0.7101662212062028
123374,1,0.7950371828101164
123375,0,0.2227092253223614
123378,0,0.13227004929150982
123380,0,0.22238848198756708
123382,0,0.10997375628819302
123385,0,0.2744769427785588
123386,0,0.14051074528907398
123388,1,0.5002185739310299
123389,0,0.060401390238853506
123391,0,0.2157005399816328
123396,0,0.16062702859986236
123399,0,0.6548103664263667
123400,0,0.7681711585041329
123401,0,0.14578560658972664
123403,0,0.13094717924818786
123405,0,0.378630500851005
123408,1,0.8613635422893051
123409,0,0.1736676179297688
123411,0,0.3134908817640354
123413,0,0.18394277409171822
123415,0,0.690165935459903
123416,0,0.5160380546133624
123421,0,0.20251016157799975
123423,0,0.11610623213906388
123426,0,0.06503809787549662
123427,0,0.4901733244537746
123429,0,0.4014549095232103
123431,0,0.06576043607166429
123433,0,0.1015931973707821
123434,0,0.11908895224963964
123436,0,0.19762797328092357
123438,0,0.06054033166013573
123440,0,0.37723132206854787
123441,0,0.7418551062767961
123446,0,0.42401543598548697
123447,0,0.05088326252719161
123452,0,0.343823701652607
123453,0,0.06922880589297073
123454,0,0.5016782806217899
123458,0,0.12602995521368515
123460,0,0.08242258616295242
123461,1,0.6510550150940813
123464,0,0.2878038085753466
123465,0,0.04357096971932867
123466,0,0.12176017995454573
123467,0,0.7570247346464389
123472,0,0.08646975920869929
123474,0,0.20418628099194178
123476,0,0.1418522701692998
123478,0,0.30005912756122
123479,0,0.29661057965177884
123484,0,0.15277069228805296
123488,1,0.7221043356159348
123489,1,0.7359482574268741
123490,0,0.6117171007241309
123492,0,0.6932939668676289
123493,0,0.03648449668914535
123494,0,0.16757005354155155
123495,0,0.15175069760851187
123496,1,0.42837973831691817
123498,0,0.0778373440216252
123503,0,0.11492229709741766
123504,0,0.6811912845083379
123505,0,0.10345652738191775
123506,0,0.4329716699206049
123507,0,0.483719253738883
123508,0,0.2349692460550238
123509,0,0.13201835424832192
123511,0,0.055407801998250836
123513,0,0.4567258220009364
123514,0,0.06538336263512468
123515,0,0.4761245517887307
123517,0,0.35480322523739527
123519,0,0.21669098170807657
123521,0,0.3730396291889978
123524,0,0.13095038374509732
123525,0,0.11658561235177962
123526,1,0.6074324412860664
123527,0,0.323175499914794
123528,0,0.22066726901593386
123533,0,0.38205704350395
123534,0,0.04227676890088694
123535,0,0.6550449589952481
123536,0,0.8508012077934012
123537,0,0.15778972565724705
123539,0,0.7685833253578228
123542,0,0.43735346564600064
123545,0,0.4198320817368538
123546,0,0.15854875789272987
123548,0,0.19764785256500678
123549,1,0.5433386450269995
123552,0,0.7342264044292661
123553,0,0.3361142717142095
123554,0,0.044142838860629564
123560,0,0.4524282663154868
123562,0,0.3459445094391853
123564,0,0.10407955156427307
123566,0,0.11343825927992716
123568,1,0.36232597393467153
123569,0,0.5140116987163892
123570,0,0.23109350157418046
123571,0,0.4853965157588561
123574,0,0.4193326197218784
123576,0,0.4062488250020559
123577,1,0.8208118382281555
123580,0,0.0705748481330493
123582,0,0.1727216842945624
123583,0,0.437565557385385
123584,1,0.5284767700858406
123587,0,0.12267780877029397
123593,0,0.3872175894315993
123597,0,0.5330603162698458
123600,0,0.4487948694624008
123604,0,0.6017343715070178
123606,0,0.22747300452806885
123607,0,0.3342603732654998
123608,0,0.11982699669598473
123609,0,0.3274422068163637
123610,0,0.06932326756312966
123614,0,0.10574012694932647
123617,0,0.1318304172458872
123622,1,0.7764478287562449
123624,0,0.5143909634502166
123626,0,0.362222389253582
123627,0,0.30589468249625384
123628,0,0.06041972595297483
123632,0,0.0730491230042972
123635,0,0.6127347782613164
123636,0,0.6314124201957163
123638,0,0.5803173733919034
123639,1,0.712590780538948
123641,0,0.5171056861286016
123643,0,0.2770269186799681
123644,0,0.6682088134302047
123646,0,0.17192060292070366
123647,0,0.3074552816582428
123648,1,0.4234032433483573
123651,0,0.12916220373967377
123652,0,0.5936186069087375
123654,1,0.6941813315261804
123656,0,0.38368268018566376
123657,0,0.26093293605258816
123660,0,0.17146219942434787
123662,0,0.27131582431145307
123663,0,0.08165222365745466
123664,0,0.44462154228523937
123668,0,0.3284862300153205
123669,0,0.4632916888141402
123672,0,0.19731125736702088
123673,0,0.4260393148139057
123674,0,0.7874548867478801
123675,0,0.18533519361693532
123677,0,0.24611637815003848
123678,0,0.07615845702236726
123680,0,0.05071897475458579
123681,0,0.10161839477138339
123686,0,0.3700203145845389
123687,0,0.12297923863611988
123688,0,0.15456247502933934
123689,0,0.19734906934217808
123692,0,0.07163048749691767
123694,0,0.2113973150565404
123695,0,0.15731921127346776
123698,0,0.23223943652055618
123704,0,0.051775492245646405
123705,0,0.5222921349833879
123706,0,0.049417203229783
123709,0,0.2756047142339158
123711,0,0.7893277084864027
123712,0,0.050397795313765634
123713,0,0.35570255454036126
123719,0,0.20160571628239032
123720,0,0.7091872016314494
123722,0,0.1986448080604758
123723,0,0.15444381058863665
123726,0,0.07237721956052413
123728,0,0.1725048110829072
123729,1,0.658705154095327
123736,0,0.25712583356227514
123738,0,0.5680438664475284
123740,0,0.33337053585312443
123744,0,0.10875547613820011
123745,0,0.2156556328130686
123746,1,0.6758558486647211
123748,0,0.22128472295257334
123749,0,0.4540085471772679
123753,0,0.30478112250969663
123754,0,0.6021134122394424
123760,1,0.4139252922489696
123761,0,0.14158518144651558
123762,0,0.30987253707448986
123763,0,0.15334150722542056
123766,0,0.5445697737357906
123767,0,0.5137290922985251
123769,0,0.07514751978095793
123770,0,0.6542287857415949
123773,0,0.06706881375536021
123774,0,0.11420903926554274
123775,0,0.3200399005502077
123780,1,0.30998302926760407
123781,0,0.04040408823226917
123782,0,0.37472732251502455
123783,1,0.13820140500948414
123784,0,0.4442288332009278
123785,0,0.7846233255306891
123787,0,0.2728541463054948
123788,0,0.39139480761435214
123791,0,0.15383746756029432
123795,0,0.24176392283073742
123796,0,0.03328360057564127
123797,0,0.205311928169646
123798,0,0.2490374173640837
123799,0,0.2498669748339614
123800,1,0.753056516752664
123801,0,0.5576786606790682
123802,0,0.5966160406648064
123803,0,0.09367018851844178
123804,1,0.5715642739194828
123808,0,0.27943821754625703
123811,0,0.6575770876408767
123812,0,0.25326753859816103
123813,0,0.11604399035172512
123815,0,0.4462490851110547
123819,0,0.23872230213254347
123821,0,0.41282834270611374
123825,0,0.12272358041308076
123827,1,0.6329401993422312
123830,0,0.5093514612604326
123833,0,0.08086322132696697
123834,0,0.2522157259007403
123838,0,0.24005449270689053
123841,0,0.26862367259686043
123842,0,0.484870759738918
123843,0,0.5867503306934525
123844,1,0.5903466973510404
123846,0,0.13187693921596955
123847,0,0.41366357443793395
123850,0,0.12915438570913504
123852,0,0.18175797268453647
123853,0,0.22134195989723932
123854,1,0.8232942625509742
123856,0,0.2597013099065696
123858,0,0.15140171219703819
123859,0,0.4639933749194524
123860,0,0.1821697316740683
123861,0,0.29785672849963135
123862,0,0.48076923992535237
123863,1,0.4711079906366381
123866,0,0.2190214431030591
123867,1,0.43054177217470346
123868,0,0.29600131637852056
123870,0,0.3327932283766971
123871,0,0.2932749903352644
123873,0,0.09202702057328718
123874,1,0.6642797768669364
123876,0,0.20325324464696654
123877,0,0.2548462440375032
123879,0,0.394679560967663
123881,0,0.11303824547584931
123885,0,0.4273824840026391
123886,0,0.6731073510659934
123890,1,0.7766221811141752
123891,0,0.2172307334103886
123892,0,0.3246792429438493
123899,0,0.11197805720074687
123900,0,0.5748595437724802
123902,0,0.5399312903175977
123903,1,0.7324513897068166
123904,0,0.43350748953337986
123912,0,0.28431045612394434
123913,0,0.3543200127244161
123914,0,0.4249339366419186
123915,0,0.04010071872241939
123918,0,0.42386131954938594
123919,0,0.38233186106896466
123920,0,0.3535478178664764
123922,0,0.26781663289760005
123926,0,0.18690768555656864
123927,0,0.10589458319792733
123928,0,0.35829269402428154
123930,0,0.30110227545139007
123931,0,0.5553018672675463
123934,1,0.5223006445613154
123935,0,0.4782153507329596
123936,0,0.6495954976671726
123937,0,0.13782070212733685
123940,0,0.8087595099829947
123941,1,0.6919962528254023
123943,0,0.42514536494019695
123947,0,0.48907567403865626
123948,0,0.5347207206538311
123949,1,0.49612007638642763
123950,0,0.7108325159286883
123951,0,0.17521512101097986
123953,0,0.6652088210324847
123956,0,0.2154850028327874
123959,0,0.11930474220264622
123960,0,0.39218038656908166
123962,0,0.06953103493115197
123963,0,0.45446508438502065
123964,0,0.21397979228519448
123966,0,0.2817670071223063
123968,0,0.05880153179175611
123969,0,0.1026210091491945
123970,0,0.322489522876627
123971,0,0.6253390809896382
123972,0,0.44284204459964355
123975,1,0.4786339006596044
123976,0,0.4906802666436848
123980,0,0.1827014520542403
123982,0,0.23664923388282041
123984,0,0.43483248513632305
123986,0,0.08436852166380666
123988,0,0.3617527103207065
123989,0,0.0835971757663578
123992,0,0.40381080234760186
123994,0,0.47321751264331785
123995,0,0.14497594433527872
123998,0,0.043557052639467964
124000,0,0.5388023484671836
124002,0,0.3797771246391531
124004,0,0.36374871523842184
124007,0,0.5610852571360878
124008,0,0.10221593928863322
124009,0,0.21811481458789633
124010,0,0.19633892526458824
124011,0,0.3143647381038085
124012,0,0.1303066868865655
124014,0,0.2691877864801734
124015,0,0.22638861428407378
124019,0,0.1288274109678974
124020,0,0.31385383447098975
124024,0,0.13988368005913143
124025,0,0.4315040790975403
124026,0,0.07263188481895871
124028,0,0.5347126458820284
124029,0,0.141887600409787
124030,0,0.31807103890151567
124034,0,0.5018477400860638
124039,0,0.2830062694236413
124041,0,0.04003714443215099
124043,0,0.26325491471515206
124045,0,0.5773878797842535
124047,0,0.08445684527414468
124048,0,0.16893212463426205
124051,0,0.40563381955711575
124052,0,0.06299991309089467
124053,0,0.29048884491715615
124056,0,0.5545268147836814
124057,1,0.5331533863885333
124059,0,0.20153148550412014
124060,0,0.09148297551497625
124061,0,0.1478278634318111
124062,0,0.17507144014556036
124063,0,0.3686638305517143
124066,0,0.1539204416419678
124068,0,0.05724619562594389
124069,0,0.3096664336291699
124071,0,0.11528469256373267
124072,0,0.5449406900408352
124073,0,0.6801347481513058
124074,0,0.06162587994138975
124076,0,0.21784738174819757
124078,1,0.7403928080542848
124085,0,0.28057406688326203
124086,0,0.6300959517472533
124087,0,0.34529552709815087
124088,0,0.28006594378968125
124089,0,0.07439588694593582
124090,1,0.7235670755966528
124091,0,0.5801171762086598
124092,0,0.1519746255430662
124094,0,0.0550345866137472
124095,1,0.3802023588564215
124096,1,0.9024764576908156
124097,0,0.1945813313418914
124100,0,0.5806402771705137
124101,0,0.67753759903881
124102,1,0.5255701303327345
124104,0,0.4543307180909896
124106,0,0.08557140821531854
124107,0,0.09194091254687106
124108,0,0.20587145163706894
124110,0,0.083425031204019
124111,0,0.20596872790426754
124113,0,0.10697739100442161
124115,1,0.4268764277727204
124118,0,0.0616585367878526
124119,0,0.34060211954341757
124120,0,0.49116208980790416
124121,0,0.14185250214934106
124122,0,0.47064889129180454
124124,0,0.559412106896797
124125,0,0.11716777470180191
124126,0,0.10047194613673058
124127,0,0.04117741254067432
124128,0,0.13828931683366447
124129,0,0.09463567586437485
124132,0,0.39905481102419355
124135,0,0.2753180817459355
124136,0,0.2607020839594365
124138,0,0.2731210423059264
124142,0,0.21032564576647444
124144,1,0.5638404342585897
124148,0,0.7867579694823441
124149,0,0.5139787592545538
124151,0,0.3148176910052595
124153,0,0.059541269437826894
124156,0,0.6844562488031624
124157,0,0.4982519568326481
124158,0,0.6493451346702461
124159,0,0.20459911609000409
124160,0,0.21990905874195948
124161,0,0.47977284302970136
124163,0,0.24028549665672796
124167,0,0.3359438076664856
124168,0,0.08061058268451853
124169,0,0.4366451165723165
124170,0,0.3249932790240067
124172,0,0.03529857347119203
124174,0,0.20508948509969577
124175,0,0.267370785407545
124176,0,0.1365121760177261
124177,0,0.10944404739872723
124178,0,0.3814839677187086
124179,0,0.17573635980808897
124180,0,0.1757723128789883
124182,0,0.12155986986577319
124183,0,0.35041853611621354
124186,0,0.3278962797980607
124188,0,0.3699314113043017
124189,0,0.40708619514375144
124190,0,0.3538490202559452
124191,0,0.15979217385590108
124194,0,0.17619464056838036
124196,0,0.5833412176615802
124197,0,0.21448448525376862
124199,0,0.4780948652977822
124205,0,0.3941483014988763
124207,0,0.5827547096832235
124208,0,0.26944764675105
124210,0,0.30595526629495906
124211,0,0.12490111322426503
124212,0,0.2579839647172172
124215,0,0.36356346786376853
124218,0,0.5057174284170987
124221,0,0.4944652091011986
124223,0,0.4209299147437333
124224,1,0.8521067918691246
124225,0,0.13698018241290744
124226,0,0.5491332740081679
124231,0,0.07345266624104267
124235,0,0.6774469907551637
124236,0,0.17208169422278835
124237,0,0.14274508203876451
124238,0,0.5568918868907218
124239,0,0.07009160427456788
124240,0,0.4266317598640435
124241,0,0.49866533649164413
124242,0,0.14315740325661105
124245,0,0.21750920988316835
124246,0,0.1519758100685275
124248,0,0.08028320068581485
124249,0,0.0871007330220663
124253,0,0.4608625525464344
124256,0,0.6401032634995338
124257,0,0.8151990360180944
124260,0,0.07456897340615835
124262,0,0.12531123530295704
124264,0,0.2160216217040353
124265,0,0.22811287263168034
124266,0,0.45968906264508735
124267,0,0.05614810156943177
124271,0,0.15179857157173665
124272,0,0.30116525539075123
124273,0,0.19958044888019869
124276,1,0.7627902750900211
124277,0,0.21380988148088437
124279,0,0.25950326993453093
124280,1,0.802412755982871
124281,0,0.10684948365227206
124282,0,0.3487841772748014
124283,1,0.22514294724393139
124284,0,0.6371304106046478
124287,0,0.5302236245198382
124288,0,0.3242702086727968
124290,0,0.3243453946566715
124294,0,0.38126354022602077
124295,0,0.0593405388532184
124296,0,0.6819365886851141
124297,0,0.089462273424253
124298,0,0.07854450695086727
124303,1,0.4839129154565137
124308,0,0.3246578808093322
124312,0,0.4248053914153111
124313,0,0.1287469746134128
124314,0,0.19575052940777432
124315,0,0.3261119998231422
124317,0,0.4619254580341898
124319,1,0.709709999655119
124320,0,0.12739869509177654
124322,0,0.26792897636152435
124323,0,0.11657806537322102
124328,0,0.45391174380488
124330,0,0.43372871620609715
124331,1,0.607872502287196
124334,0,0.2918067995306828
124335,0,0.23855841983474618
124336,1,0.650324927978239
124338,0,0.05992260963006257
124340,0,0.43064126689056403
124342,0,0.303805137898895
124344,1,0.814303751078947
124345,0,0.16267908505806963
124346,0,0.15807956457326955
124347,0,0.5374325308507087
124351,0,0.36327650754228186
124354,0,0.17450736243470866
124355,0,0.3042903573382099
124356,0,0.5840621948371453
124360,0,0.37003242229815814
124365,0,0.8271754047141832
124368,0,0.16258062952547997
124370,0,0.16224803291949635
124372,0,0.4978402047419091
124373,0,0.3396282117985895
124374,0,0.6378756991513682
124375,0,0.34737953662415044
124376,0,0.05976781500971645
124377,0,0.7547381655811117
124379,0,0.22898462417427362
124380,0,0.06142535202024481
124381,0,0.201635096770085
124382,0,0.14747259407915522
124383,1,0.6111927690607084
124387,0,0.7540311915619762
124388,0,0.0629673092467383
124390,0,0.23331050368550113
124391,0,0.6694339252668178
124394,0,0.2988855755117031
124396,0,0.495866910079554
124397,0,0.31870511733264256
124398,0,0.1551798281062094
124401,0,0.143386745936894
124403,0,0.6059039943701073
124406,0,0.11709873561784193
124408,0,0.7160882256639931
124409,0,0.3532408152017725
124411,0,0.4447603008391763
124412,0,0.612486414120538
124413,0,0.23590067619103947
124414,0,0.4089790356878744
124417,0,0.11693197025407923
124418,0,0.4144646206271524
124419,0,0.8139516559014798
124421,0,0.16384054476515097
124422,1,0.4447475652871552
124423,0,0.4794108168809629
124426,0,0.6996470772954858
124428,0,0.1145615344902476
124429,0,0.27972450412120453
124433,0,0.15682676281645166
124434,0,0.12548826496937524
124435,0,0.4846699094338067
124437,1,0.6176134947911501
124443,0,0.6402641452291503
124448,0,0.6975722947752399
124450,0,0.039606737876943576
124452,0,0.508195799554123
124453,0,0.15035915164691
124458,0,0.10986458609638339
124460,0,0.08344110123241126
124462,0,0.07046118581218005
124463,0,0.16449321172415826
124464,0,0.3689531001105186
124466,0,0.2087830751897008
124467,0,0.586103934114625
124468,0,0.12551827146262967
124471,0,0.4006056765335576
124472,0,0.27906802508863116
124477,0,0.2938248686118544
124482,0,0.5277389020157287
124484,0,0.3352316817614043
124486,1,0.12136980315769971
124488,0,0.19869872462944033
124490,0,0.6973323705331816
124492,0,0.41349037753057216
124498,0,0.11837115794617878
124500,1,0.1450753830327513
124501,0,0.6331919373061917
124502,0,0.5564020344140761
124503,0,0.6434332240380275
124504,0,0.25532093054805116
124505,0,0.1492834870594453
124507,0,0.3408169376514277
124508,1,0.6568546779124865
124509,0,0.42980455726914313
124513,0,0.15528061748132177
124514,0,0.12051053835087029
124516,0,0.508677068828282
124517,1,0.3673320277697457
124519,0,0.18813155425317274
124520,0,0.4818977062636612
124524,0,0.05990995464089279
124525,0,0.225982610975696
124526,0,0.23701247339131934
124528,0,0.4879561835400713
124529,0,0.1451068713041511
124531,0,0.5311184743534705
124533,0,0.07623045835427042
124535,0,0.1483120679063604
124539,0,0.2533207538182919
124542,0,0.3685499911775928
124544,0,0.26615350023020495
124547,1,0.5036974236243037
124549,1,0.6136816651347752
124553,1,0.3379724437985111
124554,0,0.14415410878411558
124556,0,0.37707428630281575
124557,0,0.2945256782743195
124558,0,0.21407112290188976
124559,0,0.3870338148832022
124561,0,0.08577319515003909
124563,0,0.7242031571558633
124565,0,0.1518278655138122
124566,0,0.4700140453413676
124567,0,0.15636486801002789
124568,0,0.7355754987985434
124569,0,0.057989359697798185
124574,0,0.10777675446582943
124577,0,0.13414095137399146
124578,0,0.3247990353015681
124579,0,0.0443651420057092
124580,1,0.3746173620061238
124581,0,0.18693758249579862
124582,0,0.16884834039012947
124588,1,0.7350460033614843
124589,0,0.1403224370291219
124590,0,0.09157619761357287
124592,1,0.928186873462737
124593,0,0.22709064800988762
124594,0,0.050940348887788624
124596,0,0.5082331610409335
124597,0,0.04813697090719878
124598,0,0.7113564740903129
124601,0,0.17917665041000883
124603,0,0.16157608688312985
124604,0,0.2254353527878493
124605,0,0.24642562580195676
124606,0,0.1188730869814113
124609,0,0.5819560184826392
124610,0,0.20307418479788195
124612,1,0.6572946787247396
124614,0,0.2726058841289973
124615,0,0.18391348507144906
124616,0,0.524956922698425
124617,0,0.1786003398614659
124618,0,0.308344547605616
124619,0,0.1572714551985748
124620,0,0.4683636999540567
124621,0,0.07953099201648424
124624,0,0.13485603252541722
124626,0,0.08972935651776044
124632,0,0.11912729791494887
124636,0,0.1529326413891786
124637,0,0.33314271126036377
124638,0,0.3123934409332148
124642,0,0.5645728376698862
124643,1,0.1825103836820055
124647,0,0.23597874383509035
124653,0,0.7990766345497303
124654,0,0.08578245607229498
124656,0,0.22792307151326802
124657,0,0.12304471175976583
124660,0,0.6854265768440096
124661,0,0.4573322969188117
124662,0,0.5578092210312647
124663,0,0.03676581710966919
124665,0,0.5316502503693534
124667,0,0.04172546439978769
124668,0,0.18779054848780025
124670,0,0.2936355941556441
124671,1,0.7110867332336237
124676,0,0.13416132926039653
124683,0,0.25149248821891723
124684,0,0.10742317617003135
124685,0,0.362478921988379
124686,0,0.2055218517628316
124688,0,0.26117193825233914
124689,1,0.3909062092870837
124691,0,0.3715764897175101
124698,1,0.5062620298041808
124701,0,0.22569424569549082
124702,0,0.055699855276410234
124704,1,0.6997019560476196
124705,0,0.3115936476927086
124706,0,0.5111120811214553
124710,0,0.03506888250411823
124711,1,0.4248221465484929
124712,0,0.0919475702570712
124715,0,0.1725692857551639
124718,0,0.330842854551484
124720,0,0.34788966183729164
124722,0,0.5725478492397087
124723,0,0.10628030091876195
124728,0,0.4846168112198761
124730,0,0.477852532744537
124731,0,0.2199886340724869
124732,0,0.18573187265373087
124734,1,0.5586901176070023
124735,0,0.4494110850940438
124737,0,0.4569414447635684
124740,0,0.2315958806364607
124741,0,0.847831837490854
124742,0,0.3240512182231065
124743,1,0.41753456557769414
124745,0,0.2188613532410637
124746,0,0.12252591023116069
124750,0,0.388078087390842
124752,0,0.2332364432334782
124755,0,0.21981001789086374
124756,0,0.2696270308595428
124757,0,0.17549859307178622
124759,0,0.12510418506167695
124761,0,0.19071979242945553
124762,0,0.1281331911917091
124769,0,0.0625287708307935
124770,0,0.8576098413788642
124771,0,0.046560898955239495
124772,0,0.5925469439358885
124775,0,0.12733010715219403
124777,0,0.41074425157048633
124778,1,0.8495538878930923
124779,0,0.06723835939520183
124781,0,0.1837149742106887
124785,1,0.6891209297743737
124786,0,0.04899035991413732
124787,0,0.14232737029120815
124788,1,0.4063135060546035
124789,0,0.17015531225282143
124791,0,0.11163945872786932
124792,0,0.13544224506971628
124793,0,0.24558099364765718
124794,0,0.7119492755202487
124796,0,0.5444783589726533
124798,0,0.3296770416539156
124799,0,0.23671523781759235
124802,0,0.1511882127632981
124803,0,0.36265236450349186
124805,1,0.40570200819377894
124807,0,0.13621871887166007
124809,0,0.09256721496189044
124810,0,0.7568110561159704
124811,1,0.5381593821257022
124812,0,0.782146650349355
124814,0,0.6577307698439208
124815,0,0.25040538045786886
124817,0,0.6520629093000323
124821,0,0.49523996572231715
