SEQN,true_target,predicted_probability
109266,0,0.1350134231888364
109271,0,0.30262313635909666
109273,0,0.3268878225887413
109274,0,0.5155719423276017
109282,0,0.4208031806597117
109284,0,0.4410057980841837
109290,0,0.3885974554521092
109291,0,0.1554419417703213
109293,0,0.22195993835660835
109297,0,0.035295421845961836
109300,0,0.2687556056852725
109303,0,0.1632214073164187
109307,0,0.23258151910637997
109312,0,0.10336248246858303
109313,0,0.27989976474624145
109315,0,0.06451500491567119
109316,0,0.3080087952021564
109317,0,0.02953996303456662
109319,0,0.12063628131896018
109321,0,0.21022179882132572
109322,0,0.1004968367080287
109324,0,0.11794192145302043
109326,0,0.07325125826755728
109327,0,0.37020173085790925
109330,0,0.3281683236297011
109333,0,0.034673391490093214
109336,0,0.40537690743741556
109337,0,0.544344055150583
109340,1,0.8344653806437553
109342,0,0.23340864531110547
109348,0,0.2004099896575796
109349,1,0.5349897442933508
109350,0,0.48644589970078345
109351,0,0.44337461484908547
109365,0,0.22611585249521723
109367,0,0.45419949914871494
109369,0,0.30094389485624295
109371,1,0.2888300070814168
109373,0,0.07084499779760862
109377,0,0.20566483644822817
109378,0,0.21653032393989002
109379,0,0.3147928678501923
109382,1,0.693497758298454
109389,0,0.1815913222645942
109390,0,0.2840381775546178
109391,1,0.5749016758479624
109392,0,0.31913135424567274
109393,0,0.4261456159124274
109394,0,0.13239007989738705
109395,0,0.2608556594137504
109396,0,0.05327493288243386
109397,0,0.6609208099796539
109403,0,0.16835838406482362
109404,0,0.03631211984909434
109405,0,0.058447849968274256
109408,1,0.7242508377040491
109411,0,0.15622329947944866
109413,0,0.4654430820070878
109414,0,0.7360611051596905
109415,0,0.7834830167334598
109423,0,0.055796508574884635
109426,0,0.28501464818960337
109429,1,0.567073797310368
109431,0,0.11108328333057345
109432,0,0.12259980669721061
109435,1,0.8580280906826142
109436,1,0.5467544048046955
109439,0,0.23215041427560432
109441,0,0.10484581981707315
109444,0,0.12781101878533618
109450,0,0.062355161308272594
109454,0,0.7485505855306682
109455,0,0.2741251441292798
109457,0,0.4091095334383472
109458,0,0.13244988677621708
109459,0,0.6715440419360778
109464,0,0.18300978581881877
109466,0,0.4632030055489956
109467,0,0.3000905711917078
109468,0,0.7511279925028629
109472,0,0.7143988490082747
109473,0,0.4437289574372392
109474,0,0.6163750903313737
109478,0,0.03165418214715205
109480,0,0.792407061962073
109481,1,0.38248930845239065
109482,0,0.19264338959604152
109483,0,0.6648948466038224
109486,0,0.47748904740012277
109488,0,0.19491138634258054
109495,1,0.6789965200850581
109496,0,0.6932552435062945
109497,0,0.16182288394373084
109501,0,0.6069087312518985
109502,0,0.10158094221736334
109503,1,0.7245145828624185
109504,0,0.35270109534322747
109508,0,0.5962912821445016
109510,0,0.13304202507796167
109512,0,0.6843289645617447
109513,1,0.5784028524336088
109518,0,0.04403319010772091
109519,0,0.7111016135104679
109520,0,0.2680024765969256
109526,0,0.22910416556326346
109527,0,0.20488152029422524
109530,1,0.2692713523370843
109531,0,0.6366455500257083
109532,0,0.45519525422738866
109536,0,0.07653687215141623
109538,0,0.4104364229354001
109539,0,0.2054534857946705
109541,0,0.10796245811001982
109542,0,0.27822418470396026
109544,0,0.6996692941447161
109545,0,0.3897490287275977
109548,0,0.5044340938003135
109549,0,0.412535798713787
109550,0,0.6589611118259125
109551,0,0.452465890572898
109552,0,0.6854537379658757
109554,0,0.2984826423795895
109555,0,0.05069202100736498
109558,0,0.3600534776147996
109560,0,0.11623997705572142
109562,0,0.22347438975312472
109564,0,0.11556822175182395
109565,0,0.5148800565077013
109567,0,0.17055098452770123
109568,0,0.35713779310349003
109570,0,0.38997275368476764
109571,0,0.4408785497235965
109574,0,0.6017077237666149
109577,0,0.7205950712424338
109579,0,0.0935865120633299
109580,0,0.056503046507480344
109581,0,0.21816146311963955
109585,0,0.16015759127057286
109587,0,0.716846466582694
109588,1,0.544722078032418
109591,0,0.5111694466957742
109592,1,0.30786231715476653
109593,0,0.4615147509099415
109597,0,0.5015780351615653
109598,0,0.11081607893043581
109601,0,0.27392653656403887
109602,0,0.1333412619963783
109606,0,0.08342756906901432
109607,0,0.28098932877982785
109608,0,0.19733504182483688
109610,0,0.34379945583688337
109611,0,0.25361529403081307
109612,0,0.5019576092580617
109614,0,0.5191409417311358
109615,0,0.3028920647913969
109617,0,0.2906212980298413
109620,1,0.9180844578211307
109623,0,0.06969395442466261
109626,0,0.5439903654638101
109628,0,0.5780397739480975
109629,0,0.07440894706684519
109630,0,0.4820171040164196
109634,0,0.1666829156277665
109635,0,0.13248027280547195
109637,0,0.22248773643475303
109638,0,0.33718424537090025
109639,0,0.07097150089542603
109640,0,0.1319064912940258
109643,0,0.5603262342803078
109644,0,0.1359003387209628
109645,0,0.3403826458305521
109649,0,0.43399663936393684
109653,0,0.6984778378761317
109654,0,0.12488317776866958
109656,0,0.7512916461924186
109657,0,0.1079049229480564
109662,0,0.3303854186399006
109664,0,0.12136182716684459
109665,0,0.45715631108759686
109667,0,0.2588764127692375
109669,0,0.30174312415309434
109673,0,0.10223634426957881
109675,0,0.1476620795724387
109676,0,0.22564905340722724
109677,0,0.6439450960665738
109678,0,0.046995586300337996
109679,0,0.38026102081006974
109685,0,0.16017899112626402
109686,0,0.5424680641340268
109687,0,0.09857190903604533
109691,0,0.06464186734541451
109693,0,0.12167520804703835
109697,0,0.06602225727153815
109700,0,0.20404737828535147
109703,0,0.23452124460215426
109704,0,0.2765057786920365
109709,0,0.8153774434035972
109712,0,0.24464758953991517
109713,0,0.30989050867661616
109714,0,0.14021751693319504
109716,0,0.18849811330758526
109721,1,0.6614346037934199
109723,0,0.12091255940330675
109725,0,0.18846691906716007
109727,0,0.06635605171188659
109728,0,0.6746022768421649
109730,0,0.1819387699679924
109731,0,0.06939330689829971
109735,0,0.1494128701478729
109740,0,0.4704379752746925
109742,0,0.3797198532061814
109746,0,0.4589964751797843
109747,0,0.24360964100836882
109754,0,0.09456843039238969
109758,0,0.08394714135750833
109760,0,0.34449763212804696
109761,0,0.06563735996793896
109763,0,0.5516864550787934
109764,0,0.2802493159491746
109765,0,0.14182233050348603
109768,0,0.08492496297593671
109769,1,0.6763466699620412
109770,0,0.2783068724347055
109771,0,0.22694574708899093
109774,0,0.30606775459315316
109776,1,0.39971282407581815
109782,0,0.4217960967836089
109783,0,0.6046472239471534
109785,0,0.5573490119758298
109789,0,0.41545018545809126
109791,0,0.1148855139619218
109793,0,0.2911899539631043
109794,0,0.8297828751024903
109800,0,0.10403111642266656
109802,0,0.1484244903107838
109805,0,0.5068612056874646
109806,0,0.5307680579065687
109807,0,0.10138901565298461
109809,0,0.15151054032169098
109811,1,0.2578999685217687
109812,0,0.33433604015893437
109813,0,0.26630449933514966
109814,0,0.026004490325693318
109815,0,0.5041943215792624
109816,0,0.15075425420653168
109817,0,0.06698076451868115
109820,0,0.1284869481095792
109821,0,0.15863487037967594
109825,0,0.15209713366229288
109828,0,0.14981686616131745
109831,0,0.4827226984138289
109839,0,0.4679950373980254
109841,1,0.5712266530751922
109843,0,0.3625955004004915
109844,0,0.741472194215003
109850,0,0.11501810554724384
109852,0,0.1570390621590893
109854,0,0.24040891842396847
109855,0,0.11151838178801025
109857,0,0.6813564492615153
109860,0,0.09541015052345346
109862,0,0.28020698364456853
109863,0,0.16952730839689345
109864,0,0.23375233191103503
109866,0,0.13707508533892332
109867,0,0.306037063432388
109868,0,0.6832390107641498
109873,0,0.07982039573820972
109874,0,0.24217466330558454
109876,1,0.5057077214647038
109877,0,0.1292319446637186
109878,0,0.15794073796520752
109879,0,0.15642474192760902
109881,0,0.2975626543724225
109884,0,0.14144887024137034
109886,1,0.803141724982151
109887,0,0.45217856788758615
109891,0,0.3300631933336616
109893,0,0.06978447246072124
109895,0,0.5274966472929002
109898,0,0.805006517895002
109900,0,0.4018325202584757
109901,1,0.3835879081836391
109902,0,0.7038775790355197
109903,0,0.7979120555490609
109905,1,0.8411377939963604
109908,1,0.5289822082686517
109913,0,0.6317010743157657
109915,0,0.22699604936139825
109916,0,0.6200733056197238
109917,0,0.1362370312675973
109918,0,0.6981973566551251
109919,0,0.08112148459366875
109921,0,0.18626314706911448
109922,0,0.1691238882081292
109926,0,0.19579943716752038
109930,0,0.7264717531924552
109931,0,0.23770020030554398
109932,0,0.6539212456024016
109934,0,0.057954151611643294
109938,0,0.0723913941561892
109939,0,0.08515308089267169
109940,0,0.17053644389271203
109941,0,0.34963855188008863
109942,0,0.23955625317966955
109945,0,0.1279757519339083
109957,0,0.16542413580604984
109959,0,0.5841223394996922
109960,1,0.38625736611864914
109962,0,0.42229787246818673
109963,0,0.6757144775635042
109971,0,0.5621529078547448
109975,0,0.09588278042485002
109976,0,0.4531216178311276
109977,0,0.19345720251506257
109978,0,0.04297852114415681
109979,0,0.06890574129807442
109980,0,0.12227817177175883
109981,0,0.5238953998608136
109987,0,0.27724691923798434
109990,0,0.31362550323872485
109991,0,0.3989951756967269
109992,0,0.3418860017949597
109997,0,0.6524764599996941
110004,0,0.050220085380164085
110005,0,0.11072547444817717
110006,0,0.19057503196646253
110010,0,0.20115256314596852
110011,0,0.23444954799746573
110015,0,0.4892523331381826
110016,0,0.07787611026110025
110018,0,0.07513438108886836
110021,0,0.09081068312855275
110023,0,0.19194541532620452
110027,0,0.05999586413089661
110028,0,0.34184921816129427
110029,0,0.42488622691271827
110030,0,0.05885173450690017
110035,0,0.5012611779174014
110037,0,0.7123617385014941
110038,0,0.17432315333210965
110040,0,0.20489174056724646
110041,0,0.852260021137834
110042,0,0.5821928138100357
110043,0,0.169309472603916
110045,0,0.4501204944180249
110052,0,0.21067406127067997
110054,0,0.41489651413119866
110055,0,0.24736940468942303
110056,0,0.2082021443142543
110057,1,0.7771442139919691
110059,0,0.08598504587494477
110061,0,0.6259017376158366
110062,0,0.09931696718717026
110063,0,0.0556873881052201
110064,0,0.783297292130133
110065,0,0.19622144600691194
110067,0,0.1351728977244726
110068,0,0.11347496594573857
110070,1,0.5687468506366912
110071,0,0.2978859060340742
110074,0,0.18764478513587574
110079,0,0.45123744352171885
110085,0,0.31903229987090376
110087,0,0.3633832173218815
110088,0,0.7314780450086884
110090,0,0.4948126516279618
110091,0,0.047585165803660096
110093,0,0.07660304025833416
110098,0,0.11902096406555022
110102,0,0.7068083638862547
110103,0,0.6572807020124125
110107,0,0.4005105499429972
110112,0,0.05331893182649013
110114,0,0.07540159388551289
110116,0,0.10302890887837629
110117,0,0.07217754447100203
110120,0,0.7210647033168585
110123,1,0.6551376773916536
110125,0,0.3968801012757425
110129,0,0.7344108416124362
110130,0,0.14545346930714556
110131,1,0.2769806195911899
110134,0,0.40259673192359385
110136,0,0.08828104657809273
110137,0,0.19729307443189506
110139,0,0.41559656775687165
110142,0,0.581291836169383
110144,0,0.24598156160343163
110147,1,0.8374844332279909
110151,0,0.5394996406430477
110153,0,0.22887033442378307
110155,0,0.1701226735661107
110159,0,0.08881733591534814
110161,0,0.32338064760780294
110165,0,0.8231471116692062
110167,0,0.2258346608483396
110168,0,0.34385090409438684
110169,0,0.4175699835508315
110171,0,0.10952328678513899
110172,0,0.23793599303669108
110173,0,0.1521220120463433
110174,0,0.13144119164361506
110175,0,0.19969825207186948
110176,0,0.45774721186787054
110178,0,0.49433427783453177
110180,0,0.3897656634407968
110182,0,0.8165433970592053
110184,0,0.25811426752064986
110185,0,0.46701577222565854
110186,0,0.16111549028706637
110187,0,0.5662530253773356
110188,0,0.23418378637148327
110190,0,0.058538660843620534
110191,1,0.5144181272992996
110194,0,0.6873948458242494
110196,0,0.3065499315975871
110200,0,0.1914263978886122
110204,0,0.394414820006491
110206,0,0.5023901758750468
110207,0,0.29322443694075345
110208,0,0.6986321861264736
110211,0,0.07538652915570535
110213,0,0.07319805390237803
110214,0,0.10482235692386561
110217,0,0.23994565383459798
110218,0,0.038340930338105206
110223,0,0.6515897677887316
110224,0,0.29911155983818416
110226,0,0.07230657673763946
110228,0,0.40316062466047803
110234,0,0.24500630061654047
110235,0,0.24490846363282637
110236,0,0.13571529225628318
110240,0,0.6405599195628509
110247,0,0.29192143655482516
110250,0,0.5400387634917753
110251,0,0.17444895125183899
110252,0,0.2979938068195285
110264,1,0.3890296782696096
110265,0,0.13765868591933317
110266,0,0.18784644129510478
110270,1,0.6701186478390756
110272,0,0.12084411597658874
110273,1,0.44175597125064625
110276,0,0.28487023398091094
110279,0,0.6891337744202376
110286,0,0.3210185786691746
110287,0,0.3711129018205013
110289,0,0.33105650987535895
110290,0,0.4283458614181572
110291,0,0.4684366330801595
110292,1,0.7167761494538641
110293,0,0.08744588240278751
110295,0,0.3102441822465585
110296,0,0.13727043066905864
110304,1,0.43040673692307657
110305,0,0.03670693464490137
110306,1,0.8868062505516464
110309,0,0.1606435594663608
110310,0,0.4753864289911387
110311,0,0.23469373348599043
110317,0,0.16426184940098082
110318,0,0.24199343226723094
110319,0,0.2628229594950091
110321,0,0.2056826872879009
110322,0,0.18540774640521065
110323,0,0.06940924268018353
110326,0,0.13186758770428697
110328,0,0.4784117516771935
110332,0,0.6790527242170572
110336,0,0.20736417751320058
110341,0,0.3510444720312494
110342,0,0.11309318533027829
110347,0,0.39285918288332844
110350,0,0.6116498108993226
110351,0,0.1688997433835736
110353,0,0.283467052569569
110356,0,0.16057091032383533
110359,0,0.7059702748468872
110366,0,0.28425081364041904
110367,0,0.445195118244829
110372,0,0.6561664619990732
110374,0,0.73427779353934
110376,0,0.1312478298715387
110378,0,0.7366693575492863
110379,0,0.03742213314554893
110380,0,0.19463490556067214
110381,0,0.5230475464424542
110385,0,0.09169484072898106
110386,1,0.45645524880499316
110387,1,0.7123861271587778
110389,0,0.18464139697547605
110390,0,0.27659558081717006
110391,0,0.04403427916181814
110394,0,0.15468666318389773
110396,0,0.15185668108775208
110399,0,0.26455965275753474
110400,0,0.7839842572998689
110402,0,0.4819613500130946
110406,0,0.3948976314396312
110408,0,0.04394295983960974
110409,0,0.06928826988900041
110410,0,0.5177995418842829
110411,0,0.43808240022188877
110412,0,0.2030507639977253
110414,0,0.15362187462418883
110415,0,0.1484966767915205
110418,0,0.7424642072417936
110419,0,0.1419791718216379
110421,0,0.5234888197528086
110425,0,0.08357226011545023
110426,0,0.4274228707914933
110427,0,0.13582364198229327
110429,0,0.3219013833839794
110430,0,0.1649603356976452
110431,0,0.17384400403164754
110434,1,0.8510430931157394
110438,0,0.4737256749232437
110440,1,0.5743260334933606
110442,0,0.0996109788335988
110446,0,0.5239029154305147
110449,0,0.6456046223442303
110450,0,0.1634831310273533
110453,0,0.508393485206226
110454,0,0.1339521451067905
110457,0,0.3388809150418485
110460,0,0.04834423380634536
110461,0,0.19505361442159813
110464,0,0.16448189432442745
110465,0,0.23834141436592657
110467,0,0.08717814274603539
110473,0,0.3558789550998098
110474,0,0.4391580110341412
110476,0,0.05810783351205115
110477,0,0.24045745902390508
110478,0,0.1388822262643051
110482,0,0.5745038239721271
110488,1,0.716188782782083
110489,0,0.40743955732086057
110492,0,0.06105465667417053
110494,0,0.24110687461937963
110495,0,0.7852440163573055
110496,0,0.22992080045426844
110498,0,0.089572805940711
110503,0,0.2476474418707117
110506,0,0.5292085092755847
110507,0,0.08581483261468105
110508,0,0.1455262121593723
110509,0,0.41306746210542905
110510,0,0.1910234011981364
110512,0,0.12383293108380433
110518,0,0.33097155915735044
110520,0,0.09931347127848596
110521,0,0.5661299761672989
110522,0,0.536099200688429
110524,0,0.6266604247208819
110526,0,0.08307867545982679
110527,0,0.3092331347823258
110531,1,0.47770057850800207
110532,1,0.6743267532938464
110538,1,0.7908513165410369
110540,0,0.09922056820372639
110541,1,0.5328329240112029
110543,0,0.0779761746519425
110544,0,0.46757735847127135
110545,0,0.7818055048261054
110546,0,0.3327645876969577
110548,0,0.5195996550578175
110551,0,0.4418375107417746
110552,0,0.15288615432410937
110553,0,0.04657643333206695
110555,0,0.43700904401393925
110558,0,0.2671309943305598
110560,0,0.45539062139629094
110571,1,0.2656526359835451
110572,0,0.40355337908332684
110573,0,0.40151326942077326
110575,1,0.6419267338294661
110576,0,0.061134432054840676
110578,0,0.5451041165132776
110579,0,0.4893187552279401
110581,0,0.5045271043668742
110588,0,0.2960988130669262
110594,0,0.10677355247600132
110602,0,0.048811401608700365
110603,0,0.1395987369697728
110604,0,0.1423604541643283
110606,0,0.1735213924763447
110607,0,0.1451621551982783
110608,0,0.8342427970721182
110610,0,0.3254944110926247
110613,0,0.22984888369453724
110614,0,0.4160503645335046
110615,0,0.22583391047271678
110617,0,0.21774936698391875
110621,0,0.350552566818192
110622,1,0.3319444263275394
110624,0,0.39503811542200273
110626,0,0.38218772588146793
110627,0,0.19189685161086978
110628,0,0.2697920711223823
110636,0,0.5056099786775241
110638,1,0.7459334326694659
110639,0,0.5813058907871899
110640,0,0.2701147949979166
110645,0,0.617199681638619
110651,0,0.44621170550077977
110655,0,0.605151792379287
110657,0,0.22483366076213554
110658,0,0.1633858067792802
110662,0,0.5031789117432894
110663,0,0.29926028355185375
110665,0,0.5135950520695528
110672,0,0.2516630778852073
110675,0,0.2854756394018576
110681,0,0.13617145767530603
110682,0,0.25827512543400394
110684,0,0.03470057222582616
110686,0,0.128262983459046
110688,0,0.06396508333405623
110690,1,0.7368666315801069
110692,0,0.16095396191926906
110698,0,0.33382812982413185
110699,1,0.4755367834714776
110700,0,0.45772057415978135
110702,0,0.2293470930222969
110703,0,0.44371663673089545
110704,0,0.23007464458618554
110705,0,0.1660751768751986
110709,1,0.6280749687788437
110711,0,0.08331779832027786
110712,0,0.18445719150481196
110713,0,0.05749015464483529
110714,0,0.19682393936601883
110715,0,0.2808699632096271
110717,0,0.6969218035039522
110718,1,0.7311297467515225
110719,0,0.47004379429567034
110721,0,0.2633854485844982
110722,0,0.8038917623936593
110723,0,0.2210849535285313
110726,1,0.3110988055446704
110728,0,0.48991129435246195
110730,0,0.08055084073264204
110736,0,0.25448741383305484
110739,0,0.048726781302400476
110742,0,0.11077588282401661
110747,0,0.6387475836182661
110749,0,0.21428460262739638
110750,0,0.19158082528573953
110751,0,0.6641425148075709
110752,0,0.12049476362454785
110753,0,0.3012627441460775
110759,0,0.5724500268622841
110760,0,0.10056602593248032
110762,1,0.8244584166385642
110763,1,0.8570647200748176
110765,0,0.18246985322173764
110766,0,0.09285271477577427
110769,0,0.11894699395121046
110770,0,0.181942781527644
110771,0,0.06225248335404103
110773,0,0.07313336679067708
110775,1,0.7299947434955754
110778,0,0.7434504141458466
110779,0,0.1393196619350209
110780,0,0.1677279831390241
110781,0,0.5718425917923669
110784,0,0.09201449061483903
110785,0,0.7717678241715027
110789,0,0.1698387972288056
110791,0,0.1348245605277439
110792,0,0.0539793508065854
110794,0,0.7302451489762123
110795,0,0.4574844070314925
110796,0,0.4706654503269128
110800,0,0.14185333077993956
110803,0,0.19096555066898152
110805,0,0.36693542207686486
110806,0,0.3931593943529774
110810,1,0.6486596959139468
110811,0,0.12081777816889928
110813,0,0.5657767842652691
110814,0,0.5955624480770304
110816,0,0.06246941903313426
110819,0,0.12201113313083843
110820,0,0.5331964036222342
110821,1,0.6164704225511899
110822,0,0.39894495707758837
110830,0,0.16894892605001985
110833,0,0.378740422240908
110835,0,0.2221234252687264
110836,0,0.6183183497270468
110841,1,0.7643850308688994
110848,0,0.4693452546870864
110851,0,0.0623796868325139
110852,0,0.3688550344348384
110853,0,0.2633843014437172
110857,0,0.10755226433031857
110859,0,0.8607364427924955
110861,0,0.17510588106847025
110862,0,0.162942590991056
110865,0,0.1301874331752879
110867,0,0.5112545562711672
110868,0,0.44184990322591117
110870,0,0.4565882301868258
110871,0,0.15844113086197337
110875,0,0.42409052465690783
110876,0,0.3658587840753954
110881,0,0.1779680172701532
110882,0,0.4953713212267892
110884,0,0.27678984488153935
110886,0,0.68651180332546
110887,0,0.054703088790399465
110888,0,0.6853582720890979
110889,0,0.46387616634161993
110890,0,0.1124578862859373
110894,0,0.34899564340980127
110895,0,0.13626154887985065
110897,0,0.3954229185078756
110898,0,0.20054783448436914
110899,0,0.20249065055510843
110900,1,0.6556136446055827
110904,0,0.3305184427322218
110905,0,0.047344447510352376
110909,0,0.271436305459289
110910,0,0.12874021034789881
110915,0,0.16269429368596594
110916,0,0.07269956151357322
110917,0,0.2606786195418066
110918,0,0.2838739332318868
110920,1,0.7986145334947732
110921,0,0.11181038104686396
110925,0,0.49662668788716174
110929,0,0.6849920217761225
110934,0,0.2354368371871471
110935,0,0.7754376533599864
110940,0,0.38907325974776263
110941,0,0.15469231314916881
110942,0,0.4434541346973246
110944,0,0.650203732054227
110949,0,0.05271314933105808
110950,0,0.5052757515499157
110952,1,0.5494191501251326
110953,0,0.1682230288404414
110954,0,0.07796538063185268
110956,0,0.7827741921009842
110957,0,0.24233032330792081
110958,0,0.4437810138174411
110959,0,0.8327725247922746
110961,1,0.5037023094291307
110966,0,0.03839321635781318
110971,0,0.6983789917151717
110973,0,0.23346774967449874
110975,0,0.22403448986569288
110976,0,0.20916975104330704
110977,0,0.502803471998766
110979,0,0.268658971933557
110981,0,0.1763261534130422
110984,0,0.04049254840596794
110985,0,0.15040471205995953
110986,1,0.7754322407771348
110987,0,0.17305261182594567
110988,0,0.14751405705451365
110990,0,0.8017773913555974
110993,0,0.2457375078177995
110995,0,0.11013086201011303
110997,0,0.50644078258467
110999,0,0.07593044414544606
111003,0,0.04302478211373578
111006,0,0.43282536469567345
111007,0,0.15848020909510308
111008,0,0.29565365516836367
111011,0,0.11607788155717161
111012,1,0.7937305510780033
111014,0,0.7490771488184275
111018,0,0.32521427157787314
111021,0,0.33490412750893556
111023,0,0.6733524811036118
111030,0,0.17793704560693135
111031,0,0.16792276265400452
111036,0,0.6416727296770621
111037,0,0.08919125756920071
111039,0,0.05086656325478321
111040,0,0.4968747979880431
111042,0,0.45851138304669253
111043,0,0.5076303915043868
111045,0,0.08990269350780125
111046,0,0.41610801327130503
111047,0,0.22221248087067977
111050,0,0.45081785942056796
111053,0,0.36774204242865843
111054,0,0.6711391674707845
111055,0,0.246566303404322
111058,1,0.7126050921520434
111060,0,0.12045741598819448
111062,0,0.36014052860352996
111064,0,0.36341780097082216
111065,0,0.6952641333615488
111067,0,0.4721232566981577
111068,0,0.10810990338104226
111069,0,0.09088247562259058
111071,0,0.4315697991373332
111075,0,0.411882841394077
111077,1,0.7747016707893206
111078,0,0.6704925390852138
111079,0,0.03574910416334602
111081,1,0.8825533799785075
111083,0,0.4817116397634987
111085,0,0.12878192304113847
111089,0,0.054256725713888204
111092,0,0.5983431122485446
111094,1,0.7297774552002255
111095,0,0.34071347349654585
111096,0,0.08806316531965683
111097,0,0.34838232456837676
111098,0,0.15410825714128548
111102,0,0.5901452012163598
111105,0,0.5817449282197541
111109,0,0.4059590940931048
111110,0,0.4986721959624305
111112,0,0.16610245938619175
111115,0,0.5626077876834639
111117,0,0.6959977382496989
111120,1,0.6567228012889917
111122,0,0.2225550645833572
111123,1,0.4482215169138929
111124,0,0.04067847409785122
111126,0,0.03731180946592195
111130,0,0.1470127418216134
111133,0,0.13240426926161475
111136,0,0.2049530522482611
111139,0,0.22937254931749285
111140,0,0.5560512433528433
111143,0,0.4088338392926297
111145,0,0.1002493951621021
111149,0,0.1748518369238895
111152,0,0.4469834359152024
111154,0,0.06348842844363128
111159,0,0.15325255179387173
111161,0,0.0630797396349804
111162,0,0.057924716240304264
111163,0,0.18930417960050666
111164,0,0.33618421998223136
111165,0,0.19083953881941565
111168,0,0.05201685725801419
111171,0,0.32006801797314727
111173,0,0.4423769717302015
111175,0,0.12883949304655562
111181,0,0.16252712814555306
111183,0,0.4353835202305652
111185,0,0.29108977904926153
111188,0,0.6199966202790016
111189,0,0.12094267381917029
111190,0,0.1672085491429669
111191,0,0.09904612151081255
111192,0,0.4264006757313996
111194,0,0.4017200391819895
111196,0,0.30630837270339617
111197,0,0.057684233292219576
111198,0,0.7297900598760971
111199,0,0.10841189352251812
111201,0,0.2627156425040008
111203,0,0.21407092543092396
111206,0,0.2842269511629219
111207,0,0.7657812875314783
111210,0,0.7188496750688708
111215,0,0.2182722757846357
111216,0,0.5736798416475046
111219,0,0.05994333567653751
111220,0,0.26972958175639017
111221,0,0.4022248312713435
111222,0,0.1397392954076889
111226,0,0.5774236111726172
111228,0,0.1356785620786567
111229,0,0.4795588011558289
111232,0,0.13881689149208967
111233,0,0.24278585935646815
111234,0,0.45400293060982866
111236,0,0.3013197663416866
111238,0,0.49843498788073065
111240,0,0.4594678684544475
111242,0,0.14693778750684272
111244,0,0.09138816970819136
111245,0,0.4240487125788557
111249,0,0.1308104186251174
111250,0,0.5617293510958872
111253,0,0.24946364105538632
111254,0,0.3747331106364773
111255,0,0.22583689359962825
111256,0,0.37280022735622503
111257,0,0.4128525777642015
111262,0,0.757597372559885
111263,0,0.32416098873572097
111265,0,0.07103689962887534
111266,0,0.5281007186963621
111268,1,0.3858942015727008
111270,1,0.11640456548166199
111271,0,0.07083269909507922
111274,1,0.5373363073594566
111279,0,0.31940982325913575
111280,1,0.27861936980192925
111282,0,0.21169638135971408
111283,0,0.06815032922153083
111284,0,0.6855652749893515
111286,0,0.0870602063060577
111287,0,0.3822685533369
111288,0,0.2701864276592875
111290,0,0.24165434690027987
111294,0,0.4624125675504469
111296,0,0.35018653661405025
111297,0,0.636390645908311
111300,0,0.6303002489359637
111301,0,0.09529186026842926
111302,0,0.14442295880291933
111303,0,0.29407852880401564
111304,0,0.33276767199064805
111305,0,0.3721592007981345
111307,0,0.24984747469767876
111309,0,0.10139608069031635
111311,0,0.29243598741938936
111312,1,0.8018744011589802
111315,0,0.44010843526275467
111316,1,0.7648743574180868
111318,1,0.8054839237150317
111320,0,0.28708645885008865
111321,0,0.6286074947089247
111322,0,0.2279299788365884
111323,0,0.3726043860977515
111324,0,0.47232919861500855
111325,0,0.14775142161668556
111326,0,0.450113657529278
111328,0,0.4369183872584211
111330,0,0.1005748900936464
111332,0,0.07411270786467422
111333,0,0.41635225504972373
111335,0,0.3678427311522222
111336,0,0.5679193971154376
111337,0,0.5374638488553287
111338,0,0.33259789779932997
111343,0,0.30328487985444696
111348,0,0.235733868907571
111351,0,0.38443702604621444
111352,0,0.31096821382509315
111354,0,0.5784586743862594
111355,0,0.7179724062507478
111357,0,0.5052073794948717
111358,0,0.19367742625653184
111360,0,0.665966292774102
111361,0,0.1572258213833747
111364,1,0.568841185013272
111365,0,0.05688246227639551
111366,0,0.18465320499043
111370,0,0.3725615973578222
111372,0,0.18977846597780446
111377,0,0.8406516985670234
111378,0,0.6683912031709169
111380,1,0.814608909579187
111382,0,0.7108222838724487
111385,0,0.23207777277490002
111389,0,0.32693222049880083
111391,0,0.0493286339319482
111394,0,0.8427022180961583
111395,1,0.7948418852625393
111396,0,0.2702089986651086
111397,0,0.5594728337828652
111400,0,0.2721646908534968
111402,0,0.1670162156077713
111403,0,0.11371153600645803
111405,1,0.3875437117257864
111408,0,0.30563090427020423
111411,0,0.36952446785490417
111416,0,0.6484376797336694
111417,0,0.30828317265594846
111418,0,0.09822111165514225
111420,0,0.775984561433108
111424,1,0.7110004293759835
111425,0,0.07504567244370333
111426,0,0.12206527245603588
111427,0,0.533685338659544
111428,0,0.3347593157545631
111429,0,0.0823252170848015
111430,0,0.042413217627157794
111431,0,0.6256388789148689
111433,0,0.34975659541454546
111434,1,0.7833187987851847
111436,0,0.04923504735509649
111439,0,0.3018374981263223
111440,1,0.7347589587284951
111441,0,0.44599305936955524
111442,0,0.5343404511178957
111443,0,0.3832827610885024
111449,0,0.2141532104014641
111452,0,0.5283874547865993
111453,0,0.13565525114847035
111454,0,0.10650020763094949
111455,0,0.25391618885322037
111456,0,0.3018207463978626
111459,0,0.18469266064489226
111461,0,0.18695684423785797
111463,0,0.41185408640818466
111465,0,0.05254721734740293
111471,0,0.14044638084892616
111476,0,0.505985889547269
111479,0,0.14829427865140227
111486,0,0.3803510407552636
111488,0,0.1427472498756955
111489,0,0.29895380511788827
111491,0,0.32624037556755964
111492,0,0.4533643815681769
111493,0,0.6205253229886112
111494,0,0.928935455950137
111497,0,0.052092298658608246
111500,0,0.2136714278416429
111501,0,0.3318789021568946
111502,0,0.837934147167353
111503,0,0.8012702399693639
111504,0,0.1992586648714524
111507,0,0.33377938131553814
111508,0,0.5992889144410177
111510,0,0.09213971938837777
111511,0,0.13347859921508595
111512,0,0.17628141777987844
111513,0,0.5323159242730692
111514,0,0.26705780456292383
111516,1,0.5237929849900628
111519,0,0.1666213735078485
111522,0,0.5738771130527787
111525,0,0.3963506652641044
111528,0,0.13805248599874692
111533,0,0.26047057750662705
111534,0,0.3342703408587598
111535,1,0.5760246141284017
111537,0,0.1310713130233541
111541,0,0.05848646608538596
111542,0,0.33293342625803485
111543,0,0.09914787806615362
111546,0,0.5358062674583545
111550,1,0.617802059795902
111551,0,0.0775625817099308
111554,0,0.27756910620731384
111555,1,0.2381825226244675
111557,0,0.1333351389052942
111558,0,0.2794912126100598
111561,0,0.06271176815918487
111564,1,0.9101577157403267
111571,0,0.6112957771291812
111572,0,0.04957786344922426
111574,0,0.3314224805482883
111575,0,0.16555944845807438
111579,0,0.41463128873017857
111585,0,0.15081968188614828
111586,0,0.27101350871003904
111587,0,0.16119558602663658
111588,0,0.4148457631492653
111589,0,0.5477193626147049
111590,0,0.6746257169026788
111593,0,0.18054189133704213
111595,0,0.14665704004752309
111598,1,0.6343941543884835
111602,0,0.25372525727902834
111605,0,0.2541631128078127
111608,0,0.15692068920785598
111609,0,0.49043186206787
111610,0,0.2696346815023438
111613,0,0.10291636744972647
111614,0,0.5352689343894262
111616,1,0.7866121334369558
111618,0,0.26112839163327756
111620,0,0.12394068423753149
111621,0,0.4439482094915925
111623,0,0.04612729739234887
111625,0,0.44698496525950915
111629,0,0.2612385799735376
111632,0,0.23324429761415114
111633,0,0.15736713612691036
111635,0,0.3596109322126845
111638,0,0.3217134783680071
111639,0,0.6065205890016475
111640,1,0.5615773068013785
111641,0,0.2756825123720132
111642,0,0.39146030608231364
111643,0,0.3348764398020617
111645,0,0.5123875993023058
111646,0,0.0712943515899581
111649,0,0.4680911379331561
111650,0,0.05369142399908136
111652,0,0.09067902539962487
111655,1,0.22785696504870911
111656,0,0.1485828473936572
111658,0,0.2484771482018515
111659,0,0.1026302235891784
111660,0,0.3414828822175903
111663,0,0.6139904382294104
111664,0,0.40589188872419485
111666,0,0.42179145335794666
111668,1,0.8615480197643715
111669,0,0.6795151088351594
111671,0,0.19126404103871464
111673,0,0.13833366958674126
111675,0,0.25355504108910126
111676,1,0.38395948338441854
111679,1,0.04987131421967488
111682,1,0.5659401887159743
111683,0,0.053813196912739614
111688,0,0.23698089956436608
111692,0,0.08933116013396841
111693,0,0.12806341607823218
111695,0,0.1446814046927657
111700,0,0.05072274619403466
111703,0,0.2598453045988664
111705,0,0.12892995262321805
111707,0,0.663362633457187
111710,0,0.09485115583968154
111712,1,0.911506707122086
111716,0,0.26426024979686114
111717,0,0.09384812560721949
111719,0,0.1086596987133969
111720,0,0.3908150485075857
111723,0,0.14664780935895327
111724,0,0.049578127742128116
111726,0,0.2442354234819992
111728,0,0.5057868253211302
111729,0,0.17515606622571567
111731,0,0.06799247887362293
111732,0,0.13822389603662397
111733,0,0.3321261666898166
111734,1,0.14703996520327678
111736,0,0.45287235839045514
111741,0,0.1950399978753958
111744,0,0.07129993794353051
111745,0,0.8173366399622825
111749,0,0.5878286323360764
111751,0,0.5548083146373128
111752,1,0.7038366289086393
111753,0,0.17748367731305503
111754,0,0.25195412233097975
111760,1,0.24258116268388552
111765,0,0.6326253434184399
111766,0,0.3800145264106941
111767,0,0.13203915645608993
111768,0,0.28442327466380335
111770,0,0.46725322426934307
111773,0,0.06507952472673109
111774,0,0.08791213183242111
111776,0,0.31679814021291614
111777,0,0.056140292615255466
111778,0,0.07786996845614343
111779,0,0.3618579139071097
111781,0,0.5980922826803795
111783,0,0.2379942026705249
111786,0,0.7530475076498054
111787,0,0.16433409141088182
111789,0,0.057553356763166266
111790,1,0.5841904870774152
111791,0,0.6214732543817614
111792,0,0.23804840851725612
111794,0,0.7782497911761364
111795,0,0.21954512359553047
111796,0,0.0630337849048961
111797,1,0.6451099417352046
111798,1,0.341985341547741
111801,0,0.04382035945978395
111802,0,0.06283554908149322
111803,0,0.5889704391263276
111804,0,0.7202494037154951
111810,0,0.3226151196659079
111811,0,0.0519621463483382
111814,0,0.30209051955422345
111820,0,0.12048202963516051
111821,0,0.24432754479879626
111823,0,0.38826441074091295
111824,0,0.3412900473374374
111825,0,0.5984638238592918
111827,1,0.48536733278569516
111828,0,0.2620070001904156
111829,1,0.7991807428380524
111830,0,0.10375669365150607
111831,0,0.29935480959024213
111833,0,0.10463718278512531
111835,0,0.34125852285241265
111837,0,0.1280716568474893
111839,0,0.4804552523992476
111840,0,0.38168158517300677
111846,0,0.10511287166119417
111849,0,0.3747101759297714
111850,0,0.24574399165303532
111857,0,0.5649609613841639
111858,0,0.13949264256996347
111859,0,0.7098907631481501
111860,0,0.3403562285577776
111864,0,0.07656888459143171
111866,0,0.3092038898409144
111868,0,0.7824262341910311
111869,0,0.07261033488353207
111870,0,0.2220377549173232
111872,0,0.1800229193395317
111874,0,0.46246665168452344
111875,0,0.5447480025237558
111876,0,0.7929476237528408
111878,0,0.19827488268202473
111879,0,0.5395644813295436
111882,0,0.2027080481960722
111883,0,0.7865330169933705
111884,0,0.29062542573246636
111887,0,0.08830873335735938
111890,0,0.4973932245854371
111893,0,0.2673210887393007
111894,0,0.10798997442887436
111895,0,0.5062090209576923
111896,0,0.5590738406344612
111898,1,0.14015827929651312
111900,0,0.3731592404038188
111901,0,0.28939934710128046
111904,0,0.13554372390119576
111906,0,0.2762006831451581
111908,0,0.11591475097457274
111909,0,0.8584976924857858
111911,0,0.6143656900014483
111913,0,0.5278970437517312
111917,1,0.6104502239828027
111918,1,0.7235616689655635
111921,0,0.24682736859744625
111922,0,0.1262483590353849
111923,1,0.7453665268018836
111925,0,0.13310552663796862
111927,0,0.6228964850608052
111928,0,0.1325290405927134
111930,1,0.596089815582831
111934,0,0.22951137747028433
111935,0,0.12918211101402755
111938,0,0.16709356074173545
111942,0,0.15718374684016911
111943,1,0.4841022228541884
111944,0,0.5142467522931204
111945,0,0.478657998189274
111947,0,0.7500944910138504
111951,0,0.07048197739338562
111960,0,0.062279584197422626
111963,0,0.09504690202339262
111966,1,0.7192398853643863
111968,0,0.29828790595322036
111970,0,0.24374457143745612
111971,0,0.13175300757123945
111972,0,0.06858946365388847
111973,0,0.29646407254125523
111974,0,0.2951040907292351
111977,0,0.5053482670670477
111979,0,0.09663559907753916
111980,0,0.7788933265238007
111982,0,0.36714478467105094
111983,0,0.45887788585984596
111986,0,0.8216925883956329
111990,0,0.9104513783476678
111993,0,0.15465946800177938
111994,1,0.6950599521080852
111995,0,0.5759053465891177
112001,0,0.8450510852964012
112004,0,0.11882596221848196
112005,1,0.6896478203250901
112008,0,0.23365078742294898
112010,0,0.1216024184742007
112011,0,0.42377310647795646
112012,0,0.09890788354856912
112015,0,0.24928650900098998
112016,0,0.3527482950000476
112018,0,0.33009641085871755
112019,0,0.5175827341882738
112021,0,0.6251756210422427
112023,0,0.08516463936056677
112027,0,0.21183866748563368
112028,0,0.24582442331532356
112031,0,0.1811255512672113
112038,0,0.10975200755709856
112040,1,0.21674698492412187
112041,0,0.570608885808911
112045,0,0.7496457002984345
112047,1,0.6853376518741254
112050,0,0.4418417009428084
112052,0,0.38668515621797367
112055,0,0.03295699155282215
112060,0,0.18230310303997993
112063,0,0.38283387839963134
112067,0,0.21546902867987644
112071,0,0.3420269332955334
112072,0,0.7321441477016291
112073,0,0.1163896414980318
112077,0,0.17786917259219245
112078,0,0.4236904903333386
112079,0,0.31262773402067967
112080,0,0.14018517682352533
112081,0,0.43661616047751023
112084,1,0.5185466698040376
112086,0,0.29667631139237804
112088,0,0.050716055245859495
112089,0,0.15807649934380832
112090,0,0.2866521064225276
112098,0,0.3734688683156555
112099,1,0.34810247915603526
112102,0,0.10620769763067987
112106,0,0.2521533511684171
112109,0,0.11345172865074699
112110,0,0.05295167772042644
112113,0,0.5038740528614224
112115,0,0.4400844167709518
112116,0,0.08899322558562661
112120,0,0.1395529296258194
112122,0,0.0534530518110507
112123,0,0.6825274886278921
112124,0,0.429802650110761
112126,0,0.5280514434153804
112128,0,0.5319019169030917
112131,0,0.12014591866435755
112132,0,0.45976809105421235
112134,0,0.4918589492413768
112135,0,0.41064848617915795
112136,0,0.5704140092463476
112139,0,0.7100985052535327
112145,0,0.055404844168505676
112146,0,0.30317006763575116
112148,0,0.4402558247344249
112149,0,0.5969131846377064
112156,0,0.16705547012602392
112158,0,0.05665936576333465
112159,0,0.28753950497959635
112161,0,0.16099438042253036
112164,0,0.46239740520374517
112165,0,0.2390186761853602
112168,0,0.7827051219407538
112169,1,0.7759199989002519
112170,0,0.4192490596841892
112171,0,0.17261130384285608
112173,0,0.13107531815708431
112174,0,0.07527871282960373
112182,0,0.6844751443140674
112184,0,0.5129101043441312
112186,0,0.13071602899173004
112187,1,0.30925502025880597
112191,0,0.26603882195689715
112193,0,0.4227887775884136
112194,0,0.4093097676532439
112195,0,0.7522280412225736
112201,0,0.061719383374995364
112205,0,0.5967900973299354
112206,0,0.10098640921660301
112208,0,0.16985505469455872
112210,0,0.2652526998920807
112212,0,0.7797452133300865
112213,0,0.47568576448988387
112215,0,0.18187961169108577
112218,0,0.2186918519496567
112219,0,0.14286346736998262
112222,0,0.09068319916406635
112226,0,0.26307242981905377
112228,0,0.056025312508128707
112230,0,0.5337401088361977
112231,0,0.6821110187934611
112233,1,0.6096274796384601
112235,0,0.47264578812455704
112238,0,0.3523608879827561
112239,0,0.2129569371345837
112240,0,0.2457717680215907
112241,1,0.7519186817942242
112242,0,0.38774567198898496
112243,0,0.17690718361737498
112248,0,0.3524816754075375
112251,0,0.4480092176232522
112252,0,0.25677975349171683
112254,0,0.10373558794813531
112256,0,0.08280588485766975
112265,0,0.2881305138993785
112268,1,0.6885457686755332
112270,0,0.18198499093686535
112271,0,0.33415065482249495
112273,0,0.07784345606270325
112275,0,0.2996793765596594
112276,0,0.15373892771738268
112277,0,0.23392014502793565
112280,0,0.21556002484622977
112282,0,0.30826845282317794
112284,0,0.2928338414374505
112285,1,0.7542466318566791
112287,0,0.28420870911910723
112289,0,0.1575216733040914
112291,1,0.7662106661391854
112292,0,0.09138738891789944
112294,0,0.5215839716389661
112295,0,0.15400833811010767
112296,0,0.0896918139571365
112299,0,0.18005824962545447
112300,0,0.4280262142141452
112303,0,0.7294423812478189
112305,0,0.8284151881314
112308,0,0.06820613717837681
112309,0,0.17304335292356957
112312,0,0.36420402780560546
112313,0,0.620665687936851
112314,0,0.22048799990057422
112315,0,0.43738750827848
112317,0,0.545276616544947
112319,0,0.469776598736513
112320,0,0.46682525583533674
112321,0,0.4187353718261214
112327,0,0.7786570459779165
112328,0,0.4963605349365855
112329,0,0.07610017298478841
112330,1,0.5163308305842798
112331,0,0.3304450118369071
112332,0,0.4786307966688738
112333,0,0.7817567050354426
112335,0,0.17358245657048138
112337,0,0.10481154985823057
112340,0,0.07711806070542726
112341,0,0.031309843156745114
112345,0,0.2932486663047127
112347,0,0.25701742663250415
112349,0,0.40363120108267636
112350,0,0.6877513983697816
112354,0,0.17631257751828322
112355,0,0.09892736398124495
112356,0,0.3071509209579028
112357,0,0.06254601658791589
112358,0,0.5342988362285521
112359,0,0.5408656070854179
112360,0,0.1630548196880068
112362,1,0.5399604913298863
112363,0,0.16533836808370872
112365,0,0.12503958685197342
112368,0,0.4307946387927508
112370,0,0.21351048014802942
112371,0,0.056559194422824914
112375,0,0.3216478634991205
112377,1,0.225813726912814
112383,1,0.6361166432039611
112385,0,0.19140450871531367
112386,0,0.39091721333658036
112387,0,0.46206914337347677
112389,0,0.14360297909349035
112391,0,0.34952628425384735
112394,0,0.04809574624866559
112399,0,0.36027359673045306
112403,0,0.2957504873096436
112406,1,0.7965367568175928
112408,0,0.15757819329579584
112410,0,0.6990812279739113
112412,0,0.047500277387659676
112415,1,0.5298076624122272
112416,0,0.3087588483748364
112420,0,0.5158920487277058
112421,0,0.42804089267586903
112422,0,0.4183417093845585
112427,0,0.07717992131125706
112431,0,0.19451353373794406
112432,0,0.5477217646415731
112433,0,0.22020008916557143
112436,0,0.07045110557719694
112444,0,0.7167225063068919
112446,0,0.39407281303607605
112448,1,0.8419995423764435
112450,0,0.4464406500518737
112451,0,0.45417227509969516
112454,0,0.6055827821024807
112456,1,0.8764637467559969
112462,0,0.6191856544680899
112464,0,0.16840046633319541
112466,0,0.6695752864272019
112467,0,0.42595286578257513
112468,0,0.3416405870249426
112469,0,0.29006208468559996
112475,0,0.7811757272857394
112479,0,0.06184474310303173
112480,1,0.3075370074949247
112486,0,0.7610881280340187
112488,1,0.7920602936881942
112494,0,0.14784403425572434
112499,0,0.33591722926322204
112501,0,0.6539265722403144
112503,0,0.5657888530945312
112504,0,0.27265903954038284
112506,0,0.22621465663363527
112510,0,0.7306566300175007
112511,0,0.39788994649381537
112512,0,0.17868841150788498
112515,0,0.26961388615294846
112516,0,0.7639086353463209
112525,0,0.6627795885221535
112530,0,0.3994721103297054
112531,0,0.12320571921970012
112534,0,0.6592081370299464
112535,0,0.2946976208843003
112538,0,0.11815847435697656
112543,0,0.22993639080618927
112544,0,0.1136167121807799
112546,1,0.5995460270019701
112547,0,0.271197269105012
112550,0,0.12112484167386275
112551,0,0.08873457687279453
112552,0,0.8567693280038235
112553,0,0.07222359694402439
112556,0,0.12665699078325787
112560,1,0.5322538656942477
112562,0,0.762650828294172
112563,0,0.10527516339038373
112565,1,0.3723725788431745
112566,0,0.1222854560043014
112567,1,0.5271799042816412
112568,0,0.14326808563843563
112569,0,0.14874264522803113
112571,0,0.24672348799631222
112574,0,0.5509820026707637
112578,0,0.13111050808059502
112579,0,0.08674473391530023
112580,0,0.1798737327885993
112581,1,0.5285628797156132
112582,0,0.09854487825840469
112583,1,0.14814061687597355
112585,0,0.3559472587072006
112586,0,0.12732396135022347
112587,0,0.08187043692269945
112589,0,0.36551172668603626
112590,0,0.28694087156208875
112594,0,0.6345792902295764
112596,0,0.21618936911171097
112599,0,0.06654547383309524
112600,0,0.6250766313599146
112605,0,0.163260571747704
112606,0,0.2152114965531826
112608,0,0.6086994820935443
112609,0,0.4488908687671308
112610,0,0.32176031839894614
112617,0,0.0992913138818044
112620,0,0.7637014751288619
112621,0,0.37534012315521786
112622,0,0.09144809589405516
112630,0,0.21841661501780432
112631,0,0.1955108469296496
112632,1,0.6705111441311545
112634,0,0.7230451957488261
112637,0,0.7228804046912013
112639,0,0.4396671533589893
112643,0,0.09828703083385976
112645,0,0.06688156500222811
112646,0,0.3852964560740684
112648,0,0.4736286196356758
112650,0,0.5342078095275427
112659,0,0.11620641483094613
112660,0,0.11748466074342373
112661,0,0.21957831212594273
112664,0,0.056892543453368666
112666,0,0.08278848102303399
112667,0,0.28965633287888065
112670,0,0.22304311560958312
112673,0,0.5771299392681487
112675,0,0.7379280731192792
112677,0,0.5534062799328247
112680,0,0.37685455084002284
112681,0,0.4419268655974502
112683,0,0.13726703025940495
112684,0,0.13665942659877403
112685,0,0.2615296742941031
112692,0,0.21309230978739724
112693,0,0.2326639391312424
112697,0,0.28921188272113124
112699,0,0.4947096976595498
112702,0,0.04965164440286553
112703,0,0.2976912469579693
112704,0,0.343906266317572
112706,0,0.07736609313049171
112707,0,0.3224576842921037
112709,0,0.1465458091596552
112710,0,0.46334232309925427
112711,1,0.40083956187968073
112712,0,0.3192136434587736
112713,0,0.3151941005004883
112716,0,0.44525857965955773
112718,1,0.7225694777948922
112720,0,0.2501025877853893
112724,0,0.06851624010300929
112725,0,0.6292911013084541
112726,0,0.21792444735356487
112729,0,0.26361948166077026
112731,0,0.13199924395062862
112736,0,0.799563593163444
112738,0,0.46841589863657157
112739,0,0.4390568657364271
112740,0,0.3988263193005935
112744,0,0.11527576934376693
112747,0,0.25796175995903914
112749,1,0.7417316865362852
112751,1,0.1963030123661904
112752,0,0.43666977702699983
112760,0,0.18931048936918035
112764,0,0.4790158563806275
112767,0,0.3890982080258814
112769,0,0.14124734476673054
112770,0,0.3836792429000506
112772,0,0.11170602818238931
112773,0,0.05942363162106364
112775,1,0.7889292719170717
112777,0,0.09670160110709858
112781,0,0.3998605299904442
112783,0,0.6349861863398838
112787,1,0.6222858110852413
112789,0,0.24727936414783971
112790,0,0.17437512852251794
112792,0,0.16680016472351367
112793,0,0.07956955465407234
112797,0,0.07395828790693999
112798,0,0.615221109090633
112800,0,0.22452804106162325
112802,1,0.6433100894023958
112803,0,0.3649457709516426
112805,0,0.3317007758114807
112817,0,0.0765553457660162
112818,0,0.11444774845353953
112820,0,0.44509601187270703
112823,0,0.5401558269577166
112824,0,0.3701011676755559
112826,0,0.10347626070505686
112828,0,0.4574847744350324
112834,0,0.7274897327365133
112835,0,0.5000593402561543
112839,0,0.08575690498102441
112840,0,0.34770880906582996
112842,0,0.3946495529757596
112844,0,0.8237711197897178
112845,0,0.18234132894157504
112847,0,0.15412969910615462
112849,0,0.04536182951448187
112850,0,0.24486161608665027
112851,0,0.38571878613152244
112852,0,0.32323789126417324
112853,1,0.5450194327309185
112855,0,0.3848694462495462
112859,0,0.6428835527404906
112860,0,0.23581927142531345
112861,0,0.2832465744090142
112863,0,0.3075003049197098
112864,0,0.10830435716248031
112866,0,0.7749571206676884
112869,0,0.09943913680865528
112874,0,0.4991764913929187
112877,0,0.10816630049252936
112882,0,0.13716610697847847
112883,0,0.6421550457284235
112884,0,0.618319209302353
112886,0,0.3296986157546904
112889,1,0.603272023112208
112890,0,0.3549305478064258
112897,0,0.21297941558892652
112899,0,0.0756292627348869
112901,0,0.8395140442156258
112902,0,0.2998508141890234
112906,0,0.0967590481271312
112907,0,0.5323132693478247
112908,0,0.5830998311098359
112910,0,0.15672061523359868
112913,1,0.5608360945722368
112915,0,0.5201377336068173
112919,1,0.8946972897727374
112921,0,0.39056220332957564
112924,0,0.7211520981686905
112926,0,0.38437677703286915
112927,0,0.2061802934862457
112929,1,0.7273070859749187
112931,0,0.06566812100636844
112937,0,0.21904989688757973
112938,0,0.20616860168763093
112939,0,0.3921643880720926
112940,0,0.19032701668067592
112942,0,0.09496716048871874
112944,0,0.5605607707078625
112948,0,0.10814373033008921
112949,0,0.6436740231185861
112951,0,0.8356712218490776
112953,0,0.421159753987309
112955,0,0.14232784424262776
112956,0,0.12242686223077665
112957,0,0.3047628170786366
112958,0,0.047310594272586305
112960,0,0.12362291497031658
112962,0,0.068226891553092
112965,0,0.030641420307698942
112966,0,0.2919889397976009
112967,0,0.7360157997236592
112968,0,0.2581832463949976
112970,0,0.20535926911537591
112972,0,0.26470620718843724
112974,0,0.6743287102609083
112977,0,0.27116835858732335
112978,1,0.7476444343919303
112981,0,0.05419791916535043
112983,0,0.10631954431222507
112986,0,0.12102199547727645
112987,0,0.2147424295951527
112988,0,0.3667399058751089
112990,0,0.12796916135763325
112991,0,0.1846037402580299
112992,0,0.524249994378896
112994,1,0.6321125070997301
112997,0,0.26099096498097435
112999,0,0.4400154086533166
113000,0,0.2776451646673954
113001,0,0.11021472628634767
113007,0,0.4248697597270381
113008,0,0.2677478975929585
113009,0,0.3104027047941176
113010,0,0.657110979077452
113013,0,0.4757521059325294
113014,0,0.750620412234006
113020,0,0.35976377232811674
113023,0,0.10958471312760895
113026,0,0.7860935753442856
113027,0,0.0695567418885444
113030,0,0.1623622584319734
113032,0,0.6913103344693663
113033,0,0.3460442703368463
113037,0,0.39747779242384235
113038,0,0.40347793812800775
113045,0,0.18672565382134498
113047,0,0.24189697762948684
113049,0,0.35952989060779283
113052,0,0.1520180830517094
113055,0,0.7562397416613451
113056,0,0.271063999904997
113057,1,0.8088184398614614
113058,0,0.12544877216269038
113059,0,0.04305244390101357
113060,0,0.7950481006360758
113061,0,0.0915214386661238
113063,0,0.09423094719222812
113064,0,0.41277594755004765
113066,0,0.05661857957345493
113068,0,0.08599503840805267
113078,0,0.04813601621431017
113083,1,0.3915978090156675
113087,0,0.4395925502922163
113088,0,0.3537278254227872
113091,0,0.10090738269019774
113092,1,0.3784651662761068
113093,0,0.271750890605618
113094,0,0.28863094690049784
113098,0,0.10443091366983058
113101,0,0.29811578975951597
113104,0,0.16813732590016722
113109,0,0.19257697740395238
113110,0,0.31388549463994625
113111,0,0.3482590324695781
113113,0,0.1558173352088283
113116,0,0.648703582409298
113117,0,0.24626720403161353
113119,0,0.4364651125854451
113120,1,0.756716894103585
113122,0,0.5321866061824151
113123,0,0.04525133975019877
113125,0,0.06989171149857504
113126,0,0.31820983687867466
113127,0,0.6168001631428105
113128,0,0.5579225515028886
113129,0,0.2525690234253931
113131,0,0.5375986881582911
113136,0,0.6944691266235722
113141,0,0.1991899775593731
113142,0,0.09566919377065267
113144,0,0.6988091965918427
113145,0,0.21352213332841644
113151,0,0.26893571535696265
113152,0,0.1768505006970483
113153,0,0.11182395042316123
113154,0,0.18726306620494246
113155,0,0.6908923525097914
113158,0,0.2868391522446302
113161,1,0.7654138351969952
113162,0,0.5256311398113827
113163,0,0.33259475460282895
113166,0,0.40186504079507335
113169,0,0.26597802949957194
113175,0,0.4039280634503553
113178,0,0.6140649667778415
113179,1,0.40035533948979934
113182,0,0.0653671622526011
113183,0,0.26163600886891686
113188,0,0.5914933717573623
113189,0,0.6898176045663412
113194,0,0.5662986673870151
113197,0,0.09608070638349199
113199,0,0.28494290912265563
113201,0,0.19335866481516428
113202,0,0.15878832532150428
113204,0,0.13269002070394376
113207,0,0.21657473242507536
113209,0,0.3398474622599632
113211,0,0.1969651749432911
113213,0,0.0829386951699105
113215,0,0.10588434270421794
113216,0,0.5756853433638394
113220,0,0.06109987514402413
113222,0,0.15660614607723783
113223,0,0.19508836246094405
113224,0,0.2354645797035032
113227,0,0.5958520728303051
113231,0,0.48914301617514283
113232,0,0.17946336317094752
113236,0,0.32955282766201965
113237,1,0.8021122557262688
113240,0,0.3096734168996157
113242,0,0.47156973846290207
113244,0,0.28008199196746375
113246,0,0.27231970847763537
113249,0,0.30907688711765663
113250,0,0.1648903496438331
113253,0,0.2610976470644648
113254,0,0.20218300699946357
113256,1,0.555550607789247
113257,0,0.3266057372745903
113259,0,0.18268551293744473
113263,0,0.10502374090811241
113264,0,0.282864914713226
113266,0,0.11763501397646665
113267,0,0.2108039332987227
113268,1,0.4328557905643821
113270,0,0.280118688998696
113271,0,0.3525569749945659
113272,0,0.1752596674923801
113274,0,0.307911053733623
113275,0,0.15694507836911178
113276,0,0.18991773354412683
113279,0,0.47913658381662033
113281,0,0.47943238303091834
113285,0,0.6320432727003208
113286,0,0.4079371685857817
113289,0,0.22851890367565
113292,1,0.7655339705100572
113294,0,0.1188911138850704
113298,0,0.4504437214250784
113300,0,0.4833503429303969
113302,0,0.0951625385505133
113305,0,0.2929626073121008
113311,0,0.4688735627020036
113313,0,0.0960789898632764
113314,0,0.6443573316738531
113316,1,0.6154366019031497
113320,0,0.1776386953644009
113324,0,0.2506209110696948
113325,0,0.12427713213662632
113326,0,0.49138652412174133
113327,0,0.7773374061446671
113328,0,0.18719011225589033
113331,0,0.07776384992293027
113332,0,0.14142878926871336
113336,0,0.38640401524060086
113337,0,0.46088381881168644
113341,0,0.2614041918202691
113342,0,0.5052323854764688
113343,0,0.6589171096065221
113344,0,0.27611706958082105
113347,0,0.11503186442303225
113349,0,0.7912533243710261
113350,0,0.4415158630172721
113353,0,0.1853677724572172
113355,0,0.6362992056319369
113357,0,0.1919021092427179
113362,0,0.2942734413540903
113363,0,0.2929922984149742
113364,0,0.09097568723254815
113365,0,0.053732301118052384
113366,0,0.2188663270759781
113367,0,0.8042664012327446
113368,0,0.08165648325386318
113369,0,0.34048906965281567
113370,0,0.5169568117141337
113371,0,0.7220697406289038
113372,1,0.3603956184938905
113373,0,0.09101437502465964
113374,0,0.1047269336502771
113376,0,0.30633262388108784
113378,0,0.3342940544847836
113379,0,0.25614806742606144
113384,0,0.32234055979488474
113385,0,0.3292376092439727
113386,0,0.4582909092654308
113394,0,0.18246596768639545
113398,0,0.14772334287595082
113401,0,0.0584983218306542
113403,0,0.20047239374997905
113404,0,0.40289155924964537
113405,0,0.6722495196471111
113406,0,0.7122964578777424
113409,0,0.1248585076845614
113413,0,0.08626273117559462
113415,0,0.10902880246683119
113416,0,0.7097384844967841
113418,0,0.038220564103985194
113420,1,0.2873756034417569
113423,0,0.20578903844609667
113425,0,0.1430227785377587
113427,0,0.5540340647403156
113429,0,0.4039288865207449
113430,0,0.46171385580465857
113431,0,0.09886746126517958
113432,0,0.19607018938570367
113435,0,0.31632538565178925
113436,0,0.14730421602019741
113437,0,0.5650346593649356
113439,0,0.25123800231507387
113440,0,0.4667925086756427
113442,1,0.5425237785036289
113443,1,0.7261737074064757
113445,0,0.11995892951735819
113446,1,0.8111248060104913
113448,0,0.09095608378929892
113450,0,0.38168235109474785
113451,0,0.7482664759330426
113452,1,0.29165732378955
113453,0,0.2824110510431109
113455,1,0.5980423900793538
113456,1,0.22660479010646642
113461,0,0.22614375270813084
113462,0,0.08136847430730634
113463,0,0.3027073231522925
113464,0,0.07925817219661005
113468,0,0.36873139296818946
113472,0,0.20581648547183884
113473,0,0.251046552087431
113475,0,0.24321453178467095
113477,0,0.4798733976220054
113478,0,0.46165734623839916
113479,0,0.22773011021814835
113480,0,0.19984610360552363
113486,0,0.3640147910474746
113487,0,0.6658927578064799
113488,0,0.30880542051807053
113492,0,0.28983704015890466
113493,0,0.17792527183620208
113494,0,0.5116885782525018
113499,0,0.10457446796023984
113500,0,0.2958809727706334
113505,0,0.08623038531392817
113507,0,0.08555187258213057
113509,0,0.13677401695822367
113510,1,0.42911148456492654
113513,0,0.10779718565430045
113514,0,0.7947624859906384
113516,0,0.6242246686747291
113519,0,0.33494654319316725
113521,0,0.4259319818573604
113527,0,0.6261315967983888
113528,0,0.595231758608907
113531,0,0.09994503830689974
113532,0,0.07778775955645015
113539,0,0.43773835571251035
113541,0,0.46734589034960305
113542,1,0.5013156124272636
113546,0,0.3516972825308169
113547,0,0.40090895151907835
113548,0,0.28781255802944555
113550,0,0.13545497798933112
113551,0,0.06549116820226264
113552,0,0.635264111448213
113553,0,0.4213348616668846
113558,0,0.08831648110414372
113559,0,0.3209245657299488
113560,0,0.23286636413140469
113562,0,0.10371536478649408
113565,0,0.09095225069298352
113566,0,0.20777268104468383
113569,0,0.2169583379379204
113573,0,0.6225889649247734
113574,0,0.5461776235374597
113575,0,0.8549333276214793
113576,0,0.14065650323415022
113577,0,0.32911491911437807
113578,0,0.10742888213548021
113580,0,0.5656274914053573
113581,0,0.4290704202408137
113582,0,0.16086123268979968
113583,0,0.04302062235093656
113586,0,0.49288673953396034
113587,0,0.17121369116049187
113588,0,0.6091259564692536
113590,0,0.333651593407841
113593,0,0.12392698902424489
113597,0,0.7239893111403215
113599,1,0.7299648433975037
113600,0,0.212438427681892
113602,0,0.2867052851156144
113614,0,0.3574972339107646
113615,0,0.11767643921890877
113616,0,0.2983779057803156
113619,0,0.38945581624033176
113620,0,0.06034208402282728
113621,0,0.1316095294943139
113624,0,0.10165971670218701
113627,0,0.7401405584378088
113628,0,0.5672331095595482
113630,0,0.2561644626307764
113631,0,0.3882636420991899
113633,0,0.2257831124281559
113636,0,0.130571285645684
113637,0,0.08054485092965535
113639,0,0.4956474405415484
113642,0,0.5526907729487198
113644,0,0.07977417757002946
113646,1,0.7076205791952149
113647,0,0.33016270565975975
113648,0,0.4098837394486128
113649,0,0.7723540948460139
113651,0,0.6599258093763516
113652,0,0.2018046611736462
113658,0,0.20604173065605266
113661,0,0.06364834980003345
113663,0,0.15493935452868388
113664,0,0.807470586963902
113666,1,0.6786629380010524
113668,1,0.609187107969181
113669,1,0.5040820052745754
113672,0,0.7208423547982118
113673,0,0.07910466466943937
113674,0,0.4617203693823967
113676,0,0.06858060501874638
113677,0,0.027700010267326852
113678,0,0.15624533707008229
113680,0,0.1453057175676626
113681,0,0.4582714796105868
113683,0,0.6391436268097942
113684,0,0.6809641819175212
113687,0,0.2920683925004764
113690,0,0.03325417907913127
113692,0,0.037550550418531864
113695,1,0.3184469171971522
113696,0,0.16165470027618586
113699,0,0.4762680769520745
113701,0,0.3048067562514901
113702,0,0.2634635665970977
113704,1,0.6770250877788428
113706,0,0.3046838683032902
113707,0,0.25461280307804435
113708,0,0.05664297507962121
113709,0,0.29983117998467407
113714,0,0.27684487701721006
113715,1,0.47475716136153556
113716,0,0.16099915244091695
113717,0,0.32300328533467654
113723,0,0.16009054166546968
113727,0,0.12588968281258558
113730,0,0.35952364160104894
113731,0,0.08140783301125967
113733,0,0.511576797766412
113734,1,0.49527450015028895
113735,0,0.42333752451969203
113737,0,0.37770781133937603
113738,0,0.1898330926868685
113742,0,0.06840143135299782
113747,0,0.47429855482737404
113750,1,0.770386706724271
113751,0,0.44440776435334706
113754,0,0.0821757386529968
113757,0,0.13257708084008196
113761,0,0.09676335454735838
113762,0,0.2551786600353029
113763,0,0.3897765782835301
113766,0,0.30571071247650267
113767,0,0.4478313685670398
113768,0,0.2723979351379012
113769,0,0.1287813139224514
113770,1,0.7075159728192253
113773,1,0.7069329056676434
113775,0,0.15794250358145967
113777,0,0.3147176866287598
113781,0,0.17789832186758084
113785,0,0.2779420398974494
113787,1,0.550967129880609
113788,0,0.18949243141141975
113791,0,0.039728326640296886
113792,0,0.11916823569941642
113794,0,0.13123977179315147
113799,0,0.2909275447008526
113801,0,0.5201396015930456
113803,0,0.3176669021490592
113807,0,0.0961330345914075
113808,0,0.3611867553724554
113810,0,0.25224204394758304
113812,0,0.07513001397797639
113813,0,0.1661754535854514
113815,0,0.17777870945148522
113816,1,0.7067382383700093
113819,0,0.23793252808464055
113820,0,0.37143910442593486
113822,0,0.12060308983528563
113824,1,0.20169837907620244
113825,0,0.14898533590080723
113827,0,0.4398671668072294
113828,0,0.08611912972170582
113831,0,0.5533239065627891
113834,0,0.17676255396243795
113838,0,0.14957983655943585
113839,1,0.2540607260588564
113840,0,0.2571591854486385
113841,0,0.3693357572427945
113843,1,0.2935963783741763
113844,0,0.4414372138040945
113846,0,0.19497167814294708
113847,0,0.2448153976039918
113849,0,0.050500356662157825
113851,1,0.7602245247387578
113852,1,0.6173649335253429
113854,0,0.5736893764263676
113856,0,0.700933140071056
113857,1,0.40142168200657513
113859,0,0.33968543174014487
113860,0,0.11447760509772065
113862,0,0.23120467415304166
113863,0,0.25464757096069635
113865,0,0.300155398917043
113866,0,0.2307566191727428
113868,1,0.7587369840893305
113869,0,0.2854324082370616
113870,0,0.3396824791193858
113871,0,0.47791860228202404
113872,0,0.5678163456598081
113874,0,0.221424833297564
113888,0,0.28765376166169504
113889,0,0.8040878054494027
113891,0,0.037082664809292176
113894,0,0.2718360261573938
113895,0,0.7213833379466572
113897,0,0.19664445159873226
113898,1,0.5583814301961832
113899,0,0.4588612739600992
113900,0,0.2961704115995482
113903,0,0.1735700385113012
113906,0,0.13126138893516126
113910,0,0.2280293288631135
113914,0,0.1085110258441154
113915,0,0.43246236730962834
113917,0,0.390287114641704
113921,0,0.33784412255082263
113922,0,0.37584570649792737
113925,0,0.11263057648130519
113926,0,0.6161490024194358
113928,0,0.07064220762447278
113934,0,0.2329025192372518
113936,0,0.6453576079434814
113938,1,0.3914752529159852
113943,0,0.41032092073119864
113944,0,0.5560427949807595
113945,0,0.4155338140877378
113946,0,0.39742511017695037
113947,0,0.10637335640434033
113951,0,0.5107082535582452
113953,0,0.11038151024088855
113954,0,0.35686746016042137
113957,0,0.156889760501204
113958,0,0.36920291944609324
113965,0,0.47513115967282427
113967,0,0.15756140176333125
113968,0,0.28369675092549723
113971,0,0.40283334986982183
113972,0,0.30463104519105727
113973,0,0.6711050818233758
113976,0,0.5179227475242209
113977,0,0.1894859797983472
113978,0,0.3604393408526041
113979,0,0.14258617629770043
113980,0,0.2549773315449802
113982,0,0.5614427063273567
113983,0,0.1217957321119655
113987,0,0.13355857740451063
113992,1,0.7931833245132992
113994,0,0.15065579920893926
113998,0,0.21479722859385478
114001,0,0.24974404953903703
114005,0,0.15084327163596856
114008,1,0.4690159277155593
114015,0,0.4311841013320551
114017,0,0.5531132171577349
114019,0,0.17144093164935637
114021,0,0.43918681870282866
114023,1,0.7990869897154437
114027,0,0.3266611683051827
114028,0,0.46366449750857525
114030,0,0.060069485505577135
114032,0,0.3775220606807937
114034,0,0.6039605244846724
114035,0,0.2938560533768703
114036,0,0.5629130747195265
114037,0,0.2225898037298542
114038,0,0.38882137125110405
114039,0,0.5784042619787242
114040,0,0.8017259529173402
114045,0,0.5355505159042974
114046,0,0.28311510387719396
114048,0,0.0855714100728014
114049,0,0.6951763746601394
114052,0,0.2028881980401173
114053,0,0.24036296302765006
114054,0,0.6047930202155011
114056,0,0.2784396544513229
114057,0,0.29691162423185796
114058,0,0.5439496586428859
114059,0,0.3559711498065149
114060,0,0.19270126793986772
114062,0,0.2888047604967431
114068,0,0.04468557572021397
114069,0,0.4865054827162135
114071,0,0.49900039244413663
114074,0,0.1438944683629625
114075,0,0.05104503053956802
114078,0,0.06045872116542556
114081,0,0.7757029699679678
114082,0,0.24679021240928015
114087,0,0.38772959196656787
114092,0,0.12440901655896881
114093,0,0.1720364724203262
114096,0,0.346212683408152
114098,0,0.2281566883582407
114101,0,0.2520708443196581
114103,0,0.22032897965663925
114105,0,0.4650225652655473
114106,0,0.4515020205132908
114108,0,0.21477429135518564
114110,0,0.23741001468523226
114111,0,0.39560162567976126
114114,0,0.3463682466492102
114117,0,0.14851680330226594
114118,0,0.7017235296230513
114122,0,0.3565627536661675
114123,0,0.33540138238804834
114124,0,0.19290086324629918
114125,0,0.47976858600512573
114128,0,0.5372216417716548
114130,0,0.236408622627619
114133,0,0.405679146980346
114135,0,0.0885988548115726
114136,0,0.3199619223252432
114141,0,0.21702711149128526
114143,0,0.19570122700233292
114145,0,0.25568627862408744
114147,0,0.09409193762975782
114148,0,0.6212929010621893
114157,0,0.12038825464061581
114159,0,0.25014172844739596
114161,0,0.6192352206981273
114162,0,0.6193372628169564
114163,0,0.30778014076015486
114165,0,0.37684417756978844
114167,0,0.059071736472124714
114168,0,0.6373750004135622
114169,0,0.25156198420820197
114172,0,0.4129774051868707
114173,0,0.2432932964448198
114178,0,0.39259633576678576
114179,0,0.7964830926910793
114181,0,0.5699427797775005
114182,0,0.33909408061350405
114183,0,0.04235581680772529
114184,1,0.2591421527054424
114185,0,0.15335982922928046
114186,0,0.34027603108156695
114188,0,0.14152107529365981
114189,0,0.5205215748497874
114194,0,0.41497466505898856
114195,0,0.05825228545746129
114199,0,0.1656776883251924
114203,0,0.22637579393336815
114211,0,0.11062331065853151
114212,0,0.15143882185074317
114213,0,0.5939485566303675
114219,1,0.16366496130749433
114220,0,0.14019129689863882
114222,0,0.05598193739711235
114227,0,0.05972943065035029
114228,1,0.2519172675276126
114229,1,0.43968013179225857
114231,0,0.13405040092610546
114236,0,0.5769057371213278
114239,0,0.4467979175739988
114240,0,0.27854933241332114
114243,0,0.43881661238823505
114244,0,0.17496436782021807
114246,0,0.10611926633814388
114247,0,0.39573062457294605
114248,0,0.4195580892114984
114251,0,0.5243662287047565
114254,0,0.23405678116398188
114257,0,0.19860498168384694
114260,0,0.08408829246321771
114261,0,0.5449648425509145
114268,0,0.3757879129942729
114269,0,0.4614651469293443
114272,0,0.1526752082173428
114273,0,0.30132459242183285
114274,0,0.42846295359537334
114276,0,0.2173208696866354
114279,1,0.4289454808605276
114280,1,0.5794688079250381
114287,0,0.1086952559971852
114291,1,0.3118801170389541
114293,0,0.4099841559586343
114294,0,0.23052718850236556
114297,0,0.39625958907499814
114298,0,0.2318272611274851
114300,0,0.3567252114178696
114303,0,0.07184250797004808
114305,1,0.4505597592619296
114306,0,0.16873802623518333
114311,0,0.38220403685509163
114312,0,0.10419409869102543
114314,0,0.4964556197957182
114319,0,0.07965338613139272
114320,0,0.6544275461356621
114323,0,0.19369979955725103
114324,0,0.3681424247598221
114327,0,0.3715093143527436
114329,0,0.22060923579293973
114331,0,0.13067289675795146
114332,0,0.41666249047338055
114333,0,0.08967140305181534
114334,0,0.13110192289164227
114337,0,0.35984676004587063
114338,0,0.0997718455669989
114339,0,0.11321998093446389
114340,0,0.4436410279913156
114343,0,0.12065286649401567
114345,0,0.16745173932619115
114346,0,0.3651458995216084
114349,0,0.24527678994660523
114351,0,0.6201685642395753
114352,0,0.13433736966816406
114353,0,0.23353489082058165
114354,0,0.2665127912289488
114357,0,0.2520259167933464
114361,0,0.46076370843682396
114363,0,0.6053182294209547
114364,0,0.2737506215722215
114366,0,0.29828891532936264
114369,0,0.7436220981920536
114371,0,0.4991012726232388
114374,0,0.08880823250766365
114376,0,0.11919484333979925
114377,0,0.0762449709568291
114379,0,0.09087744463169488
114380,0,0.20478821633818048
114383,0,0.52087583160379
114386,0,0.554767936922715
114387,0,0.11950037258453007
114388,0,0.14701996591253974
114389,1,0.6378211960483255
114393,0,0.2004918191250143
114396,0,0.28064424840098345
114403,1,0.5918927197772497
114404,0,0.26642552305612116
114405,0,0.10233819434199481
114406,0,0.6685404509261552
114407,0,0.4679089597712248
114409,0,0.24628012109154862
114410,1,0.4303811442908318
114412,0,0.05045349886864062
114413,0,0.14958751225715605
114415,0,0.2427901914104314
114417,0,0.6472618680906492
114419,1,0.41605062537417853
114420,0,0.26371557850104493
114422,1,0.6636652029707332
114423,0,0.4599256507761401
114425,1,0.3715493574100945
114427,0,0.29773281082365693
114430,0,0.029660121731152577
114431,0,0.2668754526952244
114438,0,0.24760764846204458
114444,0,0.5916961910067594
114445,0,0.33931622309848863
114446,1,0.2348095536342114
114448,0,0.0654347883845367
114449,0,0.17266929804416922
114450,0,0.6292633603348254
114452,0,0.21038354528125233
114453,0,0.15274620800784056
114458,0,0.14904359912496348
114461,0,0.6788915500477241
114462,0,0.5295024883845558
114463,0,0.5055560392753986
114466,0,0.12550113788461104
114467,0,0.14636541368409672
114472,1,0.5194111627242628
114473,0,0.21970195219848637
114475,0,0.21656990299164636
114478,0,0.07871422558952655
114481,0,0.28054821627220855
114483,0,0.5884348876664571
114486,0,0.45157371637692373
114487,0,0.4582747260364925
114490,0,0.3894587699612221
114491,0,0.5095035926293466
114493,0,0.3345733167262763
114497,1,0.5251402067894753
114498,0,0.13276444672564072
114499,0,0.2874891318579772
114500,0,0.3650382735428323
114505,0,0.048658523723592396
114507,0,0.5248192889180345
114510,0,0.513350145066263
114512,0,0.20072641830805807
114514,0,0.26730895263010207
114517,0,0.4090843935794882
114519,0,0.2706814208925594
114520,0,0.4104620163850013
114521,0,0.11960228079306859
114523,0,0.08458306791868068
114527,0,0.2027108251045329
114530,0,0.10077283663856973
114532,1,0.434211328423895
114533,0,0.074882040466974
114534,0,0.7534526277844623
114535,0,0.43694782144183086
114538,0,0.058492818392079864
114539,0,0.2835080980050833
114540,0,0.7416429864523341
114542,0,0.1069775097992661
114543,0,0.2620624956890771
114545,0,0.7005568036818964
114547,0,0.558523260736357
114554,0,0.5864296648085905
114555,0,0.08269749090962888
114557,0,0.10702281109621428
114559,0,0.038859202484252495
114560,0,0.18924799321805263
114573,0,0.23030225926269168
114576,0,0.07376980488328441
114578,0,0.10587153795511922
114579,0,0.5434638561405091
114585,0,0.5134471848743691
114586,0,0.7355344634699934
114589,0,0.5888816914717162
114594,0,0.12120631931778676
114595,0,0.26337236412739
114602,0,0.05846861645350705
114607,0,0.18043073510224253
114608,0,0.3780953201598322
114610,0,0.21007398173568048
114611,0,0.1514693831141636
114612,0,0.06025213416059947
114614,0,0.5282136725177919
114615,0,0.09473432934945614
114616,0,0.4964745783338249
114620,0,0.3299549641970467
114622,0,0.3613503027979764
114624,0,0.3437518096394731
114631,0,0.0766234028250053
114632,0,0.8648048774418126
114633,0,0.12386570547302796
114637,1,0.6223353167240119
114638,1,0.8487869120431185
114641,0,0.05175774702703885
114643,0,0.2647345718325417
114645,0,0.31068582247320387
114647,0,0.49263390030112697
114650,0,0.4204870851208142
114651,0,0.5225440287276508
114652,0,0.22676967943197884
114657,0,0.2955944682400176
114658,0,0.47170794804274735
114659,0,0.0855987328746189
114660,0,0.09263672060787691
114661,1,0.4616310314656781
114663,0,0.36615077888871506
114664,0,0.28999482319401115
114671,0,0.381062728503784
114672,0,0.12975456067664976
114673,0,0.4469287482393689
114677,0,0.6459160942691164
114681,0,0.7010853950013285
114682,0,0.4541689777899076
114686,0,0.5787724626521409
114687,0,0.3044300228089232
114688,0,0.032855015708888914
114690,0,0.07529893777751882
114692,0,0.6641916206587933
114693,1,0.5346342666539708
114695,0,0.04162953601807196
114699,0,0.3486045318857174
114700,0,0.39612247415586066
114701,0,0.13033031811822243
114703,0,0.4244244866497962
114705,0,0.3575391328344671
114708,0,0.557812293210266
114712,1,0.8861390147823465
114718,0,0.09606280173251386
114723,0,0.051291620447092276
114724,0,0.26175202805164316
114728,0,0.1495879947495363
114729,0,0.21224801333944743
114731,0,0.17037233158451429
114734,1,0.6713776355692783
114735,0,0.541074560313324
114738,0,0.5052718640427308
114739,0,0.6227230930076221
114740,0,0.5156828102773835
114741,1,0.7002222022802637
114744,0,0.1993075776326659
114745,0,0.5700142570799714
114746,0,0.1205366194341938
114747,0,0.06875363924407617
114756,0,0.12667810880802358
114757,0,0.5305642221549087
114759,0,0.045081417383559856
114762,0,0.1439844824424971
114765,0,0.31865119051471724
114769,0,0.1716775048313507
114772,0,0.0643407303670695
114774,0,0.32847149532024583
114775,0,0.08440672817760156
114782,0,0.1414815926230028
114785,1,0.4033615437771458
114789,0,0.7121269070818308
114790,0,0.6238176990346499
114791,0,0.8150008839228087
114793,0,0.19517591183783467
114795,1,0.3870095756332485
114797,0,0.4212972776662722
114798,0,0.17381740045571342
114799,0,0.6925320264072736
114801,1,0.7385374458486277
114802,0,0.4637478308411939
114803,0,0.13552207284349113
114806,0,0.0699294044254628
114808,0,0.1242146076814648
114809,0,0.049327839717324046
114811,0,0.30465672312051767
114818,0,0.23415122780562714
114819,0,0.06615175282095033
114822,0,0.7464459975738919
114825,0,0.2122852368015252
114826,0,0.33210400457325645
114828,0,0.4220606806154518
114831,0,0.7283761014573696
114834,0,0.2628821479419285
114835,0,0.16908450097301286
114838,0,0.5233637060441321
114841,0,0.5606111657866991
114842,0,0.2861260971457411
114843,0,0.48465991462843583
114846,0,0.6772110148872705
114849,0,0.6498541187641445
114851,0,0.08070970257664334
114852,0,0.28198703996035673
114853,0,0.6410133056206151
114859,0,0.5859800226799999
114861,0,0.44376938958921597
114862,1,0.5903759786199048
114863,0,0.445642231870662
114864,0,0.4668022214513329
114868,0,0.06516483806288789
114870,0,0.1729519555090389
114871,0,0.6128031319866223
114872,0,0.23488559069675033
114877,0,0.4855060532323929
114879,0,0.2958001676716171
114883,0,0.26164393957878684
114886,0,0.26051603040375704
114889,0,0.5328073363728628
114890,0,0.13377575980286913
114893,0,0.37532578849988985
114894,0,0.21621555930346348
114895,0,0.20021906359770267
114897,0,0.42237455951992886
114898,0,0.4631531056566906
114901,0,0.15629368968247026
114903,0,0.6178153449144879
114905,0,0.1853601894800551
114906,0,0.10601995331205519
114907,0,0.548878006514834
114908,1,0.7967776010193586
114910,0,0.07669914928237855
114911,0,0.10193036685822923
114912,0,0.12771020557288407
114913,0,0.29275952890293244
114915,0,0.13090889930274113
114916,0,0.16125244435241243
114917,0,0.29422168679253774
114919,0,0.7034269594670741
114922,0,0.48778670198751306
114924,0,0.28759609410815046
114925,0,0.23030693873266833
114926,1,0.45040673845490287
114927,0,0.18907156706934555
114929,0,0.16453680745163246
114931,0,0.28881608766174455
114932,0,0.08896611137858787
114933,0,0.1716785721756888
114934,0,0.26612256298434156
114935,0,0.15394470765547558
114937,1,0.7164216626188672
114940,0,0.13772398268528455
114941,1,0.7490461061528257
114942,0,0.2429105946585735
114943,0,0.6468473939201363
114944,0,0.7537188808323428
114953,0,0.10826072958810068
114954,0,0.06322346106039468
114958,1,0.8096989958147737
114961,0,0.2520329125348974
114962,0,0.8176030320138288
114963,0,0.5732351398771863
114965,0,0.28830501415808346
114966,0,0.12532677452252158
114968,0,0.2549534132238397
114970,0,0.6485409767069507
114973,0,0.40645381808855546
114978,0,0.11763510134091748
114979,0,0.5067347447757199
114982,0,0.7205775803467178
114984,0,0.21454393568778266
114985,1,0.42363719829151775
114986,1,0.8187971464815627
114988,0,0.22306583141351033
114989,0,0.5354582877417079
114993,0,0.660371576148536
114994,0,0.1287028151360303
114995,0,0.2710571195000121
114996,0,0.29301887466820936
114997,0,0.10445872435033354
114998,1,0.3223119169555534
115003,0,0.11234838685986956
115004,0,0.06817691561558642
115005,0,0.2715098447769907
115006,0,0.08059365049297094
115007,0,0.4255130336393301
115012,0,0.3580405429600059
115013,0,0.13345098577083403
115015,0,0.3502543948054981
115018,0,0.3142962311004361
115021,0,0.5793081166900326
115023,0,0.26225376979553394
115028,0,0.5544914513732598
115030,0,0.31315136470375116
115034,0,0.2365266919008494
115035,0,0.34854010122036333
115036,0,0.09164188026852794
115037,0,0.11124128840467147
115042,0,0.7408977597483429
115044,0,0.11035350479460218
115045,0,0.17119234175471715
115046,0,0.49253996995971483
115047,0,0.1800684316873827
115051,0,0.5846669040420283
115052,0,0.24779626611562
115053,0,0.06384856251457645
115055,0,0.04976951663104469
115056,0,0.18661831355386974
115057,0,0.6616863908243827
115058,0,0.4135839886571852
115060,0,0.5941130928015779
115065,0,0.08209446387794773
115066,0,0.5001615640057626
115070,0,0.1383977964121871
115074,0,0.4717702398612431
115077,0,0.2622103760686971
115081,0,0.36624244520438104
115082,0,0.1447687521166719
115083,0,0.21128644309315445
115085,0,0.4254208021727961
115088,0,0.04353110099676078
115089,0,0.24424281133646808
115090,1,0.6592549497112923
115091,0,0.40376319599143967
115094,0,0.2632061416865342
115095,0,0.33897627302005306
115096,1,0.5274546596819598
115097,0,0.22568351101538248
115099,0,0.07586418847309531
115100,0,0.5049483723331247
115110,1,0.2188253459538782
115120,1,0.7676205951317345
115122,0,0.07076203409455502
115123,0,0.350044883533714
115126,0,0.40036530508658785
115127,0,0.3049444140225426
115129,0,0.5129928165757901
115130,0,0.028401144116590407
115133,0,0.1877612818703663
115138,0,0.764157573089458
115140,0,0.2897616166686391
115142,0,0.43051517990088767
115144,0,0.1483293475155848
115146,0,0.7377771321719665
115147,0,0.1865643583120108
115150,0,0.14774677658248353
115151,1,0.8500048177602202
115154,0,0.42170143840436436
115155,0,0.050132254659736336
115156,0,0.1795499582196172
115159,0,0.5171242761320659
115161,0,0.3088157042169774
115164,1,0.6675062026373237
115171,0,0.5971647985563745
115173,0,0.4794020266426501
115181,0,0.2957873985467703
115185,0,0.41894022616623494
115186,0,0.03524938392876305
115187,0,0.4866262934989637
115188,0,0.14560738827114975
115189,0,0.3617464386878126
115190,0,0.5408470656935346
115191,0,0.05854291108615456
115192,0,0.3820354990622926
115193,0,0.11557118881101719
115201,0,0.2612172057995562
115202,0,0.4081161190900601
115203,0,0.49264932870576666
115205,0,0.08821642608082575
115206,0,0.35706678771368955
115210,0,0.6965886987809291
115212,0,0.27859752560389034
115213,0,0.18806255375552783
115215,0,0.3929343091651281
115217,0,0.5044566476722968
115218,0,0.4282325052116834
115219,0,0.1232652516580636
115220,0,0.18738832115553858
115225,0,0.2763598442725913
115226,0,0.46737672137343433
115229,0,0.14472906313326953
115230,0,0.12891172553027663
115232,1,0.43037446836173493
115235,0,0.16635454667066465
115238,0,0.11932612350616545
115240,0,0.4346177242030058
115242,1,0.7727774578787315
115243,0,0.29263808026775323
115244,0,0.09552308696442266
115245,0,0.041539801923465826
115247,0,0.4169516258161146
115249,0,0.4589903491322612
115250,0,0.1615805497359284
115253,0,0.5242624454015014
115254,0,0.433938976925464
115255,0,0.190636753910435
115257,0,0.06392752066290414
115258,0,0.08473658064253048
115260,0,0.17691416335568605
115261,0,0.40175152159718275
115263,0,0.4610110748512969
115266,0,0.3330129483275664
115269,0,0.4214778047305975
115270,0,0.2938430659130009
115273,0,0.503885245088493
115276,0,0.1072917493611168
115279,1,0.8363214687802679
115280,0,0.1030682266943617
115281,0,0.5826012339723214
115283,0,0.2217293102324105
115284,0,0.09542419413010488
115287,0,0.42184203421903604
115288,1,0.80411645193524
115289,0,0.052340726793640185
115290,0,0.2279234668686126
115292,0,0.5302986401890376
115294,0,0.09040916401205655
115295,0,0.42830568400808405
115300,0,0.13745456077792723
115304,0,0.38402123596943233
115305,0,0.36537521789174227
115307,0,0.10401744240400398
115308,0,0.2623123614409819
115309,0,0.4375335786832871
115310,0,0.16884270558588607
115316,0,0.27707540014979515
115317,0,0.15557978188257318
115323,0,0.059985036782166316
115325,0,0.14154787357080711
115326,0,0.14549706250824598
115328,0,0.39082937676432855
115331,0,0.35521192166609095
115332,0,0.14268320019187922
115333,0,0.18203973719668975
115334,0,0.27767626902698705
115335,0,0.12498416191211607
115337,0,0.47572117413404413
115338,0,0.13754505156786972
115342,0,0.1625449186097963
115346,0,0.16200125362511403
115350,0,0.1136178033383553
115355,0,0.2428598085306746
115358,0,0.31822322251455015
115359,0,0.06943591314981294
115363,0,0.09395241429728765
115365,0,0.05413973156389669
115371,0,0.22717207435799078
115374,0,0.0860845477025938
115375,0,0.11879344505173954
115379,0,0.5583638008089155
115380,0,0.27682121452042
115382,0,0.23966362290992213
115386,0,0.7551026902727377
115387,0,0.24676591578706922
115390,0,0.0893952143080779
115393,0,0.34886000640097564
115394,0,0.5116136084222945
115395,1,0.43611239675859875
115396,0,0.580339843374113
115398,0,0.5606091848949504
115401,1,0.18833126382903795
115402,0,0.3524397240450861
115406,0,0.04761425447626437
115407,0,0.3680024204302213
115409,0,0.6556607493496052
115410,0,0.038790940002591354
115411,0,0.12993916035363307
115416,0,0.29305466108751255
115417,1,0.6945453108522147
115418,0,0.15919631905050605
115421,0,0.3014837448243013
115423,0,0.11147466487112294
115426,0,0.3294753212922706
115428,0,0.3385570818386769
115432,0,0.13118840892435427
115435,0,0.26802867152289456
115437,0,0.4638303572949043
115438,0,0.1405242335528364
115440,0,0.5068224319587455
115441,0,0.14493097618365972
115442,0,0.31476672626028623
115443,0,0.45305007349261567
115444,0,0.5319668446464856
115445,0,0.5410923957425067
115447,0,0.1811759101714695
115450,0,0.08624650068937743
115455,0,0.061006357853137724
115458,0,0.34002896955420986
115459,0,0.4078577359396758
115465,0,0.1893865991925303
115466,0,0.20387854814926
115467,0,0.09444807344846166
115469,1,0.7258220555481781
115470,0,0.2399767433883675
115471,0,0.057992264162789596
115472,0,0.20420627873929084
115474,0,0.22228901394057657
115478,0,0.5934488399511569
115479,0,0.13029366493857103
115480,1,0.811347031488971
115485,0,0.29628384304002864
115487,0,0.19786627646399693
115489,0,0.4426874643326665
115490,0,0.33584635386653616
115493,0,0.5165798772815748
115494,0,0.580140115856291
115495,1,0.5200131557615879
115498,0,0.41005384088343405
115499,0,0.04996788150226391
115501,0,0.29153298735384053
115503,0,0.5745216155490603
115504,0,0.7250699704551862
115509,0,0.1436514074578838
115510,0,0.052376979156046465
115511,0,0.24212760634869085
115512,0,0.11779427093706005
115518,0,0.3944705124706294
115520,0,0.09396966882014754
115521,0,0.21433275138719474
115524,0,0.35991720796744914
115526,0,0.6164906714560818
115530,0,0.1377909674496051
115532,1,0.7871265537078979
115538,0,0.22718671114334113
115539,0,0.4335058447228095
115542,1,0.31962825608682127
115544,0,0.04315845441086872
115545,0,0.056469930983391946
115546,0,0.2961284017600154
115547,1,0.6781327275571969
115551,0,0.1060028546208483
115558,0,0.35681093658338175
115560,1,0.4070622377965823
115563,0,0.05100233783912584
115569,0,0.6807056569125005
115574,0,0.12704841110599877
115575,0,0.4365706911214609
115577,0,0.2531465373318251
115578,0,0.0950902392687564
115579,1,0.6034151013103481
115581,0,0.5024922076432781
115583,0,0.6923896700310638
115584,0,0.10138558607068257
115585,0,0.5900794170104211
115587,0,0.15037677578648376
115588,0,0.22663239510373423
115590,0,0.3369133644743371
115592,0,0.2620729284021967
115598,0,0.2343056957384855
115599,0,0.2054016708830075
115600,0,0.6323291751417477
115601,0,0.08943443280988513
115604,0,0.5825547267100357
115605,0,0.7841052088120822
115608,0,0.2041100325223254
115609,0,0.06531325793281612
115611,0,0.44345856045379506
115613,0,0.37902293405822435
115614,0,0.04815313096176417
115615,0,0.11621990426355687
115617,1,0.32362552819451507
115621,0,0.10699938668473755
115624,0,0.43417615681102445
115629,0,0.38692009098110797
115632,0,0.8331749334221752
115634,0,0.12945835664282254
115636,0,0.19467633048146107
115643,0,0.2974649047877031
115644,1,0.5443330069482559
115645,0,0.06641548452071029
115646,0,0.6318638883468087
115647,0,0.3986632431973623
115651,0,0.17053843444115777
115656,0,0.6074154464291207
115661,0,0.40196027048550786
115662,0,0.20377584329143747
115663,0,0.3076287817184763
115666,1,0.8169411166477473
115668,1,0.5615525985806115
115669,1,0.705680603200165
115670,0,0.48364470059506715
115671,0,0.3671678649990268
115673,0,0.06887777993052749
115674,0,0.8027309037242811
115676,0,0.2981517948029706
115680,0,0.2324626196427607
115683,0,0.08947961721936211
115687,0,0.11851386281648749
115692,0,0.28001384443773
115698,0,0.24937279142052954
115701,0,0.2839971919146967
115705,0,0.2738665687297132
115710,0,0.3508320907848825
115711,0,0.23678390673788172
115714,0,0.3190268605104163
115715,0,0.3687723577563039
115724,0,0.20006503177620868
115727,0,0.7733871185929045
115728,0,0.028517674016374103
115731,0,0.12075705107410525
115732,0,0.7216164081160146
115736,0,0.4770304707694422
115739,0,0.45300246862195187
115740,0,0.3693105271725195
115741,0,0.11266988079680275
115743,0,0.23301375393988677
115744,0,0.3908270532751492
115746,1,0.3744232390728117
115747,0,0.46633729383030653
115749,1,0.4522153719340685
115750,0,0.10761642499678546
115751,0,0.25028557577576366
115752,0,0.3559054632590176
115754,0,0.42045447193819463
115756,0,0.19403634166430872
115757,0,0.5280560530567012
115759,0,0.14346100796642677
115764,0,0.11646910042055177
115766,0,0.1458590794489367
115767,0,0.19403778921161138
115770,0,0.5788747520592874
115772,0,0.08036030234893377
115776,0,0.16386356785586845
115780,0,0.06498661344530292
115782,0,0.19221251572034512
115785,0,0.05946147662335907
115788,0,0.13354987434140086
115791,0,0.26250395902947327
115792,0,0.18668144676591059
115793,0,0.38680458116805705
115796,0,0.5224751005920469
115800,0,0.5392935796331202
115801,0,0.1853100611665356
115803,0,0.2644120553714507
115804,0,0.26347071192219773
115805,0,0.19324719049165395
115806,0,0.08933650124694154
115807,0,0.4120927744914434
115808,0,0.4832401071891097
115809,0,0.4209255122836131
115813,0,0.2539813112463877
115814,1,0.15200715244838087
115816,0,0.49793947418938017
115818,0,0.5620880188236042
115820,0,0.4566548156949873
115822,0,0.32032086588385345
115827,0,0.3827337213143032
115829,0,0.10587129282308244
115831,0,0.09316201382523635
115833,0,0.1262175646489921
115834,1,0.7224831005080553
115843,0,0.38246420475331855
115846,0,0.47379980935194443
115848,0,0.4168569923322119
115850,0,0.7859782777093534
115851,0,0.12583286453539952
115853,0,0.08022069753872581
115854,0,0.13387386938038154
115856,0,0.5367697126727886
115858,0,0.629389570563301
115859,0,0.18944667271622642
115860,0,0.206390714469495
115861,0,0.5450964838788545
115864,0,0.1787110815830525
115868,0,0.36665846389685247
115875,0,0.69471495651405
115878,0,0.07712628512581478
115879,0,0.10845395453215893
115880,0,0.13034911110929998
115882,0,0.20402207564846558
115883,0,0.1308176660537458
115885,0,0.6878438442208396
115886,0,0.1772762479675708
115887,0,0.282226657833738
115888,0,0.2871279395020079
115889,0,0.5584675464564037
115891,0,0.3320377642949051
115895,0,0.5246167967792748
115898,0,0.5126744133619802
115904,0,0.2142825496576758
115907,0,0.24343026459188968
115908,0,0.20310761839471353
115909,0,0.7193246423896569
115912,0,0.1592456572427342
115913,0,0.1649465572092942
115915,0,0.1587186890282098
115917,1,0.43902795393054467
115923,0,0.09444084562176146
115926,0,0.6809761630729347
115928,0,0.35095960245301605
115929,0,0.08073703643777509
115934,0,0.20180858434178162
115935,1,0.7847197196764375
115936,0,0.2925574268571692
115939,0,0.7631133428121913
115942,0,0.5928378512249253
115943,0,0.2673387941734925
115950,0,0.4960185249521131
115951,0,0.05518749688821003
115953,1,0.9028020414297308
115955,1,0.7658080720536924
115957,0,0.3305896053260312
115959,0,0.16582157939904774
115961,0,0.6129067410168797
115963,0,0.31275905725231495
115965,0,0.4525893095643829
115968,0,0.2473392387347896
115969,0,0.7096971348097019
115972,0,0.5463626678040904
115978,0,0.34762711246304223
115983,0,0.24108694466662342
115985,1,0.5075957691544976
115986,0,0.6173161772503755
115988,0,0.48330398212366643
115989,0,0.2483049646375407
115990,0,0.13610481520281215
115993,0,0.39852658350156417
115994,0,0.4268970943513794
115995,1,0.5693736301916128
115996,0,0.7911297842276944
115998,0,0.07816070354036159
116000,0,0.320487833586127
116001,0,0.325528445836359
116002,0,0.15135833857877257
116003,0,0.04786068783356065
116004,0,0.0926846489089966
116005,1,0.5156317950698022
116008,1,0.55036546541208
116010,1,0.5655747374678721
116012,0,0.23821811467879797
116013,0,0.7031353456540848
116014,0,0.08356416879320061
116018,0,0.3790641438015044
116019,0,0.36248675058338803
116021,0,0.41224676204748023
116022,0,0.3006451908700544
116026,0,0.15018057343274277
116027,0,0.500308257115684
116028,0,0.30295381116562325
116029,0,0.518787211806073
116030,0,0.35251285534872506
116031,0,0.2749093225338125
116035,0,0.21054428276061044
116036,0,0.4414322794790565
116038,0,0.46274049403002837
116041,1,0.44353331588855327
116042,0,0.13247553179992033
116043,0,0.43412744118639734
116044,0,0.5001848737137502
116045,0,0.07994852794177429
116046,0,0.15556406881462861
116050,0,0.13003072107849645
116052,1,0.7837157122405435
116053,0,0.1690438281373331
116056,0,0.23549022899772112
116057,0,0.27824524918821114
116061,0,0.26648529135469284
116062,0,0.25777926309632904
116065,1,0.7372531825089595
116067,0,0.6076696251527692
116070,0,0.43355518716776337
116071,0,0.03497656630150727
116072,0,0.09944286801891014
116073,0,0.3256977789796416
116074,0,0.04580440982247038
116075,0,0.12852742638396716
116076,0,0.17764060772579218
116077,0,0.2748961907278987
116078,0,0.12627759628855606
116079,0,0.46609331899562284
116084,0,0.2696905705191463
116088,0,0.19822283213672026
116089,0,0.12924279111755407
116090,0,0.021182231334788994
116094,0,0.30997635720448746
116097,0,0.45233692123454544
116099,0,0.6789728671693489
116101,0,0.2577005002800533
116103,0,0.37865639524334205
116104,0,0.15100272975826606
116107,0,0.2596870127440463
116109,0,0.6584529827961818
116110,0,0.05400293864663902
116112,0,0.5307892619230469
116113,0,0.1475449187484944
116114,0,0.13345758432906468
116116,0,0.6554892952448027
116118,0,0.1743845201044049
116120,0,0.5514245594111935
116121,0,0.0691970987845906
116125,0,0.2528599740486298
116127,0,0.6834879475656662
116129,1,0.35914195671835053
116131,0,0.29395553379234496
116133,0,0.06872987384183556
116135,0,0.5369525489161832
116138,0,0.20883752794002244
116140,0,0.7358696204391915
116141,0,0.42267779144867457
116142,0,0.1815881188114241
116144,1,0.7480452654017253
116145,0,0.14830981361096812
116147,0,0.2339424877391014
116148,0,0.7439631127385293
116151,0,0.26220492748902535
116152,0,0.091811576584963
116153,0,0.13491069459137317
116157,1,0.14773121761251948
116160,1,0.8182345610741274
116164,0,0.12767767967518506
116166,0,0.26727592157394037
116167,0,0.09651592139907363
116169,0,0.49058702748906996
116171,0,0.1236684692164647
116174,0,0.34899715134956816
116178,0,0.12404639865582684
116180,0,0.12807834056342912
116181,0,0.38049488742576143
116182,0,0.17167934692857054
116183,0,0.0714101004513929
116184,0,0.19746202205936833
116186,0,0.10622936529001073
116187,0,0.443789370095023
116190,0,0.17814842408735806
116196,0,0.7104229288063099
116201,0,0.1456850176720541
116202,0,0.5742586099043433
116203,0,0.8145128643203096
116205,0,0.21110327746410792
116206,0,0.26422072190027207
116207,0,0.344719224081153
116208,0,0.4408709603942057
116210,0,0.6462744032173887
116211,0,0.47918444998575305
116213,1,0.3902503376394958
116216,0,0.5082732234135761
116219,0,0.10561612469106864
116225,1,0.8181926235327351
116226,0,0.13795236075291853
116228,0,0.03169149768412131
116231,0,0.15467277661839784
116235,0,0.18446842370914818
116238,0,0.22594323714972464
116240,1,0.6781526760040854
116241,0,0.7089127208046314
116242,0,0.08303549463917888
116243,0,0.4914386604012986
116247,0,0.697339965689611
116251,0,0.19744805730919382
116254,0,0.5088009418648702
116260,0,0.21854953807071445
116264,0,0.48066978239389585
116267,0,0.2634385026345315
116268,0,0.694876234351121
116269,0,0.3188471451274642
116270,0,0.3947088779725221
116271,0,0.3043558554365091
116274,0,0.6933858957466633
116276,0,0.34815865124632306
116280,1,0.5326906128358803
116281,1,0.47679059077233715
116283,0,0.16228409799920915
116284,0,0.39463687757556426
116286,0,0.20428375851871955
116287,0,0.23281319579261453
116290,0,0.08664673323341403
116291,0,0.0398355174688789
116292,0,0.21334449880440615
116293,0,0.08846885462008741
116294,0,0.05665467946772306
116295,0,0.25935464160060545
116296,0,0.2655802883305317
116299,0,0.2914540381489863
116300,0,0.11753848049655387
116302,0,0.13396586690868376
116303,0,0.5852170249503861
116305,0,0.13078432256228215
116306,1,0.584349308245647
116307,0,0.4284092449628654
116313,0,0.48583748505064683
116314,0,0.09102840352134976
116315,0,0.5301128229407739
116319,0,0.6836281754219422
116320,0,0.3488897069942897
116322,0,0.18089331371607062
116325,1,0.6651640947156003
116327,0,0.15100685150809542
116330,0,0.08338778902351496
116335,1,0.4911680078372636
116336,0,0.3196340334013105
116338,0,0.3015159019690406
116339,0,0.7560231322933045
116341,0,0.1077760694121922
116344,0,0.34269482303861587
116345,1,0.2675111702984266
116347,1,0.7181712746864005
116348,0,0.2020988962752244
116351,0,0.5151912307330361
116352,0,0.0964842201148289
116354,1,0.8044411813232916
116355,0,0.06495748158042695
116356,0,0.04821108619738815
116357,0,0.13099878532568218
116360,0,0.19286330988069647
116362,0,0.7891866608834203
116372,1,0.1985960302414295
116373,0,0.4387822194088743
116374,0,0.17227716469508006
116375,1,0.5451054593124516
116376,0,0.5210680356937509
116378,1,0.5229599397633846
116380,0,0.31732312313564476
116381,0,0.6097241127504825
116382,0,0.2810141416683647
116383,0,0.31918350307847865
116384,0,0.39452761972028955
116386,0,0.12382352365746174
116387,0,0.36214015450518194
116389,0,0.7563506225503264
116390,0,0.3478504125523119
116397,0,0.6986710891263539
116398,0,0.06337556280767133
116404,0,0.25373630192194
116405,0,0.22769499338725688
116406,0,0.4095425442102959
116407,0,0.4808318246872492
116410,0,0.23409999928552883
116415,0,0.20233340612185688
116417,0,0.08632985224797468
116420,1,0.4335178137529774
116421,0,0.49524144419596644
116423,0,0.18761344239539857
116424,0,0.2009999146025192
116426,0,0.2861573329711252
116428,0,0.17657894217731038
116430,0,0.30967077192855413
116432,0,0.38678494097700244
116433,0,0.03912053472376873
116434,0,0.04572778055878369
116435,0,0.13931406685465494
116436,0,0.07491562932197254
116437,1,0.8998654934465009
116439,0,0.7378918433287863
116441,0,0.4264776189922703
116442,0,0.5750577482858414
116446,0,0.07710814987049412
116447,0,0.5546754983368704
116448,0,0.06664939474172281
116449,0,0.21975384619651744
116451,0,0.14234186349849512
116453,1,0.33506411792575913
116455,0,0.18382278737144675
116456,0,0.3142348871128646
116457,0,0.31795499743937095
116459,0,0.47570781551858166
116461,0,0.37451750130338124
116464,0,0.6616237378794441
116467,0,0.2594563699409709
116472,0,0.7121958612232514
116474,0,0.17383142304617025
116475,0,0.10237330580738643
116485,0,0.284588318824129
116487,0,0.3093792009547834
116488,1,0.5037839099520558
116490,1,0.601599829040616
116492,0,0.10256823139821418
116493,1,0.20929759426419758
116495,0,0.31371373659679064
116499,0,0.7322726547631377
116500,0,0.6891642814851723
116502,0,0.22984648966439805
116503,0,0.35580292775704564
116505,0,0.44906042943462837
116507,0,0.209303132548017
116508,0,0.032720618163593264
116509,0,0.43871547144607836
116510,0,0.5298650554205291
116511,0,0.169356377328678
116518,0,0.5440058490019802
116522,0,0.5933070737940607
116526,1,0.6791939423001465
116528,0,0.06583481250539293
116529,0,0.2789163712100597
116532,0,0.10509419572237244
116533,0,0.284262473839014
116534,0,0.09977211034032103
116537,0,0.12333538744240746
116542,0,0.5407089755023793
116546,0,0.13284761286094518
116547,0,0.1735495377205031
116551,0,0.19415344089848244
116556,0,0.1507069241252949
116557,0,0.4220956671632172
116560,0,0.20105977896109195
116561,0,0.24668831288521223
116562,0,0.7375803400124827
116563,0,0.45085042169230766
116565,0,0.30182214357320863
116569,0,0.26120478641433303
116572,0,0.19100454093714114
116574,0,0.4797798030378472
116575,0,0.06492785328312144
116579,0,0.11463202500239095
116580,0,0.25193507966705914
116582,1,0.2952294032933002
116583,0,0.12099597894362653
116587,0,0.4598284780453062
116588,0,0.42913911254186216
116589,0,0.6244055651934053
116595,0,0.20939270310382027
116596,0,0.5348402820757362
116598,1,0.7576526153182905
116600,0,0.4268173529905815
116601,0,0.45739073111164935
116602,0,0.09433298103954227
116605,0,0.6903930464013031
116607,0,0.2103192096873102
116609,0,0.33189213920195654
116610,0,0.18960101381329966
116613,0,0.1674621764379621
116614,0,0.14435743726300115
116616,0,0.38047191940769814
116617,0,0.18409552294538425
116620,0,0.6382202138198351
116623,0,0.48090050544543994
116625,0,0.3195874404811983
116627,0,0.6137725401650319
116629,0,0.041881703876858
116631,0,0.11378991629452784
116632,1,0.9141631750918904
116634,0,0.4760568837150342
116635,0,0.08413998301329105
116644,0,0.13747936657139506
116646,0,0.18594870323590626
116649,0,0.2839773275838233
116650,1,0.632561852564026
116654,0,0.43794286019058815
116655,0,0.26661523155886124
116656,0,0.1417328799742346
116657,0,0.15953008638976612
116660,0,0.15574481291024417
116662,0,0.53206900941981
116664,0,0.04295209286644523
116666,1,0.7573178665024376
116667,0,0.3760432760827547
116668,0,0.3255819611184393
116672,0,0.44930110899470044
116673,0,0.7973067254045874
116675,0,0.6489405722056744
116677,0,0.3412794858824
116678,0,0.10099707994954997
116680,0,0.24123525721459896
116691,0,0.16892586440808344
116693,0,0.43574569484810316
116694,0,0.18316643011734488
116698,0,0.32479434431365767
116699,0,0.21108274927091267
116700,0,0.5259346130664013
116703,0,0.11000673485817342
116704,0,0.05440164735696342
116705,0,0.14361954945170888
116706,0,0.33367266779447186
116707,0,0.3402994718879323
116709,0,0.5382258815789248
116710,0,0.7469319093191871
116713,0,0.08670052375624783
116716,0,0.27715280923515495
116721,0,0.14241103506446057
116724,1,0.7378623385139115
116725,0,0.18271813512316185
116727,0,0.1286992255512493
116728,0,0.310924638524097
116730,0,0.261682118529788
116734,0,0.3327039617574663
116739,0,0.21672621025779734
116741,0,0.7734373944602665
116744,0,0.047743227264921514
116745,0,0.34991647446620716
116747,0,0.19799119839332122
116749,0,0.6269578248360945
116750,0,0.0712582834118438
116756,0,0.7438741865821025
116757,1,0.7537442122903671
116760,0,0.6543188438548012
116761,0,0.059454640546325314
116762,0,0.7066812436969994
116764,0,0.6161139932913189
116766,1,0.32128059380038265
116767,0,0.18107217084937896
116768,0,0.05021818333511105
116769,0,0.09848779205318638
116770,0,0.5406057074586524
116773,0,0.3011872987937513
116776,0,0.5796428940966937
116780,0,0.27515499548954603
116782,0,0.12771987116897088
116783,1,0.8095721021574325
116784,0,0.3878836217242162
116785,0,0.3346191047929178
116786,0,0.3264598570191509
116791,0,0.5658539451353359
116794,1,0.5765400696624489
116796,0,0.04434708991709006
116799,0,0.5941815884120352
116802,1,0.8829473059203236
116806,0,0.39424288163243665
116807,0,0.2163026926816364
116808,0,0.10430114275528567
116809,0,0.3215092607816647
116810,0,0.1243797967402789
116812,0,0.05527189582904387
116813,0,0.1809985282671168
116814,0,0.3018382692098174
116816,0,0.4438029586446886
116819,0,0.5041956600892302
116820,0,0.09404196316830742
116822,0,0.10415394039048317
116823,0,0.1631053012511096
116824,0,0.30219762491725427
116826,0,0.6171063760757215
116831,0,0.19342812311787014
116833,0,0.13041461106065996
116834,0,0.2605745272490197
116836,0,0.4010436156226344
116843,0,0.069676057983608
116844,0,0.0722398169864901
116846,0,0.3624009210229792
116847,0,0.4137455815914335
116855,1,0.6315077963257179
116857,0,0.2672833331878807
116859,1,0.627939235537409
116861,0,0.20790173855316937
116864,0,0.7004959875214765
116865,0,0.2978480386514162
116867,0,0.10783475814583461
116869,0,0.2889387968921494
116871,0,0.08827288833108572
116873,0,0.24634727218875477
116881,0,0.11989355209590294
116884,0,0.39957495721836656
116886,0,0.050335489034684794
116888,0,0.12785064982009003
116889,0,0.7624559684031442
116890,0,0.5611167016621235
116892,0,0.666076270986151
116893,0,0.14373276784716624
116894,0,0.6558985259949816
116895,0,0.5020622340879353
116896,0,0.06486419658905584
116898,0,0.49130650759236444
116899,0,0.44770367224701063
116900,0,0.7322099962658892
116901,0,0.23698002401102056
116904,0,0.7009371737653813
116906,1,0.29544617036299387
116907,0,0.42056681595829076
116911,1,0.5305488153893807
116913,0,0.3237450156216735
116915,0,0.32573654429050486
116916,0,0.6617081686248862
116917,0,0.48951574942841186
116920,1,0.675030597497435
116923,0,0.281360131402062
116928,0,0.4102052111703315
116929,0,0.11411154857016646
116931,0,0.15622076323615933
116935,0,0.20323824495319223
116940,0,0.09971589442377818
116941,0,0.10202824076399854
116947,0,0.1464583981631358
116952,0,0.14938707457915518
116956,1,0.4245603224560544
116959,1,0.5893771798835197
116961,0,0.4763002335159125
116962,0,0.4575443493786098
116963,0,0.3717796796584266
116964,0,0.14660923196646228
116966,0,0.27031004089643185
116967,0,0.3303493238953279
116968,1,0.3106623241539385
116969,0,0.05502424159444635
116970,0,0.1448124670354686
116971,0,0.12390628346849417
116972,0,0.5960245019431869
116978,0,0.53142788849471
116979,0,0.09797571346879323
116980,0,0.27499320579630115
116981,0,0.22816600365967551
116984,0,0.7893679437520253
116988,0,0.11352265730855152
116989,0,0.30233638639726423
116990,0,0.7005596104717646
116991,0,0.5684082087209813
116994,0,0.4929137097839827
116997,0,0.2662425674855571
116999,0,0.7197319696533012
117000,0,0.4455416197618092
117002,0,0.3034316202595513
117006,1,0.7734051418583577
117010,0,0.5454423922241449
117011,0,0.2149556549868016
117014,0,0.25519429174889063
117015,1,0.9214720111655297
117017,0,0.42506586261790885
117019,0,0.6611265147779612
117021,0,0.08447787593194186
117022,0,0.27452081328868067
117023,1,0.12415198050980894
117026,0,0.8224348780731772
117028,0,0.11388644238149516
117031,1,0.8450896955163744
117032,0,0.18832913480079722
117033,0,0.22900196482272028
117035,0,0.17052159157759536
117036,0,0.4436522789848244
117037,0,0.397763537194101
117038,0,0.11352755538146173
117039,0,0.5905709997625579
117040,0,0.4255040199628805
117044,0,0.4148354662784669
117045,1,0.9245262430206731
117049,0,0.07817868306820827
117050,0,0.2615998122321187
117052,0,0.26413502877909845
117054,0,0.038753512781432325
117055,0,0.4511612124550249
117058,0,0.6871218572013967
117059,0,0.12057815284873294
117060,0,0.07772376114396322
117061,0,0.11450732922232612
117062,0,0.05329269150269144
117063,0,0.09050371075380782
117064,0,0.6123817315059976
117067,0,0.3404169715812403
117068,0,0.21683394027091116
117071,0,0.11881767556563788
117073,0,0.5759073822540697
117077,1,0.6613883050965937
117081,0,0.21577878722222377
117082,0,0.1256346231664639
117086,0,0.044943301243536134
117090,0,0.23124354236856284
117091,0,0.3180019877987187
117095,0,0.09929550609257508
117101,0,0.521835928032473
117102,0,0.03938145372784994
117108,0,0.2324699107111326
117114,0,0.13630450293340335
117116,0,0.5272705683872828
117117,0,0.5729164825120467
117118,0,0.04053788435824857
117120,0,0.5432256746441944
117124,0,0.17269679858571751
117129,0,0.05454996412769868
117130,0,0.7184361412419268
117131,1,0.552819847713927
117132,0,0.26799712112414475
117133,0,0.14190101879882483
117134,0,0.2851034476060714
117138,1,0.5590521022146023
117139,0,0.28835355812605157
117146,1,0.754212469842278
117147,0,0.13260791106837488
117150,0,0.7560215885106571
117156,0,0.13972631833343102
117158,0,0.6836961859737
117159,0,0.07768565118742127
117161,0,0.24484209569143847
117164,0,0.3687826232771234
117165,0,0.6850996384785114
117166,1,0.8524700731766747
117172,0,0.16790499252244095
117173,0,0.7549011871906459
117174,0,0.14399862487137413
117177,0,0.257823943553832
117178,1,0.7081994042077614
117181,0,0.14775378380110327
117182,0,0.12689433510321288
117186,1,0.09392829127916423
117187,0,0.43302569674769786
117188,0,0.4791643412228465
117190,0,0.07477211172948198
117191,0,0.0947902395207425
117192,0,0.7214338886945748
117193,0,0.34784904616968887
117195,0,0.05912788017166881
117198,0,0.27225995102186656
117200,0,0.7960154612879226
117204,0,0.28623717248585256
117208,0,0.7269200894003057
117209,0,0.16912183414512616
117210,1,0.4054544379688334
117212,0,0.11574121251629123
117215,0,0.2985441249660872
117217,0,0.4837668351420422
117219,0,0.4112410774608015
117220,0,0.3202653532705838
117222,0,0.23014780878649296
117224,0,0.35843878858570927
117226,0,0.13286185805247663
117227,0,0.15371155482192667
117230,0,0.35024016218570614
117232,0,0.20435789484342184
117234,0,0.37593356238036035
117235,0,0.1564832652685777
117236,0,0.4976981171911521
117238,0,0.4965719669891025
117241,0,0.4686726326838732
117242,0,0.23574883191599028
117243,0,0.14178804808139928
117244,0,0.19822168162576265
117249,1,0.7510681083483634
117250,0,0.5008388659847515
117251,0,0.35606588361784575
117253,0,0.4973802027136928
117260,0,0.5185731034932827
117261,1,0.30752820917454843
117263,0,0.4952246527874759
117265,0,0.16400029596483715
117266,0,0.2213920445563108
117270,0,0.20357872544668562
117274,0,0.17009933168926752
117275,0,0.42478593203249504
117278,0,0.08126330907604813
117280,0,0.6575490531363398
117282,1,0.6758016110567527
117285,0,0.10544814647386523
117286,0,0.08171636121430856
117287,0,0.1820853207181338
117289,0,0.1546817494328967
117290,0,0.4863760811594923
117291,0,0.04434753851281922
117292,1,0.3599092696692178
117293,0,0.4838352184954175
117294,0,0.6191212180232105
117295,0,0.5129044982428664
117297,0,0.6632982933855023
117301,0,0.10882751066255825
117302,0,0.30762907185070504
117305,0,0.583126545146834
117306,0,0.03830759662495419
117307,0,0.29979473517911054
117308,0,0.15404110557310996
117310,0,0.7493767764715241
117312,0,0.382287112056965
117313,0,0.03407242586837445
117314,0,0.715745804875629
117315,0,0.26541296450282437
117316,0,0.6104412195751971
117320,0,0.08013588933676091
117321,0,0.6332827430887722
117322,0,0.28878448084453473
117328,0,0.35819647479099787
117331,0,0.8612079451243849
117335,0,0.5557193705405391
117336,0,0.24623986496894343
117339,0,0.5452671065659644
117347,0,0.12563255032519674
117353,0,0.31515686845986335
117354,0,0.2888234097824685
117357,0,0.07960108005130485
117358,1,0.19400311021304384
117359,0,0.6091565499721102
117363,1,0.7592776131874435
117364,0,0.047820215754023225
117365,0,0.6208000759827663
117368,0,0.454974518427753
117370,0,0.15045538455789761
117371,0,0.1358387766808364
117374,0,0.13461918781451673
117375,0,0.5619466474269923
117377,0,0.04117101670942906
117379,0,0.16539864482796596
117383,0,0.11196180082052136
117384,0,0.40576792605618583
117387,0,0.46729505734080456
117388,0,0.3586041725322061
117389,1,0.7219233093602972
117398,1,0.7560677011424757
117400,0,0.4608976683022545
117402,0,0.5351887508791289
117405,0,0.08751650613984342
117407,0,0.19389324875875819
117409,0,0.1531585648773637
117411,0,0.509294482027831
117412,0,0.12556212723674245
117414,0,0.6086106512445826
117418,0,0.41595481812392776
117419,0,0.24175748482264162
117420,0,0.49987827263997553
117421,1,0.070223080378081
117428,0,0.335836374943829
117429,0,0.3781334815354432
117432,0,0.19210085799960816
117434,1,0.6773030996095859
117435,0,0.21711462488377212
117436,0,0.43795572880710226
117437,0,0.3997225605200546
117438,0,0.1688460901374649
117440,0,0.24394050684066051
117441,0,0.4552476622458918
117442,0,0.4636959670579509
117447,0,0.047895815842564346
117450,0,0.33160018456301943
117453,0,0.16205917457870253
117454,0,0.19628222525454092
117458,0,0.35973746697535885
117460,0,0.8194253223570348
117463,0,0.3300449764309794
117464,0,0.18223568988215383
117465,1,0.6378685312458345
117466,0,0.053296773075325855
117467,0,0.9179909882118324
117468,0,0.06227628311987615
117470,0,0.1818297520391052
117471,1,0.2912217527353629
117474,0,0.09962985049084205
117481,0,0.6002880278751573
117484,1,0.12922478082183267
117485,0,0.4167877963050591
117491,0,0.14017651580626256
117494,0,0.2744068056991728
117496,0,0.1585586343804415
117498,0,0.6086193385379477
117499,0,0.04685163104144665
117500,0,0.4534396936335593
117502,0,0.2679935091907382
117504,0,0.2287914618126003
117505,1,0.7811685397822409
117507,0,0.29058293710555716
117510,0,0.14720012656934928
117511,0,0.11333801188907701
117513,0,0.1660178894236483
117514,0,0.20559842776856085
117517,0,0.1816320799483671
117518,0,0.4019280144878874
117523,0,0.2748838049677523
117529,0,0.0854497135548514
117530,0,0.10821384988955816
117531,0,0.14010801732427428
117537,1,0.6438881672176273
117540,0,0.46090160411979936
117543,0,0.060749218614369715
117546,0,0.26148101709859667
117549,0,0.4353976370093094
117551,0,0.5618603994489161
117554,0,0.37605953368119954
117556,0,0.15301347955984204
117558,0,0.5237206855088915
117559,0,0.2130721520111772
117566,0,0.7172968003631445
117570,0,0.10161055064546166
117571,0,0.7261323825187316
117573,0,0.5049006220286425
117574,0,0.24361672177533555
117575,1,0.24823043040647
117577,0,0.09943375639434655
117580,0,0.3455824364903066
117581,0,0.0529090166743855
117586,0,0.7561041545490685
117587,0,0.10935305274121505
117589,0,0.21441254827422626
117592,0,0.21700073350995758
117599,1,0.7697804216285911
117600,0,0.05453687575895321
117603,0,0.14608141981547126
117604,1,0.7635265155663863
117606,0,0.16618146524579122
117613,0,0.3397870611179226
117616,0,0.2505203174384678
117617,0,0.22946444535526678
117621,0,0.16591080409482842
117622,0,0.1117510461748073
117623,0,0.37073444828567476
117624,1,0.8225684617839704
117625,0,0.04645201382174527
117627,0,0.13610918043353554
117628,0,0.5167426348663393
117629,0,0.184307042256855
117631,0,0.21936073631127007
117632,0,0.2483908742331932
117633,1,0.6673557365078167
117635,0,0.22154350830802572
117637,1,0.5590885799143839
117638,0,0.7430441949788876
117641,0,0.10783318675813292
117643,0,0.16469527599698922
117644,0,0.056169701954966
117646,0,0.0603174879939231
117647,0,0.3040228386554633
117651,0,0.1782405172999989
117652,0,0.21543534459536332
117653,0,0.5766788725834076
117654,1,0.5439084098515401
117656,0,0.15058851295475312
117657,0,0.23981269334132954
117660,0,0.383611464322177
117662,0,0.12954030062082036
117665,0,0.34703113129788654
117671,1,0.5256129404545543
117672,0,0.49493350888625964
117675,0,0.40796664103229396
117676,0,0.6749189075418629
117677,0,0.22975506141255087
117678,0,0.49844460260550205
117681,0,0.10648115628280928
117683,0,0.35883944301920884
117685,0,0.11380228953145209
117687,0,0.3490644944642133
117690,0,0.09112581251231174
117692,1,0.4237607827418636
117695,0,0.5800335803885701
117697,0,0.06447897122597145
117699,0,0.23876486168272926
117701,0,0.329761222955871
117703,0,0.5479257877846715
117704,0,0.6640704238977029
117707,0,0.07453845585139901
117710,1,0.5043512558520394
117711,0,0.2604023759382917
117712,0,0.11971368261318545
117714,0,0.15695163811341742
117719,0,0.09568888995209704
117720,0,0.10069660681628989
117727,0,0.21341741868037523
117728,0,0.7510429567966597
117729,0,0.2601240799976558
117730,0,0.23359806421191645
117732,0,0.37754064465185905
117733,0,0.4987229369475863
117735,0,0.1349718835284825
117737,0,0.2291452650184845
117738,0,0.07420308361977775
117745,1,0.6660807734640015
117746,0,0.3529542245434797
117752,0,0.03047818958335049
117753,0,0.1448666914386359
117754,0,0.0940999116201308
117755,0,0.38021809564381803
117761,0,0.4491361267655338
117766,0,0.1677254065870461
117768,0,0.08780279048239978
117771,0,0.2722441569989117
117773,0,0.13571084835316463
117774,0,0.17158840618862803
117775,0,0.28339948945600707
117777,0,0.06486900995494063
117778,0,0.07749059342031424
117780,0,0.4271863456051015
117784,0,0.3701172866539008
117785,0,0.032755437689439934
117792,0,0.45054986780762873
117793,0,0.27110665356321484
117794,0,0.5904482966736212
117795,0,0.16219242419511637
117800,0,0.2201565626512773
117806,1,0.6279119472268107
117807,1,0.5244758449452207
117810,0,0.11189232546454563
117811,0,0.1154388053238788
117817,0,0.6022305699942991
117822,0,0.6314650118987278
117824,0,0.08759360115179286
117826,0,0.6219949469324149
117827,0,0.13309648588943335
117829,0,0.8210429491287808
117832,0,0.15841751142718422
117838,0,0.18058839665945567
117840,0,0.03448698495930318
117845,0,0.20952782880833848
117847,0,0.1521138541028544
117849,0,0.21424637641512712
117851,0,0.09112571548525787
117853,0,0.12835961538437457
117857,0,0.1741788871932862
117858,0,0.2381262587826204
117862,0,0.5104172475174432
117864,0,0.3553945626361887
117866,0,0.726335594103578
117868,0,0.28263992405167604
117869,0,0.3940295175967236
117870,0,0.09270952784202176
117873,1,0.7622820436146498
117877,0,0.05610908492951661
117879,0,0.2994472822789646
117881,0,0.17759623777882014
117882,0,0.45085138263931124
117884,0,0.24422819541049492
117885,0,0.09686396414905003
117886,0,0.429149963606491
117887,0,0.18954135535524747
117888,0,0.09874292356736451
117890,0,0.7009281035216257
117893,0,0.25021686110752156
117894,0,0.4856602222795888
117897,0,0.20457729495379218
117900,0,0.48799280567765835
117901,0,0.5075593028492588
117903,0,0.4372916829808874
117907,0,0.055870163580885916
117912,1,0.5783313301390862
117913,0,0.47238933284438017
117915,0,0.05199571827536884
117916,0,0.24232978029530128
117917,0,0.309392000505408
117918,0,0.5219789231988751
117919,0,0.12763075560276235
117922,1,0.17821564419786898
117923,0,0.26903889008067533
117925,0,0.5379738676900173
117929,0,0.25776231503559527
117933,0,0.5006759312810761
117934,0,0.3390634427766456
117936,0,0.05943972050532311
117937,0,0.42187497998483553
117939,0,0.16453008666893254
117941,1,0.11502448434417438
117942,0,0.33348862774296556
117946,0,0.20063270758667706
117948,0,0.11365563727853373
117950,0,0.1371581029953429
117951,0,0.40079020865931514
117953,1,0.618789976101018
117958,0,0.21510416605212296
117962,0,0.40072709336722595
117964,0,0.4766095797222064
117966,0,0.19885865232463346
117968,0,0.6351673062954394
117971,0,0.05748006845819011
117974,0,0.049249756036391173
117979,1,0.7080392938142721
117981,0,0.11366493948513538
117984,0,0.6061577866489062
117987,0,0.4626866675693918
117989,0,0.6006186968980274
117990,0,0.0840602110699038
117991,0,0.2003995936251844
117993,0,0.12457252050163328
117996,0,0.2558577366935075
117997,0,0.39280393100917665
117998,0,0.12269812887724175
117999,0,0.1630999785012468
118000,0,0.07663863332354892
118003,0,0.3971947707808704
118006,0,0.05845150696091719
118008,0,0.1187515353455491
118014,0,0.41910257877252055
118017,0,0.5804326726896751
118018,0,0.06758512115359915
118020,0,0.2548592084158442
118022,0,0.15186118226390408
118023,0,0.11341566430073506
118025,0,0.25867256132715255
118026,0,0.38259429013646096
118029,0,0.10699818872062446
118031,0,0.356044870529268
118033,0,0.2447358124859794
118035,0,0.24724780025124915
118036,0,0.13685863169726775
118038,0,0.34349329526271843
118039,0,0.17954929691157973
118040,0,0.0895004301928545
118042,0,0.1403216595703078
118044,0,0.3435558261419146
118045,0,0.2921017682171954
118049,0,0.10199937348193334
118050,1,0.6983118304488773
118051,0,0.2050227008298494
118055,0,0.6884037615427994
118057,0,0.2789337322474105
118058,0,0.29329330929206593
118061,1,0.7600280333497159
118063,0,0.11615781352428785
118071,0,0.2467132436771628
118072,0,0.3184432258913614
118073,0,0.4410449772466063
118074,1,0.7688540620575168
118075,0,0.08317984623623341
118082,0,0.35886241179903133
118083,0,0.4350200224486963
118085,0,0.12911143719841764
118086,0,0.747637020296028
118087,0,0.3319937588158362
118088,0,0.08191869955023982
118091,0,0.5631980101714247
118093,0,0.6687083647831016
118103,0,0.30075086834864456
118104,0,0.45932807500116696
118105,0,0.14734860050317655
118107,0,0.18103514721563557
118108,0,0.803728173912205
118111,0,0.3924644324560621
118115,0,0.4622915158971146
118117,1,0.635820910908755
118118,0,0.16836107213962048
118121,0,0.7086854319434223
118123,0,0.5480588030555356
118124,0,0.600825371633039
118125,1,0.6329145759493879
118126,0,0.1679674924589782
118128,0,0.5197419951152255
118131,0,0.15749278301804126
118135,0,0.5718737460014556
118136,0,0.5372247381214565
118138,0,0.6148185129625372
118140,0,0.1449937520216001
118142,0,0.8240287651614189
118146,0,0.47157994849324547
118147,0,0.03476314592830811
118149,0,0.5079631138994685
118150,0,0.13258346618389005
118154,0,0.48921418898223507
118156,0,0.31136514920528063
118161,0,0.45149467810290694
118162,0,0.17321940414576087
118163,0,0.20791273022230947
118164,0,0.5255760426930902
118165,0,0.6750292593860522
118166,0,0.165781394969962
118171,0,0.0925003314855352
118172,0,0.19060753433599473
118176,0,0.2461585795242743
118178,0,0.23751585626609623
118183,0,0.2560458200129226
118184,0,0.12199138118581242
118185,1,0.7282603341067255
118190,0,0.20447295715292296
118191,0,0.06043127341803466
118193,0,0.14274205877934246
118197,0,0.279424329285595
118199,0,0.12522117417761808
118201,0,0.10259579250134365
118210,0,0.33053493647640253
118211,0,0.2795354512416956
118216,0,0.33321334929420077
118217,0,0.5864736087194938
118220,0,0.0479776348316899
118221,1,0.8153369700823564
118226,0,0.18175685399716218
118227,0,0.041498937996697245
118228,1,0.7877551099123618
118229,0,0.32319972356204263
118231,1,0.6158013129281952
118234,0,0.5484561747272354
118235,0,0.6226767628316073
118237,1,0.40526263141262187
118239,0,0.43019022533637574
118242,0,0.5794120991240161
118244,0,0.2875761337411109
118245,0,0.54591884338643
118246,0,0.16542784045702189
118247,0,0.6057699279559521
118248,0,0.4543636966293967
118250,0,0.22643926888084262
118253,0,0.2189175644844013
118254,0,0.5059744482756036
118256,0,0.14409836184998703
118258,0,0.17403103592293007
118259,0,0.2209436613995786
118262,0,0.08320995859580008
118263,0,0.08789940576294596
118264,0,0.11515490301999944
118265,0,0.11376601399639184
118266,0,0.47202852463909145
118267,0,0.30680572924992666
118269,0,0.11360863590899173
118271,1,0.44800757975319955
118275,0,0.12093018283749726
118276,0,0.13138499358021435
118279,0,0.5148496001017463
118282,0,0.3898687131871526
118284,0,0.11658221361984608
118285,0,0.3564972663419376
118286,0,0.2775721033502728
118288,0,0.08650633388775512
118292,0,0.5952248648350787
118293,0,0.45088849366634554
118295,0,0.3613930631153183
118297,0,0.2903895930640994
118298,0,0.40859273189009815
118299,0,0.31235024837757325
118300,0,0.34299920366168374
118302,0,0.28174304777795833
118304,0,0.6344904837891153
118305,0,0.4581707186093116
118306,0,0.07046700715606304
118308,0,0.21003750794733103
118315,0,0.13187680762599327
118316,0,0.2815758998505466
118317,0,0.3747590685866043
118319,0,0.6948486391556088
118320,0,0.27181929815916694
118322,1,0.5502663363180278
118324,0,0.2147631641376733
118328,0,0.27042972665533904
118330,0,0.5098411428582876
118331,0,0.19520502795209344
118333,0,0.352997718871132
118336,0,0.723903592009632
118337,0,0.04834710399675465
118340,0,0.5012056024631883
118342,0,0.07062994215010063
118344,0,0.38562051196548497
118348,0,0.30343133334721156
118349,0,0.4925637795965838
118350,0,0.3600823049096222
118351,0,0.7338196864837085
118352,0,0.20906519553766553
118358,0,0.46070178114351706
118361,0,0.4136842777290061
118362,0,0.36626813640174594
118364,0,0.5103561180068481
118367,0,0.24934755989273893
118369,0,0.5771713090215392
118370,0,0.14663491453345434
118373,0,0.110257276513835
118374,0,0.18364518245275008
118375,0,0.7395073334507404
118380,0,0.24908812407299355
118381,0,0.2575885126125756
118382,0,0.47653320180836906
118384,0,0.3829745431757497
118385,0,0.04101401608155711
118386,1,0.4152721388510669
118387,0,0.38870132869471424
118391,0,0.0889844413687688
118395,0,0.2759422077544436
118396,0,0.5750684457918024
118399,0,0.3279723670632875
118406,0,0.09135023349681831
118407,0,0.12655370521498308
118408,1,0.7369527625720024
118409,0,0.22117456448972672
118411,0,0.48561253857990494
118412,0,0.2519534912370537
118416,0,0.3055102787997108
118418,0,0.3521391798206458
118423,0,0.6089193145805202
118432,0,0.2091841492633973
118433,0,0.23047123524545682
118435,0,0.7222827393383083
118436,1,0.8109187762176995
118442,0,0.16965877478945018
118450,0,0.16818110215373494
118451,1,0.4921335032828184
118452,0,0.35318830783179017
118457,0,0.3527500212417182
118458,0,0.20951745083333978
118459,0,0.4014443656841555
118460,0,0.11911180985154962
118462,0,0.3545824864592182
118463,0,0.5383681898898841
118464,0,0.7321698769978533
118465,0,0.13277427327498267
118466,0,0.5414125471986972
118471,0,0.2511669005151495
118476,0,0.25514946622745294
118478,0,0.42579726709270554
118479,0,0.36754215469096285
118480,0,0.656990643715116
118482,0,0.3795856982213652
118484,0,0.46247172915242807
118486,0,0.12572764660901917
118488,0,0.14081025968994493
118491,0,0.445944674181295
118492,0,0.30625359047384104
118494,0,0.08309819073290864
118495,0,0.0835587385463651
118496,0,0.8353224058688353
118500,0,0.5237194573813979
118503,0,0.12727841462267342
118504,0,0.15536037367005862
118512,0,0.753169987688539
118513,0,0.3291519806421792
118514,0,0.3278195069330373
118515,0,0.28776805742338507
118518,0,0.10621250244102065
118520,1,0.4150047387391206
118522,0,0.35576646976464465
118523,0,0.16025378062973183
118525,0,0.5059427079400299
118528,0,0.16776707984328965
118530,0,0.11749503141409441
118532,0,0.2537217373597201
118533,0,0.43599625064906616
118536,0,0.24275200364008281
118537,0,0.1434952462785511
118539,1,0.5535711537696645
118541,0,0.6943099915374371
118544,0,0.6210653883046053
118548,0,0.15570960118703148
118550,0,0.3114524807656107
118552,0,0.29064055055175814
118553,0,0.10571065186972628
118554,0,0.04953440006488722
118561,0,0.5619146924262258
118563,0,0.522100085495098
118564,1,0.7084724214173532
118565,0,0.22537199334375074
118569,1,0.7959708869326032
118571,0,0.40590042570687873
118573,0,0.1816238278764986
118576,0,0.30904650301201675
118577,0,0.35933187862106375
118578,0,0.1672886187753312
118579,0,0.2325693316277354
118580,0,0.10693473622802518
118581,0,0.656675500285558
118582,0,0.06288672646824317
118586,0,0.4663991845673766
118588,1,0.8314867695644866
118592,0,0.12889436000192547
118594,0,0.613249324258994
118595,0,0.3687734889902735
118598,1,0.7155700606838495
118600,0,0.27861135475452686
118601,0,0.7287202327839966
118604,1,0.3415425448382677
118605,0,0.1798868296940367
118607,0,0.5899587505019361
118609,0,0.6136877394881433
118610,0,0.2676460458923486
118611,0,0.19647655699697508
118612,0,0.0761695842005051
118614,0,0.5669906285513188
118616,0,0.1403831262756889
118618,1,0.6187451267221576
118620,0,0.2713765127424613
118621,0,0.33864118387002484
118622,0,0.2722630856841691
118623,0,0.36726035972240595
118624,0,0.11467058865373576
118628,0,0.32586541718544515
118634,0,0.22115213770102346
118636,0,0.9039377011243783
118638,0,0.12886632970987083
118640,0,0.36375398393055575
118641,0,0.05150721213151979
118643,0,0.12562586195241138
118648,0,0.5143938653291109
118650,0,0.388354104239551
118651,0,0.06888260273557853
118654,0,0.21559227818947335
118655,0,0.7662557046463455
118658,0,0.40376286568884173
118662,0,0.7211879274423636
118665,1,0.7161664414813751
118669,0,0.07499847613383939
118673,0,0.08907963335570472
118675,0,0.21437399018479197
118676,0,0.68384160225954
118678,0,0.6289473234033275
118679,0,0.22079732275699
118681,0,0.4892546601761771
118682,0,0.05171398736959661
118687,0,0.17077316956206537
118688,0,0.35994609814772466
118692,0,0.7711512710094158
118693,0,0.3574614054882621
118696,0,0.1304071166715418
118697,0,0.06840701574983507
118699,0,0.32421101849055733
118701,0,0.1516660688004698
118706,0,0.1121894403373207
118711,0,0.05252986508757606
118712,0,0.7804466725742187
118713,0,0.17101459812499104
118714,1,0.5807156628133545
118718,0,0.5105840031227032
118719,0,0.1380987690926741
118721,0,0.6160080150328838
118722,0,0.8240563728499573
118723,0,0.21317127059069663
118724,0,0.2008827107526987
118725,0,0.0644072771136195
118727,0,0.5937034216235747
118728,0,0.13041862406686552
118729,1,0.5896970115933025
118731,0,0.15815155495828637
118732,0,0.11426601110388905
118734,0,0.13671837522467103
118735,0,0.2088454383496801
118736,0,0.5797356053675794
118737,0,0.5540889817826029
118740,0,0.35285204984870266
118742,0,0.32780151506500566
118743,0,0.2954049703290313
118745,0,0.12803903558201754
118746,0,0.07033207470006629
118748,0,0.1806190310603284
118750,0,0.19141951685419195
118752,0,0.14619469084226305
118753,1,0.7790497097536481
118756,0,0.05989757798826576
118758,0,0.5434187515894099
118759,1,0.5518818327172829
118764,0,0.3583500976111908
118766,0,0.23758910571099523
118767,0,0.3215747176305506
118775,0,0.09924761279291727
118776,0,0.46379835146881965
118778,0,0.3205967191225219
118781,0,0.4721345297182269
118783,0,0.30971157069767175
118784,0,0.45331803790123437
118786,0,0.18518552586393144
118789,1,0.3843899992128257
118791,0,0.3894190677390003
118792,0,0.46489292909585855
118796,1,0.48389847812219744
118797,1,0.13589849814469956
118800,1,0.7186069722792534
118802,0,0.6362005216989184
118803,0,0.09792216947006448
118804,0,0.3382666732559159
118805,0,0.7667997509892227
118809,0,0.5465334678999443
118810,0,0.2534741599062486
118811,0,0.1306182204821694
118813,0,0.4852354128644321
118815,0,0.35974407351571863
118816,0,0.1589256604632319
118827,0,0.09692017295014897
118831,0,0.31261287081202005
118834,0,0.19848938779102643
118836,0,0.14237516276397846
118839,0,0.22330139018205664
118840,0,0.08631340965203227
118841,0,0.369510306610702
118845,0,0.37635450883204946
118853,0,0.025387759274160385
118857,0,0.2463172670581527
118858,0,0.03477461836739279
118861,1,0.5540605492754757
118863,0,0.2253104815362091
118864,0,0.4699138338827127
118865,0,0.11191141763826427
118871,0,0.487463727670408
118872,0,0.4955884226083704
118873,0,0.30455949787589814
118876,0,0.46439757190704156
118877,0,0.513572832173525
118879,0,0.06294394223893045
118883,0,0.053003621970943125
118887,0,0.20994958996686133
118890,1,0.4360571662374383
118893,0,0.1565681845459024
118894,0,0.15202421558320858
118895,0,0.04295172441988233
118897,0,0.283943171528759
118899,0,0.3511046095875773
118901,0,0.14209172027460634
118904,0,0.2521151432624235
118905,0,0.44082206531042833
118906,0,0.5570505029428027
118913,0,0.07275114724137248
118914,0,0.40698357823367354
118915,0,0.32968659166779873
118921,0,0.3600063695557253
118922,0,0.3952972148565215
118924,0,0.2698700035100433
118926,0,0.10419783884435668
118929,1,0.22996035348799296
118932,0,0.2633589355827197
118933,0,0.41042707590235017
118935,0,0.44395052427324727
118937,1,0.8189525550513114
118938,0,0.08531862522388205
118939,0,0.12526569614067445
118942,0,0.03443249621302102
118943,0,0.1399116706465537
118944,0,0.2969515358800138
118946,0,0.09836799274448346
118947,0,0.5364033936200634
118949,0,0.5158626138560907
118951,0,0.3960338062661906
118952,0,0.2187484866069806
118953,0,0.4260744849268437
118954,1,0.8569673560042128
118957,0,0.22494209482439004
118958,0,0.22695494724598092
118962,0,0.3416857538156076
118967,0,0.213706231344203
118971,0,0.3081010658937611
118972,0,0.7016565417679723
118980,0,0.1440316781096886
118981,0,0.06790015407170558
118985,0,0.2516473752402159
118986,0,0.4019336777241043
118987,0,0.6119266183078117
118989,0,0.1411338761112566
118990,0,0.5229870497431185
118991,0,0.12155253984501214
118992,0,0.669046032250939
118994,0,0.41769732571298335
118999,0,0.5950202842555428
119000,0,0.39572007076272653
119005,0,0.05126846602198461
119007,0,0.22019197670378918
119009,0,0.24992025964669956
119013,0,0.4241386101812194
119016,0,0.3914844760258759
119017,1,0.7541145905428182
119019,0,0.5140343043577207
119022,0,0.5976160536655296
119024,0,0.21705804900164605
119029,0,0.11164757136533923
119030,0,0.264687060679708
119031,0,0.4994261255145407
119034,0,0.06816803077373339
119040,0,0.12089794061151833
119041,0,0.718849208431695
119042,0,0.49341401299286164
119044,0,0.4059950901669696
119053,0,0.23170565065257268
119055,0,0.21248587698998814
119056,0,0.7270972692838557
119058,0,0.45770401154925283
119059,0,0.730238489229157
119061,0,0.3317299028705114
119065,0,0.2052832610410236
119066,0,0.07628508657332819
119067,0,0.41650363013544806
119068,1,0.6992176478591006
119070,0,0.044983655330163616
119075,0,0.12865070078226565
119076,0,0.5951779829740454
119077,0,0.28403150802324956
119078,0,0.24201230188513306
119080,0,0.059946045786192566
119081,0,0.11998786182414238
119082,1,0.3904217875027068
119083,0,0.5923451019392907
119085,0,0.04008976487860206
119086,0,0.0587058783531343
119091,0,0.33894892393201004
119092,0,0.23650770124476214
119094,0,0.40578319145406705
119096,0,0.035926621999924156
119098,1,0.7067188823590267
119100,0,0.3410162116529864
119101,0,0.5142581923306078
119102,0,0.21502208273653142
119103,0,0.13662426049177417
119104,0,0.33883554309434916
119105,0,0.24439188425956254
119108,0,0.5475353009267538
119109,0,0.08395881147919614
119117,0,0.21674655124964395
119123,0,0.28048089713430824
119124,0,0.1317221517038841
119126,0,0.2497944428904103
119127,0,0.20875502788161412
119128,0,0.07393105651343822
119130,0,0.7520739074035222
119133,0,0.04520518427545675
119139,0,0.133843620409263
119142,0,0.4865094478139183
119144,0,0.3764405368644547
119146,0,0.44060371912712204
119149,0,0.10679995322317984
119150,0,0.11648161558097181
119152,0,0.18071655012218252
119155,1,0.7302039822693697
119156,0,0.05028127835113022
119158,0,0.14786550538460874
119160,0,0.3166249395221079
119164,0,0.6287338909677098
119166,0,0.6923984340964253
119167,0,0.09463260425930008
119169,0,0.7522392381599335
119172,0,0.3890946503287204
119175,1,0.20163880599025683
119179,0,0.39735674929667403
119181,0,0.6290783492702876
119183,0,0.03169420715720468
119184,0,0.07785102593881965
119186,0,0.22162702909975532
119187,0,0.12512712321236913
119189,0,0.5742469927802931
119191,0,0.2264959676092106
119192,0,0.5805501922263634
119193,0,0.29521624268416496
119194,0,0.11008067376200101
119196,0,0.1302399149761043
119197,0,0.6116320833232911
119201,0,0.41962642771091496
119202,0,0.3254678235895437
119206,0,0.7768508678154157
119207,0,0.09683913721393447
119210,0,0.06462750049839337
119211,0,0.3157347542955837
119212,0,0.11161673411873725
119216,0,0.26024658446911536
119219,0,0.2169725759085331
119220,0,0.3438114508241886
119223,0,0.19937245133761208
119227,0,0.08748914044621242
119229,0,0.45082278117508956
119230,0,0.3544487216552659
119232,0,0.23284438535173968
119237,0,0.2321880139533362
119241,1,0.6110445146780892
119243,0,0.27094731836506347
119245,0,0.1683893942184993
119248,0,0.4120197769876217
119250,0,0.4156115447674178
119252,0,0.4688321332301649
119257,0,0.11729148416464778
119260,1,0.5864961746723675
119261,1,0.6487386332763336
119262,1,0.7178798595350009
119265,1,0.904563034199713
119266,0,0.30852516428235083
119267,0,0.48468548699647246
119269,0,0.3903818609045743
119270,0,0.38139355059232777
119272,0,0.2737248295706021
119277,0,0.34044499592019656
119286,0,0.21180490671789265
119287,0,0.22252277454934105
119291,0,0.5180604865890373
119292,0,0.22627322692519564
119293,0,0.3967653308440404
119297,0,0.6917217027746224
119298,0,0.46777757122943614
119299,0,0.17591128996457767
119300,0,0.1063960904333024
119308,0,0.40213817168638044
119311,0,0.15332422670343765
119313,0,0.6214004625512686
119316,0,0.3770964477849995
119320,0,0.3081605239550391
119323,1,0.7506790675303051
119324,1,0.27085652427388457
119325,0,0.7549825838227655
119326,0,0.13255482126862517
119328,0,0.047697931288619114
119330,0,0.36982072602284943
119334,0,0.09289968871959291
119335,0,0.31997623461583585
119337,0,0.6176945788412911
119340,0,0.3591989960458763
119345,0,0.1466742931574865
119349,0,0.3365159621491922
119350,0,0.5404919804694945
119353,0,0.1610544535920998
119354,0,0.7103399286868302
119355,0,0.1792878904989006
119356,0,0.2480525710879328
119357,0,0.09668168097153487
119358,1,0.4473880015960055
119360,0,0.515987226022366
119361,0,0.5070307235444881
119363,0,0.4233849900729706
119364,0,0.11499843668792423
119365,0,0.13331531924225362
119367,1,0.4870176364190806
119369,0,0.39467055797835504
119370,0,0.66001351865721
119372,0,0.2704927079150165
119375,0,0.07553033194816107
119376,0,0.26562121574095693
119381,0,0.3590752023856997
119382,0,0.46494740974005905
119383,0,0.37384497112618453
119385,0,0.23578941267475695
119386,1,0.3667527347219836
119391,0,0.5520404206899083
119394,0,0.27279324534650395
119396,0,0.3478194543462169
119397,0,0.14062552957303187
119399,0,0.40604831935114377
119400,1,0.7376281045322183
119405,0,0.6356062792395896
119406,0,0.3073294392284391
119407,0,0.37331440772324387
119413,0,0.8379499112466278
119417,0,0.10941041695341724
119418,0,0.4286390377421992
119421,0,0.07825999448294206
119422,0,0.15322399236713935
119423,0,0.5381758892066907
119424,0,0.06944549078051457
119427,0,0.5741786489166868
119429,0,0.5143967521929528
119430,0,0.29803331615307443
119433,0,0.4267310814481797
119434,0,0.5948536936611138
119435,0,0.22937704929387906
119438,0,0.27427050014001164
119441,0,0.4299372082622299
119442,0,0.7795077820349257
119443,0,0.3217694311026644
119447,0,0.4938909064177106
119450,0,0.3321265797785775
119451,0,0.5267505323107892
119453,0,0.1152826201683928
119454,0,0.7823359031756277
119461,0,0.39851783367073507
119462,1,0.3304177852227755
119465,0,0.17486079008141672
119466,0,0.3846471405404334
119467,0,0.052048154829358005
119470,0,0.04299534691816957
119471,0,0.12377528343831976
119478,0,0.42515487650863115
119480,0,0.06785786163970639
119483,0,0.35809927240271394
119484,0,0.19863164996849186
119487,0,0.30972012031222357
119488,0,0.4689636346843813
119491,0,0.3899975119791697
119492,0,0.2257907697211487
119497,0,0.1655992360935944
119499,0,0.40537785538471
119500,0,0.39679660071750505
119501,0,0.14469508095572076
119503,0,0.32420858576504963
119504,0,0.20971158562242362
119507,0,0.48599744628840097
119508,0,0.054031180479015235
119510,0,0.46630218755980407
119511,0,0.15576817333420404
119512,0,0.3859631937731276
119519,0,0.3895288776456326
119523,0,0.04972444237893892
119524,0,0.2824691484383981
119532,0,0.49084412508540576
119537,0,0.1357315849866038
119540,0,0.41989648758334236
119541,0,0.31305202675809757
119543,0,0.38859190809485605
119544,1,0.8078908947535101
119547,0,0.7174898845666726
119551,0,0.24514855976190716
119552,1,0.6329837172993344
119554,1,0.5650810859655014
119556,0,0.13572695556926784
119557,0,0.20413353769697892
119559,0,0.34838260329623266
119561,1,0.6786974113777363
119562,0,0.6169456280691995
119563,0,0.3891485909431783
119565,0,0.3635478033657224
119567,1,0.711713745856288
119569,0,0.0449967506146435
119571,0,0.6871985720836363
119575,0,0.27588535674728293
119580,0,0.09513062649030032
119581,0,0.1112632045745652
119583,0,0.07729227886417162
119584,0,0.2712819370682509
119586,0,0.1718836172742452
119588,0,0.1831622779563965
119589,0,0.07213215804713476
119590,0,0.16195392346179116
119591,0,0.5032334418635793
119592,0,0.5085202935226616
119593,0,0.741346453638403
119594,0,0.4364113562552665
119595,0,0.42235267118525693
119597,0,0.23500694473319783
119598,0,0.3436052681542903
119600,0,0.24642584745536644
119603,0,0.11399249094939083
119604,0,0.32216560009345
119605,0,0.25179245742579354
119606,0,0.17112626940756864
119608,0,0.2383567299844067
119613,0,0.13498909061436717
119617,0,0.4740456939397394
119618,0,0.5242076803645243
119619,0,0.1846177909208861
119621,0,0.1327556467248512
119622,0,0.7548819330177524
119623,0,0.0703841370652567
119624,0,0.7084662577364697
119626,0,0.08313977420591762
119628,0,0.12333172996402401
119629,0,0.3244407025614162
119630,0,0.20094763602000235
119632,0,0.358350512382221
119634,0,0.338654925886756
119635,0,0.19368727689638604
119636,0,0.4922132906804439
119640,0,0.5500712666383962
119641,0,0.09279795104490557
119642,0,0.507352309787258
119644,0,0.3772684077618416
119645,1,0.5901947643467111
119646,0,0.10322627736989796
119648,0,0.14546413710610637
119651,0,0.28123798080047036
119653,0,0.10923587108679143
119659,0,0.5322644630212193
119660,0,0.38841690376776894
119664,0,0.7351439978463539
119667,0,0.5032255689209792
119668,0,0.08220588506873007
119669,0,0.2376544680864291
119670,0,0.29479275728364046
119675,0,0.7304484779092604
119678,0,0.5275993716931757
119679,0,0.060296249337353745
119680,0,0.3443941226145324
119681,0,0.35573857030836487
119683,0,0.31642806725895173
119687,0,0.09520201358525802
119688,0,0.6521654498531023
119689,0,0.2931198788173852
119692,0,0.2969498193606154
119693,0,0.3457224881801723
119694,0,0.06973772748412481
119695,0,0.2663847624225942
119696,0,0.29726545210181465
119698,0,0.14401221114121043
119700,0,0.1607518966982501
119702,0,0.12559593782238943
119703,1,0.15168518427882063
119707,1,0.6948252354130485
119708,0,0.41363466047633735
119711,0,0.17799250614226828
119712,0,0.5230708277359204
119716,1,0.7349906662978545
119727,0,0.18078585130178976
119731,0,0.7151141049627288
119734,0,0.5780973872846352
119735,0,0.5131860031213907
119737,0,0.25580756815610806
119738,0,0.7410510052167624
119742,0,0.16570034770651845
119743,0,0.14663145515041734
119745,1,0.6959025895842447
119746,0,0.17911136386975182
119750,0,0.1452336404513661
119751,0,0.46048877237763614
119752,0,0.4057998176943387
119753,1,0.7394391839612505
119755,0,0.265071025207882
119758,0,0.2368015316834463
119759,0,0.20444454154108854
119761,0,0.1785901313286469
119762,0,0.6598129027114686
119765,1,0.46407134571599584
119766,0,0.3315585172213725
119768,0,0.17032214047573827
119769,0,0.5532951120174485
119772,0,0.2638663645375354
119773,0,0.13318759452017115
119775,0,0.34027223526413863
119776,0,0.6637534463777685
119777,0,0.3632092636468323
119779,0,0.2753700179137049
119780,0,0.7587666126977517
119781,0,0.2911430287955068
119787,0,0.2561317234208413
119788,0,0.4415108788039676
119791,0,0.2278372758597308
119795,0,0.41192007870764535
119798,0,0.3866605201632348
119799,0,0.2203757173749907
119800,1,0.8359688564376235
119801,0,0.37449766681084135
119802,0,0.2664837559597971
119806,0,0.5192184088579758
119807,0,0.44888646164431184
119808,0,0.6032892585441865
119810,0,0.1227240940965889
119811,0,0.1832588008701178
119813,0,0.32556051169479644
119814,0,0.36151093542171286
119815,0,0.05508032386893294
119817,0,0.18926083747738393
119821,0,0.46760781988564154
119825,0,0.14274847788493047
119829,0,0.11079464347448596
119830,0,0.07944403472642701
119831,0,0.06887888574598923
119832,0,0.10413503239996427
119834,0,0.40322981581614237
119839,0,0.27923960401865844
119841,0,0.20437837945007753
119842,0,0.6987180390645417
119843,0,0.6772507208852089
119846,0,0.4406955508256006
119848,0,0.15214102731330972
119852,0,0.10858176210380019
119854,0,0.1360355783910273
119855,0,0.22719655116135873
119859,0,0.19285679721076984
119864,0,0.48478213488786204
119870,0,0.7213353597968978
119871,1,0.754665624178299
119873,0,0.3381905575529448
119875,1,0.49183581001754967
119876,0,0.38238065093074625
119878,0,0.03694710403562571
119879,0,0.09161423109432903
119880,0,0.049959094486576164
119882,0,0.6735707083781611
119885,0,0.5346812027600374
119886,0,0.3622466715385184
119887,0,0.09159077019443172
119889,0,0.36709629839136027
119890,0,0.2763355586935146
119892,0,0.08975009307204378
119896,0,0.5686191905118295
119897,0,0.2752867299366048
119898,0,0.08916517819032954
119901,0,0.03693677620459689
119905,0,0.6245126043886713
119907,0,0.2326893611765219
119908,0,0.2194865268245319
119911,0,0.7838616130146896
119913,0,0.17858112830431538
119915,0,0.18416101831623524
119918,0,0.38661199475879165
119923,1,0.7207476679924295
119927,0,0.05868061387278942
119928,0,0.10447869342275873
119929,0,0.09936811023914054
119930,0,0.07356217461476289
119935,0,0.07108594439968989
119936,0,0.05304909734702221
119937,1,0.6506394007308474
119939,0,0.5788016891305712
119941,0,0.2638156348582252
119942,1,0.5604382642569887
119944,1,0.7377295915993319
119947,0,0.19686588226830637
119948,0,0.39606767653432956
119949,0,0.17271030359714473
119951,0,0.37994753506751977
119953,0,0.3097888596741034
119958,0,0.6423247347209251
119959,0,0.4878092443159593
119960,0,0.05516122873931743
119964,0,0.9383297814164352
119965,0,0.15957815452249502
119966,0,0.28851462111468396
119968,0,0.6986906225780096
119970,0,0.03898276044197482
119972,0,0.5457622552208062
119975,0,0.06974674325531373
119978,0,0.35258098740086824
119980,0,0.43232497310195334
119981,0,0.045140207614645156
119982,0,0.08275679634806449
119987,0,0.41401434411922033
119988,0,0.1784562271207129
119989,0,0.05164268288770619
119994,0,0.22928671627630043
119995,0,0.15469617485890658
119996,1,0.24951292464057004
119997,0,0.7267738037498042
120000,0,0.6402777890220763
120001,0,0.4726610149636851
120003,0,0.6645127877212518
120004,0,0.799175593621557
120005,0,0.2898485252829179
120010,0,0.7988613610531807
120011,0,0.09330510967649489
120013,0,0.7777658853447462
120016,1,0.733604132614022
120017,0,0.12551818922508434
120018,0,0.2933635927759548
120020,0,0.048800174158600204
120021,0,0.678089575792198
120022,0,0.17874837375714298
120025,0,0.05812832606890076
120026,0,0.19120691908269863
120027,0,0.1426768939951996
120029,0,0.11845976935408117
120030,0,0.29150103353125173
120039,0,0.22590271141326948
120040,0,0.5622657844993693
120041,0,0.264886223291157
120043,0,0.42449393036914473
120045,0,0.5870004242864377
120048,0,0.032350143682348516
120049,0,0.22231888218653992
120052,0,0.5089695438145859
120053,0,0.08174276490401339
120055,0,0.21573029972370023
120056,0,0.3528873207429726
120062,0,0.2888151290432957
120063,0,0.4085439000005187
120064,1,0.6990660342434215
120065,0,0.04553222937419844
120068,0,0.0668132358001127
120069,0,0.4498336069892841
120076,0,0.720390349899428
120078,0,0.6042346055442613
120079,0,0.027093000834074052
120080,0,0.7751025026340926
120082,0,0.1757341320646087
120084,0,0.05567149146712124
120089,0,0.24909932949684566
120090,0,0.24963229869789622
120091,0,0.11542727417905523
120097,0,0.20623703541529237
120099,0,0.45670703867537094
120101,0,0.15392319131545365
120103,0,0.4747319647301324
120104,0,0.05827777301245656
120105,1,0.7155675777057899
120106,0,0.25145469295615686
120107,0,0.42509070983304187
120110,0,0.11897906917666984
120111,0,0.28793031390214624
120115,0,0.08244295166059713
120116,0,0.35612495307876246
120117,0,0.5392708826442756
120119,0,0.3566801573647871
120121,0,0.27305297281517427
120124,0,0.29228540193995034
120126,1,0.8269239471957052
120127,0,0.40922721560396286
120129,0,0.03828718310958259
120131,0,0.18696219724937913
120136,0,0.3450106423795848
120137,0,0.19029595493443371
120142,0,0.11771531201839207
120145,0,0.11841797048630401
120147,0,0.14770958133362472
120149,0,0.09989222729837163
120150,0,0.39593009108087296
120153,0,0.13650979669818109
120154,0,0.09471195291041017
120156,0,0.274161729436368
120158,1,0.5342874267397213
120159,0,0.35264991332763407
120160,0,0.22762076019465957
120165,0,0.18804249890440272
120169,1,0.7786879907396773
120173,0,0.6310506796868799
120177,0,0.23985678082221448
120178,0,0.8054559127664461
120179,0,0.0992629379147115
120180,1,0.6969490694762687
120181,0,0.3877029862067814
120183,0,0.6117800887933115
120188,0,0.2944763059328626
120190,0,0.5223164507633664
120193,0,0.21954645094846675
120194,0,0.09163473244356482
120196,0,0.18445031158445083
120197,0,0.1292954702188436
120198,0,0.46084859305358783
120202,0,0.14377469472622928
120203,0,0.1275186628787169
120204,0,0.49473999279346864
120208,0,0.322137646627319
120209,0,0.6447532428155508
120211,0,0.22050931868859747
120212,0,0.18492661745231714
120214,0,0.38324922555227464
120223,0,0.2780655792389672
120224,0,0.5456848786231251
120228,0,0.18507073060905324
120229,0,0.15311149962542614
120230,0,0.15694001334937246
120231,0,0.5247836689198944
120239,0,0.11033640093541507
120241,0,0.6218501405757124
120246,0,0.3895091648761005
120247,0,0.19280723386806206
120248,1,0.7993716982518384
120249,0,0.5377094909613841
120250,0,0.12215094313745527
120251,0,0.5282027919347773
120252,0,0.13728016082709693
120257,0,0.5861594325097864
120258,0,0.11723087849364398
120259,0,0.49064484718903273
120260,0,0.38226028975500415
120268,0,0.6697308199590613
120273,0,0.19535852999405612
120278,0,0.39475235642831114
120279,0,0.18282047232677454
120283,0,0.11064838439752757
120285,0,0.41952791294268693
120286,0,0.1575642291954216
120287,0,0.2604601384541197
120291,0,0.053563554951273844
120292,0,0.7160728036642446
120293,0,0.41117296491702665
120296,0,0.16842543724248937
120300,1,0.7511054497243692
120307,0,0.40949606996006543
120310,0,0.25971233964605533
120311,0,0.4649224021014401
120312,0,0.26778464501124405
120313,0,0.07746970795982669
120315,0,0.6278406763973927
120319,0,0.19725087096461144
120322,0,0.6623920310056829
120325,0,0.2526110415640657
120327,0,0.5087625709575341
120329,0,0.24562405579500715
120330,0,0.5234360054886957
120331,0,0.10932120855917886
120332,0,0.21910114503260025
120334,0,0.0822990409511307
120335,0,0.06367206473788939
120336,0,0.3640750190968663
120338,0,0.6106635188937173
120340,0,0.1071439155969271
120343,0,0.2835689329746091
120345,0,0.27859704854595463
120346,1,0.6951647905199629
120350,0,0.3488149916984664
120352,0,0.25436726023547085
120353,0,0.3646174647518452
120354,0,0.18980435323310904
120355,0,0.0658737036099953
120358,0,0.4102489153372953
120361,0,0.21458795470373768
120363,0,0.1941122416447455
120364,0,0.5951805814683494
120367,0,0.155099902965946
120368,0,0.34668040268704625
120369,0,0.21912664725115272
120371,0,0.33678672672531945
120373,0,0.11945667406272259
120376,0,0.5350522522767865
120379,0,0.15617779909981044
120380,0,0.4145874201094271
120381,0,0.5120408929863033
120382,0,0.18121902350571806
120384,0,0.6473648963946391
120386,0,0.671301573248803
120387,0,0.2985045763173718
120388,0,0.1725523654668292
120389,0,0.13811561710168857
120392,0,0.06207187818222952
120393,0,0.10940486411574589
120395,0,0.29278840841001796
120396,0,0.6282615982213862
120398,0,0.6277829080021496
120400,0,0.1454012831145535
120401,0,0.397646940834301
120403,0,0.5329708459390495
120404,0,0.06065102438607778
120405,0,0.24875040732456946
120407,0,0.2552852116228768
120410,0,0.1433168284767911
120411,1,0.6879223856350074
120412,1,0.7454084707575022
120413,0,0.5427249318780938
120414,0,0.05324440348985832
120415,0,0.08246897113139642
120416,0,0.3270122374096004
120418,0,0.32042431210471667
120419,0,0.5213790410956709
120420,0,0.5335195957814838
120422,1,0.6931538243902239
120426,0,0.6854610099195183
120427,0,0.062377923800965726
120428,0,0.08306540430510882
120432,0,0.49499214251202966
120435,0,0.7222089781235287
120436,0,0.5593112949079366
120440,0,0.14836507193712972
120441,0,0.047073738260813326
120442,0,0.4982235109173955
120443,0,0.19787400645478193
120444,0,0.40023847058667783
120447,0,0.15956912114039412
120450,0,0.2109610516650129
120451,0,0.11382941275535055
120452,0,0.535549376925675
120454,0,0.05451077715464861
120455,0,0.27471836860747545
120456,0,0.35628413726567065
120458,0,0.24895062243910668
120460,0,0.31974956809734745
120461,0,0.15606272929926163
120462,0,0.2146056694351401
120463,0,0.17825062975080883
120467,0,0.441731326835073
120468,0,0.32964478324640567
120471,0,0.2183709077293876
120472,0,0.44348016561558734
120475,0,0.29223124228464226
120476,0,0.1857762228587601
120478,0,0.6304432704885226
120479,0,0.21395708637397223
120480,0,0.35219860771359285
120481,0,0.09645036019893945
120483,0,0.22959900667018232
120484,0,0.11812045285908893
120485,0,0.14147401603532145
120490,1,0.1013796497148817
120491,0,0.25112427789861674
120494,0,0.09317330455851287
120497,0,0.6727445889814518
120498,0,0.13004329849405488
120500,0,0.4216159801167052
120509,0,0.3041046572768062
120510,0,0.4355855054303761
120511,0,0.6034586807203209
120512,0,0.1222463932570501
120519,0,0.6656975251709889
120521,0,0.5753222870591211
120522,0,0.2783964969426071
120523,0,0.10703376279063431
120526,0,0.3461149510658178
120527,0,0.5042831193951465
120528,0,0.11416901867382091
120529,0,0.08927876162110276
120531,0,0.47733938809270093
120535,0,0.619722613643127
120538,0,0.27076863248684285
120540,0,0.4034167604893576
120541,0,0.16767565070411475
120542,0,0.2667912393004584
120544,0,0.46561666805531965
120545,0,0.35835126329219524
120552,1,0.8406245098940937
120553,0,0.08005302666217384
120556,0,0.21446235905216834
120557,0,0.4279429562042097
120558,0,0.34651300133607466
120561,0,0.2011245807891063
120563,0,0.5864766775360593
120567,0,0.23447427708310664
120570,1,0.7923869151746763
120571,0,0.149557303723382
120573,0,0.4536974341016821
120576,0,0.0880479679011505
120577,0,0.6533642528252755
120581,0,0.15763368410306083
120584,1,0.39399655458538474
120586,0,0.12367135421464427
120590,0,0.2032260810420908
120591,0,0.32442486971441425
120596,0,0.051637046218562466
120597,0,0.1964825572007313
120598,0,0.42356774229049643
120601,0,0.3378467949014237
120603,0,0.4127819830230354
120607,0,0.690035994855002
120608,0,0.3746902514902115
120609,0,0.07881402176933841
120610,0,0.24093815655397452
120611,0,0.6539596211224143
120613,0,0.5761138938892174
120614,0,0.20280084596328707
120616,0,0.2424203012227364
120617,0,0.7169583505556618
120623,0,0.17510616478677027
120625,0,0.26226305639921027
120629,0,0.04584534233305396
120631,0,0.09228357414189783
120635,0,0.27229992474909304
120636,1,0.27079590092183126
120641,0,0.16733618932286187
120647,0,0.47227797632914154
120651,0,0.5939433899732078
120652,0,0.649655015507902
120653,0,0.41549549467909147
120654,0,0.11804379009522017
120661,0,0.06123463677625846
120662,0,0.2130797325722412
120663,0,0.2933872158407099
120667,0,0.21032236880888544
120671,0,0.17538555339225403
120676,0,0.08229889635771619
120677,0,0.5907162103895612
120678,0,0.3443424174788964
120683,0,0.33556699462946926
120684,0,0.14767438356805773
120687,0,0.15852590498935196
120688,0,0.18184457140513433
120691,0,0.17521679108872598
120694,0,0.32578257978566966
120696,0,0.3277435287674766
120699,0,0.35909473555348365
120700,1,0.7890257425531004
120708,0,0.16540789662946154
120709,0,0.6750601566495013
120710,0,0.751564908376303
120711,0,0.3797463475583179
120717,0,0.5092378873365052
120718,0,0.4269847941741415
120720,0,0.14160465776600517
120723,0,0.6683231262998064
120727,1,0.5795056598509478
120730,0,0.1400713993247846
120731,0,0.08822935071901794
120733,0,0.3539118621792955
120734,0,0.5464153679557611
120738,0,0.5078593680165612
120742,0,0.4648239771123673
120743,0,0.25286251721230635
120745,0,0.11212641365080359
120747,0,0.8340465655624354
120748,0,0.7003011193215712
120749,0,0.30198013916631633
120751,1,0.7636073456455769
120752,0,0.5323948717797904
120754,0,0.5057042723758638
120761,0,0.2590206627631513
120762,0,0.7280626391963009
120769,0,0.2616763165437784
120770,1,0.7367807624175827
120774,0,0.6124544187836553
120778,0,0.21987821367920224
120779,0,0.6164305796504579
120780,0,0.04028453614347831
120782,0,0.22874653491554736
120784,0,0.467088639976678
120788,0,0.15619723069293612
120791,0,0.4108769140449669
120792,0,0.30074845165223496
120793,0,0.7332420400783143
120794,0,0.17555734669130094
120798,0,0.467762832805201
120799,0,0.563115316980262
120802,0,0.17986434869814083
120804,0,0.1321755334457997
120817,1,0.48521111115346893
120819,0,0.08012600139092937
120821,1,0.6128514672175526
120823,0,0.6164853171137209
120825,0,0.7265570561211664
120826,0,0.28286923322728463
120827,0,0.10869350606032807
120828,0,0.2732117551219148
120829,0,0.7140295193069813
120831,0,0.3648469896828494
120832,0,0.7362530962548278
120833,0,0.22683778834608748
120836,0,0.4184789043494073
120837,0,0.1443229561244472
120838,1,0.27707284887055755
120841,0,0.8147758468525604
120842,0,0.10846362780888126
120843,0,0.21986036839058012
120846,0,0.11952515157813495
120847,0,0.34665596009873023
120848,0,0.049401375372509014
120849,0,0.3446470215567441
120851,0,0.21866281913322894
120859,0,0.2801216556512495
120860,0,0.4275999486424613
120862,0,0.2435494053592399
120863,0,0.36253919117698513
120870,0,0.1873095343026946
120873,0,0.48297023614368456
120874,0,0.2641103486483781
120876,0,0.12996074264024346
120878,1,0.7170151252504066
120880,0,0.0958739410572342
120881,0,0.2953490825656024
120882,0,0.349418832443426
120885,0,0.4041613118738224
120886,0,0.5437767505899945
120887,0,0.2455475497161464
120888,1,0.7219983706264027
120889,0,0.09347856264587083
120894,0,0.37137103131994903
120897,0,0.2172653513347066
120899,0,0.27973728441266615
120901,0,0.5843718022545527
120904,1,0.82532700495491
120905,0,0.38535463825391175
120908,0,0.09861963522116782
120909,0,0.6013597056209347
120911,0,0.8300092084456965
120912,0,0.3734116146099634
120917,0,0.5568370348941429
120921,0,0.3074735217228004
120922,0,0.6105445279419385
120924,1,0.7636971683457897
120925,0,0.22269912352295407
120927,0,0.6179498405047512
120928,0,0.1255742136196975
120930,0,0.5348296821631372
120933,0,0.4347019808081196
120936,1,0.6815930109577653
120939,0,0.7644634405490948
120945,0,0.09758240891872486
120948,0,0.768229515681607
120950,0,0.2551976264849797
120953,0,0.7175502061692461
120956,0,0.10383153142773649
120959,0,0.4948189984371478
120960,0,0.48450631864972543
120962,0,0.38371661948170105
120965,0,0.17543093527321293
120967,0,0.8718605771829315
120969,1,0.8124181028617842
120971,0,0.24494157881038223
120973,0,0.14442428706713112
120978,0,0.2016732984736376
120981,0,0.6247173331974415
120982,1,0.5679590975258507
120983,0,0.33443083621690606
120984,0,0.2805454326942732
120987,0,0.5586366021823467
120989,0,0.19458280547346912
120990,0,0.09143320566443063
120991,0,0.06628143238985407
120994,0,0.8137877245648818
120995,0,0.4909147792196668
120999,1,0.3233008936874347
121000,0,0.3278715626816512
121001,0,0.19947378531257176
121005,0,0.7843894495148664
121008,0,0.5428156097970599
121012,0,0.08304588000359801
121015,0,0.5136268101004572
121020,0,0.35031805719693365
121022,0,0.06998763151774658
121023,0,0.31207054563848813
121027,0,0.3031695145405913
121030,0,0.42016273376583785
121032,0,0.08429544334779884
121033,0,0.036361977471053276
121037,0,0.11103725526646518
121038,0,0.36293588634214097
121041,1,0.8986929445176903
121043,0,0.6918484637315204
121045,0,0.4340844935119116
121047,0,0.23609103771312193
121052,0,0.5283884014771446
121057,0,0.37445619345462733
121058,0,0.5450509699748897
121060,0,0.10900269458383059
121061,1,0.20371781785972712
121063,0,0.1334698989338324
121064,0,0.6153221654585398
121067,1,0.7413736273768201
121068,0,0.26825620995032384
121069,0,0.5923814879219264
121070,0,0.09569719872800513
121071,0,0.05702441412302825
121072,0,0.2051697906828147
121073,1,0.353913935487058
121074,0,0.17142815931496702
121076,0,0.06917944295602382
121077,0,0.22119753948474302
121078,0,0.7872435887590674
121080,0,0.3580345873989893
121081,0,0.25795826841616426
121082,0,0.11442090131563244
121083,0,0.20252972763929292
121088,0,0.7502240936420101
121089,0,0.23331109066799624
121091,0,0.06428145090991876
121095,0,0.2791627447348818
121098,0,0.4884495762141968
121101,0,0.38874768651346814
121102,0,0.17439054264318532
121105,0,0.37157783132063604
121106,0,0.32906561856414995
121110,0,0.28917951518041535
121111,0,0.18862810293660892
121114,0,0.14050177254171886
121115,1,0.7298822457427451
121116,0,0.3102234120860864
121117,0,0.3085070751083809
121120,1,0.9172577110331711
121122,0,0.18058650767997414
121123,0,0.4724547136682374
121125,0,0.7884096814812567
121126,0,0.1257546188719129
121134,0,0.6652216557113344
121135,0,0.26512367941272447
121136,0,0.21327041168440783
121139,1,0.733220488867104
121142,0,0.450985764247636
121146,0,0.10765025452108513
121147,0,0.11097919061984389
121148,0,0.36544028268380374
121149,0,0.16544787048657786
121153,0,0.5052964473457123
121154,0,0.16438810190472636
121156,1,0.3452575379874206
121162,0,0.1237021678929546
121165,0,0.12129597332360871
121169,0,0.0761590944580471
121171,0,0.26983041410733294
121172,0,0.6878033684571537
121173,0,0.616974703603199
121174,0,0.3669024065329377
121175,0,0.402239439583662
121176,0,0.39364353680107206
121177,0,0.100438770217996
121178,0,0.5148684531953974
121182,0,0.2090309880360219
121185,0,0.09328252277165738
121187,0,0.7424531993048127
121188,0,0.031144888486901695
121192,0,0.12931051515421785
121194,0,0.13088346541518675
121197,0,0.15783851303839957
121198,0,0.07825422400169241
121199,0,0.030841144825612933
121200,0,0.18833420729602696
121201,0,0.636264497331515
121203,0,0.2633977454609642
121204,0,0.45647117074286214
121205,0,0.36995639348748577
121207,0,0.2949299481505784
121210,0,0.20133686359582714
121211,1,0.5246165134440698
121213,0,0.08015851605779259
121215,0,0.06609912928734457
121219,0,0.22285535453694702
121220,0,0.16837706957870516
121228,0,0.07901560712293582
121235,0,0.1819245274540843
121237,0,0.18976951222599647
121240,0,0.40178849427220387
121242,0,0.24495889932076545
121243,0,0.22013581781340638
121245,0,0.11677536855862698
121246,0,0.22926140269456333
121249,0,0.3719204971759599
121251,0,0.7448399351238963
121253,0,0.2641927671357205
121254,0,0.1652071921998313
121255,0,0.38267581455184074
121256,0,0.201112448119725
121258,1,0.4490320604331781
121259,0,0.09166214333092787
121260,0,0.39202305541752486
121261,0,0.08607776829937747
121264,0,0.295203493688842
121269,0,0.6328246993446026
121272,1,0.49924525905031414
121274,1,0.8291565515160308
121276,0,0.3899803329549091
121277,0,0.7712041602765107
121279,0,0.06584865138640111
121284,0,0.7264430655935676
121286,0,0.0675191982044047
121287,0,0.3868861720206456
121291,0,0.5123250117331857
121293,0,0.4295750468486592
121294,0,0.5035981759453844
121295,0,0.2149250039033559
121296,0,0.36308214986659837
121299,0,0.5791235529285838
121303,0,0.13365147563030466
121304,0,0.22096335399431588
121305,0,0.3161194223604221
121309,0,0.37904334132832285
121311,0,0.11190348088226193
121313,0,0.13001401285346972
121315,0,0.5795874767471413
121317,0,0.6613941788833166
121319,0,0.18101109702658255
121321,1,0.665538859685525
121322,0,0.3349477259312866
121324,0,0.04919750791542983
121325,0,0.5268670719265989
121326,0,0.27327759903181764
121329,1,0.664952281415162
121334,0,0.15772977074873323
121335,0,0.346452340884118
121336,1,0.2361663369283958
121337,0,0.19871108208197924
121340,0,0.035588285537832116
121341,0,0.3912411390126021
121345,0,0.11298491184543445
121346,0,0.4380511660783706
121348,0,0.5171894211226747
121349,0,0.45477180789490795
121350,0,0.17978301872399116
121351,0,0.0869040698756545
121353,0,0.40101232565290645
121358,0,0.7549476953127733
121359,0,0.47474853354397956
121360,0,0.7896612281558929
121361,0,0.042314912999494345
121364,0,0.23728449757224762
121365,0,0.18367756444176336
121367,0,0.59818078355615
121368,0,0.16651564056513693
121371,0,0.17754229123252863
121373,0,0.521694061329134
121378,0,0.10697417052317296
121381,0,0.74287906188957
121382,0,0.2837497205531117
121383,0,0.41972146213111655
121386,0,0.4921031191767147
121391,0,0.5711362137933389
121393,0,0.20297922546363556
121394,0,0.24629038726846644
121395,1,0.7097671601186455
121398,0,0.3331372702513995
121400,0,0.09402026621707447
121405,0,0.1006947728877796
121406,0,0.415732076200727
121408,0,0.11988677557853379
121410,0,0.5476309184045066
121414,0,0.22801659068683136
121415,0,0.5893281905088261
121417,0,0.28313444854767167
121418,0,0.2197855490148033
121420,1,0.5475847936314405
121422,0,0.13467557327031948
121424,0,0.11573962707657513
121425,0,0.19570463125661008
121428,0,0.25772125937544166
121432,0,0.22226346783697631
121435,0,0.12739905927589534
121441,0,0.06411573759277532
121442,1,0.8623627880866578
121443,0,0.1413143988551623
121445,0,0.5558770797786989
121450,0,0.5057118412864855
121451,0,0.1462894213089274
121453,0,0.11766999980115353
121457,0,0.4977419271004097
121458,0,0.17264477739144724
121459,1,0.8019307642562385
121460,1,0.47988256108578914
121461,0,0.16546265964056928
121462,1,0.4084042321941208
121464,0,0.3888544915888466
121465,0,0.8152528281478317
121468,0,0.6128602540105217
121473,1,0.442507140642205
121475,0,0.20433880808931007
121476,0,0.24739709059709716
121479,0,0.058095747773018264
121480,1,0.4303245206268261
121481,0,0.16852399043764588
121483,0,0.09241381390567764
121484,0,0.3568440355386649
121485,0,0.12075331782359164
121486,0,0.19272021801136258
121488,0,0.07144609207924522
121489,0,0.7063136517879143
121490,0,0.04446530712391257
121494,0,0.4559932107002325
121500,0,0.1418374779046623
121505,0,0.5090465183540216
121506,0,0.3354755616231251
121508,0,0.3613960754924591
121512,0,0.4897331877517141
121519,0,0.2247565289425197
121520,0,0.5385887877431337
121521,0,0.10902274472755696
121525,0,0.40645731962326903
121526,0,0.3144187500947669
121528,0,0.12691267116722332
121530,0,0.219769740103252
121533,0,0.11643442371488279
121534,0,0.06755324859661625
121535,0,0.19151576531549278
121538,0,0.17233787490109342
121540,0,0.2528939226895537
121543,0,0.6060660230428742
121544,0,0.39371954768438927
121548,0,0.4847726352744035
121550,0,0.09011195799091817
121551,0,0.20315291161001914
121554,0,0.16178320606169982
121556,0,0.48681954935481386
121558,0,0.1870703626317006
121559,0,0.15233666322648423
121565,0,0.228612269361253
121569,0,0.23913090405710274
121570,0,0.08135260819006762
121571,0,0.19241705740473664
121576,0,0.15177492942370704
121577,0,0.05835462466067761
121578,0,0.26637917038833375
121579,0,0.06184148783267073
121580,0,0.2644886061864872
121581,0,0.06419305953320388
121582,0,0.06094833553421528
121585,0,0.12418551124592143
121587,0,0.10674674468248839
121588,0,0.5470942791229002
121589,0,0.7256481271931864
121590,1,0.6646221301290295
121592,0,0.3648962365572035
121593,0,0.36306591832510876
121597,1,0.4132671378073082
121603,0,0.3747753735658098
121604,0,0.14061423245644117
121606,0,0.30314940522970646
121607,0,0.24537450446500267
121610,0,0.04240127709735465
121618,0,0.687563966880456
121620,0,0.5297104275937026
121621,0,0.1505425646059587
121622,0,0.12024522470372975
121623,1,0.883456316693326
121625,0,0.6067915008207233
121629,0,0.11879066767168535
121630,0,0.7531372165602771
121631,0,0.04955670006164421
121634,0,0.17851612883868304
121635,0,0.23703010202305033
121637,0,0.527679935721295
121638,0,0.04283746773825183
121641,0,0.3687383751251175
121643,0,0.0811397228942876
121644,0,0.19325074218426885
121645,0,0.5060239605245808
121646,1,0.12546492348895139
121647,0,0.2608449063106612
121648,0,0.5429522858019876
121649,0,0.47123223003107884
121650,0,0.142535482117414
121653,0,0.16337651939680853
121654,0,0.10173020029478395
121657,0,0.26886925079995144
121662,0,0.18453635197164067
121663,0,0.13796398605045637
121664,0,0.2620916006590796
121665,0,0.3520151915396434
121669,0,0.1665754052003502
121670,1,0.8158117433226916
121671,0,0.49421851306544956
121673,0,0.061405492649064676
121674,0,0.09094253290927462
121675,0,0.22757744029405544
121682,0,0.5685745468409873
121687,0,0.5640759630735593
121692,0,0.18914118854294704
121693,0,0.29468644487957063
121694,0,0.3156340444227454
121695,0,0.45452985192236434
121696,0,0.18126134775193553
121699,0,0.3490121450631888
121700,1,0.7477669571019737
121705,1,0.6303980509971688
121708,0,0.620419588556266
121710,0,0.2780583810983737
121711,0,0.06658705841251851
121714,0,0.04829187517339977
121719,1,0.7944544051824127
121720,0,0.2314684404859211
121721,0,0.37079264275649665
121727,1,0.7861846432077506
121728,1,0.7133418610486557
121730,0,0.5685811259403507
121731,0,0.5739935110486534
121737,0,0.14789306994343737
121738,0,0.08664781812601036
121741,0,0.2559585614551256
121744,0,0.35518918242626135
121746,0,0.27806987837357117
121747,0,0.16164676681200096
121750,1,0.17502255870339847
121751,0,0.7598764871344528
121753,0,0.3625255732106209
121754,0,0.4117176730745558
121758,0,0.258663193042366
121761,0,0.3384894415450401
121763,0,0.14471430521319742
121764,0,0.053272130277196704
121771,0,0.18998554815724902
121773,0,0.205772433249936
121774,0,0.6078136722093093
121775,0,0.1460415486628904
121776,0,0.3735110224673332
121778,0,0.09407134131491088
121779,0,0.10190456682739155
121780,0,0.5990309852548816
121782,1,0.25056554864682357
121783,0,0.5433592434390051
121784,0,0.18809903981400058
121785,0,0.7312207011688795
121786,0,0.7734376053754698
121789,0,0.40760124423840993
121791,0,0.20565207163827792
121796,0,0.3760909136466294
121808,0,0.13047745282738205
121809,0,0.17551515664371298
121812,0,0.22655419735434898
121814,0,0.6721390845049968
121816,1,0.5483111267912659
121818,0,0.19225806795142378
121822,0,0.3345360898947833
121824,0,0.15372600601572062
121827,0,0.24940776574772927
121828,0,0.14585541565035584
121830,0,0.2570267119470417
121831,0,0.34233214722156796
121833,0,0.3928839124773587
121836,0,0.03560645090791077
121838,0,0.1022189841382442
121839,0,0.5229991504183926
121840,0,0.2933549453555681
121841,0,0.6875422860918166
121842,0,0.2724272086527213
121844,0,0.28989204427854764
121846,1,0.7876189926575365
121847,0,0.5465428344078229
121848,0,0.23096037606573538
121850,0,0.12330228736305594
121854,0,0.17203013678774387
121864,1,0.4384673797528284
121865,0,0.17020107834032405
121866,0,0.10540662595513602
121868,0,0.21418753726334863
121871,0,0.08992568412359113
121872,0,0.6196969493521759
121873,0,0.3055858559941744
121874,0,0.5584744113827563
121876,0,0.059740922727922696
121877,0,0.42295096863785026
121882,0,0.10380540307587369
121883,0,0.47005579885097715
121885,0,0.15145803479119962
121887,0,0.5525613260052344
121891,0,0.6553657386573561
121893,0,0.11420920578066562
121894,0,0.20380431344590236
121895,0,0.21533653291630397
121896,0,0.20878203538555648
121897,0,0.19572071264668903
121899,0,0.5604621616431138
121905,0,0.6408251724195282
121906,0,0.2669148127840125
121907,0,0.4235612608766285
121913,0,0.0666864583007599
121917,0,0.27904909272080064
121918,0,0.19731372667712846
121919,0,0.10967122604104733
121920,0,0.1369788122070883
121921,0,0.3155957261554546
121922,0,0.0596155366467892
121923,0,0.5834905468714962
121925,0,0.223927467020384
121927,0,0.7904542930894286
121928,0,0.7608477859274696
121929,0,0.41158329896201196
121931,0,0.21232561186450083
121932,0,0.33537511133091735
121936,0,0.21125356698958295
121937,0,0.24008798655962946
121938,1,0.598666628678846
121944,0,0.16197163266719852
121945,0,0.25878895102917004
121948,0,0.15649054296706288
121950,0,0.10139778226532814
121956,0,0.07964846636246023
121958,0,0.34504231111181516
121961,0,0.11215492414158369
121962,1,0.8088175725971111
121964,0,0.19894404953773712
121965,0,0.16320075464489484
121968,1,0.6501201954365016
121970,0,0.11548997450933117
121972,0,0.2918980853311884
121974,0,0.252099252083576
121975,1,0.3038867170392358
121976,0,0.6816415307548425
121977,0,0.5389760009678181
121978,1,0.536047925347121
121979,0,0.21246634136232775
121981,0,0.26285118621669107
121982,0,0.2552336207614615
121984,0,0.6380785365771533
121985,1,0.6051177337460653
121987,0,0.2852297791501405
121988,1,0.6180646381714183
121989,0,0.24766497464848367
121991,0,0.43378178371160486
121993,0,0.4625314434288025
121994,0,0.4791360244340821
121995,0,0.22214881215009843
121997,0,0.54267310864335
122001,0,0.16360262155076324
122004,0,0.24515892303363596
122005,0,0.7219185979895721
122007,0,0.20266219374607292
122011,1,0.07842669011043203
122012,0,0.6516859888012928
122013,0,0.31673064247953536
122018,0,0.04208029674377996
122019,1,0.8521753944644027
122021,0,0.28388583802102285
122022,1,0.630150996648604
122023,0,0.4096661839590397
122029,0,0.14189465205480326
122030,1,0.5404932856626501
122033,0,0.48783856340917814
122035,0,0.0728417578300163
122036,0,0.2377565224614479
122037,1,0.790387113725936
122038,0,0.21233007825025677
122039,0,0.35032427344870487
122041,0,0.13469107560115054
122043,0,0.392590364175228
122044,0,0.5478851045684785
122047,0,0.4992557330060405
122048,0,0.49810807427654114
122052,0,0.234630783163856
122053,0,0.13480945567795846
122054,0,0.28944849735278216
122056,0,0.23410692369890496
122061,0,0.2409179576877856
122062,0,0.08999534930125781
122063,0,0.1382879774414112
122070,0,0.2697308023520425
122074,0,0.18465368741139135
122077,0,0.28992926202624864
122078,0,0.39523091554790674
122081,0,0.48210639580743403
122089,0,0.3395011925678368
122093,0,0.032140476348909555
122095,0,0.04575595180330198
122097,0,0.03654832971436476
122099,0,0.5383214576934143
122101,0,0.3525499961632365
122102,0,0.6102417769967753
122105,0,0.38317639140021065
122107,0,0.3831101477775979
122108,0,0.21200426608545772
122111,0,0.17564824094737866
122112,0,0.11718641401092605
122113,0,0.12872482162519397
122116,0,0.0600162022061084
122118,0,0.25488960320326753
122121,1,0.5820628090460407
122127,0,0.0934381032093094
122128,0,0.0384714415205723
122129,0,0.26209839288433207
122130,0,0.07271416984431521
122134,0,0.2190553512760545
122135,0,0.12074282717622183
122136,0,0.28750772592052704
122139,0,0.3160377257151554
122140,0,0.2289272808864519
122143,0,0.06356478106073726
122144,0,0.4314681490555396
122146,0,0.12052467409560633
122150,0,0.3848142789932771
122152,0,0.055007689096294346
122153,0,0.6363650851636878
122154,1,0.4539331187412249
122156,1,0.8187641840663628
122158,0,0.08240505889893555
122159,0,0.7839481635303166
122163,0,0.06295942691493789
122166,1,0.7571584943390784
122179,0,0.2339298102928473
122184,0,0.6341699412530339
122187,0,0.4893476727729601
122188,0,0.09703724953105068
122192,0,0.6659207590492008
122193,0,0.3637333447549638
122196,0,0.06811842602793906
122199,0,0.6727594412041501
122202,0,0.6823451025243056
122203,0,0.19626210252904255
122204,0,0.3354122586327295
122207,0,0.15935178619917476
122209,0,0.14252432383028654
122210,0,0.08183784706506497
122213,0,0.18711653047371596
122214,0,0.26508620084570805
122215,0,0.05352857794413562
122216,0,0.3100474414235887
122217,0,0.3421279997094139
122219,0,0.37357298729112054
122222,0,0.11734021720967323
122227,0,0.4955470650116326
122233,0,0.062192114829011914
122234,0,0.17237130207559775
122235,0,0.41339221989977737
122237,0,0.33993313206993975
122239,0,0.1361722844561975
122240,0,0.48622411076069505
122241,0,0.1357104553258382
122244,0,0.7864290534715276
122245,0,0.5491374902638504
122246,1,0.7063491023675351
122252,0,0.6204918433510197
122254,0,0.10857518925681223
122258,0,0.7252039225931926
122260,0,0.3608088163254067
122264,0,0.035120130411911726
122265,0,0.07918595358655722
122266,0,0.12043014124222434
122268,0,0.5062822041829701
122269,0,0.4708552288858642
122271,0,0.24378875982909315
122274,0,0.15366048981716046
122276,0,0.1793606821575885
122278,0,0.07223051642103014
122282,0,0.2617043987543083
122283,0,0.1503336948595956
122286,1,0.7610148627681546
122287,0,0.2882237125210006
122289,0,0.18247245224709338
122290,1,0.8673000319738433
122291,1,0.4027997030629465
122293,0,0.31914045180421124
122294,0,0.07893637991185916
122295,0,0.7758198750460825
122297,0,0.1523070068178914
122300,0,0.1675587114793624
122301,0,0.05120702665870435
122302,0,0.0354706828232338
122303,0,0.5372865113471648
122304,0,0.18518775794027006
122305,1,0.8095137884667912
122310,1,0.13844907537101697
122314,0,0.3881650469630539
122315,0,0.6875300409976606
122319,0,0.1421673518216731
122322,1,0.8282326660453259
122323,0,0.41435923195380897
122324,0,0.18518032782632915
122325,0,0.45563478589862283
122328,0,0.7715481723027315
122333,0,0.5484116510742525
122334,0,0.0926990664470696
122335,0,0.09173382520194918
122337,0,0.5288355033411761
122338,0,0.7556562823595158
122339,0,0.3288126525856683
122340,0,0.0629202139045658
122343,0,0.8365115561955169
122346,0,0.14572223782613755
122350,0,0.04251306934980396
122351,0,0.3498336098546181
122355,0,0.47963162058348735
122356,0,0.06311240721403517
122359,0,0.4780273826247736
122360,0,0.11888926289775416
122361,0,0.6854169926640317
122363,0,0.22078802778064388
122364,0,0.12743265038382018
122366,0,0.10653800129557062
122367,0,0.4457505077059089
122369,0,0.3769126753739833
122373,0,0.1753958781000019
122375,0,0.17560360970050012
122376,0,0.25074510752148854
122378,0,0.11042548251309361
122379,0,0.11393805239724125
122383,0,0.05476863764732027
122384,0,0.21197809795065173
122387,0,0.6540038620253559
122389,1,0.15168838916363903
122390,0,0.15092489407269313
122392,0,0.5355142853459633
122393,0,0.039534060207219154
122394,0,0.32274181307495226
122395,0,0.3656633796393831
122396,0,0.5860019328749153
122399,0,0.29183488161463145
122400,0,0.8015620079062393
122401,0,0.15513906951772918
122404,0,0.10048379694193153
122405,0,0.32556331406476163
122407,1,0.6788800226434364
122408,0,0.038591890473895774
122414,0,0.1652276103343095
122416,0,0.12093091662815424
122417,0,0.8074202570114434
122419,0,0.2243631750106902
122421,0,0.09040294751842488
122423,0,0.8164345389689532
122430,0,0.07487202878167624
122431,0,0.2685564360933149
122434,1,0.765358516992507
122435,0,0.4891140894108657
122436,0,0.6628554932472874
122442,0,0.2148942232422674
122448,0,0.15966472981068508
122449,0,0.14452677615485937
122451,0,0.04382107463327807
122453,0,0.4839807758982924
122454,0,0.13416530600857113
122456,1,0.6850208149319947
122459,0,0.14336585598813245
122460,0,0.06478857422589808
122462,0,0.03370904997696544
122463,0,0.42478561331148257
122468,0,0.25096528174781846
122472,1,0.7104937952421436
122473,0,0.6194751787468333
122474,0,0.6403727192341298
122477,0,0.09305785135979029
122478,0,0.1190031241722534
122481,0,0.23888525247217576
122482,0,0.19671381623239037
122487,0,0.06460646767609987
122490,0,0.27749109722470783
122493,0,0.4282925463496141
122496,0,0.4865136513509492
122497,0,0.06211048699307697
122499,0,0.27301800225635336
122500,0,0.038998312231741945
122503,0,0.0759712189064465
122504,0,0.2720191698251312
122511,0,0.30944751068021725
122512,0,0.042273432901599864
122513,0,0.3161923903968176
122514,0,0.39335464995211056
122517,0,0.4768781184490292
122520,0,0.4145955684343779
122524,0,0.07924640286608801
122525,0,0.5107315577059262
122526,0,0.17432610752652533
122528,0,0.1495312765757406
122534,1,0.5306535114560682
122535,0,0.2536793157027747
122536,0,0.4106732335764967
122537,1,0.27590629216521034
122543,0,0.6776937945894477
122546,0,0.3220230531072125
122550,0,0.44871136053172916
122555,0,0.22054724595373953
122556,0,0.22983508183324683
122559,0,0.3554307897557161
122560,0,0.2812067046162095
122563,0,0.4867745301562364
122567,0,0.34821867264656936
122569,0,0.4872169861196699
122572,0,0.5134098690463272
122574,0,0.19591175925120094
122576,0,0.08055128460005716
122578,0,0.33321390241885857
122581,0,0.03911009943999852
122585,0,0.5594395245589628
122586,1,0.18816034972100465
122587,0,0.10613660763864396
122592,0,0.08078527232065863
122594,0,0.20611229058961186
122595,0,0.4463913506850684
122596,0,0.406507491638495
122597,0,0.3597730166707703
122598,0,0.030970079941257795
122599,0,0.7572959864285349
122602,0,0.07594873921551669
122608,1,0.5067916244304134
122609,0,0.08106361220819734
122611,0,0.811392703077632
122612,0,0.2066349209572614
122616,0,0.2642520649920631
122617,0,0.1519170753188216
122619,0,0.425794858526673
122621,0,0.4073243199368012
122622,0,0.14404773434744583
122624,0,0.598159262461131
122625,0,0.6272977889619811
122629,0,0.47793007683879296
122630,0,0.12856973509455602
122631,0,0.0852817947061915
122634,0,0.05158120333010004
122636,0,0.1533884756938031
122637,0,0.17509406818090878
122639,0,0.11418080237756767
122643,0,0.688123774417342
122644,0,0.27597687204296667
122647,0,0.42071865553027193
122651,0,0.3695780991644759
122652,0,0.2601523978371576
122654,0,0.41585306974634884
122655,0,0.6389380089718179
122656,0,0.18225506404030842
122657,0,0.4760032167246293
122659,0,0.29365011212741815
122660,0,0.21131653182574653
122662,0,0.1595320626553066
122663,0,0.05689470586543812
122664,0,0.36649044485408394
122670,1,0.4604793171165399
122672,0,0.12263013629082913
122676,0,0.7815497326617856
122678,0,0.26271590057618904
122683,0,0.20116528984557955
122684,0,0.2764461322110944
122685,0,0.48182059689320456
122687,0,0.10907282035293848
122689,0,0.20467550437936663
122691,1,0.7735746468650853
122692,0,0.06392894255476367
122694,1,0.3668000019182766
122698,0,0.11710102529791178
122699,0,0.07952794625261081
122700,0,0.1875230877857877
122703,0,0.12162331093896622
122707,0,0.11488267860318477
122709,0,0.17316581160978803
122713,0,0.37862285083355446
122717,0,0.2864678992189385
122719,0,0.6366093379028436
122720,0,0.6191201529059319
122721,0,0.2072114343172366
122722,0,0.2881806647806981
122724,0,0.09418458772872004
122729,0,0.11967739375638617
122730,0,0.4558349158133501
122732,0,0.16368877996980902
122734,0,0.6718125761929911
122737,0,0.15200709581376937
122740,0,0.16034099143032393
122741,0,0.18814564648914112
122742,1,0.8115173162332099
122746,0,0.19389249178707607
122747,0,0.7165594278311371
122749,0,0.32609699261240194
122753,0,0.8643393355492468
122759,0,0.1273868912406047
122760,0,0.3021413901963211
122766,0,0.4020647506143517
122769,0,0.4191854131983609
122771,0,0.3346274059219045
122776,0,0.5391125138376935
122777,0,0.34187341619047595
122780,0,0.36892428164603175
122781,0,0.6737196952854085
122783,0,0.2531889406403455
122784,0,0.12591293574777404
122785,0,0.45390387897008444
122786,0,0.531372765296208
122787,1,0.11765096243468871
122789,0,0.5548397428455124
122790,0,0.03697609394681734
122791,0,0.3786948973657174
122792,0,0.6339221444502438
122795,0,0.36547889476812173
122796,0,0.39027879537443266
122800,0,0.08799077261987927
122802,0,0.7026124736782593
122803,0,0.2555480146310888
122806,0,0.10766971399423411
122807,0,0.21138900820956266
122813,0,0.43532937614578304
122814,0,0.30267382478230137
122816,0,0.31649036134489816
122818,0,0.46946436901632105
122820,0,0.40049901375843305
122824,0,0.2346547186704593
122828,0,0.12919327754371385
122830,0,0.5205908761572301
122833,0,0.10866020154715342
122834,0,0.08979804962495475
122839,0,0.03692548797900307
122840,0,0.05556629067453986
122842,0,0.13661083189315246
122843,0,0.34013193992218477
122845,0,0.6790900909397751
122848,1,0.6392451509698868
122849,0,0.3762517952285937
122851,0,0.6110912663658133
122852,0,0.0360050144163416
122855,0,0.13630728889446306
122856,0,0.4781280518028284
122864,0,0.32068063362557375
122867,0,0.06208219684314357
122874,0,0.04953282401084879
122876,0,0.619125015020337
122878,1,0.658829368112339
122881,1,0.44058745423077367
122883,0,0.32228737436294613
122885,0,0.14198743712393677
122886,0,0.12074466390158443
122889,0,0.3571349899992772
122893,0,0.547433103936038
122894,0,0.17350652367427613
122895,0,0.4805925040847221
122896,0,0.6845756869790728
122901,0,0.49586870038864816
122902,0,0.29077446213819935
122905,1,0.5996928885665564
122906,0,0.11104672908367882
122909,0,0.22299185708434277
122911,0,0.15088007295889738
122912,0,0.14403364152272985
122913,0,0.4871966872006333
122914,0,0.13183552201010573
122916,0,0.16670511044551553
122919,0,0.2587697418435057
122921,1,0.34087244512434833
122922,0,0.22350542303492887
122923,0,0.30340701699716743
122925,0,0.4989235580735608
122928,0,0.19755796174969478
122929,0,0.18952239627922995
122930,0,0.42929399401790286
122931,0,0.757603590188713
122933,1,0.31695764628330214
122934,0,0.32832119678114735
122937,0,0.6283516065854191
122938,0,0.2697972180019039
122939,0,0.058446481165088285
122940,0,0.14647930387889974
122943,0,0.4963067756709152
122945,0,0.1582320826356708
122949,0,0.08303807370620443
122950,0,0.5612903535912522
122951,0,0.1321746028562427
122952,0,0.3826226564752734
122953,0,0.5337617079949222
122955,0,0.27544864430693855
122956,0,0.2816341356034921
122959,0,0.3387304093660679
122960,0,0.7250783454288202
122962,0,0.8078017579474621
122963,0,0.25657583553044483
122970,0,0.3559386314535227
122972,0,0.4971877305876351
122973,0,0.40542551882771394
122974,1,0.5426669482558161
122977,1,0.6466685969852743
122982,0,0.4837413813620525
122984,0,0.06523323190371577
122985,0,0.11943625439277054
122987,0,0.16829737105201648
122988,0,0.4102995035524299
122991,0,0.26290728609397607
122993,0,0.18302065577698998
122995,0,0.1602376526122322
122996,0,0.08525481923116508
122997,0,0.04469328459856732
122998,0,0.435253466892686
123002,1,0.6830133591824414
123003,0,0.8028901616620633
123004,0,0.11590699599501499
123005,0,0.8307257446910876
123007,0,0.5110071407003168
123009,1,0.5540614100621588
123010,0,0.4409886126454367
123011,0,0.45787918193129235
123015,0,0.03580067975032786
123021,0,0.41534692309107213
123023,0,0.1334585397804559
123024,0,0.6790996595960855
123025,0,0.2956215362180981
123026,0,0.4249620699810662
123029,0,0.2328164879278832
123031,0,0.08669042537009995
123032,0,0.30667703896479565
123033,0,0.20926929962713955
123035,0,0.16931237526060802
123037,0,0.21620615194765638
123038,0,0.4844948931284591
123040,0,0.4439026610095251
123041,1,0.7950175708134603
123042,0,0.2606608715200169
123043,1,0.875206645856624
123045,0,0.6937996060029719
123047,0,0.15943216519283335
123048,0,0.48647126892389814
123050,0,0.38609297294713135
123052,0,0.7008226564225898
123053,0,0.5154733985563954
123054,0,0.20648038161721177
123059,0,0.7862424436800817
123063,0,0.21652993178625962
123064,1,0.42362026516522433
123069,0,0.3998601950938003
123070,0,0.3195441250480081
123073,1,0.5121714421861858
123075,0,0.22797955002274164
123077,0,0.19222937073959034
123078,0,0.23771648721007124
123079,0,0.06621442907597067
123082,0,0.7052769370399067
123083,0,0.21207243664196934
123084,1,0.5262568028442821
123087,0,0.15404650502960981
123088,0,0.2457409816404411
123089,0,0.13482980351630014
123090,1,0.7162369725375777
123091,0,0.308506364035076
123096,0,0.4115949970307133
123097,0,0.7694392345053691
123099,0,0.061810100647014615
123103,0,0.3488030680913816
123104,0,0.47290412188574193
123105,0,0.3421085799024496
123107,0,0.5544945150478664
123108,0,0.45756353092563734
123109,0,0.5232428802833547
123112,1,0.6576737590517192
123113,0,0.4097798885485719
123116,0,0.34189113427916823
123120,0,0.09784643602644248
123123,1,0.6408502865612568
123125,0,0.29252703766220073
123128,0,0.320125632770065
123129,0,0.34516230508516943
123130,0,0.17733183533787375
123135,0,0.20668971597629673
123138,0,0.21638617610362382
123139,0,0.131792429701687
123146,0,0.3682161036802505
123149,0,0.23539424875086104
123151,0,0.05675556036899341
123153,0,0.1651370246880534
123155,0,0.389375622102423
123156,0,0.4827944074050562
123159,0,0.1252094900799353
123160,0,0.8603718881312054
123162,0,0.5219716693876559
123163,1,0.9072618283244657
123165,0,0.05412931953870336
123167,0,0.12290476665549
123169,0,0.176453135044344
123172,0,0.7014126264260879
123173,1,0.7996526729149944
123174,0,0.14524650323958077
123175,0,0.14373194774804277
123179,1,0.7006063408726749
123182,0,0.1449883432153043
123183,0,0.38889656414725904
123185,0,0.19814702740745166
123186,0,0.07327323606425246
123190,0,0.43428471709495936
123193,0,0.36792312752929945
123196,0,0.7111559789307123
123197,0,0.43339261351084934
123198,0,0.17811414347830198
123199,0,0.23959995468533937
123203,0,0.17062888103813928
123204,0,0.10963499473992304
123210,0,0.21039419023449452
123214,0,0.03960701462533802
123216,1,0.35611622933953685
123217,0,0.08249262860711586
123220,0,0.09888144515431771
123221,0,0.47116661171506663
123222,0,0.1638742858471995
123223,0,0.835703427420549
123224,0,0.05897633107230505
123226,0,0.11069693146889344
123227,0,0.2279998544642209
123231,1,0.5025992290084546
123234,0,0.088186306272805
123235,1,0.5398613912032014
123237,0,0.08397340500088388
123239,0,0.12018004002016794
123243,0,0.11938115563527768
123244,0,0.1020983390877708
123245,0,0.27213410621201667
123247,0,0.16717445658186944
123248,0,0.21792399007896454
123249,0,0.20833359327122639
123251,0,0.10271713931380119
123252,0,0.14494905725473878
123254,1,0.4090883430142656
123258,0,0.23725565008643087
123260,0,0.37797003304673465
123261,1,0.4025004513708585
123263,0,0.1343942997969389
123264,0,0.41786800824593107
123265,0,0.055206451754903164
123266,0,0.22582538725165932
123268,0,0.25420518242345785
123269,0,0.15489398146698008
123271,0,0.4802481949785745
123273,0,0.1311690539232328
123274,0,0.42489309237082606
123275,0,0.22509603630994168
123277,0,0.6699143925746083
123278,0,0.3043115733085333
123279,0,0.4542364908045859
123280,0,0.41156879406117336
123281,0,0.39816820426631383
123282,0,0.36603764156039204
123284,0,0.7273926327775737
123286,0,0.13389237728113845
123287,0,0.47282121647018727
123290,0,0.8271655668055395
123291,0,0.33819260741440615
123294,0,0.6384617551097042
123295,0,0.0837586018979174
123298,0,0.715330271389572
123302,0,0.39508875328467086
123304,0,0.1318784310314251
123306,0,0.37860700781304096
123310,1,0.7951470626624971
123315,0,0.4730115231981308
123316,0,0.8162663910661194
123317,0,0.4438489348523334
123318,0,0.28392905084115644
123319,0,0.3482552530477508
123322,0,0.05984918734128596
123323,0,0.5113353599102334
123325,0,0.38412779723791163
123326,1,0.6043660229464242
123327,0,0.3068089120653293
123328,0,0.184865484753502
123330,0,0.21688704150860075
123332,0,0.6447376353963382
123335,0,0.3331564490233517
123336,0,0.18914801362552044
123338,0,0.3609105695305977
123343,0,0.127394092795598
123346,1,0.4081003671223723
123347,0,0.6245891420238796
123349,0,0.07767243156735835
123353,0,0.13707992515392836
123354,0,0.08046584143077895
123359,0,0.08148273730250857
123360,0,0.24163504872558453
123361,0,0.1517149281217198
123362,0,0.3187021504196736
123363,0,0.08120315282012858
123364,0,0.11271840868539941
123366,1,0.530699497037312
123367,0,0.49590162922200404
123369,0,0.3082756276118542
123372,0,0.3294600286174149
123373,1,0.764277529618971
123374,1,0.7748352550244377
123375,0,0.2238276558210238
123378,0,0.11957488305381199
123380,0,0.2647062393018629
123382,0,0.13435996620356094
123386,0,0.08095310544349527
123388,1,0.5204991068858854
123389,0,0.05690538776126428
123391,0,0.16573287730333022
123396,0,0.14816595941211888
123399,0,0.5642409541791651
123400,0,0.7807029720214008
123401,0,0.13996270069175204
123403,0,0.11176684426658567
123405,0,0.28966566219620893
123408,1,0.8412184905304326
123409,0,0.1605470579000814
123411,0,0.322004318210553
123413,0,0.19670558235514946
123415,0,0.561519700377755
123416,0,0.6044179643044296
123421,0,0.193062890645027
123423,0,0.13861944397187342
123426,0,0.04962234544031244
123427,0,0.552417560476399
123429,0,0.43414550810846636
123431,0,0.04307399137961556
123433,0,0.09734698055428236
123434,0,0.14949982304764925
123436,0,0.17300320706962308
123438,0,0.03967628198106514
123440,0,0.35290320079932075
123441,0,0.7562079290152485
123446,0,0.4077594654873704
123447,0,0.04130428445017084
123452,0,0.2692631425927271
123453,0,0.08598694706740082
123454,0,0.4914270734137139
123458,0,0.11509300709700586
123460,0,0.0695294745938774
123461,1,0.6347763049233579
123465,0,0.052640112244181914
123466,0,0.18654356365642627
123467,0,0.7933469423075605
123472,0,0.08676869316797911
123474,0,0.2290581731340682
123476,0,0.16006725411331074
123478,0,0.32834356057590985
123479,0,0.337224010883069
123484,0,0.14689335222157957
123488,1,0.7048937797362949
123489,1,0.7880710350295037
123490,0,0.6271808348986351
123493,0,0.06645790956392242
123494,0,0.17354432731886762
123495,0,0.0951176061713965
123496,1,0.5366732383279219
123498,0,0.08101523759500096
123503,0,0.08917705795282238
123504,0,0.7105098971339373
123505,0,0.12458715530558781
123506,0,0.3344937769563451
123507,0,0.5621208255207525
123508,0,0.15278409523431902
123509,0,0.1378191939850753
123511,0,0.06331008318134977
123513,0,0.5318914422935218
123514,0,0.06997195709979569
123515,0,0.48295569746993894
123517,0,0.3717796904190498
123519,0,0.15124595610403768
123521,0,0.2627067882656897
123524,0,0.11518438144117601
123525,0,0.07331116266028276
123526,1,0.5958916536864013
123527,0,0.354177059576827
123528,0,0.1922975635666119
123533,0,0.31642951884015325
123534,0,0.03873125046114562
123535,0,0.5258435765415747
123536,0,0.8878958570431617
123537,0,0.11943635877367259
123539,0,0.7766658727155489
123542,0,0.4810166388541498
123545,0,0.4232878560970051
123546,0,0.2000124337362859
123548,0,0.1829098346318087
123549,1,0.5706720837156274
123552,0,0.7245475257359901
123553,0,0.37690015359086865
123554,0,0.04061939777048853
123562,0,0.36377005164169546
123564,0,0.11038069847431511
123566,0,0.1719232128643251
123568,1,0.35849519853176354
123569,0,0.5127258987504055
123570,0,0.26032570586914144
123571,0,0.4045666682514828
123574,0,0.419355324452922
123576,0,0.5412185211917347
123577,1,0.8426916063861261
123580,0,0.050142291436909694
123582,0,0.11344067913024204
123583,0,0.44004113913064363
123584,1,0.4552650782507763
123587,0,0.15075544680890704
123593,0,0.3388146384755236
123597,0,0.6146376770311744
123600,0,0.49816294022340235
123604,0,0.5599526358517093
123606,0,0.26225874208258404
123607,0,0.34771277506711323
123608,0,0.14609639422886173
123609,0,0.3752018076013699
123610,0,0.054394335233094504
123614,0,0.10615492003995844
123617,0,0.13156336497534835
123622,1,0.6579284116329464
123624,0,0.5549513893709317
123626,0,0.3739230145095716
123627,0,0.2868148224183228
123628,0,0.05174397921168092
123632,0,0.04604070076526404
123635,0,0.5681175611871206
123636,0,0.5424116409421021
123638,0,0.6097909120505668
123639,1,0.6879219655173536
123641,0,0.5210759917812496
123643,0,0.27816433069159424
123644,0,0.6809784857850709
123646,0,0.19052100622582277
123647,0,0.2761529319590289
123648,1,0.46530689754680965
123651,0,0.09893246297514892
123654,1,0.6833688110865382
123656,0,0.42301825489863076
123657,0,0.2724577877287047
123660,0,0.12761547631516698
123662,0,0.2742233825184005
123664,0,0.4098802577281433
123668,0,0.28509991691595976
123669,0,0.4050295833785141
123672,0,0.19703769101691002
123673,0,0.4682107812334275
123674,0,0.7547126577244057
123675,0,0.15630336997934133
123677,0,0.19552939498380348
123678,0,0.08745932309085014
123680,0,0.03394358064049142
123681,0,0.14088526029997858
123686,0,0.4763510791488825
123687,0,0.09659246173959674
123688,0,0.09312781512683689
123689,0,0.15537310886297503
123692,0,0.09124244731727339
123694,0,0.11510439367925128
123695,0,0.12097729362371687
123698,0,0.17060466043814213
123704,0,0.06052187204081587
123705,0,0.5647907261038074
123706,0,0.07848176389510267
123709,0,0.2772123705454519
123711,0,0.7748732339424109
123712,0,0.05964836167899534
123713,0,0.30838548089079876
123719,0,0.18272915204568052
123720,0,0.6011275349530237
123722,0,0.1931656223288353
123723,0,0.15968249659982506
123726,0,0.060264203083713566
123728,0,0.18787446789690673
123729,1,0.7119469152184553
123736,0,0.13609378804389125
123738,0,0.5568383353770775
123744,0,0.10592536985958605
123745,0,0.1808321029154068
123746,1,0.5727910900350588
123748,0,0.21041947635389696
123749,0,0.3047314254257789
123753,0,0.3173414446617905
123754,0,0.6560566648131639
123760,1,0.40658390535005823
123761,0,0.1550882774704515
123762,0,0.3035752107646562
123766,0,0.5567405605955559
123767,0,0.4473814894221959
123769,0,0.0614213485112393
123770,0,0.7055264453295936
123773,0,0.06013870009423435
123774,0,0.07781018409855144
123775,0,0.3267189484665163
123781,0,0.038350140050770094
123782,0,0.3498904712535773
123783,1,0.1468102381702991
123784,0,0.4413551134184664
123785,0,0.7383463863507115
123787,0,0.30458729665559936
123788,0,0.37290101260490793
123791,0,0.10462881852131506
123795,0,0.24826820605040967
123796,0,0.02219849840240498
123798,0,0.20568227281446488
123799,0,0.22388280206577627
123800,1,0.7541289134903387
123801,0,0.5496580785835365
123803,0,0.07573221076432253
123804,1,0.6017729168190049
123811,0,0.6112350061303296
123812,0,0.23935484514219052
123813,0,0.0967576232453834
123819,0,0.3215736904632476
123821,0,0.43758815463087153
123825,0,0.08449298207361396
123827,1,0.6698624686104965
123830,0,0.5367759664996681
123833,0,0.09591328060398625
123838,0,0.21710095618063552
123841,0,0.2252695938670145
123842,0,0.4367844671683441
123843,0,0.509503857961554
123844,1,0.5165366733696652
123846,0,0.06833351635374647
123847,0,0.4249541065708363
123850,0,0.14669310865817545
123852,0,0.1857983869168148
123853,0,0.21408358591284823
123854,1,0.7868308323099058
123856,0,0.24036198127599157
123858,0,0.12160570249434567
123860,0,0.19468143705521576
123861,0,0.20627896805713475
123862,0,0.49198678506744364
123863,1,0.469965680932157
123866,0,0.22287876019928674
123867,1,0.41827553460295475
123870,0,0.1875171995560062
123871,0,0.27606247587656907
123873,0,0.07968835402516888
123876,0,0.2004341026620529
123877,0,0.2695626094759284
123879,0,0.27797121970395217
123881,0,0.150098090638306
123885,0,0.3410621236207295
123886,0,0.6703989432919378
123890,1,0.7372772133674856
123891,0,0.2137957014994271
123892,0,0.2186744488073277
123899,0,0.0849856733649024
123900,0,0.5606552931100536
123902,0,0.47873575129093326
123903,1,0.7720262675064938
123912,0,0.24185618218408872
123913,0,0.4038644500609776
123914,0,0.294330150397526
123915,0,0.03247795608630619
123918,0,0.48230008174907796
123919,0,0.4851451829926096
123920,0,0.2899358982919454
123926,0,0.1272875584941255
123927,0,0.11104750341478402
123928,0,0.34599868739633216
123930,0,0.4102135994458564
123931,0,0.5741472026771572
123934,1,0.5878902453641686
123935,0,0.40809243856559285
123936,0,0.6452028804884055
123937,0,0.1049690168100592
123940,0,0.8424979686347251
123941,1,0.6850208898755545
123943,0,0.2835095798179735
123948,0,0.556179338396967
123949,1,0.4642421464069256
123950,0,0.7579440184576982
123951,0,0.19722390898445505
123953,0,0.6347976708692147
123959,0,0.18610368447959805
123960,0,0.3269035993916633
123962,0,0.10435093302099871
123963,0,0.42365158688010474
123964,0,0.2135404299129482
123966,0,0.24873202697155275
123968,0,0.06421160758982113
123969,0,0.1334861259119354
123970,0,0.28412682202487644
123971,0,0.6615778015063783
123972,0,0.4164830973175254
123975,1,0.3592692303814845
123982,0,0.17306620827089628
123984,0,0.45493449059820856
123986,0,0.10022456732424054
123988,0,0.3518460908285022
123989,0,0.06829399006552941
123992,0,0.3342201733414316
123994,0,0.5083746480564141
123995,0,0.1483832118404498
123998,0,0.04952098749272369
124000,0,0.45259159334001486
124002,0,0.3490030297886195
124004,0,0.3851722520113846
124007,0,0.6026515110780755
124008,0,0.0868587934870808
124009,0,0.2961144210527497
124010,0,0.2567070093342003
124011,0,0.2009092845021465
124012,0,0.11171561679696777
124014,0,0.29542343164648616
124015,0,0.2264760069522997
124019,0,0.16270806586642741
124020,0,0.44708718787888885
124024,0,0.17018302447733305
124025,0,0.45748242689666646
124026,0,0.06889235530691237
124028,0,0.33318127885172916
124030,0,0.45039151142711986
124034,0,0.5376758991389325
124039,0,0.2849316948754034
124041,0,0.03791771078388228
124043,0,0.2602212159439048
124045,0,0.701837783079188
124047,0,0.0612376487048738
124048,0,0.17255508062297945
124051,0,0.366648717953385
124052,0,0.07357649688588169
124053,0,0.360052293921668
124056,0,0.5535265120952106
124057,1,0.4223840796777576
124059,0,0.21781191513573683
124060,0,0.14128037944183516
124061,0,0.17614287460900183
124062,0,0.21519881608420946
124063,0,0.2859959644908026
124066,0,0.10429019001971768
124068,0,0.037761733570047175
124069,0,0.40457129962101435
124071,0,0.10767160397054061
124072,0,0.542726167860854
124073,0,0.6520584688700155
124074,0,0.06170750166774381
124078,1,0.762268467782982
124085,0,0.19190558273156344
124086,0,0.6167898321893042
124087,0,0.36841228956708183
124088,0,0.24238213372965592
124089,0,0.0869016634105909
124090,1,0.727162303608949
124091,0,0.5539548589597835
124092,0,0.20555929908912435
124094,0,0.047249756857286204
124096,1,0.9294125254325316
124097,0,0.18407612107942867
124100,0,0.5739577529382983
124101,0,0.72259684458102
124102,1,0.3886887391055318
124104,0,0.5226172866151783
124106,0,0.09084905352390424
124107,0,0.07782431242607818
124108,0,0.22505766990839124
124110,0,0.1319583385627443
124111,0,0.18564608742576408
124113,0,0.1522101771759356
124115,1,0.4015034374049345
124118,0,0.05541077255917741
124119,0,0.3722067959823323
124121,0,0.17107308158652448
124122,0,0.49378195805587716
124124,0,0.511447813204457
124125,0,0.1024515911128451
124126,0,0.11597245921937321
124127,0,0.03726970838790625
124128,0,0.15313095437923838
124129,0,0.13636672404329095
124132,0,0.5036388709422176
124135,0,0.23607982838760644
124136,0,0.23823860005899672
124138,0,0.2770430149542122
124142,0,0.30377428001185175
124144,1,0.5591182155733481
124148,0,0.7835501380181477
124149,0,0.46801163500780923
124153,0,0.06514953638989059
124156,0,0.6934390899000894
124157,0,0.41908629956133864
124158,0,0.6867158905633106
124159,0,0.15966244717225428
124160,0,0.24485528417764452
124161,0,0.49763785299829216
124163,0,0.17096483912086094
124167,0,0.30805062887893714
124168,0,0.06878036935612428
124169,0,0.2984395142426267
124170,0,0.225482153974143
124172,0,0.048205160948304494
124174,0,0.1644055213053962
124175,0,0.26754746624573306
124177,0,0.11981599884917987
124178,0,0.48088880419570096
124179,0,0.23046104292694258
124180,0,0.1627271758970764
124182,0,0.1332864666884671
124183,0,0.2158193322035822
124186,0,0.18964034907005092
124189,0,0.38303370985420293
124191,0,0.13394161704253782
124194,0,0.18845800961551717
124196,0,0.5616587069998933
124197,0,0.2181029814215715
124199,0,0.4716543064362804
124205,0,0.40230158807021305
124207,0,0.5705890725499573
124208,0,0.29296440115107697
124210,0,0.2280018504525641
124211,0,0.08907990983588428
124212,0,0.2650219251905391
124215,0,0.3102032867675207
124218,0,0.53783980661858
124221,0,0.5031569242438708
124223,0,0.4596317374895942
124224,1,0.818194702420643
124225,0,0.13235988501708365
124226,0,0.5502099271518476
124231,0,0.07748776833842501
124235,0,0.7167201805351365
124236,0,0.19477343668099817
124237,0,0.12375232449638643
124238,0,0.5849773313112068
124239,0,0.09528427649546414
124240,0,0.40806489262735157
124245,0,0.2619271129923395
124246,0,0.16870355962181482
124248,0,0.08528370157097603
124249,0,0.08380972854566318
124256,0,0.6575995482460408
124257,0,0.8517446397706308
124262,0,0.14927887000764015
124265,0,0.18619107134808874
124266,0,0.5854955876358682
124267,0,0.04726663284763419
124271,0,0.2201260916883954
124272,0,0.2773203839974637
124273,0,0.2606236606760571
124276,1,0.7598065472316899
124279,0,0.30412121928957137
124281,0,0.07407753867709711
124282,0,0.29928248240297867
124283,1,0.21689488800575543
124284,0,0.6394860132281824
124287,0,0.34522266549819364
124290,0,0.39469305147220235
124294,0,0.38562101045852054
124295,0,0.06132530673044752
124296,0,0.5850403586876177
124297,0,0.10420663067332793
124298,0,0.09232872008425112
124303,1,0.4556702142993448
124308,0,0.30844979825309804
124312,0,0.42535842337045165
124313,0,0.1682487909201176
124314,0,0.15638575877076438
124317,0,0.4073262575698452
124320,0,0.10537619305802462
124322,0,0.4082401434575031
124323,0,0.10057945220967669
124328,0,0.3092098108380098
124330,0,0.41722325033660895
124331,1,0.5873307213111111
124334,0,0.25244573844664414
124335,0,0.26097888819111514
124336,1,0.6684128483547799
124338,0,0.06147884672185665
124340,0,0.34029619639021297
124342,0,0.31016892308565563
124344,1,0.8116969102713513
124345,0,0.1620450143710883
124346,0,0.13857006684302187
124347,0,0.5066393809580204
124355,0,0.271889734258275
124356,0,0.6092716966852235
124360,0,0.4140766258242499
124365,0,0.825717056185184
124368,0,0.1756984908327754
124370,0,0.146826449422991
124372,0,0.528684881984357
124373,0,0.3761446184700916
124374,0,0.6675501939391516
124375,0,0.3626576155736625
124376,0,0.06030614304496737
124377,0,0.7823190909601814
124379,0,0.17208982526440653
124380,0,0.049163819852020466
124381,0,0.23471170520130624
124382,0,0.06287305771830191
124383,1,0.6789862614224625
124387,0,0.7666533715669794
124388,0,0.050178500690743026
124390,0,0.20773461791306402
124391,0,0.7517512620217119
124394,0,0.26764721060445684
124396,0,0.49626324996167226
124398,0,0.08881933487639715
124401,0,0.11844327833607152
124406,0,0.09157980002519805
124409,0,0.4396432962820309
124411,0,0.3080851356011569
124412,0,0.6852673002705864
124414,0,0.40685692211246327
124417,0,0.14767621941352396
124418,0,0.45965476223177
124419,0,0.8264713470187869
124421,0,0.27652362532339986
124422,1,0.449849930655114
124423,0,0.4648233955437018
124426,0,0.6947955348184012
124428,0,0.10207374288453597
124429,0,0.21597566058064965
124433,0,0.18182399181767028
124434,0,0.131786258299157
124437,1,0.6459986376430592
124443,0,0.592968468629094
124448,0,0.7512615306009266
124450,0,0.04391584679735363
124452,0,0.3964111442908677
124453,0,0.07940296715384312
124458,0,0.13581911273326255
124460,0,0.08942058674216048
124462,0,0.09929839868601965
124463,0,0.15835542966947685
124464,0,0.4032255741001603
124466,0,0.2530204065001871
124467,0,0.6369692696420151
124468,0,0.10307905937520827
124471,0,0.49776846177026424
124472,0,0.12520595282916192
124477,0,0.18359985671831247
124482,0,0.474767136236527
124484,0,0.27003550005423
124486,1,0.123682579193876
124488,0,0.18861892151772083
124490,0,0.7212524474336235
124492,0,0.391851988440769
124498,0,0.1855830454030171
124500,1,0.13147782053584547
124501,0,0.6030328403144536
124502,0,0.5549337702506909
124504,0,0.25157990327610585
124507,0,0.33232684556521264
124508,1,0.6574992438161015
124509,0,0.3938917386147833
124513,0,0.17301916559380257
124514,0,0.09655864378335989
124516,0,0.5606406690962285
124517,1,0.31646752896702063
124519,0,0.22092359966427563
124520,0,0.4647575755725699
124524,0,0.08625902908895107
124525,0,0.16908785647378394
124526,0,0.18532359572692292
124528,0,0.6240342951853393
124529,0,0.18492831130109103
124531,0,0.39265393012932925
124533,0,0.10138565312208797
124535,0,0.10271449831580648
124539,0,0.2797910114639698
124544,0,0.3292924685340987
124547,1,0.44394179193248284
124553,1,0.2963059601577129
124554,0,0.12196570420752983
124556,0,0.3695936669955921
124557,0,0.34751709652007684
124558,0,0.1856278889550679
124559,0,0.3574882527094343
124561,0,0.18764323500255847
124563,0,0.7321379300906856
124565,0,0.14250288419653698
124566,0,0.4819574414981368
124567,0,0.19792290636608287
124568,0,0.6798853646925036
124569,0,0.06942950721237696
124574,0,0.0993798808294528
124577,0,0.11347547181305911
124578,0,0.29176198928166075
124579,0,0.03876888293643413
124580,1,0.4642854214481573
124581,0,0.12502324458944886
124582,0,0.13850016971783907
124588,1,0.6570792964213109
124589,0,0.1375974799412038
124590,0,0.1287002697267506
124592,1,0.9712364993884403
124593,0,0.23918721253602787
124594,0,0.06357821354750705
124596,0,0.44968631686689364
124597,0,0.041253533252681635
124598,0,0.7421868972526238
124601,0,0.1347279379726854
124604,0,0.2805203939839037
124605,0,0.24285312599780715
124606,0,0.07598003157979628
124609,0,0.5845084362183198
124610,0,0.21888203475478687
124612,1,0.6974006536573666
124615,0,0.18075333865582613
124616,0,0.44040063348170577
124617,0,0.11740812746248296
124618,0,0.3089951891243674
124621,0,0.0789153246500021
124624,0,0.15580848329775024
124626,0,0.1368741544198637
124632,0,0.1314786830040719
124636,0,0.13840077522107677
124637,0,0.31329289990857556
124638,0,0.2778875003063981
124642,0,0.48937915033825874
124643,1,0.139357500048536
124647,0,0.30661584854213314
124653,0,0.7411260624636935
124654,0,0.1128037872294766
124656,0,0.24181176707641097
124657,0,0.15073576373233874
124660,0,0.6692968479583054
124662,0,0.6085904523788541
124663,0,0.03336850311985443
124665,0,0.6047437996845154
124667,0,0.027490635339626222
124668,0,0.23051495709382624
124670,0,0.2916132908909931
124671,1,0.7335525463134761
124676,0,0.11523179145060441
124683,0,0.3087964198799408
124684,0,0.0949884296128984
124685,0,0.4472205712989561
124686,0,0.1845711082181804
124688,0,0.20928693483040622
124689,1,0.38713479931910477
124691,0,0.43210567215575857
124698,1,0.5982996875918499
124701,0,0.30101927734391115
124702,0,0.04209685665247229
124704,1,0.730495331698913
124706,0,0.46637301271538406
124710,0,0.04940368972831528
124711,1,0.4832502577695561
124712,0,0.08491093674497305
124715,0,0.18642612947834006
124718,0,0.3010308221247961
124720,0,0.36235584976777824
124722,0,0.628899179836554
124723,0,0.08790365093090831
124728,0,0.43045242592484956
124730,0,0.4694322252683364
124732,0,0.1256619050521974
124735,0,0.41664320633752205
124737,0,0.37536026875009243
124740,0,0.2674843278881614
124741,0,0.827676321876399
124742,0,0.3115886404871875
124743,1,0.43324114999899366
124745,0,0.19228552404396268
124746,0,0.13667630465598207
124750,0,0.42863354451987595
124752,0,0.2873041962760228
124755,0,0.25132570657202963
124756,0,0.2791287249923284
124757,0,0.18773390557089217
124759,0,0.07061192423934229
124761,0,0.24882437004978875
124762,0,0.1915857132678538
124769,0,0.05099992175273895
124770,0,0.7853494500102239
124771,0,0.039538248408718786
124775,0,0.08434205505805074
124777,0,0.4064256328899045
124778,1,0.8180768043421971
124779,0,0.050837200265921936
124781,0,0.12456133512870225
124785,1,0.7456597918435286
124786,0,0.03789508627863427
124788,1,0.3935688208392446
124789,0,0.13504430407230092
124791,0,0.10921132822294777
124792,0,0.14545257536796855
124793,0,0.3078134259360037
124794,0,0.7180634595186914
124796,0,0.6076886962950452
124798,0,0.3029901686557714
124799,0,0.20355932111126407
124802,0,0.18828322193398855
124807,0,0.10325253568459239
124809,0,0.1034949167742468
124810,0,0.7625124753702822
124811,1,0.5409992960937625
124812,0,0.8238229015992292
124814,0,0.5848475229446665
124815,0,0.17716491743264404
124817,0,0.6142880176839185
124821,0,0.48019032729005917
