SEQN,true_target,predicted_probability
109266,0,0.03729595280474266
109271,0,0.07630612113994087
109273,0,0.02181291283220408
109274,0,0.18015338545248505
109282,0,0.08844717853025445
109284,0,0.09603294827586602
109290,0,0.08861570531099242
109291,0,0.041466071334082526
109293,0,0.02736845518096817
109297,0,0.0007892070886711764
109300,0,0.0804179777666732
109303,0,0.0022747678535211535
109305,0,0.05953775443537268
109307,0,0.03389359408472561
109312,0,0.0037365340340916923
109313,0,0.07189932416790781
109315,0,0.012825172352465311
109316,0,0.02121146815653762
109317,0,0.002066250668757462
109319,0,0.01595909854641989
109321,0,0.0060041669798613796
109322,0,0.010942672247817257
109323,0,0.034492765414487245
109324,0,0.003576926910996875
109326,0,0.001466968770409342
109327,0,0.15529918968027728
109330,0,0.047913923504846856
109333,0,0.004129696020456222
109336,0,0.09182427434210842
109337,0,0.06141106169027903
109340,1,0.5931631742891684
109342,0,0.023270784171612498
109346,0,0.5339135809423572
109348,0,0.003235711033403141
109349,1,0.16986721461452842
109350,0,0.0808781623213818
109351,0,0.06533678411147385
109353,0,0.01597931142547745
109365,0,0.012228715143354763
109367,0,0.1797491324716217
109369,0,0.021405212671971176
109371,1,0.13064773921866185
109373,0,0.013517973465114514
109376,0,0.006699289995093419
109377,0,0.03274484699588726
109378,0,0.05133660173282887
109379,0,0.03273778857665303
109382,1,0.38834331675447376
109389,0,0.036601639142959136
109390,0,0.06759883319303907
109391,1,0.18202211205610414
109392,0,0.08776306348799764
109393,0,0.11240354274798485
109394,0,0.01424290399677423
109395,0,0.03214904219545136
109396,0,0.00263094630686946
109397,0,0.3841794004310587
109403,0,0.015310103474621094
109404,0,0.0024815747523110844
109405,0,0.0027342592812078866
109408,1,0.44996082743957533
109411,0,0.0059443170006392805
109413,0,0.08376941206009872
109414,0,0.15856868411505026
109415,0,0.2658982073199474
109423,0,0.00210944948000561
109426,0,0.03554624999437596
109429,1,0.9036562327078169
109431,0,0.017741092884527517
109432,0,0.0067680805923814825
109435,1,0.741285624425278
109436,1,0.20712461805802612
109439,0,0.04826185676550008
109440,0,0.027809667962088745
109441,0,0.0018691267970180852
109444,0,0.016448274837122946
109450,0,0.008228549878801816
109454,0,0.38496069344632755
109455,0,0.025885123335019633
109457,0,0.06260926368926775
109458,0,0.004104324320809621
109459,0,0.29447762957289086
109464,0,0.0350900993525697
109466,0,0.11182562893788772
109467,0,0.04289420540588339
109468,0,0.44096951796886696
109472,0,0.16042222411319615
109473,0,0.09367007217379475
109474,0,0.28929434338061544
109478,0,0.0012036851544374317
109480,0,0.8275500659018367
109481,1,0.09686049800878722
109482,0,0.007464326622239753
109483,0,0.22539642654899855
109486,0,0.1341621966073322
109488,0,0.0764162280787937
109490,0,0.48950752822493976
109495,1,0.21468121189192907
109496,0,0.43219551991227184
109497,0,0.016398245091925893
109501,0,0.19189607507699183
109502,0,0.004514786084177058
109503,1,0.36220843085072385
109504,0,0.08918021467386276
109508,0,0.15051757414143513
109510,0,0.014861251649365853
109512,0,0.29463493050127126
109513,1,0.2693042896795157
109518,0,0.0011718671785238852
109519,0,0.19961440815652992
109520,0,0.11278482388026814
109523,0,0.09150005551470364
109526,0,0.02593599800640204
109527,0,0.020730612000149678
109530,1,0.04063790305876165
109531,0,0.13010860671936142
109532,0,0.27610571089482266
109534,0,0.09712250034323397
109536,0,0.003653381743947284
109538,0,0.11518640302283915
109539,0,0.009146706767698857
109541,0,0.012942897351246502
109542,0,0.020258176509151665
109544,0,0.2917577790835549
109545,0,0.10317775045143651
109548,0,0.05610709400474575
109549,0,0.05453439461619294
109550,0,0.07347382046051172
109551,0,0.06072260499254763
109552,0,0.2916778152568432
109554,0,0.033370594241999334
109555,0,0.0002628031783324305
109558,0,0.15702911909846276
109560,0,0.018035951650127856
109562,0,0.06264297878413153
109563,0,0.16469702635956035
109564,0,0.009144898291411347
109565,0,0.24458123161432618
109567,0,0.04231801539716056
109568,0,0.05712602553793591
109570,0,0.10566631910740623
109571,0,0.09203939632554889
109574,0,0.1552082115314886
109577,0,0.14107576721022563
109579,0,0.00857601348489249
109580,0,0.0008837928070499722
109581,0,0.04330687012441653
109585,0,0.016656068542226458
109587,0,0.19356709902689145
109588,1,0.23505154368059006
109590,0,0.014024040410179215
109591,0,0.16044607854076173
109592,1,0.04799814599385052
109593,0,0.04809804883655082
109594,1,0.0732624029172202
109597,0,0.08491649641700276
109598,0,0.008948879321633695
109601,0,0.03946792394979034
109602,0,0.015008493490363723
109606,0,0.001762581418438086
109607,0,0.0414087459640345
109608,0,0.011684100348153745
109610,0,0.09266095563849572
109611,0,0.0809008189555018
109612,0,0.18580630880840238
109614,0,0.15661883269427632
109615,0,0.08588666773966769
109617,0,0.04204961488790866
109620,1,0.7471072297900091
109623,0,0.0014003358626265081
109626,0,0.14353140133355918
109628,0,0.10326551366943
109629,0,0.004231182243504297
109630,0,0.1267984640268824
109634,0,0.021785173377281898
109635,0,0.01458527175069324
109637,0,0.03445795755369867
109638,0,0.10749342317794772
109639,0,0.011786870055383002
109640,0,0.03073849213435632
109643,0,0.09256094898517545
109644,0,0.01689375932884969
109645,0,0.059545232684198146
109649,0,0.15005559941494162
109653,0,0.12729288511699044
109654,0,0.01789301946814325
109656,0,0.2969725326768863
109657,0,0.005429089109555135
109661,0,0.01169969056183445
109662,0,0.031824178512667514
109664,0,0.014381219474004382
109665,0,0.1273938510163402
109667,0,0.08437480646560956
109669,0,0.047746353595426005
109673,0,0.016259380190102108
109675,0,0.027893382655181875
109676,0,0.04225184938109335
109677,0,0.16658605732543091
109678,0,0.0015274469334366095
109679,0,0.18311852923102553
109685,0,0.030236162125771893
109686,0,0.1193161223738006
109687,0,0.0026743578681469532
109691,0,0.00732827559907812
109693,0,0.00825140054075757
109697,0,0.013965430202251841
109700,0,0.0287270376870107
109703,0,0.0837120943694158
109704,0,0.01602382006210189
109709,0,0.2670655747161893
109712,0,0.06413134348240493
109713,0,0.040497950655921336
109714,0,0.010624392838647037
109716,0,0.019178042663616657
109721,1,0.21253291342070407
109723,0,0.014431445195646143
109725,0,0.05002863705082513
109726,0,0.01712517532937185
109727,0,0.004001532342338061
109728,0,0.381144679276226
109730,0,0.03760340149438074
109731,0,0.0011465389204058413
109735,0,0.03309764489152604
109740,0,0.13296163829945676
109742,0,0.17935731049006814
109743,0,0.08889274718007167
109746,0,0.27687277938239985
109747,0,0.04967704355524323
109754,0,0.02029979169869738
109758,0,0.009718256572504424
109760,0,0.05075840488952845
109761,0,0.00047552773034818476
109763,0,0.09668293477791225
109764,0,0.07289156347968813
109765,0,0.014130451922916315
109768,0,0.01202625456738198
109769,1,0.40391170590287534
109770,0,0.03617363175916956
109771,0,0.047717935200550635
109774,0,0.07369952294517565
109776,1,0.09593507583709417
109782,0,0.03116940200008913
109783,0,0.1654356926247738
109785,0,0.25485740245011174
109789,0,0.13760965449686458
109791,0,0.03470449791644453
109793,0,0.056376642694535184
109794,0,0.3722371871379603
109800,0,0.021626074140425198
109802,0,0.02048798523785892
109805,0,0.15790807343995436
109806,0,0.16255572287094572
109807,0,0.01551205629665127
109809,0,0.0102449923382718
109811,1,0.0398811789450938
109812,0,0.03625623781997803
109813,0,0.03734879213263238
109814,0,0.001108445992752648
109815,0,0.0579766155968384
109816,0,0.019183168164469057
109817,0,0.000863336988225088
109820,0,0.007495145638611277
109821,0,0.02026865352162522
109823,0,0.04807830101291789
109825,0,0.008480106551128488
109828,0,0.023850690341157825
109831,0,0.0426433898262712
109837,0,0.010086130924027482
109839,0,0.1763237105401322
109841,1,0.1385045017128635
109843,0,0.08949153531928902
109844,0,0.3723739745015303
109850,0,0.008884107586230641
109852,0,0.004032988488601493
109854,0,0.032937159459652844
109855,0,0.015372446205171655
109856,0,0.1131735712153181
109857,0,0.3122000100619901
109860,0,0.0022757814953921923
109862,0,0.029088448420470602
109863,0,0.025261423395813137
109864,0,0.05192895628944612
109866,0,0.005246601793526311
109867,0,0.06565218829716751
109868,0,0.1956031496580002
109869,0,0.1403504580702188
109873,0,0.003143477867138515
109874,0,0.052544742925824096
109876,1,0.10336338442232293
109877,0,0.09073799480578426
109878,0,0.0031060518589105498
109879,0,0.01813878792002491
109881,0,0.0635976341796438
109884,0,0.01924015370475809
109886,1,0.5674965545056037
109887,0,0.10607403566052738
109891,0,0.07364805960640881
109893,0,0.003419041396125616
109895,0,0.12433028740076998
109898,0,0.29149642712295865
109900,0,0.03732833682492324
109901,1,0.10114814332401567
109902,0,0.15598162595517745
109903,0,0.459461142671454
109905,1,0.6626065898689028
109908,1,0.20649755895877928
109913,0,0.1436658447814747
109915,0,0.06774360417505032
109916,0,0.10961273004344345
109917,0,0.0075427152438937274
109918,0,0.22058089952265086
109919,0,0.012372909406048228
109921,0,0.005494076962777554
109922,0,0.005008733391738449
109926,0,0.020819403077106474
109930,0,0.35462262527352584
109931,0,0.02333468769674936
109932,0,0.3780010282394189
109934,0,0.0021243599750731083
109937,1,0.16481173417010572
109938,0,0.0019336964770191253
109939,0,0.0038369896412499605
109940,0,0.020973583327728754
109941,0,0.10754405697366669
109942,0,0.025711421573403993
109945,0,0.015661823551150107
109947,0,0.20024506221500063
109957,0,0.014641693463706834
109959,0,0.10081526334958128
109960,1,0.0570467630963986
109961,0,0.04327707768552892
109962,0,0.21109744835404257
109963,0,0.0838411364736508
109966,0,0.06625955975574982
109971,0,0.1333993885383764
109972,0,0.14852048104078153
109975,0,0.003935979632544704
109976,0,0.07372935124995075
109977,0,0.00748450089275002
109978,0,0.0017400271484981308
109979,0,0.0074321402405949175
109980,0,0.00679382677445933
109981,0,0.10865776143763865
109987,0,0.023482879350678377
109990,0,0.0706917906150442
109991,0,0.051409921021019024
109992,0,0.12945362546208913
109997,0,0.1359956172994305
110004,0,0.0007926588267548901
110005,0,0.009474580345725642
110006,0,0.010506404205789402
110010,0,0.022756100110133702
110011,0,0.05107180058886451
110015,0,0.11367606475969136
110016,0,0.0017925729155637699
110018,0,0.0008031973194544577
110021,0,0.0014640097744047006
110023,0,0.018171908984805436
110027,0,0.0014563273331844935
110028,0,0.06604147236986375
110029,0,0.2135095860112001
110030,0,0.0015969994211756152
110033,0,0.27222490847903796
110034,0,0.20322075498669184
110035,0,0.21120715528776582
110036,0,0.020977296423653383
110037,0,0.3942450084903557
110038,0,0.0189432524595314
110040,0,0.0049980232914846445
110041,0,0.4789824035031833
110042,0,0.07188463064863991
110043,0,0.03460960411478889
110045,0,0.032808671961244255
110052,0,0.04218555382389715
110054,0,0.10006465270641177
110055,0,0.07528701180360256
110056,0,0.055227877734169886
110057,1,0.3986590365466278
110059,0,0.02622850268327111
110061,0,0.1145130248090815
110062,0,0.007652419671615981
110063,0,0.0018021889226666366
110064,0,0.21861061223415462
110065,0,0.07192911628269388
110067,0,0.01076158782908088
110068,0,0.011421232958589283
110070,1,0.17546282811230854
110071,0,0.06322110186189435
110074,0,0.04551096078936413
110079,0,0.06713878233333034
110083,0,0.007423862974059979
110085,0,0.07166138383665768
110087,0,0.05368879259158073
110088,0,0.4725819235229049
110090,0,0.33740637100373483
110091,0,0.011946043523620354
110093,0,0.0007328803942904894
110096,1,0.10254662103521392
110098,0,0.0280889617120653
110102,0,0.3141851076104704
110103,0,0.18971989631926123
110107,0,0.05288868661370536
110112,0,0.009996425854145707
110114,0,0.002408469035321063
110116,0,0.011472448812610971
110117,0,0.00969101668560928
110120,0,0.28092907313784315
110123,1,0.22604036610651929
110124,1,0.251905207362786
110125,0,0.056872252713332405
110129,0,0.40679212523692365
110130,0,0.016605624805075835
110131,1,0.03463914170206744
110134,0,0.16207197615664254
110136,0,0.018482274250982957
110137,0,0.02872380690207854
110139,0,0.07018118338413033
110142,0,0.16695306227606627
110144,0,0.046154362408686915
110147,1,0.6980929597134222
110151,0,0.1060353181401867
110153,0,0.04251129921975023
110155,0,0.006617247694439587
110159,0,0.017458791058663554
110161,0,0.033476150829513336
110165,0,0.7699749633508914
110167,0,0.046766366810585915
110168,0,0.05784676565177458
110169,0,0.08091409685483235
110171,0,0.0009738789364263405
110172,0,0.017910266566480405
110173,0,0.015213546571969433
110174,0,0.01646372437144359
110175,0,0.04192101971844266
110176,0,0.3282506654230827
110178,0,0.029602586696015377
110180,0,0.09156149762004463
110182,0,0.3864307757418056
110184,0,0.06273605338699395
110185,0,0.23906442893597252
110186,0,0.00829720686178277
110187,0,0.13186189107066135
110188,0,0.04270036959828183
110190,0,0.0009932641442723037
110191,1,0.09242106974793726
110194,0,0.1738252034248155
110196,0,0.0874460390858651
110200,0,0.02775136663663331
110201,0,0.12014445769738635
110204,0,0.06917019648035962
110206,0,0.40045806564588304
110207,0,0.022267566825290602
110208,0,0.13277945862765939
110211,0,0.001951238284386158
110213,0,0.0024882025666100377
110214,0,0.0011395206380035554
110217,0,0.01105915124233709
110218,0,0.0010535828052198489
110222,0,0.01308656645892135
110223,0,0.1322317980180053
110224,0,0.04645247196048903
110226,0,0.004525091307133329
110228,0,0.097610515019494
110234,0,0.02951099657002773
110235,0,0.06267786368096154
110236,0,0.00860663996026508
110240,0,0.1991061284815426
110241,0,0.09122331713603711
110246,0,0.0650202531754838
110247,0,0.04694747685956622
110250,0,0.12231792230249845
110251,0,0.026917179945363478
110252,0,0.07044439089838024
110254,0,0.0826729891203393
110264,1,0.07835717245710558
110265,0,0.021773181563495315
110266,0,0.05016351278831782
110270,1,0.3579582409915999
110272,0,0.027466255240514693
110273,1,0.10337173896825314
110276,0,0.029772602981040463
110279,0,0.2560646098501838
110286,0,0.05133452250645727
110287,0,0.12143339191817018
110289,0,0.0679785409148429
110290,0,0.07496456647120657
110291,0,0.07882280974065195
110292,1,0.2593616359184788
110293,0,0.021400739855383946
110295,0,0.06250455151809672
110296,0,0.012506665295118891
110302,0,0.005886139744390449
110304,1,0.158444113516223
110305,0,0.000637111064601076
110306,1,0.8679845675027147
110307,0,0.0381245107003514
110309,0,0.007237118820822638
110310,0,0.093280012972994
110311,0,0.04114537047899414
110317,0,0.014987839832423503
110318,0,0.04749292373493713
110319,0,0.03900768030547871
110321,0,0.05520999838107578
110322,0,0.0477222841624166
110323,0,0.009656741346529763
110326,0,0.048019721510499803
110328,0,0.08007430659320319
110332,0,0.17861401521264333
110336,0,0.027758772684242677
110341,0,0.052145183031174824
110342,0,0.0070045669983070016
110347,0,0.0706176674241058
110350,0,0.07539879425607317
110351,0,0.03473679457792789
110353,0,0.029130977719655733
110356,0,0.022069795735342936
110359,0,0.3170058689104576
110366,0,0.044411615375257174
110367,0,0.3880395388033214
110372,0,0.2022325458453273
110374,0,0.2990515957676329
110376,0,0.0018452785005640584
110378,0,0.18430881990505865
110379,0,0.00030499598176820023
110380,0,0.006779400259683122
110381,0,0.09496623698410464
110385,0,0.01526043892816072
110386,1,0.0690293509697415
110387,1,0.35456455902449713
110389,0,0.053729055006435725
110390,0,0.048478214252637805
110391,0,0.0012449471188176026
110394,0,0.01234186118752411
110396,0,0.0501088158746543
110397,0,0.09892362260113327
110399,0,0.02288794134560478
110400,0,0.282839173046123
110402,0,0.12556991371902196
110406,0,0.2450682081131846
110408,0,0.001122058540631577
110409,0,0.01901521803916054
110410,0,0.06198817415208482
110411,0,0.07113748733000706
110412,0,0.06791949843708565
110414,0,0.01501705324764735
110415,0,0.027283965201415426
110418,0,0.37931234498103533
110419,0,0.00594035522574414
110421,0,0.08711809412715825
110425,0,0.012482551382527313
110426,0,0.05464564143775184
110427,0,0.013957940849335299
110429,0,0.03849858004865781
110430,0,0.018741973351179757
110431,0,0.011414061394023706
110434,1,0.3869639254944075
110438,0,0.03785033957740823
110440,1,0.3979439247401907
110442,0,0.021350666003339548
110445,1,0.446787641109878
110446,0,0.08942075972725654
110449,0,0.3373795729092277
110450,0,0.033209438735398375
110453,0,0.1430524356212998
110454,0,0.008955253872964032
110457,0,0.07744233068212032
110460,0,0.006250455059707552
110461,0,0.03430015279281677
110463,0,0.1079359450330879
110464,0,0.0030213279373140804
110465,0,0.007594495685272698
110467,0,0.02321928957197707
110473,0,0.07778922085429173
110474,0,0.059599354345935364
110476,0,0.010293601604401471
110477,0,0.03155660429340647
110478,0,0.011357809248453437
110479,0,0.09418457148312001
110482,0,0.1941846898001121
110488,1,0.24128713718372144
110489,0,0.043595479185224294
110492,0,0.014253984040780964
110494,0,0.04628808476685399
110495,0,0.7164360378585031
110496,0,0.0337419739562053
110498,0,0.0397720633572546
110503,0,0.031449080988630536
110506,0,0.08815091954017318
110507,0,0.0046324970890735916
110508,0,0.011998808691993953
110509,0,0.18084888425457518
110510,0,0.03333170347077881
110512,0,0.017398872510805297
110514,0,0.22555879657936634
110518,0,0.020684227133762983
110520,0,0.006205711369213442
110521,0,0.2731328252949549
110522,0,0.12079694112101551
110524,0,0.33490232752343585
110526,0,0.00913988965429047
110527,0,0.07228557392019533
110531,1,0.06786982908409003
110532,1,0.11464718651522623
110535,0,0.020669109510994935
110538,1,0.4920722143899837
110540,0,0.005791316424015698
110541,1,0.07839075678385142
110543,0,0.009484372880322518
110544,0,0.10349292378136477
110545,0,0.32503256880644055
110546,0,0.05330083398512653
110548,0,0.1681074237935482
110551,0,0.0378196244937324
110552,0,0.02642359705502102
110553,0,0.0014927423983818486
110555,0,0.07993868823024189
110557,0,0.005044014285789637
110558,0,0.015706486476846884
110560,0,0.14142063101916946
110565,0,0.009761317653362628
110567,0,0.10893058385602683
110571,1,0.030425328709966705
110572,0,0.08744863512608458
110573,0,0.07371355102436047
110575,1,0.1897627089649234
110576,0,0.012244392528960302
110578,0,0.18101876955651625
110579,0,0.0975981360322532
110581,0,0.1193714696739486
110582,0,0.14699710925170523
110586,0,0.07339498828928255
110588,0,0.0626046170211984
110594,0,0.0072276425313555406
110597,0,0.13534859551063336
110602,0,0.0006775242959672792
110603,0,0.05033694045242145
110604,0,0.005109297726556735
110606,0,0.037988748015102033
110607,0,0.02932070582922962
110608,0,0.49506190644374515
110610,0,0.051718722910479145
110613,0,0.04049009909297803
110614,0,0.07137323684378911
110615,0,0.011954900346453221
110617,0,0.06013073688858568
110621,0,0.08507766585546511
110622,1,0.035172256133840174
110624,0,0.054792729988459854
110626,0,0.07042240209192621
110627,0,0.009145374397926075
110628,0,0.03595983799548723
110631,0,0.10148992540825444
110636,0,0.1643437256089852
110638,1,0.7772766313117916
110639,0,0.22442533476471466
110640,0,0.03138980659182987
110645,0,0.09720887908176286
110650,0,0.02746811744278843
110651,0,0.05580458993357934
110655,0,0.2176969776027665
110656,0,0.17909489952737417
110657,0,0.02119717569514988
110658,0,0.03931318879236679
110661,1,0.5648310345812013
110662,0,0.06132134839369839
110663,0,0.07490234287529877
110665,0,0.09607049483176577
110672,0,0.06375641727260717
110675,0,0.03982413309593348
110681,0,0.007581378337981849
110682,0,0.0706955875626962
110684,0,0.0005974756113816242
110686,0,0.018421799264013695
110688,0,0.0020416855988623045
110690,1,0.23980893366413608
110692,0,0.004974387382009954
110698,0,0.06344337861051803
110699,1,0.046602798820713456
110700,0,0.11679917484118078
110702,0,0.07354408802889992
110703,0,0.11633005215681749
110704,0,0.05772027581165658
110705,0,0.019093553792753126
110709,1,0.19533224226972717
110710,0,0.09253003214338716
110711,0,0.007693898185317754
110712,0,0.0405818451552852
110713,0,0.001289358889085506
110714,0,0.031758944000614464
110715,0,0.05258167093069862
110717,0,0.18352034065979111
110718,1,0.3828885931928772
110719,0,0.05806548896615525
110721,0,0.030252475124904338
110722,0,0.6745579975741912
110723,0,0.06259720434725705
110726,1,0.05227572855824166
110728,0,0.20097756205919048
110730,0,0.0017047315767297437
110736,0,0.013632068974987971
110739,0,0.004795490787460057
110742,0,0.03270403846900652
110747,0,0.26053544081679003
110749,0,0.019116139457953017
110750,0,0.057534970385933915
110751,0,0.1572871118550419
110752,0,0.019318963548343022
110753,0,0.0639460845305042
110757,1,0.7970399848636314
110759,0,0.33210245413800227
110760,0,0.041471540199364054
110762,1,0.41879283315324833
110763,1,0.530753090538893
110765,0,0.03527638174420709
110766,0,0.02230268996234881
110769,0,0.0007442408524898504
110770,0,0.03806860301993919
110771,0,0.00487592305921026
110773,0,0.0004921279254138105
110775,1,0.3917079717467009
110776,0,0.049440501068009485
110778,0,0.3491183768690769
110779,0,0.03309114077692617
110780,0,0.03170351372850241
110781,0,0.21323531315706917
110784,0,0.00741785002812396
110785,0,0.30759961545956305
110789,0,0.0284531415178303
110791,0,0.005319772058712636
110792,0,0.0014409470215754412
110794,0,0.4032284831727395
110795,0,0.053569665751645346
110796,0,0.10517724663457076
110798,0,0.026768215655724494
110800,0,0.009128698616521805
110803,0,0.05584047142208783
110805,0,0.05216496091124947
110806,0,0.11228376845992663
110810,1,0.17675822711234793
110811,0,0.015411820647565697
110813,0,0.17676783685675584
110814,0,0.17819230112022338
110816,0,0.004265282800877191
110819,0,0.003619586161004893
110820,0,0.12217202168012353
110821,1,0.44126490747319613
110822,0,0.0943555549382559
110830,0,0.021943488517567965
110831,0,0.07189204615800557
110833,0,0.03112823276058433
110835,0,0.02055549386252733
110836,0,0.25635933114592196
110837,1,0.021947158210658974
110841,1,0.39236286647781055
110842,0,0.07237911643162434
110848,0,0.05372948418656105
110851,0,0.00028975853490118697
110852,0,0.08714007968787527
110853,0,0.031872144045923846
110857,0,0.019714735896505575
110859,0,0.30522136462316685
110861,0,0.029455459299634078
110862,0,0.0038834715781042805
110865,0,0.012147215881111874
110866,0,0.09217676578161772
110867,0,0.1718191684026154
110868,0,0.1209053588990721
110870,0,0.16389228895307784
110871,0,0.0032654197147701804
110875,0,0.07400329820290791
110876,0,0.15284537081694446
110881,0,0.030912831427613398
110882,0,0.10655457481337269
110884,0,0.05918505853530316
110886,0,0.15041075781710828
110887,0,0.0002972443631372945
110888,0,0.2180070277940283
110889,0,0.07653734580697755
110890,0,0.014694533328335996
110891,0,0.1124811052900208
110894,0,0.08198420559043262
110895,0,0.0004600842178279517
110897,0,0.06394401939927583
110898,0,0.08260565554598849
110899,0,0.015881093583454388
110900,1,0.15507697769090836
110904,0,0.03863854807933416
110905,0,0.008581066994547432
110908,0,0.02700234131931236
110909,0,0.037274347658768345
110910,0,0.03642061888908644
110915,0,0.015119513118823319
110916,0,0.00396799884743188
110917,0,0.04298874264252528
110918,0,0.07152369983257115
110920,1,0.2692239141486847
110921,0,0.008239457973760845
110924,0,0.07638616508680054
110925,0,0.29649065243057154
110929,0,0.4101177877023522
110934,0,0.026294938835926762
110935,0,0.27155360119126565
110940,0,0.06427794123190793
110941,0,0.035165275070710655
110942,0,0.04534111169196534
110944,0,0.27884164844670617
110949,0,0.0018038238651866463
110950,0,0.10554164461440992
110952,1,0.21292943695468836
110953,0,0.01962945165292169
110954,0,0.0018727999234747512
110956,0,0.3062092171614351
110957,0,0.020214753415965306
110958,0,0.08184414919290381
110959,0,0.2640592783401417
110961,1,0.17326963627691552
110966,0,0.005145389460138438
110969,0,0.010316814955871619
110971,0,0.24716661077254218
110973,0,0.05511376736764294
110975,0,0.04288298197385456
110976,0,0.013084120608915261
110977,0,0.09217714765525016
110979,0,0.06085048207894761
110981,0,0.021970511197281085
110984,0,0.007942826331893816
110985,0,0.04105934246420034
110986,1,0.17840276300794009
110987,0,0.022077907127325158
110988,0,0.016464335433592662
110990,0,0.374176338778368
110993,0,0.03710518471800327
110995,0,0.004748346027605197
110996,0,0.16497907215606963
110997,0,0.09901556434091749
110999,0,0.0008460387928799299
111003,0,0.0021823809722446717
111006,0,0.11122336546865486
111007,0,0.013219020071597896
111008,0,0.06284368924457728
111011,0,0.03310720519818443
111012,1,0.2490441771829423
111014,0,0.3487117870044072
111018,0,0.1156246590088809
111021,0,0.07894448505465487
111023,0,0.11670046885707423
111027,0,0.02493750690511784
111030,0,0.021123767120748125
111031,0,0.027267528638816395
111036,0,0.19942431198478075
111037,0,0.014492151273135917
111039,0,0.002952931275930386
111040,0,0.03735525046810552
111042,0,0.13119383126699233
111043,0,0.13660226127333486
111045,0,0.014974826246751807
111046,0,0.12003964635067055
111047,0,0.020807364822896954
111050,0,0.1253158813028337
111051,0,0.003770232337918599
111053,0,0.03373558135217331
111054,0,0.1668458763022716
111055,0,0.03766910942239818
111058,1,0.2588720823962172
111060,0,0.009824092750084522
111062,0,0.0303425879324971
111064,0,0.12075690498428267
111065,0,0.3017028127359189
111067,0,0.08472936247623195
111068,0,0.00589233392085115
111069,0,0.01304273767014418
111071,0,0.058772619860641175
111075,0,0.07106084450561444
111077,1,0.720743768124186
111078,0,0.10907463586380203
111079,0,0.0008249389364269989
111081,1,0.6430790682147703
111083,0,0.2282078359893623
111085,0,0.002748591669037777
111088,0,0.14518134561808269
111089,0,0.0036643328051282316
111092,0,0.14912583469529922
111094,1,0.9672578382910787
111095,0,0.05152588944259625
111096,0,0.002838942537416077
111097,0,0.09976472674283007
111098,0,0.08948319257198126
111102,0,0.09850564713795602
111105,0,0.11570991457982578
111109,0,0.18516359973875363
111110,0,0.04281570737558862
111112,0,0.024371454472881016
111115,0,0.3771545813740552
111117,0,0.21049005134637086
111120,1,0.552117611236228
111122,0,0.06242679176271414
111123,1,0.22068719586454794
111124,0,0.0006784222099977409
111126,0,0.0024596490454443934
111129,0,0.006264699139912351
111130,0,0.032739285810264904
111133,0,0.013715077894504008
111134,0,0.32834078315309556
111136,0,0.054412368455570494
111139,0,0.02743045641473445
111140,0,0.1408289931098628
111143,0,0.13221011527527635
111145,0,0.028863050089426544
111149,0,0.01883771781561343
111152,0,0.3099355612210043
111153,0,0.1282296089065227
111154,0,0.005714253546607937
111155,0,0.13889291053348007
111159,0,0.024815829870799035
111161,0,0.0013269705707052292
111162,0,0.0036456496434582215
111163,0,0.035891178136990734
111164,0,0.1277723869367489
111165,0,0.022031910646684118
111168,0,0.0018122766303808623
111169,0,0.29344127096735456
111171,0,0.017622766777677757
111173,0,0.031212095551766267
111175,0,0.012537167410819469
111177,0,0.059290092416752024
111181,0,0.021354612040854107
111183,0,0.03171683887459862
111185,0,0.07454347066711611
111188,0,0.1305240694283551
111189,0,0.010013254514291895
111190,0,0.004726660265031437
111191,0,0.011668370252646245
111192,0,0.08887309542277741
111194,0,0.10502497883206682
111196,0,0.08628903270589236
111197,0,0.0008123100264636684
111198,0,0.22743662934105607
111199,0,0.006021218029300188
111201,0,0.04807650728506806
111203,0,0.047187999014507986
111206,0,0.05416454995890725
111207,0,0.594996013077558
111210,0,0.12984500368929225
111215,0,0.07013480716327677
111216,0,0.23730137271917515
111219,0,0.009106028951136175
111220,0,0.03633299067753254
111221,0,0.13516434739956135
111222,0,0.01596205233603402
111226,0,0.24869466535373214
111228,0,0.06211624992984059
111229,0,0.10357717237235017
111232,0,0.011275027936630272
111233,0,0.06425103396041584
111234,0,0.09363299826362119
111236,0,0.08473355403416641
111238,0,0.11456701525683015
111240,0,0.08239708241718269
111242,0,0.0034719877092296942
111244,0,0.015939624875892185
111245,0,0.09285445495789768
111249,0,0.007489528179751309
111250,0,0.1588383886519788
111253,0,0.10251358633848788
111254,0,0.07651004503316919
111255,0,0.09283120772378499
111256,0,0.041799658877886045
111257,0,0.151800218012484
111262,0,0.3243924581861843
111263,0,0.03144492791826683
111265,0,0.0011144199634120914
111266,0,0.1360989979008697
111268,1,0.05772338680966534
111270,1,0.008499805659391502
111271,0,0.01169365275064078
111274,1,0.21640291621352362
111279,0,0.07785032851452688
111280,1,0.022443468227450657
111282,0,0.026285147868739756
111283,0,0.001777987928727662
111284,0,0.268195578262474
111286,0,0.017966034864280604
111287,0,0.05200097094233545
111288,0,0.11118836001430663
111290,0,0.00988535263521346
111294,0,0.09909217117703123
111296,0,0.04505376463293084
111297,0,0.17694786023867576
111298,0,0.06292418304004595
111299,0,0.016570594621666917
111300,0,0.23018756189540496
111301,0,0.019041126018009925
111302,0,0.0016980693988428428
111303,0,0.041331749427595814
111304,0,0.10441626459913159
111305,0,0.10456462564991058
111307,0,0.06836032239836068
111309,0,0.03054310283275073
111311,0,0.09056688722717235
111312,1,0.5460535164569377
111315,0,0.02808980221908844
111316,1,0.5437112262846979
111318,1,0.31070178006743576
111320,0,0.06982656818399774
111321,0,0.08580897140476128
111322,0,0.08006416914881728
111323,0,0.1382657605838055
111324,0,0.0690771908433458
111325,0,0.0208631363286082
111326,0,0.05446696483290553
111328,0,0.11971274725215797
111329,1,0.12297174486199487
111330,0,0.002495903699773988
111332,0,0.007794909805434694
111333,0,0.0403556788706267
111335,0,0.07198229649982185
111336,0,0.20545616232821368
111337,0,0.06979130063328454
111338,0,0.06687267208983422
111343,0,0.061357870502885235
111348,0,0.030116899896579362
111351,0,0.05257662915124769
111352,0,0.029405537389580915
111354,0,0.2332458534042205
111355,0,0.3726753041385581
111357,0,0.17870444308340713
111358,0,0.023120501035734042
111360,0,0.23307685232869452
111361,0,0.010988465310451665
111364,1,0.12837521804863194
111365,0,0.009466858801813529
111366,0,0.018008232298174786
111370,0,0.04864930173851099
111372,0,0.019280009139106
111377,0,0.6597384626548933
111378,0,0.28349373053766136
111380,1,0.7462798297453455
111382,0,0.2023247614772119
111385,0,0.00978807554134439
111386,0,0.05454136312282185
111389,0,0.08982717359506762
111390,0,0.08299027281349249
111391,0,0.0002200868429631482
111394,0,0.5543268955638063
111395,1,0.6083785497980724
111396,0,0.062480669035698544
111397,0,0.060945438896329196
111399,0,0.03307928198025181
111400,0,0.06962595639044702
111402,0,0.010682456385953751
111403,0,0.005065802803415974
111405,1,0.08594205893750698
111408,0,0.03233864622211339
111411,0,0.09070332119002154
111413,0,0.041663633900489
111416,0,0.1496481342454902
111417,0,0.09040409015784098
111418,0,0.001349014595096737
111420,0,0.2974263564509173
111424,1,0.11242492578962246
111425,0,0.020631706385786888
111426,0,0.005204041777019259
111427,0,0.18917377904158028
111428,0,0.12018292976957516
111429,0,0.014551779875304243
111430,0,0.0027707307673250033
111431,0,0.24587344612478054
111433,0,0.055429689568208915
111434,1,0.29995845845450275
111436,0,0.003281417343722506
111439,0,0.12054281357315437
111440,1,0.31136308642689914
111441,0,0.15629774246939387
111442,0,0.20648602092204568
111443,0,0.10039054228909236
111448,0,0.06722056225571069
111449,0,0.03645315305677499
111452,0,0.1249105056544209
111453,0,0.007822104918816488
111454,0,0.002742626900836382
111455,0,0.09953563649614725
111456,0,0.05081971416913043
111459,0,0.042175171743040814
111461,0,0.04279984348559314
111463,0,0.09089171315060951
111465,0,0.00021995442807956457
111471,0,0.009431414006515185
111476,0,0.07426578191838913
111479,0,0.04107640666690633
111486,0,0.06033593790904237
111488,0,0.019952124016927315
111489,0,0.030090809105254523
111490,0,0.28064020806964207
111491,0,0.04037846391527319
111492,0,0.08407210918811463
111493,0,0.1981187360363373
111494,0,0.5533715465424203
111497,0,0.0028208925343759087
111500,0,0.029005222202226226
111501,0,0.06485729598823198
111502,0,0.5248985181143239
111503,0,0.2936086287503061
111504,0,0.01236316232215722
111505,0,0.005347463433518472
111507,0,0.038778882877286154
111508,0,0.09637259493130654
111510,0,0.01753328134855559
111511,0,0.019752404162928814
111512,0,0.027558654806249444
111513,0,0.24824529300814274
111514,0,0.04318711944116301
111516,1,0.08367891055732145
111519,0,0.03443507768698649
111520,0,0.05670554862318833
111522,0,0.18761358976084325
111525,0,0.03831724111397526
111528,0,0.016742488208181076
111533,0,0.011755007139659933
111534,0,0.04789292306520809
111535,1,0.18523791656859637
111537,0,0.007053661881129891
111541,0,0.0004878415149557433
111542,0,0.07019648339047392
111543,0,0.0019039190398827878
111546,0,0.1302293059474704
111549,0,0.0006747291423915182
111550,1,0.14428834312002564
111551,0,0.012093104605535195
111554,0,0.07097812392820327
111555,1,0.047417785435666215
111557,0,0.02383523590028531
111558,0,0.07268607828661958
111561,0,0.0032260907188878516
111563,0,0.3591516755929499
111564,1,0.8689060180264129
111571,0,0.11022325849265938
111572,0,0.0053619532885117865
111574,0,0.0777091822315926
111575,0,0.01959419433238725
111579,0,0.16046542391563318
111585,0,0.013609832220027124
111586,0,0.06322079090614188
111587,0,0.0298858064601426
111588,0,0.07112612956684697
111589,0,0.06762677354254075
111590,0,0.18627108411316579
111593,0,0.02521962689883534
111595,0,0.008760048829072446
111596,1,0.05072458405211509
111598,1,0.5276370211784869
111599,0,0.05428161465464
111602,0,0.029591135365871057
111605,0,0.03703294278082754
111608,0,0.030955496855021424
111609,0,0.13282791697284285
111610,0,0.016572036482561524
111613,0,0.006604705492705716
111614,0,0.14755476795069583
111616,1,0.3223475082034048
111618,0,0.013092059039110385
111620,0,0.012849771176271497
111621,0,0.08926007012719116
111623,0,0.0013855910625320566
111625,0,0.10374905218264163
111629,0,0.1424709609389751
111632,0,0.08665938051025468
111633,0,0.03851947102518869
111635,0,0.08180476852638463
111638,0,0.03868432408655263
111639,0,0.26849146289396497
111640,1,0.2544446583021504
111641,0,0.043194473479098626
111642,0,0.06904661930301381
111643,0,0.08215887518075839
111645,0,0.05459704642671427
111646,0,0.00025150504911324837
111649,0,0.08406594990124353
111650,0,0.0007843996987054356
111651,0,0.27981095186260313
111652,0,0.0003865680312663137
111655,1,0.018071740569503177
111656,0,0.025274818534298228
111658,0,0.0174028960473882
111659,0,0.017716509733828156
111660,0,0.011587432603268237
111663,0,0.12715609495152988
111664,0,0.10901702196083848
111666,0,0.10184374085610637
111667,0,0.006703240794515208
111668,1,0.5341005066911302
111669,0,0.25339502515488466
111671,0,0.008060941401765392
111673,0,0.022498459123030633
111675,0,0.01163608450242775
111676,1,0.09644124449697004
111679,1,0.0024396624549054644
111682,1,0.107473968231548
111683,0,0.0015935958977946643
111687,0,0.08785040802128086
111688,0,0.033352406959331185
111692,0,0.018591996445420995
111693,0,0.0022612360731335515
111695,0,0.0068176764588651325
111700,0,0.0017268245643806217
111703,0,0.04997294837956198
111705,0,0.006467344337559208
111707,0,0.28123698964804905
111710,0,0.00561472348997056
111712,1,0.7029385168917278
111716,0,0.01942462710655393
111717,0,0.010739377870730017
111719,0,0.005946920586258032
111720,0,0.027949042309616194
111723,0,0.017506893656450924
111724,0,0.0015942151119457896
111726,0,0.027783309575000935
111728,0,0.20766095075144214
111729,0,0.018342676747034204
111731,0,0.0010950975088817733
111732,0,0.018125854402419733
111733,0,0.06606481469738751
111734,1,0.05393113523575739
111736,0,0.11794216140564925
111737,0,0.10653009706145575
111741,0,0.011883559332858592
111742,0,0.0027548114221407393
111744,0,0.010055308719728453
111745,0,0.26798418034003496
111749,0,0.13822789881717124
111751,0,0.09829893014972055
111752,1,0.4459137403051221
111753,0,0.08211267215651268
111754,0,0.061496771647177616
111759,0,0.02472210260996922
111760,1,0.31128284002914275
111765,0,0.25411377361655585
111766,0,0.08333470378707648
111767,0,0.009794805192761966
111768,0,0.06581838194943967
111770,0,0.035472722910442796
111773,0,0.0005927332264284987
111774,0,0.001604823713017615
111776,0,0.0521261719563772
111777,0,0.0049430114580890135
111778,0,0.003885256345572384
111779,0,0.03169906956001384
111781,0,0.20246894529836162
111783,0,0.04705417443492307
111784,0,0.07678048229511496
111786,0,0.19274436766448516
111787,0,0.0635514975942178
111789,0,0.005981129251570232
111790,1,0.16095584230505694
111791,0,0.1702930100866272
111792,0,0.010259363678357256
111794,0,0.3036251137936158
111795,0,0.0466104781069852
111796,0,0.014322721752337573
111797,1,0.14735798997117608
111798,1,0.06391200128040829
111800,0,0.022270129942845687
111801,0,0.0035160381960471707
111802,0,0.0014255116477373657
111803,0,0.19899336431257672
111804,0,0.4976619177767015
111810,0,0.09325611397229865
111811,0,0.002336214224667866
111814,0,0.08388343811717681
111820,0,0.001871848046503134
111821,0,0.03361163799071053
111823,0,0.06565490455354776
111824,0,0.02744970468669062
111825,0,0.19354712925820278
111827,1,0.07754951216834569
111828,0,0.05380558751763853
111829,1,0.4237160469608585
111830,0,0.019211058928336237
111831,0,0.1261834943374581
111833,0,0.012286316259549136
111834,0,0.011918485783123928
111835,0,0.0704054440633846
111837,0,0.020247893255690153
111839,0,0.11504754614823205
111840,0,0.09540344061138462
111846,0,0.011485879561657796
111849,0,0.0793673916011403
111850,0,0.050714714533891904
111857,0,0.07352880642452057
111858,0,0.009953418991879112
111859,0,0.4052127745402756
111860,0,0.050316253192537394
111864,0,0.015467989761749092
111866,0,0.06028805709675696
111868,0,0.3492858700415674
111869,0,0.008106919245047728
111870,0,0.01571522940487074
111872,0,0.022532759757307803
111874,0,0.038413551764437004
111875,0,0.15063161108199327
111876,0,0.401677812233341
111878,0,0.014114084506463878
111879,0,0.17836944355641682
111882,0,0.007840097254059136
111883,0,0.32970847915427814
111884,0,0.08122304517102472
111886,0,0.014016321828948686
111887,0,0.007862392635912346
111890,0,0.1192758454106649
111893,0,0.08004564673943768
111894,0,0.007861834330535326
111895,0,0.11420836499246825
111896,0,0.14142655674368493
111898,1,0.040775171260205724
111900,0,0.060945217825266726
111901,0,0.026099966196614494
111903,0,0.016480332511328376
111904,0,0.007475085284846268
111906,0,0.10972640440492898
111908,0,0.011633633530780165
111909,0,0.7181398174513529
111911,0,0.19686933677490498
111913,0,0.08774165663880437
111917,1,0.23193565271360161
111918,1,0.5764897423514865
111920,1,0.31114761174614053
111921,0,0.09042941973363876
111922,0,0.01463067737953111
111923,1,0.5978950167889391
111925,0,0.00821206596694209
111927,0,0.22869421449894728
111928,0,0.01382933481463075
111929,0,0.1345041163064748
111930,1,0.20386402821748412
111934,0,0.030054054388333484
111935,0,0.008690046497361159
111938,0,0.004672318765537651
111939,0,0.029667823350922034
111942,0,0.03103110789140242
111943,1,0.38450999603742647
111944,0,0.20947535045062712
111945,0,0.073071384332934
111947,0,0.27568388031239954
111949,0,0.197875059283795
111951,0,0.0005071783383366764
111956,0,0.11009816415040194
111960,0,0.00594029429618514
111963,0,0.010645490743532809
111966,1,0.16276364295094364
111967,0,0.08498458378923326
111968,0,0.12847338710763653
111970,0,0.03321634717880405
111971,0,0.02841005271322889
111972,0,0.004681483470979357
111973,0,0.07829371892385048
111974,0,0.02512446577503909
111977,0,0.16624783070746557
111979,0,0.0005904783330236525
111980,0,0.4032600898123194
111982,0,0.45179797238806785
111983,0,0.19721903104571264
111984,0,0.0045941207664909785
111985,0,0.07581134425140852
111986,0,0.4517272194494436
111990,0,0.8522658722527158
111993,0,0.06829157585510137
111994,1,0.2663406764273472
111995,0,0.12728298100583077
111997,0,0.12838162099141276
112001,0,0.36194273344131744
112004,0,0.006942989515126464
112005,1,0.2376117796150333
112008,0,0.06424588189999436
112010,0,0.012090214167797458
112011,0,0.057065655592600975
112012,0,0.021118530892706218
112014,1,0.06886302612398822
112015,0,0.02494598564656688
112016,0,0.023561012411772032
112018,0,0.09394085455330495
112019,0,0.08670093464597485
112021,0,0.18836408582809278
112023,0,0.011948182369438645
112027,0,0.015797708088445828
112028,0,0.05582903415733907
112031,0,0.03163183966418208
112034,0,0.0074804246108187466
112038,0,0.01009743731274615
112040,1,0.028538488220883017
112041,0,0.09725931281728747
112045,0,0.33650698627774467
112047,1,0.25128113707234706
112050,0,0.07161472652366084
112052,0,0.058989922688729476
112055,0,0.0032289883671439376
112060,0,0.04008348274153073
112063,0,0.009950503649595623
112067,0,0.039892224205425555
112071,0,0.047704574335122
112072,0,0.5359558287960772
112073,0,0.010298356872111674
112077,0,0.03153166543783294
112078,0,0.0649355573999533
112079,0,0.0771190245559551
112080,0,0.043652596478555086
112081,0,0.34624391191710757
112084,1,0.20544908477726542
112086,0,0.052143037097819776
112088,0,0.0032879440305241666
112089,0,0.023527454331491164
112090,0,0.0466767834800675
112092,0,0.10818890038925086
112098,0,0.03239552337613314
112099,1,0.10194319126131127
112102,0,0.025179134618137432
112104,0,0.030044073650245327
112106,0,0.07399194185561352
112109,0,0.01772369547228601
112110,0,0.0018408769869117329
112113,0,0.08579970220337219
112115,0,0.13024827421997495
112116,0,0.014565793810956334
112120,0,0.0006125614268204563
112122,0,0.00042997913169309153
112123,0,0.15670749541211493
112124,0,0.06479468696170995
112125,0,0.020879884984767325
112126,0,0.15073808095796865
112127,0,0.3708052966303275
112128,0,0.03483790930184806
112131,0,0.037700819664977125
112132,0,0.09656932883941073
112134,0,0.19070506934461567
112135,0,0.03959005967506564
112136,0,0.206674088102762
112139,0,0.12104581959351819
112145,0,0.0031531593350638118
112146,0,0.1079921177579755
112148,0,0.12746313464488676
112149,0,0.15644752311049032
112156,0,0.015337519719496307
112158,0,0.0013057303784070637
112159,0,0.054155751547010134
112161,0,0.06860275435537373
112164,0,0.07088891994900778
112165,0,0.009368581497348597
112168,0,0.36167655194407194
112169,1,0.5537787444275472
112170,0,0.1430011710246098
112171,0,0.010420823625114725
112173,0,0.01070805178142171
112174,0,0.010568301707785105
112180,0,0.038682637489661845
112182,0,0.17806495897303282
112184,0,0.08190669616393664
112186,0,0.01619689652183041
112187,1,0.0592711546237229
112191,0,0.04377576055433589
112193,0,0.07016720438822857
112194,0,0.28483624281870823
112195,0,0.19588655999595858
112198,1,0.14020566305382806
112201,0,0.000668736819441392
112205,0,0.16050283685750166
112206,0,0.010149929328149069
112208,0,0.010318453830774682
112210,0,0.050903306015443885
112212,0,0.5150455559183158
112213,0,0.11119949899411181
112215,0,0.06549741522869254
112218,0,0.11463572553907835
112219,0,0.004129042870689598
112221,0,0.07208420884792274
112222,0,0.017835400063526956
112226,0,0.10491909424600654
112228,0,0.00024213149341652642
112230,0,0.11565499984690819
112231,0,0.26923507244783706
112233,1,0.12929864301240349
112235,0,0.13837051234445857
112237,0,0.039708699105743504
112238,0,0.06199697523051673
112239,0,0.01378767631558667
112240,0,0.02407827802802317
112241,1,0.22452677731461895
112242,0,0.08548922333176642
112243,0,0.06198131074384072
112244,0,0.09177058030357362
112248,0,0.03362865782108195
112251,0,0.06479898554796198
112252,0,0.09038644448879371
112254,0,0.007706835727289189
112256,0,0.008514723925404534
112265,0,0.015359847923027945
112268,1,0.2382116866010182
112270,0,0.03675283286666344
112271,0,0.08980780735406264
112273,0,0.00895177879745139
112275,0,0.05877176193445159
112276,0,0.027536440520173816
112277,0,0.04137886785086169
112280,0,0.02130440129619442
112281,0,0.09265950253690294
112282,0,0.0879804036726362
112284,0,0.02391222708301133
112285,1,0.47908934252395774
112287,0,0.04950910378378337
112289,0,0.0274966751579628
112291,1,0.4909785703745282
112292,0,0.006301284995854801
112294,0,0.06690884661139948
112295,0,0.004662966194102123
112296,0,0.018755953960174727
112299,0,0.009668667397161398
112300,0,0.16912747112552795
112303,0,0.2763138106122757
112305,0,0.39878964650806575
112308,0,0.0013876911862641006
112309,0,0.02623145770517544
112312,0,0.14345569692626658
112313,0,0.1729165044688405
112314,0,0.03350761664619347
112315,0,0.15258210086180224
112316,0,0.0878952582359447
112317,0,0.22704116127221888
112319,0,0.13448948274990377
112320,0,0.06705530351571683
112321,0,0.1048548560629015
112322,0,0.00844689886047188
112327,0,0.3820252294265169
112328,0,0.09235691620440648
112329,0,0.00229174282311922
112330,1,0.046968543264031104
112331,0,0.09540939992468449
112332,0,0.06992455287327339
112333,0,0.339506328219849
112335,0,0.0062427919331805885
112337,0,0.004051732438647235
112340,0,0.01543793969866943
112341,0,0.0023988946417452693
112344,0,0.022025065012045354
112345,0,0.09117364254059458
112347,0,0.05052287826768835
112349,0,0.10427000607689382
112350,0,0.2849783234472164
112354,0,0.06341586016959554
112355,0,0.007031247890372705
112356,0,0.02091609056101634
112357,0,0.0016777408011473846
112358,0,0.2181904754702316
112359,0,0.09332718532700296
112360,0,0.015822667675106913
112362,1,0.1385530962476379
112363,0,0.03382336194763092
112365,0,0.007064684980891749
112368,0,0.08442830766846503
112370,0,0.026129566915713488
112371,0,0.0003555921252577193
112375,0,0.07730709495972254
112377,1,0.03713769244573364
112383,1,0.5520180572683286
112384,0,0.016391071509724752
112385,0,0.015346819857717681
112386,0,0.06825046699559888
112387,0,0.11066083607752435
112389,0,0.035348613673009496
112391,0,0.05984229888245405
112394,0,0.0032587111840132847
112399,0,0.026970002340470534
112402,0,0.13015231255718612
112403,0,0.09292890679697817
112406,1,0.6433924763895646
112408,0,0.01674790675907953
112409,0,0.08773016677516594
112410,0,0.16790902367745306
112412,0,0.005796480350220393
112415,1,0.14188447298513812
112416,0,0.09911211134239292
112419,0,0.032281733998138384
112420,0,0.12550327265138647
112421,0,0.09601157763089911
112422,0,0.1339886032201834
112426,0,0.11634204251181726
112427,0,0.001962593177868105
112431,0,0.005034199886835023
112432,0,0.07352197473607419
112433,0,0.030275074483346476
112434,0,0.014167332492774664
112436,0,0.0025173348082381457
112437,0,0.02007946681382391
112444,0,0.1430115179735987
112446,0,0.17615882130954819
112448,1,0.6141126056205323
112450,0,0.07145786086865275
112451,0,0.11240342922772757
112454,0,0.16304460914212277
112456,1,0.8981105068887603
112462,0,0.19924436652798563
112464,0,0.035464433014677096
112466,0,0.17973374832126826
112467,0,0.15173106261441435
112468,0,0.008343613895543505
112469,0,0.08773710465634299
112475,0,0.2209624663910874
112479,0,0.0004580114601893116
112480,1,0.021822727628179148
112482,0,0.047353844043915745
112483,0,0.08172327227964905
112486,0,0.4542618240349963
112488,1,0.4534195237344029
112492,0,0.1157673805916886
112494,0,0.019450424547267052
112497,0,0.08127201742915312
112499,0,0.06176177083850074
112501,0,0.13898522531297983
112503,0,0.08052366103465902
112504,0,0.06763725458368308
112506,0,0.029132131821184265
112510,0,0.2346455843144931
112511,0,0.07918892584269298
112512,0,0.009745735864807628
112513,0,0.08263047603677737
112514,0,0.044364620945713605
112515,0,0.06092442411707462
112516,0,0.2561060613932423
112525,0,0.1765591663884616
112530,0,0.06079291124773265
112531,0,0.014177573999274166
112534,0,0.19752689726418085
112535,0,0.07608585667728064
112538,0,0.005023856528927244
112543,0,0.06792961893109292
112544,0,0.005875713243636111
112546,1,0.2832816902709582
112547,0,0.02442786115924167
112550,0,0.023922859245159397
112551,0,0.00855680307649304
112552,0,0.4518659916689627
112553,0,0.013743982718454267
112556,0,0.01103325437484402
112560,1,0.213798440471771
112562,0,0.37710547763757185
112563,0,0.009729415978709383
112565,1,0.10366053636522063
112566,0,0.007421355068095265
112567,1,0.22659780388495293
112568,0,0.013550271706177747
112569,0,0.009516426141334128
112571,0,0.026465644622620372
112574,0,0.0840841701986677
112576,0,0.002157763931994335
112578,0,0.023715718315837447
112579,0,0.010379061526444324
112580,0,0.011628010911298578
112581,1,0.21099697472786563
112582,0,0.00937237084179357
112583,1,0.042336594938747286
112584,0,0.03784552433917362
112585,0,0.14470538426604876
112586,0,0.003366063737345804
112587,0,0.0005420346919336839
112589,0,0.11219760273065935
112590,0,0.021148365416225504
112592,0,0.12022795005464353
112593,0,0.3552948998966595
112594,0,0.24293170192967847
112596,0,0.039787060605292794
112599,0,0.0023917360080605117
112600,0,0.06690517436360095
112605,0,0.02143187556960561
112606,0,0.023121775525131092
112608,0,0.11437163198541371
112609,0,0.06881369713457594
112610,0,0.06759242401461804
112617,0,0.02717608073288605
112620,0,0.3451234483356817
112621,0,0.08543261663141119
112622,0,0.010028458681940298
112630,0,0.031131837212538573
112631,0,0.008391643045242684
112632,1,0.1784761405686068
112634,0,0.37545329114157555
112637,0,0.32081148606952314
112639,0,0.10549990680100385
112643,0,0.004041659870616281
112644,0,0.13839793010553914
112645,0,0.002739420905821055
112646,0,0.08573624381107563
112648,0,0.12416230119957221
112650,0,0.10938744560728501
112659,0,0.007865711475790408
112660,0,0.05388439568996726
112661,0,0.01122282146317235
112664,0,0.0038313812813805977
112666,0,0.006804062096249465
112667,0,0.06536248787401204
112670,0,0.019548089464103517
112673,0,0.09400812623333232
112675,0,0.27060811479785085
112677,0,0.14383707633320728
112680,0,0.055649332240856
112681,0,0.12824436333634942
112683,0,0.014745517061196773
112684,0,0.03663860677780858
112685,0,0.03992603200638262
112692,0,0.05970464904479639
112693,0,0.011293008417614719
112697,0,0.02416985166965547
112699,0,0.1733995416862199
112702,0,0.000299832830273909
112703,0,0.04966915957822704
112704,0,0.06342203759855114
112706,0,0.003235778000526037
112707,0,0.033468794899071064
112709,0,0.004443157286499808
112710,0,0.09133645792641089
112711,1,0.033060713030074504
112712,0,0.051322622088116374
112713,0,0.07336855769937202
112716,0,0.20048739613624678
112718,1,0.22183205190843913
112720,0,0.01699143712170035
112724,0,0.0018129922339411944
112725,0,0.13630106218400964
112726,0,0.06279728128223894
112729,0,0.017221432835677307
112731,0,0.01974262949148408
112734,0,0.08571235817552782
112736,0,0.2801089916930921
112738,0,0.1164995229215815
112739,0,0.08225429110053895
112740,0,0.13694357889767828
112744,0,0.02014268263165837
112747,0,0.0643117069648077
112749,1,0.29598935314334385
112751,1,0.007409240722966034
112752,0,0.11717830450936917
112760,0,0.01221407452845778
112764,0,0.11915673517153406
112765,0,0.06206961083585093
112767,0,0.018465139695835214
112769,0,0.019172572052191045
112770,0,0.09883744705376077
112772,0,0.02860689594673988
112773,0,0.011275489834153236
112775,1,0.2757760350671126
112777,0,0.00929898833415103
112781,0,0.06011748875261781
112783,0,0.26034847264354666
112787,1,0.220356304137629
112789,0,0.0241286890583996
112790,0,0.036416080880439454
112792,0,0.026161732594191522
112793,0,0.001986149164198054
112797,0,0.006435712544606757
112798,0,0.22742693509388037
112800,0,0.032034533505575606
112802,1,0.38769640310478054
112803,0,0.027411229251870395
112805,0,0.01127757820871182
112817,0,0.001131165374687695
112818,0,0.011740304390094802
112820,0,0.13769921500574417
112823,0,0.19265562546242215
112824,0,0.05498347754043502
112826,0,0.007039236418652195
112828,0,0.07820357838151773
112834,0,0.2564312504746646
112835,0,0.13738935630904286
112839,0,0.001280152523068737
112840,0,0.16850057616741307
112842,0,0.017676651648596185
112844,0,0.9645519513824279
112845,0,0.023624793814074212
112847,0,0.0052193322082960385
112849,0,0.002257771330171189
112850,0,0.050800606880861285
112851,0,0.07848677960608087
112852,0,0.0707116178241461
112853,1,0.08237312401386374
112855,0,0.07381805083950456
112859,0,0.23297726088950194
112860,0,0.0142918497435953
112861,0,0.07813498740768547
112862,1,0.03374490583648013
112863,0,0.047501192628607275
112864,0,0.0025351070565839584
112866,0,0.28342240542096353
112869,0,0.0038002288688369136
112874,0,0.07371898910613611
112877,0,0.011139830733786594
112882,0,0.0025781447211011828
112883,0,0.1336495099381736
112884,0,0.10774111951355203
112886,0,0.04163483310077141
112889,1,0.5504669265405618
112890,0,0.02929167468583075
112897,0,0.026127713583223133
112899,0,0.0032757776997453273
112901,0,0.41256598885050577
112902,0,0.04025262223023252
112906,0,0.008806611350923633
112907,0,0.1237674525610565
112908,0,0.22119118643586516
112910,0,0.025151048250632125
112913,1,0.18127481592317315
112915,0,0.16709941566409153
112919,1,0.7658182428512054
112921,0,0.021289729492039916
112924,0,0.6363293306955384
112925,0,0.23863805644562336
112926,0,0.1542061314019228
112927,0,0.03973929315978779
112929,1,0.2466111730418214
112931,0,0.010811167647599521
112935,0,0.10989818029104462
112937,0,0.023266846475214098
112938,0,0.03909698569765651
112939,0,0.06595971001884841
112940,0,0.03691886327111614
112942,0,0.015515203210342615
112944,0,0.11716257953220735
112948,0,0.019292961601382143
112949,0,0.11024698486994225
112951,0,0.5294593729925382
112953,0,0.03772665937052717
112955,0,0.032289124644898505
112956,0,0.0043025043692295345
112957,0,0.07399747622318457
112958,0,0.00213124217495693
112960,0,0.010516973985755951
112961,0,0.05600750948214912
112962,0,0.0030098923400821553
112965,0,0.0008133094157842836
112966,0,0.04390949904425402
112967,0,0.3149317642483823
112968,0,0.006787067614175002
112970,0,0.025937520211767623
112972,0,0.03421808498487102
112974,0,0.6798591952339584
112977,0,0.05479350564118386
112978,1,0.26701571587796247
112981,0,0.002184166417185363
112983,0,0.023491390468674867
112986,0,0.00901686390760465
112987,0,0.025305586614199432
112988,0,0.03927481484678687
112990,0,0.025181050365300876
112991,0,0.003780887076740009
112992,0,0.2630397609391502
112994,1,0.06942517914910232
112997,0,0.09791232551155087
112999,0,0.056218736858528975
113000,0,0.05665266976596032
113001,0,0.0022106500476949263
113007,0,0.07371008664312714
113008,0,0.05119613233920291
113009,0,0.05942906825907619
113010,0,0.24384175771375416
113011,1,0.5352062641651714
113013,0,0.18800522177253884
113014,0,0.18930974526159056
113020,0,0.09905986358882804
113023,0,0.013112293772020323
113026,0,0.26192573174599926
113027,0,0.0009404899627756133
113028,0,0.01974602013616769
113030,0,0.01811785859406538
113032,0,0.13169942929915013
113033,0,0.029995578572306857
113037,0,0.06407481263144284
113038,0,0.04949079697064551
113045,0,0.003959409790140359
113047,0,0.03259044149999411
113049,0,0.1227183182908214
113052,0,0.03211261188696112
113055,0,0.24124880643833574
113056,0,0.03072885517286471
113057,1,0.35876367711497475
113058,0,0.00562917314352584
113059,0,0.000843210200925522
113060,0,0.26753946871356005
113061,0,0.004771591706864481
113063,0,0.0033614809199880432
113064,0,0.18876644705673268
113066,0,0.0012431690081898656
113068,0,0.011298341168543028
113073,0,0.2242953977665235
113078,0,0.002333439099101161
113083,1,0.10559180313738761
113087,0,0.06421850931259451
113088,0,0.09958910943504842
113091,0,0.004452667125285819
113092,1,0.047771163143176976
113093,0,0.057561928799293026
113094,0,0.11161648046427111
113098,0,0.015590986691907453
113101,0,0.03656267205022741
113104,0,0.027863898284495446
113109,0,0.01234859190117378
113110,0,0.060792886223674694
113111,0,0.11800959994204527
113113,0,0.08067771277556149
113116,0,0.2774310402193105
113117,0,0.029481761102468536
113118,0,0.05859549437833376
113119,0,0.26098041788770066
113120,1,0.5272353090018966
113122,0,0.041494378015427935
113123,0,0.0012437795362980348
113125,0,0.003928238698030566
113126,0,0.04349078757669868
113127,0,0.16496718850685846
113128,0,0.14591436068630068
113129,0,0.06988645499302598
113131,0,0.11049893934858424
113136,0,0.07893728596316275
113137,0,0.17720980358398694
113141,0,0.044615117034708926
113142,0,0.02192430771735154
113143,0,0.3266231866017334
113144,0,0.1989955559873841
113145,0,0.031023949878066715
113151,0,0.06503659805998731
113152,0,0.01902364671866491
113153,0,0.010597000207106017
113154,0,0.016000746531051064
113155,0,0.26796315333880555
113158,0,0.04155642005558169
113161,1,0.39255200057361483
113162,0,0.09452441558763333
113163,0,0.09487266501357385
113164,1,0.42947093687907645
113166,0,0.2120210265630616
113169,0,0.044362951252325346
113175,0,0.11435670293361715
113178,0,0.0892686252588601
113179,1,0.20332683229439102
113182,0,0.007679778226481871
113183,0,0.03393443909262976
113188,0,0.15222970832851077
113189,0,0.20175444830882056
113194,0,0.12578567262240772
113197,0,0.001293183384425003
113199,0,0.10440857694719925
113201,0,0.024561271510378346
113202,0,0.039654877824855925
113204,0,0.007659733002566231
113207,0,0.0774148976904786
113209,0,0.09253139066562661
113210,0,0.0025376652995284924
113211,0,0.03047540555556232
113213,0,0.007309549870298394
113215,0,0.002105617592968063
113216,0,0.12971039684263408
113220,0,0.0038928774511225407
113222,0,0.03216628694615278
113223,0,0.006623161898226873
113224,0,0.06798374102525188
113227,0,0.20134723395459755
113231,0,0.03410915083535858
113232,0,0.06199156903323415
113236,0,0.05062692768158766
113237,1,0.3626206176786266
113240,0,0.07132834775803165
113242,0,0.10979687243441247
113244,0,0.029836758651158878
113246,0,0.04387689416308681
113249,0,0.030590234210758654
113250,0,0.022541077429391227
113253,0,0.0736815168099196
113254,0,0.02752913583778609
113256,1,0.9065671787828696
113257,0,0.11955315506705384
113259,0,0.03130914610649331
113263,0,0.006710352529218738
113264,0,0.018791865211952398
113266,0,0.005368722663125752
113267,0,0.044412549026146414
113268,1,0.061624895405237176
113270,0,0.028513858206846356
113271,0,0.03712381318899003
113272,0,0.0038024567605304547
113274,0,0.08729513517487203
113275,0,0.0443527766072457
113276,0,0.05056675068322579
113279,0,0.14269986778929963
113281,0,0.0683290909619423
113285,0,0.14649596223060624
113286,0,0.13478126560698356
113289,0,0.0396776332953674
113292,1,0.34827609824509315
113294,0,0.04108221277976421
113298,0,0.13749500684527152
113300,0,0.11471412988552662
113301,0,0.1858835927746671
113302,0,0.00046195878315516805
113305,0,0.08866302353012942
113308,0,0.2828437347261523
113311,0,0.10360087827989091
113313,0,0.010519526177305893
113314,0,0.2781745037335247
113316,1,0.14345824143621952
113317,0,0.029470771804053008
113320,0,0.014486627780285925
113324,0,0.04772286907352026
113325,0,0.00833275410264013
113326,0,0.17405669681749483
113327,0,0.1953265689511086
113328,0,0.010622417548418982
113331,0,0.024569074171823795
113332,0,0.0024130188993830436
113336,0,0.0554954736484784
113337,0,0.4221372771784223
113340,0,0.040952096871112634
113341,0,0.01792839343590465
113342,0,0.04835076511905849
113343,0,0.20567247016722004
113344,0,0.00933048536441249
113347,0,0.008964989885052756
113349,0,0.33249433193403155
113350,0,0.053064808176782705
113353,0,0.017295451916662274
113355,0,0.2819907378391913
113357,0,0.01858470859078438
113362,0,0.053805344985366
113363,0,0.027190167524052976
113364,0,0.0056076692941022166
113365,0,0.0019354245884397382
113366,0,0.013800953084079878
113367,0,0.2900539247478079
113368,0,0.01620767795148214
113369,0,0.05979781654974246
113370,0,0.25865934627824966
113371,0,0.2925833244882591
113372,1,0.08336370910733928
113373,0,0.008868570136607832
113374,0,0.00065591695390559
113375,0,0.1554691732961702
113376,0,0.028248665074574526
113378,0,0.09327069382694583
113379,0,0.120603922975238
113384,0,0.042995650957168154
113385,0,0.09184429081815593
113386,0,0.06522268496816847
113394,0,0.03864497652807939
113396,0,0.007475553214013102
113398,0,0.025036282321951635
113399,0,0.22349850227355042
113401,0,0.0010432745795542115
113403,0,0.02600374012924799
113404,0,0.06206190584763327
113405,0,0.14368343720739002
113406,0,0.795618370831288
113409,0,0.006430675733756007
113413,0,0.008653946291165327
113415,0,0.015029848226707965
113416,0,0.15053168498354888
113418,0,0.002006255287780875
113420,1,0.07401390065440158
113423,0,0.013747816589959596
113425,0,0.031605049601095524
113427,0,0.1599200070846814
113429,0,0.10778505643892419
113430,0,0.2641238530916015
113431,0,0.008564785397096458
113432,0,0.01523155478696317
113435,0,0.019750586409284072
113436,0,0.007127692589730036
113437,0,0.11305324319228816
113439,0,0.05848227322677936
113440,0,0.048630586124404865
113442,1,0.11174411498432443
113443,1,0.22301785143048264
113445,0,0.0033457095665417776
113446,1,0.7680500939647651
113447,0,0.04120731427939624
113448,0,0.004631739170255395
113450,0,0.04141083053045838
113451,0,0.27702888674345605
113452,1,0.09614515949394327
113453,0,0.020662433160800457
113455,1,0.36054934448934095
113456,1,0.012379717267369788
113457,0,0.1142048691863988
113461,0,0.036043886886966
113462,0,0.023208172166874586
113463,0,0.033068068883876506
113464,0,0.002729792853167206
113468,0,0.16204210650141143
113472,0,0.01912102512874819
113473,0,0.04230827787718396
113475,0,0.04144518921861019
113477,0,0.0433933251210621
113478,0,0.1694129531614408
113479,0,0.03690972792046187
113480,0,0.035977919483400525
113486,0,0.10775113491466441
113487,0,0.21137192785633543
113488,0,0.054850262866109875
113492,0,0.0742153161203734
113493,0,0.02170527995311633
113494,0,0.23404132397450228
113499,0,0.013388818629440701
113500,0,0.02444401318619611
113505,0,0.003978687648698605
113507,0,0.0009227086912353653
113509,0,0.014865623521273519
113510,1,0.15976077342547998
113511,0,0.20763415235638258
113513,0,0.001176143968828492
113514,0,0.36337669168223374
113516,0,0.13095483817957018
113519,0,0.02171456425044609
113521,0,0.14127281327199653
113527,0,0.2640149384868227
113528,0,0.37412269415370947
113531,0,0.014165511681216575
113532,0,0.010234153182863985
113539,0,0.07690453978525608
113541,0,0.1071195985185239
113542,1,0.057234696306473376
113545,0,0.011123907112811504
113546,0,0.04104569634258407
113547,0,0.09927196788249344
113548,0,0.04933633297071704
113550,0,0.029925963619630586
113551,0,0.005331717465889864
113552,0,0.1769178910204144
113553,0,0.06395838182780553
113558,0,0.0212681546641999
113559,0,0.08702948467275307
113560,0,0.030244413310454632
113562,0,0.022870150023257076
113565,0,0.0036701064675599736
113566,0,0.009836571743125884
113569,0,0.03622811253129811
113573,0,0.29835276282052503
113574,0,0.16806845007961005
113575,0,0.3248168580133028
113576,0,0.023902965373007547
113577,0,0.04174705493220544
113578,0,0.007127275031907196
113580,0,0.05653196362522021
113581,0,0.060647348520311416
113582,0,0.05361883042857311
113583,0,0.0020195997510698183
113586,0,0.1261074971881686
113587,0,0.04227614538333006
113588,0,0.08484743968549321
113590,0,0.04218418161613956
113591,0,0.13523650835064513
113593,0,0.026644230402419828
113597,0,0.2146614099947685
113599,1,0.4357542547651166
113600,0,0.022929890050420128
113602,0,0.04291686971021578
113614,0,0.042974977174034576
113615,0,0.012495720244785563
113616,0,0.09783410797383225
113619,0,0.07947736362646074
113620,0,0.0018577020650785213
113621,0,0.03227191437658516
113624,0,0.02394787884114208
113627,0,0.3085282909270709
113628,0,0.12561981289592483
113630,0,0.04788608078955122
113631,0,0.04717675825220237
113633,0,0.02001554317407194
113636,0,0.004880983525134689
113637,0,0.00396798760210524
113638,0,0.00095284984731053
113639,0,0.10375433655848303
113642,0,0.19347653697025718
113644,0,0.001536499202509196
113646,1,0.24143406087506952
113647,0,0.03639323194592467
113648,0,0.07275838613946584
113649,0,0.3918242095583738
113651,0,0.4177783506509935
113652,0,0.030300690309917305
113658,0,0.021216365641146342
113660,1,0.019345842640249807
113661,0,0.0009456185198570631
113663,0,0.015215024098361615
113664,0,0.4083013198627087
113666,1,0.11533995429087476
113668,1,0.15294191911340052
113669,1,0.05121893432629136
113672,0,0.14646070963615646
113673,0,0.0034663667490111632
113674,0,0.14537506934090544
113676,0,0.0013933591399130402
113677,0,0.001435648873825162
113678,0,0.019749085852455682
113680,0,0.01117867020781552
113681,0,0.08397085552598488
113683,0,0.09892146502555045
113684,0,0.20631308102913576
113687,0,0.05881194787979305
113690,0,0.0004449180296214111
113692,0,0.000933640798862388
113695,1,0.08426438006970878
113696,0,0.01414333339929979
113699,0,0.06281403011741409
113701,0,0.057987788307678624
113702,0,0.03656178221411449
113704,1,0.27338237222771594
113706,0,0.0861103202063308
113707,0,0.08427779653473333
113708,0,0.0003272941972532257
113709,0,0.03593684393338134
113714,0,0.0508774164878632
113715,1,0.18933982278489733
113716,0,0.012368634836503403
113717,0,0.02845988862013326
113723,0,0.0272483133850002
113727,0,0.008563487843863465
113730,0,0.13110312371932564
113731,0,0.0015360468838104724
113733,0,0.18882823803656917
113734,1,0.12193520788445215
113735,0,0.1517090540821947
113737,0,0.11414678278650074
113738,0,0.031880857956727335
113742,0,0.001102564581199155
113746,0,0.021512035435388967
113747,0,0.14076848015024704
113750,1,0.19462819432108963
113751,0,0.1117909549137551
113754,0,0.0034389356898358162
113757,0,0.011628421047730268
113761,0,0.00637406999108346
113762,0,0.0512244205654057
113763,0,0.04423312551883666
113766,0,0.010252729012472098
113767,0,0.08476278932716545
113768,0,0.014842791936510705
113769,0,0.0075349911363000064
113770,1,0.1919537246265654
113773,1,0.34379868411255543
113775,0,0.0165939865855751
113777,0,0.07713454666864945
113779,0,0.010535276757915109
113781,0,0.015292748115845889
113785,0,0.0472276184889762
113787,1,0.15274964868520832
113788,0,0.014700934885353099
113791,0,0.00029463868304895844
113792,0,0.011761402275321376
113794,0,0.0024311104878872673
113799,0,0.042392189860464856
113801,0,0.10321604885831617
113803,0,0.0559963766902532
113807,0,0.006771171881034379
113808,0,0.02992378712397279
113810,0,0.06551019320123941
113812,0,0.003376368368351086
113813,0,0.02041296319667449
113815,0,0.0410683274806571
113816,1,0.2065365089825157
113817,0,0.05444699048382172
113819,0,0.05536780680900457
113820,0,0.04243614242225294
113822,0,0.018359336088959406
113824,1,0.03308466473527194
113825,0,0.0339802243040353
113826,0,0.28532461449023155
113827,0,0.06389216564638742
113828,0,0.006578465327574066
113831,0,0.16836805653316783
113834,0,0.030263419172092555
113838,0,0.019829552713954885
113839,1,0.0883374101489762
113840,0,0.0845294860152616
113841,0,0.12467389468931726
113843,1,0.08026452087682973
113844,0,0.05016800650121559
113846,0,0.009475011343044772
113847,0,0.01300184207870143
113849,0,0.000921830436146346
113851,1,0.24367086053846596
113852,1,0.511684174943542
113854,0,0.0870838125319274
113856,0,0.20902811516725936
113857,1,0.03670701553329945
113859,0,0.12986925009815248
113860,0,0.010341225142182735
113862,0,0.013309418822503138
113863,0,0.03231000642420271
113865,0,0.030562405776696583
113866,0,0.01726373277470505
113868,1,0.625199226949746
113869,0,0.07097906150243341
113870,0,0.03575668581667374
113871,0,0.16010426530611635
113872,0,0.15927980678686668
113874,0,0.07359925974564267
113881,0,0.09954436543490144
113888,0,0.08213720958504496
113889,0,0.348402310013756
113891,0,0.005153363838736042
113893,1,0.08409737901436234
113894,0,0.038964151900030566
113895,0,0.3186512151384594
113897,0,0.021217403952005366
113898,1,0.15639459738756387
113899,0,0.10513680946377169
113900,0,0.06002721154078633
113903,0,0.013856196482168131
113904,1,0.22839495310168365
113906,0,0.017017521298699594
113907,0,0.05656666906069578
113910,0,0.03872638284272223
113912,0,0.23695070419909187
113914,0,0.0005028350086864112
113915,0,0.0834092984859752
113917,0,0.05141643330790718
113921,0,0.03785066253801981
113922,0,0.10705418361691468
113925,0,0.0032630767947569883
113926,0,0.20945758446363608
113928,0,0.0023072478611489587
113930,0,0.009973119360766728
113934,0,0.044781992980137644
113936,0,0.16548018174479875
113938,1,0.02548126242083564
113943,0,0.07875045801481659
113944,0,0.14364963990019022
113945,0,0.07714015833734096
113946,0,0.030972488095106287
113947,0,0.0028871822737908956
113951,0,0.08914676520657135
113953,0,0.008371191102831067
113954,0,0.028899139874284024
113957,0,0.028802060383880074
113958,0,0.07550953887362954
113965,0,0.01680422215977139
113967,0,0.005930806712253399
113968,0,0.036772569144576134
113971,0,0.14576092106415406
113972,0,0.031924598439809174
113973,0,0.10473846931804495
113976,0,0.07913572574327529
113977,0,0.052388986070781164
113978,0,0.09330823686951825
113979,0,0.0007952777909534123
113980,0,0.028281901538769433
113982,0,0.2047244210416351
113983,0,0.021968562857843158
113986,0,0.2111474407740886
113987,0,0.032977468400735614
113992,1,0.32264999548156253
113994,0,0.04340404994932788
113998,0,0.03507688305065381
114001,0,0.02986799373609377
114005,0,0.016965499012679453
114008,1,0.5156139341312598
114015,0,0.03234118065168414
114017,0,0.14955242769337235
114019,0,0.05898955729184591
114021,0,0.08453980470083097
114023,1,0.40560031002281727
114027,0,0.09240667687715387
114028,0,0.08832373164614146
114030,0,0.0032301274806629384
114032,0,0.056369792839182274
114034,0,0.2500873540630903
114035,0,0.04774239905630566
114036,0,0.09505858140862271
114037,0,0.014377952405225717
114038,0,0.07887640419971112
114039,0,0.12640820099533492
114040,0,0.4146263871129167
114042,1,0.11257646304863353
114043,0,0.2524131918410502
114045,0,0.23097332532541395
114046,0,0.014897454078123299
114048,0,0.002495302284050286
114049,0,0.29563475003622897
114052,0,0.0780891754481847
114053,0,0.028094761019642762
114054,0,0.19988988702395388
114056,0,0.08127899325741836
114057,0,0.004908824233081018
114058,0,0.22174294699624014
114059,0,0.08554448567953546
114060,0,0.008119134128344556
114062,0,0.05879689911668405
114067,0,0.023375554267935035
114068,0,0.0010606387789115145
114069,0,0.04598107596726912
114071,0,0.057132926135922024
114074,0,0.006992133123645698
114075,0,0.0006435105648664437
114078,0,0.0017658666884742275
114081,0,0.3712582004433747
114082,0,0.04321502421169874
114083,0,0.12359027179393858
114087,0,0.06649216788394777
114092,0,0.04271158389385097
114093,0,0.009512712050319299
114096,0,0.08226448580617383
114098,0,0.0259508619912536
114101,0,0.06724239472953289
114103,0,0.022221378100850946
114105,0,0.0702981487811957
114106,0,0.06588675089885368
114108,0,0.010896485765975211
114110,0,0.010590062409362336
114111,0,0.1214083397343905
114112,0,0.02686705217463563
114114,0,0.05616867280129213
114116,0,0.007248626339336399
114117,0,0.015111905796672088
114118,0,0.2425622796289943
114122,0,0.07737997255144846
114123,0,0.0465102568453032
114124,0,0.02469022383557511
114125,0,0.07315452086348079
114128,0,0.16205906605613535
114130,0,0.015047075038239544
114133,0,0.07715951320839898
114135,0,0.001036280809932062
114136,0,0.06448578552123736
114141,0,0.06549178135408178
114143,0,0.03150925122553171
114145,0,0.038459480904706855
114147,0,0.010861514585477806
114148,0,0.17156208868161427
114153,0,0.020264509409121455
114157,0,0.004231236716087478
114159,0,0.10092574982930473
114161,0,0.1781847393900607
114162,0,0.16125838519793206
114163,0,0.22684431253671766
114165,0,0.07304736536405543
114167,0,0.002287266507626318
114168,0,0.15786636656583428
114169,0,0.02152748630531758
114172,0,0.08302939928645978
114173,0,0.0409225500409429
114178,0,0.07903340857334076
114179,0,0.31811346218268843
114181,0,0.16246019813310233
114182,0,0.0413260448562102
114183,0,0.001609599130971595
114184,1,0.0563523157345898
114185,0,0.026858722754981346
114186,0,0.04897057686934146
114188,0,0.01471732400310186
114189,0,0.3139688392277717
114194,0,0.06935292929870424
114195,0,0.0062074987395449276
114196,0,0.010668788772085176
114199,0,0.02481056918622614
114203,0,0.036927928883052
114211,0,0.012328351370259238
114212,0,0.009459450546138327
114213,0,0.27085549076197013
114219,1,0.01934562918612349
114220,0,0.008370002935860602
114222,0,0.006379125413022653
114227,0,0.001179686526930095
114228,1,0.047086365566179365
114229,1,0.26975310126040447
114231,0,0.02385193161758852
114235,1,0.38248992048413677
114236,0,0.16380179182598317
114237,0,0.04122417494382149
114239,0,0.03332391675483812
114240,0,0.059596334764374245
114243,0,0.10729997400405614
114244,0,0.02844703537426747
114246,0,0.01840143843711175
114247,0,0.08156868702420886
114248,0,0.05307294672087746
114251,0,0.13918080865957844
114254,0,0.03867303026721603
114257,0,0.04454616773429139
114259,0,0.055542742973255746
114260,0,0.008532918431741964
114261,0,0.1039651687705744
114268,0,0.0516767612396833
114269,0,0.12699223970553616
114272,0,0.0033973676234444203
114273,0,0.04280901244356048
114274,0,0.11592547078389895
114276,0,0.058935138328116324
114279,1,0.12640712005541022
114280,1,0.1395967993465754
114287,0,0.005468152441639154
114291,1,0.12768443220496134
114293,0,0.06440020920640538
114294,0,0.024409843499521567
114297,0,0.06390883132311116
114298,0,0.012428233984300412
114299,0,0.31082689866858065
114300,0,0.0428274939964602
114303,0,0.014632557103528551
114305,1,0.18974452570808206
114306,0,0.014451481764384416
114307,0,0.03622663489037133
114311,0,0.05393620095804406
114312,0,0.006180409311069062
114314,0,0.1301083474599028
114319,0,0.0007792724378303349
114320,0,0.1618434145581287
114323,0,0.024909068676350114
114324,0,0.1441426452644685
114327,0,0.0895743534847226
114329,0,0.07000269669721873
114331,0,0.029632481732575322
114332,0,0.15239035934344744
114333,0,0.0037630949437327406
114334,0,0.0015317471141607722
114336,0,0.15519623556712064
114337,0,0.10086411633233583
114338,0,0.014807425637447197
114339,0,0.02933497650470549
114340,0,0.07923146413243407
114342,0,0.002611440766847773
114343,0,0.003179960424637107
114345,0,0.023583640024266182
114346,0,0.03540363985154477
114349,0,0.038356146447644165
114351,0,0.1535992985686263
114352,0,0.010642962876326044
114353,0,0.06456371480684168
114354,0,0.07061951237598663
114355,0,0.017182443679442945
114357,0,0.04453551902960098
114361,0,0.11937916858823058
114363,0,0.23120408471670117
114364,0,0.053592108329629476
114366,0,0.06081178011994054
114369,0,0.1776571904305924
114371,0,0.18569338026682672
114372,0,0.020746891271393075
114374,0,0.012140076487192234
114375,0,0.4417751261105156
114376,0,0.006178605496795319
114377,0,0.004482632343102344
114379,0,0.00986727498446016
114380,0,0.01726257974543765
114383,0,0.38147135576341895
114386,0,0.09480464170401227
114387,0,0.007159411196620423
114388,0,0.0080440700661982
114389,1,0.2713095421041259
114393,0,0.01997450471561748
114396,0,0.029116402939771146
114403,1,0.13936337938625215
114404,0,0.09072770609501986
114405,0,0.01185065203368731
114406,0,0.3277621598736336
114407,0,0.07874279387745509
114409,0,0.039323030819479424
114410,1,0.07306962381371483
114412,0,0.003163021732322088
114413,0,0.034443521674246975
114414,0,0.08763690000166882
114415,0,0.023589567970660766
114417,0,0.147457838190395
114419,1,0.11720440755671639
114420,0,0.04806978734755618
114422,1,0.10857734835674662
114423,0,0.02233737049687882
114425,1,0.1780496737965766
114427,0,0.03694943178546446
114430,0,0.0007882903720661568
114431,0,0.035740784414937186
114438,0,0.04878838229579304
114444,0,0.36435768868793483
114445,0,0.04344699441188178
114446,1,0.051631550644926236
114448,0,0.002352522968223568
114449,0,0.08347469759420774
114450,0,0.4731646944972157
114452,0,0.00859162232682444
114453,0,0.009725690192285795
114456,1,0.13471945423736706
114458,0,0.012128422746595886
114461,0,0.08719533402516225
114462,0,0.2631695066658852
114463,0,0.06261007419023197
114466,0,0.006127362994392965
114467,0,0.032396005457496005
114470,0,0.02512737015758123
114472,1,0.10059786807910495
114473,0,0.032077438521679436
114475,0,0.05380885653968635
114478,0,0.0013084713059670645
114481,0,0.06308761409071584
114483,0,0.09671588765194836
114486,0,0.13029200134219865
114487,0,0.10656704159314716
114490,0,0.05586481411613105
114491,0,0.11867598845780206
114493,0,0.09241796979155262
114497,1,0.11122092387552633
114498,0,0.04606843714115921
114499,0,0.035678180662944904
114500,0,0.04047027171698213
114505,0,0.0018246950044952409
114507,0,0.2227314214146432
114510,0,0.09269613098830196
114512,0,0.015920016692466326
114514,0,0.04619476747998367
114515,0,0.23575987715212138
114517,0,0.11940341848891911
114519,0,0.04164641585522281
114520,0,0.11820535212882277
114521,0,0.006527080497118027
114523,0,0.004308984282969691
114527,0,0.038671630687671335
114529,0,0.15803942510605373
114530,0,0.014115205550746236
114532,1,0.6120292132227114
114533,0,0.0017064690355110827
114534,0,0.3813887261720771
114535,0,0.08523235661348205
114536,0,0.0023284921593094638
114538,0,0.0066438539972359465
114539,0,0.04408898293810627
114540,0,0.34584105360818007
114542,0,0.0029273592421442036
114543,0,0.032280672894728205
114545,0,0.18873736347640074
114547,0,0.1663654661152531
114548,0,0.053862892712215914
114554,0,0.4427177408876026
114555,0,0.0010790962162909594
114557,0,0.008498133515578783
114559,0,0.0019839150920560474
114560,0,0.021597964444752628
114573,0,0.07554289892446306
114576,0,0.006549374662150752
114578,0,0.010319673241253085
114579,0,0.14599419761331686
114585,0,0.1691256483731367
114586,0,0.1994949549164844
114589,0,0.311534072548962
114594,0,0.0207670970595635
114595,0,0.028967989054968578
114602,0,0.0014327103782849704
114607,0,0.0270231634134382
114608,0,0.09215627933906574
114610,0,0.0371446353292854
114611,0,0.027772549350082214
114612,0,0.012571921911500384
114614,0,0.1517037430796733
114615,0,0.0036573118828246596
114616,0,0.08249366374137145
114619,0,0.037349852324791044
114620,0,0.03653556774463099
114621,0,0.01525059058580911
114622,0,0.17146638943407172
114624,0,0.05784081863441052
114631,0,0.01051092309329511
114632,0,0.4895501982731683
114633,0,0.007172571485667396
114637,1,0.10276173516121963
114638,1,0.5015779427322438
114641,0,0.0005950797901033063
114643,0,0.04186842172880748
114645,0,0.032395076943985426
114646,0,0.1489924570035386
114647,0,0.05108657616177499
114650,0,0.07961463504380042
114651,0,0.15100733488927573
114652,0,0.06508049522097838
114653,0,0.09112884587347839
114657,0,0.010637921478229749
114658,0,0.07886530164407032
114659,0,0.014480917458068388
114660,0,0.0023352647935319156
114661,1,0.16359617660873357
114663,0,0.0736304179861354
114664,0,0.06709086013225708
114671,0,0.07379572058198489
114672,0,0.019914172378308982
114673,0,0.04291780575298521
114677,0,0.08192799523263852
114680,0,0.1490647328562536
114681,0,0.3870764774040734
114682,0,0.03315933773625218
114686,0,0.20032778320159136
114687,0,0.021390830321164067
114688,0,0.0008930543064172519
114690,0,0.004653915556743679
114692,0,0.19282107901103435
114693,1,0.050812389549891465
114695,0,0.0008469146177295526
114698,0,0.07975338521378367
114699,0,0.07999480195034922
114700,0,0.08876775505546414
114701,0,0.01249594663658948
114703,0,0.1054716420945182
114705,0,0.11928159594627905
114707,0,0.24762452316190173
114708,0,0.08954422809740725
114709,0,0.002522860721534479
114712,1,0.8081304740548989
114718,0,0.01594836799970429
114723,0,0.005277941518799875
114724,0,0.08434284327702225
114728,0,0.004662177603294437
114729,0,0.025536231354106875
114731,0,0.03561921212191764
114734,1,0.2858098595812842
114735,0,0.169980518269502
114738,0,0.09854090893904316
114739,0,0.163509695860759
114740,0,0.051335212405567356
114741,1,0.28219836408402704
114744,0,0.028734049743328584
114745,0,0.18153959500125313
114746,0,0.041047261235327925
114747,0,0.00815710644944508
114756,0,0.02713429170291178
114757,0,0.06075882902762499
114759,0,0.0003558199011588182
114762,0,0.004998815745416269
114765,0,0.043165566054582154
114769,0,0.0084720276427839
114772,0,0.005532471515898292
114774,0,0.03522232010904031
114775,0,0.0037299896161499717
114782,0,0.002751981880570427
114785,1,0.17909562873945237
114789,0,0.1782430010255909
114790,0,0.4036016465938346
114791,0,0.5696974007062658
114793,0,0.02010444117643375
114795,1,0.08218416265852595
114797,0,0.2140336349463209
114798,0,0.013475998347709933
114799,0,0.20427262684991626
114801,1,0.48870797716266123
114802,0,0.20035819459044407
114803,0,0.005172989227820969
114806,0,0.0020258859094543
114807,0,0.006001795729550265
114808,0,0.02655774180296331
114809,0,0.0028532318397241894
114811,0,0.04003707338824021
114818,0,0.01910243754960196
114819,0,0.002470547989212973
114821,0,0.04331677351100006
114822,0,0.12918235382928217
114825,0,0.041982939539741464
114826,0,0.10737813686677558
114828,0,0.17625469393141863
114831,0,0.37582584424221466
114834,0,0.025758162411094278
114835,0,0.008454708082242772
114838,0,0.09852579845467334
114841,0,0.07078261271503741
114842,0,0.04299554844643943
114843,0,0.1069406750446464
114846,0,0.2099532231165485
114848,0,0.0322237829477183
114849,0,0.4070830336353669
114850,0,0.03703086299705662
114851,0,0.008029557920252738
114852,0,0.04656946303422458
114853,0,0.17361126100457044
114859,0,0.1943217741274214
114861,0,0.12190593373743563
114862,1,0.15174176046640203
114863,0,0.044711245376231584
114864,0,0.02848700223155201
114865,0,0.059187911073682
114868,0,0.008858171630316549
114870,0,0.04462243467836573
114871,0,0.09773917001558943
114872,0,0.02867269465825789
114877,0,0.13327294257707875
114879,0,0.011953238443225102
114883,0,0.05370124101853198
114886,0,0.05331891683843223
114889,0,0.1669525488041606
114890,0,0.009079180319519193
114893,0,0.050662217388202146
114894,0,0.07575310111867892
114895,0,0.017749425121391587
114897,0,0.02645141731472304
114898,0,0.09006956369992239
114901,0,0.043327544092369316
114902,0,0.10097751498764218
114903,0,0.16499107472682625
114905,0,0.03848013175051891
114906,0,0.0037643446064234316
114907,0,0.07912332172283264
114908,1,0.2578453523574515
114910,0,0.013389212616991284
114911,0,0.0053584427519040275
114912,0,0.015249311868869644
114913,0,0.03399770681162022
114915,0,0.013370695881838096
114916,0,0.024679811085372854
114917,0,0.047003226064184535
114919,0,0.09613074814225533
114922,0,0.11009256329319331
114924,0,0.09351640884445653
114925,0,0.0023439267057272285
114926,1,0.11293214295840778
114927,0,0.01659752871796494
114928,0,0.010398565562503185
114929,0,0.022612529819122092
114931,0,0.04480148036613339
114932,0,0.02968615165857681
114933,0,0.011772338919828528
114934,0,0.07539876652770286
114935,0,0.010872388668475211
114937,1,0.28778192161461813
114940,0,0.042322019982214215
114941,1,0.22418356119726018
114942,0,0.032675135909077606
114943,0,0.08227129007945928
114944,0,0.27583706174332
114953,0,0.01703868711718241
114954,0,0.0004259957937814904
114955,0,0.3975285177752624
114958,1,0.41147686394936694
114961,0,0.06501548738694232
114962,0,0.25772202037930775
114963,0,0.15364213602859858
114965,0,0.0484951364011044
114966,0,0.014244528766948048
114968,0,0.015218612841078264
114970,0,0.14665045803752505
114973,0,0.09220712178628754
114978,0,0.005587601941749084
114979,0,0.24215718339913156
114982,0,0.3880932964812144
114984,0,0.00636298169773996
114985,1,0.25279758704352173
114986,1,0.6349344999069
114988,0,0.0767541679532947
114989,0,0.11763356707967601
114993,0,0.14166682349403073
114994,0,0.038854444337812134
114995,0,0.031036598139682937
114996,0,0.02133032629244655
114997,0,0.04687218576844041
114998,1,0.1521044266090001
115003,0,0.00810767771230346
115004,0,0.0017104644485383346
115005,0,0.03918422684416088
115006,0,0.004085225519650717
115007,0,0.08358735092242608
115012,0,0.02479357848657341
115013,0,0.031088318708255312
115015,0,0.06374789610335857
115018,0,0.10822875405185706
115021,0,0.21176319787128048
115023,0,0.024733185653857202
115028,0,0.15787154184923036
115030,0,0.026715614618627724
115034,0,0.04148583876380714
115035,0,0.0640046580810364
115036,0,0.008032698152109385
115037,0,0.0038188917123736315
115042,0,0.2413942443598
115044,0,0.022626412182818408
115045,0,0.005465231983257891
115046,0,0.03448044029726599
115047,0,0.015989717326155155
115051,0,0.3917099888097014
115052,0,0.015489357472474458
115053,0,0.00032735644739057744
115055,0,0.006221996221267292
115056,0,0.032707033673528646
115057,0,0.2481876586430649
115058,0,0.0424511791602702
115060,0,0.2934739481668367
115063,0,0.25738766152486825
115065,0,0.0020005954837494914
115066,0,0.10179845074199931
115069,0,0.000787745504291803
115070,0,0.00235012759765489
115074,0,0.06428941460711093
115077,0,0.032266352323341484
115081,0,0.047620769855440434
115082,0,0.014370242071674717
115083,0,0.03205404889292597
115085,0,0.12456357885388061
115088,0,0.00039579414224110863
115089,0,0.019124188134645417
115090,1,0.3686955669148536
115091,0,0.05882369356536051
115094,0,0.011675743977525119
115095,0,0.2035031094829416
115096,1,0.2774522940453701
115097,0,0.024100217354363504
115099,0,0.01763477326599646
115100,0,0.1309033078561732
115110,1,0.029866151520126245
115120,1,0.5090396938276467
115122,0,0.014741954031840998
115123,0,0.065235904651755
115126,0,0.03699015700377549
115127,0,0.061257653618005156
115129,0,0.011093140001679713
115130,0,0.0002849901903190214
115133,0,0.03821845409273808
115138,0,0.928225089299405
115140,0,0.07399315299171089
115141,0,0.028654533334793723
115142,0,0.09549882375695845
115143,0,0.3472476169338998
115144,0,0.022587100277147103
115146,0,0.2512255591772308
115147,0,0.027615572014610672
115150,0,0.04469768453418013
115151,1,0.5504875666195478
115154,0,0.08012442086439606
115155,0,0.000803312993757911
115156,0,0.039560681120738427
115159,0,0.08692499153119249
115160,1,0.12845959491968487
115161,0,0.05532000782736114
115164,1,0.24160035265718977
115171,0,0.21533520591444585
115173,0,0.2482489804031503
115181,0,0.07685901795428096
115185,0,0.1220632119188726
115186,0,0.00042227874841618856
115187,0,0.621036059891232
115188,0,0.0055259866586394426
115189,0,0.08626415580823314
115190,0,0.2846996192032649
115191,0,0.0007735557709831087
115192,0,0.06257612151440675
115193,0,0.0042723745060583105
115201,0,0.0350659277418355
115202,0,0.08043359733416805
115203,0,0.18683545308490235
115205,0,0.002242951235682176
115206,0,0.06502165286899267
115210,0,0.22134026419051556
115212,0,0.07019303562272759
115213,0,0.047794113604932444
115215,0,0.05215485847066635
115217,0,0.05268699641913992
115218,0,0.10563549729457493
115219,0,0.05028226529805766
115220,0,0.020930399812490154
115225,0,0.026655212918925482
115226,0,0.12168371213234626
115229,0,0.003809185722486004
115230,0,0.010557627986901639
115231,0,0.1307507003855612
115232,1,0.11357997621120317
115235,0,0.016783085558864364
115236,0,0.18420553217585253
115238,0,0.004520127610401752
115240,0,0.061746138641986616
115242,1,0.33090383289679504
115243,0,0.014986148839676616
115244,0,0.021721655392703952
115245,0,0.0058256923188830245
115247,0,0.10226379097946434
115249,0,0.10034325813139691
115250,0,0.012814634524963611
115253,0,0.3097278935162213
115254,0,0.14793723126173236
115255,0,0.02640047439325589
115257,0,0.0036013491676805246
115258,0,0.005488443660623249
115260,0,0.004771450289657609
115261,0,0.012089096231974438
115262,1,0.06474993646028922
115263,0,0.08001018136470331
115266,0,0.11066914128909852
115269,0,0.07424163866843718
115270,0,0.04825411382800411
115273,0,0.13579667560539105
115276,0,0.004910916209503106
115279,1,0.36867614049860775
115280,0,0.008404015597289819
115281,0,0.18621924342229568
115283,0,0.025279891944666205
115284,0,0.015228412982437567
115287,0,0.10689674621315777
115288,1,0.311902662899205
115289,0,0.0020338284671490353
115290,0,0.014301881056595415
115292,0,0.1037827284978132
115294,0,0.000675845331523659
115295,0,0.10518583953996101
115299,0,0.01664563392650847
115300,0,0.05115868023142826
115304,0,0.05010994597394771
115305,0,0.0771618352302594
115307,0,0.012733280393663513
115308,0,0.047474859657120685
115309,0,0.11769626866928748
115310,0,0.06965705702022171
115316,0,0.057632592345851344
115317,0,0.022783808076340884
115323,0,0.0015340242999319568
115325,0,0.021382477977837405
115326,0,0.007249933880869995
115328,0,0.07500841962806522
115331,0,0.07657858723950557
115332,0,0.003732952011766227
115333,0,0.03331612930547833
115334,0,0.06286107211635268
115335,0,0.013648616769082921
115337,0,0.09379455437952211
115338,0,0.01723151818649665
115342,0,0.03481316105227304
115346,0,0.011292043447542473
115350,0,0.005911107167080953
115355,0,0.04967686276064885
115358,0,0.16003550265563837
115359,0,0.005398882964137509
115362,0,0.04411494486070679
115363,0,0.01035701944283533
115365,0,0.003831308079419945
115371,0,0.10596995872370515
115374,0,0.0018680456701641237
115375,0,0.010254280514014759
115376,0,0.04414519294908248
115379,0,0.11684363873801981
115380,0,0.054482657761912946
115382,0,0.012434106638194883
115383,0,0.15394456927434386
115386,0,0.2568770198954983
115387,0,0.04031924805682891
115390,0,0.003122700056091459
115393,0,0.055740684694859335
115394,0,0.1444881756007084
115395,1,0.07367817918147415
115396,0,0.14921993137180128
115398,0,0.18676296647033191
115401,1,0.04514892150195574
115402,0,0.05071880866090698
115406,0,0.0011764987213254158
115407,0,0.043108276428212036
115409,0,0.2303955141559923
115410,0,0.0005716867943459711
115411,0,0.03538330066478357
115416,0,0.015511958115154881
115417,1,0.47822736986920694
115418,0,0.011387513932154564
115421,0,0.016650036408099995
115423,0,0.008905404603746586
115426,0,0.03749952372344968
115428,0,0.08359434154259858
115432,0,0.009987646793631963
115435,0,0.004524858199145184
115437,0,0.11042475722006102
115438,0,0.02488019531075376
115440,0,0.18775135620760613
115441,0,0.024156977665550344
115442,0,0.04771016910484176
115443,0,0.054504840699649414
115444,0,0.2022267718315048
115445,0,0.10459792191493227
115446,0,0.06621820560169536
115447,0,0.00808010128414141
115450,0,0.010970146244370947
115455,0,0.004638038183399307
115458,0,0.09925636465624305
115459,0,0.1814393602851996
115465,0,0.04563955231977552
115466,0,0.0349515045359667
115467,0,0.022591129513942376
115469,1,0.3622073421253467
115470,0,0.04771139005242877
115471,0,0.0017008900793453574
115472,0,0.019003796750650497
115474,0,0.040277309209756376
115478,0,0.07112338124995135
115479,0,0.005036786663959363
115480,1,0.5409608207423147
115485,0,0.019110702335905994
115487,0,0.013505571537259209
115489,0,0.05593869096053959
115490,0,0.11273589182170825
115493,0,0.12206057381944593
115494,0,0.14997739097630042
115495,1,0.10175250164007468
115498,0,0.07840482567025267
115499,0,0.0037339563679778228
115501,0,0.04039473575456337
115503,0,0.24579931175073044
115504,0,0.25785147171003797
115506,0,0.003595282242651604
115509,0,0.026896181175597306
115510,0,0.001016365506992216
115511,0,0.16717357223048052
115512,0,0.006827712619210188
115514,0,0.02936394820089916
115518,0,0.05372705674831092
115520,0,0.0005616796343571902
115521,0,0.03238407584157048
115524,0,0.06706933232725037
115526,0,0.1379206160836906
115530,0,0.013691493513660547
115531,0,0.5100177904344864
115532,1,0.339707331655563
115538,0,0.03040344015086046
115539,0,0.058521288266997505
115542,1,0.03946864736705436
115544,0,0.0005983729889825241
115545,0,0.0001919493380233
115546,0,0.045981367119016944
115547,1,0.3503305055526237
115550,0,0.031642638387030256
115551,0,0.007909641806147413
115558,0,0.09963469132794549
115560,1,0.12969215734825135
115563,0,0.0030565461043222915
115569,0,0.24798123428931698
115573,1,0.129746054657078
115574,0,0.02898214821116436
115575,0,0.02931681572966644
115577,0,0.008081673906254019
115578,0,0.02298112015329328
115579,1,0.17080504713377653
115580,0,0.17929870954525629
115581,0,0.07878215223273845
115583,0,0.25649524703287785
115584,0,0.009123687561929576
115585,0,0.15655484048184432
115586,0,0.013220858795864326
115587,0,0.02404305614804795
115588,0,0.07557021277811157
115590,0,0.02439750225106897
115591,0,0.03774838256084752
115592,0,0.044009117935779885
115596,0,0.003662631928051873
115598,0,0.0192202099917312
115599,0,0.041575559570043906
115600,0,0.13579549948341366
115601,0,0.0037260172112937523
115603,0,0.025270507521427087
115604,0,0.16422691138794093
115605,0,0.6153597748079895
115608,0,0.025211562194736175
115609,0,0.0030782189782476107
115611,0,0.06485826380988938
115613,0,0.031939686724407876
115614,0,0.0017171733243045825
115615,0,0.001402589713753121
115617,1,0.0596393333808208
115621,0,0.007105533385852287
115624,0,0.10305915006644625
115629,0,0.05176116643919075
115632,0,0.4593029036572725
115634,0,0.021190371418449865
115636,0,0.03633436622027315
115639,0,0.06785447325738062
115643,0,0.086569621400852
115644,1,0.062304806334248085
115645,0,0.006009469014412135
115646,0,0.1289807954895891
115647,0,0.15730134003461033
115649,1,0.15444330486887153
115651,0,0.024645152800005916
115656,0,0.18914827370010576
115657,0,0.135328131019933
115661,0,0.12696805836400835
115662,0,0.034147586161725134
115663,0,0.12052462286856178
115666,1,0.31691319170915194
115668,1,0.10954593959444783
115669,1,0.3123371995177976
115670,0,0.11806394767849324
115671,0,0.032673386437699584
115673,0,0.0009560064500916687
115674,0,0.45319971718445357
115676,0,0.04402098067253238
115677,0,0.006536513862273471
115678,0,0.06391332029174421
115680,0,0.060767857904597676
115683,0,0.021453326991365727
115686,1,0.49082494751905914
115687,0,0.013239072641491855
115692,0,0.038388930539123754
115698,0,0.048438851506891575
115701,0,0.10411839902731072
115705,0,0.06258033611873366
115710,0,0.07782282073929159
115711,0,0.039077907657781075
115714,0,0.07603572310786486
115715,0,0.07159944321685976
115724,0,0.00810400377744432
115727,0,0.5026244815635231
115728,0,0.0006237343576506284
115731,0,0.008832847623754313
115732,0,0.3303579453485647
115736,0,0.1617912843122761
115739,0,0.07988187522996229
115740,0,0.13826489141814974
115741,0,0.01076867456561813
115743,0,0.034419401186972495
115744,0,0.09123109250252327
115746,1,0.10764236142101324
115747,0,0.06662753740109811
115749,1,0.09106802359327784
115750,0,0.015276351473569708
115751,0,0.05254143810450318
115752,0,0.10629036860770003
115754,0,0.05992878890965512
115756,0,0.004192783138904752
115757,0,0.263153596488163
115759,0,0.012891858785134899
115764,0,0.009194145083893324
115766,0,0.013271621178259762
115767,0,0.018817542588205328
115770,0,0.15311031717882
115772,0,0.0056201463581236535
115776,0,0.00986208790876929
115780,0,0.008090983816786287
115782,0,0.033321126464047064
115785,0,0.0011683711015373064
115788,0,0.012381818366332056
115791,0,0.05874004621333075
115792,0,0.0033986804925563857
115793,0,0.1217379156363833
115796,0,0.05112959326880636
115800,0,0.10638878989062792
115801,0,0.04347941358744139
115802,0,0.0626716120831334
115803,0,0.05440355334310517
115804,0,0.04853914403269036
115805,0,0.029698856302559452
115806,0,0.00279993671230921
115807,0,0.24934634974491915
115808,0,0.1809246024331492
115809,0,0.29642895437332917
115813,0,0.006666634420565335
115814,1,0.012937707263263657
115815,0,0.1353573495738985
115816,0,0.09228676899899517
115818,0,0.04182084786980826
115820,0,0.05599790774247666
115822,0,0.013837714847238313
115827,0,0.09299471946508688
115829,0,0.019116004663646723
115831,0,0.0037828433397863242
115833,0,0.004746308672436442
115834,1,0.22172111255558988
115842,0,0.19410049542435442
115843,0,0.036614923708660804
115844,0,0.030406415428550354
115846,0,0.1856253733770255
115848,0,0.12469295035725694
115850,0,0.19303454684964286
115851,0,0.035506233182977034
115853,0,0.010601506474680776
115854,0,0.011507484433463186
115856,0,0.09020947741536357
115858,0,0.2514413865937126
115859,0,0.040452794442379245
115860,0,0.02755421128120395
115861,0,0.0847190889390685
115862,0,0.013072941236479545
115864,0,0.03452943147113421
115867,0,0.24540847554736162
115868,0,0.11409542587513499
115874,0,0.07018566691798261
115875,0,0.25688880712864376
115876,0,0.2501324112357059
115878,0,0.008033712108136673
115879,0,0.025412528226854192
115880,0,0.01516028092891263
115882,0,0.02041020884405308
115883,0,0.013255775769430003
115885,0,0.13285880591361782
115886,0,0.03249859667593551
115887,0,0.09742772444930349
115888,0,0.05444941465362927
115889,0,0.06704478972849486
115891,0,0.07579402916868909
115895,0,0.09574714068223253
115898,0,0.10394718396470748
115904,0,0.05988268027676265
115907,0,0.07360594169410521
115908,0,0.028279682104423953
115909,0,0.4460574386020199
115912,0,0.0257007150419739
115913,0,0.01192891675979072
115914,0,0.12085474037875858
115915,0,0.016005729956048174
115917,1,0.05887152547945037
115923,0,0.004452477096536357
115926,0,0.11807784401190387
115928,0,0.14005959534950643
115929,0,0.004139391583116488
115934,0,0.010010854877158871
115935,1,0.27162157476957705
115936,0,0.08081571434051858
115939,0,0.4069236301745267
115942,0,0.14573282237063911
115943,0,0.09019341672277137
115950,0,0.2272961052712265
115951,0,0.01788239233699322
115953,1,0.6318322900663275
115955,1,0.37828271575945055
115957,0,0.0641695960263649
115958,0,0.09714121490880694
115959,0,0.005790152429566908
115961,0,0.1275851779181007
115963,0,0.07899272493627219
115965,0,0.04998019057292917
115968,0,0.03477372197871066
115969,0,0.45046375971398545
115972,0,0.14732129535842273
115976,0,0.0041010918288085455
115978,0,0.14280904676778877
115983,0,0.06504847727834674
115985,1,0.12804723283719877
115986,0,0.13422331455680894
115988,0,0.043789348408235486
115989,0,0.1162865218229961
115990,0,0.010108830987750042
115993,0,0.1200821425191954
115994,0,0.10171054458385616
115995,1,0.14569151794575136
115996,0,0.6802034494198991
115998,0,0.004059558021503292
115999,0,0.08491024732937032
116000,0,0.014758308188643543
116001,0,0.04970811709428477
116002,0,0.004026724271843586
116003,0,0.002140241972197472
116004,0,0.003185562985089904
116005,1,0.10866553576460644
116008,1,0.20452429988326348
116009,0,0.07323566273834471
116010,1,0.20519811187360526
116012,0,0.02566191903417776
116013,0,0.22177155960902145
116014,0,0.020018558167614827
116018,0,0.13703646150618068
116019,0,0.010174113682108153
116021,0,0.03482716725113654
116022,0,0.03558410570271474
116026,0,0.005369693989896184
116027,0,0.04554257114691483
116028,0,0.034494982517486845
116029,0,0.1762298154725473
116030,0,0.059673592935824124
116031,0,0.04862216982262464
116035,0,0.004969569652020826
116036,0,0.07942179079614489
116038,0,0.07874607182973101
116041,1,0.06404019455073491
116042,0,0.01287831374860716
116043,0,0.19619429685957768
116044,0,0.06181099493321777
116045,0,0.013322600355014471
116046,0,0.004257203627443479
116050,0,0.028559085728638273
116052,1,0.27501808946330125
116053,0,0.011500059092093238
116056,0,0.06414777814732169
116057,0,0.10166812546348543
116061,0,0.05728004749655911
116062,0,0.04011344897868212
116065,1,0.17984166942479268
116067,0,0.20317791446720884
116070,0,0.10742199562150709
116071,0,0.0017713964359862104
116072,0,0.005420960912671135
116073,0,0.10426086423165885
116074,0,0.005753583108575567
116075,0,0.015182485674049648
116076,0,0.03519872436318937
116077,0,0.07086312792312095
116078,0,0.0280603436065761
116079,0,0.11770319328809567
116084,0,0.05595991373785325
116085,0,0.02770558869152855
116088,0,0.013921849884290067
116089,0,0.01033371248171508
116090,0,0.002129739840915207
116094,0,0.1651378640875148
116097,0,0.2465187824984992
116099,0,0.19155413366049256
116101,0,0.07004766799116509
116103,0,0.05731202733386982
116104,0,0.002990968511202257
116107,0,0.025418993851442074
116109,0,0.19871722352872911
116110,0,0.0023975987533744313
116112,0,0.03121882050106136
116113,0,0.010979531339139776
116114,0,0.003377206101533035
116115,0,0.09128072695754197
116116,0,0.09974046094407911
116118,0,0.004005481337267457
116120,0,0.11596860506960412
116121,0,0.004359237231829587
116125,0,0.0510036490575508
116127,0,0.23305961970840688
116129,1,0.0943474967223892
116131,0,0.07605012019509441
116133,0,0.018070762342188337
116135,0,0.14194690316309672
116138,0,0.015350510634935083
116140,0,0.20920232039539077
116141,0,0.08074755991014455
116142,0,0.025625045324052693
116144,1,0.3367247248358841
116145,0,0.005060761038552091
116147,0,0.08127130565406722
116148,0,0.18898346501846025
116151,0,0.07610952053363548
116152,0,0.010055587293720438
116153,0,0.013430634446115983
116157,1,0.007261102727280679
116160,1,0.7709552404568746
116164,0,0.028702413467692728
116165,0,0.155192424155418
116166,0,0.08735894282926832
116167,0,0.00928554230588672
116169,0,0.06368317672544721
116171,0,0.006856086823116442
116174,0,0.06514898752499192
116177,0,0.04839786789366034
116178,0,0.011728717606635216
116180,0,0.012507755039677423
116181,0,0.037474425008020285
116182,0,0.0009623598248830112
116183,0,0.0064877791424475095
116184,0,0.04180189479126082
116186,0,0.03086978487567929
116187,0,0.16641833809726175
116190,0,0.00944629134658178
116196,0,0.35836088396255933
116201,0,0.014880993455440092
116202,0,0.1034514439969487
116203,0,0.3109348467555179
116205,0,0.14428143182364217
116206,0,0.043427035084405805
116207,0,0.051719548611644406
116208,0,0.06602132512704487
116210,0,0.16604538155214393
116211,0,0.16345144909742987
116213,1,0.0766836475202008
116216,0,0.061649361534721656
116219,0,0.010020002637075745
116225,1,0.5728396523494268
116226,0,0.010906617183222698
116228,0,0.0013225303380484308
116231,0,0.01016062592901495
116235,0,0.015752219497390703
116238,0,0.010885400718984334
116240,1,0.1530585412920686
116241,0,0.35005443722012297
116242,0,0.010043328634533905
116243,0,0.045057478771495116
116247,0,0.09764629394570305
116251,0,0.0020103218797046154
116254,0,0.0800593639593457
116260,0,0.03922262596413521
116264,0,0.12247576988383461
116267,0,0.05826679324848659
116268,0,0.1880316395590823
116269,0,0.09393580512600032
116270,0,0.09424403351437445
116271,0,0.00835008134590162
116274,0,0.19378700892838358
116276,0,0.09322996336746338
116278,0,0.06615000198044267
116280,1,0.06970133196360148
116281,1,0.2504363049882764
116283,0,0.041122790505945944
116284,0,0.06849281168829238
116286,0,0.04974856635410431
116287,0,0.008380629752993059
116290,0,0.0022121265708507426
116291,0,0.0036904619701532914
116292,0,0.03933180815114455
116293,0,0.0010029674107359208
116294,0,0.002319156891602732
116295,0,0.023905276913660393
116296,0,0.008180085465083328
116299,0,0.04563157435918257
116300,0,0.017197429257668557
116302,0,0.017612319480078725
116303,0,0.12785620203964485
116305,0,0.003216914586336239
116306,1,0.30345473443766924
116307,0,0.10388186218906859
116310,0,0.10839328480622801
116313,0,0.17016594292027848
116314,0,0.0010872575034916847
116315,0,0.08795858183499869
116319,0,0.2943769302609784
116320,0,0.03122697631627853
116322,0,0.030275913050877578
116325,1,0.27113889788303913
116327,0,0.023214347572439877
116330,0,0.021810736825482655
116335,1,0.11534365691364597
116336,0,0.02259949681605816
116338,0,0.04532437528048537
116339,0,0.2193440973867598
116341,0,0.009847293809876092
116342,0,0.013150637184944514
116344,0,0.05212212520227114
116345,1,0.022349159432896733
116346,0,0.21610358926032194
116347,1,0.5092186297149364
116348,0,0.004805030972764563
116351,0,0.0480609798932492
116352,0,0.011962036008948563
116354,1,0.2852602166893202
116355,0,0.002626666575897594
116356,0,0.0005214407211923602
116357,0,0.02362985488257901
116360,0,0.02887160488991012
116362,0,0.19455553728596803
116372,1,0.012313269511191337
116373,0,0.04665344859576022
116374,0,0.021877316367247636
116375,1,0.19494337120891797
116376,0,0.19431569137920612
116378,1,0.08452500620458034
116380,0,0.10195144291110372
116381,0,0.14828163346830975
116382,0,0.032511652913862085
116383,0,0.030280775065493724
116384,0,0.02929818892562831
116386,0,0.03349017027185634
116387,0,0.06610628244654235
116389,0,0.4455895089188714
116390,0,0.058145637825827434
116397,0,0.09815877834930511
116398,0,0.0049992088762389406
116400,0,0.10670524106949639
116404,0,0.039107867036050084
116405,0,0.04790866896208581
116406,0,0.05674210710165691
116407,0,0.08858574087821314
116410,0,0.0144779319525563
116415,0,0.027525323674978626
116417,0,0.022573481732152467
116420,1,0.14733933170560648
116421,0,0.138308721377578
116423,0,0.011791920911730822
116424,0,0.014809484279289815
116426,0,0.047272538375645504
116428,0,0.04497409126298126
116430,0,0.014486244975999093
116432,0,0.08035235832024697
116433,0,0.0006116696961919572
116434,0,0.0017009909323462426
116435,0,0.061937106487302496
116436,0,0.007743698890124986
116437,1,0.5358444470806203
116439,0,0.3642495643918545
116441,0,0.06352390789370803
116442,0,0.10127952153092172
116446,0,0.00016888295341630746
116447,0,0.08268007177899292
116448,0,0.0019789325341667196
116449,0,0.021692619631721248
116451,0,0.021944069781760285
116453,1,0.039000004014901085
116455,0,0.01212003573194518
116456,0,0.0880867244920328
116457,0,0.03797328403468589
116459,0,0.13050247614505694
116461,0,0.11915461550962778
116463,0,0.05611386622191311
116464,0,0.10742803301236951
116467,0,0.056253620444523
116472,0,0.12757562841644488
116474,0,0.05871258413842976
116475,0,0.010652203853682556
116480,0,0.15746691742699173
116483,0,0.030274932360385486
116485,0,0.039264539604906175
116486,0,0.03207198122559018
116487,0,0.07164161782640414
116488,1,0.16470487063975842
116490,1,0.5475981646981787
116492,0,0.012109011818652978
116493,1,0.06611149593533547
116495,0,0.041008304618417465
116499,0,0.20071886641882122
116500,0,0.17396657434197488
116502,0,0.0370635884613976
116503,0,0.06819812002643715
116505,0,0.009618671469463397
116507,0,0.013029613950827487
116508,0,0.0005991071865638021
116509,0,0.03690093031221832
116510,0,0.09635173551882048
116511,0,0.014654574565996878
116515,0,0.015137468706866119
116518,0,0.08031741328085168
116522,0,0.15186755489940987
116526,1,0.3040889687419606
116528,0,0.0044960046913467815
116529,0,0.011159018853381048
116532,0,0.003107463115673553
116533,0,0.027680128200268446
116534,0,0.007946612689195495
116537,0,0.013772780222364323
116542,0,0.11469641287824532
116546,0,0.004975549254538439
116547,0,0.018189197856585786
116551,0,0.012650735342907041
116556,0,0.03306131569978186
116557,0,0.09436447173649828
116560,0,0.019904007650673444
116561,0,0.015878572519477555
116562,0,0.2936490088108449
116563,0,0.06614158669852295
116565,0,0.09232099342358004
116569,0,0.06772429273352308
116572,0,0.025729178787526247
116574,0,0.06958347559027761
116575,0,0.001333363440349681
116579,0,0.0023549886977198274
116580,0,0.019048846879552033
116582,1,0.04560424240021498
116583,0,0.009194096261026543
116587,0,0.12833974760190442
116588,0,0.12094504958077334
116589,0,0.22214797527555002
116595,0,0.019485664629295702
116596,0,0.11979912567948432
116598,1,0.5610662526266358
116600,0,0.06809677838938608
116601,0,0.10452214724571193
116602,0,0.01344080855209925
116605,0,0.15407213078462867
116607,0,0.05261793171572028
116609,0,0.03413669409932894
116610,0,0.014196606597782341
116613,0,0.012789759906857757
116614,0,0.0037445526596734634
116616,0,0.06328728112025718
116617,0,0.022283952253571947
116620,0,0.17999822400410542
116622,0,0.0611082370259709
116623,0,0.09717486694766456
116625,0,0.044263203523336125
116627,0,0.1372476951267933
116629,0,0.001835202479727673
116631,0,0.013452190967400643
116632,1,0.7306824133197282
116633,0,0.003182333695778856
116634,0,0.17027134137464786
116635,0,0.003229802903554742
116642,0,0.0860066479844602
116643,0,0.15392408885214967
116644,0,0.01556592679923922
116646,0,0.030974342731451283
116649,0,0.02191430814987637
116650,1,0.1243237689687805
116652,0,0.26597509717760415
116654,0,0.10234776207678227
116655,0,0.043215483691706726
116656,0,0.04058231716566931
116657,0,0.007313539048557402
116660,0,0.0072767844029175705
116662,0,0.10190332951827426
116664,0,0.0009628400701969155
116666,1,0.5540324048142821
116667,0,0.04085205348854641
116668,0,0.047128318120849735
116672,0,0.05017115655848645
116673,0,0.38598704594250194
116675,0,0.3299734365108956
116677,0,0.07845593497241103
116678,0,0.0006057770821188419
116680,0,0.032788968226828245
116684,0,0.057362819229503
116691,0,0.03457373018441602
116693,0,0.0843543303201171
116694,0,0.03271479624160556
116698,0,0.05384559310159781
116699,0,0.06434232913450065
116700,0,0.08081943983457855
116703,0,0.011809311638574311
116704,0,0.0019691230666399632
116705,0,0.006003165081109566
116706,0,0.06468172392033429
116707,0,0.08906551478909228
116709,0,0.16079628288352565
116710,0,0.21825236957134247
116713,0,0.004402616447116539
116716,0,0.05866119474064454
116721,0,0.010237430866753602
116724,1,0.17562059625631926
116725,0,0.03341968858173066
116727,0,0.006475268218616473
116728,0,0.0339621977719274
116730,0,0.07555562785865239
116734,0,0.08453770887877038
116739,0,0.021591886649155675
116741,0,0.41576966331583376
116744,0,0.0001976193687776625
116745,0,0.0763297211352236
116747,0,0.015556695636080805
116749,0,0.26743108146605354
116750,0,0.0060350930768976125
116756,0,0.43093963700075627
116757,1,0.4300113159231868
116760,0,0.10053037995324351
116761,0,0.008134916481431713
116762,0,0.21363038266243106
116764,0,0.0733749517048039
116766,1,0.055745429860741956
116767,0,0.00993767869548523
116768,0,0.000523418838207553
116769,0,0.010712017811559544
116770,0,0.10791881130267773
116773,0,0.06692598474478183
116776,0,0.24025775480557182
116780,0,0.05167938176599911
116782,0,0.010970124239927428
116783,1,0.27300731573117865
116784,0,0.062085979461332076
116785,0,0.03023108226659711
116786,0,0.0762489395875952
116791,0,0.10342068843575092
116794,1,0.34296884326491606
116796,0,0.00040730044984474905
116799,0,0.16096263111181164
116802,1,0.8140674115745524
116806,0,0.08203903701213885
116807,0,0.0574234272066268
116808,0,0.008770096736508174
116809,0,0.11057907545864491
116810,0,0.00483818975973189
116812,0,0.0028297898034235526
116813,0,0.01479412890681987
116814,0,0.046152733679781975
116816,0,0.1275256794835754
116819,0,0.07617322203275405
116820,0,0.015108772828105663
116822,0,0.0006282391183809117
116823,0,0.021922096537444053
116824,0,0.03250774687278459
116826,0,0.12461320206274984
116831,0,0.02508049115385131
116833,0,0.008083814113482959
116834,0,0.06409776577025539
116836,0,0.1093386211068427
116843,0,0.001423529489180131
116844,0,0.0008257986452492665
116846,0,0.05955222547846055
116847,0,0.061437571517011146
116850,0,0.11677302588176404
116855,1,0.13276776793981554
116857,0,0.032661172451401446
116858,1,0.017664520503586453
116859,1,0.18034130083702618
116861,0,0.04327161066565242
116864,0,0.24904290023194528
116865,0,0.055917352373722154
116867,0,0.0039610294172925525
116869,0,0.05527596573140682
116871,0,0.003408946339594049
116873,0,0.01522897483701798
116874,0,0.004999880962917871
116881,0,0.022408345749161052
116884,0,0.09300931502590655
116886,0,0.0010907309325143156
116888,0,0.007128655403926504
116889,0,0.26695269321853027
116890,0,0.23537011206746553
116892,0,0.2209090811175395
116893,0,0.01672923123429608
116894,0,0.30906275758136853
116895,0,0.12399548789453116
116896,0,0.0019042528775470406
116898,0,0.043812250019812184
116899,0,0.09185533829321375
116900,0,0.28003804378429675
116901,0,0.03770591945619695
116904,0,0.19516373634237277
116906,1,0.05934165280145267
116907,0,0.1213362714955741
116911,1,0.12192830847508018
116913,0,0.01963929929186163
116914,0,0.005271437984185485
116915,0,0.06315041957328658
116916,0,0.10185054666931952
116917,0,0.07748118244311399
116920,1,0.17921663626891632
116923,0,0.07634132238746197
116928,0,0.0904118842852706
116929,0,0.00831143880601613
116931,0,0.014485112089122693
116932,0,0.004253456048300356
116935,0,0.006881887905227625
116940,0,0.007717536462892928
116941,0,0.003952210390208136
116943,1,0.2236690930924845
116947,0,0.017788176405076905
116952,0,0.021948476565066852
116955,0,0.27403261602766704
116956,1,0.1394625639523145
116959,1,0.11245666826908067
116960,0,0.009278970049417117
116961,0,0.08610040924916915
116962,0,0.1268866891624838
116963,0,0.024611720866964504
116964,0,0.007724051498903277
116966,0,0.05105371298103806
116967,0,0.04473423448472506
116968,1,0.11850136495242829
116969,0,0.0005226233013680497
116970,0,0.013784237563421314
116971,0,0.021964182557224182
116972,0,0.15159441394436782
116978,0,0.23194640955405582
116979,0,0.017270964972691948
116980,0,0.011547793300613899
116981,0,0.0609686853212469
116984,0,0.20400928145187444
116988,0,0.012973238029315829
116989,0,0.03776514009223676
116990,0,0.22952374810159823
116991,0,0.08013969289883928
116994,0,0.09983655505831249
116997,0,0.11736403131598365
116999,0,0.2602264020665962
117000,0,0.053339157672906076
117002,0,0.02864638793293548
117006,1,0.30012366179782507
117010,0,0.14825832752601148
117011,0,0.024596126469157004
117014,0,0.02906371313499509
117015,1,0.8400810075939722
117017,0,0.037334450450966575
117019,0,0.2779232245032578
117021,0,0.013525888709821307
117022,0,0.04236627316215034
117023,1,0.03185910823517782
117026,0,0.21200676823783393
117028,0,0.016965689269872245
117031,1,0.6201439740116117
117032,0,0.05756408738684117
117033,0,0.03206970751950806
117035,0,0.02547543656093822
117036,0,0.07213461432143972
117037,0,0.04993288613497828
117038,0,0.03053023744136955
117039,0,0.12174302850251333
117040,0,0.03929434672157185
117044,0,0.06932538306194407
117045,1,0.5238067524185867
117049,0,0.007531896172517111
117050,0,0.08769960046192389
117052,0,0.07386701853615509
117054,0,0.0016074441346722369
117055,0,0.1268740586050391
117058,0,0.1428424963193607
117059,0,0.01969305020577527
117060,0,0.016109826197848516
117061,0,0.0030965348412734144
117062,0,0.0012316125818026724
117063,0,0.01064611854627354
117064,0,0.16722435576654643
117067,0,0.09036684141557111
117068,0,0.04179692109912616
117071,0,0.004266828398199976
117073,0,0.3031432134107275
117077,1,0.19524661704970647
117081,0,0.005742858493987096
117082,0,0.0015877823700707692
117086,0,0.0010851775389930849
117090,0,0.046824076330014654
117091,0,0.054889366202199016
117095,0,0.0012058795456104826
117101,0,0.18901475585595975
117102,0,0.0009479604483215283
117108,0,0.07190458154212813
117114,0,0.0258021750449197
117116,0,0.19401682469705503
117117,0,0.11271590350192069
117118,0,0.0034709886795971077
117120,0,0.09485056053952297
117124,0,0.02151421226554481
117129,0,0.0003707580229780467
117130,0,0.1690294771902403
117131,1,0.07406106264611714
117132,0,0.07915173934300893
117133,0,0.03139201198124466
117134,0,0.0682159712878148
117136,0,0.03374614858316573
117138,1,0.14503189878703346
117139,0,0.10974563342068751
117145,0,0.10126043917199586
117146,1,0.3715640952605666
117147,0,0.020202239437386738
117150,0,0.2598627825353209
117156,0,0.012107560050795533
117158,0,0.08784892337405799
117159,0,0.00339642952248092
117161,0,0.021006563520398834
117164,0,0.11719233739845406
117165,0,0.35216696413346676
117166,1,0.34326423960700797
117172,0,0.029092674360305083
117173,0,0.2904973110874737
117174,0,0.017701296891370157
117177,0,0.028402675511350707
117178,1,0.11632245718354109
117180,0,0.014757808263449588
117181,0,0.005068585561546929
117182,0,0.04315537368677198
117186,1,0.011569974653169408
117187,0,0.07026679946059891
117188,0,0.04772601504723398
117190,0,0.0014682016043271967
117191,0,0.010681809270975132
117192,0,0.4246747773340928
117193,0,0.07997913615046126
117195,0,0.001275707544849306
117198,0,0.06862001221277195
117200,0,0.2931359369145454
117204,0,0.06717942832385582
117208,0,0.20317145781783835
117209,0,0.018641119621839456
117210,1,0.13386650206715073
117211,0,0.12663758591203156
117212,0,0.01792134772488013
117215,0,0.07051242235953498
117217,0,0.23756021949099665
117219,0,0.07444750638378862
117220,0,0.05642257217362563
117221,0,0.17797808470776827
117222,0,0.021360272273928217
117224,0,0.023350177603985715
117226,0,0.008316474697179103
117227,0,0.00454265141991203
117230,0,0.1007818682181291
117232,0,0.04634266388363213
117234,0,0.08269581242126137
117235,0,0.008069300308490028
117236,0,0.010630961635270591
117238,0,0.1723443662949259
117241,0,0.09041817811322125
117242,0,0.05556190179148549
117243,0,0.011678535309593018
117244,0,0.024090701761078727
117249,1,0.32193137847483416
117250,0,0.08463671221302752
117251,0,0.09130913539112522
117253,0,0.06051525890313482
117260,0,0.13160114263197437
117261,1,0.027965139476985756
117263,0,0.16917023377628143
117265,0,0.049174464963505846
117266,0,0.01783427611111248
117270,0,0.005980396331090399
117273,0,0.028120980148974416
117274,0,0.018060830033667652
117275,0,0.05778425648097226
117276,0,0.03547987324709008
117278,0,0.0028264371575486666
117280,0,0.08738323276237683
117282,1,0.22147025994462372
117285,0,0.01645937549555279
117286,0,0.004170234484613857
117287,0,0.03616986540258238
117289,0,0.01233777742717709
117290,0,0.09623766612059566
117291,0,0.0014908937490526416
117292,1,0.03072343957891676
117293,0,0.09322992288793218
117294,0,0.3069689137793001
117295,0,0.06768071897012454
117297,0,0.1548288665854956
117301,0,0.02123541302472686
117302,0,0.04135840148365292
117305,0,0.12458335464344694
117306,0,0.0012290686715075408
117307,0,0.029622728145551447
117308,0,0.02329762370910441
117310,0,0.3154452305481438
117312,0,0.0729672731914213
117313,0,0.0012865728177929444
117314,0,0.32285362777386284
117315,0,0.048655620021534715
117316,0,0.12079324679574863
117319,0,0.14036232755847802
117320,0,0.008851056194477517
117321,0,0.16680273274657284
117322,0,0.03781911227618174
117328,0,0.27805339908820986
117331,0,0.49374181622577407
117335,0,0.1723098770610731
117336,0,0.06600900752264074
117339,0,0.2540852875092744
117347,0,0.003157785202715626
117351,0,0.03178745317939497
117353,0,0.05365296730363024
117354,0,0.056473727504175265
117357,0,0.0009022140959535372
117358,1,0.02878798170509478
117359,0,0.27937523575752393
117363,1,0.24552971595652698
117364,0,0.004972160109758576
117365,0,0.2176436636675934
117368,0,0.12794057796620173
117370,0,0.025908777264745293
117371,0,0.013189352462792653
117374,0,0.00452394044796897
117375,0,0.09206818859616417
117377,0,0.0015302354829184249
117379,0,0.006131834700780695
117383,0,0.03666623034011462
117384,0,0.03813291639602123
117387,0,0.1504959602353227
117388,0,0.08711673708910136
117389,1,0.24332886637101062
117395,0,0.03927155683557116
117397,0,0.11431449563618526
117398,1,0.45425826850135265
117400,0,0.07699332121689381
117402,0,0.13326358353611706
117405,0,0.03505593059334216
117407,0,0.016411136264770324
117409,0,0.011165721394235868
117411,0,0.15466438601704097
117412,0,0.010935862876484678
117414,0,0.07240198791209038
117418,0,0.10181247585331618
117419,0,0.14477195305242246
117420,0,0.09407630572473251
117421,1,0.0004770758316034394
117428,0,0.03637507259665655
117429,0,0.05384106102865087
117432,0,0.03351059566373717
117434,1,0.12289010944146828
117435,0,0.04202735265438236
117436,0,0.1156228998037784
117437,0,0.15760861938638163
117438,0,0.03275914598021532
117439,0,0.31527114399125533
117440,0,0.05391928821194739
117441,0,0.13261359717744065
117442,0,0.13442005919812544
117447,0,0.012156575318073091
117450,0,0.03791396420021256
117453,0,0.0037719099518325463
117454,0,0.042874517711937135
117458,0,0.08663405099748449
117460,0,0.4268460860246269
117463,0,0.06521855738259348
117464,0,0.01866609765427248
117465,1,0.28940079942299296
117466,0,0.0028195737530158837
117467,0,0.8355892538309394
117468,0,0.001794302535047097
117470,0,0.014715830094073123
117471,1,0.06720833629482703
117474,0,0.0011014944925080033
117481,0,0.09339749152343135
117484,1,0.006582285751022363
117485,0,0.042066867560787466
117491,0,0.012288105062734018
117494,0,0.04339261268271942
117496,0,0.013321950869476884
117498,0,0.21229832136331178
117499,0,0.004050282921746648
117500,0,0.049691913085201184
117502,0,0.0542871786810626
117504,0,0.02619505081560264
117505,1,0.2943661445522249
117507,0,0.08988923141607108
117510,0,0.002423752877996835
117511,0,0.006847541082537145
117513,0,0.026139395940070392
117514,0,0.05180701402693307
117516,0,0.3699602309016992
117517,0,0.015748713613563003
117518,0,0.03075259652194462
117523,0,0.03808054106835651
117529,0,0.009201622171998316
117530,0,0.015178321681567717
117531,0,0.00764920805694687
117537,1,0.14768408852904147
117540,0,0.09230947663450983
117542,0,0.40046983641521344
117543,0,0.0008884244443348857
117546,0,0.17319718749349464
117549,0,0.16279590720810794
117551,0,0.17036829801754524
117554,0,0.1352428008502175
117556,0,0.014930986190517668
117558,0,0.1580924543742696
117559,0,0.029059150137684807
117566,0,0.23367451079376794
117570,0,0.04148468068611396
117571,0,0.17724176340309178
117573,0,0.17413652549033304
117574,0,0.042471946326364286
117575,1,0.04366234160595822
117577,0,0.02126056084029388
117580,0,0.04584085860585666
117581,0,0.0009401957321177104
117586,0,0.16060256165947656
117587,0,0.0059792248941790815
117589,0,0.030726950944080855
117592,0,0.039216198277297346
117599,1,0.3526941378379835
117600,0,0.00381938666437779
117603,0,0.00550825648388496
117604,1,0.561196900839043
117605,0,0.03313559199345497
117606,0,0.019336087936930473
117613,0,0.08483808446367577
117616,0,0.04510759941363115
117617,0,0.043437437644074095
117621,0,0.02225800120313399
117622,0,0.0012169621802422775
117623,0,0.052119895682066986
117624,1,0.3706443583116177
117625,0,0.002101073216890164
117627,0,0.003032090687256749
117628,0,0.1946498355822007
117629,0,0.012939402096368142
117631,0,0.025053683267812803
117632,0,0.06441526786307607
117633,1,0.3448727330261698
117635,0,0.01017451136885971
117637,1,0.06918955806002229
117638,0,0.26643622362735647
117639,0,0.029738232657066495
117641,0,0.004278843524740503
117643,0,0.04397748863023985
117644,0,0.0026020527544998715
117645,1,0.19119563824570043
117646,0,0.004371775990411363
117647,0,0.05511459496287473
117651,0,0.04725245689742608
117652,0,0.024163280123815863
117653,0,0.09835708836350657
117654,1,0.2739688899692746
117656,0,0.02287334007004192
117657,0,0.013360674273851658
117659,0,0.046701264384130095
117660,0,0.10550767597583617
117662,0,0.018983502589664622
117665,0,0.07788507923736732
117671,1,0.5532712243526987
117672,0,0.1008749848894442
117675,0,0.11035541490424346
117676,0,0.12405793130018546
117677,0,0.02478873416302839
117678,0,0.27704451992923407
117681,0,0.01353235349397244
117683,0,0.07197087489748809
117685,0,0.011620805525259525
117687,0,0.06621470104763272
117690,0,0.007642851177887813
117692,1,0.07449495836829281
117695,0,0.09403815389523949
117697,0,0.0056858471471534664
117699,0,0.01682451955273684
117701,0,0.07528726618336176
117703,0,0.09752921244639637
117704,0,0.1378243327056015
117707,0,0.0013763567148548307
117710,1,0.19268748459048307
117711,0,0.029170396675752004
117712,0,0.023415376697561493
117714,0,0.011965700795351874
117719,0,0.0013372512437545595
117720,0,0.04231132487124189
117727,0,0.04244238318097835
117728,0,0.3194495479307937
117729,0,0.05448566392858607
117730,0,0.09627971847826228
117732,0,0.07624207557142126
117733,0,0.13739512953363292
117735,0,0.002809620660248713
117737,0,0.03324869052233582
117738,0,0.00037446038971684903
117739,0,0.08631317470192491
117745,1,0.2621199657392137
117746,0,0.06817412505905428
117752,0,0.001411790695237032
117753,0,0.005411688595047122
117754,0,0.005902564400673
117755,0,0.036623121851237575
117761,0,0.16004342116520753
117766,0,0.016438467463355467
117768,0,0.01121294864895875
117771,0,0.060395417387138106
117773,0,0.03187072087989725
117774,0,0.012994245819214262
117775,0,0.02846282122035927
117777,0,0.0007662569651385097
117778,0,0.014142331984892769
117780,0,0.06653246119524901
117784,0,0.10572532674472539
117785,0,0.0007492729964319953
117789,1,0.4936884264582627
117792,0,0.05736044285134935
117793,0,0.035528360448958754
117794,0,0.10059269931446731
117795,0,0.03789615283728686
117800,0,0.03622549953194604
117806,1,0.1810679902414508
117807,1,0.11112976901205023
117810,0,0.016342384966536137
117811,0,0.014051337765412323
117814,0,0.013411484559812097
117817,0,0.11496924218998236
117822,0,0.1365046839568572
117824,0,0.009292768986031982
117826,0,0.2675580146800104
117827,0,0.018332595683884907
117829,0,0.38035988664467757
117831,0,0.005418689771047894
117832,0,0.04689345437234716
117835,0,0.03440981930491734
117838,0,0.03322176068620651
117840,0,0.0034383377231965518
117845,0,0.04528295135938413
117847,0,0.06502268438765613
117849,0,0.00982943159762064
117851,0,0.0008319973559001532
117853,0,0.014717994119857575
117857,0,0.011792763579201695
117858,0,0.09242299776311416
117860,0,0.007979105656494873
117862,0,0.11261874874585476
117864,0,0.0728712265612868
117866,0,0.37069696701312893
117868,0,0.013254060579340993
117869,0,0.11216642946931707
117870,0,0.007998833605863249
117873,1,0.43282720730714297
117875,0,0.05549842705065404
117877,0,0.006152945767312458
117879,0,0.06762769311806646
117881,0,0.038114041395645434
117882,0,0.06526781069860557
117884,0,0.04996377797292893
117885,0,0.0033844268702381353
117886,0,0.051944093853049676
117887,0,0.026511349316953804
117888,0,0.021270885785150122
117890,0,0.1946128817789041
117893,0,0.026333616626863194
117894,0,0.16612462117529417
117897,0,0.0041470336072469945
117900,0,0.10594026823502141
117901,0,0.10986379916755133
117903,0,0.10551587438738023
117907,0,0.0036743806754705273
117912,1,0.10951067154715335
117913,0,0.061983545697933774
117915,0,0.0027458051203732977
117916,0,0.0697416017292325
117917,0,0.02777057163253674
117918,0,0.046322387163597774
117919,0,0.0169535275509818
117922,1,0.03812576061955061
117923,0,0.08423675015923233
117925,0,0.09715548943973101
117929,0,0.062047972110145386
117930,0,0.003667097919448509
117933,0,0.181798520146188
117934,0,0.006387399667191132
117936,0,0.002566738862300127
117937,0,0.03438896637165328
117939,0,0.003568771638279955
117941,1,0.002214205757566154
117942,0,0.06117916327029691
117946,0,0.01692556706715132
117948,0,0.012352315275510665
117950,0,0.010577376908167456
117951,0,0.06174498396502779
117953,1,0.19376148128928955
117958,0,0.032644200417457615
117960,0,0.06717694277434214
117962,0,0.11067222121472362
117964,0,0.11898715238033566
117966,0,0.015008961344062216
117968,0,0.20072964811754143
117971,0,0.0011948956849144408
117974,0,0.006016801734549077
117979,1,0.35275252051919004
117981,0,0.00651299671518408
117984,0,0.08449922778796576
117986,0,0.008796389769011767
117987,0,0.13991793305979933
117989,0,0.1442866981439365
117990,0,0.0043628268535153255
117991,0,0.041665514785932736
117993,0,0.005093009614938318
117996,0,0.08489077932946983
117997,0,0.05172311700438183
117998,0,0.03842269523565108
117999,0,0.012626374809382593
118000,0,0.0016182815015872397
118003,0,0.08081814416782328
118004,0,0.04042006316257583
118006,0,0.0006114446765832451
118008,0,0.01745874732707785
118010,0,0.03891402055811251
118014,0,0.10189520320620862
118017,0,0.10250563600654194
118018,0,0.0016144616385305721
118020,0,0.00958686068333855
118022,0,0.01863840189972993
118023,0,0.0025799236660861034
118024,0,0.1144242090314608
118025,0,0.004617344309187811
118026,0,0.04285382074295752
118029,0,0.0028505078453491704
118031,0,0.013475517652129506
118033,0,0.039834923378909246
118035,0,0.06739949763622974
118036,0,0.0020772538505785315
118037,0,0.013445812450227152
118038,0,0.04718559792902786
118039,0,0.059921659984083164
118040,0,0.010379930843532767
118042,0,0.014124090270914541
118044,0,0.0604971214616906
118045,0,0.026070153717149547
118049,0,0.0008757776091909452
118050,1,0.32521864860651195
118051,0,0.07093109298031673
118055,0,0.3664723998631968
118057,0,0.03213070636326506
118058,0,0.08075706732349312
118061,1,0.49323475385321247
118063,0,0.007877815189620411
118071,0,0.0674632788569507
118072,0,0.027752933676697074
118073,0,0.09265430507352554
118074,1,0.42547552400448546
118075,0,0.0010175648164444094
118079,1,0.06986776652427684
118082,0,0.023424989891749955
118083,0,0.09424476689666862
118085,0,0.014285284834284978
118086,0,0.1950298240603648
118087,0,0.10602868841419504
118088,0,0.0019969824700846956
118091,0,0.1690843535545748
118093,0,0.168956409316599
118096,0,0.02238701367475527
118101,1,0.4668243711515947
118103,0,0.10351491465678997
118104,0,0.06905034913851982
118105,0,0.012010934902209013
118107,0,0.05646863254051865
118108,0,0.22794261894913803
118111,0,0.12993491090536538
118113,0,0.27565596187821756
118115,0,0.08338414425537449
118117,1,0.23178436853598466
118118,0,0.01081117007650176
118121,0,0.13752108769576105
118123,0,0.06445277767426075
118124,0,0.4124870365953049
118125,1,0.23925164411679112
118126,0,0.0695360283612866
118128,0,0.1622919977102302
118131,0,0.042020350628763255
118135,0,0.12228164232573753
118136,0,0.14004426068693135
118138,0,0.128891484363972
118140,0,0.010279171122923137
118142,0,0.35648270827439166
118145,0,0.06146360591171657
118146,0,0.11881078831176366
118147,0,0.002885579919787269
118149,0,0.262822173505298
118150,0,0.015729261029552143
118154,0,0.08737619306262374
118156,0,0.08511997938842694
118161,0,0.051696997501610976
118162,0,0.06412386593541343
118163,0,0.04206596733804848
118164,0,0.18919091089158913
118165,0,0.13773697866702017
118166,0,0.015442873996273065
118171,0,0.001641818772762451
118172,0,0.020796797565797685
118176,0,0.008313783085684045
118178,0,0.01690357818108905
118183,0,0.04391436156581697
118184,0,0.01562354235952786
118185,1,0.54493966391631
118190,0,0.0649222212186905
118191,0,0.0055030894053653395
118193,0,0.026914727723804356
118197,0,0.020167314830591917
118199,0,0.004751886105701104
118201,0,0.005809894282227409
118204,0,0.08797661471942249
118205,0,0.022034461672165096
118209,0,0.031933949265100695
118210,0,0.0575868440168835
118211,0,0.025065806134940298
118216,0,0.029681285157306253
118217,0,0.20726356955110256
118219,0,0.07231168314306986
118220,0,0.002976945365187566
118221,1,0.4233265733965834
118226,0,0.051155188541257154
118227,0,0.002103736891685088
118228,1,0.34212910281492925
118229,0,0.13647378030048238
118231,1,0.1314070492607685
118234,0,0.20493097778908043
118235,0,0.14632752024067502
118237,1,0.11039194293773627
118239,0,0.07558469662155927
118242,0,0.10896024760263708
118244,0,0.01521636587623911
118245,0,0.061988572979790255
118246,0,0.008654840999216148
118247,0,0.0908467452112148
118248,0,0.11578612600304179
118250,0,0.03226969554291777
118253,0,0.06810139682629854
118254,0,0.12822624885178288
118256,0,0.02013218897827709
118258,0,0.00817027865746665
118259,0,0.026687708675002596
118262,0,0.015074563306674085
118263,0,0.0027211357776915058
118264,0,0.027533970780008594
118265,0,0.01431649928046908
118266,0,0.1182049496768521
118267,0,0.03644659715586232
118269,0,0.009149527098329788
118271,1,0.047102083227253774
118275,0,0.006610467206339026
118276,0,0.019351119212525376
118279,0,0.17307065761982918
118282,0,0.05057106168490198
118284,0,0.014276676086770848
118285,0,0.11045061594394942
118286,0,0.04481549043526637
118288,0,0.010678730842260363
118292,0,0.23839174853538986
118293,0,0.07398036663604325
118295,0,0.052058425740145596
118297,0,0.08207227888260596
118298,0,0.11595565974832622
118299,0,0.05818457249019808
118300,0,0.1044048690887647
118302,0,0.04243308301613604
118304,0,0.0957731446229941
118305,0,0.08358402464917339
118306,0,0.005581730253242797
118308,0,0.0661156100080401
118315,0,0.007096684883903697
118316,0,0.04276218357542916
118317,0,0.06194984251998363
118319,0,0.1894412872113727
118320,0,0.008214540552128297
118322,1,0.17293372134720916
118324,0,0.02243472367342777
118328,0,0.038745246014011615
118330,0,0.09090617248789477
118331,0,0.04317230852825597
118333,0,0.039719952639304126
118336,0,0.20768580995403818
118337,0,0.0009928586186024931
118340,0,0.09112914616552124
118342,0,0.005934287176950011
118344,0,0.06061689693099359
118348,0,0.06604233339179916
118349,0,0.08774512357017719
118350,0,0.1260252480333779
118351,0,0.22495777471127787
118352,0,0.025811739552490314
118358,0,0.06950894230808795
118361,0,0.0537493599104514
118362,0,0.08811021183245767
118364,0,0.14280160106463097
118367,0,0.01975057119690913
118369,0,0.16152171991806905
118370,0,0.026876849617473452
118371,1,0.24031790633712644
118373,0,0.0003488653058141986
118374,0,0.036434983533101796
118375,0,0.18676822650624597
118380,0,0.12442209606623274
118381,0,0.06312612537069347
118382,0,0.22512056433805258
118384,0,0.12187934147782845
118385,0,0.0014694196602908793
118386,1,0.19649407117401146
118387,0,0.07275661243248097
118391,0,0.011073057567469772
118393,0,0.25011083957386415
118395,0,0.09567284976931564
118396,0,0.07563622435404209
118399,0,0.03366260234232163
118402,0,0.17697131427777085
118406,0,0.015847394889822952
118407,0,0.01400054829326427
118408,1,0.2833353641987678
118409,0,0.022483376036404275
118411,0,0.0966614257598852
118412,0,0.08291388839905454
118416,0,0.06850757730537113
118417,0,0.034105308765215156
118418,0,0.049523846968277455
118423,0,0.20670612430677898
118424,0,0.057181928875865005
118426,0,0.18478579803830064
118432,0,0.008548902118027567
118433,0,0.09535156405974647
118435,0,0.16794878940003402
118436,1,0.18032236122293108
118442,0,0.03119329706613303
118449,0,0.056665232818330635
118450,0,0.008706927730722375
118451,1,0.09606472583137943
118452,0,0.02750104327680127
118457,0,0.07640493609586878
118458,0,0.005021965600939254
118459,0,0.2369228872659071
118460,0,0.019114831272959036
118462,0,0.1310812417074706
118463,0,0.24908313763894968
118464,0,0.14555635126202002
118465,0,0.014128647732117968
118466,0,0.139801680854676
118471,0,0.023024161200827186
118475,0,0.1843549064782713
118476,0,0.051306106522213915
118478,0,0.10352219941844372
118479,0,0.05927258911153912
118480,0,0.27444160528067835
118482,0,0.06332911440670344
118484,0,0.1618580680722757
118486,0,0.007566968158194571
118488,0,0.006788973635135367
118490,0,0.02180131821680495
118491,0,0.1185953945563378
118492,0,0.04654618972045538
118493,0,0.3826714976240207
118494,0,0.0030938711114870342
118495,0,0.004890287669489883
118496,0,0.29391129784226283
118500,0,0.2013325344335803
118503,0,0.0094259383643717
118504,0,0.03231560294153932
118512,0,0.29331381252007543
118513,0,0.03429344522096767
118514,0,0.06589375461938253
118515,0,0.0638908256894113
118518,0,0.02063358044837745
118520,1,0.059648148695148215
118522,0,0.040879220007235255
118523,0,0.019430041795750252
118525,0,0.08864561132121605
118528,0,0.009688264814331191
118530,0,0.009138406649759108
118532,0,0.05174397657345681
118533,0,0.07433895153845345
118536,0,0.011348711075480822
118537,0,0.01905300586295739
118539,1,0.1116612206906811
118541,0,0.3777226729173051
118544,0,0.15072408332845189
118548,0,0.014306354429263249
118550,0,0.028236142051740458
118552,0,0.052738297034133755
118553,0,0.003296230002220773
118554,0,0.00883733476434363
118561,0,0.08010304836846979
118563,0,0.1794617803397347
118564,1,0.5310163698815036
118565,0,0.056522907804140064
118567,0,0.03619635078175488
118569,1,0.40701499940049246
118571,0,0.055919834090982876
118573,0,0.048351641392358556
118576,0,0.02502895922459627
118577,0,0.031046264488888243
118578,0,0.07907229755378571
118579,0,0.032692555034928295
118580,0,0.004370019501220133
118581,0,0.19693452972849415
118582,0,0.00882761017594019
118586,0,0.03688010289654396
118588,1,0.4539148087759714
118592,0,0.03260802626304522
118594,0,0.0888197892526871
118595,0,0.18316184130996985
118598,1,0.6467242279032045
118600,0,0.03411869025758056
118601,0,0.18799892575668797
118604,1,0.05505486776673875
118605,0,0.00791174377531859
118607,0,0.2916014347292024
118609,0,0.6676777834781669
118610,0,0.07257011712030817
118611,0,0.0788605505145066
118612,0,0.0024852163745458086
118614,0,0.08168728497996498
118616,0,0.01862146756960608
118618,1,0.14361788073022672
118620,0,0.08845797027434855
118621,0,0.043104694077650704
118622,0,0.025670413252168865
118623,0,0.14048619268341828
118624,0,0.010265629831871525
118628,0,0.03713891030345633
118630,0,0.0716349010652418
118634,0,0.031937525402363144
118636,0,0.524875897229776
118638,0,0.01724353484375119
118640,0,0.06417611524448505
118641,0,0.0010574648234052734
118643,0,0.004322808697618878
118647,0,0.05203411339760072
118648,0,0.12401643292891915
118650,0,0.07649150671265431
118651,0,0.01185383221435789
118654,0,0.022312571414050825
118655,0,0.21337282368402075
118658,0,0.07968960592054136
118662,0,0.18044072806021455
118663,0,0.0896273579647168
118664,0,0.019358636671474066
118665,1,0.19890933231055694
118669,0,0.0027065996125186617
118671,0,0.11816786424095357
118673,0,0.0039653506728153255
118675,0,0.06509518016158189
118676,0,0.1740605402413823
118678,0,0.17300545253497226
118679,0,0.05421011217471172
118681,0,0.09388132470199025
118682,0,0.0011856384958945393
118687,0,0.011225651834574859
118688,0,0.025769018354851424
118692,0,0.589297915953454
118693,0,0.05175585811263798
118696,0,0.010744213327245988
118697,0,0.00617666183008432
118698,0,0.015182807349421026
118699,0,0.04207381536457154
118701,0,0.015109609441984561
118706,0,0.011304876289891842
118709,0,0.019156955159739843
118711,0,0.0018480659520872804
118712,0,0.6179860982429922
118713,0,0.03685433678681081
118714,1,0.06094451537898689
118718,0,0.09293376862104614
118719,0,0.016571246759165003
118721,0,0.23754933206120216
118722,0,0.38685480092039665
118723,0,0.02006779562901822
118724,0,0.004431952765511452
118725,0,0.008654675302353289
118727,0,0.13726958629332084
118728,0,0.01907371594366133
118729,1,0.10005442762208927
118731,0,0.022250715857216635
118732,0,0.007721573500362601
118734,0,0.017407555728151232
118735,0,0.03986459677969974
118736,0,0.09426365197945134
118737,0,0.051819051148369176
118740,0,0.04418470365055914
118742,0,0.02417866449078183
118743,0,0.04457229410679983
118745,0,0.041388099338772355
118746,0,0.004683527910094548
118748,0,0.01304773515350129
118750,0,0.01420308487499799
118752,0,0.037125206493068656
118753,1,0.3001594473174333
118756,0,0.0031939933283997115
118758,0,0.18337919930112473
118759,1,0.3268707340503498
118764,0,0.08223063898874083
118766,0,0.038637411374406676
118767,0,0.007354909239057762
118769,0,0.16473335158241922
118770,1,0.2061184550594342
118775,0,0.023590994153495908
118776,0,0.18544730709074486
118778,0,0.11313975946897084
118781,0,0.17382630164522095
118783,0,0.058522883564633664
118784,0,0.12683498544579383
118786,0,0.019980149880765137
118789,1,0.07151556860760143
118791,0,0.06876645082205823
118792,0,0.09058567841823861
118796,1,0.20285421831712883
118797,1,0.0069747767571442364
118800,1,0.5531356147125475
118802,0,0.208277001515038
118803,0,0.018768765696305433
118804,0,0.05169824165571828
118805,0,0.3928658892948168
118807,1,0.11363472875581779
118809,0,0.06280757019303097
118810,0,0.02155587910133447
118811,0,0.008152409894020492
118813,0,0.09975655906392386
118815,0,0.12988209264736314
118816,0,0.01971077351829336
118827,0,0.02204792496547085
118829,0,0.10579550978746284
118831,0,0.04811448743590495
118834,0,0.04262337118679933
118836,0,0.0144291009594552
118839,0,0.07700830429222946
118840,0,0.0005994840122744215
118841,0,0.04801651518795673
118845,0,0.04843480624883262
118853,0,0.0020009728452014233
118857,0,0.07392799680501963
118858,0,0.0010067249393051602
118861,1,0.10779398959174265
118862,0,0.05162855694732922
118863,0,0.021599290648160425
118864,0,0.11867773438271471
118865,0,0.00310529484190545
118871,0,0.08715004287646848
118872,0,0.08998666325302823
118873,0,0.07912935054371871
118876,0,0.23624685230549267
118877,0,0.08255608519313
118879,0,0.0018799788481568425
118883,0,0.0021901180686877183
118884,0,0.09437128248203662
118887,0,0.01157854973701658
118890,1,0.1953818738159579
118893,0,0.013960981332189015
118894,0,0.011270609444687498
118895,0,0.001199897154397451
118897,0,0.1214760158593283
118898,0,0.1873694728174787
118899,0,0.09319125519544394
118900,0,0.05816244293743768
118901,0,0.015204090937440984
118903,0,0.03155387112227433
118904,0,0.046969502406043216
118905,0,0.19649145871284185
118906,0,0.2006289307641777
118913,0,0.001727481550152091
118914,0,0.0372159783442793
118915,0,0.01572620793466418
118921,0,0.04978080063395159
118922,0,0.03030316063474502
118924,0,0.033271640492606544
118926,0,0.008992192160827361
118929,1,0.044773783565227834
118932,0,0.03479132398097303
118933,0,0.29780928181516514
118935,0,0.08751064034134817
118937,1,0.5790238143915373
118938,0,0.006370693734179865
118939,0,0.00571444183797405
118940,0,0.06016542248136329
118942,0,0.0006571622167413978
118943,0,0.02467294183079442
118944,0,0.03892614973740484
118946,0,0.008294498878824993
118947,0,0.023892075708904677
118949,0,0.04369629018686419
118951,0,0.13221141466270797
118952,0,0.00806813939132225
118953,0,0.08427761064812846
118954,1,0.5721513957600165
118956,0,0.0975649063982195
118957,0,0.04796558889662403
118958,0,0.029011514693832768
118962,0,0.11904146999444258
118966,0,0.13514484154848744
118967,0,0.036523241153536876
118971,0,0.13154577446302057
118972,0,0.15457871105471838
118980,0,0.014201798104426136
118981,0,0.0012767746586034583
118985,0,0.06075080181299197
118986,0,0.11472044235486285
118987,0,0.08983589569502479
118989,0,0.0028543220633407097
118990,0,0.0611578926369956
118991,0,0.03187763690655872
118992,0,0.1578611199778218
118994,0,0.07263783497727105
118997,1,0.44707969271536313
118999,0,0.1733858465213417
119000,0,0.046207094853283684
119001,0,0.01488526873578792
119005,0,0.0013358057295679924
119007,0,0.028600935313529613
119009,0,0.03377904935660253
119013,0,0.07089588591462266
119016,0,0.05678387787917705
119017,1,0.18885161906036776
119019,0,0.043450433473823255
119022,0,0.1179014480903033
119024,0,0.02433693965479729
119029,0,0.032306038563516305
119030,0,0.0696339617028044
119031,0,0.2388698668703218
119034,0,0.004223650117053826
119040,0,0.01462477725977325
119041,0,0.18307947593894375
119042,0,0.12656436161544565
119044,0,0.08518401648531902
119053,0,0.04112981553404247
119055,0,0.020488145657818736
119056,0,0.17345093212842602
119058,0,0.10469017944302958
119059,0,0.3677685966447692
119061,0,0.05471435435924308
119065,0,0.018778793338412314
119066,0,0.0032593125562733346
119067,0,0.08265326524329432
119068,1,0.4111246613644039
119070,0,0.0014647965728119127
119075,0,0.0036885990316356497
119076,0,0.29928444723613773
119077,0,0.06946259685618254
119078,0,0.03579604654715972
119079,0,0.09038050139834111
119080,0,0.011322395318222104
119081,0,0.013493330120019931
119082,1,0.07422919621777005
119083,0,0.1272958556296723
119085,0,0.0021874815995776334
119086,0,0.0010689551363248584
119091,0,0.04623040048323721
119092,0,0.020888532238761
119094,0,0.06904699073864305
119096,0,0.0015046096896915765
119098,1,0.47131161527076004
119100,0,0.024607065704876113
119101,0,0.17262003903323836
119102,0,0.05944721861725231
119103,0,0.010123508510141531
119104,0,0.11683945437376138
119105,0,0.06099073860449444
119108,0,0.15587398831641602
119109,0,0.004837403044867133
119117,0,0.01677936336059349
119123,0,0.03877718208978795
119124,0,0.03334380961774568
119126,0,0.0738835710451628
119127,0,0.03043213475390071
119128,0,0.003989513995415234
119130,0,0.07092987689550449
119133,0,0.00017948807626487901
119136,0,0.02916216041100437
119139,0,0.03172877380477622
119142,0,0.1487096573254676
119144,0,0.07018360262468608
119146,0,0.09301714344992504
119149,0,0.02538781236561597
119150,0,0.02249850710579057
119152,0,0.020356219778038764
119155,1,0.36899789145078304
119156,0,0.0009538816577123828
119158,0,0.0705821571496151
119160,0,0.06044842626168421
119164,0,0.17874342330644605
119166,0,0.504163608725572
119167,0,0.0011384324846326374
119169,0,0.44175511132026496
119171,0,0.01470887192053387
119172,0,0.04844266278149194
119175,1,0.026200914169738417
119179,0,0.10259370737442877
119181,0,0.14512894801206302
119183,0,0.0011689917526195655
119184,0,0.011383928405854359
119186,0,0.0056338056384698226
119187,0,0.03893978747438735
119189,0,0.07304945838138967
119191,0,0.04066626522288529
119192,0,0.17023957714031931
119193,0,0.07050373258740703
119194,0,0.03130272880529267
119196,0,0.036679627263738926
119197,0,0.13215691250167286
119201,0,0.033161535082147225
119202,0,0.05330203345196962
119206,0,0.2869331199280887
119207,0,0.004559506633428758
119210,0,0.0015910719556347232
119211,0,0.07515542775947077
119212,0,0.011720541431293169
119215,0,0.058193611638471844
119216,0,0.06448455169251668
119219,0,0.03769344528787374
119220,0,0.05918830637984759
119222,0,0.04113871992904525
119223,0,0.03364914789373722
119227,0,0.0004891008107889811
119229,0,0.061751642890963
119230,0,0.027979562901728167
119232,0,0.024224085640663102
119234,0,0.046929015898515246
119237,0,0.06277966545051208
119239,0,0.09165980753418046
119240,0,0.08039905620000047
119241,1,0.14109045360980838
119243,0,0.13046262615874
119245,0,0.03340371762627597
119248,0,0.04990416197885987
119250,0,0.09962124432354649
119252,0,0.032398251534514574
119257,0,0.06513545609843903
119260,1,0.10813126575234606
119261,1,0.1622355146498478
119262,1,0.5507785904849504
119265,1,0.9321558130673399
119266,0,0.034658148733324144
119267,0,0.07941610485588002
119269,0,0.05803539703870719
119270,0,0.06850210656702113
119271,0,0.022047942080786673
119272,0,0.07054598829124606
119273,0,0.16593257237841003
119277,0,0.047340777774467706
119283,0,0.00924936265610543
119286,0,0.013358741157221438
119287,0,0.03041433465248481
119291,0,0.11298797716350514
119292,0,0.019978642704325682
119293,0,0.10606452686706982
119296,0,0.4290125538052035
119297,0,0.24517469659752877
119298,0,0.09995798628708412
119299,0,0.0521634802809427
119300,0,0.03181363405266659
119308,0,0.10766121555160804
119311,0,0.024908793013153997
119313,0,0.1964285423113005
119316,0,0.04783331929687417
119320,0,0.026408190104157014
119321,0,0.03945452373538708
119322,0,0.1425645690757184
119323,1,0.7121619670263138
119324,1,0.07049269144750028
119325,0,0.3738720786562152
119326,0,0.011644637201754113
119328,0,0.0012576452236305734
119330,0,0.029828735449574338
119334,0,0.0007031065229656509
119335,0,0.022832417935155808
119337,0,0.19065125760597865
119340,0,0.057705879863562834
119343,0,0.08195296875827505
119345,0,0.015906844821900072
119348,0,0.06533227532491888
119349,0,0.07821282916510648
119350,0,0.0336397532416546
119353,0,0.01818738595429325
119354,0,0.44265402272298626
119355,0,0.030492011493801523
119356,0,0.034040452395061725
119357,0,0.005791807252597628
119358,1,0.05076565281493819
119360,0,0.1032636782633615
119361,0,0.17303234105585927
119363,0,0.08485132499025397
119364,0,0.03974383205135566
119365,0,0.010017515503632866
119367,1,0.06812299320685392
119369,0,0.10146725842491873
119370,0,0.2261302422460451
119372,0,0.049416080309416424
119375,0,0.008317622314483962
119376,0,0.02182900918378939
119381,0,0.031152693220137813
119382,0,0.0410096781813097
119383,0,0.07586454459692964
119385,0,0.029986953257357517
119386,1,0.0499015476328312
119391,0,0.1363983235729728
119393,0,0.15737582131567907
119394,0,0.02837840669801075
119396,0,0.059761894502422544
119397,0,0.00519397491772465
119399,0,0.1446662859903312
119400,1,0.6591265657462391
119405,0,0.1320427743512087
119406,0,0.07867295312972053
119407,0,0.03882927199293742
119413,0,0.38412142922530446
119417,0,0.009582384209913194
119418,0,0.1062385879698851
119420,0,0.018534821703560925
119421,0,0.006853710277595462
119422,0,0.004487831220921686
119423,0,0.08465941168733289
119424,0,0.0008135219574192352
119427,0,0.09853083161061606
119429,0,0.11516693592950929
119430,0,0.1230582070472177
119433,0,0.07070225448165268
119434,0,0.2120953245963464
119435,0,0.022347545031804972
119438,0,0.043505391362007276
119441,0,0.10447251966590762
119442,0,0.2484861196738261
119443,0,0.038879816686248264
119447,0,0.07894412139789922
119450,0,0.0433460034018192
119451,0,0.14776176606799293
119453,0,0.006571549561556042
119454,0,0.4491725811809572
119455,0,0.051231993893604125
119456,0,0.14032292424526502
119461,0,0.022022256701561625
119462,1,0.16676766943844545
119465,0,0.017354969348359516
119466,0,0.0657533406557723
119467,0,0.0014802604506339693
119470,0,0.0002497367406746235
119471,0,0.006702119341763252
119478,0,0.1568667887221981
119480,0,0.0072687544282888815
119481,0,0.04262499612899871
119483,0,0.0501017106398806
119484,0,0.018681573316943794
119486,0,0.026023142873430254
119487,0,0.040097627569545644
119488,0,0.07230587078830457
119491,0,0.035201035079501806
119492,0,0.03812651644624317
119495,0,0.026752620943667794
119497,0,0.007571854216172159
119499,0,0.06505855364358423
119500,0,0.13385528107570868
119501,0,0.0207425902761925
119503,0,0.05664553742096501
119504,0,0.04787256440234969
119507,0,0.04661891411904581
119508,0,0.001193172593226106
119510,0,0.09114204179145038
119511,0,0.02673796600539068
119512,0,0.060708074224208354
119519,0,0.14001846148641997
119521,0,0.0062080199170189325
119523,0,0.000922069224494047
119524,0,0.046296308856090304
119526,0,0.019849129154991055
119532,0,0.07274333290805098
119533,0,0.042696932087454856
119537,0,0.013491229310058783
119540,0,0.11939779998261982
119541,0,0.056506623243601485
119543,0,0.03174133506595145
119544,1,0.4261870629501262
119547,0,0.2217040221861511
119551,0,0.07295727407668645
119552,1,0.29715872284521294
119554,1,0.2110209061573313
119556,0,0.004713312344211981
119557,0,0.020583495474218498
119559,0,0.1684220488991036
119561,1,0.650722482524313
119562,0,0.1224852721225855
119563,0,0.08975737636616038
119565,0,0.013663672364317541
119567,1,0.20838288805929697
119569,0,0.0013728075888250063
119571,0,0.16612714006922197
119575,0,0.01725566918209992
119580,0,0.0015035071373913874
119581,0,0.026042376115239952
119583,0,0.006644187844169766
119584,0,0.06062494371509959
119585,0,0.2659398134517602
119586,0,0.05573493734125878
119588,0,0.06302559423258795
119589,0,0.0023787470365439706
119590,0,0.017454490131878914
119591,0,0.13506444566519632
119592,0,0.10209404290325408
119593,0,0.3597024703212869
119594,0,0.09402436334558115
119595,0,0.07993179874234332
119597,0,0.05395971350581199
119598,0,0.0424903803952385
119600,0,0.007304787429156396
119603,0,0.009270058781131305
119604,0,0.03709514474460958
119605,0,0.04338902748263167
119606,0,0.02779555100348809
119608,0,0.020977474565293874
119613,0,0.006926448588925578
119617,0,0.041779493531467794
119618,0,0.08432072635434544
119619,0,0.04299885731395797
119621,0,0.09331316832503114
119622,0,0.21077652689940357
119623,0,0.011816822982026982
119624,0,0.283917545488981
119626,0,0.015171618717564783
119627,0,0.0336257909120662
119628,0,0.04970193164364254
119629,0,0.1690478255937704
119630,0,0.023370644484287627
119632,0,0.04325582126528896
119634,0,0.05756459455580276
119635,0,0.028885261906555458
119636,0,0.0667882921731978
119637,0,0.29896981514669335
119640,0,0.20807571276106965
119641,0,0.012079153832190489
119642,0,0.04836991185966556
119644,0,0.0943906541056988
119645,1,0.11779630338233912
119646,0,0.015726080510204927
119648,0,0.006354643786436645
119651,0,0.01857037776221842
119653,0,0.010858640323975677
119659,0,0.09943365965658067
119660,0,0.06559526987289123
119664,0,0.24232353329149978
119665,0,0.13593743310836623
119667,0,0.0713287429554113
119668,0,0.017740171551888128
119669,0,0.008147219488043192
119670,0,0.07796384035289153
119675,0,0.2327833603536218
119678,0,0.12224213352699136
119679,0,0.008543587562478595
119680,0,0.0860960442192597
119681,0,0.12997598582506295
119683,0,0.015833636819073682
119687,0,0.005315975651110321
119688,0,0.2382430031757544
119689,0,0.04971475049509601
119692,0,0.031505761909371974
119693,0,0.04034016254460861
119694,0,0.0008871056069598883
119695,0,0.08070650077203284
119696,0,0.052004713851573604
119698,0,0.0024012122416351674
119700,0,0.006944816856793547
119702,0,0.004094484688691756
119703,1,0.09444139027360665
119707,1,0.289427538587063
119708,0,0.09911129304587178
119711,0,0.03486643537230041
119712,0,0.1620907211649844
119716,1,0.15760445168529813
119727,0,0.01212231741224062
119731,0,0.2975111957731849
119734,0,0.2094670099045642
119735,0,0.22127891124130827
119737,0,0.03765912764220566
119738,0,0.24187452471795262
119742,0,0.03177842357475065
119743,0,0.02638944900148113
119745,1,0.43664756744922395
119746,0,0.07254871577426027
119747,0,0.06665359419764691
119750,0,0.011480749390631645
119751,0,0.07699312262221551
119752,0,0.09306666954446013
119753,1,0.34648151827125434
119755,0,0.017477434043962133
119758,0,0.021433733100669695
119759,0,0.006290392712898302
119760,0,0.06561804814545884
119761,0,0.03151497846908526
119762,0,0.2599985395106541
119765,1,0.19578308929481042
119766,0,0.07043449266718901
119768,0,0.05464376513805005
119769,0,0.10529974495693048
119772,0,0.018601351291755545
119773,0,0.011395053075272155
119775,0,0.02623909746069079
119776,0,0.1405996817315661
119777,0,0.04701483935208548
119779,0,0.08670546747698642
119780,0,0.19459999734688166
119781,0,0.1511172880560799
119785,0,0.4467749670180064
119787,0,0.05779832426996638
119788,0,0.12011005132307481
119791,0,0.024374066993282078
119795,0,0.04638200940922886
119798,0,0.13890475075047853
119799,0,0.0716786459597593
119800,1,0.39617894252752983
119801,0,0.05590144114594494
119802,0,0.06708478516387181
119806,0,0.11398418959841453
119807,0,0.1633486519846105
119808,0,0.2780588210870266
119809,0,0.15941320048186225
119810,0,0.0025103928132768575
119811,0,0.053469130495991335
119813,0,0.019857386926701723
119814,0,0.04379482715134374
119815,0,0.0004793492607661617
119817,0,0.048292960756387525
119821,0,0.1846213040639389
119825,0,0.010065688352080344
119829,0,0.010975451170614329
119830,0,0.0020026403794334386
119831,0,0.0015781700856597094
119832,0,0.01692687278554333
119834,0,0.1163365183100507
119839,0,0.08725617427715689
119841,0,0.05206916453384747
119842,0,0.17672961024384637
119843,0,0.1746560019774619
119845,1,0.10260523080167713
119846,0,0.2600368620485804
119848,0,0.02530035986759254
119852,0,0.029215788866112334
119854,0,0.01678102675690062
119855,0,0.039760101586318895
119859,0,0.031139300438720173
119864,0,0.09177445802447728
119869,0,0.003369831662067274
119870,0,0.3955210272325283
119871,1,0.22198774827412784
119873,0,0.013479114001172294
119875,1,0.1284797814510107
119876,0,0.040298607400988125
119878,0,0.0005300824042115479
119879,0,0.012270728632448685
119880,0,0.0007979043086502324
119882,0,0.2817005976810592
119885,0,0.23031971564546833
119886,0,0.19297463664734757
119887,0,0.0011751890503110343
119889,0,0.14249428544024895
119890,0,0.03084052004147498
119891,0,0.05120317075746195
119892,0,0.009619557472189563
119896,0,0.11718999536986992
119897,0,0.032962113557760395
119898,0,0.0006409870622832338
119901,0,0.0005681085352754119
119905,0,0.36150175172836957
119907,0,0.006832849854123415
119908,0,0.006860612970116507
119911,0,0.2545741760633772
119913,0,0.062484599998309645
119915,0,0.005033558434078276
119917,0,0.12862370928703706
119918,0,0.0643132324138915
119923,1,0.23858462833188074
119927,0,0.0008396548759889219
119928,0,0.004220267635039418
119929,0,0.0027352840915175836
119930,0,0.0006124571557204327
119932,0,0.16065535402221273
119935,0,0.008670182496946621
119936,0,0.0014665374294965145
119937,1,0.8329036886633195
119939,0,0.21989980165502437
119940,0,0.21809525987743497
119941,0,0.03338394286693563
119942,1,0.09086702745388216
119944,1,0.43433911420806626
119947,0,0.04434333746620672
119948,0,0.08368433341667565
119949,0,0.07923794480872837
119951,0,0.06671568925447983
119953,0,0.08131425773133523
119958,0,0.25413945654197123
119959,0,0.1259736801440871
119960,0,0.005134824957088025
119964,0,0.8876517191017836
119965,0,0.004597033750762201
119966,0,0.06878987810598078
119968,0,0.4056139859676162
119969,0,0.05219730487422514
119970,0,0.0006520132068423359
119972,0,0.21085396936232303
119975,0,0.0004941119770983071
119978,0,0.0716111659090362
119979,0,0.1207820024778927
119980,0,0.044534156827219354
119981,0,0.0011267370186963661
119982,0,0.017135869120165414
119987,0,0.17859150627198606
119988,0,0.00017397316645854688
119989,0,0.0017673072735513943
119994,0,0.00482374994199783
119995,0,0.005245523829774038
119996,1,0.020088250220548
119997,0,0.141409722278469
120000,0,0.1681304288792904
120001,0,0.10061953862782247
120003,0,0.2803918338156035
120004,0,0.3174494391314501
120005,0,0.085435417897869
120010,0,0.4258775428511766
120011,0,0.0158604909904936
120013,0,0.19588966770684194
120016,1,0.200980743510772
120017,0,0.018248286786988095
120018,0,0.026809484757129697
120019,0,0.02138717912645509
120020,0,0.0010591480525497126
120021,0,0.1785300578120375
120022,0,0.029768576918896165
120023,0,0.2603570395225349
120025,0,0.0033615930087434478
120026,0,0.007820739575166786
120027,0,0.024187792002028193
120029,0,0.0072427245892807395
120030,0,0.032299213056309894
120039,0,0.015492277586745743
120040,0,0.2558777295919
120041,0,0.04675836474790074
120043,0,0.08442887432510963
120045,0,0.13413362708060242
120047,0,0.1880192013538673
120048,0,0.0001892235382616125
120049,0,0.08876738435540525
120052,0,0.1864578680441109
120053,0,0.0014869670932351772
120055,0,0.03116569630276771
120056,0,0.0673006805319309
120062,0,0.0418682746387939
120063,0,0.056536593761682866
120064,1,0.34619944709747374
120065,0,0.0007704649500265345
120067,0,0.06761912155467567
120068,0,0.0019259894427063127
120069,0,0.09411136721737505
120071,0,0.08254753853393962
120076,0,0.3712583702601059
120078,0,0.09434416152267258
120079,0,0.0019251541208689
120080,0,0.2638473864999479
120082,0,0.030295307702110204
120084,0,0.000848952289004025
120089,0,0.052991266846701066
120090,0,0.03232291942349671
120091,0,0.01871264370556132
120097,0,0.06637086368415392
120099,0,0.03984811787886159
120101,0,0.00775616707127616
120103,0,0.16030829543613045
120104,0,0.005958249592046723
120105,1,0.7420644190261141
120106,0,0.028514639513742317
120107,0,0.04232766391498201
120110,0,0.0032343628548622784
120111,0,0.08995707690373055
120113,0,0.08273995995751246
120115,0,0.00272611710208798
120116,0,0.1172421041903751
120117,0,0.22652159278229217
120119,0,0.12917884341246727
120121,0,0.055099694521520436
120124,0,0.021905420220201182
120126,1,0.6478157803218738
120127,0,0.05906644743891119
120129,0,0.001199206082654931
120131,0,0.019637690203743053
120136,0,0.09897743862895367
120137,0,0.01482412663741826
120142,0,0.01500924801527811
120145,0,0.031291401268768296
120147,0,0.01666764856413655
120148,0,0.02657341551217577
120149,0,0.017897465869691022
120150,0,0.0760787377587909
120152,1,0.030634511154625156
120153,0,0.006036337905342137
120154,0,0.0012287376152253448
120156,0,0.03950215440198599
120158,1,0.11539279142789187
120159,0,0.02374534492937886
120160,0,0.015599894604712094
120163,0,0.0031987726463031654
120165,0,0.010014283691084735
120169,1,0.4753664233829209
120171,1,0.04164374762878016
120173,0,0.2759006297547469
120177,0,0.03684667788502622
120178,0,0.4941556054944029
120179,0,0.0014249992336061957
120180,1,0.19187081326951166
120181,0,0.17397015461037402
120183,0,0.1741852437330797
120188,0,0.035466857068581416
120190,0,0.19046030948672138
120193,0,0.019482315015792746
120194,0,0.012117270965816652
120196,0,0.030997805577369746
120197,0,0.00709425926942806
120198,0,0.08775848369871565
120202,0,0.03033913488924498
120203,0,0.010389250213219684
120204,0,0.021103595760694368
120207,0,0.03344253128825823
120208,0,0.15449997457033365
120209,0,0.08102702255115377
120211,0,0.0127621633174549
120212,0,0.0664482316310355
120214,0,0.030125207262991303
120217,0,0.0009746782796767179
120219,0,0.18779578940388472
120223,0,0.09330192887329866
120224,0,0.12545362761448625
120228,0,0.02776232434799708
120229,0,0.03784995591665012
120230,0,0.0076930068272713205
120231,0,0.11728561700323126
120239,0,0.011741985736647717
120241,0,0.09510256632278136
120246,0,0.10340120876539009
120247,0,0.02369532290266828
120248,1,0.2336589572298377
120249,0,0.11381725860982231
120250,0,0.006530989930338046
120251,0,0.1565066420567114
120252,0,0.04836965858378037
120257,0,0.4006362758998602
120258,0,0.01663596016081422
120259,0,0.10959927526401443
120260,0,0.10379844832799037
120268,0,0.16307923878327452
120273,0,0.011014827190840423
120278,0,0.05045316037515407
120279,0,0.027698129943944376
120283,0,0.004806354521852885
120285,0,0.11960751604017317
120286,0,0.017008619706599604
120287,0,0.07059844687022661
120291,0,0.004026144988991567
120292,0,0.14600320410646814
120293,0,0.11368261852851971
120296,0,0.036526988805358346
120300,1,0.2111641586152281
120307,0,0.06895679616139526
120310,0,0.021751135862986944
120311,0,0.08231262786547029
120312,0,0.02603277449878084
120313,0,0.009908161029378228
120315,0,0.17251070317347234
120316,0,0.009671092352551067
120319,0,0.020337069969075534
120321,0,0.15802964070082126
120322,0,0.13897350629373065
120324,0,0.03440563009820388
120325,0,0.015995807379821498
120327,0,0.18654751314381174
120329,0,0.01755819539636339
120330,0,0.07795147139136327
120331,0,0.00645792133741456
120332,0,0.059084156444782834
120333,0,0.06318884255425308
120334,0,0.003861351468759301
120335,0,0.0009884089644977914
120336,0,0.2285389794758405
120338,0,0.15329513655935498
120339,0,0.022393979028383904
120340,0,0.029776421244062445
120343,0,0.07023332782329535
120345,0,0.06010415135819983
120346,1,0.16096120460612345
120350,0,0.02891962130306248
120352,0,0.03536622871557683
120353,0,0.03195030747873673
120354,0,0.034843116297013796
120355,0,0.0003676036021866433
120356,0,0.031246498074690765
120358,0,0.08806151047281571
120361,0,0.02656193547001675
120363,0,0.029263097843419583
120364,0,0.20234887115943606
120366,0,0.027249279941003495
120367,0,0.011532944564196039
120368,0,0.07510106447695372
120369,0,0.03162248629664712
120371,0,0.11306096089862401
120373,0,0.008632863908188435
120376,0,0.15782797227060139
120377,0,0.0380863214399389
120379,0,0.027552478667563125
120380,0,0.09884977096992706
120381,0,0.10379482678060925
120382,0,0.027696375892550924
120384,0,0.20938061457702672
120386,0,0.12256549492496291
120387,0,0.13546713222862192
120388,0,0.022126812078348816
120389,0,0.010356697024769174
120392,0,0.005516653252551606
120393,0,0.0430853563791511
120395,0,0.04964016443921311
120396,0,0.15321712433091467
120398,0,0.22700081064912875
120400,0,0.01118232124050442
120401,0,0.1211728562930932
120403,0,0.11922432832089654
120404,0,0.0023322725939198532
120405,0,0.0077199116982166515
120407,0,0.03963023863409843
120410,0,0.0036041255809391923
120411,1,0.38155788331221924
120412,1,0.22602048632704333
120413,0,0.14101609684911462
120414,0,0.001216461499156721
120415,0,0.008830208422228394
120416,0,0.07914614846185926
120418,0,0.033221998590007386
120419,0,0.37188134873948464
120420,0,0.07008953845283608
120422,1,0.2162579996036599
120426,0,0.5592563884665774
120427,0,0.001969320918792895
120428,0,0.02155259446993315
120432,0,0.05064616816420257
120435,0,0.7863507454307943
120436,0,0.23075441554161852
120440,0,0.026847344128500428
120441,0,0.00331733112373419
120442,0,0.19266406799696867
120443,0,0.01828281769740244
120444,0,0.02674279054512021
120447,0,0.028216489551329143
120450,0,0.024642687932474826
120451,0,0.0028924403466821973
120452,0,0.24107028002352418
120454,0,0.007344086055084065
120455,0,0.03857947550915295
120456,0,0.08927156105883231
120458,0,0.04983768088608031
120460,0,0.032490281954630426
120461,0,0.00786570556552546
120462,0,0.03531494371164269
120463,0,0.029721082177489366
120467,0,0.11993662512947945
120468,0,0.1048422842780119
120471,0,0.017475407751433285
120472,0,0.03893408195870627
120473,0,0.13547999543637718
120475,0,0.049408621446702196
120476,0,0.059617646478146824
120478,0,0.16426260677893614
120479,0,0.03523456185093381
120480,0,0.09937139931314164
120481,0,0.009532721148284623
120483,0,0.003482326714602029
120484,0,0.02042416042186054
120485,0,0.03264512128035098
120490,1,0.008628466997221954
120491,0,0.02221670590190976
120494,0,0.001052211230526396
120497,0,0.13156759983394242
120498,0,0.006269633231518398
120500,0,0.07626457473569866
120501,0,0.19975692232059816
120509,0,0.08916312866890205
120510,0,0.10168716990627107
120511,0,0.08708015207201174
120512,0,0.004165521669031946
120517,0,0.0422376982377811
120519,0,0.22769841556770015
120521,0,0.2008368306166029
120522,0,0.05077571357020696
120523,0,0.0017764725882017155
120526,0,0.05605344450298043
120527,0,0.12269030254374162
120528,0,0.03550809707915646
120529,0,0.0016227356540713515
120531,0,0.06526494654554957
120535,0,0.21561894398437068
120538,0,0.029513361310125653
120540,0,0.11925457684759236
120541,0,0.020608852833480632
120542,0,0.033504203725364876
120544,0,0.06406191371853
120545,0,0.037915366985524876
120552,1,0.5963213466868267
120553,0,0.007245764781106269
120555,0,0.16826368049034288
120556,0,0.07453789699692827
120557,0,0.057450868529420586
120558,0,0.1203825986735966
120560,0,0.002352221043532144
120561,0,0.05696945574995667
120563,0,0.15963522867213512
120567,0,0.056995546452424675
120570,1,0.5943972831467601
120571,0,0.027224006688194784
120573,0,0.13748093961787414
120576,0,0.0044601815546775605
120577,0,0.2560868345208805
120581,0,0.023583064249100456
120584,1,0.04826259877512644
120585,1,0.026035802050535746
120586,0,0.006319861034196908
120590,0,0.007295962678272464
120591,0,0.04244767195085841
120596,0,0.002279339429368451
120597,0,0.01796872861811258
120598,0,0.10230424319076296
120601,0,0.05663063127592259
120603,0,0.10734520180191973
120607,0,0.253960695528832
120608,0,0.07953247965814451
120609,0,0.01398000130174778
120610,0,0.055865894168345046
120611,0,0.3148556087234938
120613,0,0.2559933733066142
120614,0,0.031256783849557004
120616,0,0.11050797520878826
120617,0,0.16995904559750477
120618,0,0.023751384969255954
120623,0,0.01845023378998082
120625,0,0.05003264395289951
120629,0,0.0007166204814039676
120631,0,0.007112341389472665
120633,0,0.022235767641537642
120635,0,0.022243125463120718
120636,1,0.03599552976308211
120641,0,0.030818348987016374
120645,0,0.06814646131955968
120647,0,0.23727556968424116
120650,0,0.05595967775840436
120651,0,0.4676982722483016
120652,0,0.33298488967742385
120653,0,0.10887934637623017
120654,0,0.01176758704430941
120659,0,0.0058880959782852725
120661,0,0.0012084911441860736
120662,0,0.0735712204391549
120663,0,0.03895563965490839
120666,0,0.17873621897002429
120667,0,0.020877369029143847
120671,0,0.04131504155580782
120676,0,0.0056548181052982465
120677,0,0.06029037180581037
120678,0,0.030590326044408957
120683,0,0.048858316076890854
120684,0,0.0023783763573301986
120687,0,0.012012886856284943
120688,0,0.038945412817029554
120691,0,0.013781122368303571
120694,0,0.0793917696852997
120696,0,0.0530190795388777
120699,0,0.09845157852842143
120700,1,0.40388530778993237
120708,0,0.08221432595255648
120709,0,0.23350288911998957
120710,0,0.42199358889658933
120711,0,0.045179872374249815
120712,0,0.3395167674674182
120714,1,0.14195837127915484
120717,0,0.03876892591093366
120718,0,0.14156938640071987
120720,0,0.02719169407324662
120723,0,0.21096783586123694
120727,1,0.08824270531829982
120730,0,0.0039020625219437347
120731,0,0.0028556788674222212
120733,0,0.11952207161795417
120734,0,0.026816695539511843
120738,0,0.08748702209274815
120742,0,0.07111291007058063
120743,0,0.10054155506691217
120745,0,0.01406222487965431
120746,0,0.057688494225697995
120747,0,0.8659850572669688
120748,0,0.19133680308799353
120749,0,0.05028785972909809
120751,1,0.5117906397585841
120752,0,0.10936769011224998
120754,0,0.11029606100324237
120757,0,0.06668743849118539
120761,0,0.05080487804218533
120762,0,0.18533284955323787
120769,0,0.016283503079275778
120770,1,0.2561364051144239
120774,0,0.08779898589678119
120778,0,0.010815251086415272
120779,0,0.21735421508282307
120780,0,0.003896431587384567
120782,0,0.0446627629953394
120784,0,0.14262364691809593
120788,0,0.014837197967608786
120791,0,0.0398497884831332
120792,0,0.09820258980271283
120793,0,0.17272553001768923
120794,0,0.027248626261397048
120796,0,0.09039306627947866
120798,0,0.10889085041225825
120799,0,0.33262755751360024
120802,0,0.03550468558338217
120804,0,0.006500280247270148
120814,0,0.01896848807190103
120817,1,0.13341712376701778
120819,0,0.0032421715658901965
120821,1,0.13433220401757096
120823,0,0.1684536338093968
120824,0,0.18144539086935904
120825,0,0.28141719686123345
120826,0,0.03536498054678394
120827,0,0.012765433649284804
120828,0,0.029205531635745397
120829,0,0.35603512618692196
120831,0,0.0634134387121772
120832,0,0.2578954232298463
120833,0,0.07769150349352928
120836,0,0.1526987206287214
120837,0,0.013174220936034806
120838,1,0.02198671288629681
120840,1,0.03894059565388125
120841,0,0.53826396012979
120842,0,0.009746915416437092
120843,0,0.027769816352256282
120846,0,0.019717508914803134
120847,0,0.11848982870668001
120848,0,0.0012695429315068166
120849,0,0.055610451147841175
120851,0,0.03709444993364153
120855,0,0.04424390310003086
120859,0,0.050002678181150936
120860,0,0.04965378455313414
120862,0,0.035592760063808744
120863,0,0.03133249314941679
120864,0,0.08900787853482849
120870,0,0.03667449464752478
120873,0,0.047290682658818625
120874,0,0.03375886891673002
120875,0,0.04664356519116834
120876,0,0.007393747285758498
120878,1,0.1533165799957775
120879,0,0.007560204479079641
120880,0,0.00440763470703406
120881,0,0.038461165911055514
120882,0,0.03472339790957325
120884,1,0.0612619065734326
120885,0,0.181157665992205
120886,0,0.16469522362689962
120887,0,0.0951806675768003
120888,1,0.30205384731691326
120889,0,0.006674189470337738
120894,0,0.057998229654032195
120897,0,0.03292038066899278
120898,0,0.03918049595444262
120899,0,0.05638032155219067
120901,0,0.9537024078097509
120904,1,0.5572084725211945
120905,0,0.08484638715738003
120908,0,0.0009664285962745744
120909,0,0.09533633966670887
120911,0,0.46346861509809856
120912,0,0.06484593868486822
120917,0,0.10262984649546429
120920,0,0.0044261082652365625
120921,0,0.026753182406908098
120922,0,0.13412549835527107
120924,1,0.633893371745327
120925,0,0.039309280795364485
120927,0,0.12663386990377562
120928,0,0.007841294540414465
120930,0,0.12213606879385772
120933,0,0.05919340604923433
120934,0,0.031136485828152732
120936,1,0.21901751753380827
120939,0,0.297084988635406
120945,0,0.01830161381968464
120946,0,0.1142922610230038
120948,0,0.36151197473312263
120950,0,0.05849476335056121
120953,0,0.39633445453867355
120956,0,0.0030449966894392647
120959,0,0.1259510797009603
120960,0,0.11931022168386365
120962,0,0.06444650605543475
120965,0,0.014474924186727295
120967,0,0.3361704336592838
120969,1,0.38689024484802537
120971,0,0.03328606309175276
120972,0,0.03374775730918508
120973,0,0.033990989793760265
120974,0,0.6223643578340607
120978,0,0.060913563232447496
120979,0,0.08187929589691649
120981,0,0.1687375110108272
120982,1,0.15314029268372087
120983,0,0.04783980599571234
120984,0,0.10664009280833267
120987,0,0.13985848017908492
120989,0,0.031286969903872225
120990,0,0.00027790571429295454
120991,0,0.009868979059564447
120992,0,0.04488042821510323
120994,0,0.3311724293945899
120995,0,0.1851258011910848
120999,1,0.219386313866157
121000,0,0.030971323353698465
121001,0,0.056626725344234144
121005,0,0.5512108324072639
121006,0,0.048185580192645246
121008,0,0.3539369964649314
121011,0,0.022872701661201505
121012,0,0.011156940051642198
121015,0,0.12759536371816135
121020,0,0.07656396226384192
121022,0,0.008758582161039587
121023,0,0.06062244146757526
121027,0,0.015164193870143478
121029,0,0.20694252573217006
121030,0,0.02886157200828766
121032,0,0.005537782140155797
121033,0,0.0014713780411401325
121037,0,0.002176187438499665
121038,0,0.05179906525632094
121041,1,0.7401468732670737
121043,0,0.14202067098951915
121045,0,0.09951223294852737
121047,0,0.061245469295808964
121052,0,0.09214740832478169
121053,0,0.055844716051373686
121057,0,0.06573654759044209
121058,0,0.09994413638299401
121060,0,0.02052102520077475
121061,1,0.009575062721019203
121063,0,0.02097838403692693
121064,0,0.1451333505963793
121067,1,0.4395364948814966
121068,0,0.05008320821068797
121069,0,0.18885602181013134
121070,0,0.014370158159604041
121071,0,0.0033844157270425668
121072,0,0.09260165252933536
121073,1,0.07598842009416915
121074,0,0.023912547924711945
121076,0,0.012587840716356066
121077,0,0.05104147651569259
121078,0,0.32046972075639396
121080,0,0.027558388401009815
121081,0,0.032422517721694216
121082,0,0.008063829920570049
121083,0,0.038701868684003465
121088,0,0.16401002757729893
121089,0,0.03676631037402589
121091,0,0.0005193789297132923
121095,0,0.03392260994097317
121098,0,0.09096188010010182
121101,0,0.08745159416632452
121102,0,0.05242422104702784
121105,0,0.12964249189919813
121106,0,0.15792663793015377
121110,0,0.05240385324306127
121111,0,0.02344346365344057
121114,0,0.011610386920308325
121115,1,0.29560073792334707
121116,0,0.12415346456347427
121117,0,0.04869040528011387
121120,1,0.8529719854096337
121122,0,0.03071833350431638
121123,0,0.18328750112235684
121125,0,0.28009966977319806
121126,0,0.0060566949533398095
121134,0,0.22641205994238853
121135,0,0.06862221075593514
121136,0,0.07061462220153494
121138,0,0.057590607685497876
121139,1,0.6633149764478398
121142,0,0.05566687600159444
121146,0,0.006164970945272172
121147,0,0.006240323845138363
121148,0,0.14610803801056024
121149,0,0.05316652935671393
121153,0,0.08169222368402472
121154,0,0.028107984212218474
121156,1,0.032131988429720384
121157,0,0.022806922601358363
121162,0,0.011110336073605256
121165,0,0.004864107164628502
121169,0,0.010968948478470427
121171,0,0.02074330747965401
121172,0,0.21976381386165628
121173,0,0.14805474759999862
121174,0,0.0968091226105217
121175,0,0.03969872410634446
121176,0,0.05808142956369239
121177,0,0.0005203247452692866
121178,0,0.11245869842589447
121182,0,0.032275420393547714
121183,0,0.19244252683752966
121185,0,0.01451183773925227
121187,0,0.21050231750586149
121188,0,0.0017510151611711115
121192,0,0.006904271531409418
121194,0,0.008454483047763273
121197,0,0.06232294966721763
121198,0,0.0039356960240952595
121199,0,0.00039932402457476795
121200,0,0.01780103925347156
121201,0,0.3300059106793274
121203,0,0.009592800364933641
121204,0,0.04947401712961824
121205,0,0.057609543055595805
121206,0,0.009419727809962277
121207,0,0.028134830805082545
121208,0,0.02053444865110989
121210,0,0.022295168593175135
121211,1,0.3278673216723821
121213,0,0.0038993823120987573
121215,0,0.003036973088786188
121219,0,0.04239261274629832
121220,0,0.019185330797671606
121228,0,0.0007215278532219577
121231,1,0.6821368446400871
121235,0,0.0049167576049132435
121237,0,0.04982667868817656
121240,0,0.05015571964656268
121242,0,0.01635427723075621
121243,0,0.038729101286811105
121245,0,0.01575624366678454
121246,0,0.03337334122653336
121249,0,0.22347529768701166
121251,0,0.29507075759507384
121253,0,0.023018807227670607
121254,0,0.027972785172213372
121255,0,0.04737739777976299
121256,0,0.028757076103313284
121258,1,0.1863458568762391
121259,0,0.0037163856869413146
121260,0,0.051077682601231765
121261,0,0.0044758659940813145
121264,0,0.05566118848677891
121266,1,0.03516641665534423
121269,0,0.09415597768195351
121272,1,0.12309777985600176
121274,1,0.39290451243923225
121276,0,0.04104155329894772
121277,0,0.33256248180445314
121279,0,0.004700181870684814
121284,0,0.22572745438670863
121286,0,0.0056084466163321325
121287,0,0.048651386146834445
121291,0,0.1350251221885934
121293,0,0.08346397932930179
121294,0,0.18072440893560468
121295,0,0.04445883073496071
121296,0,0.055380941320875995
121299,0,0.06081699073236141
121303,0,0.018522116445285255
121304,0,0.051240394543839454
121305,0,0.07641377352906599
121308,0,0.0364751816078034
121309,0,0.06507683521134058
121311,0,0.01642111607824075
121313,0,0.04652741328346956
121315,0,0.06763517719228468
121317,0,0.27807118477024967
121318,0,0.01385274935609106
121319,0,0.020143219904443378
121321,1,0.4319861503525299
121322,0,0.04967509278945931
121324,0,0.0021042842126199877
121325,0,0.08584449921612518
121326,0,0.03920294959552561
121328,0,0.18014311874413472
121329,1,0.2380232556312179
121330,0,0.09790088903390644
121334,0,0.013998019387984312
121335,0,0.04420632438543358
121336,1,0.04635061449319625
121337,0,0.036141329957309246
121339,0,0.06560795064249564
121340,0,0.0013268018397003462
121341,0,0.16530694190399536
121345,0,0.016609888875327928
121346,0,0.05267318660876743
121348,0,0.10789547666211505
121349,0,0.10662894525314318
121350,0,0.015020733162874134
121351,0,0.020837984837009736
121353,0,0.08969842837505795
121358,0,0.2909192045716559
121359,0,0.08576752069177744
121360,0,0.5915435640042891
121361,0,0.001110398605912631
121364,0,0.023446411270380822
121365,0,0.010827871490921756
121367,0,0.20072919909663245
121368,0,0.02386450172456827
121371,0,0.025197165190744986
121373,0,0.15346190211990196
121374,0,0.01623860998292177
121378,0,0.00526479443511745
121381,0,0.39654862103841254
121382,0,0.032022215029434115
121383,0,0.13812119944716236
121384,0,0.07373970274698227
121386,0,0.15406986797097028
121391,0,0.0781899653502653
121393,0,0.021424515564938323
121394,0,0.035502291346480204
121395,1,0.1757745361092609
121398,0,0.10658542975124723
121400,0,0.00294258636935734
121405,0,0.004152653383516726
121406,0,0.046267529552193924
121408,0,0.015579632882074434
121410,0,0.10534907842974546
121414,0,0.03390694275308679
121415,0,0.09908030989193665
121417,0,0.03634763020753172
121418,0,0.024164001825233417
121420,1,0.11635457913491654
121422,0,0.04984678598331902
121424,0,0.004187814634218582
121425,0,0.03346817659357442
121426,0,0.03670576238456847
121427,0,0.20838374018349698
121428,0,0.03570517861531915
121432,0,0.06256348816522021
121435,0,0.02079328824637027
121438,0,0.026107839840388593
121441,0,0.0006656251035460359
121442,1,0.5519290336532381
121443,0,0.01849698923196861
121445,0,0.15670234123022903
121450,0,0.11366056288172757
121451,0,0.021944158844781063
121453,0,0.0077932805936137455
121457,0,0.22261867314141578
121458,0,0.03235736017100471
121459,1,0.28873675614355643
121460,1,0.15407221689933628
121461,0,0.024713255462144985
121462,1,0.11462258207572504
121464,0,0.10369611526244826
121465,0,0.40084456006839775
121467,0,0.09048448057258329
121468,0,0.19471102009688365
121473,1,0.051168059454019296
121475,0,0.011508838328323228
121476,0,0.018632015893231817
121479,0,0.0006472571628741858
121480,1,0.09637352070695829
121481,0,0.0292090968149899
121483,0,0.007158019670121934
121484,0,0.1452899125416333
121485,0,0.00629468639626167
121486,0,0.06632211059336518
121488,0,0.0076984583684830115
121489,0,0.336756667007241
121490,0,0.001954914495581587
121493,0,0.041969651127781026
121494,0,0.1303652767206946
121500,0,0.0020236662970317897
121502,0,0.00469667154067008
121505,0,0.03312768993151591
121506,0,0.09787912652794317
121508,0,0.024146277243614532
121509,0,0.005674943743520458
121512,0,0.12819572962601286
121519,0,0.021278610221253273
121520,0,0.14277443773349488
121521,0,0.0009814935555182316
121525,0,0.053095019838078475
121526,0,0.11133109365141503
121528,0,0.010944390069368596
121530,0,0.027771541246898058
121532,0,0.25732445616774385
121533,0,0.0071321942702025996
121534,0,0.003946385690290388
121535,0,0.051035299122159816
121538,0,0.01607519280086727
121540,0,0.04823528738527233
121543,0,0.3554861498003749
121544,0,0.1692164248559533
121548,0,0.09583848555475102
121550,0,0.007926976941914844
121551,0,0.04521155849931846
121554,0,0.02160733675418791
121556,0,0.11988956712296357
121558,0,0.003993500763799784
121559,0,0.004370843100348017
121565,0,0.03360131838942248
121569,0,0.0677498683696597
121570,0,0.006034974804696561
121571,0,0.01853950168520576
121576,0,0.013725100233718885
121577,0,0.0009269708644445839
121578,0,0.09272823580895143
121579,0,0.0047650261100970915
121580,0,0.042563078764422946
121581,0,0.003308784847586889
121582,0,0.003709138649289431
121585,0,0.025472764208446103
121587,0,0.008737118505552694
121588,0,0.12477694973463116
121589,0,0.2249537224805586
121590,1,0.24098243012618764
121591,0,0.03155255991800833
121592,0,0.062130256487710714
121593,0,0.027740580555385023
121595,0,0.01073654882330517
121597,1,0.03316082827945243
121603,0,0.06597654770654855
121604,0,0.03811896227765649
121606,0,0.2878285216933874
121607,0,0.09503402731695995
121610,0,0.0009140211843274078
121618,0,0.10109948310639796
121620,0,0.18101668749510388
121621,0,0.032815565143620704
121622,0,0.013410182854329466
121623,1,0.6211090912282498
121625,0,0.17983551355553723
121629,0,0.04243148044585695
121630,0,0.33994326750931636
121631,0,0.0024250475925580895
121634,0,0.011917483879716171
121635,0,0.014087880202999645
121637,0,0.13423575484401565
121638,0,0.0021876771266614295
121641,0,0.03505816911994325
121643,0,0.011586470878696874
121644,0,0.08756846393225085
121645,0,0.06443610578277915
121646,1,0.010199186414154507
121647,0,0.050227046392334926
121648,0,0.08271405877152001
121649,0,0.23281405889964618
121650,0,0.046925341228266755
121653,0,0.03722472737778292
121654,0,0.006732852178839098
121657,0,0.023298318228532514
121660,0,0.09144979386973752
121662,0,0.02552466103179172
121663,0,0.010635336822287992
121664,0,0.03890069557263146
121665,0,0.03106434524200551
121668,1,0.2104870450267356
121669,0,0.021140906909886317
121670,1,0.30384854173521403
121671,0,0.19105298850146682
121673,0,0.0025261389037511306
121674,0,0.004204816248555318
121675,0,0.060113023852626714
121682,0,0.21008349405959068
121687,0,0.18504486223454147
121688,0,0.008980126680668245
121692,0,0.028070998617006272
121693,0,0.028262233474619057
121694,0,0.10530954250458568
121695,0,0.18214239432753362
121696,0,0.03758302789991306
121699,0,0.0718659275482821
121700,1,0.32680291395017746
121705,1,0.16464378137841834
121708,0,0.17131114483395668
121710,0,0.03602948169074492
121711,0,0.003391311582134063
121714,0,0.006075812435245929
121719,1,0.3896980474508767
121720,0,0.030577526790846816
121721,0,0.03648784870234183
121727,1,0.2445712013235751
121728,1,0.27977151081749396
121730,0,0.15680696881015888
121731,0,0.21683388145388754
121737,0,0.005679314314155599
121738,0,0.004198556201735435
121741,0,0.06081711787796246
121744,0,0.006683388060008791
121746,0,0.04259370015334466
121747,0,0.031020694367216495
121750,1,0.061375035544294555
121751,0,0.2650530803711843
121753,0,0.05816564730024607
121754,0,0.06593990560330479
121758,0,0.01734258475427764
121761,0,0.1207071290720606
121762,0,0.004843605581455583
121763,0,0.016064383571619805
121764,0,0.0008670221829842686
121771,0,0.044552117279258535
121773,0,0.0602323193303063
121774,0,0.199887892918531
121775,0,0.05198890732576526
121776,0,0.043125347093921775
121778,0,0.006052197630629019
121779,0,0.01788706597221528
121780,0,0.1000964258874358
121782,1,0.07433053324206494
121783,0,0.14413919814561774
121784,0,0.05609484051827631
121785,0,0.36149590675754595
121786,0,0.6473154635500373
121789,0,0.03421456418339241
121791,0,0.006157078555933731
121796,0,0.054376287600785556
121808,0,0.011234380188670508
121809,0,0.006218061635779699
121812,0,0.033511556680775864
121814,0,0.16591362450697453
121816,1,0.18127952151429608
121818,0,0.038072085367635664
121822,0,0.10140241885439705
121824,0,0.005819449110314563
121826,0,0.18260252907307556
121827,0,0.04392540348958417
121828,0,0.040564303532854784
121830,0,0.01351425930348626
121831,0,0.09250248990463414
121833,0,0.07108838654296976
121836,0,0.001775123025653242
121838,0,0.053099645355718185
121839,0,0.10731000646500019
121840,0,0.05609536207219704
121841,0,0.2873753820694167
121842,0,0.0036885883938956423
121844,0,0.06652254200581854
121846,1,0.26540261870514337
121847,0,0.09719166610024367
121848,0,0.03732775302046863
121850,0,0.008233391605686195
121854,0,0.0073127405474374425
121855,0,0.02960809161191124
121864,1,0.10152575021921442
121865,0,0.02258888670545722
121866,0,0.0027561494093511713
121868,0,0.03295387681428229
121871,0,0.003671333738924659
121872,0,0.20249367456854298
121873,0,0.033635808040095486
121874,0,0.04712217034415376
121876,0,0.01238786426569263
121877,0,0.054415158549278364
121878,1,0.34528795528841005
121882,0,0.02633175399979982
121883,0,0.09560530870370265
121885,0,0.005419521609383848
121887,0,0.4206206913313378
121891,0,0.2094902524662408
121893,0,0.03951359156797348
121894,0,0.03830810961948232
121895,0,0.04600202957974069
121896,0,0.06622820501483312
121897,0,0.009613976724923824
121899,0,0.07671957539533746
121901,0,0.14424811526048678
121905,0,0.19833379952487357
121906,0,0.05135125273566018
121907,0,0.12033847172256962
121913,0,0.003691367779215367
121917,0,0.04104525062080529
121918,0,0.08433657829761185
121919,0,0.001636969477045563
121920,0,0.010147565766950107
121921,0,0.06314314757171055
121922,0,0.002909574804112992
121923,0,0.0986439861300959
121925,0,0.06075054580714191
121927,0,0.28447032752985757
121928,0,0.23380837973141552
121929,0,0.05113835624954092
121931,0,0.07046310753559291
121932,0,0.03788841463934491
121936,0,0.03309328315157791
121937,0,0.05794498538131605
121938,1,0.5863317999908331
121943,1,0.028434070065995104
121944,0,0.03065113007834422
121945,0,0.046879328530190105
121948,0,0.039834006041995856
121949,0,0.09277996540352215
121950,0,0.017035035801416198
121951,0,0.16464252577574207
121956,0,0.0008853792405278477
121958,0,0.05716821091582225
121961,0,0.037900879451521374
121962,1,0.8580756880366668
121964,0,0.051019571376895355
121965,0,0.007331756739743086
121968,1,0.36067008373255927
121970,0,0.010354164942612898
121971,0,0.3376887596147856
121972,0,0.04708918841386113
121974,0,0.03484311175711288
121975,1,0.04652846136973625
121976,0,0.19721928459241464
121977,0,0.12095152702434253
121978,1,0.1947707427977559
121979,0,0.007634955557573014
121981,0,0.049859380226014695
121982,0,0.01419059854714098
121984,0,0.14439103828213126
121985,1,0.15029421785162658
121987,0,0.1317040480631096
121988,1,0.3366144891943552
121989,0,0.04298390180389347
121990,0,0.04437213938982161
121991,0,0.04881666960335609
121993,0,0.058617324296430316
121994,0,0.1020580213820669
121995,0,0.008907935543042204
121997,0,0.09878197867941743
122001,0,0.03317264497975192
122004,0,0.02887328569844332
122005,0,0.1414519296772997
122007,0,0.019509959847640333
122011,1,0.0021635226062391997
122012,0,0.42034060643351784
122013,0,0.06876464365182408
122015,0,0.07445325842641555
122018,0,0.0008559478951088411
122019,1,0.4346611859892498
122021,0,0.062280069926071005
122022,1,0.41974443985114807
122023,0,0.06676025317431253
122029,0,0.02211694593911285
122030,1,0.14551194207928397
122033,0,0.1565456278967256
122034,0,0.019572116663055465
122035,0,0.0049457662438543906
122036,0,0.014202042717801833
122037,1,0.4302838625714303
122038,0,0.022342328295238228
122039,0,0.11390890741442147
122041,0,0.024518080890085763
122043,0,0.054882597467193525
122044,0,0.16295127287260391
122047,0,0.17212363044128115
122048,0,0.07951881103777406
122052,0,0.03511450991919763
122053,0,0.006171756674422854
122054,0,0.04099680684984928
122056,0,0.03908792358544271
122061,0,0.03932810403266985
122062,0,0.01618241257763679
122063,0,0.015170622480123417
122070,0,0.07054560594979167
122074,0,0.0408457789672876
122076,0,0.005400173682142356
122077,0,0.06864030190989505
122078,0,0.05489076853745724
122079,0,0.157049355698873
122081,0,0.1715744437524937
122083,0,0.02365950070941241
122089,0,0.05013464951778257
122091,0,0.11211014352209454
122093,0,0.0009258170471571533
122095,0,0.0019682983284507087
122097,0,0.0040826459481410225
122099,0,0.1489783711585482
122101,0,0.07284364507310186
122102,0,0.3972833770678027
122105,0,0.08254844600375903
122107,0,0.045003078268822924
122108,0,0.01327379623049133
122111,0,0.013492782502670844
122112,0,0.011600412035428512
122113,0,0.0284038196662287
122116,0,0.00537854670365193
122118,0,0.03808703959311524
122121,1,0.17207950033193095
122127,0,0.0025205234156634336
122128,0,0.00042397418904137547
122129,0,0.049633859379618
122130,0,0.0011427345705839116
122134,0,0.013988715144739077
122135,0,0.004562675341450681
122136,0,0.03724711816574928
122139,0,0.07978920698782178
122140,0,0.02533202543141741
122143,0,0.004414379709295392
122144,0,0.09755984910421482
122145,0,0.021204863268108602
122146,0,0.016996994860344415
122150,0,0.09791275547032402
122152,0,0.003157990034668498
122153,0,0.3457405127429053
122154,1,0.10799655988583527
122156,1,0.7109992578946027
122158,0,0.0020782636842220084
122159,0,0.18359044074
122163,0,0.013419951956006603
122164,0,0.014219433348902247
122166,1,0.33698491043316137
122175,0,0.08015371435577201
122179,0,0.004819858546649563
122184,0,0.6155594974015767
122187,0,0.09283027886400617
122188,0,0.005271620363502231
122192,0,0.1895477153643292
122193,0,0.06297334973048921
122195,1,0.23022246216857023
122196,0,0.002569831584438964
122199,0,0.084035947991032
122202,0,0.21422668667603947
122203,0,0.062179762430078
122204,0,0.04161312079064876
122207,0,0.0017533760253779685
122208,0,0.12158319003716941
122209,0,0.017272599033678872
122210,0,0.0018843008441920771
122212,0,0.04195567587081169
122213,0,0.008029540459607824
122214,0,0.028484219625084073
122215,0,0.007744037700293515
122216,0,0.06632475121450439
122217,0,0.04394416360123577
122218,0,0.05784491716777973
122219,0,0.0660037174808615
122222,0,0.022868923506927902
122227,0,0.06516453148175892
122229,0,0.3042973871219765
122231,0,0.1285847485603785
122233,0,0.0007196289145143949
122234,0,0.024267142151461404
122235,0,0.143700209635112
122236,0,0.01969417169918833
122237,0,0.0927296212677404
122238,0,0.003584495386585982
122239,0,0.00685510694503568
122240,0,0.13578919772577147
122241,0,0.01595724004171699
122244,0,0.26647648334112406
122245,0,0.057211232915473406
122246,1,0.3299629678499918
122252,0,0.24655337739960256
122254,0,0.007552823097367165
122258,0,0.3546652787634628
122260,0,0.09531672826425361
122264,0,0.004524623866652528
122265,0,0.0062359238787939985
122266,0,0.02064331941373629
122268,0,0.1387632950708456
122269,0,0.06733770359021324
122271,0,0.03324006940096738
122274,0,0.021287864735629967
122276,0,0.013024987255659818
122278,0,0.0011748154200131615
122282,0,0.02901948499866109
122283,0,0.03473242677316383
122286,1,0.2808397574538756
122287,0,0.004456608451085356
122289,0,0.0212240075925714
122290,1,0.7317750747858269
122291,1,0.05457240630549433
122293,0,0.10236060827982538
122294,0,0.005376841324236844
122295,0,0.1878736171071072
122297,0,0.022731934807759722
122300,0,0.022148246051076938
122301,0,0.004809276857467982
122302,0,0.000661049919083511
122303,0,0.11871285453897577
122304,0,0.034681146725639184
122305,1,0.6161275081367356
122306,0,0.1258524194242652
122310,1,0.02529669446451275
122314,0,0.032947238188010666
122315,0,0.22889163614645738
122319,0,0.010286390460591743
122322,1,0.7349866999289888
122323,0,0.0674179139936936
122324,0,0.023747918506564346
122325,0,0.11376783503811809
122328,0,0.23274030288758726
122333,0,0.06724545259264444
122334,0,0.002316882387956082
122335,0,0.01632684818578949
122337,0,0.09413268509676218
122338,0,0.4990636795169404
122339,0,0.09232276338064964
122340,0,0.0013165790529150367
122343,0,0.44710789503749515
122346,0,0.010765865269001437
122348,0,0.07352342533695624
122350,0,0.0010850509865287562
122351,0,0.013043314984520313
122355,0,0.08800501832342766
122356,0,0.0014093954972626134
122359,0,0.07258243198575005
122360,0,0.006537609693241925
122361,0,0.5236892895415879
122363,0,0.04956662210783052
122364,0,0.003023250009481786
122366,0,0.0022523720456360113
122367,0,0.05144328787333881
122369,0,0.13261729524762644
122370,0,0.04678612813501196
122371,1,0.15767996844731122
122373,0,0.007200031766874279
122375,0,0.022609345270524144
122376,0,0.015555175444600056
122378,0,0.010574074456791404
122379,0,0.0036974825186969255
122383,0,0.0016556155843813931
122384,0,0.08185058511104236
122387,0,0.2862384450099673
122389,1,0.02502037277379715
122390,0,0.01399574707008093
122392,0,0.06049143757178751
122393,0,0.0006955539995189133
122394,0,0.04405861993138913
122395,0,0.08635829877342205
122396,0,0.09447037552108517
122399,0,0.03321627641934018
122400,0,0.56392226561339
122401,0,0.0233569116201939
122404,0,0.004877706033054121
122405,0,0.15610534420598474
122407,1,0.32687172349206794
122408,0,0.002220354003089043
122414,0,0.04003725690658154
122416,0,0.017743279708503985
122417,0,0.2705240555908789
122419,0,0.06681566682631555
122420,0,0.012724884371739595
122421,0,0.0011542793434270449
122423,0,0.31520273452246106
122428,1,0.1322201550189043
122430,0,0.0007088283667463426
122431,0,0.0392960315824674
122434,1,0.20796277485530176
122435,0,0.09776177029673039
122436,0,0.2538774396353207
122439,0,0.09121518630427027
122442,0,0.004276827387908843
122443,0,0.028297170427181363
122448,0,0.01822537095435093
122449,0,0.02980398113658627
122451,0,0.0009580606797890666
122453,0,0.09633365496612634
122454,0,0.007961549179452552
122456,1,0.16762850272572333
122459,0,0.0067290686882380945
122460,0,0.0013169418629415026
122462,0,0.0011355151026508736
122463,0,0.18132041655227024
122468,0,0.06918943473906074
122472,1,0.2567087857997441
122473,0,0.12256868692177458
122474,0,0.09198768237221289
122477,0,0.009406228682906144
122478,0,0.006833548752592731
122481,0,0.02457421685340729
122482,0,0.017334332661520457
122487,0,0.002424629671879724
122489,0,0.10148679882268516
122490,0,0.040734541741528005
122493,0,0.1018988415079132
122496,0,0.2790039762577764
122497,0,0.0008347956579113043
122499,0,0.016072484060438073
122500,0,0.00020380561232912522
122501,0,0.29764140114050497
122503,0,0.00569680351254752
122504,0,0.09056720164581845
122509,0,0.4571909570943461
122511,0,0.034605990582300766
122512,0,0.0016760051874987105
122513,0,0.08124104040866136
122514,0,0.05198005013187956
122517,0,0.11122837389525442
122520,0,0.0640644150074861
122524,0,0.005532495045403752
122525,0,0.22422980236105614
122526,0,0.008385242895128629
122528,0,0.0040180138067959885
122534,1,0.19662767849853346
122535,0,0.026151451005268778
122536,0,0.12401878506766076
122537,1,0.057929312698596934
122540,0,0.10289951358603595
122543,0,0.23195303415038424
122546,0,0.06740150659736584
122550,0,0.0954225967880991
122555,0,0.04663337311343644
122556,0,0.032698323845543734
122559,0,0.0765337562483461
122560,0,0.04184699678275482
122563,0,0.07516967856756036
122567,0,0.05419545246910298
122569,0,0.03665703576071873
122572,0,0.13282848994368296
122574,0,0.027108874213813704
122576,0,0.003790022325958034
122578,0,0.048773136503902956
122581,0,0.0015037254482314186
122585,0,0.16219446636689994
122586,1,0.022266155903252757
122587,0,0.028664001237944565
122592,0,0.00318184476180196
122594,0,0.041374560640520454
122595,0,0.10739191654449329
122596,0,0.088562827120056
122597,0,0.054964322905508754
122598,0,0.0009120842318048564
122599,0,0.2515393594022842
122602,0,0.004388161658363975
122608,1,0.16810674632860023
122609,0,0.0011931376723018328
122611,0,0.2677958866680852
122612,0,0.020594525141032428
122616,0,0.03344971842039791
122617,0,0.007551836326015263
122619,0,0.16878490641889177
122621,0,0.12837523292379394
122622,0,0.012308272127051097
122624,0,0.2735908443587227
122625,0,0.21787887745192625
122629,0,0.08571989441523842
122630,0,0.02699811986489526
122631,0,0.006757151092544625
122634,0,0.0015166746636010259
122636,0,0.030754887427637913
122637,0,0.013963107158776336
122638,0,0.01238225442917924
122639,0,0.03049826967153561
122643,0,0.11451715294793888
122644,0,0.04106289330227314
122647,0,0.17664436373708978
122651,0,0.08778858892169353
122652,0,0.03510676722676972
122654,0,0.11552853646197218
122655,0,0.3285082939555415
122656,0,0.020498625600656135
122657,0,0.1499281825744217
122659,0,0.05477872710956616
122660,0,0.05259291818309135
122662,0,0.0075385089147824115
122663,0,0.0010020335830068395
122664,0,0.07342864058428494
122670,1,0.18381102106876668
122672,0,0.039284348752646074
122676,0,0.2306373698156281
122678,0,0.051358343745628955
122683,0,0.05661024847670419
122684,0,0.1026456868972521
122685,0,0.04380299577452513
122686,1,0.4483439851514327
122687,0,0.006028433789513169
122689,0,0.020300858640981984
122691,1,0.3636696672327406
122692,0,0.0011504233986094823
122694,1,0.14819818876362068
122698,0,0.014812497009327163
122699,0,0.014384394608426113
122700,0,0.03522188132756606
122703,0,0.015262262355639461
122707,0,0.016478147870589616
122709,0,0.03968917393012407
122713,0,0.04776753934686677
122715,1,0.09431929290174314
122717,0,0.010703641808750459
122718,0,0.029394448864406737
122719,0,0.25931248764981635
122720,0,0.10941106832980188
122721,0,0.010334592233140635
122722,0,0.029611454587796758
122724,0,0.01865952471538731
122729,0,0.011131054057365142
122730,0,0.05180669590004618
122732,0,0.06816643663229506
122734,0,0.3015619047410537
122736,0,0.11054169990666751
122737,0,0.0042934759033587695
122740,0,0.005548256702005669
122741,0,0.014662044932956092
122742,1,0.2929573980299812
122745,0,0.06980714747538648
122746,0,0.01556420953984583
122747,0,0.2185247614559045
122749,0,0.07090402886491623
122753,0,0.5993942313718239
122759,0,0.024133224477060004
122760,0,0.10062822125170516
122764,0,0.07601572099305165
122766,0,0.05547074117325337
122769,0,0.07358658849197902
122770,0,0.4050751652571546
122771,0,0.022257337190650962
122776,0,0.08429582716691253
122777,0,0.040682584675391494
122779,0,0.043782612345962216
122780,0,0.08093910470025437
122781,0,0.1418156211668324
122783,0,0.015147388357560113
122784,0,0.006588725205638092
122785,0,0.07881362427572774
122786,0,0.09685792781457651
122787,1,0.03166168125761432
122789,0,0.30890637678939
122790,0,0.004531839904607124
122791,0,0.1857541117405807
122792,0,0.1217576431456445
122795,0,0.12384226391402767
122796,0,0.08072201693805882
122800,0,0.010853160756236109
122802,0,0.26299928742000794
122803,0,0.03331529549725067
122806,0,0.02011174455587704
122807,0,0.034716789472248814
122813,0,0.17467196868381507
122814,0,0.01988173264202294
122816,0,0.01403762554904891
122818,0,0.08838523004263081
122820,0,0.07763992154267282
122824,0,0.0385119951249983
122828,0,0.009225508395065007
122830,0,0.050905463623052996
122833,0,0.0259195968167035
122834,0,0.0013166183195446814
122839,0,0.000623536676517271
122840,0,0.00700515587835464
122842,0,0.008098549184510872
122843,0,0.01768388345496342
122845,0,0.18950368454928443
122848,1,0.1471416963883109
122849,0,0.056542791471040896
122851,0,0.3307513274477181
122852,0,0.0017381995015523233
122855,0,0.03178979106647593
122856,0,0.16263342496301297
122864,0,0.03463862598427821
122867,0,0.0009879838833528878
122874,0,0.0014809754557754196
122876,0,0.09259806703561355
122878,1,0.09239923488241335
122881,1,0.09046061320543472
122883,0,0.13544288021081557
122885,0,0.01613610788839367
122886,0,0.026793409927409122
122889,0,0.04575034754729273
122893,0,0.47765783258782435
122894,0,0.02097257046727768
122895,0,0.1847409519440865
122896,0,0.2410566048092088
122901,0,0.14769454039219498
122902,0,0.042994855770165784
122905,1,0.12013871696619538
122906,0,0.025813057270056994
122909,0,0.022122960088697345
122911,0,0.02625963688454679
122912,0,0.0383749081413811
122913,0,0.19677058713342274
122914,0,0.015360632255344125
122916,0,0.015455227044246182
122919,0,0.021334551896790524
122921,1,0.07647050097157528
122922,0,0.047334696038394956
122923,0,0.11061238851743582
122925,0,0.06794547769187761
122928,0,0.033969959613770785
122929,0,0.024314607168623888
122930,0,0.1516626438916147
122931,0,0.18683971328937196
122933,1,0.055581530372908916
122934,0,0.0894857193735099
122937,0,0.24000367075211354
122938,0,0.028270955360496952
122939,0,0.00035498687975253526
122940,0,0.016108556430258204
122943,0,0.0319009850630101
122945,0,0.039470562324134116
122949,0,0.004999133254781711
122950,0,0.1529022221340653
122951,0,0.0005207449358651644
122952,0,0.05434757867606703
122953,0,0.22594359000517344
122955,0,0.02081963938179494
122956,0,0.025670265846904933
122959,0,0.11949740113196454
122960,0,0.18492300525242694
122962,0,0.26081900786545503
122963,0,0.011941226623629085
122970,0,0.15400427593855834
122972,0,0.0697166839654273
122973,0,0.17334284655864143
122974,1,0.17109585425318935
122977,1,0.2681787536059577
122982,0,0.09801133330916234
122984,0,0.0015991145675638395
122985,0,0.010123555693214584
122987,0,0.006353771244805619
122988,0,0.042208615106367635
122991,0,0.10764914366201703
122993,0,0.05506665610537399
122995,0,0.014252882287989955
122996,0,0.005093708760710361
122997,0,0.002678796964327862
122998,0,0.0721569277184192
123002,1,0.44487808705799825
123003,0,0.39893985672147514
123004,0,0.01694589307595773
123005,0,0.6239938724311659
123007,0,0.06858010712982886
123009,1,0.10305295331229267
123010,0,0.06622907614726686
123011,0,0.20394691644821475
123015,0,0.0004915283886216106
123021,0,0.042687317792710226
123023,0,0.019025771611394727
123024,0,0.2630469868160518
123025,0,0.06503529084216675
123026,0,0.06063123825811332
123029,0,0.057476461833626924
123031,0,0.034353889968818004
123032,0,0.09030197874059039
123033,0,0.016414353259757947
123035,0,0.003378341790053636
123037,0,0.04681837918895228
123038,0,0.13847265540307502
123040,0,0.08726611700504469
123041,1,0.3988366520130295
123042,0,0.05859686906523827
123043,1,0.6649406429879751
123045,0,0.11343352973410763
123047,0,0.04364339019055517
123048,0,0.08339618849299615
123049,0,0.03015439332845348
123050,0,0.07312312435843331
123052,0,0.43379657733231713
123053,0,0.009127551914483768
123054,0,0.03678617106966067
123059,0,0.3220654085368839
123063,0,0.11717364716742995
123064,1,0.025291819036114653
123069,0,0.061530225252059444
123070,0,0.10042410489905595
123073,1,0.1814810563488473
123075,0,0.046270824069060225
123077,0,0.0530715014594574
123078,0,0.04734503272476646
123079,0,0.005628832630632392
123082,0,0.22289943381176008
123083,0,0.02921003347810459
123084,1,0.6810850263286811
123087,0,0.010595035784206192
123088,0,0.03303451530189787
123089,0,0.009605887366109414
123090,1,0.14098284351869628
123091,0,0.05443414806634124
123096,0,0.050755528559018416
123097,0,0.21764024495987036
123099,0,0.0011696111924240366
123103,0,0.2305368371020827
123104,0,0.10246837855033568
123105,0,0.09663955059832827
123107,0,0.20156876077551233
123108,0,0.15334913642211678
123109,0,0.10487506268597804
123111,0,0.0773623322621271
123112,1,0.8051095195252426
123113,0,0.12820978560447488
123116,0,0.08430267459409059
123120,0,0.017602724850849818
123123,1,0.38071113412681645
123125,0,0.050892346515507635
123128,0,0.04514063770993546
123129,0,0.009089606152467096
123130,0,0.08839884356860542
123135,0,0.06286963703097191
123138,0,0.03665518810235744
123139,0,0.018458088002866524
123146,0,0.02617784661727072
123149,0,0.046477633758704895
123150,0,0.0026992225591031685
123151,0,0.0027110662443316546
123153,0,0.026807985757472768
123155,0,0.11790758238917091
123156,0,0.11477890233105774
123159,0,0.020941428119292733
123160,0,0.41175070285683957
123162,0,0.14790327941294792
123163,1,0.7397453439931255
123165,0,0.0005911559005121522
123167,0,0.010313621802646883
123169,0,0.07441165155169117
123172,0,0.20571219236945826
123173,1,0.3105833120315086
123174,0,0.013895342672435298
123175,0,0.029963832694492286
123179,1,0.4093628272914514
123182,0,0.005990473775209745
123183,0,0.08783193099870076
123185,0,0.03833320585367712
123186,0,0.004669725323471931
123190,0,0.062067434462503
123193,0,0.022686272332958425
123196,0,0.2078159651718127
123197,0,0.06423071481400303
123198,0,0.04682365161451874
123199,0,0.056343524835734335
123203,0,0.025450465845718483
123204,0,0.008147066435971476
123210,0,0.0559537839541871
123214,0,0.0028442428968083965
123216,1,0.05979717280891188
123217,0,0.001314862784234997
123220,0,0.01937790251885909
123221,0,0.15490178738238686
123222,0,0.01716796558509339
123223,0,0.39864570443286745
123224,0,0.0009086763749368085
123226,0,0.011669729090478868
123227,0,0.024879809783850702
123231,1,0.22245866636629924
123232,0,0.10692724934281121
123233,0,0.058773530647274586
123234,0,0.022373859237524427
123235,1,0.14821592978527845
123237,0,0.0016841370859786333
123239,0,0.011753773960734284
123243,0,0.019081392382358783
123244,0,0.004487279893560169
123245,0,0.029980138389091904
123247,0,0.01859777616915502
123248,0,0.04367606092440457
123249,0,0.07621478164799074
123251,0,0.008927620562595502
123252,0,0.011680468719513884
123253,0,0.05525966833221291
123254,1,0.07994144544251613
123258,0,0.035899658878520355
123260,0,0.03708431108821379
123261,1,0.14720312401418673
123263,0,0.024253743940861983
123264,0,0.05868349564891515
123265,0,0.0006490945022117047
123266,0,0.02568601606305604
123268,0,0.05590082898465341
123269,0,0.02123450204809178
123271,0,0.2044576520340708
123273,0,0.006944721987177169
123274,0,0.08043917803021017
123275,0,0.06681850547825972
123276,0,0.06857260511914938
123277,0,0.15012737504116808
123278,0,0.10038173893417464
123279,0,0.10310267095374226
123280,0,0.1672499715940171
123281,0,0.06470770882264534
123282,0,0.0690592975269571
123284,0,0.2607108157700662
123286,0,0.009864670870117649
123287,0,0.07301691444714113
123290,0,0.3890017502337285
123291,0,0.069021403484096
123292,0,0.01344460578099369
123294,0,0.1309466274477987
123295,0,0.00826100344947132
123297,0,0.06057862625679065
123298,0,0.31052445678017243
123302,0,0.08511175085419383
123304,0,0.014709486370945976
123306,0,0.0869755260841577
123310,1,0.4066759295077643
123315,0,0.034424264612063646
123316,0,0.26938378661147827
123317,0,0.06330040364979854
123318,0,0.02110478047715323
123319,0,0.07289426856960893
123322,0,0.0029356805264529884
123323,0,0.1531392610547419
123325,0,0.05632820466766506
123326,1,0.3135554372010248
123327,0,0.05959601099881038
123328,0,0.012921844862299452
123330,0,0.028599971969577732
123332,0,0.10446329707842202
123335,0,0.09383022838637076
123336,0,0.00943787101789122
123338,0,0.056712538020703473
123343,0,0.012941819537002347
123346,1,0.11011195471080779
123347,0,0.26436388654723797
123349,0,0.002769355242612101
123353,0,0.019630955422943817
123354,0,0.004261447724042669
123356,0,0.15580239176581456
123359,0,0.017355499638377358
123360,0,0.06390202083279589
123361,0,0.01696698074993811
123362,0,0.03821498449831799
123363,0,0.0026869371031586196
123364,0,0.008275951076823388
123366,1,0.19498133069373189
123367,0,0.14750369947191258
123369,0,0.01743470444030707
123372,0,0.0960810451769063
123373,1,0.6337402298438508
123374,1,0.3119595160182501
123375,0,0.03348704230023472
123378,0,0.017500155430203192
123380,0,0.027299603382856214
123382,0,0.005328172230303801
123385,0,0.08049194416730779
123386,0,0.008598801607173957
123388,1,0.09885236556375039
123389,0,0.0007954202989260617
123391,0,0.09341704283950777
123396,0,0.0394741094487995
123399,0,0.17373132440917385
123400,0,0.4078398145971377
123401,0,0.02623340440178626
123403,0,0.004598047630961379
123405,0,0.11154515776807408
123408,1,0.5789619695667432
123409,0,0.015370148980031978
123411,0,0.07757654702211647
123413,0,0.007904186164039933
123415,0,0.10237737780831388
123416,0,0.21065146865174783
123421,0,0.07147888589707535
123423,0,0.013100194796313613
123426,0,0.0050978184937807754
123427,0,0.15078210779364423
123429,0,0.06994133079141315
123431,0,0.0013769204031420354
123433,0,0.005874257290967655
123434,0,0.009874050095901277
123436,0,0.0183412373861863
123438,0,0.0018999978997058966
123440,0,0.05193606895349706
123441,0,0.3519367792337329
123446,0,0.03665925251978654
123447,0,0.002404403325880448
123452,0,0.08560817338316243
123453,0,0.00785845356360793
123454,0,0.09687889864598016
123458,0,0.009902154876757796
123460,0,0.0066941318742803095
123461,1,0.3498284848710875
123464,0,0.02854204160060625
123465,0,0.0005903323612225734
123466,0,0.033434617377772605
123467,0,0.38347662286388895
123472,0,0.022950151058280514
123474,0,0.039402984396672246
123476,0,0.005178722156673029
123478,0,0.028085039934926927
123479,0,0.04909529082401206
123484,0,0.007727431881737373
123488,1,0.42772660050157524
123489,1,0.3044555215498155
123490,0,0.2961563307715
123492,0,0.329794535172915
123493,0,0.0010483289902919876
123494,0,0.037394261147217986
123495,0,0.020120353142841618
123496,1,0.16272702264996206
123498,0,0.008459900127928074
123503,0,0.008738329632529686
123504,0,0.23157180935610427
123505,0,0.005218074707312949
123506,0,0.08369885977620974
123507,0,0.10704426636772695
123508,0,0.07087925866947316
123509,0,0.013134177889908302
123511,0,0.006092287559071663
123513,0,0.25867657693276214
123514,0,0.0021845086771750304
123515,0,0.06553359803593
123517,0,0.1010626569534288
123519,0,0.02110970821185198
123521,0,0.0333584870110466
123524,0,0.01841351231032417
123525,0,0.008133814724848035
123526,1,0.1307772525449442
123527,0,0.038546313523409384
123528,0,0.019112150000707498
123533,0,0.11664813734782527
123534,0,0.00032013487394722516
123535,0,0.3246103552487568
123536,0,0.6042190253892374
123537,0,0.009230553869606405
123539,0,0.4619192793294113
123542,0,0.23587429498222398
123545,0,0.06593208874946853
123546,0,0.008440991760917473
123548,0,0.02022074591116211
123549,1,0.05479201441040935
123552,0,0.2921188907899584
123553,0,0.05207352559317634
123554,0,0.0020591331131737333
123560,0,0.18257066388768792
123562,0,0.035537962960640226
123564,0,0.00561416392627598
123566,0,0.01964546321269469
123568,1,0.03078855359710948
123569,0,0.1348339799021179
123570,0,0.017535369807975834
123571,0,0.06333319408869982
123574,0,0.0854715955012241
123576,0,0.07944296800055287
123577,1,0.47049648800379584
123580,0,0.0021165450236477878
123582,0,0.022745613523666386
123583,0,0.0899489219622565
123584,1,0.11742528378996824
123587,0,0.007801698787047682
123593,0,0.06551968964503595
123597,0,0.1198723616435545
123600,0,0.0917227796464852
123604,0,0.32578453785290795
123606,0,0.021833076418754722
123607,0,0.07942374895650256
123608,0,0.009544277048022657
123609,0,0.015560516191690608
123610,0,0.003599884267191166
123614,0,0.005943903773892411
123617,0,0.01616754036188544
123622,1,0.6046102994393039
123624,0,0.16504106590028042
123626,0,0.04634860763728464
123627,0,0.05330794521037602
123628,0,0.002254833535188956
123632,0,0.001088880397097473
123635,0,0.08014955315936877
123636,0,0.24877703402232534
123638,0,0.21663856911666285
123639,1,0.3220588879612481
123641,0,0.17026568364965627
123643,0,0.060834183950319955
123644,0,0.15027025596928362
123646,0,0.01669826127397613
123647,0,0.011352414166589803
123648,1,0.060505845593943876
123651,0,0.017466126672690877
123652,0,0.1192209402647503
123654,1,0.22377192244054583
123656,0,0.1097870793998372
123657,0,0.015591443015367263
123660,0,0.034131889769481574
123662,0,0.034016414781729454
123663,0,0.0013645706159103098
123664,0,0.15656473746691113
123668,0,0.038891848908666836
123669,0,0.1276234723147998
123672,0,0.03399319893677626
123673,0,0.04690771597216161
123674,0,0.29562345174387716
123675,0,0.01604750722126752
123677,0,0.041690978384393576
123678,0,0.004501783286763908
123680,0,0.0011276895403225784
123681,0,0.0004621134793651214
123686,0,0.055895466843362884
123687,0,0.004789436108905283
123688,0,0.0065601507387775555
123689,0,0.051677370987530336
123692,0,0.008425409402436659
123694,0,0.009166399134669916
123695,0,0.008729905086288747
123698,0,0.04482384730302222
123704,0,0.0029891619979903064
123705,0,0.08022633695627743
123706,0,0.0009431386492184957
123709,0,0.021923856978702187
123711,0,0.3278195939448307
123712,0,0.0005291402660756748
123713,0,0.04242059061413979
123719,0,0.013761649365447715
123720,0,0.17127164514074195
123722,0,0.011342436260664784
123723,0,0.010485304134529262
123726,0,0.00529642370002025
123728,0,0.025471962356617396
123729,1,0.11059850666290913
123736,0,0.013794402231069234
123738,0,0.10090953821257616
123740,0,0.033613602603091625
123744,0,0.006854243513793487
123745,0,0.031209665344293813
123746,1,0.315171702414054
123748,0,0.021809544320731445
123749,0,0.07530878717565923
123753,0,0.07456103654704707
123754,0,0.19034463721487432
123760,1,0.1505593931420281
123761,0,0.027284261939742416
123762,0,0.09342904393077259
123763,0,0.011991790059314812
123766,0,0.1132381592573369
123767,0,0.04064807458260451
123769,0,0.007198890139333848
123770,0,0.11773010706163674
123773,0,0.004899926031496862
123774,0,0.012238199003904358
123775,0,0.08318674012086351
123780,1,0.09075545388311063
123781,0,0.002632454649549478
123782,0,0.057016951544393714
123783,1,0.007543799727752039
123784,0,0.17328758442398623
123785,0,0.2433664529980883
123787,0,0.060306365611020096
123788,0,0.07412799455844057
123791,0,0.0033162592962457825
123795,0,0.05226942981035261
123796,0,0.0005398252185328655
123797,0,0.033965091961119846
123798,0,0.046210241489213315
123799,0,0.07793737725068554
123800,1,0.7087393121150825
123801,0,0.06808832950040314
123802,0,0.3298620753800418
123803,0,0.014172827764273543
123804,1,0.3372173398361704
123808,0,0.04748478350827088
123811,0,0.1295234658800794
123812,0,0.03906837486465485
123813,0,0.010490051784176738
123815,0,0.10096712369080538
123819,0,0.044879161408497036
123821,0,0.07948690494125936
123825,0,0.0033585722314129927
123827,1,0.4762768011099234
123830,0,0.158976420083048
123833,0,0.0013592346791748808
123834,0,0.017637166705503977
123838,0,0.031082102499686525
123841,0,0.05328149538649994
123842,0,0.1195303476398069
123843,0,0.14556851732604012
123844,1,0.07492409823227805
123846,0,0.0031654196618913074
123847,0,0.08780373700027122
123850,0,0.03567895802334279
123852,0,0.005923133584590487
123853,0,0.06498746725114193
123854,1,0.4763330674332914
123856,0,0.02028541985737848
123858,0,0.020057335222962346
123859,0,0.05202577508814488
123860,0,0.03259307889826584
123861,0,0.0928629935990298
123862,0,0.10762266104316909
123863,1,0.12408372200364037
123866,0,0.02067968363245557
123867,1,0.10697517039308051
123868,0,0.02387634201799558
123870,0,0.04424128961592557
123871,0,0.029314899593851102
123873,0,0.0012005295759018482
123874,1,0.3275455733894806
123876,0,0.03779680282357981
123877,0,0.04852685559165646
123879,0,0.07717461453433898
123881,0,0.021398745389788677
123885,0,0.1119789579701332
123886,0,0.27725454708189157
123890,1,0.4208139026625937
123891,0,0.029449910584664302
123892,0,0.04711850746275099
123899,0,0.0011738365188284391
123900,0,0.25070017244809784
123902,0,0.04676544702669302
123903,1,0.2797988822160651
123904,0,0.10843410898840715
123912,0,0.05094713781612255
123913,0,0.0765289771492436
123914,0,0.028338962274517532
123915,0,0.0012986310673705147
123918,0,0.035792999001260824
123919,0,0.13020562460466717
123920,0,0.066553917360145
123922,0,0.01861096606378497
123926,0,0.009712580069049594
123927,0,0.008973121539661079
123928,0,0.0947752703000204
123930,0,0.10256731274667016
123931,0,0.1510846250746544
123934,1,0.08022842172785191
123935,0,0.1078138513738655
123936,0,0.1767755248968168
123937,0,0.008378088520917806
123940,0,0.461073692878048
123941,1,0.32055657126671006
123943,0,0.15514346121396738
123947,0,0.12420426553818191
123948,0,0.181196882199833
123949,1,0.11841762865474995
123950,0,0.43416721206892434
123951,0,0.026692818587691163
123953,0,0.11964819809641813
123956,0,0.02143591505786987
123959,0,0.014937444431394085
123960,0,0.051118155757436425
123962,0,0.010187199878295233
123963,0,0.04877229311802102
123964,0,0.025206863200432382
123966,0,0.01995072262660752
123968,0,0.00793942635156934
123969,0,0.007190656657013383
123970,0,0.08298448762105134
123971,0,0.27368513076547185
123972,0,0.07466346833971266
123975,1,0.18428918475866468
123976,0,0.1064165550368967
123980,0,0.007796033817510114
123982,0,0.04045699720514718
123984,0,0.06049845551780764
123986,0,0.006853633465842055
123988,0,0.0962795138148588
123989,0,0.0009717007235461164
123992,0,0.1556737817772372
123994,0,0.05598493950591192
123995,0,0.034428297537587096
123998,0,0.0016110023355989712
124000,0,0.12156382924776313
124002,0,0.015865288742365705
124004,0,0.25686156588967973
124007,0,0.12266733851068282
124008,0,0.010323908257727115
124009,0,0.08151974751016718
124010,0,0.04212608762869787
124011,0,0.07065525589033513
124012,0,0.006667982506278855
124014,0,0.01836212532928074
124015,0,0.03733282738054209
124019,0,0.01610560775465019
124020,0,0.034621211241289127
124024,0,0.047848502117447914
124025,0,0.06512011927478267
124026,0,0.003200964934648237
124028,0,0.06972266443431253
124029,0,0.002164510676837887
124030,0,0.0730502082157628
124034,0,0.1341142451942065
124039,0,0.05771088740932438
124041,0,0.0017318272183997798
124043,0,0.03148203019393644
124045,0,0.24366031769628357
124047,0,0.0021597769285060936
124048,0,0.019615873979802047
124051,0,0.07722647031234187
124052,0,0.005438828263581366
124053,0,0.04426047075658251
124056,0,0.1189318786283075
124057,1,0.10911624939604707
124059,0,0.012536880953795283
124060,0,0.0028233300649135383
124061,0,0.022289044090735566
124062,0,0.031525509599344956
124063,0,0.04579868746138497
124066,0,0.03313454168763017
124068,0,0.0012883594520004846
124069,0,0.08751913042877373
124071,0,0.009592434277457632
124072,0,0.17562392448136813
124073,0,0.2883190179882824
124074,0,0.0007617330224629218
124076,0,0.028504167388161767
124078,1,0.461092382727249
124085,0,0.05875211703723508
124086,0,0.2744434711149074
124087,0,0.07315476551045713
124088,0,0.03165234390996096
124089,0,0.008007584809667727
124090,1,0.3055381644346106
124091,0,0.14423730187543649
124092,0,0.02043211268784388
124094,0,0.004067975450776068
124095,1,0.05395581866148994
124096,1,0.6775330835920841
124097,0,0.02133209698021648
124100,0,0.06972418076815225
124101,0,0.18904856338287798
124102,1,0.049821917681298976
124104,0,0.09200749740469191
124106,0,0.003278965523766323
124107,0,0.005639709993435419
124108,0,0.0445315821650764
124110,0,0.0013463102935045476
124111,0,0.012076859981122923
124113,0,0.026950180001531092
124115,1,0.11231697165068817
124118,0,0.0011640897502633312
124119,0,0.10445799827245579
124120,0,0.10601326942161737
124121,0,0.023357067894347758
124122,0,0.08758094186668423
124124,0,0.14717919775055002
124125,0,0.010799228406148295
124126,0,0.001803297253168052
124127,0,0.003646941636389687
124128,0,0.022897417188375062
124129,0,0.004286642692144106
124132,0,0.08075560002420892
124135,0,0.042340752622199516
124136,0,0.02044700700881311
124138,0,0.06656741097727646
124142,0,0.0317815656350174
124144,1,0.1341610207443368
124148,0,0.2483781941791777
124149,0,0.1189605008156774
124151,0,0.10252032613684547
124153,0,0.0019903175853993155
124156,0,0.28677305795650565
124157,0,0.10869658634571566
124158,0,0.15844834804828864
124159,0,0.011308803362210915
124160,0,0.008173441655941993
124161,0,0.05058295164422775
124163,0,0.010106573794921081
124167,0,0.04261176134556116
124168,0,0.0015051663614161737
124169,0,0.06066263232030002
124170,0,0.0426007509680602
124172,0,0.0003069396755783812
124174,0,0.05700527677256615
124175,0,0.052113064481866186
124176,0,0.017970824663939573
124177,0,0.006344735363865586
124178,0,0.13732694544685642
124179,0,0.028334138424868316
124180,0,0.011571473944898988
124182,0,0.036113074261903834
124183,0,0.0248377165917154
124186,0,0.02838094058338638
124188,0,0.04188939681919275
124189,0,0.06310479922508586
124190,0,0.09704769299142271
124191,0,0.035884334366495595
124194,0,0.02819641533369009
124196,0,0.27532172143736283
124197,0,0.04472402277572501
124199,0,0.17136466353966712
124205,0,0.05808356841638836
124207,0,0.14040303171290996
124208,0,0.07463150431710874
124210,0,0.02909908886790366
124211,0,0.010228024654778184
124212,0,0.033638157893849954
124215,0,0.06860324932426205
124218,0,0.08208500869753106
124221,0,0.15519569702994065
124223,0,0.10033842630916583
124224,1,0.8578495132335826
124225,0,0.017350213461571767
124226,0,0.12881463632615117
124231,0,0.002473655726876315
124235,0,0.21394996668854702
124236,0,0.03814371863468459
124237,0,0.026681096630212658
124238,0,0.1462218280080671
124239,0,0.0030415708460773657
124240,0,0.1709823257157515
124241,0,0.16136607643776718
124242,0,0.01232449780049541
124245,0,0.010811536019259148
124246,0,0.019191701261842463
124248,0,0.0017600383722440522
124249,0,0.003874398226160941
124253,0,0.07930555027094799
124256,0,0.12755936193867307
124257,0,0.32116209027041565
124260,0,0.0008024626726152364
124262,0,0.012779004047894948
124264,0,0.015862998503926452
124265,0,0.019231576968511147
124266,0,0.19912822555519868
124267,0,0.0015096604213105241
124271,0,0.007774271616022346
124272,0,0.023164529878207125
124273,0,0.008631539537215165
124276,1,0.7596519894427222
124277,0,0.03157523493415277
124279,0,0.04493558087418143
124280,1,0.3891983772205169
124281,0,0.014231838418504844
124282,0,0.11818934704120461
124283,1,0.032677158533219584
124284,0,0.13206897775266294
124287,0,0.1854757812557118
124288,0,0.021831860452796427
124290,0,0.044670130384610776
124294,0,0.038935345505123106
124295,0,0.004474163721114885
124296,0,0.3413219759890205
124297,0,0.006051870217257464
124298,0,0.02235610030617128
124303,1,0.06617793969404959
124308,0,0.06660868486004337
124312,0,0.10830055316522043
124313,0,0.008388599369456082
124314,0,0.0029473720380997523
124315,0,0.021007134210038487
124317,0,0.07280517905143997
124319,1,0.3988465499746675
124320,0,0.015093360265093217
124322,0,0.08437156555164259
124323,0,0.012806251973900923
124328,0,0.175644067935639
124330,0,0.0636037423062206
124331,1,0.21165721652788264
124334,0,0.06219099243404654
124335,0,0.004824112275381905
124336,1,0.21156441659081873
124338,0,0.0023535678641711413
124340,0,0.037596826389888496
124342,0,0.04195443381812751
124344,1,0.5729292618411735
124345,0,0.014727410306925662
124346,0,0.00927867296503431
124347,0,0.05710789805736607
124351,0,0.07288980344430465
124354,0,0.01813892938365002
124355,0,0.051352221891146035
124356,0,0.12642826147610098
124360,0,0.05032648987289978
124365,0,0.4037535091946892
124368,0,0.007860613403435518
124370,0,0.017288041227903
124372,0,0.13056825290362936
124373,0,0.043688597637631596
124374,0,0.3477221301026592
124375,0,0.09419036380408183
124376,0,0.0025536774678913696
124377,0,0.14222196225009848
124379,0,0.019528651706633655
124380,0,0.002144773571501941
124381,0,0.009122684675147926
124382,0,0.012121869429580944
124383,1,0.13382991611064105
124387,0,0.41220785780367103
124388,0,0.0017114737867228176
124390,0,0.04276900584954068
124391,0,0.12951146740907207
124394,0,0.02276469580296221
124396,0,0.050519819748635134
124397,0,0.09368914383553043
124398,0,0.039448843127802675
124401,0,0.010735381680233757
124403,0,0.15481073021335356
124406,0,0.00629309059474682
124408,0,0.294045142362794
124409,0,0.14313515484850803
124411,0,0.04033981537115108
124412,0,0.2929347573847917
124413,0,0.04018680116573205
124414,0,0.06372856814632669
124417,0,0.001491710148042115
124418,0,0.09823582168116055
124419,0,0.7659993577281334
124421,0,0.009213965225517705
124422,1,0.19389843982139993
124423,0,0.05322037040248778
124426,0,0.31156786762605476
124428,0,0.026152233009229864
124429,0,0.020366143922644436
124433,0,0.036579392102966526
124434,0,0.013595221938082566
124435,0,0.09867716948575853
124437,1,0.16558041206958776
124443,0,0.15525332899672828
124448,0,0.1745108069492354
124450,0,0.000403336875402223
124452,0,0.17273642526784588
124453,0,0.024305867813878695
124458,0,0.018421988709398
124460,0,0.004093560432349824
124462,0,0.007366535396576541
124463,0,0.008602219179023199
124464,0,0.09814265265286788
124466,0,0.02942533020365095
124467,0,0.10241184301978354
124468,0,0.007814183663398548
124471,0,0.06924851104064128
124472,0,0.01515462040053624
124477,0,0.016355917089597764
124482,0,0.09053406977183147
124484,0,0.10153388773833287
124486,1,0.016967832225264993
124488,0,0.04011950631014316
124490,0,0.16748153294205076
124492,0,0.05529521257430671
124498,0,0.013553272172745063
124500,1,0.0214685484457423
124501,0,0.10652339989728624
124502,0,0.32101938311716893
124503,0,0.2560896675900387
124504,0,0.04621779918594564
124505,0,0.006633753222760459
124507,0,0.07290410549704526
124508,1,0.5700052103230637
124509,0,0.04168843867735914
124513,0,0.0035290242559657256
124514,0,0.00754680847887163
124516,0,0.0747697136613242
124517,1,0.1704498872732759
124519,0,0.01852095001363016
124520,0,0.09477562039455571
124524,0,0.0004843330093125496
124525,0,0.040324186350532934
124526,0,0.016254967110628016
124528,0,0.23876177464221673
124529,0,0.0312864763953012
124531,0,0.1388146316253434
124533,0,0.00037320608971263717
124535,0,0.026524310731405275
124539,0,0.052746080838391815
124542,0,0.1471904956440488
124544,0,0.03821259895541516
124547,1,0.16207327688805231
124549,1,0.3498530105332389
124553,1,0.09035169503699485
124554,0,0.0031091525286383254
124556,0,0.07591374734087436
124557,0,0.03743613585413798
124558,0,0.035933510361871236
124559,0,0.13389510347241307
124561,0,0.012006708846466083
124563,0,0.3274096817908048
124565,0,0.01096643761215195
124566,0,0.1466305542121394
124567,0,0.012297910800197763
124568,0,0.3479224968482161
124569,0,0.0008103242468303051
124574,0,0.025242530630843595
124577,0,0.0029020030369352858
124578,0,0.08595736931813112
124579,0,0.00045460813372683327
124580,1,0.06477347752533662
124581,0,0.032677705737034816
124582,0,0.019265454137860048
124588,1,0.24914929294674498
124589,0,0.009631935494664188
124590,0,0.0071146983487976375
124592,1,0.6782826583825168
124593,0,0.0539479887849212
124594,0,0.0003437650244898111
124596,0,0.10995803801365231
124597,0,0.001682352263934588
124598,0,0.33112126793430885
124601,0,0.0362438744150413
124603,0,0.03723991492019908
124604,0,0.007631806382949727
124605,0,0.04836297994006059
124606,0,0.012372010264474145
124609,0,0.15958689317063995
124610,0,0.016536552661682344
124612,1,0.44181091585551585
124614,0,0.0172749337315776
124615,0,0.03318639067624914
124616,0,0.11806459845016726
124617,0,0.00446899595071706
124618,0,0.06712966680379834
124619,0,0.00581070582861939
124620,0,0.06388600451418577
124621,0,0.005119602953991125
124624,0,0.003863892729872439
124626,0,0.0027048437133645863
124632,0,0.016560640161387485
124636,0,0.009608520195146126
124637,0,0.01602900047763456
124638,0,0.03724298247958504
124642,0,0.12475862443777633
124643,1,0.01271626246257703
124647,0,0.032337589487960366
124653,0,0.2579663861418595
124654,0,0.004229193359897171
124656,0,0.014914082068013012
124657,0,0.00836152754157825
124660,0,0.21540590624013894
124661,0,0.1788262086766067
124662,0,0.10712799509847408
124663,0,0.0009672699660796139
124665,0,0.1604072110788663
124667,0,0.0017681753085557316
124668,0,0.020655819425819417
124670,0,0.06160463163308105
124671,1,0.1655143244137466
124676,0,0.0067780246027083005
124683,0,0.054314156481300425
124684,0,0.013558601098428203
124685,0,0.0986795561052477
124686,0,0.0378491035644586
124688,0,0.06032780629252438
124689,1,0.06894587456486836
124691,0,0.058266664197521065
124698,1,0.20832899368456834
124701,0,0.0255261057034968
124702,0,0.0052513375707148435
124704,1,0.2384147416904606
124705,0,0.06494126209937039
124706,0,0.028256451631408264
124710,0,0.0003911643766563269
124711,1,0.1613594239316655
124712,0,0.008150227321677483
124715,0,0.014581827748394473
124718,0,0.05238655548840082
124720,0,0.04714076005802979
124722,0,0.14313121688521752
124723,0,0.008208506190987203
124728,0,0.08498215107451815
124730,0,0.17468653165909487
124731,0,0.009042554672206866
124732,0,0.04915856859866456
124734,1,0.18282213242263284
124735,0,0.05573099056108473
124737,0,0.05326798245067153
124740,0,0.023757950514708196
124741,0,0.559809163943708
124742,0,0.0744732276862229
124743,1,0.1680300741626612
124745,0,0.05502896233576084
124746,0,0.005514292857820519
124750,0,0.06528007979000625
124752,0,0.04421289807657579
124755,0,0.06033522064352326
124756,0,0.024259759247002556
124757,0,0.025058759020319666
124759,0,0.012247303859320425
124761,0,0.004196686356999319
124762,0,0.016075662463368116
124769,0,0.0018946350736696155
124770,0,0.4666529991505892
124771,0,0.0006473419613122692
124772,0,0.19304162392476218
124775,0,0.007724388074521737
124777,0,0.06234025613342113
124778,1,0.7316669265013113
124779,0,0.005742483349802481
124781,0,0.01389455746554275
124785,1,0.33784678720872496
124786,0,0.00017617647539704476
124787,0,0.0009343063556970447
124788,1,0.14886982237761456
124789,0,0.020843455847729626
124791,0,0.005472946145099234
124792,0,0.016871092820549893
124793,0,0.042403148618734454
124794,0,0.39046208544870786
124796,0,0.08325496301388696
124798,0,0.038530139153708606
124799,0,0.04258427720483005
124802,0,0.011494052188804883
124803,0,0.12047414922754193
124805,1,0.14095469389768286
124807,0,0.01674511061401876
124809,0,0.007609494700926228
124810,0,0.22038442433376776
124811,1,0.5216766492574499
124812,0,0.4760898047537042
124814,0,0.14550510178646525
124815,0,0.05090863590031351
124817,0,0.12981904869241073
124821,0,0.10641620448159834
