SEQN,true_target,predicted_probability
109266,0,0.31231139547485853
109271,0,0.3851383404395251
109273,0,0.32150779834718013
109274,0,0.5108821085807459
109282,0,0.41182912090065693
109284,0,0.47004130118237814
109290,0,0.428203178761672
109291,0,0.1022136336495594
109293,0,0.18020122075469558
109297,0,0.048487225593711186
109300,0,0.29260841310384716
109303,0,0.0823719683449162
109305,0,0.5339250785182325
109307,0,0.18785438092332668
109312,0,0.11483556403471992
109313,0,0.3590273000540206
109315,0,0.11565088157481132
109316,0,0.31966625147086736
109317,0,0.06310655686178589
109319,0,0.10422205771719224
109321,0,0.14657746676472927
109322,0,0.0892500219693936
109323,0,0.18532268562930854
109324,0,0.07557720216349871
109326,0,0.0657872331514943
109327,0,0.4785603133375272
109330,0,0.2804203069863017
109333,0,0.06455992088321108
109336,0,0.4625244100583698
109337,0,0.5899252143453564
109340,1,0.753305401274355
109342,0,0.23349742115011174
109346,0,0.8593793813798849
109348,0,0.2488124914849968
109349,1,0.6236383974702682
109350,0,0.5604038189327415
109351,0,0.5225603394646846
109353,0,0.1328772947575211
109365,0,0.18431016160767041
109367,0,0.5047433390095472
109369,0,0.24947286269341978
109371,1,0.38616744477266757
109373,0,0.08606669431942995
109376,0,0.14591810974177524
109377,0,0.3332019843833254
109378,0,0.292338926246359
109379,0,0.33238269802651077
109382,1,0.7835516235357927
109389,0,0.27455748815941367
109390,0,0.38728283886193343
109391,1,0.588440672120529
109392,0,0.3655565585893796
109393,0,0.5094462699095657
109394,0,0.15836153013028922
109395,0,0.22676207049137745
109396,0,0.06502921745651921
109397,0,0.8599159593483948
109403,0,0.0870380275881705
109404,0,0.07451576063422251
109405,0,0.05141744553743577
109408,1,0.7519640040848401
109411,0,0.10674138760595323
109413,0,0.5706179960865058
109414,0,0.7094857930007658
109415,0,0.8483316035384924
109423,0,0.07082633321786018
109426,0,0.26511451519717033
109429,1,0.8136265818173966
109431,0,0.11140910577905543
109432,0,0.1376733770372339
109435,1,0.9001428159266351
109436,1,0.5696516664985041
109439,0,0.3572534133118984
109440,0,0.17109993842168442
109441,0,0.08796046070887326
109444,0,0.12064151627763979
109450,0,0.05924372351435434
109454,0,0.870495071489817
109455,0,0.1795114691766513
109457,0,0.4072302906850814
109458,0,0.12492907112833267
109459,0,0.7454854809455236
109464,0,0.2440082426629421
109466,0,0.5587223534052619
109467,0,0.28304223219657965
109468,0,0.7680369390834918
109472,0,0.6410032947248614
109473,0,0.40896034355496524
109474,0,0.5946829294314455
109478,0,0.05770321119345793
109480,0,0.924486828090075
109481,1,0.4281028242348913
109482,0,0.1404463018526439
109483,0,0.7214436896633842
109486,0,0.6333354856485858
109488,0,0.1392313054982755
109490,0,0.8258876973169768
109495,1,0.7207038188808917
109496,0,0.717325362149122
109497,0,0.11307712245257032
109501,0,0.622974141698125
109502,0,0.1024386159442309
109503,1,0.7252586371660414
109504,0,0.27106845144704167
109508,0,0.46892525784974115
109510,0,0.07441995330203796
109512,0,0.6971288313059258
109513,1,0.6824369938722255
109518,0,0.06104573416485215
109519,0,0.6961036365952532
109520,0,0.3366052015956408
109523,0,0.3907526437772938
109526,0,0.39302208840340846
109527,0,0.20214891977693467
109530,1,0.29215484262740565
109531,0,0.6677511166223267
109532,0,0.5404330460038091
109534,0,0.459450708212251
109536,0,0.13412411106285665
109538,0,0.46778892357868357
109539,0,0.2945248069132926
109541,0,0.12382781518982848
109542,0,0.32242199029479723
109544,0,0.7685466785473201
109545,0,0.18987918425425657
109548,0,0.5477856329941131
109549,0,0.5046360357796145
109550,0,0.5199639936263493
109551,0,0.47079206234694226
109552,0,0.7145206149542466
109554,0,0.30277368220951356
109555,0,0.04057310088725169
109558,0,0.4393668452361532
109560,0,0.07371997595994155
109562,0,0.22073968060212096
109563,0,0.5887857929426694
109564,0,0.06587478595970027
109565,0,0.6056966177976638
109567,0,0.1834602641247285
109568,0,0.3854811761616708
109570,0,0.3739399397675145
109571,0,0.3597598644817665
109574,0,0.5406902363357008
109577,0,0.7185870071743431
109579,0,0.07018030737586117
109580,0,0.04349126456082373
109581,0,0.19392312183093133
109585,0,0.17653604394842115
109587,0,0.6539826591674006
109588,1,0.5248842987670429
109590,0,0.15728574372244228
109591,0,0.5562386371965637
109592,1,0.30109977597968374
109593,0,0.40362926980420094
109594,1,0.4768981161681024
109597,0,0.5948979645923302
109598,0,0.07626420689464539
109601,0,0.220300733011973
109602,0,0.14316623830060723
109606,0,0.06014313555675417
109607,0,0.26607596304911807
109608,0,0.19342004866114038
109610,0,0.4244518239086036
109611,0,0.43699094058257737
109612,0,0.5309204284825357
109614,0,0.5278604514573313
109615,0,0.3689741535683822
109617,0,0.33262632866325303
109620,1,0.9588549962250404
109623,0,0.058506418947643336
109626,0,0.48392098040581927
109628,0,0.7686814712099436
109629,0,0.09074527835016671
109630,0,0.5098873504571483
109634,0,0.22126089135706856
109635,0,0.1602141589393546
109637,0,0.12472040901613286
109638,0,0.5705730267718121
109639,0,0.05675995748217956
109640,0,0.25246533742279254
109643,0,0.5584531637684746
109644,0,0.13846187563705303
109645,0,0.36255954615096936
109649,0,0.5860443688198754
109653,0,0.6391298966292039
109654,0,0.10976936438900786
109656,0,0.7917948414101049
109657,0,0.10808551678496663
109661,0,0.10554976505724481
109662,0,0.2792288417948122
109664,0,0.10877599034397359
109665,0,0.5181637798504679
109667,0,0.3419511363211339
109669,0,0.29582983115057526
109673,0,0.10265610707685738
109675,0,0.12164061209482227
109676,0,0.1927519201289502
109677,0,0.6096892502894674
109678,0,0.06174461653231881
109679,0,0.6392733822787801
109685,0,0.1848685761681798
109686,0,0.6301141151122794
109687,0,0.0696192743712433
109691,0,0.06532050381942238
109693,0,0.12069321910103196
109697,0,0.07545173992568069
109700,0,0.12798251716209916
109703,0,0.39070800778701925
109704,0,0.21698643581490332
109709,0,0.7579669819736441
109712,0,0.31094575423744475
109713,0,0.2513666454204614
109714,0,0.10647458340235276
109716,0,0.14755903491355463
109721,1,0.6980716385598378
109723,0,0.10257781286966502
109725,0,0.2824618483941982
109726,0,0.23271985495856878
109727,0,0.09177395154011914
109728,0,0.8329642670066401
109730,0,0.3413942161011338
109731,0,0.06198535277866285
109735,0,0.21370736194599133
109740,0,0.36590444351275647
109742,0,0.5080397571597197
109743,0,0.46842744820703136
109746,0,0.3672985318315659
109747,0,0.3214456222918871
109754,0,0.14390714755261466
109758,0,0.09026462727541056
109760,0,0.2948781925626274
109761,0,0.052874714225266795
109763,0,0.6548611291796608
109764,0,0.33780020766472657
109765,0,0.0962282619030985
109768,0,0.07902922064122357
109769,1,0.7528492737456763
109770,0,0.1802427343460145
109771,0,0.30437059919093795
109774,0,0.38270492998465044
109776,1,0.44403726025607454
109782,0,0.3651059139160335
109783,0,0.6304257621357028
109785,0,0.5668475275786709
109789,0,0.6041963687146563
109791,0,0.15005907870937102
109793,0,0.26318707485090964
109794,0,0.8461909841330083
109800,0,0.12038366763855102
109802,0,0.13523118528283695
109805,0,0.6648681785215639
109806,0,0.5552134061283572
109807,0,0.1143290346525814
109809,0,0.10075770515882251
109811,1,0.24429438848324958
109812,0,0.37660939702006
109813,0,0.2886210476603318
109814,0,0.054967385215727284
109815,0,0.5575518813243148
109816,0,0.15110755611938453
109817,0,0.0507652217465685
109820,0,0.1780275544647051
109821,0,0.17412139292093815
109823,0,0.393765953475472
109825,0,0.1441316021890778
109828,0,0.15037682294047558
109831,0,0.41788815180613686
109837,0,0.055046142068108206
109839,0,0.40042966182221845
109841,1,0.659611913422985
109843,0,0.5071858224901532
109844,0,0.7626439178393764
109850,0,0.111952175246081
109852,0,0.07143223428557295
109854,0,0.36061550193393543
109855,0,0.11948775148791571
109856,0,0.35304366166511675
109857,0,0.6929443426055577
109860,0,0.07952158705771684
109862,0,0.27542678880911803
109863,0,0.23797385169717938
109864,0,0.24220466073183838
109866,0,0.1965782544950135
109867,0,0.2870755191396023
109868,0,0.7039521935159525
109869,0,0.5142685941637192
109873,0,0.058093387533751165
109874,0,0.3182286464817492
109876,1,0.48322570987253954
109877,0,0.14292012217901254
109878,0,0.1467667481611473
109879,0,0.13838232014179058
109881,0,0.3208820682431709
109884,0,0.19676846618544283
109886,1,0.8491742097454809
109887,0,0.65977169145275
109891,0,0.3757805430377633
109893,0,0.09573187088251378
109895,0,0.5886252175225988
109898,0,0.7873508320982089
109900,0,0.3099651310033019
109901,1,0.47019470144507186
109902,0,0.7397206725108489
109903,0,0.829053726260635
109905,1,0.9114424309989175
109908,1,0.6067422786149076
109913,0,0.6468131776973185
109915,0,0.26148130008670895
109916,0,0.703765182426403
109917,0,0.11679461824722445
109918,0,0.7232955605270763
109919,0,0.06745151058138278
109921,0,0.13930518553375024
109922,0,0.11185870518218591
109926,0,0.13868118443322616
109930,0,0.791528407927433
109931,0,0.18114806965317
109932,0,0.6727801022799206
109934,0,0.05441063181709647
109937,1,0.6312599264586727
109938,0,0.05397357618975031
109939,0,0.05454194328920527
109940,0,0.12111416553498937
109941,0,0.3163771649636942
109942,0,0.17621820525492135
109945,0,0.09887619768265293
109947,0,0.5750155143174697
109957,0,0.32039766958115345
109959,0,0.5450532011360059
109960,1,0.3334821998621528
109961,0,0.2188046116144784
109962,0,0.49569033600881995
109963,0,0.6806052274052777
109966,0,0.3308001110084791
109971,0,0.48127172186180667
109972,0,0.34593112711551843
109975,0,0.07904787250105386
109976,0,0.3383644348242493
109977,0,0.12463360932535417
109978,0,0.054366666365786874
109979,0,0.0825954050468775
109980,0,0.11041790575502555
109981,0,0.517776422089504
109987,0,0.32811821204919883
109990,0,0.34995386960910674
109991,0,0.3581438140733103
109992,0,0.2766703606323583
109997,0,0.6601244256087421
110004,0,0.060095714276659565
110005,0,0.08649027511465786
110006,0,0.20327581511489962
110010,0,0.13395782222526476
110011,0,0.19346651727773206
110015,0,0.4666800491360192
110016,0,0.07808137432304349
110018,0,0.07260880738098574
110021,0,0.06975062640834312
110023,0,0.1919836132286618
110027,0,0.05982829960312543
110028,0,0.2564251115520895
110029,0,0.6030359076766896
110030,0,0.06736105359801085
110033,0,0.605666971646479
110034,0,0.6603719208701909
110035,0,0.697046085783869
110036,0,0.1802028130440127
110037,0,0.7873591519356807
110038,0,0.13395975663936494
110040,0,0.09478490173927209
110041,0,0.9002641054520704
110042,0,0.619450344884158
110043,0,0.13243588189518393
110045,0,0.5433885405233304
110052,0,0.23265285650313347
110054,0,0.28607958260077415
110055,0,0.3839942860667677
110056,0,0.32614178994949644
110057,1,0.804105851823069
110059,0,0.13601924621290956
110061,0,0.6673330957333595
110062,0,0.09018526492702793
110063,0,0.053749266539314375
110064,0,0.7827310859768594
110065,0,0.2276969253063538
110067,0,0.09027176322857614
110068,0,0.1746911294567748
110070,1,0.6346789869656838
110071,0,0.2887810696640208
110074,0,0.24251300946336124
110079,0,0.515907382787129
110083,0,0.11575339096359012
110085,0,0.4239476709269443
110087,0,0.4205361094355659
110088,0,0.7887192504900529
110090,0,0.6191874288804239
110091,0,0.06538819952674983
110093,0,0.048880965870854595
110096,1,0.4684738218842718
110098,0,0.12747054351492973
110102,0,0.5782748125988482
110103,0,0.7132971113160153
110107,0,0.4159470745317228
110112,0,0.07735083998169923
110114,0,0.05210072798241831
110116,0,0.13003463587783098
110117,0,0.0995467972730602
110120,0,0.6731147875801251
110123,1,0.7547954058592097
110124,1,0.6057357396382381
110125,0,0.401318078902817
110129,0,0.7675436154948765
110130,0,0.11895851434923359
110131,1,0.3937031535557997
110134,0,0.5661142439681132
110136,0,0.10467965814179836
110137,0,0.23978649549391773
110139,0,0.3698953650965244
110142,0,0.6826863166320648
110144,0,0.21169226512296255
110147,1,0.8952845735104427
110151,0,0.5618674952290235
110153,0,0.2946895404635141
110155,0,0.1251171122966786
110159,0,0.07163282933064431
110161,0,0.30610863002133676
110165,0,0.9122453165432324
110167,0,0.4202962253057684
110168,0,0.3334110220810832
110169,0,0.4761939034102259
110171,0,0.10248064598902125
110172,0,0.18659777787947304
110173,0,0.1829599512287379
110174,0,0.13445152231845264
110175,0,0.2761436719759705
110176,0,0.5904285665970453
110178,0,0.39039170543082136
110180,0,0.46792679138088566
110182,0,0.8754358794954731
110184,0,0.25289587085563714
110185,0,0.3928812646979824
110186,0,0.0946619280001821
110187,0,0.6944762602588959
110188,0,0.27306093120447683
110190,0,0.0468609740991908
110191,1,0.5674530341776499
110194,0,0.6539378819411839
110196,0,0.3398568892336414
110200,0,0.3050661895401343
110201,0,0.6857770052525746
110204,0,0.41283920473340874
110206,0,0.7372106146314955
110207,0,0.2655649236684824
110208,0,0.6828309108304549
110211,0,0.07509396666932346
110213,0,0.05995878042300682
110214,0,0.07444146259051951
110217,0,0.15545040180523456
110218,0,0.04254938322309219
110222,0,0.23304637453755445
110223,0,0.6544475744136871
110224,0,0.3224809223878974
110226,0,0.06711567644274928
110228,0,0.45553060430181685
110234,0,0.20737031829941271
110235,0,0.22179438957101
110236,0,0.07127491045394724
110240,0,0.6644263430079843
110241,0,0.41640815122325225
110246,0,0.5923222472127724
110247,0,0.3301976250418774
110250,0,0.5115114204000367
110251,0,0.11371680206267046
110252,0,0.3922230938895644
110254,0,0.5095811739555979
110264,1,0.4809519636696016
110265,0,0.17352585506127938
110266,0,0.16472377118602405
110270,1,0.685558056812331
110272,0,0.2271630650665008
110273,1,0.47358652686062574
110276,0,0.31706523147516286
110279,0,0.7674719425351089
110286,0,0.4162373797030961
110287,0,0.45201015181297366
110289,0,0.5107192277892654
110290,0,0.4553966980247945
110291,0,0.4633261718019389
110292,1,0.7331244930228522
110293,0,0.10263402126561524
110295,0,0.29781270447673674
110296,0,0.17580308432003133
110302,0,0.10444886066005576
110304,1,0.48835242581544974
110305,0,0.059630129712306766
110306,1,0.9457872980581854
110307,0,0.11379820279111633
110309,0,0.08264629001801355
110310,0,0.4361065117731182
110311,0,0.18516965078010217
110317,0,0.20575425128297137
110318,0,0.36725786200100663
110319,0,0.17510158972611456
110321,0,0.23323041072371967
110322,0,0.19598184961999024
110323,0,0.15270315386373362
110326,0,0.1502719831436497
110328,0,0.5178262849998676
110332,0,0.6568978365409401
110336,0,0.13642526122492177
110341,0,0.2946760388413015
110342,0,0.11535574145960234
110347,0,0.36253727305086514
110350,0,0.5624060008901688
110351,0,0.2251641607438662
110353,0,0.32619268753592917
110356,0,0.14654189168405138
110359,0,0.7344518243838267
110366,0,0.26989790196125946
110367,0,0.5414129796096404
110372,0,0.6473728725875479
110374,0,0.818413774207691
110376,0,0.08405775461643464
110378,0,0.7753807335896387
110379,0,0.03914525817419984
110380,0,0.09726360934205903
110381,0,0.3687714686492446
110385,0,0.08248177254920828
110386,1,0.38981536820294993
110387,1,0.8100288673976609
110389,0,0.28126123395813774
110390,0,0.30294302256025457
110391,0,0.049935649981547134
110394,0,0.0739356521282972
110396,0,0.16955254725938246
110397,0,0.40049807609650667
110399,0,0.38166960814012674
110400,0,0.7334288816371186
110402,0,0.454695821997375
110406,0,0.5765348182113388
110408,0,0.04608704560947627
110409,0,0.13879905542384757
110410,0,0.4821053468891279
110411,0,0.4101632731522125
110412,0,0.35521706610374454
110414,0,0.16155010867433917
110415,0,0.15256288119862604
110418,0,0.7675176235471964
110419,0,0.10396861794991379
110421,0,0.5331544798148949
110425,0,0.0766924473175326
110426,0,0.33475142694003834
110427,0,0.12801692507350465
110429,0,0.33300795222727375
110430,0,0.11265231387971446
110431,0,0.18189219876566973
110434,1,0.8431285845222908
110438,0,0.3675736185403985
110440,1,0.6069811216565755
110442,0,0.08228979459318872
110445,1,0.7115664117757539
110446,0,0.6551827199542336
110449,0,0.577888957686457
110450,0,0.17151572970818718
110453,0,0.5142349079494568
110454,0,0.20531823159771534
110457,0,0.3952196873987516
110460,0,0.05014547903892293
110461,0,0.11485654657133622
110463,0,0.48316888437331873
110464,0,0.1283788395547859
110465,0,0.1807077134835969
110467,0,0.13343276635791837
110473,0,0.43684609007123687
110474,0,0.3355869024739851
110476,0,0.06840742072922512
110477,0,0.23442205201235575
110478,0,0.1447956969069609
110479,0,0.4776113383468405
110482,0,0.6634741475528093
110488,1,0.7060958864469573
110489,0,0.41761661991565263
110492,0,0.073287203555077
110494,0,0.2463363899544498
110495,0,0.8753011220974536
110496,0,0.26057002915386385
110498,0,0.1356893676043091
110503,0,0.19001776105688217
110506,0,0.5490022440406263
110507,0,0.05194957742141465
110508,0,0.17967469132963862
110509,0,0.46167438412868034
110510,0,0.2793673309934467
110512,0,0.18872355729405288
110514,0,0.7468490449653853
110518,0,0.19963040640982993
110520,0,0.09119634248587946
110521,0,0.6270616218877415
110522,0,0.5762097936446627
110524,0,0.7351205890561341
110526,0,0.08207545738809797
110527,0,0.42815502118484294
110531,1,0.5843631138185886
110532,1,0.6281865516903947
110535,0,0.23511247689866283
110538,1,0.8785540771476175
110540,0,0.07027417667495298
110541,1,0.6516171912238855
110543,0,0.06655563241473403
110544,0,0.5903274331001507
110545,0,0.82472596153553
110546,0,0.31422681030197536
110548,0,0.5327644231340699
110551,0,0.3985709131127443
110552,0,0.12670778677577094
110553,0,0.06942884265155955
110555,0,0.47445579001130006
110557,0,0.09284863064912992
110558,0,0.277519992494842
110560,0,0.5098406132053958
110565,0,0.0791643022424702
110567,0,0.41406276153286814
110571,1,0.21563708642828378
110572,0,0.44870686113719316
110573,0,0.4178252839181954
110575,1,0.6885840662700484
110576,0,0.07219259245729065
110578,0,0.5693442418496765
110579,0,0.5784539127152725
110581,0,0.506277474255738
110582,0,0.3928986197696744
110586,0,0.5520986091561555
110588,0,0.3794687569557021
110594,0,0.11182534815702934
110597,0,0.6173287927905147
110602,0,0.03937363773942475
110603,0,0.1853291127004418
110604,0,0.08630864147604052
110606,0,0.16074456557715563
110607,0,0.3037767336222161
110608,0,0.840441153476017
110610,0,0.3407375844768251
110613,0,0.28729441436310227
110614,0,0.27876606950703964
110615,0,0.29293085981607236
110617,0,0.2624277739059998
110621,0,0.40120039105867944
110622,1,0.31110661129051415
110624,0,0.3189702976761008
110626,0,0.4523251882664564
110627,0,0.18474072757486307
110628,0,0.27270028983139644
110631,0,0.3327113298136498
110636,0,0.5526675670226855
110638,1,0.908597642379403
110639,0,0.6617162139554134
110640,0,0.34186417423597276
110645,0,0.6959568774084646
110650,0,0.33915780941818374
110651,0,0.43220853181331664
110655,0,0.6580897891163271
110656,0,0.5070669715671936
110657,0,0.154065679150071
110658,0,0.22728303929613242
110661,1,0.8519496574130521
110662,0,0.42106040347166634
110663,0,0.3655968072952877
110665,0,0.544018597845839
110672,0,0.3893109062702859
110675,0,0.30185441451488815
110681,0,0.11386575407717778
110682,0,0.35915198695298073
110684,0,0.043955472479573446
110686,0,0.0926158605537489
110688,0,0.052836841886285554
110690,1,0.7921860123116788
110692,0,0.10962554496510227
110698,0,0.31872710321179487
110699,1,0.40100455676164887
110700,0,0.49985599782159895
110702,0,0.22982094261502004
110703,0,0.48262712160241455
110704,0,0.3521500782604269
110705,0,0.14735449923548466
110709,1,0.5835092662892977
110710,0,0.4937436551352243
110711,0,0.10474305179367689
110712,0,0.15596858753028064
110713,0,0.049747574377285844
110714,0,0.16251420892602397
110715,0,0.2962131087207729
110717,0,0.7671954337698639
110718,1,0.7861860322409591
110719,0,0.4612883708045457
110721,0,0.18241046931321295
110722,0,0.9024742421436904
110723,0,0.22526311595453005
110726,1,0.34878251217774825
110728,0,0.5513504634640403
110730,0,0.07260201425284718
110736,0,0.26120118649360824
110739,0,0.04931935318113316
110742,0,0.17349987200109512
110747,0,0.7764312575705109
110749,0,0.27615434011655643
110750,0,0.2666954469440108
110751,0,0.7233338820333663
110752,0,0.13986786884443564
110753,0,0.3726452501910181
110757,1,0.8914980377860762
110759,0,0.6700139793814531
110760,0,0.10365177661675613
110762,1,0.840991019261088
110763,1,0.8625281004021357
110765,0,0.3075006097894913
110766,0,0.13220652564392948
110769,0,0.057159570428895426
110770,0,0.2886608195414134
110771,0,0.08056970996228519
110773,0,0.08890961955045755
110775,1,0.7266438133250348
110776,0,0.3863613218533334
110778,0,0.7906395369009738
110779,0,0.19535716380342577
110780,0,0.28169558702242126
110781,0,0.6717730322068584
110784,0,0.07367431098520284
110785,0,0.7815484193061396
110789,0,0.1459117116231374
110791,0,0.1065079750123481
110792,0,0.05515344547616781
110794,0,0.8316509490898776
110795,0,0.4869810328433218
110796,0,0.5749514489399792
110798,0,0.2081185316581981
110800,0,0.08582841356594936
110803,0,0.23178402898556355
110805,0,0.39434318908966837
110806,0,0.5413533559446158
110810,1,0.6743729036496232
110811,0,0.17941459153096267
110813,0,0.5681533778482555
110814,0,0.7130950267470807
110816,0,0.0771200012912476
110819,0,0.09451732690751859
110820,0,0.6698330963430756
110821,1,0.6095934188105463
110822,0,0.4101016859702976
110830,0,0.1297727644181939
110831,0,0.4933048884529988
110833,0,0.23210147937382136
110835,0,0.3224275261869237
110836,0,0.7316554875523691
110837,1,0.1423010597593286
110841,1,0.6713365140017015
110842,0,0.3758952111372764
110848,0,0.3701834859614965
110851,0,0.04618196747362155
110852,0,0.4377329849973034
110853,0,0.2688168245187802
110857,0,0.1553012037218356
110859,0,0.7704598598890916
110861,0,0.2383166418935012
110862,0,0.1906487816751392
110865,0,0.10524672416878116
110866,0,0.4179928450748839
110867,0,0.5252055395979701
110868,0,0.5570423989724465
110870,0,0.5584401400556016
110871,0,0.12072940559095632
110875,0,0.5068252420155344
110876,0,0.4827663041113378
110881,0,0.1743194284330099
110882,0,0.5488088896807207
110884,0,0.2879122881529367
110886,0,0.6612404808586453
110887,0,0.05619829987538486
110888,0,0.7075432729913654
110889,0,0.438923619226646
110890,0,0.09628693116930041
110891,0,0.41650017302354814
110894,0,0.4900991376442369
110895,0,0.07495777334350956
110897,0,0.3819366573176983
110898,0,0.3107458778680149
110899,0,0.15338117355262404
110900,1,0.6661304287373402
110904,0,0.3417917814161652
110905,0,0.06528075774298077
110908,0,0.14191329187585394
110909,0,0.3322066713251124
110910,0,0.09934830276583403
110915,0,0.23811014037377393
110916,0,0.06029436744665499
110917,0,0.33444543826487455
110918,0,0.31943557740905426
110920,1,0.759154103997154
110921,0,0.07642391602393213
110924,0,0.4740615557780644
110925,0,0.6435158458864654
110929,0,0.6619480087017264
110934,0,0.1951149949208579
110935,0,0.7780421776536047
110940,0,0.44516335842735233
110941,0,0.3008975672257969
110942,0,0.44238595122654534
110944,0,0.7797274567145563
110949,0,0.055188839445971305
110950,0,0.5667070061569204
110952,1,0.5939571963862861
110953,0,0.26679036755074226
110954,0,0.08990326450389556
110956,0,0.8237469988838105
110957,0,0.23324071339227936
110958,0,0.2643252293059257
110959,0,0.8344575755684417
110961,1,0.5351625998618927
110966,0,0.05340687550585131
110969,0,0.19677617160419497
110971,0,0.7371401641951614
110973,0,0.20221887672739544
110975,0,0.17925321637905092
110976,0,0.16785599741584467
110977,0,0.6014122301400793
110979,0,0.3591360060679937
110981,0,0.22145548531739806
110984,0,0.046694989917522106
110985,0,0.18980316811971018
110986,1,0.7627331567155278
110987,0,0.15813595007839787
110988,0,0.1506586095417287
110990,0,0.7631850683194152
110993,0,0.2799627960821541
110995,0,0.13777685578510357
110996,0,0.5165565775542426
110997,0,0.5992048775396641
110999,0,0.08661495951681726
111003,0,0.05919599141061758
111006,0,0.5310261268587063
111007,0,0.1844827650925885
111008,0,0.3329539262103335
111011,0,0.14321654163199235
111012,1,0.8148666082005945
111014,0,0.8107272585988312
111018,0,0.36181623296071114
111021,0,0.43371582646333184
111023,0,0.7091089662182866
111027,0,0.1388907215426226
111030,0,0.22101689944276992
111031,0,0.2546010594023
111036,0,0.6583516974759026
111037,0,0.10249601110683851
111039,0,0.05045184354407162
111040,0,0.500467068385607
111042,0,0.517415079402774
111043,0,0.5899416031132565
111045,0,0.09352406739912386
111046,0,0.4625265554781296
111047,0,0.201869270556771
111050,0,0.41568974465069236
111051,0,0.10636760050739824
111053,0,0.4500008370387308
111054,0,0.6816501314885673
111055,0,0.27834643720805047
111058,1,0.69401388625216
111060,0,0.21530520004675507
111062,0,0.31183393142641025
111064,0,0.4159012152564275
111065,0,0.80529630352333
111067,0,0.36174444076992024
111068,0,0.08433122562558466
111069,0,0.11436809701201811
111071,0,0.517747593377776
111075,0,0.3936891930356402
111077,1,0.8427172566710542
111078,0,0.4783435352463069
111079,0,0.053373643145346115
111081,1,0.8364687973103393
111083,0,0.5957850890647245
111085,0,0.06876746180657331
111088,0,0.5895856412343031
111089,0,0.06598025001076899
111092,0,0.6573790331896214
111094,1,0.8882083705963529
111095,0,0.2918898409110659
111096,0,0.07338419937003299
111097,0,0.3822605716241279
111098,0,0.18989131215078703
111102,0,0.5194848292048835
111105,0,0.6754735237084588
111109,0,0.4446165698705006
111110,0,0.5667892200364514
111112,0,0.19161197774630562
111115,0,0.67144326384232
111117,0,0.6179165466466985
111120,1,0.7644009385604198
111122,0,0.15191688853117521
111123,1,0.5324973505073554
111124,0,0.050461679658442574
111126,0,0.05018312813162619
111129,0,0.14243686391214913
111130,0,0.16968994875663215
111133,0,0.24062051274306534
111134,0,0.6179651757789012
111136,0,0.25565833758272066
111139,0,0.16086016472786727
111140,0,0.4808884577947016
111143,0,0.4621090176284972
111145,0,0.07242874417722184
111149,0,0.059865407921419755
111152,0,0.6913176331227555
111153,0,0.3855633489857456
111154,0,0.09269217876186567
111155,0,0.572982419056375
111159,0,0.21237215581003638
111161,0,0.06411408487500617
111162,0,0.07451560714032568
111163,0,0.12138519999045574
111164,0,0.46713475072931504
111165,0,0.12107951593197412
111168,0,0.06333673165400042
111169,0,0.6262880666933127
111171,0,0.31031869426777314
111173,0,0.31291712006865363
111175,0,0.0893954243623086
111177,0,0.3852476292504988
111181,0,0.17778464399528068
111183,0,0.43265366164727476
111185,0,0.38976198047543653
111188,0,0.6641161088454965
111189,0,0.12954399971981487
111190,0,0.13870875931473162
111191,0,0.0880901563724059
111192,0,0.4885272025776016
111194,0,0.4654276418331846
111196,0,0.35082980474499237
111197,0,0.04440409691716156
111198,0,0.7590309466035672
111199,0,0.11056937268502205
111201,0,0.3681762067602093
111203,0,0.2718646359651362
111206,0,0.21628077050767983
111207,0,0.8295532718025159
111210,0,0.6223633716451553
111215,0,0.330674902560972
111216,0,0.7068009283130815
111219,0,0.06790667798183672
111220,0,0.17482539420932647
111221,0,0.4646343453144624
111222,0,0.10413776088026165
111226,0,0.5367581901812579
111228,0,0.2149143047185845
111229,0,0.4914823164339094
111232,0,0.12883957578813504
111233,0,0.27098584083408206
111234,0,0.4560172728664593
111236,0,0.32171188913769955
111238,0,0.5737221111248203
111240,0,0.4204108173703459
111242,0,0.12383948970810184
111244,0,0.12074369674474758
111245,0,0.45351335422544786
111249,0,0.1385509886260318
111250,0,0.48028302495569586
111253,0,0.4021657480979517
111254,0,0.3702424091083565
111255,0,0.40351506379015706
111256,0,0.35195477822324284
111257,0,0.48912219170086535
111262,0,0.8287713412215745
111263,0,0.2524620723753705
111265,0,0.06664435126460386
111266,0,0.6513110887987509
111268,1,0.45432599320170325
111270,1,0.14117725652372926
111271,0,0.1270774104468487
111274,1,0.595942257233086
111279,0,0.3920186073657791
111280,1,0.3388125937540605
111282,0,0.28129967647220855
111283,0,0.0679940254843357
111284,0,0.7456114552130805
111286,0,0.10165405155125132
111287,0,0.4930380393865222
111288,0,0.4455840789207711
111290,0,0.23525167072319886
111294,0,0.5069201353452045
111296,0,0.27952987442390037
111297,0,0.7130592979842463
111298,0,0.3311669029931192
111299,0,0.16583890714166719
111300,0,0.661871672318642
111301,0,0.08939403253745674
111302,0,0.13054471208638224
111303,0,0.3302261675756052
111304,0,0.43791467096185255
111305,0,0.46543226856205033
111307,0,0.18094301775211874
111309,0,0.09403197826550656
111311,0,0.48490335457270817
111312,1,0.8409038475326167
111315,0,0.4622433656165913
111316,1,0.8730595355474542
111318,1,0.7610074130284185
111320,0,0.3996806844509903
111321,0,0.7041069510403046
111322,0,0.20753217131156756
111323,0,0.3502403606386312
111324,0,0.5381286407509103
111325,0,0.16823460659036593
111326,0,0.5358438940743699
111328,0,0.5441880408733986
111329,1,0.5522541743594508
111330,0,0.07248746950339835
111332,0,0.10660190245339543
111333,0,0.40018025569629306
111335,0,0.24952584991603222
111336,0,0.5364119382905937
111337,0,0.5453151740354878
111338,0,0.4306214610099054
111343,0,0.3714475929479808
111348,0,0.220190970373965
111351,0,0.40874881404123486
111352,0,0.21130262049650422
111354,0,0.6317650440590804
111355,0,0.7398900548504486
111357,0,0.4672224167042492
111358,0,0.2032593296123732
111360,0,0.6321152457198609
111361,0,0.13341009121746922
111364,1,0.6490172755776402
111365,0,0.06026740741672624
111366,0,0.2248468858913323
111370,0,0.3678584051963366
111372,0,0.13769149532323194
111377,0,0.9013495719511466
111378,0,0.7517706450972469
111380,1,0.9359855283111796
111382,0,0.7107324999562096
111385,0,0.22058160277751848
111386,0,0.2909792550098799
111389,0,0.46434409539555227
111390,0,0.3308215406214645
111391,0,0.042896677473919974
111394,0,0.8469448894091356
111395,1,0.9132350116905934
111396,0,0.4105668949752553
111397,0,0.5151348896475234
111399,0,0.16520747376925632
111400,0,0.3582705497537647
111402,0,0.119250866624655
111403,0,0.09097517232536442
111405,1,0.2862316129061832
111408,0,0.12364932195509448
111411,0,0.3558052874447893
111413,0,0.19238274542515502
111416,0,0.703965993169444
111417,0,0.3201934183090512
111418,0,0.07306240834144413
111420,0,0.7722884293943582
111424,1,0.7612431960547872
111425,0,0.06940123391354945
111426,0,0.13051220999308266
111427,0,0.5666540561417913
111428,0,0.30845430831789733
111429,0,0.09297884035107332
111430,0,0.04604625902207034
111431,0,0.6554955330244449
111433,0,0.42159779955006044
111434,1,0.8068804394121095
111436,0,0.05200269441286905
111439,0,0.36410012465924463
111440,1,0.7625875289211237
111441,0,0.5474255169540272
111442,0,0.631430391215375
111443,0,0.4137088141116746
111448,0,0.42133891150924896
111449,0,0.274204135453948
111452,0,0.723981531113173
111453,0,0.11144481478057695
111454,0,0.08503528584859972
111455,0,0.3476709848906519
111456,0,0.3379705423772172
111459,0,0.2299684368296917
111461,0,0.2728348998247441
111463,0,0.5220005271105456
111465,0,0.04919996111935523
111471,0,0.09152859079702932
111476,0,0.556090869395043
111479,0,0.13604044776617782
111486,0,0.31902176297268425
111488,0,0.11898369866069067
111489,0,0.17380314857608514
111490,0,0.6354013072644826
111491,0,0.23322878393924765
111492,0,0.3754474491262981
111493,0,0.5833112242465184
111494,0,0.9084027506562732
111497,0,0.06426116580606231
111500,0,0.13775772288825205
111501,0,0.3090022468965557
111502,0,0.8420349068090953
111503,0,0.7746353654121643
111504,0,0.1968241685759355
111505,0,0.11676429944739582
111507,0,0.24970417193243005
111508,0,0.6263499939104114
111510,0,0.12089828186968987
111511,0,0.08721082229276444
111512,0,0.18120182058139808
111513,0,0.6970819889905807
111514,0,0.258487183614123
111516,1,0.3411835875867641
111519,0,0.1844566577536603
111520,0,0.22924706021378832
111522,0,0.516830745435356
111525,0,0.4423575732715325
111528,0,0.09926153500312603
111533,0,0.20057004404203935
111534,0,0.5698150895534202
111535,1,0.6877906649107921
111537,0,0.12177035856649057
111541,0,0.040848842058407685
111542,0,0.3128644032407921
111543,0,0.10387965488724338
111546,0,0.6790774196579042
111549,0,0.06852298182241662
111550,1,0.5968178473502905
111551,0,0.08985655940059285
111554,0,0.41822865011523175
111555,1,0.3324288324192758
111557,0,0.17583041576084485
111558,0,0.32495788967975237
111561,0,0.08866160237753
111563,0,0.7372586051573121
111564,1,0.8754219903177898
111571,0,0.5729236169710633
111572,0,0.043416661484876495
111574,0,0.3688518808976782
111575,0,0.11994910897054929
111579,0,0.5008723068630015
111585,0,0.10942284889092775
111586,0,0.3443185231194484
111587,0,0.16095676748058074
111588,0,0.44678913582882657
111589,0,0.5685017672394574
111590,0,0.7230080760086387
111593,0,0.18473932958723208
111595,0,0.12923575690689412
111596,1,0.4091686431234619
111598,1,0.7925189214733074
111599,0,0.3650043149023766
111602,0,0.38233235891960593
111605,0,0.20278143653240527
111608,0,0.2342288301995396
111609,0,0.4076148896939585
111610,0,0.3001696315286847
111613,0,0.08161578223074745
111614,0,0.7529120574776594
111616,1,0.8861511734252954
111618,0,0.20065253947400294
111620,0,0.10637311393634223
111621,0,0.3931599523179254
111623,0,0.05811796589113567
111625,0,0.4779664160461937
111629,0,0.24183773345549836
111632,0,0.4584605014898068
111633,0,0.26126870261423984
111635,0,0.40633325368193746
111638,0,0.3311163779718703
111639,0,0.6627249009174722
111640,1,0.627369880127583
111641,0,0.30294083516550446
111642,0,0.4795514992961061
111643,0,0.31913775345302026
111645,0,0.6040858976814485
111646,0,0.05366229901378348
111649,0,0.45492332364613064
111650,0,0.046626900763562684
111651,0,0.768543383604178
111652,0,0.07157722940373787
111655,1,0.19664886323221897
111656,0,0.18477212075396504
111658,0,0.31336241581868485
111659,0,0.1444420067292139
111660,0,0.2285996082977869
111663,0,0.5961083747303524
111664,0,0.46578989137782045
111666,0,0.4595538872066468
111667,0,0.1522838539151844
111668,1,0.8637524241057013
111669,0,0.7117003209837447
111671,0,0.12093604788381582
111673,0,0.1417546824652285
111675,0,0.24578447240065704
111676,1,0.5196828969925394
111679,1,0.0859861287911855
111682,1,0.5832894724187285
111683,0,0.052173121699252
111687,0,0.4098047685907272
111688,0,0.1634451571742011
111692,0,0.10284601032136162
111693,0,0.06498361215616968
111695,0,0.16898882813570149
111700,0,0.06443136065486935
111703,0,0.33869463368775277
111705,0,0.1608956253033093
111707,0,0.6938106174503244
111710,0,0.07843975530020438
111712,1,0.9333659763402782
111716,0,0.18819960475194975
111717,0,0.12002995341140851
111719,0,0.09037126377357174
111720,0,0.4620405788419856
111723,0,0.1599518814728445
111724,0,0.044013449792451156
111726,0,0.22533726724105008
111728,0,0.6462606444820184
111729,0,0.12703049266377062
111731,0,0.05580381998089767
111732,0,0.11161157231807017
111733,0,0.2947200244802126
111734,1,0.244385798831039
111736,0,0.46133399609389214
111737,0,0.5382200691783237
111741,0,0.1893352051928484
111742,0,0.10515634363478239
111744,0,0.06570733426766481
111745,0,0.8011109356654078
111749,0,0.6416479075624821
111751,0,0.48679357964388215
111752,1,0.733469935565128
111753,0,0.28898243745530167
111754,0,0.30877438745345115
111759,0,0.1613359369020096
111760,1,0.262181685447444
111765,0,0.7222654224845058
111766,0,0.610335215755983
111767,0,0.14544077381765314
111768,0,0.33458686454343245
111770,0,0.41467162389719336
111773,0,0.04937884755090577
111774,0,0.06262589931755916
111776,0,0.366164678682069
111777,0,0.05273823274145428
111778,0,0.10875288250237902
111779,0,0.33489834725574874
111781,0,0.7150338957394621
111783,0,0.2466733009955205
111784,0,0.4917286780364306
111786,0,0.7830139430223
111787,0,0.24163740368793216
111789,0,0.06827943459590977
111790,1,0.6095972740524336
111791,0,0.6408190828089804
111792,0,0.13619145632092766
111794,0,0.7737730117719044
111795,0,0.2618357099546884
111796,0,0.05875640950368176
111797,1,0.6782455612563341
111798,1,0.32325853598767057
111800,0,0.27365963300971174
111801,0,0.053149309577069134
111802,0,0.0521774869216264
111803,0,0.7482248078417231
111804,0,0.7814578120016341
111810,0,0.34350333123130034
111811,0,0.09029723110904712
111814,0,0.31706509856318343
111820,0,0.05269021156484738
111821,0,0.19562196202822482
111823,0,0.4809619625344645
111824,0,0.3112599150014384
111825,0,0.5635441025149313
111827,1,0.6244197154381433
111828,0,0.24433107399195914
111829,1,0.9059468402373548
111830,0,0.10179732293719868
111831,0,0.3844656529423261
111833,0,0.125848971925983
111834,0,0.10642985548940471
111835,0,0.4349885851129735
111837,0,0.18123179502520675
111839,0,0.4578334056062137
111840,0,0.45142288601336045
111846,0,0.1155831860845565
111849,0,0.41878113123940575
111850,0,0.22050246322116257
111857,0,0.5193800132282262
111858,0,0.11336271445793969
111859,0,0.7612616252395954
111860,0,0.2563233845445508
111864,0,0.09524515920500999
111866,0,0.30418351126858023
111868,0,0.8569402568641525
111869,0,0.07343063793496461
111870,0,0.21627986901507573
111872,0,0.1562142154028576
111874,0,0.34334732629901693
111875,0,0.41935336585265925
111876,0,0.7551895038850349
111878,0,0.12041971350449901
111879,0,0.6301001054040762
111882,0,0.2704547224089941
111883,0,0.7544094034240316
111884,0,0.3563279196428596
111886,0,0.1876258961416711
111887,0,0.08280380625064235
111890,0,0.547957771355597
111893,0,0.35309325109875994
111894,0,0.09427321476623382
111895,0,0.5158116753698736
111896,0,0.6339938868245197
111898,1,0.22745594154771692
111900,0,0.28332710563172536
111901,0,0.2611407516619759
111903,0,0.16132198540965623
111904,0,0.14430374152187594
111906,0,0.21632255793622054
111908,0,0.21468201978942364
111909,0,0.9291934447786214
111911,0,0.7721046789739664
111913,0,0.46626296590929633
111917,1,0.5410270627767806
111918,1,0.8689320549615195
111920,1,0.6648539402033151
111921,0,0.3411865949696213
111922,0,0.13947241906995286
111923,1,0.7972646928191173
111925,0,0.07417383813051898
111927,0,0.6199436373174247
111928,0,0.10165650902738266
111929,0,0.548954367650372
111930,1,0.6610584934567376
111934,0,0.2412586423563484
111935,0,0.14562608738464927
111938,0,0.13659508202109222
111939,0,0.1517320739931362
111942,0,0.1918028315333719
111943,1,0.5883523283498511
111944,0,0.492511858628053
111945,0,0.49700066346582955
111947,0,0.812883644084701
111949,0,0.554750716099111
111951,0,0.038313999956163844
111956,0,0.45757986629213
111960,0,0.0702013170414281
111963,0,0.11513507590613332
111966,1,0.6667595754956436
111967,0,0.3884365052563262
111968,0,0.40652670526186646
111970,0,0.17520621861760471
111971,0,0.0797318172477304
111972,0,0.0866906868577666
111973,0,0.32733762078347983
111974,0,0.2789995945343998
111977,0,0.6440264048055699
111979,0,0.04333822852998474
111980,0,0.7848634642495173
111982,0,0.5230533450236382
111983,0,0.4556295814799042
111984,0,0.10197318224867721
111985,0,0.4609460368064265
111986,0,0.8039021317277786
111990,0,0.9235689982400563
111993,0,0.27662376235425473
111994,1,0.7163712811093003
111995,0,0.562103585219077
111997,0,0.532839287618917
112001,0,0.8492538875436317
112004,0,0.06658209809855017
112005,1,0.7357259679951001
112008,0,0.3027211208256001
112010,0,0.10784054326698171
112011,0,0.35943635934256574
112012,0,0.06806062988698978
112014,1,0.538065771179792
112015,0,0.2759992644083786
112016,0,0.28569499590862213
112018,0,0.28739474099610296
112019,0,0.5287737446405769
112021,0,0.6868644968922197
112023,0,0.08661036755897104
112027,0,0.1084277713580164
112028,0,0.22136968716057354
112031,0,0.13179499169703668
112034,0,0.08957386791350824
112038,0,0.15400903109667213
112040,1,0.2014256414809131
112041,0,0.6041154528921564
112045,0,0.7745527033621009
112047,1,0.7477385706261964
112050,0,0.42339437984794975
112052,0,0.20615790406432075
112055,0,0.0446762267615411
112060,0,0.13331164734537465
112063,0,0.3164966319364303
112067,0,0.2502678352377754
112071,0,0.3368451276534462
112072,0,0.8057882923978499
112073,0,0.10756462830417254
112077,0,0.35161880297914494
112078,0,0.3781659050074167
112079,0,0.31066009624104163
112080,0,0.1748644435784508
112081,0,0.5218326956304551
112084,1,0.5522197160902392
112086,0,0.3194579950197627
112088,0,0.10210774434641463
112089,0,0.1396757739083416
112090,0,0.32252492484520073
112092,0,0.42446602821032925
112098,0,0.36497278202983335
112099,1,0.29351709111410706
112102,0,0.08219267382795803
112104,0,0.23681602556984327
112106,0,0.2523133591973997
112109,0,0.12008044488822127
112110,0,0.05090831654378418
112113,0,0.5171749150349807
112115,0,0.4250289841333645
112116,0,0.12332184266590906
112120,0,0.08203726152449221
112122,0,0.040468838717844485
112123,0,0.7191331809730326
112124,0,0.49440877898193997
112125,0,0.18360130431372
112126,0,0.6086600047325702
112127,0,0.6740722653021938
112128,0,0.5727314181295651
112131,0,0.12084316448713535
112132,0,0.41860714242353725
112134,0,0.5073245082828235
112135,0,0.39902882377452276
112136,0,0.5778874051695655
112139,0,0.6316906415003933
112145,0,0.05873995746991477
112146,0,0.29880887515427934
112148,0,0.3970262237344845
112149,0,0.47521191058925716
112156,0,0.09089034352767121
112158,0,0.0392017224108051
112159,0,0.2939662423188441
112161,0,0.10591499148558423
112164,0,0.4447917706771804
112165,0,0.2829608485638552
112168,0,0.851504086538881
112169,1,0.7574153623855379
112170,0,0.4666291295333038
112171,0,0.18123088633582424
112173,0,0.08501055195110091
112174,0,0.13497306926773886
112180,0,0.3683118759493714
112182,0,0.6482690719822444
112184,0,0.5070215648157312
112186,0,0.1083051735657411
112187,1,0.4308920772557016
112191,0,0.31136520156253217
112193,0,0.5619119088291
112194,0,0.5321917009174981
112195,0,0.7158902503686949
112198,1,0.41739727939425764
112201,0,0.059500855390325055
112205,0,0.6819464907612758
112206,0,0.11222297310611828
112208,0,0.08044809543219694
112210,0,0.16659359334671028
112212,0,0.7525847056644966
112213,0,0.4933592725262641
112215,0,0.27316923030653983
112218,0,0.1877865690097847
112219,0,0.13037238553436828
112221,0,0.40168714769226466
112222,0,0.1347537393559642
112226,0,0.420531278460027
112228,0,0.0441593678180811
112230,0,0.4125292709875225
112231,0,0.6679487721877869
112233,1,0.5202518108315891
112235,0,0.411126850582917
112237,0,0.2672702074947302
112238,0,0.45368053606537995
112239,0,0.13361593479620731
112240,0,0.23396006718315232
112241,1,0.7344297850323417
112242,0,0.5830636837857689
112243,0,0.2775063003643272
112244,0,0.46685798735018114
112248,0,0.20370627367296174
112251,0,0.4331603427029102
112252,0,0.4600732200815548
112254,0,0.10609731806079219
112256,0,0.053821243916384945
112265,0,0.34921995890868746
112268,1,0.7320721903997934
112270,0,0.1937708350217746
112271,0,0.30324327748804
112273,0,0.09737937846736007
112275,0,0.2401427308829375
112276,0,0.26538661820856224
112277,0,0.26244718404683604
112280,0,0.2007849096933199
112281,0,0.38137067119971224
112282,0,0.2890316358277157
112284,0,0.31680365116000636
112285,1,0.7962790914599293
112287,0,0.34970968271790015
112289,0,0.19256161656641627
112291,1,0.8717845584977196
112292,0,0.09651010347209976
112294,0,0.5169264272943115
112295,0,0.10417861090525478
112296,0,0.0801834789730667
112299,0,0.11282039958552179
112300,0,0.512202526901685
112303,0,0.7673727797986808
112305,0,0.8635745019666077
112308,0,0.05780465618759435
112309,0,0.16663893134182634
112312,0,0.3251704396456313
112313,0,0.7066681530887052
112314,0,0.3101608117690047
112315,0,0.5070907921108969
112316,0,0.2433194854229785
112317,0,0.4690704272896908
112319,0,0.45207705959534844
112320,0,0.43997514415529715
112321,0,0.5074963096174541
112322,0,0.16519122248044998
112327,0,0.7623520720909739
112328,0,0.500428541591796
112329,0,0.060435630262839414
112330,1,0.5636059503544522
112331,0,0.482016511542529
112332,0,0.46282453590082173
112333,0,0.8377720351154814
112335,0,0.1053142361090739
112337,0,0.0489786831588664
112340,0,0.11004771466556504
112341,0,0.0503475683485473
112344,0,0.20644569404953192
112345,0,0.21771025259116175
112347,0,0.2960947360969854
112349,0,0.516177311299364
112350,0,0.5985428876542216
112354,0,0.19718037294042273
112355,0,0.1401666991295643
112356,0,0.20674583033010108
112357,0,0.05952396571607456
112358,0,0.5818157874046077
112359,0,0.6269113153850642
112360,0,0.13946837458519826
112362,1,0.6651282120055436
112363,0,0.19966476499904107
112365,0,0.1371681739000032
112368,0,0.41496983303222407
112370,0,0.1635473730797624
112371,0,0.05096890042693084
112375,0,0.4262223465619298
112377,1,0.34745871384727733
112383,1,0.7115750294739285
112384,0,0.1343931374212636
112385,0,0.12540015870037324
112386,0,0.48590918503249486
112387,0,0.590241722669911
112389,0,0.1469533206178174
112391,0,0.36518596501370143
112394,0,0.1233758105373182
112399,0,0.37411004021633676
112402,0,0.547871885701212
112403,0,0.28665229956476307
112406,1,0.9468332165722855
112408,0,0.1242641508117009
112409,0,0.4649963477900771
112410,0,0.6288700954767306
112412,0,0.06113988474758484
112415,1,0.5436210184379844
112416,0,0.32613237747846974
112419,0,0.18864204508958418
112420,0,0.45098876316643155
112421,0,0.4102262513348161
112422,0,0.3680192151622329
112426,0,0.41669952980782804
112427,0,0.09726688583448925
112431,0,0.06981726377304884
112432,0,0.608140325762881
112433,0,0.16674158971307204
112434,0,0.11066756091432599
112436,0,0.08516510337749632
112437,0,0.20744119949063214
112444,0,0.7111611325490326
112446,0,0.3917053191970907
112448,1,0.8413375021527228
112450,0,0.43440651730986024
112451,0,0.5857786827490411
112454,0,0.7080144862974243
112456,1,0.899751326876172
112462,0,0.7663641288195204
112464,0,0.18541610309787485
112466,0,0.6121039854853799
112467,0,0.4797871313045198
112468,0,0.3030142847325483
112469,0,0.24700399871651788
112475,0,0.7633225906387796
112479,0,0.061643346025554865
112480,1,0.14635785380591704
112482,0,0.17201622535108105
112483,0,0.42065793831553994
112486,0,0.7124614192782703
112488,1,0.7919214561794451
112492,0,0.5515141365443387
112494,0,0.14190565418318427
112497,0,0.3429462363493557
112499,0,0.4201407995172658
112501,0,0.7436506133460783
112503,0,0.6513728510219323
112504,0,0.34503825734674437
112506,0,0.16773279696418272
112510,0,0.7351926165666416
112511,0,0.4143548921423156
112512,0,0.15763160228423434
112513,0,0.47942021815241126
112514,0,0.5141531362000202
112515,0,0.23653100562540463
112516,0,0.7520682890786852
112525,0,0.7614262512773081
112530,0,0.35028513194168187
112531,0,0.1169312203047935
112534,0,0.6424784012169991
112535,0,0.39614121716708695
112538,0,0.1220086230366317
112543,0,0.293780491761097
112544,0,0.11266970298411963
112546,1,0.8507266503151174
112547,0,0.3872226679737824
112550,0,0.09273113484615184
112551,0,0.08912233032043185
112552,0,0.8363918882280595
112553,0,0.08558057159904714
112556,0,0.11838050828376682
112560,1,0.5660251440668802
112562,0,0.8241718366511106
112563,0,0.1035140451833837
112565,1,0.44706058424241035
112566,0,0.11047480125301279
112567,1,0.5996054800621942
112568,0,0.17468258418759997
112569,0,0.08532659827419609
112571,0,0.1960812146319219
112574,0,0.5460783012078622
112576,0,0.052695400494808455
112578,0,0.1275863426137057
112579,0,0.08942322758076433
112580,0,0.18003734487660514
112581,1,0.7591333228242647
112582,0,0.1149058835094177
112583,1,0.1386378338451374
112584,0,0.313068067035749
112585,0,0.5429541680522648
112586,0,0.09449799812742325
112587,0,0.06227522026378261
112589,0,0.394821678723298
112590,0,0.2573140838616662
112592,0,0.35433103628024726
112593,0,0.720026608766636
112594,0,0.6985723047270322
112596,0,0.27846703848760057
112599,0,0.07377909410419585
112600,0,0.5587668217264039
112605,0,0.08513410061158205
112606,0,0.2179062234020912
112608,0,0.6610612438755648
112609,0,0.5331168580456505
112610,0,0.4656941489867855
112617,0,0.11579946712700477
112620,0,0.7909587520581678
112621,0,0.4030362712960086
112622,0,0.07107187547820129
112630,0,0.37528001227039753
112631,0,0.21186187672686999
112632,1,0.6835973137736812
112634,0,0.75081568969108
112637,0,0.7185683406941281
112639,0,0.40115823209415413
112643,0,0.09145017346652332
112644,0,0.4636732700152294
112645,0,0.0911506450224501
112646,0,0.3192319472581481
112648,0,0.5011327973298391
112650,0,0.7030774816001302
112659,0,0.12929084346956826
112660,0,0.23353299188244364
112661,0,0.12375229290726131
112664,0,0.06538610999854126
112666,0,0.04631935180631859
112667,0,0.34383146304353407
112670,0,0.24927188138895656
112673,0,0.6524746695939179
112675,0,0.8228824166703708
112677,0,0.5938195873130911
112680,0,0.50644682490512
112681,0,0.46715970509931176
112683,0,0.10143554707767652
112684,0,0.17967573668694264
112685,0,0.3499026962988408
112692,0,0.19276107479483065
112693,0,0.23880084962729714
112697,0,0.24778042632681654
112699,0,0.5536485741108444
112702,0,0.038981533485820966
112703,0,0.4214950610350884
112704,0,0.3793115395617711
112706,0,0.09644190196625237
112707,0,0.20151673436672546
112709,0,0.10212547221059472
112710,0,0.6112456481741919
112711,1,0.3314404444392658
112712,0,0.21090165092269558
112713,0,0.3330808934392394
112716,0,0.5570441405809367
112718,1,0.8069281367539336
112720,0,0.3881087310503542
112724,0,0.08225500621845959
112725,0,0.5842547238330831
112726,0,0.272769994080321
112729,0,0.20096316531565622
112731,0,0.12778899085860754
112734,0,0.39419120654542816
112736,0,0.7759588028266526
112738,0,0.5880868267523444
112739,0,0.4611156245175737
112740,0,0.624621857531771
112744,0,0.0795845009112802
112747,0,0.3804339202256521
112749,1,0.798600607168486
112751,1,0.14418584376610247
112752,0,0.6083483280995082
112760,0,0.13693264654254417
112764,0,0.594007938221605
112765,0,0.29264470106041496
112767,0,0.44922036442356783
112769,0,0.14870446698974668
112770,0,0.37566593445212637
112772,0,0.11279742399275805
112773,0,0.05746877014723554
112775,1,0.7536186407105181
112777,0,0.06533085486268081
112781,0,0.3627533128552337
112783,0,0.7009806166551339
112787,1,0.5815950002300267
112789,0,0.26868398985691233
112790,0,0.16680147378129578
112792,0,0.12598841548613648
112793,0,0.05969675654958467
112797,0,0.1173304059806329
112798,0,0.45760502631487715
112800,0,0.18493867553790475
112802,1,0.7188229711825568
112803,0,0.2349442701473748
112805,0,0.2755802741805312
112817,0,0.08424286975808963
112818,0,0.246288829668799
112820,0,0.5780384115839636
112823,0,0.6703959480200258
112824,0,0.36806509115936487
112826,0,0.05863919952535841
112828,0,0.4978430372504993
112834,0,0.6524687298183258
112835,0,0.6264283846144068
112839,0,0.0919404458438952
112840,0,0.43495234837992597
112842,0,0.41790069683824294
112844,0,0.8312823092848444
112845,0,0.15452748389304655
112847,0,0.07730183444761377
112849,0,0.05355035163228701
112850,0,0.32150742465395415
112851,0,0.4123265308144572
112852,0,0.4241672787971935
112853,1,0.42586190364900506
112855,0,0.36590008383056866
112859,0,0.655746532648384
112860,0,0.23719419669748532
112861,0,0.33425308417806915
112862,1,0.29672422376677304
112863,0,0.3004268626977047
112864,0,0.07625002949693768
112866,0,0.7543920939217289
112869,0,0.13176447850042622
112874,0,0.4427406815039829
112877,0,0.09197529317110917
112882,0,0.09217723022234499
112883,0,0.6330886131241336
112884,0,0.6331649092783584
112886,0,0.33437348867440153
112889,1,0.8657966269431207
112890,0,0.23969788768747174
112897,0,0.3069114217818917
112899,0,0.07792840639652958
112901,0,0.8397352583836561
112902,0,0.18352075051626898
112906,0,0.09573991203348178
112907,0,0.6031815366585512
112908,0,0.6945029519618345
112910,0,0.14235729681494957
112913,1,0.6519111714351412
112915,0,0.546621143440891
112919,1,0.943761094386514
112921,0,0.3929641523812627
112924,0,0.9106217743743356
112925,0,0.579244213337162
112926,0,0.4044958046128107
112927,0,0.24265427338909987
112929,1,0.7816564498890528
112931,0,0.06400561230504889
112935,0,0.21181494357239555
112937,0,0.2657073118512242
112938,0,0.2936957271801924
112939,0,0.4673221088847067
112940,0,0.21636340925454486
112942,0,0.07641440128854675
112944,0,0.439150011033289
112948,0,0.0803981008896766
112949,0,0.5903679380923041
112951,0,0.8409033437074521
112953,0,0.4736261858792904
112955,0,0.2724027797023044
112956,0,0.09624832661949044
112957,0,0.36526557060850007
112958,0,0.04475346744071499
112960,0,0.08894580336290384
112961,0,0.4146574732781585
112962,0,0.10680089172813396
112965,0,0.0318884702480836
112966,0,0.2916678282989145
112967,0,0.8156733531629119
112968,0,0.26882639984181783
112970,0,0.297928054947906
112972,0,0.4701939294717975
112974,0,0.8271358333097446
112977,0,0.2923622789005552
112978,1,0.7352153597316262
112981,0,0.04083349446529656
112983,0,0.12831740141202042
112986,0,0.11163255174202605
112987,0,0.1881752159628653
112988,0,0.42277949993968156
112990,0,0.22119865305676617
112991,0,0.1463215005968141
112992,0,0.5696910884601053
112994,1,0.6705328635552575
112997,0,0.4911829701106674
112999,0,0.40928170604188024
113000,0,0.2839805409823198
113001,0,0.08870692650515374
113007,0,0.47620132779342406
113008,0,0.27657658116750944
113009,0,0.24844432991698154
113010,0,0.6400006486916232
113011,1,0.7842802647060807
113013,0,0.5399023176456791
113014,0,0.7008310242625692
113020,0,0.4199044758914276
113023,0,0.1295092734399929
113026,0,0.7922656187167343
113027,0,0.05484027158028737
113028,0,0.2982654834513828
113030,0,0.13873800023589355
113032,0,0.6753953912816517
113033,0,0.2972025350339284
113037,0,0.3319689753796363
113038,0,0.38382142854195056
113045,0,0.1419917555624731
113047,0,0.2976279074076256
113049,0,0.3863995139712693
113052,0,0.1989028278050279
113055,0,0.7056627563709075
113056,0,0.3070504296073697
113057,1,0.8525101276285911
113058,0,0.1054676970606268
113059,0,0.048655189426972126
113060,0,0.8135123718528995
113061,0,0.08472791866645553
113063,0,0.10932449472014087
113064,0,0.44151963509599046
113066,0,0.04352410871550504
113068,0,0.12723679550537534
113073,0,0.608252197902746
113078,0,0.056889086559861635
113083,1,0.6016917253184244
113087,0,0.3052565965449171
113088,0,0.40669898353315653
113091,0,0.10840431704240001
113092,1,0.2716553253384301
113093,0,0.45279879714571286
113094,0,0.310882081293007
113098,0,0.11330599379543016
113101,0,0.3917553717717091
113104,0,0.13634133299100243
113109,0,0.2319456515350967
113110,0,0.3119622056481838
113111,0,0.4862927619284528
113113,0,0.1015722932512951
113116,0,0.6044127715120006
113117,0,0.18806249040018094
113118,0,0.3846064555327782
113119,0,0.540447874039358
113120,1,0.8495272089652499
113122,0,0.43404601260549985
113123,0,0.043646417037736376
113125,0,0.0382546993943304
113126,0,0.41217992222699673
113127,0,0.6126183248929161
113128,0,0.46072641491271094
113129,0,0.3258610439915299
113131,0,0.5400458416958536
113136,0,0.7333325252347167
113137,0,0.4787907672166007
113141,0,0.21728027656246368
113142,0,0.09535627494007566
113143,0,0.8360051847559861
113144,0,0.674817334393578
113145,0,0.2873223459553886
113151,0,0.237541348483699
113152,0,0.16102503446152208
113153,0,0.12156203232687601
113154,0,0.130558668389672
113155,0,0.6925365554004143
113158,0,0.34626180433533926
113161,1,0.7968189712883146
113162,0,0.5108103467608004
113163,0,0.3678091509793492
113164,1,0.810689471005092
113166,0,0.3805671431169391
113169,0,0.3449038890559609
113175,0,0.6143386597819508
113178,0,0.4829939143144563
113179,1,0.5811079669226542
113182,0,0.10360909231821362
113183,0,0.2966938259765749
113188,0,0.6050944324363886
113189,0,0.7033602873537648
113194,0,0.6332576655622245
113197,0,0.061510088908372396
113199,0,0.29474801802217276
113201,0,0.1802329489174903
113202,0,0.2751906061546524
113204,0,0.08774695831945774
113207,0,0.17110772882679356
113209,0,0.3886896368132497
113210,0,0.050396836961386735
113211,0,0.30164136676712605
113213,0,0.0682464119192011
113215,0,0.06562341464599902
113216,0,0.6194179362325644
113220,0,0.046155050074090695
113222,0,0.15843338675041124
113223,0,0.16374646725452607
113224,0,0.34948535170113115
113227,0,0.6809757027484097
113231,0,0.5725508218274833
113232,0,0.24268973235091043
113236,0,0.3825098045074824
113237,1,0.8501260430361706
113240,0,0.3683786388270755
113242,0,0.4762848863119489
113244,0,0.4073884351159148
113246,0,0.33703117063178223
113249,0,0.284185067816273
113250,0,0.12733975173328813
113253,0,0.41845230538252415
113254,0,0.21593339055702732
113256,1,0.6448786023336253
113257,0,0.2935208392207237
113259,0,0.20447598369638528
113263,0,0.07424884611935442
113264,0,0.23599852836590335
113266,0,0.0680842798028195
113267,0,0.27300562686994195
113268,1,0.4187794423058674
113270,0,0.22656669009119423
113271,0,0.36140347838086695
113272,0,0.11235559632367231
113274,0,0.3107804170814073
113275,0,0.2140999831218345
113276,0,0.14573213387588604
113279,0,0.6099171797395248
113281,0,0.6258399731811224
113285,0,0.6568268211335899
113286,0,0.44523036606939514
113289,0,0.27692921652894614
113292,1,0.7177851695841916
113294,0,0.16462564229759896
113298,0,0.4153135909002061
113300,0,0.5204531282123003
113301,0,0.7022292693227626
113302,0,0.0774163674724862
113305,0,0.36249742101470617
113308,0,0.6939156225161627
113311,0,0.5061386709258581
113313,0,0.07304780377490007
113314,0,0.7352088197705933
113316,1,0.6343680478541855
113317,0,0.3302444224734021
113320,0,0.2496167106419871
113324,0,0.3178207420417578
113325,0,0.1052700386606629
113326,0,0.6185276634809478
113327,0,0.7795755784511353
113328,0,0.3070992415603646
113331,0,0.09843967936301261
113332,0,0.06308530488971065
113336,0,0.3894018511262618
113337,0,0.6071970382645129
113340,0,0.43659195278222757
113341,0,0.19738693429756135
113342,0,0.46406324641653746
113343,0,0.6174523956200666
113344,0,0.2651213321636881
113347,0,0.15422404355748517
113349,0,0.8090130193700752
113350,0,0.6048841692999762
113353,0,0.1450889929419648
113355,0,0.6118235767348742
113357,0,0.17442681424770018
113362,0,0.41999837856389205
113363,0,0.31878499293972434
113364,0,0.0840568249625286
113365,0,0.05944651579498831
113366,0,0.17657234911010597
113367,0,0.7658711719737887
113368,0,0.0812765476833471
113369,0,0.29829805082169825
113370,0,0.5845359494954293
113371,0,0.7299933531662437
113372,1,0.4503998182905942
113373,0,0.07060859316384634
113374,0,0.06085478810284385
113375,0,0.4866842474864962
113376,0,0.22629646389200123
113378,0,0.34245961973953054
113379,0,0.37638519084381084
113384,0,0.3959727924334755
113385,0,0.29916958670095706
113386,0,0.5157609194131128
113394,0,0.1816455873309435
113396,0,0.13840203949082833
113398,0,0.20911620464874062
113399,0,0.47199737229928546
113401,0,0.061275334185479625
113403,0,0.2604833232705492
113404,0,0.4521975548587416
113405,0,0.597253940109932
113406,0,0.8417161576322952
113409,0,0.07076659998624672
113413,0,0.07085411298672675
113415,0,0.0832958728563784
113416,0,0.7342611444934645
113418,0,0.069534815945522
113420,1,0.4571458888863025
113423,0,0.1656744972170337
113425,0,0.142726562511186
113427,0,0.6385169863314868
113429,0,0.3828723780135688
113430,0,0.5668301839895731
113431,0,0.10865264910790773
113432,0,0.17439682367743825
113435,0,0.5062515719571112
113436,0,0.17627827377730595
113437,0,0.5962162591203745
113439,0,0.31851404001318195
113440,0,0.31994934321178825
113442,1,0.7404006257968188
113443,1,0.6416811310189618
113445,0,0.08622892586152328
113446,1,0.9110477368506105
113447,0,0.2021411763802706
113448,0,0.10165308478743953
113450,0,0.36112333171158684
113451,0,0.8497183684172483
113452,1,0.35093333882539585
113453,0,0.41928160996618474
113455,1,0.6148381753382978
113456,1,0.18519935391256054
113457,0,0.38731216416929215
113461,0,0.20412793320314826
113462,0,0.07756505135951337
113463,0,0.218537935762263
113464,0,0.07358477460601402
113468,0,0.5821421384349564
113472,0,0.23319949373956406
113473,0,0.32771229466261015
113475,0,0.2574655028612032
113477,0,0.45392377482927876
113478,0,0.5482934870984117
113479,0,0.25402908298197724
113480,0,0.1293623558996349
113486,0,0.416312778627109
113487,0,0.6867695983334116
113488,0,0.27140970531061315
113492,0,0.39496809790295767
113493,0,0.1487733445568294
113494,0,0.6237779114926644
113499,0,0.1286923768500449
113500,0,0.23826532876814072
113505,0,0.07045203732861073
113507,0,0.05169815987287489
113509,0,0.12705448172307737
113510,1,0.5180137502756236
113511,0,0.5980919444778626
113513,0,0.06337539832506364
113514,0,0.7648747156151469
113516,0,0.685083073175795
113519,0,0.33055029387077306
113521,0,0.4442122936043004
113527,0,0.5686375404218678
113528,0,0.6314138687507918
113531,0,0.11661226766671132
113532,0,0.0758671924432633
113539,0,0.4027991419200248
113541,0,0.5224013029668477
113542,1,0.3565926366603079
113545,0,0.20780532302430035
113546,0,0.3961672491569771
113547,0,0.37004946768091745
113548,0,0.30119609186290697
113550,0,0.11059161563424331
113551,0,0.06640649159214251
113552,0,0.5942140350564008
113553,0,0.2524882772903706
113558,0,0.1167845403756328
113559,0,0.4658401201696229
113560,0,0.1894433759532253
113562,0,0.10051774154696366
113565,0,0.06756788808921899
113566,0,0.24756995478468627
113569,0,0.2098656464475682
113573,0,0.6380138399657629
113574,0,0.6909713302403865
113575,0,0.8800985482043204
113576,0,0.13028417293674072
113577,0,0.381130205729758
113578,0,0.05981327179646084
113580,0,0.624601697483401
113581,0,0.3839649850605518
113582,0,0.20528576929312772
113583,0,0.032995481473952766
113586,0,0.5806875770103013
113587,0,0.3152490450936608
113588,0,0.5741667613349668
113590,0,0.30451806764259837
113591,0,0.505505579791346
113593,0,0.09742885775362714
113597,0,0.7262731649692139
113599,1,0.7722598444851988
113600,0,0.2539419857898172
113602,0,0.20388652828735307
113614,0,0.5838436096196388
113615,0,0.14703632882355736
113616,0,0.3121517431608611
113619,0,0.4503877807318676
113620,0,0.07886978242455109
113621,0,0.12449770921179255
113624,0,0.11374177481847662
113627,0,0.8161608930062891
113628,0,0.6466557630579248
113630,0,0.21083977477949273
113631,0,0.4306850349605488
113633,0,0.21723534846171436
113636,0,0.14946985054022113
113637,0,0.057022888338878176
113638,0,0.06772725820446113
113639,0,0.40774059578979893
113642,0,0.5126876213411193
113644,0,0.06223983705200684
113646,1,0.6184836702664621
113647,0,0.2507457327340149
113648,0,0.4356794442814483
113649,0,0.7949704424578282
113651,0,0.6651198241262244
113652,0,0.25376116283658223
113658,0,0.14709589747176488
113660,1,0.21484767999469048
113661,0,0.05804380533470712
113663,0,0.1527282257523741
113664,0,0.87741491099636
113666,1,0.6247921255860351
113668,1,0.7133825309119854
113669,1,0.48950524864278167
113672,0,0.6709148171899172
113673,0,0.11535574145960234
113674,0,0.46632231613272423
113676,0,0.04471793376165641
113677,0,0.034653839317239296
113678,0,0.1874944316087579
113680,0,0.1547628925940951
113681,0,0.4966200361489984
113683,0,0.39492673623612046
113684,0,0.687932827469005
113687,0,0.16308850301517855
113690,0,0.04041951458511227
113692,0,0.04910961135839448
113695,1,0.4309606872040489
113696,0,0.08941370577755277
113699,0,0.3450257568352849
113701,0,0.4317090908222284
113702,0,0.30732231271056387
113704,1,0.6997632621700662
113706,0,0.42608784730144345
113707,0,0.4063840686439387
113708,0,0.0445608095201834
113709,0,0.20460909188694085
113714,0,0.33939066996442263
113715,1,0.49415726996766196
113716,0,0.11807398939461536
113717,0,0.23289326123671597
113723,0,0.14118906898404537
113727,0,0.06748181647877506
113730,0,0.400804892059781
113731,0,0.07853609179607066
113733,0,0.5676416361672295
113734,1,0.6130340651082952
113735,0,0.5411759976735148
113737,0,0.4502838085355858
113738,0,0.1963039670483005
113742,0,0.053734252529181445
113746,0,0.2772554459675799
113747,0,0.6407341636804899
113750,1,0.7905234557359311
113751,0,0.5418548252167049
113754,0,0.07894470081253371
113757,0,0.09662582363631753
113761,0,0.05577345569060882
113762,0,0.25521192315859104
113763,0,0.3329729017884399
113766,0,0.16734516137811747
113767,0,0.4994117804818571
113768,0,0.3016766544003879
113769,0,0.09964272695948836
113770,1,0.7647105523848896
113773,1,0.7902447775966462
113775,0,0.20273543902172225
113777,0,0.4207343424972487
113779,0,0.13616162738651008
113781,0,0.24775616921316615
113785,0,0.2459902491865844
113787,1,0.6149414351041992
113788,0,0.16484225239405922
113791,0,0.04475811114546811
113792,0,0.16846604833903306
113794,0,0.05821336464961262
113799,0,0.35376544654090525
113801,0,0.5230148897818051
113803,0,0.2500805915406641
113807,0,0.14694656613605556
113808,0,0.4672476958523745
113810,0,0.29437855293617227
113812,0,0.08135745981430392
113813,0,0.1456491023036216
113815,0,0.27829373873935453
113816,1,0.6180205035906841
113817,0,0.36283934648573996
113819,0,0.31738304961994385
113820,0,0.42065347583394336
113822,0,0.11346888709516931
113824,1,0.1900941099806875
113825,0,0.21383385891748277
113826,0,0.6830301731254077
113827,0,0.5045045995680385
113828,0,0.09348854669485186
113831,0,0.5205608012244612
113834,0,0.16476610185771345
113838,0,0.27541569630920226
113839,1,0.243676114465953
113840,0,0.4440612272914608
113841,0,0.513776688989487
113843,1,0.35405406987557453
113844,0,0.3948621928854264
113846,0,0.18232847903198676
113847,0,0.21648368030638349
113849,0,0.06232675911827259
113851,1,0.7263109203042588
113852,1,0.6562167267139808
113854,0,0.6034369018382112
113856,0,0.7980256497036814
113857,1,0.31275191298265836
113859,0,0.3571423373694394
113860,0,0.128456325233352
113862,0,0.2786961688735629
113863,0,0.2688259984200574
113865,0,0.2660324930273726
113866,0,0.16235846823017247
113868,1,0.9214062318738419
113869,0,0.3969642537861294
113870,0,0.580371124257723
113871,0,0.5441303362073815
113872,0,0.6968208677336708
113874,0,0.2668293137318249
113881,0,0.4897644837205439
113888,0,0.27331068237824285
113889,0,0.8256953430951397
113891,0,0.05818250591934519
113893,1,0.5941831193231383
113894,0,0.20589248399850235
113895,0,0.66352922004748
113897,0,0.22303736669316385
113898,1,0.6102904740271102
113899,0,0.43086303487103417
113900,0,0.22524017519123096
113903,0,0.20036298286843443
113904,1,0.6883395729492734
113906,0,0.13292976830002476
113907,0,0.2727484138224415
113910,0,0.2206401482409411
113912,0,0.7096397133201842
113914,0,0.08706884943191176
113915,0,0.5012589956437024
113917,0,0.23632479335580756
113921,0,0.34572725033360985
113922,0,0.5108563338715387
113925,0,0.08264747112337471
113926,0,0.6618998271931954
113928,0,0.05406003228180641
113930,0,0.11252659561200887
113934,0,0.3319765350713447
113936,0,0.6502066068551061
113938,1,0.3991477499405506
113943,0,0.4661575727866715
113944,0,0.5955399210969575
113945,0,0.38889847630371477
113946,0,0.352492552352949
113947,0,0.08712383694840073
113951,0,0.48863666589891286
113953,0,0.08814238480808201
113954,0,0.3326094762901649
113957,0,0.24537747158814494
113958,0,0.351835273060046
113965,0,0.3806474420278634
113967,0,0.24052608151527158
113968,0,0.22743715382765411
113971,0,0.46016498770532055
113972,0,0.29740867701418094
113973,0,0.6033977944621951
113976,0,0.4815660583063714
113977,0,0.22007155692395694
113978,0,0.38895227654670855
113979,0,0.09258788223786162
113980,0,0.12396463356652779
113982,0,0.5927122325415992
113983,0,0.24371522682567903
113986,0,0.7107265048020627
113987,0,0.1033553827372287
113992,1,0.8038038943380851
113994,0,0.18441176124305633
113998,0,0.2304592058437851
114001,0,0.1603841208938183
114005,0,0.13373517980852112
114008,1,0.5818503821591945
114015,0,0.4968958739583197
114017,0,0.6647874381903993
114019,0,0.2867344295179384
114021,0,0.5047106863055852
114023,1,0.8999224055752585
114027,0,0.3910723265503352
114028,0,0.41383739510296974
114030,0,0.061184818730405266
114032,0,0.44145140314028203
114034,0,0.7257827077133889
114035,0,0.28197018533233437
114036,0,0.6100472796727555
114037,0,0.15823136079610073
114038,0,0.4812027965873244
114039,0,0.6392240076080766
114040,0,0.8370287249128954
114042,1,0.5122487529084309
114043,0,0.6518270500093892
114045,0,0.6503384038595781
114046,0,0.20874176017190776
114048,0,0.08352360563957857
114049,0,0.7255032762036062
114052,0,0.2838440764376699
114053,0,0.23371761383949266
114054,0,0.698156411011234
114056,0,0.29317173573285105
114057,0,0.181809744824587
114058,0,0.6286669801409371
114059,0,0.3801959961361267
114060,0,0.15373840741142994
114062,0,0.4179257321737636
114067,0,0.2744094166016514
114068,0,0.06205905787489373
114069,0,0.4859627926685791
114071,0,0.43566773682090804
114074,0,0.1992924832392105
114075,0,0.054300721806665966
114078,0,0.055247567565557695
114081,0,0.8081302048317569
114082,0,0.23876426788049426
114083,0,0.3933636022586782
114087,0,0.37463903946737825
114092,0,0.17233830634753744
114093,0,0.1398965554553829
114096,0,0.4168819202220638
114098,0,0.1709918510870549
114101,0,0.18124967037930612
114103,0,0.29348039099009704
114105,0,0.5718466620800472
114106,0,0.5596527491368153
114108,0,0.2029816652617138
114110,0,0.15006589387865868
114111,0,0.52413322091803
114112,0,0.12904875039230496
114114,0,0.3200168684165341
114116,0,0.11751677996533379
114117,0,0.1520546525997017
114118,0,0.7278627761452974
114122,0,0.34379255101432316
114123,0,0.3912669858001094
114124,0,0.17114826303676375
114125,0,0.48874034255127985
114128,0,0.6700148276892428
114130,0,0.2736456628316203
114133,0,0.4477024982877332
114135,0,0.06075099591944703
114136,0,0.25706018010922677
114141,0,0.22950254004610837
114143,0,0.2394010726977763
114145,0,0.23165760734141969
114147,0,0.1385539846605202
114148,0,0.5747454247908614
114153,0,0.21054362955272826
114157,0,0.15695527765291373
114159,0,0.35113304629939923
114161,0,0.6924374082868828
114162,0,0.7333504012140963
114163,0,0.38863569276148724
114165,0,0.45534271897636225
114167,0,0.061666648719950104
114168,0,0.635958033912532
114169,0,0.2643932058177797
114172,0,0.4931594303958519
114173,0,0.32705775707563783
114178,0,0.434885674453054
114179,0,0.7670637832249497
114181,0,0.6655745346242539
114182,0,0.28513310104326794
114183,0,0.052552530814020795
114184,1,0.30865897202112347
114185,0,0.21937210710195246
114186,0,0.4216519602860937
114188,0,0.14652617484642835
114189,0,0.6068384361928665
114194,0,0.3900804558628607
114195,0,0.07395505495768595
114196,0,0.24565403220179913
114199,0,0.22104204679984568
114203,0,0.19376165072601664
114211,0,0.12619956179037425
114212,0,0.1853413695275703
114213,0,0.597642683932577
114219,1,0.21262648375605564
114220,0,0.11410853523396906
114222,0,0.07046694519330368
114227,0,0.0370704716963263
114228,1,0.34644120935010525
114229,1,0.7731183013836792
114231,0,0.17172965776668137
114235,1,0.7792477066413266
114236,0,0.6776695505363421
114237,0,0.2711300820861933
114239,0,0.38979576071453026
114240,0,0.38833862201582114
114243,0,0.3999482417063192
114244,0,0.17793782022151333
114246,0,0.12138198467363484
114247,0,0.60951423349783
114248,0,0.4857493228047375
114251,0,0.5939850490285524
114254,0,0.1591347580455275
114257,0,0.22054184877125396
114259,0,0.28638319595610906
114260,0,0.12284704860153237
114261,0,0.5924216719842783
114268,0,0.5830126334858214
114269,0,0.4893634010569789
114272,0,0.11472348065684027
114273,0,0.2816067303563264
114274,0,0.5044258223088389
114276,0,0.21092598493817422
114279,1,0.518171934337239
114280,1,0.4788435855463697
114287,0,0.10691506937600252
114291,1,0.25033274594365035
114293,0,0.41337342238567
114294,0,0.34066853703821093
114297,0,0.413710901597497
114298,0,0.22491739443901718
114299,0,0.6372836481212907
114300,0,0.28857110088242405
114303,0,0.09595926109107411
114305,1,0.5746789181978784
114306,0,0.15551227462919495
114307,0,0.37729314942771636
114311,0,0.4420391222293766
114312,0,0.08093466373418985
114314,0,0.5850060281824853
114319,0,0.05640935597561024
114320,0,0.6481529865517942
114323,0,0.3089988903218906
114324,0,0.39301012363114585
114327,0,0.451585220233709
114329,0,0.18600341097945197
114331,0,0.2546806438847223
114332,0,0.3544366377720377
114333,0,0.09533173213665161
114334,0,0.1507439435844442
114336,0,0.38634764829559637
114337,0,0.5041622780278726
114338,0,0.06412243268969484
114339,0,0.1185157047056143
114340,0,0.5039631654617921
114342,0,0.059441744730451586
114343,0,0.10424927692207056
114345,0,0.23391245637188907
114346,0,0.31445943448896335
114349,0,0.22415058519732076
114351,0,0.6426497634467625
114352,0,0.16974414956025907
114353,0,0.38101194949543005
114354,0,0.5418432438897022
114355,0,0.08961562937481203
114357,0,0.23405328642066908
114361,0,0.6742433322588249
114363,0,0.596505401185663
114364,0,0.3382697056083631
114366,0,0.3151301393419863
114369,0,0.7744506849384474
114371,0,0.47465293661714386
114372,0,0.15485975352263942
114374,0,0.08963151906971237
114375,0,0.8104075220940878
114376,0,0.09650728673707483
114377,0,0.05832980636348646
114379,0,0.067263871176336
114380,0,0.2966669492394344
114383,0,0.6500015827980721
114386,0,0.6813040631184787
114387,0,0.1251503056130338
114388,0,0.11925831334071817
114389,1,0.7022236199694141
114393,0,0.16194331853687832
114396,0,0.2257445759501462
114403,1,0.7437468894125706
114404,0,0.353362314845262
114405,0,0.12284735536464098
114406,0,0.7437059125199649
114407,0,0.48644164120094224
114409,0,0.19133663806895476
114410,1,0.5409741514957325
114412,0,0.059321565035290416
114413,0,0.18132422453180458
114414,0,0.4913790289401
114415,0,0.272362861532745
114417,0,0.6401906945589266
114419,1,0.5575199526550887
114420,0,0.26852908227118644
114422,1,0.620539593470426
114423,0,0.45767763304377923
114425,1,0.4009050150723036
114427,0,0.2729415744040581
114430,0,0.04504088561697069
114431,0,0.18730419701883103
114438,0,0.2581144730434442
114444,0,0.7352805379486487
114445,0,0.33315568111903227
114446,1,0.21578831991003233
114448,0,0.07569411243725037
114449,0,0.28681954214893435
114450,0,0.7124888409336276
114452,0,0.18314667797380885
114453,0,0.09521154055030742
114456,1,0.5873327151860307
114458,0,0.11943483792644896
114461,0,0.6677297341004002
114462,0,0.6304485656910264
114463,0,0.6713816045838656
114466,0,0.12968562171111517
114467,0,0.17968915379506
114470,0,0.14346289069448132
114472,1,0.5718732070506951
114473,0,0.26933061951968024
114475,0,0.21194953358540713
114478,0,0.06790194715957727
114481,0,0.39305812314343014
114483,0,0.658660660336363
114486,0,0.5398869107857778
114487,0,0.47201469141408514
114490,0,0.32413212740250824
114491,0,0.6165293656890919
114493,0,0.4232509165227195
114497,1,0.5136073446056832
114498,0,0.15364594427533262
114499,0,0.3822555298386786
114500,0,0.3707128239565061
114505,0,0.05923146320150639
114507,0,0.4834174572334568
114510,0,0.565945847308664
114512,0,0.22106618915505832
114514,0,0.23029032278882874
114515,0,0.5121543545638703
114517,0,0.3786939462059992
114519,0,0.29969114173682476
114520,0,0.5925897162097554
114521,0,0.10290160583803672
114523,0,0.09900271511000983
114527,0,0.18261042665932267
114529,0,0.5247747309187453
114530,0,0.0970472866556921
114532,1,0.6070238717345303
114533,0,0.06653071398372429
114534,0,0.7742131143152763
114535,0,0.4001847688550583
114536,0,0.06018240770226089
114538,0,0.05245957856334225
114539,0,0.2516758527658295
114540,0,0.850324058027488
114542,0,0.06774808133360045
114543,0,0.28283702841424213
114545,0,0.7420989125214461
114547,0,0.6609534991445853
114548,0,0.401429794210643
114554,0,0.6653279444613549
114555,0,0.061226318796508264
114557,0,0.10185358261341951
114559,0,0.03528582412255702
114560,0,0.22655716928247185
114573,0,0.20475203808684742
114576,0,0.06701231752244798
114578,0,0.09157829488360775
114579,0,0.6417897956209164
114585,0,0.47102048089740806
114586,0,0.6941230963745632
114589,0,0.6123536552718416
114594,0,0.13710771672036187
114595,0,0.14855724889889738
114602,0,0.04833730343775231
114607,0,0.19642275152922606
114608,0,0.5043277194842593
114610,0,0.15753808471524294
114611,0,0.1479896252025674
114612,0,0.06278484337902612
114614,0,0.5653301036076034
114615,0,0.12787512930661288
114616,0,0.508944696236513
114619,0,0.3516519293318958
114620,0,0.33775502900020943
114621,0,0.1971274765673934
114622,0,0.47588957633442125
114624,0,0.36961839053552337
114631,0,0.07369492068182938
114632,0,0.8497497290358453
114633,0,0.09474989736220647
114637,1,0.7330735617938411
114638,1,0.8269284804767952
114641,0,0.05925813740858736
114643,0,0.1856504772293933
114645,0,0.3615659736878084
114646,0,0.36041381100237835
114647,0,0.5029515027990717
114650,0,0.5675677017212655
114651,0,0.5236218220227522
114652,0,0.3170788006304307
114653,0,0.5206365164858241
114657,0,0.29043009112547585
114658,0,0.33689146776437645
114659,0,0.08158873781490515
114660,0,0.058146493304845816
114661,1,0.5352741807480565
114663,0,0.38123944565189116
114664,0,0.3711962967912751
114671,0,0.4016658865783497
114672,0,0.11881182078907596
114673,0,0.3930999754186064
114677,0,0.7917057514754274
114680,0,0.4740542744246767
114681,0,0.7055559751549032
114682,0,0.3155099069349624
114686,0,0.716285619484396
114687,0,0.2447826203485751
114688,0,0.04895701986217536
114690,0,0.054793735736121785
114692,0,0.7057195113716082
114693,1,0.5988817933827567
114695,0,0.04428847155697215
114698,0,0.42198874497942285
114699,0,0.44624685051948676
114700,0,0.48770402143912284
114701,0,0.15791669054348287
114703,0,0.4883349389375313
114705,0,0.3957748313171921
114707,0,0.4424860998685231
114708,0,0.5109596051938639
114709,0,0.055537896489951236
114712,1,0.9366801416101985
114718,0,0.09547984174263209
114723,0,0.05514165766278979
114724,0,0.3924666705740613
114728,0,0.09242964888110647
114729,0,0.20841641030875055
114731,0,0.24886352760262342
114734,1,0.76225424231891
114735,0,0.6333553358291077
114738,0,0.5126912193791274
114739,0,0.6176563524427175
114740,0,0.5790227624765281
114741,1,0.8138632381330403
114744,0,0.23198193086470237
114745,0,0.5316676298977214
114746,0,0.08706872926314836
114747,0,0.1282140672641696
114756,0,0.09165838565885225
114757,0,0.4283629677732502
114759,0,0.04876195082143673
114762,0,0.11544282714431531
114765,0,0.442267596371691
114769,0,0.13697380603853837
114772,0,0.04463760714243585
114774,0,0.6227164913978527
114775,0,0.054506899491026925
114782,0,0.05279893358760723
114785,1,0.5821836953536887
114789,0,0.667563754339261
114790,0,0.7639507392958313
114791,0,0.8574621669406035
114793,0,0.1485611497152564
114795,1,0.42052096562303926
114797,0,0.4871511045706606
114798,0,0.14462526795599245
114799,0,0.681197291655395
114801,1,0.863725379329557
114802,0,0.47194974271100565
114803,0,0.0931649050865744
114806,0,0.05274413464331723
114807,0,0.18875383719684033
114808,0,0.1062665779028725
114809,0,0.0533598292942432
114811,0,0.2650616702417801
114818,0,0.24429484344344013
114819,0,0.0696327776206613
114821,0,0.2901654470828696
114822,0,0.7369784921736285
114825,0,0.17814549018554302
114826,0,0.3868467516702129
114828,0,0.4675720367841755
114831,0,0.7928593014993366
114834,0,0.24305716844275843
114835,0,0.14922064459235357
114838,0,0.5981323182874271
114841,0,0.6577011625581523
114842,0,0.28978145720368803
114843,0,0.5565510192235381
114846,0,0.6886337420741084
114848,0,0.13974734161994415
114849,0,0.7905335800362912
114850,0,0.21842853403768245
114851,0,0.08588150002348434
114852,0,0.3700017450915662
114853,0,0.7198939335946749
114859,0,0.5737299847305892
114861,0,0.41574993553963563
114862,1,0.6605400433177374
114863,0,0.4167908806247434
114864,0,0.39597422466890014
114865,0,0.19025698623778609
114868,0,0.07697803010642733
114870,0,0.13641280820313392
114871,0,0.6586284414833858
114872,0,0.27388990958604953
114877,0,0.4444153774874355
114879,0,0.3751456111024497
114883,0,0.310939989895258
114886,0,0.20476001388064394
114889,0,0.46868555195340633
114890,0,0.08757212532556967
114893,0,0.2505667575739021
114894,0,0.314910357916483
114895,0,0.229877053274179
114897,0,0.39339864600338
114898,0,0.5164248631218196
114901,0,0.1600872473489679
114902,0,0.5767681282735171
114903,0,0.5058323864066979
114905,0,0.14772185868872048
114906,0,0.11135767851047795
114907,0,0.6051683375307305
114908,1,0.7964505185454027
114910,0,0.0658418476070476
114911,0,0.08146464057522373
114912,0,0.1109228614748701
114913,0,0.23642303598930595
114915,0,0.08797274641834692
114916,0,0.12619754979320655
114917,0,0.3513738389834628
114919,0,0.7344581585683085
114922,0,0.5783186317832266
114924,0,0.3897500269790002
114925,0,0.21740370790345415
114926,1,0.35377162666677175
114927,0,0.18754679859403064
114928,0,0.15540062081388512
114929,0,0.07902889728138676
114931,0,0.2109907932393696
114932,0,0.10456449064049489
114933,0,0.1113749409117522
114934,0,0.2836277006889234
114935,0,0.13953798497412392
114937,1,0.7201954062073075
114940,0,0.21449801949592592
114941,1,0.7850886366728638
114942,0,0.1591468906914726
114943,0,0.6066539454630315
114944,0,0.779152018199874
114953,0,0.11894832265466145
114954,0,0.047044759112154846
114955,0,0.7206175794108558
114958,1,0.7910549965664322
114961,0,0.2398947629696508
114962,0,0.7115715915239245
114963,0,0.504245604221688
114965,0,0.25793520094532607
114966,0,0.11632800828601723
114968,0,0.17880118795699934
114970,0,0.591242510733339
114973,0,0.4054669681610609
114978,0,0.08572511617659385
114979,0,0.6103195869666502
114982,0,0.7620433333990781
114984,0,0.10541883318308229
114985,1,0.4321252098732161
114986,1,0.8934567733832235
114988,0,0.3250054816470129
114989,0,0.6665032053728324
114993,0,0.6480955331071512
114994,0,0.20438521937897808
114995,0,0.30041895194801516
114996,0,0.21347925795508713
114997,0,0.10507408012020343
114998,1,0.38627683691783166
115003,0,0.17958263510796207
115004,0,0.060239247318632616
115005,0,0.30154317120673896
115006,0,0.07898612280222919
115007,0,0.39569169172208046
115012,0,0.41055278991844696
115013,0,0.13509021952225253
115015,0,0.3821187942834555
115018,0,0.33284120853878985
115021,0,0.5792205345791973
115023,0,0.10608238482565269
115028,0,0.42747241386170554
115030,0,0.36176968212974414
115034,0,0.2950960883802852
115035,0,0.3099680673352866
115036,0,0.1138809455176045
115037,0,0.12078255871461159
115042,0,0.7371601414660505
115044,0,0.11349720779226266
115045,0,0.185867238698827
115046,0,0.43788239300962495
115047,0,0.24039679342181683
115051,0,0.6557176420526792
115052,0,0.19725389913064512
115053,0,0.06506304120114537
115055,0,0.05245612688495431
115056,0,0.19051471313464388
115057,0,0.8204366732201054
115058,0,0.5810517338005116
115060,0,0.784580815227504
115063,0,0.602926822955608
115065,0,0.06656500895398416
115066,0,0.5123740936597184
115069,0,0.0578984114347776
115070,0,0.09748961431423739
115074,0,0.5199416228969967
115077,0,0.2645939673535515
115081,0,0.34384101282649604
115082,0,0.17613788120801172
115083,0,0.22829578889292135
115085,0,0.47847024309711184
115088,0,0.04578857508173742
115089,0,0.19963584699967107
115090,1,0.5987136640248929
115091,0,0.46800351636805865
115094,0,0.19806200293103865
115095,0,0.4498077087900311
115096,1,0.6931111077123562
115097,0,0.274273660043333
115099,0,0.14090565301310196
115100,0,0.6387332765660689
115110,1,0.15244484503003936
115120,1,0.8226611283169664
115122,0,0.06660545238086082
115123,0,0.2697673756416711
115126,0,0.3634317041693326
115127,0,0.37206315661351985
115129,0,0.38552851620509937
115130,0,0.032672296112174926
115133,0,0.2564174354135484
115138,0,0.8179053481457741
115140,0,0.3756408409971045
115141,0,0.07438597504856174
115142,0,0.4573853386150725
115143,0,0.7060625342175955
115144,0,0.18688029476600118
115146,0,0.6938871713650391
115147,0,0.2093457964680144
115150,0,0.19348493307269768
115151,1,0.8330735933247739
115154,0,0.5149158021383357
115155,0,0.05391509968137751
115156,0,0.26614919993781927
115159,0,0.6123591963018136
115160,1,0.4323243354714372
115161,0,0.41104019169837896
115164,1,0.7547538335710009
115171,0,0.5738020691960207
115173,0,0.5487692419030326
115181,0,0.21822999089180728
115185,0,0.49688857350977844
115186,0,0.04793636951633819
115187,0,0.5182158416287401
115188,0,0.14577986639375468
115189,0,0.4883704744317038
115190,0,0.704157606145621
115191,0,0.04763717148576968
115192,0,0.4272024014222205
115193,0,0.1447719704333757
115201,0,0.38197897610269
115202,0,0.3980915701531534
115203,0,0.5273320328425994
115205,0,0.07483373216112096
115206,0,0.49727626594213864
115210,0,0.7585266736570926
115212,0,0.44986918086452743
115213,0,0.29898559448714923
115215,0,0.4553115221740107
115217,0,0.4171653036805759
115218,0,0.5153765027034674
115219,0,0.11446518868205298
115220,0,0.17444886084538397
115225,0,0.31293182988707313
115226,0,0.5068726175924381
115229,0,0.11194532212258271
115230,0,0.16878132023043207
115231,0,0.6600327038436979
115232,1,0.5995430895318783
115235,0,0.13219777547515618
115236,0,0.5326977622956046
115238,0,0.16413919053297527
115240,0,0.48178140734154135
115242,1,0.7949833103891936
115243,0,0.3083119794107911
115244,0,0.11108313831746566
115245,0,0.048417702595501065
115247,0,0.4604763411748066
115249,0,0.5773802478412801
115250,0,0.18959192912270909
115253,0,0.7680604592900003
115254,0,0.5665629220731168
115255,0,0.1295345799164642
115257,0,0.055755178374868965
115258,0,0.07721682698907957
115260,0,0.12437229256380615
115261,0,0.3278604593878908
115262,1,0.33067404937575895
115263,0,0.5063981771560447
115266,0,0.4433128070755825
115269,0,0.5309011495625818
115270,0,0.2558242825111702
115273,0,0.6315466272236103
115276,0,0.07844327924873355
115279,1,0.8354127752465157
115280,0,0.06992919853833367
115281,0,0.5787234251512159
115283,0,0.19074300890228413
115284,0,0.11127833493548807
115287,0,0.4885795798421701
115288,1,0.7439006983296024
115289,0,0.0471165966430228
115290,0,0.233379963329514
115292,0,0.5927997453005338
115294,0,0.05405206155238873
115295,0,0.5593659521296892
115299,0,0.10369928206586747
115300,0,0.13520171382791504
115304,0,0.3255176907484195
115305,0,0.35873597734725005
115307,0,0.10895303117070751
115308,0,0.20085207322950205
115309,0,0.4857674938145671
115310,0,0.29262001025364426
115316,0,0.17655700351513057
115317,0,0.15552005819556405
115323,0,0.056173620769680646
115325,0,0.1060775272517966
115326,0,0.13082485515029027
115328,0,0.33233593584218085
115331,0,0.3999177145773178
115332,0,0.18109212394321275
115333,0,0.1672376788908536
115334,0,0.3242201167707594
115335,0,0.11778857265778261
115337,0,0.5147107844618162
115338,0,0.11294219406199021
115342,0,0.14319297226222186
115346,0,0.15124616850482614
115350,0,0.13484178476799918
115355,0,0.1273758380972488
115358,0,0.3724296751945797
115359,0,0.05382053416411844
115362,0,0.23448282725163425
115363,0,0.13982583597212334
115365,0,0.06541991617292597
115371,0,0.2654214958235908
115374,0,0.09774310234904403
115375,0,0.07345664827951157
115376,0,0.40890601642519797
115379,0,0.656376879263305
115380,0,0.35333030807205895
115382,0,0.14230390600149875
115383,0,0.5518101582144185
115386,0,0.7709258648869406
115387,0,0.25099659219019493
115390,0,0.05985050647236658
115393,0,0.34208656576539476
115394,0,0.5542770772181644
115395,1,0.5669649636522764
115396,0,0.6153592684038418
115398,0,0.7970858638469853
115401,1,0.1765891606952318
115402,0,0.3618386352478355
115406,0,0.051160640997645744
115407,0,0.4193468987004927
115409,0,0.6129764514641557
115410,0,0.04293266880801932
115411,0,0.15725405163617068
115416,0,0.31317231150257097
115417,1,0.6714429502479303
115418,0,0.11537098606375709
115421,0,0.41882151299648296
115423,0,0.07350589933527477
115426,0,0.32488826692715994
115428,0,0.4612353761762484
115432,0,0.11122995580971037
115435,0,0.1422844512948817
115437,0,0.5060085297710918
115438,0,0.13899738388758115
115440,0,0.5679751981025776
115441,0,0.22479036287544013
115442,0,0.261564260920358
115443,0,0.27601809930187265
115444,0,0.7005423486928734
115445,0,0.6057464888297812
115446,0,0.37128445988341285
115447,0,0.09596043777106585
115450,0,0.10443953069257142
115455,0,0.06633622093987981
115458,0,0.454983146281381
115459,0,0.4890169191389682
115465,0,0.29076371682258023
115466,0,0.21832611257581905
115467,0,0.08678122569729832
115469,1,0.8104747951523464
115470,0,0.2605986044353761
115471,0,0.05654255121348264
115472,0,0.14538409392495694
115474,0,0.27992527137280065
115478,0,0.5570889516023283
115479,0,0.15089759666163932
115480,1,0.7963340094020064
115485,0,0.14886266446914329
115487,0,0.1449638009217296
115489,0,0.49919251749731564
115490,0,0.5120768250112929
115493,0,0.5013971117042896
115494,0,0.5630202090006414
115495,1,0.6055337601810123
115498,0,0.4039249797164414
115499,0,0.05303594759273296
115501,0,0.24624309886648268
115503,0,0.676637652126356
115504,0,0.7084083095205194
115506,0,0.15585413866291886
115509,0,0.17283376227484676
115510,0,0.07867747866347279
115511,0,0.3553707860659557
115512,0,0.11192638078568051
115514,0,0.2818272523543267
115518,0,0.4274782415459919
115520,0,0.04990802634987095
115521,0,0.26077204122466124
115524,0,0.3969416960044406
115526,0,0.6013937462171648
115530,0,0.13636386028525896
115531,0,0.8360722986063586
115532,1,0.8664616733846009
115538,0,0.2583174902002
115539,0,0.408259803623959
115542,1,0.41868394417208143
115544,0,0.05368513137573202
115545,0,0.04921777342780359
115546,0,0.3548563307917852
115547,1,0.7581624664742584
115550,0,0.2061728393927571
115551,0,0.07358947375651365
115558,0,0.432203423909836
115560,1,0.38360964130307523
115563,0,0.05970001463503123
115569,0,0.6267048611079442
115573,1,0.6301018266629939
115574,0,0.1707061518152539
115575,0,0.47495083736777877
115577,0,0.3697688874303482
115578,0,0.10256094888785876
115579,1,0.6182581469639202
115580,0,0.46842749052682375
115581,0,0.6499104320254598
115583,0,0.75421166704747
115584,0,0.07674016180973094
115585,0,0.6212909246678405
115586,0,0.11350789504576149
115587,0,0.20358882326735522
115588,0,0.3013360670186529
115590,0,0.1812415620698627
115591,0,0.21657644098966497
115592,0,0.3083358925419727
115596,0,0.13271554765995452
115598,0,0.16365176301091586
115599,0,0.19725168568319376
115600,0,0.6847481865329305
115601,0,0.0970907122748769
115603,0,0.1751225611278826
115604,0,0.5330683748908519
115605,0,0.7767586172935808
115608,0,0.13467125918775152
115609,0,0.06273998704403225
115611,0,0.47893277472062384
115613,0,0.3272014455832538
115614,0,0.05123727370959119
115615,0,0.07096675029021464
115617,1,0.3373041955441945
115621,0,0.08199330194059098
115624,0,0.3840047450105467
115629,0,0.3148249958653428
115632,0,0.854342730489108
115634,0,0.20598422495708596
115636,0,0.2947835585375512
115639,0,0.3571370471215711
115643,0,0.2867347286712118
115644,1,0.593726348217233
115645,0,0.0624967237217323
115646,0,0.6798451710678954
115647,0,0.5508411983228305
115649,1,0.5723538549536898
115651,0,0.2296859094452039
115656,0,0.5963904688996171
115657,0,0.5221071536194544
115661,0,0.5486740622554424
115662,0,0.2565333658891452
115663,0,0.35017650216517177
115666,1,0.8192991875841548
115668,1,0.6583968720001027
115669,1,0.772577691645665
115670,0,0.5143160554620592
115671,0,0.4171371683730172
115673,0,0.052118075119653016
115674,0,0.7580436441083613
115676,0,0.3167246442159496
115677,0,0.14162137152613244
115678,0,0.2995292545134407
115680,0,0.3006209765015579
115683,0,0.13205192487578307
115686,1,0.826957225437517
115687,0,0.08390154659368275
115692,0,0.2845705609342819
115698,0,0.3604063378827145
115701,0,0.31587531171001604
115705,0,0.3080320489411298
115710,0,0.30919123664895676
115711,0,0.2726285044220911
115714,0,0.43730403547011987
115715,0,0.418657383719707
115724,0,0.17349932036817567
115727,0,0.7606725515149659
115728,0,0.046776052811962565
115731,0,0.09436480601776978
115732,0,0.7374809551367443
115736,0,0.48242970258333157
115739,0,0.5986570726710948
115740,0,0.46676562258208565
115741,0,0.11490997065808894
115743,0,0.19679159501358354
115744,0,0.44724793072672364
115746,1,0.43125078483756224
115747,0,0.41941091512203643
115749,1,0.40369230017862
115750,0,0.11179917099395402
115751,0,0.4300799061963647
115752,0,0.41900207184436067
115754,0,0.3080584312157793
115756,0,0.14212571018017622
115757,0,0.6151833377937026
115759,0,0.14642151529246905
115764,0,0.0727594999133159
115766,0,0.12038841158471794
115767,0,0.1415352925002568
115770,0,0.5295496650131706
115772,0,0.09865750242669236
115776,0,0.09957223149992675
115780,0,0.09928734571671685
115782,0,0.20361199123302462
115785,0,0.06940395091641677
115788,0,0.2065026612765996
115791,0,0.3426347329397806
115792,0,0.12860949583271736
115793,0,0.4690975708697403
115796,0,0.4183819283829811
115800,0,0.5162386177446557
115801,0,0.1361999319639575
115802,0,0.3567993660170746
115803,0,0.38513548182389556
115804,0,0.2509332511508294
115805,0,0.11294027706389738
115806,0,0.06432458875995628
115807,0,0.6107136852806633
115808,0,0.5968710880760567
115809,0,0.5999214485040565
115813,0,0.15640784734835306
115814,1,0.17226787207809957
115815,0,0.4946277948490952
115816,0,0.5399546442004735
115818,0,0.5545913152635075
115820,0,0.3148104027771722
115822,0,0.31410103671304757
115827,0,0.4613529047415934
115829,0,0.11967375976112979
115831,0,0.09209281222774526
115833,0,0.20231923058139914
115834,1,0.6837186260154143
115842,0,0.7141452383890369
115843,0,0.36942269796870086
115844,0,0.2499692366389878
115846,0,0.5539349443494462
115848,0,0.5220742636490294
115850,0,0.779969672250522
115851,0,0.17341696117014518
115853,0,0.08280179189602185
115854,0,0.1420704980929895
115856,0,0.45189101090619604
115858,0,0.6841542959805234
115859,0,0.2485247608469415
115860,0,0.16790635864169653
115861,0,0.5020494750813513
115862,0,0.11359257179735967
115864,0,0.14084119204826973
115867,0,0.6497420600442665
115868,0,0.462686156462689
115874,0,0.4907027244818788
115875,0,0.6481966002989548
115876,0,0.6342284661379111
115878,0,0.07774870630374744
115879,0,0.12182691846063347
115880,0,0.12289972666754823
115882,0,0.16024370227662507
115883,0,0.13117514306412884
115885,0,0.7123233950404166
115886,0,0.2400339250525234
115887,0,0.3314961616214681
115888,0,0.3685498077990274
115889,0,0.4136508010812596
115891,0,0.2904472829328448
115895,0,0.5569127218885185
115898,0,0.5507076760277915
115904,0,0.2887015765331642
115907,0,0.3330055580952343
115908,0,0.36442319313988536
115909,0,0.7918948900027447
115912,0,0.21024079078276664
115913,0,0.15144603658247463
115914,0,0.4832931509806773
115915,0,0.08823945784859635
115917,1,0.42784416895915145
115923,0,0.09576912388498603
115926,0,0.6566531736695278
115928,0,0.33635941614174275
115929,0,0.06732654762187278
115934,0,0.21961781871558178
115935,1,0.7998406423155198
115936,0,0.28289466399620955
115939,0,0.7866596409961286
115942,0,0.6920010001302752
115943,0,0.3167857341537651
115950,0,0.5885338332506362
115951,0,0.10244134085518561
115953,1,0.941178174412248
115955,1,0.7732393476663946
115957,0,0.2496384614015863
115958,0,0.475606038734426
115959,0,0.18855424614029065
115961,0,0.6161391023492937
115963,0,0.35868783735733983
115965,0,0.4172334809120227
115968,0,0.24186672990868172
115969,0,0.7375578091649351
115972,0,0.6357994975404927
115976,0,0.0587857172724862
115978,0,0.41158975572437806
115983,0,0.28176486094219316
115985,1,0.5682504359165766
115986,0,0.7103599845034916
115988,0,0.37898178574252694
115989,0,0.28355549610739417
115990,0,0.09753802702785692
115993,0,0.43585484043135664
115994,0,0.5273040722854146
115995,1,0.7498866124069764
115996,0,0.8805139958811179
115998,0,0.059861763130271826
115999,0,0.2837185332250931
116000,0,0.3515212714785612
116001,0,0.18075569320788715
116002,0,0.11810176153430281
116003,0,0.06769848898475742
116004,0,0.09002767166258183
116005,1,0.6031089255796402
116008,1,0.5853554460474129
116009,0,0.3356906853100459
116010,1,0.5943254558780255
116012,0,0.33908383649352314
116013,0,0.7001068825137087
116014,0,0.09439283137391168
116018,0,0.5037960037836411
116019,0,0.35806067703491495
116021,0,0.28465595135873334
116022,0,0.4060287525627798
116026,0,0.09719355860929417
116027,0,0.5210623528765301
116028,0,0.22804469862883056
116029,0,0.6808796368741716
116030,0,0.4615135939579741
116031,0,0.29886026326668363
116035,0,0.1424578783166893
116036,0,0.42057826581025254
116038,0,0.5382128393431562
116041,1,0.5182917673808086
116042,0,0.2665539223937788
116043,0,0.5238523722166247
116044,0,0.36163314930583995
116045,0,0.09367956544597959
116046,0,0.0899345279933802
116050,0,0.13701213146892824
116052,1,0.8152869874480315
116053,0,0.10802183878940497
116056,0,0.25661721554920564
116057,0,0.3032085922701696
116061,0,0.3033055727606194
116062,0,0.3328899269961636
116065,1,0.7170257206732256
116067,0,0.5287456083786626
116070,0,0.5853825811371037
116071,0,0.06269954280967639
116072,0,0.15134244360740962
116073,0,0.45254057634489786
116074,0,0.04975176434651286
116075,0,0.09943325469339079
116076,0,0.2554765017651396
116077,0,0.3184217565121809
116078,0,0.20544355143096266
116079,0,0.5097091085034189
116084,0,0.1956400218257695
116085,0,0.16061787403904176
116088,0,0.15150019581336152
116089,0,0.1206019439821238
116090,0,0.05389240375030021
116094,0,0.5017086265107317
116097,0,0.5478541364411558
116099,0,0.5918228623454569
116101,0,0.2773058719414613
116103,0,0.4440576569760486
116104,0,0.10178398085814784
116107,0,0.2415709025204614
116109,0,0.7203907403030174
116110,0,0.0341693219711441
116112,0,0.4247433526096394
116113,0,0.15723697692516056
116114,0,0.0775642066921475
116115,0,0.36654071810563565
116116,0,0.586976444588191
116118,0,0.14296231937171036
116120,0,0.47703462766673066
116121,0,0.09494384702234085
116125,0,0.33529511992521976
116127,0,0.6959352189027896
116129,1,0.43369758718214835
116131,0,0.26780607018561375
116133,0,0.07208201677472918
116135,0,0.6206265095289388
116138,0,0.28810040036495616
116140,0,0.7824140268694691
116141,0,0.39635422098694095
116142,0,0.16434673123375457
116144,1,0.8378377885666974
116145,0,0.1280582799454161
116147,0,0.4399912872183994
116148,0,0.6826118971241153
116151,0,0.29062725001272544
116152,0,0.1000243794516654
116153,0,0.1428039256982277
116157,1,0.1460942831139
116160,1,0.8204202538401238
116164,0,0.16836341828462262
116165,0,0.46847016052192114
116166,0,0.3292599945224543
116167,0,0.11567029266051024
116169,0,0.6175424511145089
116171,0,0.0976680077154168
116174,0,0.40087831222007386
116177,0,0.3653135804387159
116178,0,0.13596811805817927
116180,0,0.09961345422604304
116181,0,0.24829205815489058
116182,0,0.12255457048937184
116183,0,0.11645476632789428
116184,0,0.21431518551123227
116186,0,0.10590785494884018
116187,0,0.49666716346988754
116190,0,0.09267523616718579
116196,0,0.8008567342882538
116201,0,0.1160066832411035
116202,0,0.5753860328113498
116203,0,0.7638949283194163
116205,0,0.21826548627738465
116206,0,0.33952527350465245
116207,0,0.4606578369744493
116208,0,0.4964971478183909
116210,0,0.6733646292841098
116211,0,0.638243551840601
116213,1,0.4735034982027878
116216,0,0.5272650666785759
116219,0,0.12709363855058678
116225,1,0.9100612192885359
116226,0,0.1281297571641793
116228,0,0.051321282306016666
116231,0,0.1862399272405634
116235,0,0.17413841074874237
116238,0,0.18732157944446545
116240,1,0.7119221167277807
116241,0,0.7128331431285886
116242,0,0.18304318672181047
116243,0,0.511097080013895
116247,0,0.7534281530859143
116251,0,0.11493139308645554
116254,0,0.5700376885377645
116260,0,0.19403309895376922
116264,0,0.5230607644395096
116267,0,0.2681010072492171
116268,0,0.7290374616343891
116269,0,0.3839593997620379
116270,0,0.3566826442449266
116271,0,0.1873210385854809
116274,0,0.5180168514170136
116276,0,0.5832953865524577
116278,0,0.1851173290407971
116280,1,0.5323137806694532
116281,1,0.5269618686932522
116283,0,0.18760790457614285
116284,0,0.398169612740916
116286,0,0.22655057764676445
116287,0,0.21597747764571257
116290,0,0.07008806488567985
116291,0,0.09628902062395846
116292,0,0.3643521092850473
116293,0,0.0722406293343499
116294,0,0.06828337383363439
116295,0,0.2668315445405197
116296,0,0.13316196933214192
116299,0,0.29602905243855115
116300,0,0.13145433599836204
116302,0,0.1523117624496873
116303,0,0.5912509073366573
116305,0,0.14470667516548658
116306,1,0.8019066847304579
116307,0,0.47980981063140354
116310,0,0.2856257788771124
116313,0,0.5140436159551437
116314,0,0.06740554795490712
116315,0,0.5149886704213614
116319,0,0.6215380893593049
116320,0,0.3611377485091494
116322,0,0.15003954432479968
116325,1,0.7744755278156921
116327,0,0.10653958807706976
116330,0,0.11406842977902887
116335,1,0.5090262608051653
116336,0,0.20921771807017303
116338,0,0.13286784129151036
116339,0,0.7405558329478763
116341,0,0.18067849325238286
116342,0,0.18512387545444597
116344,0,0.3015869619750201
116345,1,0.22796073062456226
116346,0,0.6567590232295482
116347,1,0.8667187960561812
116348,0,0.31252585610571787
116351,0,0.5942008544836275
116352,0,0.1580390018758833
116354,1,0.811524775048054
116355,0,0.06501340376054435
116356,0,0.05033779104644276
116357,0,0.13804404875367537
116360,0,0.1921874540787043
116362,0,0.7908674316266977
116372,1,0.13345311400466545
116373,0,0.4746140907476478
116374,0,0.2772730467550302
116375,1,0.6264653784773117
116376,0,0.6613422981272672
116378,1,0.45542909226570866
116380,0,0.23873798684785577
116381,0,0.5568713636702209
116382,0,0.27068153932852573
116383,0,0.4084024270404786
116384,0,0.3705649196087365
116386,0,0.18354855232991898
116387,0,0.5407733184845697
116389,0,0.9133944342173719
116390,0,0.47291518309935754
116397,0,0.7476646520360133
116398,0,0.06180751056257777
116400,0,0.4316856270363412
116404,0,0.28230499653150876
116405,0,0.3826141943364229
116406,0,0.25942326571570634
116407,0,0.5585144378303654
116410,0,0.14161565037773513
116415,0,0.16255765406689368
116417,0,0.11866871337736547
116420,1,0.5724556884145432
116421,0,0.5188260108022484
116423,0,0.2744278258437595
116424,0,0.16816502905962163
116426,0,0.3156469272150641
116428,0,0.22893151803397171
116430,0,0.2509657358286609
116432,0,0.5185406641488177
116433,0,0.045727925895294286
116434,0,0.04819513887395149
116435,0,0.13895552678124576
116436,0,0.0682326226544621
116437,1,0.9238868192051959
116439,0,0.7570775872227096
116441,0,0.421085886488387
116442,0,0.5727951188677036
116446,0,0.03540378583285977
116447,0,0.5899829304880939
116448,0,0.07306563181880316
116449,0,0.22683805707751933
116451,0,0.11938979813237079
116453,1,0.4928164978733873
116455,0,0.18086333131502624
116456,0,0.2790479418895286
116457,0,0.30949499499312105
116459,0,0.5227298640320024
116461,0,0.46062582100793187
116463,0,0.39417600758604027
116464,0,0.6375600605308189
116467,0,0.29526596696593366
116472,0,0.6428097966105908
116474,0,0.3384713306187488
116475,0,0.11332542759605364
116480,0,0.49731949057445457
116483,0,0.3528792174938018
116485,0,0.2410368274062178
116486,0,0.3880903659476947
116487,0,0.22109717660093064
116488,1,0.6585275954880079
116490,1,0.5732467780162345
116492,0,0.11923767212392851
116493,1,0.33772511463237703
116495,0,0.26747191648312346
116499,0,0.6921112352802397
116500,0,0.6735249384990751
116502,0,0.24645632147864682
116503,0,0.4147272289118787
116505,0,0.33499124096415667
116507,0,0.19137748643318803
116508,0,0.03735478558075437
116509,0,0.46413860093255954
116510,0,0.5696190584754385
116511,0,0.12543939706329485
116515,0,0.12196114244457368
116518,0,0.4835688890302885
116522,0,0.5260519952767916
116526,1,0.6601425470721752
116528,0,0.06931014514107586
116529,0,0.14135481975727598
116532,0,0.08742334320639175
116533,0,0.2696392784912707
116534,0,0.10047715700737599
116537,0,0.10310121920316731
116542,0,0.5901599041808798
116546,0,0.10118837232742091
116547,0,0.1550841517558957
116551,0,0.15921908569549587
116556,0,0.2745594469183906
116557,0,0.4845567043308714
116560,0,0.19073630042170864
116561,0,0.2474955984998664
116562,0,0.8047322881353745
116563,0,0.5818374999959376
116565,0,0.3209060142926124
116569,0,0.28556825799173
116572,0,0.3687558381915594
116574,0,0.3920587581741206
116575,0,0.0327611140843939
116579,0,0.05650170107263728
116580,0,0.2391027233923319
116582,1,0.43006434347993505
116583,0,0.11092607969847748
116587,0,0.515779765296741
116588,0,0.36694561519920393
116589,0,0.6866104282493168
116595,0,0.13439106557893782
116596,0,0.5565588559822485
116598,1,0.8722697701297545
116600,0,0.5254182666087097
116601,0,0.424440952989141
116602,0,0.07126136064099682
116605,0,0.6713334307947936
116607,0,0.255677417558643
116609,0,0.3129899011253885
116610,0,0.1335282789282592
116613,0,0.1634369799647926
116614,0,0.125720255331548
116616,0,0.3819406056591072
116617,0,0.28845545026233654
116620,0,0.6022485921502712
116622,0,0.5171557350938623
116623,0,0.5085552082652713
116625,0,0.23590463832625924
116627,0,0.6687440346731404
116629,0,0.08045034163413847
116631,0,0.1198381556844175
116632,1,0.9169007205675715
116633,0,0.06834702753251111
116634,0,0.5126583866657847
116635,0,0.08272054082807176
116642,0,0.31356275693814434
116643,0,0.5276201785709538
116644,0,0.1533046015054353
116646,0,0.17224667860724457
116649,0,0.21330502941438545
116650,1,0.5908799976115738
116652,0,0.49024323367461464
116654,0,0.49626950585505136
116655,0,0.26428191364065257
116656,0,0.15140386890629803
116657,0,0.09749435307668286
116660,0,0.1938947811768323
116662,0,0.477804256489866
116664,0,0.06173913118520376
116666,1,0.8838824937606551
116667,0,0.4683664147422283
116668,0,0.3615273196164218
116672,0,0.5250056233678903
116673,0,0.7534300287901063
116675,0,0.710889210936674
116677,0,0.28474038795556245
116678,0,0.0662416396435329
116680,0,0.13199955929877444
116684,0,0.2939867235692124
116691,0,0.11478987972371184
116693,0,0.47372236148640334
116694,0,0.15895246554844286
116698,0,0.22832284051633964
116699,0,0.2809765893628631
116700,0,0.5050348650247141
116703,0,0.07702975965842755
116704,0,0.0561974673717555
116705,0,0.07642623409082538
116706,0,0.4080105509963158
116707,0,0.4804797180727015
116709,0,0.4930725423745311
116710,0,0.7580107757011266
116713,0,0.10661126066805537
116716,0,0.3024709527960033
116721,0,0.14287909927035708
116724,1,0.7928907904530723
116725,0,0.24067719112774846
116727,0,0.12299866239393797
116728,0,0.21845380651974122
116730,0,0.41622743110310745
116734,0,0.33420432481684814
116739,0,0.2622890715837129
116741,0,0.8229060578289886
116744,0,0.0562837497475344
116745,0,0.3154584430378752
116747,0,0.16906848060127672
116749,0,0.6676998727318844
116750,0,0.0722623539473159
116756,0,0.8426767033095208
116757,1,0.7822078499415748
116760,0,0.5370914168872802
116761,0,0.06380138432948125
116762,0,0.7068340322998066
116764,0,0.5973422535707573
116766,1,0.33913367796871274
116767,0,0.13474513880879152
116768,0,0.05095529211403793
116769,0,0.13204805733835678
116770,0,0.49089084122792875
116773,0,0.3056845871062098
116776,0,0.5640322664021167
116780,0,0.3649473119911378
116782,0,0.07400895362975586
116783,1,0.8532280289031803
116784,0,0.3080248958923863
116785,0,0.3479410776341775
116786,0,0.3516761116605943
116791,0,0.47231676793914923
116794,1,0.7774882405846585
116796,0,0.04581358793052253
116799,0,0.6914922994354227
116802,1,0.9499183619455881
116806,0,0.3530565138861563
116807,0,0.3126920044068876
116808,0,0.07055826955914583
116809,0,0.38165408260936823
116810,0,0.07846699921040456
116812,0,0.07153720697850721
116813,0,0.16036938852632138
116814,0,0.5150723081098627
116816,0,0.4023884162360763
116819,0,0.6197908501781482
116820,0,0.0922376966162067
116822,0,0.06486055928767219
116823,0,0.22284732575602031
116824,0,0.28997204970302437
116826,0,0.5885843570748329
116831,0,0.1935960261994646
116833,0,0.1051186651754242
116834,0,0.36828168162593733
116836,0,0.32572752656899445
116843,0,0.040887492502633835
116844,0,0.05106323664686696
116846,0,0.2936268889180105
116847,0,0.40175794449071667
116850,0,0.41968444306559033
116855,1,0.5213701855338819
116857,0,0.28888479143313367
116858,1,0.24302875870827084
116859,1,0.6529768022403181
116861,0,0.18213625817881046
116864,0,0.728930600141428
116865,0,0.3007255317946143
116867,0,0.14148845796669046
116869,0,0.26509080677620794
116871,0,0.1112766466104393
116873,0,0.1335737242809018
116874,0,0.11891968395245985
116881,0,0.17817170788300535
116884,0,0.4762649774026128
116886,0,0.037568704573576486
116888,0,0.1093852022928328
116889,0,0.8296128392924155
116890,0,0.41871209382989205
116892,0,0.7013170326346033
116893,0,0.11256654878873537
116894,0,0.5961783260554558
116895,0,0.4568177661233938
116896,0,0.13681462417496948
116898,0,0.44343587142455404
116899,0,0.6291666746277604
116900,0,0.6849985627230029
116901,0,0.24585716029385313
116904,0,0.6659118012485934
116906,1,0.4128781075089485
116907,0,0.49785035376493436
116911,1,0.6184594464012199
116913,0,0.3455629744967009
116914,0,0.08097698829527289
116915,0,0.3113745896204639
116916,0,0.6763135057654606
116917,0,0.5664251222608296
116920,1,0.6966876837991426
116923,0,0.47226539338904566
116928,0,0.3645401070499693
116929,0,0.1211819673993844
116931,0,0.20124155642277808
116932,0,0.08354870759665507
116935,0,0.10145316789233746
116940,0,0.09764886838327218
116941,0,0.06435449793996684
116943,1,0.5593257350038302
116947,0,0.13651721913733564
116952,0,0.13379219574364962
116955,0,0.6704147627529548
116956,1,0.3219998707130068
116959,1,0.4897328484556448
116960,0,0.1052534577704218
116961,0,0.3927024967831468
116962,0,0.5778220439069476
116963,0,0.3851410049567169
116964,0,0.09593763531981439
116966,0,0.34628027076768014
116967,0,0.23809398348679825
116968,1,0.3231783289919129
116969,0,0.05490197427824191
116970,0,0.15645895646799368
116971,0,0.11646015946450894
116972,0,0.6122373915124912
116978,0,0.5831017228890675
116979,0,0.110770010524418
116980,0,0.19161323756370435
116981,0,0.2023926323925266
116984,0,0.7623907958011353
116988,0,0.09815391361053873
116989,0,0.2732664667286002
116990,0,0.664644035445589
116991,0,0.5294903987451659
116994,0,0.48499499699852844
116997,0,0.36011155548704643
116999,0,0.7885320823947889
117000,0,0.449040218541308
117002,0,0.24587715682182773
117006,1,0.8141009925910273
117010,0,0.598746901381234
117011,0,0.2832126411020511
117014,0,0.3373152542859794
117015,1,0.9581739579205515
117017,0,0.3108586463839615
117019,0,0.7335872454588843
117021,0,0.11168370285117077
117022,0,0.3635131301208173
117023,1,0.19367181387313182
117026,0,0.7349383328177763
117028,0,0.1334445648356804
117031,1,0.9067392159872254
117032,0,0.17094581245456092
117033,0,0.2734152665954962
117035,0,0.2557728452200602
117036,0,0.42226348840529615
117037,0,0.2980709073593708
117038,0,0.12680398170458246
117039,0,0.7227768080406601
117040,0,0.5056449701673964
117044,0,0.5081921655931712
117045,1,0.8934214639116929
117049,0,0.073556212700339
117050,0,0.36117226855515583
117052,0,0.410605557941856
117054,0,0.05794521154716024
117055,0,0.47399270462704035
117058,0,0.6264349752759347
117059,0,0.11813062254304985
117060,0,0.09452652852640422
117061,0,0.06660980207171927
117062,0,0.06004619079200737
117063,0,0.10077534921153916
117064,0,0.647644865085193
117067,0,0.34281785189482394
117068,0,0.24133856720235522
117071,0,0.09479444429381084
117073,0,0.665457447727433
117077,1,0.642929476627358
117081,0,0.09818914294516877
117082,0,0.11419163712861194
117086,0,0.03947183908499451
117090,0,0.26203742038987365
117091,0,0.26216225628804984
117095,0,0.09176923281699763
117101,0,0.47219102209212915
117102,0,0.03963471018621394
117108,0,0.32188663326222405
117114,0,0.10525407088235939
117116,0,0.7512105836197526
117117,0,0.7070271544743927
117118,0,0.05749192007914421
117120,0,0.499934002399076
117124,0,0.19964850884340996
117129,0,0.04797588404292051
117130,0,0.6541203216632379
117131,1,0.5210067567122907
117132,0,0.3004061733989626
117133,0,0.20061221923615805
117134,0,0.4677732393878304
117136,0,0.19804424142320848
117138,1,0.6265742212055379
117139,0,0.3441626885602806
117145,0,0.44372144310836426
117146,1,0.8853128937257295
117147,0,0.2778750251198147
117150,0,0.7628022236660303
117156,0,0.11571311055825392
117158,0,0.656992524919972
117159,0,0.06224645128142696
117161,0,0.19337341786976742
117164,0,0.3641477006774071
117165,0,0.7664877879640688
117166,1,0.8909220886705584
117172,0,0.24510043507375837
117173,0,0.7942892998888975
117174,0,0.1382498744982646
117177,0,0.28682237725111664
117178,1,0.6672817065934004
117180,0,0.15754893993798458
117181,0,0.15392248744020814
117182,0,0.197919971146759
117186,1,0.06683475983122615
117187,0,0.4632846617771634
117188,0,0.45023862042141216
117190,0,0.07797644187084071
117191,0,0.21150286537938906
117192,0,0.7037891983653721
117193,0,0.46661757363907547
117195,0,0.05250897921351676
117198,0,0.30652031604484725
117200,0,0.7487811879546545
117204,0,0.21287306461933872
117208,0,0.73968698991271
117209,0,0.15562143779636084
117210,1,0.5104687256489011
117211,0,0.4672845796630673
117212,0,0.17791495675098723
117215,0,0.34840610823966583
117217,0,0.5696624544761696
117219,0,0.5122522124272348
117220,0,0.2884401971090423
117221,0,0.5354953578373861
117222,0,0.3337013707856298
117224,0,0.30132058859408595
117226,0,0.1267187739385792
117227,0,0.11952246738850614
117230,0,0.49559663689927647
117232,0,0.3187565462253723
117234,0,0.4678618651301081
117235,0,0.1420896837951737
117236,0,0.6717216454176896
117238,0,0.36833881456754863
117241,0,0.36698473262394293
117242,0,0.3059420589105574
117243,0,0.16744674032426543
117244,0,0.1186487620143222
117249,1,0.8047121559608952
117250,0,0.5019668808446937
117251,0,0.42882791548135923
117253,0,0.4815857046812454
117260,0,0.6741364750144123
117261,1,0.2505456834763126
117263,0,0.5265432598936746
117265,0,0.2512488625425761
117266,0,0.18556946495656845
117270,0,0.15173781278764015
117273,0,0.362203370109857
117274,0,0.13940053481829423
117275,0,0.4847334553601256
117276,0,0.23368840542987573
117278,0,0.06769502626843979
117280,0,0.47964053725788924
117282,1,0.6637086277663309
117285,0,0.12162424468919612
117286,0,0.05834599169429574
117287,0,0.17989415190102676
117289,0,0.14791451799926458
117290,0,0.6060555492931072
117291,0,0.060939295003517246
117292,1,0.3889299780409832
117293,0,0.4632046207117157
117294,0,0.6210001442903723
117295,0,0.39392676749183664
117297,0,0.627382357177325
117301,0,0.19887056419631483
117302,0,0.4893007624631358
117305,0,0.6479065727179322
117306,0,0.05086703209683795
117307,0,0.31629139598688716
117308,0,0.14136058558846415
117310,0,0.7537554947362853
117312,0,0.3687456259365489
117313,0,0.053639006596806135
117314,0,0.7523539458322774
117315,0,0.37378554198795194
117316,0,0.5695674502398527
117319,0,0.3617638637767796
117320,0,0.1273343974888981
117321,0,0.5419676824147893
117322,0,0.19957027752139145
117328,0,0.5497811683364674
117331,0,0.8418975956488884
117335,0,0.6637745515343181
117336,0,0.2010774113109158
117339,0,0.6066188530127821
117347,0,0.12279355145133561
117351,0,0.15673823638304643
117353,0,0.3842293769868502
117354,0,0.31452145402626985
117357,0,0.05542314130610191
117358,1,0.22840437662600682
117359,0,0.7548603741542201
117363,1,0.8462133737093392
117364,0,0.05535087296821591
117365,0,0.7391588131642333
117368,0,0.6909369510830611
117370,0,0.2086392638258749
117371,0,0.10952485893336697
117374,0,0.1159290362944739
117375,0,0.4772412674096433
117377,0,0.04590143497969666
117379,0,0.12300868180913771
117383,0,0.17948699915101188
117384,0,0.368425925175461
117387,0,0.43655040902377185
117388,0,0.3039619611122547
117389,1,0.7351589269676995
117395,0,0.27223220621352906
117397,0,0.4739068926269877
117398,1,0.8494578988945996
117400,0,0.47539258366636694
117402,0,0.5054417894013054
117405,0,0.1315762776486638
117407,0,0.23210143633772437
117409,0,0.11557070798228124
117411,0,0.5650281593095016
117412,0,0.15316526183325285
117414,0,0.534101528919084
117418,0,0.4161031493062069
117419,0,0.27221758676251906
117420,0,0.5210848341460056
117421,1,0.04034784889216053
117428,0,0.2403853297327513
117429,0,0.400963278300031
117432,0,0.2720544543227434
117434,1,0.6474881814762149
117435,0,0.23017176908694278
117436,0,0.49646299457114723
117437,0,0.3438911383051935
117438,0,0.15933211829607946
117439,0,0.650852322162455
117440,0,0.34145585741284756
117441,0,0.49727444452926955
117442,0,0.5296387867885737
117447,0,0.06533362647762993
117450,0,0.29532877370174965
117453,0,0.09318796201683399
117454,0,0.17160025575590737
117458,0,0.4133301619858341
117460,0,0.8291207351652121
117463,0,0.3206606027760649
117464,0,0.15864780845697585
117465,1,0.6662719580607022
117466,0,0.07164649051396396
117467,0,0.9287132267918796
117468,0,0.06918169416452759
117470,0,0.15126042219215552
117471,1,0.21791139972370352
117474,0,0.07448190498450027
117481,0,0.574605343876081
117484,1,0.10259196866084466
117485,0,0.2896746096593089
117491,0,0.086020434863595
117494,0,0.359794432610893
117496,0,0.1566179441493787
117498,0,0.6473709042164968
117499,0,0.04800903255454385
117500,0,0.3722086971561648
117502,0,0.3128611950441419
117504,0,0.29821610180599817
117505,1,0.6932729704855213
117507,0,0.3931114930577667
117510,0,0.08163302803869332
117511,0,0.134307271974371
117513,0,0.13395919206638235
117514,0,0.21805279344258213
117516,0,0.7813861102751481
117517,0,0.1560756487468772
117518,0,0.39458022636458734
117523,0,0.31899758396198974
117529,0,0.064674139671796
117530,0,0.10835062215337254
117531,0,0.07805665881619571
117537,1,0.619715129961427
117540,0,0.5767753472291426
117542,0,0.6823091466624845
117543,0,0.05675211455482119
117546,0,0.34615588139589426
117549,0,0.4382658501995057
117551,0,0.5933668669708478
117554,0,0.3606539252956737
117556,0,0.12580543732748475
117558,0,0.5536242925173765
117559,0,0.1784717321061174
117566,0,0.7681028282848456
117570,0,0.15472691227842889
117571,0,0.6732282922463269
117573,0,0.6226986117376037
117574,0,0.20391347282384714
117575,1,0.32101674577595996
117577,0,0.15901126157658152
117580,0,0.4079732195772163
117581,0,0.05131342020499655
117586,0,0.7284756032162585
117587,0,0.080826992080093
117589,0,0.23560924737489836
117592,0,0.2581661544960956
117599,1,0.8407606290266548
117600,0,0.0621094557916753
117603,0,0.09628391256197696
117604,1,0.80441147757716
117605,0,0.15067535982672975
117606,0,0.200800880592503
117613,0,0.5101624467004644
117616,0,0.2794004461367914
117617,0,0.1765328266983466
117621,0,0.2082953903435881
117622,0,0.12340367202231144
117623,0,0.5081185774224469
117624,1,0.7857684969200822
117625,0,0.06603392672024298
117627,0,0.1295716973800122
117628,0,0.4772890894082753
117629,0,0.1575301874375441
117631,0,0.20308489742816255
117632,0,0.24368433739325074
117633,1,0.7757459522143101
117635,0,0.3064749129434
117637,1,0.622689369217332
117638,0,0.6687601702887712
117639,0,0.34661567118486564
117641,0,0.11873882726534417
117643,0,0.26302322388577415
117644,0,0.07595335433916378
117645,1,0.6037646330124469
117646,0,0.06623375054200184
117647,0,0.2504446846551843
117651,0,0.24781709201947444
117652,0,0.2690262696922641
117653,0,0.5644952243045219
117654,1,0.6272454864202911
117656,0,0.15643858104240452
117657,0,0.20315961158408652
117659,0,0.25392633629877276
117660,0,0.39785811025055595
117662,0,0.1361237715026263
117665,0,0.434884008478718
117671,1,0.7093230677672301
117672,0,0.4600219168801566
117675,0,0.42328504079033563
117676,0,0.6925187260708846
117677,0,0.31342011609586773
117678,0,0.6075878192994641
117681,0,0.20902557931368815
117683,0,0.41186067011324046
117685,0,0.1633411999250593
117687,0,0.17673386548469774
117690,0,0.0755725425485007
117692,1,0.46519268344533043
117695,0,0.4684881370901331
117697,0,0.048539854529780976
117699,0,0.2463368533000329
117701,0,0.36221673067164933
117703,0,0.6143305048878152
117704,0,0.6314697835357099
117707,0,0.06237504072842235
117710,1,0.5744320486599028
117711,0,0.22512780376121305
117712,0,0.12811914673404026
117714,0,0.07965382316949668
117719,0,0.057499126448125285
117720,0,0.08225670197563519
117727,0,0.19335761245698957
117728,0,0.7691088383335899
117729,0,0.22073859928340803
117730,0,0.16966891470587647
117732,0,0.4379853716310298
117733,0,0.525712427424062
117735,0,0.058926858754524594
117737,0,0.21952542123051505
117738,0,0.03885276621278579
117739,0,0.4840502093720758
117745,1,0.6972088964700894
117746,0,0.4059704197435474
117752,0,0.03645843059848791
117753,0,0.13770666073365623
117754,0,0.08661883368188097
117755,0,0.30770452514228025
117761,0,0.6894794400251688
117766,0,0.14793562205519856
117768,0,0.11143038968333947
117771,0,0.38746415696477243
117773,0,0.13364866346523538
117774,0,0.13222365942316552
117775,0,0.2295824102168768
117777,0,0.044814653989889694
117778,0,0.0696208918232932
117780,0,0.29807526841858356
117784,0,0.4845091001589611
117785,0,0.04818351297285377
117789,1,0.7977896216774892
117792,0,0.38650101578543417
117793,0,0.258147256498635
117794,0,0.4700530721363364
117795,0,0.1265403236319818
117800,0,0.22342142019024175
117806,1,0.6285696055416741
117807,1,0.631717111543244
117810,0,0.11779653909082313
117811,0,0.08462050359574078
117814,0,0.13759359337206103
117817,0,0.4922598641988435
117822,0,0.6294689304105843
117824,0,0.13427668825523112
117826,0,0.5202700532395995
117827,0,0.1436790801357696
117829,0,0.881602914736531
117831,0,0.083105108860503
117832,0,0.13567622077967662
117835,0,0.270243813658276
117838,0,0.11825666235486292
117840,0,0.05088401827945264
117845,0,0.28442922366656753
117847,0,0.13969937678116712
117849,0,0.19160898800533804
117851,0,0.06083513465547917
117853,0,0.0903912245547841
117857,0,0.14455043867560313
117858,0,0.29520587064663195
117860,0,0.09544275288514352
117862,0,0.5430167854118544
117864,0,0.3481690032383349
117866,0,0.7444732549333775
117868,0,0.23351126108628514
117869,0,0.4880383428616012
117870,0,0.10683522164014954
117873,1,0.7441641295638092
117875,0,0.3901019203140139
117877,0,0.08141824927614383
117879,0,0.29340046007030623
117881,0,0.1537846495891237
117882,0,0.4772223094722913
117884,0,0.23560406903668513
117885,0,0.05664068746625395
117886,0,0.28319889141272797
117887,0,0.16690901221241675
117888,0,0.10058430097076751
117890,0,0.7059901945176766
117893,0,0.26058610757759254
117894,0,0.5364870248317495
117897,0,0.11205851379747855
117900,0,0.5283574383095349
117901,0,0.6738535362868658
117903,0,0.3461092055492471
117907,0,0.060771697696623404
117912,1,0.5532077615220723
117913,0,0.47919137526301503
117915,0,0.15061131845598508
117916,0,0.36160065117295304
117917,0,0.2665924386852507
117918,0,0.48154216873549655
117919,0,0.10221517976367411
117922,1,0.19426801610207506
117923,0,0.31575335513407676
117925,0,0.5175306449949513
117929,0,0.27854104712665656
117930,0,0.08541842268797953
117933,0,0.6361809957434096
117934,0,0.3801477982867303
117936,0,0.06503253515734911
117937,0,0.40346176859721916
117939,0,0.09647257417218638
117941,1,0.1060130856363517
117942,0,0.4358612428893481
117946,0,0.1556482756758088
117948,0,0.07489632403259368
117950,0,0.18894613736239796
117951,0,0.7083683744502536
117953,1,0.6939931839148975
117958,0,0.22673244617481175
117960,0,0.463249390916691
117962,0,0.4890418243826013
117964,0,0.5119717290636083
117966,0,0.12279694960964878
117968,0,0.6572699078149344
117971,0,0.04202713360888875
117974,0,0.04077727250214909
117979,1,0.7639278531065611
117981,0,0.09315916939248156
117984,0,0.5514688079142346
117986,0,0.15730847544346155
117987,0,0.4832135009682942
117989,0,0.6364675309000736
117990,0,0.0804789673885558
117991,0,0.2105331126508112
117993,0,0.13231202029545747
117996,0,0.3232631782745302
117997,0,0.3873884763388776
117998,0,0.11281687702740029
117999,0,0.12443186128766577
118000,0,0.08239739052593145
118003,0,0.35782540389232775
118004,0,0.23392005426567414
118006,0,0.05064780592145849
118008,0,0.10724740996175534
118010,0,0.35230608864679785
118014,0,0.49871615221314614
118017,0,0.4761109168618143
118018,0,0.06297642429501152
118020,0,0.331950013196592
118022,0,0.1928489165198341
118023,0,0.09917311782586558
118024,0,0.4797665135677594
118025,0,0.20259410460909968
118026,0,0.2978942010477751
118029,0,0.13409818642364346
118031,0,0.3398251677075007
118033,0,0.2621356037810253
118035,0,0.3159539123796801
118036,0,0.12594763669837422
118037,0,0.1464067378857648
118038,0,0.2939723956815596
118039,0,0.23123201178616046
118040,0,0.11589433528242057
118042,0,0.11146761366438454
118044,0,0.3582586595833324
118045,0,0.26007619855408903
118049,0,0.05658857209515742
118050,1,0.7206966376653532
118051,0,0.34385420238461906
118055,0,0.7533388154414286
118057,0,0.31209035489712156
118058,0,0.45737845017199386
118061,1,0.9018837350195333
118063,0,0.09906443160364813
118071,0,0.2685483815126157
118072,0,0.24562972472747452
118073,0,0.4481668066914696
118074,1,0.8412077284247838
118075,0,0.06212362218063866
118079,1,0.433318925814588
118082,0,0.31417646757143347
118083,0,0.4761169538191095
118085,0,0.164348208718161
118086,0,0.6758073481883812
118087,0,0.35095061925191307
118088,0,0.09065134539491794
118091,0,0.5040594765297162
118093,0,0.6266885174365664
118096,0,0.18098542242747948
118101,1,0.7720544692774679
118103,0,0.4215484185873105
118104,0,0.44529491460194387
118105,0,0.14782936510281927
118107,0,0.34691140602646336
118108,0,0.6920212444896193
118111,0,0.34392390944599815
118113,0,0.7129341900830141
118115,0,0.5284307023299082
118117,1,0.7589379923950083
118118,0,0.164523781043646
118121,0,0.6814154073817404
118123,0,0.5719490822352363
118124,0,0.7076860381144364
118125,1,0.6841781112309936
118126,0,0.16333785032846254
118128,0,0.668733134531601
118131,0,0.14368106230306216
118135,0,0.47744405307675297
118136,0,0.5401075154260881
118138,0,0.6128310257957186
118140,0,0.14192471938110407
118142,0,0.7857233221022561
118145,0,0.3106277570347026
118146,0,0.50837416242023
118147,0,0.043111471895081716
118149,0,0.5975315267480364
118150,0,0.20822693670521705
118154,0,0.5032655535778316
118156,0,0.32561056611608874
118161,0,0.4238495388474985
118162,0,0.1621918519376641
118163,0,0.21861314138115887
118164,0,0.5858322327402579
118165,0,0.6845116627639862
118166,0,0.17737215047820032
118171,0,0.06800852786539302
118172,0,0.1618928532233364
118176,0,0.1572248323836382
118178,0,0.3140253891745982
118183,0,0.23559716030818206
118184,0,0.2182657269492559
118185,1,0.7407584889367882
118190,0,0.21671453610223512
118191,0,0.06137249013758843
118193,0,0.17004757857182023
118197,0,0.341925106388849
118199,0,0.06974469384601362
118201,0,0.07113199036495065
118204,0,0.36068936757546666
118205,0,0.2676866352586165
118209,0,0.3380988602609675
118210,0,0.34914306897671665
118211,0,0.26167349008019875
118216,0,0.34692248251513347
118217,0,0.6164252898684679
118219,0,0.4173907978788895
118220,0,0.06038766531357531
118221,1,0.8686975800035336
118226,0,0.18237097349980794
118227,0,0.06383217951793203
118228,1,0.8232822946944645
118229,0,0.48265801874090275
118231,1,0.4999001688499794
118234,0,0.6057985247701911
118235,0,0.6215413347387815
118237,1,0.44257285091631704
118239,0,0.45618413273953146
118242,0,0.5700129033293528
118244,0,0.2138534739448188
118245,0,0.5295494494155455
118246,0,0.131448431162063
118247,0,0.6030857839858523
118248,0,0.4564113035981266
118250,0,0.29466655501800953
118253,0,0.21980206200704208
118254,0,0.5500251463798569
118256,0,0.20265164313592807
118258,0,0.1641624643456674
118259,0,0.21238366695944616
118262,0,0.0668700280892364
118263,0,0.0696305077641289
118264,0,0.12155923508104305
118265,0,0.1155915755859388
118266,0,0.4290047269490307
118267,0,0.2722466759136184
118269,0,0.10308395872132507
118271,1,0.2997385426927039
118275,0,0.11618613129723779
118276,0,0.17356604793047117
118279,0,0.5114201813868
118282,0,0.31700410688490244
118284,0,0.11177237740436367
118285,0,0.39708999178089166
118286,0,0.15493510741483346
118288,0,0.1010209096136008
118292,0,0.5613763521767248
118293,0,0.5843354854535201
118295,0,0.4120085378900312
118297,0,0.4181501659029335
118298,0,0.5530595342570153
118299,0,0.2866289255546464
118300,0,0.3639564321623189
118302,0,0.31265027817633917
118304,0,0.6311342401183541
118305,0,0.3111300248368755
118306,0,0.0711136134042285
118308,0,0.41055371748224
118315,0,0.1618002141338974
118316,0,0.2557352773900808
118317,0,0.4154475377704422
118319,0,0.6668266237771902
118320,0,0.1636961434460055
118322,1,0.48353688580038734
118324,0,0.17844128536954393
118328,0,0.2616564053546831
118330,0,0.48524449649557033
118331,0,0.24048314547857402
118333,0,0.26667364512206737
118336,0,0.6751854325821423
118337,0,0.05082283974374967
118340,0,0.5224067468744675
118342,0,0.07301956532349133
118344,0,0.1945451344216208
118348,0,0.31668798716272445
118349,0,0.6329604551254238
118350,0,0.45251498460684275
118351,0,0.7564710249561686
118352,0,0.34632640300997086
118358,0,0.4596992114910979
118361,0,0.4770723712123307
118362,0,0.3017906162086476
118364,0,0.5488224091990649
118367,0,0.20727841304622707
118369,0,0.561298546189273
118370,0,0.22624818183054965
118371,1,0.7350305267047582
118373,0,0.04518955999278884
118374,0,0.1924790800525557
118375,0,0.6382143237626408
118380,0,0.3757608072243213
118381,0,0.319020279609536
118382,0,0.5547049440483204
118384,0,0.3440927758377634
118385,0,0.05487795043451936
118386,1,0.5398567355837625
118387,0,0.5266567166590714
118391,0,0.08670864753255163
118393,0,0.7166740812693119
118395,0,0.33492403535394794
118396,0,0.44537611596570725
118399,0,0.3747966283973868
118402,0,0.5505306028684058
118406,0,0.09814785667467675
118407,0,0.13226469774107077
118408,1,0.7240548132213661
118409,0,0.3167384228541327
118411,0,0.5083867495854292
118412,0,0.35453651360835414
118416,0,0.3004835452374824
118417,0,0.20333131731664006
118418,0,0.3555578526896013
118423,0,0.5742183560803531
118424,0,0.38879018406242594
118426,0,0.4967074610612675
118432,0,0.12003084076387267
118433,0,0.2869580649610898
118435,0,0.8117984354911039
118436,1,0.7860023941049955
118442,0,0.12915335142841705
118449,0,0.38123160989832755
118450,0,0.07669511921385402
118451,1,0.352766119624185
118452,0,0.34216737756314924
118457,0,0.4675382808849552
118458,0,0.1829373128534521
118459,0,0.5742468383911726
118460,0,0.10201254084713578
118462,0,0.42317039509965937
118463,0,0.6348936899561011
118464,0,0.7027106760472743
118465,0,0.11775940634916889
118466,0,0.5933527974806387
118471,0,0.2412277742291889
118475,0,0.4776737514621475
118476,0,0.16100910286006426
118478,0,0.4248681343426329
118479,0,0.400068683230187
118480,0,0.7532159294043286
118482,0,0.37295385091635647
118484,0,0.5778015881167495
118486,0,0.08808498695779925
118488,0,0.09605821906338077
118490,0,0.13339327916006047
118491,0,0.44901128442489535
118492,0,0.31144154276450065
118493,0,0.7058918635386244
118494,0,0.05999544512688794
118495,0,0.09431490291172426
118496,0,0.8070804466780961
118500,0,0.49865829365945624
118503,0,0.1152665315552495
118504,0,0.16218653127374522
118512,0,0.7524475566713825
118513,0,0.25854891429017446
118514,0,0.2999551264785233
118515,0,0.2950534594266083
118518,0,0.1504693325598922
118520,1,0.37984568771151633
118522,0,0.32749107216074813
118523,0,0.11540558664083063
118525,0,0.6448112415229327
118528,0,0.1592926794832611
118530,0,0.06492675289882968
118532,0,0.3101331116294226
118533,0,0.46808639234289134
118536,0,0.234433674093047
118537,0,0.12002013136149166
118539,1,0.5971203398037149
118541,0,0.7953747128760149
118544,0,0.5378169811630776
118548,0,0.14556423739433216
118550,0,0.31926626161628824
118552,0,0.27623436969362347
118553,0,0.11455589642750807
118554,0,0.06556101071877445
118561,0,0.4868235579084339
118563,0,0.5559858138596241
118564,1,0.706016375971472
118565,0,0.18662360327599375
118567,0,0.22444864508905651
118569,1,0.7734351890641769
118571,0,0.47882050582404956
118573,0,0.20935177913725944
118576,0,0.2805008977685652
118577,0,0.3665134734891823
118578,0,0.2672424846720254
118579,0,0.29252655288696844
118580,0,0.07736072917359303
118581,0,0.6260860528716179
118582,0,0.06984332615571312
118586,0,0.5609862839366082
118588,1,0.8210060493376586
118592,0,0.11565191208183874
118594,0,0.5865181352052473
118595,0,0.38350254590288424
118598,1,0.787629749267568
118600,0,0.240035567060041
118601,0,0.720401069678108
118604,1,0.2786515906516381
118605,0,0.09364009686341507
118607,0,0.6746356548015355
118609,0,0.6185632732528082
118610,0,0.36237955489819357
118611,0,0.30150489176093925
118612,0,0.08828782223916727
118614,0,0.4408907921871714
118616,0,0.11754559359539399
118618,1,0.590119135384113
118620,0,0.2815782315247599
118621,0,0.30306527388883336
118622,0,0.2601947526375048
118623,0,0.398681929742144
118624,0,0.11548466531488714
118628,0,0.39543638867703806
118630,0,0.23060326291176575
118634,0,0.26917914102650153
118636,0,0.8997710091827171
118638,0,0.2901814382870915
118640,0,0.49411915045424404
118641,0,0.07989438754789527
118643,0,0.15578627249031457
118647,0,0.22180901994965022
118648,0,0.6049980695876697
118650,0,0.4629585413542707
118651,0,0.1378093138876215
118654,0,0.14119115223807258
118655,0,0.8090048534383291
118658,0,0.4557171016187064
118662,0,0.6951687514203206
118663,0,0.4081944596904664
118664,0,0.14151666776472832
118665,1,0.7102176938422826
118669,0,0.05711465185446975
118671,0,0.3898496008765258
118673,0,0.061622494074257475
118675,0,0.2631180113433275
118676,0,0.6367553304641945
118678,0,0.4807878959790532
118679,0,0.21375824104624455
118681,0,0.502663137555613
118682,0,0.056342819152589166
118687,0,0.13226992178431243
118688,0,0.4319544047386413
118692,0,0.8342818264513034
118693,0,0.2512992807852914
118696,0,0.11190254039993311
118697,0,0.07840406308347414
118698,0,0.17907101093251276
118699,0,0.3226984176704775
118701,0,0.10238026394626316
118706,0,0.0675959516507586
118709,0,0.24450871409222702
118711,0,0.06505520524139628
118712,0,0.8541793263241949
118713,0,0.17434920169014828
118714,1,0.5600119949553658
118718,0,0.43614865881404796
118719,0,0.1271665903741427
118721,0,0.6983513949511023
118722,0,0.8757710342809814
118723,0,0.1505244122443823
118724,0,0.2419880702649552
118725,0,0.06956961070672568
118727,0,0.5978480097719148
118728,0,0.10076003942369224
118729,1,0.5377220173131269
118731,0,0.36356059296567134
118732,0,0.12583185218938434
118734,0,0.134248785529452
118735,0,0.20563004656647874
118736,0,0.5143761751372242
118737,0,0.63056715149994
118740,0,0.24135948829859072
118742,0,0.32281801759953926
118743,0,0.3010307902662841
118745,0,0.23969593428306682
118746,0,0.06835077737836154
118748,0,0.11850301349910412
118750,0,0.07808979200256426
118752,0,0.2533187370644267
118753,1,0.7527942405825219
118756,0,0.05595885658009194
118758,0,0.6098134299842134
118759,1,0.7804416984295349
118764,0,0.34412197901325847
118766,0,0.19990651274055735
118767,0,0.3124426464235895
118769,0,0.544019893855198
118770,1,0.6856244753829281
118775,0,0.14209161604199885
118776,0,0.5360223906623709
118778,0,0.39454795105531065
118781,0,0.4813554257774923
118783,0,0.33096274254581504
118784,0,0.648837210981452
118786,0,0.15342599185649802
118789,1,0.4581055600091258
118791,0,0.3666775929798336
118792,0,0.4793098416285176
118796,1,0.5121678202498219
118797,1,0.08851230176284355
118800,1,0.8605289546628765
118802,0,0.6859003769900782
118803,0,0.10612251525597212
118804,0,0.36031974306261944
118805,0,0.8209842582454152
118807,1,0.2871228616514078
118809,0,0.4838745569099757
118810,0,0.2563264898458161
118811,0,0.09316939241316143
118813,0,0.4993491832434517
118815,0,0.399898580896351
118816,0,0.17956154730977472
118827,0,0.13484682989203414
118829,0,0.43975765908340503
118831,0,0.22181063611726187
118834,0,0.14990390804287154
118836,0,0.11939480102958511
118839,0,0.32267916773160044
118840,0,0.06305774715931689
118841,0,0.45570507103699887
118845,0,0.43367379410687856
118853,0,0.052304135207604484
118857,0,0.2841926712005078
118858,0,0.04122532334376053
118861,1,0.5915569019309599
118862,0,0.33168884231767704
118863,0,0.1513970597828564
118864,0,0.5694788894579614
118865,0,0.0718047216126134
118871,0,0.44238203038243534
118872,0,0.5661637671953357
118873,0,0.4153020598005937
118876,0,0.4057866341410641
118877,0,0.49148830993232806
118879,0,0.054588758792923506
118883,0,0.05770115392185693
118884,0,0.4483451140869629
118887,0,0.13375221546531363
118890,1,0.5318424541708782
118893,0,0.13390860852084027
118894,0,0.13993370011915057
118895,0,0.06255914916554162
118897,0,0.472554807467907
118898,0,0.5607386445439276
118899,0,0.4135666922495348
118900,0,0.30616533488554715
118901,0,0.10638258089057487
118903,0,0.34241176162758347
118904,0,0.15856760253526953
118905,0,0.47403245967859586
118906,0,0.6695759514633318
118913,0,0.09756395251071415
118914,0,0.36831534832392737
118915,0,0.2029582949551481
118921,0,0.40351551766544996
118922,0,0.3896726921802825
118924,0,0.30573079504963824
118926,0,0.11280046940512241
118929,1,0.1787994494548986
118932,0,0.2612271528803004
118933,0,0.6683895751442065
118935,0,0.45533546513440826
118937,1,0.9115953679498204
118938,0,0.11471971399567901
118939,0,0.06840162845576636
118940,0,0.46408339339627724
118942,0,0.04147997532705612
118943,0,0.13731478528023655
118944,0,0.3428067312861659
118946,0,0.06958568008719317
118947,0,0.4286720744392043
118949,0,0.37947251142330884
118951,0,0.39345046976586034
118952,0,0.17451928012521895
118953,0,0.41401324107915666
118954,1,0.9247208761857696
118956,0,0.39798995846807494
118957,0,0.2789081463124708
118958,0,0.28187150455459264
118962,0,0.4359789793825943
118966,0,0.5056809919523839
118967,0,0.25756662650159734
118971,0,0.392681414640855
118972,0,0.6721607724618399
118980,0,0.14062521729183416
118981,0,0.061310364979562125
118985,0,0.33042841101985043
118986,0,0.59864711818534
118987,0,0.5897309799771931
118989,0,0.102902538977551
118990,0,0.4258457579734305
118991,0,0.17176632118356086
118992,0,0.6587506443441308
118994,0,0.42695555401407426
118997,1,0.8004744746972069
118999,0,0.6592366023793158
119000,0,0.4901492814746466
119001,0,0.14551053039600698
119005,0,0.05099936830396144
119007,0,0.28569645388049286
119009,0,0.23483328099744044
119013,0,0.38067541549851025
119016,0,0.4361685011422546
119017,1,0.7500232547443262
119019,0,0.44282564896106036
119022,0,0.7237873678066694
119024,0,0.25805941893636236
119029,0,0.09968891037227949
119030,0,0.3308682145234851
119031,0,0.6181043862423617
119034,0,0.05379293207989294
119040,0,0.18973193145730846
119041,0,0.6587048500584386
119042,0,0.587649076833737
119044,0,0.4401820519368134
119053,0,0.21803371485482814
119055,0,0.25319972409249913
119056,0,0.7173085142839395
119058,0,0.49414328992787626
119059,0,0.7877230422485589
119061,0,0.38080429631541507
119065,0,0.2203497987209973
119066,0,0.1065722825546972
119067,0,0.5095190104770058
119068,1,0.8212793091800663
119070,0,0.058608721861465166
119075,0,0.14313510097705093
119076,0,0.8008886398446329
119077,0,0.3817202096215633
119078,0,0.25657648275322603
119079,0,0.2624516971940499
119080,0,0.07247762282118722
119081,0,0.12224539401220821
119082,1,0.4082796020055476
119083,0,0.6361895584298172
119085,0,0.04794890761874208
119086,0,0.06956762991745277
119091,0,0.31172607900720173
119092,0,0.22547840772069944
119094,0,0.3744675562710865
119096,0,0.07993684305800916
119098,1,0.788505513491453
119100,0,0.22822069262317832
119101,0,0.7926276942415742
119102,0,0.40887034670752087
119103,0,0.07687998017090289
119104,0,0.4499033477188427
119105,0,0.34090737021800593
119108,0,0.597883196215124
119109,0,0.08675998324357702
119117,0,0.29318171939082494
119123,0,0.3673831261533096
119124,0,0.16037745446893042
119126,0,0.3372537572910186
119127,0,0.24013529387428706
119128,0,0.045648850137013475
119130,0,0.648210814226345
119133,0,0.03264474108006109
119136,0,0.43867758490416076
119139,0,0.21468716808539473
119142,0,0.5625322045242458
119144,0,0.38961384287916845
119146,0,0.5141241679001037
119149,0,0.1454796353088244
119150,0,0.1650805164293054
119152,0,0.2532793546241427
119155,1,0.8224033134141348
119156,0,0.05267042485026283
119158,0,0.23977290078660674
119160,0,0.43981532994383404
119164,0,0.6286751553948238
119166,0,0.7496517091026801
119167,0,0.06660308051367345
119169,0,0.8271143347159159
119171,0,0.2769077425474677
119172,0,0.392270314828585
119175,1,0.29160125998073155
119179,0,0.45258639256807526
119181,0,0.6170020437302858
119183,0,0.05830361360703244
119184,0,0.06912838515596767
119186,0,0.1931609707600171
119187,0,0.13756723768174664
119189,0,0.5606870352160652
119191,0,0.37320805616220676
119192,0,0.6209149950976325
119193,0,0.2910889483077345
119194,0,0.08628648550495584
119196,0,0.11995216297152544
119197,0,0.6084856751751975
119201,0,0.48468064133695393
119202,0,0.31541042225793137
119206,0,0.7667335163133744
119207,0,0.07936337143286996
119210,0,0.09756740153045443
119211,0,0.36238827430601
119212,0,0.08444314874854467
119215,0,0.34556446081419967
119216,0,0.20984969892327268
119219,0,0.20714353377220807
119220,0,0.30919515993355506
119222,0,0.29308034429945173
119223,0,0.30543973057787427
119227,0,0.05071153344238707
119229,0,0.46970811897806247
119230,0,0.33617111234222063
119232,0,0.15479097768316305
119234,0,0.22157731011930842
119237,0,0.24322994098043033
119239,0,0.531374486722954
119240,0,0.49789023991036013
119241,1,0.5548727107990599
119243,0,0.4571194301323803
119245,0,0.22216670173249864
119248,0,0.44309425273481784
119250,0,0.3356951601914374
119252,0,0.7338566923554815
119257,0,0.11004963961954821
119260,1,0.6034767147959865
119261,1,0.5510415130255405
119262,1,0.7557675484951554
119265,1,0.9040948924663258
119266,0,0.3334940967641662
119267,0,0.42705154797467076
119269,0,0.3646197860390762
119270,0,0.5273963495272882
119271,0,0.16445944627453485
119272,0,0.45127354485071647
119273,0,0.5762781296063934
119277,0,0.34539672263467497
119283,0,0.10826593927670489
119286,0,0.16316595036451167
119287,0,0.2466390613084773
119291,0,0.46870167448048117
119292,0,0.2332256810676084
119293,0,0.5327439130196897
119296,0,0.841637850196498
119297,0,0.7030674179318075
119298,0,0.6084226389341257
119299,0,0.2558869123582798
119300,0,0.12589672405804217
119308,0,0.39755591482513025
119311,0,0.13773243971177243
119313,0,0.6715111692341853
119316,0,0.33543832363068793
119320,0,0.24462881826527774
119321,0,0.24634654137849665
119322,0,0.5765677829026505
119323,1,0.7775208793643755
119324,1,0.33388896158705983
119325,0,0.7882120366807939
119326,0,0.2474526196962657
119328,0,0.05139492131053379
119330,0,0.4284060637376408
119334,0,0.0670598060019374
119335,0,0.3146719874596095
119337,0,0.6354790663921067
119340,0,0.2537489106690139
119343,0,0.39457117910071904
119345,0,0.138571934335357
119348,0,0.5215901388795832
119349,0,0.41924753269640946
119350,0,0.5582111830599658
119353,0,0.2911572691522489
119354,0,0.8352760349013943
119355,0,0.1966168282593909
119356,0,0.3636936018358381
119357,0,0.07131070656859607
119358,1,0.3642457643627443
119360,0,0.4088643182745314
119361,0,0.6468392209801188
119363,0,0.5326609563693061
119364,0,0.2352817716827058
119365,0,0.12633960008828563
119367,1,0.4506968166668256
119369,0,0.43021839370120435
119370,0,0.7103141463921959
119372,0,0.3540047132726253
119375,0,0.05540526538758853
119376,0,0.25723187826719257
119381,0,0.2817281988582427
119382,0,0.29480257927065967
119383,0,0.4934015300383859
119385,0,0.14525891574404945
119386,1,0.265924745136435
119391,0,0.6203443409019676
119393,0,0.4155025072722637
119394,0,0.1416727457995136
119396,0,0.33741842602818506
119397,0,0.07276083146540333
119399,0,0.4113570876336876
119400,1,0.7903459527091938
119405,0,0.5609251052719382
119406,0,0.35325004634115736
119407,0,0.3756202853084118
119413,0,0.7950655508814881
119417,0,0.16868012614133482
119418,0,0.5105883866914019
119420,0,0.32868203962951664
119421,0,0.06580529725209358
119422,0,0.13080154217429282
119423,0,0.4212530912257818
119424,0,0.06151603561842402
119427,0,0.43465153390873174
119429,0,0.4409024712161248
119430,0,0.46723341545144004
119433,0,0.4695839911081306
119434,0,0.5255898245095372
119435,0,0.21167607217116538
119438,0,0.2529053503281854
119441,0,0.43173243418554474
119442,0,0.7147061927723791
119443,0,0.16837891059358773
119447,0,0.48872073320412285
119450,0,0.33020305827645274
119451,0,0.6497682330056767
119453,0,0.0905241375259687
119454,0,0.9137743279853053
119455,0,0.45356076451491445
119456,0,0.3801340551216116
119461,0,0.38328376403944003
119462,1,0.4969266457358624
119465,0,0.2690204306881488
119466,0,0.33206717789169904
119467,0,0.06736311183811088
119470,0,0.05609763811072621
119471,0,0.09678291436381144
119478,0,0.4810014811604651
119480,0,0.08230327317362485
119481,0,0.18601931654213322
119483,0,0.38000026345636506
119484,0,0.13905609964016066
119486,0,0.3488764961433054
119487,0,0.2333454249554956
119488,0,0.45515138186469783
119491,0,0.39728428835984675
119492,0,0.2914223154194858
119495,0,0.2736007713697124
119497,0,0.11519997311122313
119499,0,0.5274479332419219
119500,0,0.4011076650876949
119501,0,0.12691946727397288
119503,0,0.24667583853247574
119504,0,0.2691343698404805
119507,0,0.4232177228452108
119508,0,0.06142182506700662
119510,0,0.5894548174512514
119511,0,0.28082978924350943
119512,0,0.3678690200169117
119519,0,0.6023524649831102
119521,0,0.09161994505373383
119523,0,0.035071803692692555
119524,0,0.2468806258648626
119526,0,0.22945183882343329
119532,0,0.4224660181546235
119533,0,0.2767947423640221
119537,0,0.224215430410644
119540,0,0.5338177279678942
119541,0,0.29226686098259463
119543,0,0.41204871909575386
119544,1,0.8318043699615778
119547,0,0.6996157058796104
119551,0,0.32838031066183815
119552,1,0.7278844826412676
119554,1,0.8330227106384823
119556,0,0.21359732629952738
119557,0,0.24571374735000337
119559,0,0.34363074594522347
119561,1,0.7607617344445171
119562,0,0.6256959527708759
119563,0,0.49446451887515835
119565,0,0.19772540122702717
119567,1,0.7304685641485137
119569,0,0.057009233845092634
119571,0,0.6282902841085012
119575,0,0.2908534754458807
119580,0,0.06531835459417366
119581,0,0.08631660812605638
119583,0,0.06627277121876274
119584,0,0.2706908369950233
119585,0,0.6753131083539151
119586,0,0.33788326513225153
119588,0,0.33899037147269595
119589,0,0.06132580471699809
119590,0,0.1346880186390343
119591,0,0.5540333414246892
119592,0,0.5284131625160353
119593,0,0.8709117484154731
119594,0,0.5231015032981444
119595,0,0.5885250856919673
119597,0,0.17455043647854737
119598,0,0.3995489050770512
119600,0,0.1763416366815233
119603,0,0.10243223842969433
119604,0,0.2512016365998163
119605,0,0.3645787783931268
119606,0,0.18974830693673256
119608,0,0.26706516619801984
119613,0,0.12033886574155343
119617,0,0.5245031682088832
119618,0,0.5686382431355115
119619,0,0.19886091641887357
119621,0,0.20263586493837007
119622,0,0.7537430174079193
119623,0,0.05938329571661115
119624,0,0.701113271001373
119626,0,0.1404998251471486
119627,0,0.1777343686013201
119628,0,0.10660937754088165
119629,0,0.45694808231310535
119630,0,0.162591107103629
119632,0,0.3595387199796004
119634,0,0.36464614665445166
119635,0,0.14710844765669132
119636,0,0.40275026543109016
119637,0,0.6759798422815935
119640,0,0.6120077132795093
119641,0,0.11328808846536823
119642,0,0.557928698951296
119644,0,0.38271378923491234
119645,1,0.5921648076966758
119646,0,0.09197564756812382
119648,0,0.19691896750414048
119651,0,0.33078433393409773
119653,0,0.07823829658896107
119659,0,0.5582411503495528
119660,0,0.3644488854571577
119664,0,0.7697430534799751
119665,0,0.5815692057638244
119667,0,0.40808184869527675
119668,0,0.08765746952714495
119669,0,0.17422822008028693
119670,0,0.31860696687957146
119675,0,0.7617803770384063
119678,0,0.6351405937035922
119679,0,0.07548401418136047
119680,0,0.3792590873806052
119681,0,0.4457866379341141
119683,0,0.22831303610644116
119687,0,0.09392535855873632
119688,0,0.7387767932925254
119689,0,0.32337590657386295
119692,0,0.38845065290063086
119693,0,0.24866429631106568
119694,0,0.05046433677225143
119695,0,0.29512323975997623
119696,0,0.19428913392966243
119698,0,0.11201705155970168
119700,0,0.1358711323855648
119702,0,0.12758689619952426
119703,1,0.15228322302482086
119707,1,0.729598027408596
119708,0,0.47878431061853355
119711,0,0.26930024428373994
119712,0,0.5889572002062018
119716,1,0.7142760432716655
119727,0,0.12053445924269593
119731,0,0.7638815440526823
119734,0,0.6161414926769547
119735,0,0.6553696394750396
119737,0,0.16884001527936326
119738,0,0.7585824093512816
119742,0,0.17484750042217498
119743,0,0.21689444278608083
119745,1,0.83575956738503
119746,0,0.30639183856726865
119747,0,0.3343222052105002
119750,0,0.20967854942500974
119751,0,0.393614526990692
119752,0,0.4648858861044435
119753,1,0.528850590187894
119755,0,0.3259559694050766
119758,0,0.23306840672931392
119759,0,0.1464441112110618
119760,0,0.3689633734810266
119761,0,0.1354699719574452
119762,0,0.6593059803038749
119765,1,0.5801015142882137
119766,0,0.3872472815155505
119768,0,0.26297471972389913
119769,0,0.609105692602491
119772,0,0.21831509584944736
119773,0,0.11780272567069325
119775,0,0.2500278520004167
119776,0,0.7169993676944447
119777,0,0.4530659413536645
119779,0,0.34045513069095584
119780,0,0.8008387389132036
119781,0,0.3457989265439716
119785,0,0.7820342816326671
119787,0,0.27007272079149275
119788,0,0.4665714169013707
119791,0,0.3666178304343115
119795,0,0.45913536461822585
119798,0,0.5527648620550965
119799,0,0.2944251031099315
119800,1,0.808771278021345
119801,0,0.3592995536735132
119802,0,0.33250795390322235
119806,0,0.4935635722662304
119807,0,0.49778354921791107
119808,0,0.6827730281276321
119809,0,0.6494620217083905
119810,0,0.10520030027483127
119811,0,0.2021970181301326
119813,0,0.26945370926166123
119814,0,0.3997510750897739
119815,0,0.050375989553147496
119817,0,0.29763121494419337
119821,0,0.47209848368392693
119825,0,0.14039880341227007
119829,0,0.1235808898885804
119830,0,0.07428771340069514
119831,0,0.07022312710356439
119832,0,0.11733896345294181
119834,0,0.4485294709872619
119839,0,0.33161348412264846
119841,0,0.19936446382709175
119842,0,0.6262211094821766
119843,0,0.6548079917576256
119845,1,0.433625432872
119846,0,0.589961484718983
119848,0,0.15591560664292228
119852,0,0.10137535233110506
119854,0,0.1347447478332135
119855,0,0.35457832774210835
119859,0,0.20836776659831094
119864,0,0.529050376928027
119869,0,0.07980644972858121
119870,0,0.7678658822192812
119871,1,0.8883359260104667
119873,0,0.19251903231793938
119875,1,0.47145418253196664
119876,0,0.4286875177935688
119878,0,0.045497817190898446
119879,0,0.08673961394384584
119880,0,0.05417487555443333
119882,0,0.7905084379043767
119885,0,0.5895297727399615
119886,0,0.473227690676352
119887,0,0.06975392696954043
119889,0,0.29385252022995967
119890,0,0.3407439043792648
119891,0,0.3433872287208156
119892,0,0.12838945569932725
119896,0,0.6445122918326056
119897,0,0.27618179451145847
119898,0,0.04362336808120308
119901,0,0.05148771120753641
119905,0,0.8040334221020841
119907,0,0.25014167481819854
119908,0,0.15630004125084632
119911,0,0.7372034103191748
119913,0,0.29099200448136553
119915,0,0.17098407095963153
119917,0,0.3988441200293201
119918,0,0.4061322945990975
119923,1,0.7300747849075625
119927,0,0.05063674217105454
119928,0,0.11687942273708693
119929,0,0.046385431134721496
119930,0,0.05682221843611908
119932,0,0.4650799928584769
119935,0,0.07702465862310072
119936,0,0.05199921134087514
119937,1,0.7031466147470504
119939,0,0.6132574490907995
119940,0,0.5712418389510947
119941,0,0.4206367227893943
119942,1,0.6878166763894993
119944,1,0.8921748921395996
119947,0,0.27580182359657485
119948,0,0.5353904837665258
119949,0,0.17872224727087938
119951,0,0.472578208673455
119953,0,0.31440612010702507
119958,0,0.7224690019103537
119959,0,0.535558253189817
119960,0,0.054993562815023225
119964,0,0.9307638830020961
119965,0,0.11695582662426118
119966,0,0.34223244524095053
119968,0,0.8026575959196215
119969,0,0.22464443938120726
119970,0,0.04158290112424978
119972,0,0.5664005451847951
119975,0,0.05222632145189669
119978,0,0.4083914219853808
119979,0,0.5651582679380309
119980,0,0.4444841095011383
119981,0,0.05249166914436595
119982,0,0.09608064971676464
119987,0,0.5230523109413326
119988,0,0.04086401677201262
119989,0,0.03984851624091884
119994,0,0.187737452227005
119995,0,0.07961198849619029
119996,1,0.2216524460067514
119997,0,0.7087822177684988
120000,0,0.6668436037495719
120001,0,0.44610519627880996
120003,0,0.6971843461877786
120004,0,0.7505135668626923
120005,0,0.3263161303072438
120010,0,0.7916568917883803
120011,0,0.07222443946439319
120013,0,0.8116678566958004
120016,1,0.7707731632079835
120017,0,0.060502969263451015
120018,0,0.2121197733393414
120019,0,0.25244138068757815
120020,0,0.05706933446865324
120021,0,0.6340859626248132
120022,0,0.22780260500553423
120023,0,0.7693545462769256
120025,0,0.06605927700055998
120026,0,0.1430603256898664
120027,0,0.1380934528906636
120029,0,0.11379443682696033
120030,0,0.2825571239624699
120039,0,0.15014430415687327
120040,0,0.7052941814622433
120041,0,0.3056771641604124
120043,0,0.402100460891831
120045,0,0.6357251244257414
120047,0,0.5413401620121371
120048,0,0.04069985984905243
120049,0,0.252781768235102
120052,0,0.6662539069786371
120053,0,0.04706272743161562
120055,0,0.17876591620143925
120056,0,0.31622405779656015
120062,0,0.30329695042426597
120063,0,0.53114387853916
120064,1,0.6754096458147044
120065,0,0.06014010807220547
120067,0,0.648732404926135
120068,0,0.050096558989428205
120069,0,0.49370470013411005
120071,0,0.4668024480281252
120076,0,0.6899751807505422
120078,0,0.4635320820843692
120079,0,0.04952848174993833
120080,0,0.767650624927283
120082,0,0.1284935789249542
120084,0,0.03858492898390793
120089,0,0.27482466358932844
120090,0,0.3460172807733898
120091,0,0.1709456506684322
120097,0,0.3162312350351719
120099,0,0.38452176118179243
120101,0,0.07690337780197816
120103,0,0.5166316728843874
120104,0,0.07599032685811591
120105,1,0.8640231942914658
120106,0,0.26293955930012575
120107,0,0.4142777054593211
120110,0,0.12597696959281043
120111,0,0.3085378448929994
120113,0,0.3314078889236779
120115,0,0.061943696287314
120116,0,0.3875540370165579
120117,0,0.6159045624526489
120119,0,0.46313538933936754
120121,0,0.3997838029804626
120124,0,0.2820907656890759
120126,1,0.9249913806877453
120127,0,0.42717855917336084
120129,0,0.05406790647267249
120131,0,0.33424814483363485
120136,0,0.44717855137936874
120137,0,0.0923433651135766
120142,0,0.07532249810183088
120145,0,0.15610792779913316
120147,0,0.1179560272798706
120148,0,0.37300840850327527
120149,0,0.06566499859301513
120150,0,0.49871615221314614
120152,1,0.21496861551345514
120153,0,0.08153786680127831
120154,0,0.0974867124580826
120156,0,0.3197623359965055
120158,1,0.567488638320343
120159,0,0.2420354389026512
120160,0,0.3296126650783508
120163,0,0.06157774326673725
120165,0,0.14119612488581987
120169,1,0.7528328560999709
120171,1,0.1878741769119393
120173,0,0.7328237618048654
120177,0,0.2467542898851788
120178,0,0.9312611068210842
120179,0,0.12416619577614871
120180,1,0.7766036781238561
120181,0,0.40235313993972815
120183,0,0.5958892361127264
120188,0,0.25236737555706135
120190,0,0.6682359316405153
120193,0,0.13698898952491062
120194,0,0.1059728423735176
120196,0,0.15189044305762917
120197,0,0.12665189113950076
120198,0,0.5272853871497473
120202,0,0.18938437769916633
120203,0,0.1580742551866947
120204,0,0.4637675006698587
120207,0,0.20472468096731622
120208,0,0.4251527825363176
120209,0,0.515028210204178
120211,0,0.18258843365342547
120212,0,0.22057926738238054
120214,0,0.4390774424090312
120217,0,0.08725416466984785
120219,0,0.5290540427960266
120223,0,0.38005342313885204
120224,0,0.48960574478997787
120228,0,0.19073913623020453
120229,0,0.20102281135334166
120230,0,0.1147738817362943
120231,0,0.5345810757876923
120239,0,0.1627156242481505
120241,0,0.648465533146966
120246,0,0.31524420596312436
120247,0,0.1898274652735455
120248,1,0.7817884768418359
120249,0,0.5593044354186475
120250,0,0.10448381753286518
120251,0,0.6173851452022813
120252,0,0.1697816044835676
120257,0,0.7256949495677046
120258,0,0.19013823985578443
120259,0,0.44785583917785976
120260,0,0.4577113452564756
120268,0,0.6800974304983318
120273,0,0.186072060180212
120278,0,0.5150683517619099
120279,0,0.1749885842439873
120283,0,0.09984222813283447
120285,0,0.531130255958811
120286,0,0.2489513346923314
120287,0,0.3291283052554864
120291,0,0.05791889832578116
120292,0,0.6358781456410466
120293,0,0.34835069798497287
120296,0,0.11264956580793939
120300,1,0.7124090478394466
120307,0,0.45486044628035505
120310,0,0.2493214688935514
120311,0,0.4438117537287787
120312,0,0.13403367190546422
120313,0,0.0651026168107564
120315,0,0.6456409225383087
120316,0,0.24429699983213155
120319,0,0.21145560664469154
120321,0,0.6295483930671657
120322,0,0.7997819242752664
120324,0,0.333326767870478
120325,0,0.13230908270962846
120327,0,0.6846653327390675
120329,0,0.34112338870614634
120330,0,0.5918316624628067
120331,0,0.17382723613367826
120332,0,0.4857602102578558
120333,0,0.3217201457547351
120334,0,0.06368898530527867
120335,0,0.04446107343006904
120336,0,0.18981104975974517
120338,0,0.5956320478498724
120339,0,0.10039387761625274
120340,0,0.2125241415730478
120343,0,0.2969581105323604
120345,0,0.3078740583575574
120346,1,0.7644214969091158
120350,0,0.2346236114634875
120352,0,0.2721730499534721
120353,0,0.39796350777155126
120354,0,0.13197013981325909
120355,0,0.057001050915309714
120356,0,0.43110101616797686
120358,0,0.5256825365240504
120361,0,0.233760099734714
120363,0,0.11421202727667853
120364,0,0.6630112353448242
120366,0,0.1646644981434729
120367,0,0.09749866542226597
120368,0,0.406509798432822
120369,0,0.264473236448837
120371,0,0.36794669767324645
120373,0,0.12483180042459907
120376,0,0.4502202698727274
120377,0,0.1837770344964725
120379,0,0.22015911515630662
120380,0,0.4804338747885377
120381,0,0.6350922741409569
120382,0,0.13624701522249266
120384,0,0.6437377038433468
120386,0,0.7128413533673937
120387,0,0.37951672546042137
120388,0,0.2334020505382703
120389,0,0.1408094377147318
120392,0,0.10338386135781505
120393,0,0.15360451308870535
120395,0,0.376115862899304
120396,0,0.5433623047160887
120398,0,0.5635347315515565
120400,0,0.08670640525414977
120401,0,0.5012106782936151
120403,0,0.6263661211697028
120404,0,0.05939524509491302
120405,0,0.14738437108699162
120407,0,0.1814322902254852
120410,0,0.08317489810054338
120411,1,0.8442472872418797
120412,1,0.6967429440003409
120413,0,0.5904629166005467
120414,0,0.03766186815866281
120415,0,0.0996559500811427
120416,0,0.3834238612183901
120418,0,0.3429105981267292
120419,0,0.5922254898453152
120420,0,0.5141694210673463
120422,1,0.7145805298262843
120426,0,0.8646591904907434
120427,0,0.11316162940352223
120428,0,0.1697410912114819
120432,0,0.41671131000279227
120435,0,0.7273790077596212
120436,0,0.7929901327956297
120440,0,0.1486632970704422
120441,0,0.06470489552002502
120442,0,0.5349101789165277
120443,0,0.12824489567330252
120444,0,0.35972943181457007
120447,0,0.20694505564050064
120450,0,0.1485841443745437
120451,0,0.0634383389772947
120452,0,0.6053529434997288
120454,0,0.06797137621846769
120455,0,0.2512707272789012
120456,0,0.4608271175173909
120458,0,0.19488150399206872
120460,0,0.27843774373890856
120461,0,0.09260524892713143
120462,0,0.17906960048566284
120463,0,0.2107902089217426
120467,0,0.3830912019711789
120468,0,0.47372236148640334
120471,0,0.24027223186725113
120472,0,0.4036604943601857
120473,0,0.5768580166741127
120475,0,0.30904959879940047
120476,0,0.1596050613784884
120478,0,0.6559258716234162
120479,0,0.252123092115749
120480,0,0.3027912768698491
120481,0,0.07439139786670577
120483,0,0.291840255671133
120484,0,0.11868902327247961
120485,0,0.15847243788558324
120490,1,0.11728150102304691
120491,0,0.1995056348064049
120494,0,0.07215943022736451
120497,0,0.6686702638993276
120498,0,0.1269549776316987
120500,0,0.4039100330600746
120501,0,0.6185221278897836
120509,0,0.4015015987559346
120510,0,0.5360029517968774
120511,0,0.5755308859736801
120512,0,0.06915680435253327
120517,0,0.4086342457706108
120519,0,0.6937055130835967
120521,0,0.5985160251758995
120522,0,0.36456116015016526
120523,0,0.09558903267177028
120526,0,0.2517217788386496
120527,0,0.5779902862610427
120528,0,0.20584400542107367
120529,0,0.0667975597032495
120531,0,0.40878654964075134
120535,0,0.7325915688770577
120538,0,0.26417609173014733
120540,0,0.4740432771482207
120541,0,0.09602593962669048
120542,0,0.16074788301217063
120544,0,0.422123376144717
120545,0,0.39141137020224154
120552,1,0.93770535137624
120553,0,0.12247589062154285
120555,0,0.6182490406357124
120556,0,0.28119194360602767
120557,0,0.5178501577162099
120558,0,0.38019237204618384
120560,0,0.0964529024556336
120561,0,0.18590213303560046
120563,0,0.7182654034466418
120567,0,0.36942186258966825
120570,1,0.8754344466504665
120571,0,0.16353991299680987
120573,0,0.5003281420110843
120576,0,0.050899915979079946
120577,0,0.6450278445786056
120581,0,0.14405830924978175
120584,1,0.3524156018944092
120585,1,0.0855972004478774
120586,0,0.14533928350471131
120590,0,0.2895449712898623
120591,0,0.34156024567556303
120596,0,0.054306938368764976
120597,0,0.24976533145828417
120598,0,0.5849517699136277
120601,0,0.28279342969603877
120603,0,0.32962091506862856
120607,0,0.7108214272998217
120608,0,0.35326445981595384
120609,0,0.10493086188268792
120610,0,0.22907695253071622
120611,0,0.7632284919877831
120613,0,0.5792424857066939
120614,0,0.20314770228940443
120616,0,0.3521335116886323
120617,0,0.7188309282146162
120618,0,0.3098788907329173
120623,0,0.15717953432054566
120625,0,0.23735142393656475
120629,0,0.05243956161174749
120631,0,0.09543878940703823
120633,0,0.16572396821857688
120635,0,0.35046780757048424
120636,1,0.23877762169567376
120641,0,0.2798429511071655
120645,0,0.3331972308548255
120647,0,0.542489105218867
120650,0,0.3856556035159949
120651,0,0.5645535445286665
120652,0,0.6527396940310164
120653,0,0.561388643353211
120654,0,0.1417825583704215
120659,0,0.07977896579334516
120661,0,0.06589090791905397
120662,0,0.20064039606254602
120663,0,0.41593975077546197
120666,0,0.4865052765618428
120667,0,0.19722552569309615
120671,0,0.17498588143192503
120676,0,0.05955274826526726
120677,0,0.5975796084718682
120678,0,0.20765068585465712
120683,0,0.3768175512971726
120684,0,0.09016244495442131
120687,0,0.1388745100738369
120688,0,0.2010695859359762
120691,0,0.285045661176691
120694,0,0.4138058193488467
120696,0,0.3338317500553436
120699,0,0.48131898860678846
120700,1,0.7590562281265131
120708,0,0.23271420458604425
120709,0,0.7353912992012279
120710,0,0.7360887474873531
120711,0,0.21104464654770488
120712,0,0.6877529404079955
120714,1,0.6030583627866437
120717,0,0.4284300269883718
120718,0,0.47588094820641436
120720,0,0.17163371133556304
120723,0,0.7610064327088696
120727,1,0.6232466059826137
120730,0,0.24262410084293382
120731,0,0.07736833975681573
120733,0,0.4865929721193318
120734,0,0.5612763683076343
120738,0,0.554012984767204
120742,0,0.450798080516274
120743,0,0.2625526880327326
120745,0,0.1161366556870965
120746,0,0.3264828052897349
120747,0,0.870863020314937
120748,0,0.7022865560358709
120749,0,0.3633246168348707
120751,1,0.8436938606165982
120752,0,0.585014979515871
120754,0,0.495188973571139
120757,0,0.5038558579719278
120761,0,0.28005585895253515
120762,0,0.6209096191709034
120769,0,0.2256576432919799
120770,1,0.7521726300579296
120774,0,0.5558873564593239
120778,0,0.1476095244303653
120779,0,0.6047510441883233
120780,0,0.06517286135977236
120782,0,0.21936640184845987
120784,0,0.42451488576388885
120788,0,0.17440219747374933
120791,0,0.41662657838881945
120792,0,0.509346888095255
120793,0,0.6879119220893203
120794,0,0.2274762306018662
120796,0,0.5629540615953995
120798,0,0.31588841951322705
120799,0,0.6621915347334839
120802,0,0.2004029893199427
120804,0,0.11159782256861392
120814,0,0.1621372514841956
120817,1,0.5829251110789444
120819,0,0.0751070567497634
120821,1,0.7388693370769425
120823,0,0.6826699037660936
120824,0,0.6377788215730924
120825,0,0.7942299797730461
120826,0,0.2899737448512852
120827,0,0.1881899506777522
120828,0,0.3463252429686922
120829,0,0.7739964116846456
120831,0,0.4340215383532457
120832,0,0.7469066167113722
120833,0,0.3020667166836756
120836,0,0.5485303526116606
120837,0,0.13023672142625398
120838,1,0.23414605422483187
120840,1,0.2125480732799002
120841,0,0.8149121627119635
120842,0,0.05784612335326848
120843,0,0.2223830364707143
120846,0,0.09793332556631384
120847,0,0.4229738261104109
120848,0,0.05682765934997845
120849,0,0.3393547725501589
120851,0,0.2717701469909376
120855,0,0.15635385307466337
120859,0,0.2704774016099244
120860,0,0.47674206544235725
120862,0,0.3577930083760965
120863,0,0.36888228193818173
120864,0,0.321089518117872
120870,0,0.2628319348978184
120873,0,0.36479247111433455
120874,0,0.21107429440926628
120875,0,0.3059424873225623
120876,0,0.07660690568474686
120878,1,0.7006040639571127
120879,0,0.21303717529572336
120880,0,0.07191137234023133
120881,0,0.348475975083653
120882,0,0.2874633326883892
120884,1,0.29171034767088877
120885,0,0.38049440364510767
120886,0,0.6052160563623596
120887,0,0.2797650844199183
120888,1,0.7176061710836507
120889,0,0.08616908712448282
120894,0,0.3354144305789713
120897,0,0.15212082247127406
120898,0,0.3566092248433133
120899,0,0.2879166067964167
120901,0,0.8574693222440842
120904,1,0.845709449583244
120905,0,0.5147374819114272
120908,0,0.06101248830006173
120909,0,0.6159004478905485
120911,0,0.8335379840376987
120912,0,0.37265695398731147
120917,0,0.5341233767658908
120920,0,0.09953984235145817
120921,0,0.3424444460477779
120922,0,0.7110723875573427
120924,1,0.9258972824499754
120925,0,0.13930865777352366
120927,0,0.6596398854686425
120928,0,0.14282478863597786
120930,0,0.523156005033248
120933,0,0.41145232370845236
120934,0,0.30304290149527696
120936,1,0.7439824205972982
120939,0,0.7643079298354498
120945,0,0.11686790014891416
120946,0,0.47014383614300914
120948,0,0.8121148090853765
120950,0,0.26712816607324474
120953,0,0.7695601825847798
120956,0,0.09762070874331971
120959,0,0.5417348317664559
120960,0,0.42671414552902814
120962,0,0.35671309663166567
120965,0,0.10217210653192765
120967,0,0.8450413754777895
120969,1,0.8542149948487957
120971,0,0.12236342465588979
120972,0,0.24143412523628557
120973,0,0.20902589074722883
120974,0,0.9251728005455074
120978,0,0.2592192029569712
120979,0,0.5218767920123009
120981,0,0.6423727264988889
120982,1,0.7488500408634584
120983,0,0.3174137802847452
120984,0,0.35086014841585383
120987,0,0.5414759809977092
120989,0,0.21886349782524023
120990,0,0.052935677774902413
120991,0,0.07995357566664235
120992,0,0.3633226411376175
120994,0,0.7711350789882256
120995,0,0.5406393514379937
120999,1,0.5182061259424109
121000,0,0.3500875353146714
121001,0,0.23234019052175067
121005,0,0.7972380673482161
121006,0,0.3828680806104005
121008,0,0.45709832682880636
121011,0,0.2139864976839636
121012,0,0.13445367490883536
121015,0,0.5255106869874476
121020,0,0.47587951578516047
121022,0,0.056581068830999656
121023,0,0.41755564057218014
121027,0,0.39699429617433163
121029,0,0.6534498458495521
121030,0,0.41504316631764826
121032,0,0.06734188882261886
121033,0,0.0626053117101848
121037,0,0.08801249083453443
121038,0,0.2786602988770518
121041,1,0.9484175295016215
121043,0,0.6586188101861062
121045,0,0.35169345030165644
121047,0,0.3031651979771347
121052,0,0.5101211673943514
121053,0,0.37073837877485516
121057,0,0.3706273556334253
121058,0,0.6303550670491761
121060,0,0.08353420790765953
121061,1,0.36736237395747373
121063,0,0.14933716093375163
121064,0,0.5347893774201895
121067,1,0.7778047675035531
121068,0,0.22936173594421336
121069,0,0.6558052448737397
121070,0,0.11292830236216275
121071,0,0.07603118437814829
121072,0,0.2886180129750903
121073,1,0.3311804249840625
121074,0,0.2038891134059905
121076,0,0.08211760954926238
121077,0,0.2539550309608923
121078,0,0.8043998531345935
121080,0,0.2957306344089715
121081,0,0.2219489190410672
121082,0,0.11914995982658724
121083,0,0.30022666004189535
121088,0,0.7609809117840495
121089,0,0.3262262569316155
121091,0,0.057936455983590415
121095,0,0.4302275241654834
121098,0,0.40491246250104773
121101,0,0.5245766058899306
121102,0,0.11703333728159689
121105,0,0.40491945079696634
121106,0,0.372156253675999
121110,0,0.33758847449396434
121111,0,0.1945135483573916
121114,0,0.23423211869257426
121115,1,0.7345841982325511
121116,0,0.43730875117003265
121117,0,0.29826139514198985
121120,1,0.8970139908439227
121122,0,0.1696223434294553
121123,0,0.5436876217062669
121125,0,0.8010512325909127
121126,0,0.15935711356252397
121134,0,0.6698680636195417
121135,0,0.23176950772059784
121136,0,0.28718526677382294
121138,0,0.2771398872783867
121139,1,0.8712945207395071
121142,0,0.47366670429710817
121146,0,0.10621898842665298
121147,0,0.13092596925615724
121148,0,0.3326102934493206
121149,0,0.14202543584472832
121153,0,0.5848738438364731
121154,0,0.18701273653592343
121156,1,0.3043117015916774
121157,0,0.18772711931675243
121162,0,0.15615371100479125
121165,0,0.10386299862198578
121169,0,0.07582199701701893
121171,0,0.13474080737287553
121172,0,0.8319503540419915
121173,0,0.6653530032109451
121174,0,0.3849498361832242
121175,0,0.44656329886068613
121176,0,0.36178085902801416
121177,0,0.08730414879501278
121178,0,0.5828423434295671
121182,0,0.1477139572585075
121183,0,0.5294205179455073
121185,0,0.12476818728204404
121187,0,0.8138868323620538
121188,0,0.04240577332981897
121192,0,0.09089212063745183
121194,0,0.06157579547848111
121197,0,0.18830385857410054
121198,0,0.07851205253557678
121199,0,0.053253520811361386
121200,0,0.22914631986086875
121201,0,0.7441089156236246
121203,0,0.21955534109732108
121204,0,0.5310344562746073
121205,0,0.4150525616353615
121206,0,0.183146538061923
121207,0,0.3108713149260702
121208,0,0.36724557717621853
121210,0,0.19783225023561452
121211,1,0.8024712172034864
121213,0,0.07457015505733895
121215,0,0.0600821913945417
121219,0,0.3570531841759091
121220,0,0.16420834618529112
121228,0,0.03906363004469987
121231,1,0.9392413844618549
121235,0,0.12786949045405377
121237,0,0.345893313776933
121240,0,0.3388881972322124
121242,0,0.1740922453089843
121243,0,0.1999386125741203
121245,0,0.09390684512967201
121246,0,0.3699267886098426
121249,0,0.643674297747644
121251,0,0.7713154924436457
121253,0,0.1822840686699577
121254,0,0.09032348780480451
121255,0,0.48919440561925054
121256,0,0.1718557325555395
121258,1,0.5871533859141218
121259,0,0.0649789146443988
121260,0,0.36868897702002384
121261,0,0.09320625304633748
121264,0,0.37497803768077714
121266,1,0.13296234278504643
121269,0,0.6357698797873551
121272,1,0.5030919703296262
121274,1,0.8296256122338705
121276,0,0.44111849647782025
121277,0,0.7874957630760875
121279,0,0.0717308155590832
121284,0,0.8006737403908859
121286,0,0.1005203273495745
121287,0,0.4949062136683522
121291,0,0.5140612698062773
121293,0,0.515420473586983
121294,0,0.49497794734276895
121295,0,0.28524507598954424
121296,0,0.31019792458250184
121299,0,0.4207953816814407
121303,0,0.09997936337973576
121304,0,0.2998160668039017
121305,0,0.2398965885359904
121308,0,0.23393532199120198
121309,0,0.33266259659712194
121311,0,0.1015592843516672
121313,0,0.13273542833913568
121315,0,0.6034712822479464
121317,0,0.5862550403123638
121318,0,0.20961120510176118
121319,0,0.20331645212063115
121321,1,0.7536811688688767
121322,0,0.28216638849611203
121324,0,0.06429818428000018
121325,0,0.5290328148099822
121326,0,0.3001097812749265
121328,0,0.5446580585535623
121329,1,0.7747095987687607
121330,0,0.538137639048057
121334,0,0.23234883715336602
121335,0,0.34811678351892944
121336,1,0.2717561225425643
121337,0,0.3594730645341677
121339,0,0.35814653731117
121340,0,0.04150165208112837
121341,0,0.4636750420914673
121345,0,0.12826352766258062
121346,0,0.42810283070631233
121348,0,0.5895944613861424
121349,0,0.42640033271584643
121350,0,0.13223192089668243
121351,0,0.08217826913111075
121353,0,0.511328046422212
121358,0,0.7670902874435708
121359,0,0.5885579711439651
121360,0,0.7902357117311544
121361,0,0.05103836395584764
121364,0,0.19942892280727764
121365,0,0.1071829051105562
121367,0,0.5322328744660337
121368,0,0.2613975103301234
121371,0,0.18550437441557305
121373,0,0.5768655545258458
121374,0,0.13188272902777784
121378,0,0.07703229817058557
121381,0,0.85638688301975
121382,0,0.2717713186475482
121383,0,0.4165012520854548
121384,0,0.45304212993303583
121386,0,0.5326798280960451
121391,0,0.4879744004063188
121393,0,0.1915138882165341
121394,0,0.21869043354254117
121395,1,0.7474641739746957
121398,0,0.3291461765744532
121400,0,0.08616619025232468
121405,0,0.10431904137078571
121406,0,0.4197406267386605
121408,0,0.0847216156604819
121410,0,0.57668491414451
121414,0,0.2657771723278388
121415,0,0.4230547772824851
121417,0,0.3027510429968217
121418,0,0.22814249457823813
121420,1,0.5782955282976158
121422,0,0.15176424815246703
121424,0,0.10647378002498717
121425,0,0.12221922314902749
121426,0,0.32592279809156893
121427,0,0.5464416959405002
121428,0,0.19609286784570706
121432,0,0.2768471990685626
121435,0,0.15035945784906188
121438,0,0.3227601333219452
121441,0,0.0462534483480718
121442,1,0.9188982366601047
121443,0,0.10121211194710303
121445,0,0.6054020063721943
121450,0,0.41908679083190525
121451,0,0.2546709174870726
121453,0,0.08048204593328935
121457,0,0.5184021439437778
121458,0,0.14955946498841832
121459,1,0.7329919357689091
121460,1,0.6590567144276741
121461,0,0.1288257752922241
121462,1,0.46351670265192146
121464,0,0.35303678010708567
121465,0,0.7735915703539884
121467,0,0.28890181790756747
121468,0,0.6169452916708986
121473,1,0.44159480812481966
121475,0,0.26501039746237126
121476,0,0.14315267520806646
121479,0,0.058638380962021154
121480,1,0.509548757492831
121481,0,0.14628624446613833
121483,0,0.07111724602366071
121484,0,0.2665267169693585
121485,0,0.07528148456724369
121486,0,0.15248431886470326
121488,0,0.09022217029532817
121489,0,0.7238803506444088
121490,0,0.03141512459749386
121493,0,0.23371581233998917
121494,0,0.5375148004146034
121500,0,0.06059354139886256
121502,0,0.09817218900877638
121505,0,0.585052599280314
121506,0,0.4080481878218902
121508,0,0.39373174218765544
121509,0,0.08311339832871176
121512,0,0.5415824621951341
121519,0,0.2580279165814237
121520,0,0.5253728254443608
121521,0,0.04987950858813586
121525,0,0.36065363077033613
121526,0,0.35528080799466705
121528,0,0.11658932629711641
121530,0,0.20567625782718846
121532,0,0.7060316338043218
121533,0,0.087833127465826
121534,0,0.05632524805173271
121535,0,0.1936378843425343
121538,0,0.13977926658250112
121540,0,0.2501377576012988
121543,0,0.5378991288261541
121544,0,0.41867666969295636
121548,0,0.49871615221314614
121550,0,0.09871670479860607
121551,0,0.2737287306095747
121554,0,0.1353756396301798
121556,0,0.573765981009831
121558,0,0.3866137941652319
121559,0,0.0888305537746856
121565,0,0.2997178068345173
121569,0,0.3298561979258881
121570,0,0.07917445094786985
121571,0,0.24351276593808024
121576,0,0.21212724444052272
121577,0,0.05410645757360795
121578,0,0.34823359607650267
121579,0,0.09037982886572146
121580,0,0.28337898780167237
121581,0,0.0932697774024642
121582,0,0.046737587820396734
121585,0,0.13007967698393208
121587,0,0.07621896907512808
121588,0,0.6804193151183029
121589,0,0.6461239922266799
121590,1,0.7146046667471381
121591,0,0.1414689295006923
121592,0,0.47237611767015963
121593,0,0.3901645850363011
121595,0,0.19122743036191778
121597,1,0.39808458496905097
121603,0,0.3401433834776202
121604,0,0.12149157692994517
121606,0,0.27107086425445515
121607,0,0.3216418252840455
121610,0,0.06012977771244101
121618,0,0.7299914241237284
121620,0,0.5305418079435847
121621,0,0.18233979889386956
121622,0,0.1326197737374481
121623,1,0.9102359190667612
121625,0,0.5727233648617891
121629,0,0.15886049878476224
121630,0,0.8627085311988042
121631,0,0.06571881981600819
121634,0,0.1453916568736699
121635,0,0.20892112578438674
121637,0,0.6442895968293711
121638,0,0.05221602444350345
121641,0,0.3632130982452912
121643,0,0.11552657180174959
121644,0,0.3834224793130508
121645,0,0.5050457690295065
121646,1,0.1364459424707285
121647,0,0.3153619380956283
121648,0,0.5165614146234363
121649,0,0.657532891728469
121650,0,0.20348679311989598
121653,0,0.1876364829966612
121654,0,0.060224991855539665
121657,0,0.13880947027409055
121660,0,0.5565448536560148
121662,0,0.20400683529069547
121663,0,0.14836131137007955
121664,0,0.14627099176313746
121665,0,0.3609812161513894
121668,1,0.6957248800746717
121669,0,0.2381159440844351
121670,1,0.8010374352634505
121671,0,0.4754539442010698
121673,0,0.06180421869315604
121674,0,0.05129590005750473
121675,0,0.324897539300034
121682,0,0.602249501490968
121687,0,0.49794348368509933
121688,0,0.1989567076904155
121692,0,0.2907154942076605
121693,0,0.38605397381386364
121694,0,0.3875444565619019
121695,0,0.47904392737505735
121696,0,0.18712212414778204
121699,0,0.32122277786074865
121700,1,0.7570300410419721
121705,1,0.6387880139626181
121708,0,0.6870720746104648
121710,0,0.30852227563719226
121711,0,0.0634102893459589
121714,0,0.11944177570998193
121719,1,0.8207139854103154
121720,0,0.28571865820927467
121721,0,0.3290859347079166
121727,1,0.8377724201726388
121728,1,0.6957495426322879
121730,0,0.6631017470133328
121731,0,0.7535041370205172
121737,0,0.07136222420931351
121738,0,0.0884819832154337
121741,0,0.3126684190871915
121744,0,0.41994136746849237
121746,0,0.2741215643332598
121747,0,0.13844066762598764
121750,1,0.2972316847688735
121751,0,0.7609272386023482
121753,0,0.4060897063990721
121754,0,0.5741042675614487
121758,0,0.18020146987373759
121761,0,0.2978435910378184
121762,0,0.06761611097183388
121763,0,0.12281515413780626
121764,0,0.06431927478147234
121771,0,0.16939593824045227
121773,0,0.3051840913412661
121774,0,0.7038748277605316
121775,0,0.185384298435878
121776,0,0.42446960628505276
121778,0,0.09015368946672347
121779,0,0.11019389553107142
121780,0,0.5239417880514144
121782,1,0.30377391207243837
121783,0,0.605543092003451
121784,0,0.21639528087800558
121785,0,0.7296576008538651
121786,0,0.917087126726171
121789,0,0.4137451487517472
121791,0,0.19734922773048566
121796,0,0.36725790035040645
121808,0,0.10156357457448761
121809,0,0.12345638466640514
121812,0,0.17331928196370555
121814,0,0.7340759686848497
121816,1,0.6598145014363513
121818,0,0.22418954101474348
121822,0,0.40478408239740843
121824,0,0.1131108239182379
121826,0,0.6002008076349681
121827,0,0.27412046156594205
121828,0,0.105962438845796
121830,0,0.18003939285870768
121831,0,0.381979358236057
121833,0,0.380587276381278
121836,0,0.0504535041102314
121838,0,0.11193107287007056
121839,0,0.6731456611532022
121840,0,0.30758138854554634
121841,0,0.7146680589385441
121842,0,0.22842702297264164
121844,0,0.32866147265026735
121846,1,0.7682328159530227
121847,0,0.7013316641092562
121848,0,0.2538818472223924
121850,0,0.12101469717731225
121854,0,0.09919748453435953
121855,0,0.17454454285684212
121864,1,0.4082264218102668
121865,0,0.19750173489113038
121866,0,0.11536320494332912
121868,0,0.1286619725871646
121871,0,0.08592312893486373
121872,0,0.655394069005107
121873,0,0.2727783995166589
121874,0,0.6293200098606464
121876,0,0.09624354348561562
121877,0,0.30020416965956637
121878,1,0.6747855540613201
121882,0,0.13951938668544778
121883,0,0.5327206759691654
121885,0,0.1143807384593836
121887,0,0.7098229539713968
121891,0,0.625452247822993
121893,0,0.09373271659241711
121894,0,0.20537560227318274
121895,0,0.24811141881516602
121896,0,0.38060409539747975
121897,0,0.14203918319262035
121899,0,0.5235225252755951
121901,0,0.39272271250708135
121905,0,0.6243265359445651
121906,0,0.25858004253042544
121907,0,0.5784628990987329
121913,0,0.0822206270636106
121917,0,0.2797786760018456
121918,0,0.29113740774568414
121919,0,0.11049368376832436
121920,0,0.12331764541764248
121921,0,0.396403766295919
121922,0,0.08099663871723828
121923,0,0.5670059617596497
121925,0,0.35679188316290783
121927,0,0.784800280242771
121928,0,0.8461200456176086
121929,0,0.3863455985965758
121931,0,0.27223027560056623
121932,0,0.3392476071691322
121936,0,0.2530646399604019
121937,0,0.3016210510671672
121938,1,0.6237247980311068
121943,1,0.22608242159406783
121944,0,0.1845467373914427
121945,0,0.28650346688098843
121948,0,0.16337273893154344
121949,0,0.27913058773720634
121950,0,0.09984305195330186
121951,0,0.4775187786831441
121956,0,0.05861826860012755
121958,0,0.2908843641540696
121961,0,0.20088691309672932
121962,1,0.8667441922459986
121964,0,0.21862707950657137
121965,0,0.11658858369672838
121968,1,0.6957305712364962
121970,0,0.10830132120851661
121971,0,0.7587539442896547
121972,0,0.4458312451089797
121974,0,0.2583697087244611
121975,1,0.3640862994017125
121976,0,0.7431262636168232
121977,0,0.634033007192963
121978,1,0.5798679438584723
121979,0,0.1351634490367999
121981,0,0.23573231866570646
121982,0,0.2319697237435295
121984,0,0.6733044203077789
121985,1,0.6416222614210991
121987,0,0.40240131188399986
121988,1,0.7226588562544625
121989,0,0.2471249247867235
121990,0,0.4925137464595128
121991,0,0.5757505087638248
121993,0,0.4641392649261233
121994,0,0.5136104736113069
121995,0,0.1970842935269177
121997,0,0.7939306551748595
122001,0,0.2320838469594147
122004,0,0.23991947877102118
122005,0,0.6823921886284946
122007,0,0.18703466137839536
122011,1,0.08702130722991401
122012,0,0.7856141982098379
122013,0,0.3320355455655021
122015,0,0.4345600121983965
122018,0,0.04100036865421629
122019,1,0.8300832663230618
122021,0,0.4139763174242729
122022,1,0.7453493393843628
122023,0,0.4971711951768508
122029,0,0.18716479240577624
122030,1,0.60201395885407
122033,0,0.5512160705473528
122034,0,0.27014879059131336
122035,0,0.0694639849409332
122036,0,0.38944529157296526
122037,1,0.8149363911024163
122038,0,0.16403961657569802
122039,0,0.2879203131014628
122041,0,0.22349636051529562
122043,0,0.4311547698919059
122044,0,0.607139555761268
122047,0,0.6327278792945837
122048,0,0.6000511449218147
122052,0,0.23580608521970153
122053,0,0.11925423737427776
122054,0,0.30838754156829024
122056,0,0.25013687211477675
122061,0,0.29334576592156025
122062,0,0.11026251448763669
122063,0,0.12831551668824887
122070,0,0.3891938184518887
122074,0,0.29791606646099
122076,0,0.08894491655086537
122077,0,0.23202748538016701
122078,0,0.3735815516057709
122079,0,0.27663304433093866
122081,0,0.5118614716220136
122083,0,0.15325788169874263
122089,0,0.29876402836379923
122091,0,0.46644027043929637
122093,0,0.05059304096719051
122095,0,0.05737862888173022
122097,0,0.05992901411795395
122099,0,0.5543667479364142
122101,0,0.3226138293383481
122102,0,0.7507965304595967
122105,0,0.32276759370894903
122107,0,0.22267429838929872
122108,0,0.18515222770675793
122111,0,0.11178388043445131
122112,0,0.1154940169891469
122113,0,0.13033251281932753
122116,0,0.07086068360107714
122118,0,0.1365430896059541
122121,1,0.6841769831117916
122127,0,0.14603950987224262
122128,0,0.03961999479510146
122129,0,0.27618887538262255
122130,0,0.06725895230477423
122134,0,0.27718945636325715
122135,0,0.054941267325949325
122136,0,0.32094930582973547
122139,0,0.33957049713367266
122140,0,0.15013536356075768
122143,0,0.061061587888967185
122144,0,0.5295797644182106
122145,0,0.10438873305907796
122146,0,0.21632799594617289
122150,0,0.46579213083971654
122152,0,0.04570178367451498
122153,0,0.7936737774714719
122154,1,0.6038778667145213
122156,1,0.902094982830463
122158,0,0.06677761196447535
122159,0,0.8494340912296471
122163,0,0.10927439063065378
122164,0,0.12582863184411422
122166,1,0.7147765831890801
122175,0,0.3010939724154351
122179,0,0.1400713346910329
122184,0,0.6989679158714204
122187,0,0.5074377326094636
122188,0,0.14006454223037929
122192,0,0.6178525288013137
122193,0,0.3970542731329868
122195,1,0.8057847498491698
122196,0,0.06292050954353944
122199,0,0.6289803598096121
122202,0,0.7056919976376459
122203,0,0.20602233186729846
122204,0,0.21235802844648627
122207,0,0.1597436347134853
122208,0,0.5700281482899091
122209,0,0.09075911161559423
122210,0,0.07498070972688917
122212,0,0.23669235994690202
122213,0,0.13081278512547476
122214,0,0.2730386979896316
122215,0,0.06828284470064411
122216,0,0.29488993415481035
122217,0,0.2960657880146713
122218,0,0.33596605348216635
122219,0,0.5126635697752642
122222,0,0.15359839490322666
122227,0,0.4906392202192363
122229,0,0.7040708501585625
122231,0,0.5533504332462776
122233,0,0.06181033449826927
122234,0,0.17938803632389916
122235,0,0.5037382034465059
122236,0,0.2374075640738767
122237,0,0.3166525408723996
122238,0,0.11197178567782788
122239,0,0.10940656479380409
122240,0,0.5454634075337398
122241,0,0.17319842470383545
122244,0,0.719790629280755
122245,0,0.6503707818905422
122246,1,0.7051580336374913
122252,0,0.6772076544487291
122254,0,0.09104082803578924
122258,0,0.8337655236200506
122260,0,0.39531781899963386
122264,0,0.06373486529748082
122265,0,0.09926087634372585
122266,0,0.10836435531563667
122268,0,0.4983044644554321
122269,0,0.40555575802648747
122271,0,0.30173684389957023
122274,0,0.09671203973711608
122276,0,0.17110013497420343
122278,0,0.05593681442824737
122282,0,0.3531381105807092
122283,0,0.25385211623803094
122286,1,0.7788085909190551
122287,0,0.323517071210669
122289,0,0.1875143715053469
122290,1,0.9107796741261243
122291,1,0.43330814624255576
122293,0,0.551423911111323
122294,0,0.058561860891637174
122295,0,0.8049399686652748
122297,0,0.18184794165847795
122300,0,0.15201102017317056
122301,0,0.06535507976550903
122302,0,0.05887776421182354
122303,0,0.6748572097845222
122304,0,0.20706833029186203
122305,1,0.9174324400747615
122306,0,0.2701367665895441
122310,1,0.2513889603686915
122314,0,0.4707028842014789
122315,0,0.6721559102508616
122319,0,0.13055006717144985
122322,1,0.9481784664506485
122323,0,0.32856950429224796
122324,0,0.1852230558831398
122325,0,0.3694956921883888
122328,0,0.7003619862296891
122333,0,0.4889362291354976
122334,0,0.05990780857234812
122335,0,0.0977475735740174
122337,0,0.6079549393080488
122338,0,0.8693880927660708
122339,0,0.43157763743526845
122340,0,0.041618212858993475
122343,0,0.889646165789238
122346,0,0.14292530771555573
122348,0,0.33437522425637967
122350,0,0.033780574606895535
122351,0,0.5237042995476735
122355,0,0.33812875232340145
122356,0,0.06166934125019084
122359,0,0.49669561056312084
122360,0,0.0825720026077608
122361,0,0.8560652976547345
122363,0,0.36537043895099935
122364,0,0.08385670760903433
122366,0,0.09613020744324016
122367,0,0.5281550436330242
122369,0,0.48783134296402364
122370,0,0.1689573424732452
122371,1,0.6292411325596149
122373,0,0.16971727295300154
122375,0,0.20391115923119277
122376,0,0.29032113729242665
122378,0,0.10152461950877575
122379,0,0.079651778544588
122383,0,0.05934003922476028
122384,0,0.2565790728489453
122387,0,0.7699011306144876
122389,1,0.18806485282484114
122390,0,0.16846816244398477
122392,0,0.5686335651416788
122393,0,0.05304802982156056
122394,0,0.3898854526595862
122395,0,0.42772332983017514
122396,0,0.5727120420338913
122399,0,0.2568435816644278
122400,0,0.828200440168305
122401,0,0.13068028217385488
122404,0,0.08491710740377152
122405,0,0.4125481553556124
122407,1,0.7610012942285844
122408,0,0.06993861875908944
122414,0,0.14922994768152847
122416,0,0.12759820107464748
122417,0,0.7861160889701682
122419,0,0.20419529395354533
122420,0,0.08413235630249738
122421,0,0.05840012082810142
122423,0,0.8171558292091514
122428,1,0.6179582752167461
122430,0,0.06390272402930228
122431,0,0.15244503734322168
122434,1,0.7447661374191414
122435,0,0.570141874929142
122436,0,0.6746995838307538
122439,0,0.5981318187645877
122442,0,0.21427471143198948
122443,0,0.22964619971346165
122448,0,0.2208168984156031
122449,0,0.18649558193533486
122451,0,0.05067923843502785
122453,0,0.4978604394655674
122454,0,0.13081726807082722
122456,1,0.7406707505811201
122459,0,0.10909340811757187
122460,0,0.06037944243406538
122462,0,0.03481327601976467
122463,0,0.5294724855843189
122468,0,0.2513177325191532
122472,1,0.7733945758445442
122473,0,0.6262502106916811
122474,0,0.606995570521635
122477,0,0.07385739085996026
122478,0,0.09212816753272632
122481,0,0.1553058209456277
122482,0,0.24354241738864396
122487,0,0.06247919262567551
122489,0,0.509328358201284
122490,0,0.36640450095164667
122493,0,0.3948732325272358
122496,0,0.5475399031601056
122497,0,0.05537519080564805
122499,0,0.2839552254677443
122500,0,0.032581493266112406
122501,0,0.7690556579700383
122503,0,0.0826582127778315
122504,0,0.39032774130604747
122509,0,0.806663460970652
122511,0,0.44535382996322703
122512,0,0.030176513130604182
122513,0,0.2031358748236874
122514,0,0.6099616784418836
122517,0,0.40217072092482226
122520,0,0.31833559690550395
122524,0,0.06427752813430156
122525,0,0.608045846805847
122526,0,0.15572201828124643
122528,0,0.10934178754852435
122534,1,0.4563435915889162
122535,0,0.21392058853493615
122536,0,0.4926030020350057
122537,1,0.321403396783007
122540,0,0.38526905279797086
122543,0,0.7307544516655927
122546,0,0.2954777278754984
122550,0,0.6086115213872032
122555,0,0.3264981162676877
122556,0,0.20215710471024365
122559,0,0.3950124072330868
122560,0,0.24617527426919864
122563,0,0.4098820183607296
122567,0,0.42656466223076395
122569,0,0.45506209577545664
122572,0,0.5093429387690017
122574,0,0.2935800844843661
122576,0,0.1199846542122869
122578,0,0.3708039491144651
122581,0,0.04781364682122706
122585,0,0.6436960027493643
122586,1,0.16854878939648987
122587,0,0.15237481089469232
122592,0,0.07431770460027862
122594,0,0.38751864147323917
122595,0,0.4692752429086534
122596,0,0.5950851274638171
122597,0,0.32155145967976284
122598,0,0.05808369961860409
122599,0,0.8002563684305264
122602,0,0.10867016208042919
122608,1,0.5964316286413502
122609,0,0.07747722852889598
122611,0,0.8026015202453773
122612,0,0.22654442038346403
122616,0,0.20670859146387985
122617,0,0.11428027777291175
122619,0,0.38867736631088323
122621,0,0.5298354899108115
122622,0,0.12343069801687308
122624,0,0.6119378736093138
122625,0,0.6362223834850573
122629,0,0.4701157667638977
122630,0,0.1651025682917291
122631,0,0.08076364872781397
122634,0,0.06213259999665066
122636,0,0.2075100740874408
122637,0,0.13605970734053677
122638,0,0.09780806476665668
122639,0,0.154412284023892
122643,0,0.6037361312962947
122644,0,0.1941859775373248
122647,0,0.43997100676147777
122651,0,0.25223947380183886
122652,0,0.31028601702133063
122654,0,0.4200981885133451
122655,0,0.718360565318545
122656,0,0.11083175582533944
122657,0,0.5879668055936241
122659,0,0.2621532579848857
122660,0,0.27633395937706706
122662,0,0.10634919439567807
122663,0,0.06129595814535085
122664,0,0.4072355467991365
122670,1,0.5290901586307385
122672,0,0.17463157023878564
122676,0,0.7700428740176151
122678,0,0.2759245616772155
122683,0,0.18812723067564738
122684,0,0.2930294921871392
122685,0,0.5196803355483613
122686,1,0.8422324042431765
122687,0,0.07650659150535513
122689,0,0.16792808738950404
122691,1,0.7764299226756163
122692,0,0.04575170739252979
122694,1,0.44400484822414443
122698,0,0.11302239021646147
122699,0,0.09494915158866729
122700,0,0.18637334703324676
122703,0,0.11314616350198692
122707,0,0.10812736793929563
122709,0,0.16376752605318085
122713,0,0.31601235614078516
122715,1,0.3763231413534944
122717,0,0.2930927748053887
122718,0,0.11940113470699495
122719,0,0.5400135117795333
122720,0,0.6153357315012393
122721,0,0.1794056009617894
122722,0,0.3767704142723175
122724,0,0.11732551098919068
122729,0,0.07991972616790542
122730,0,0.41645035530461066
122732,0,0.17000160732959324
122734,0,0.6828120861324682
122736,0,0.363945547429308
122737,0,0.11430189174644687
122740,0,0.0877553672294574
122741,0,0.19777342735617193
122742,1,0.7925802022699331
122745,0,0.28552064940815064
122746,0,0.1907660687916807
122747,0,0.7926110036718699
122749,0,0.29863139232864117
122753,0,0.9045862605009279
122759,0,0.1925065400745653
122760,0,0.30658363572914105
122764,0,0.30245645660653914
122766,0,0.5244886414081591
122769,0,0.4513921746134713
122770,0,0.7142184473846123
122771,0,0.21098452472746324
122776,0,0.5756570696847852
122777,0,0.4861091183516863
122779,0,0.23240879537081227
122780,0,0.3695398956017449
122781,0,0.7154768565087004
122783,0,0.2964120818451115
122784,0,0.13228236352020045
122785,0,0.4141935253046981
122786,0,0.46074310528592416
122787,1,0.12172243901812652
122789,0,0.6738044715212668
122790,0,0.04497319655517347
122791,0,0.4806821101752946
122792,0,0.6875033697380442
122795,0,0.39031532042207157
122796,0,0.4697439205739379
122800,0,0.08716723101706794
122802,0,0.7154016120014772
122803,0,0.34097207986680655
122806,0,0.12295031490849806
122807,0,0.23396778503934482
122813,0,0.5205776124831323
122814,0,0.1722705881620475
122816,0,0.3057676806231594
122818,0,0.5608418480841981
122820,0,0.44843477513291263
122824,0,0.16816014899333234
122828,0,0.14922333460202347
122830,0,0.5344204514009718
122833,0,0.0989543288661782
122834,0,0.07254521668594051
122839,0,0.03978705307488537
122840,0,0.09152027430652646
122842,0,0.1350854356510985
122843,0,0.29263588903036364
122845,0,0.7316040797911622
122848,1,0.6673599953455457
122849,0,0.3602238317083948
122851,0,0.666814892429921
122852,0,0.05232770441924983
122855,0,0.1529073795419809
122856,0,0.5064115883794396
122864,0,0.2538242635895164
122867,0,0.05916945718043608
122874,0,0.05338405891666505
122876,0,0.5965710960437374
122878,1,0.5854985369517373
122881,1,0.48816696426505074
122883,0,0.20964317475620758
122885,0,0.1229044302794767
122886,0,0.15097409022371747
122889,0,0.30803892716928644
122893,0,0.5858819658381007
122894,0,0.14758246835293387
122895,0,0.5147517218084677
122896,0,0.6823325472384825
122901,0,0.5878043647579098
122902,0,0.3476307867074496
122905,1,0.5627185908160213
122906,0,0.20358910217801598
122909,0,0.22812298291320526
122911,0,0.06527361750918322
122912,0,0.25096438156985895
122913,0,0.5458291085195083
122914,0,0.11140350292198842
122916,0,0.1056120381348864
122919,0,0.19391876860827537
122921,1,0.3893169353505019
122922,0,0.2475224226133021
122923,0,0.401131149216556
122925,0,0.4013989405590504
122928,0,0.10674717861302585
122929,0,0.08620142321149508
122930,0,0.45595741290912145
122931,0,0.7985387219863469
122933,1,0.4160946266475632
122934,0,0.31948901589774426
122937,0,0.5627205168238858
122938,0,0.24394568564317737
122939,0,0.04066370664930423
122940,0,0.18409493292823004
122943,0,0.418847765718145
122945,0,0.1860319348652107
122949,0,0.09704079757944095
122950,0,0.5609307726183255
122951,0,0.1304806866627361
122952,0,0.4869579987124288
122953,0,0.6294762828561955
122955,0,0.2877348839068187
122956,0,0.2456377135946986
122959,0,0.4927784037802253
122960,0,0.7463391715597384
122962,0,0.8367430799783362
122963,0,0.1692994070573021
122970,0,0.47754895708116185
122972,0,0.5027312631635683
122973,0,0.4772903035060992
122974,1,0.678170679089279
122977,1,0.6568694507715169
122982,0,0.4763026715186774
122984,0,0.06222515647178624
122985,0,0.10458983597003894
122987,0,0.14202792368699274
122988,0,0.3487467895963883
122991,0,0.3046902620455611
122993,0,0.2535625702131077
122995,0,0.20907810696031093
122996,0,0.09971777916398039
122997,0,0.04672793785790057
122998,0,0.45225779619106027
123002,1,0.7199304970577746
123003,0,0.8196790988769795
123004,0,0.10024156809001077
123005,0,0.8558549638709454
123007,0,0.4961723425215139
123009,1,0.48040176003846646
123010,0,0.48271441428776446
123011,0,0.3760790135508868
123015,0,0.055523514010553145
123021,0,0.39796849693163344
123023,0,0.14092973866850417
123024,0,0.695735486251378
123025,0,0.3102030503706606
123026,0,0.39036478990369183
123029,0,0.20537380514298903
123031,0,0.12222368729252212
123032,0,0.37988787271303226
123033,0,0.18599024635239686
123035,0,0.08721595529128186
123037,0,0.26577710210452493
123038,0,0.5368945192099955
123040,0,0.5622142108742338
123041,1,0.8014399441259045
123042,0,0.23800743779359662
123043,1,0.7922696149443536
123045,0,0.6815624820240845
123047,0,0.18183609904219508
123048,0,0.4286324132857149
123049,0,0.19179273177192277
123050,0,0.43408991131870744
123052,0,0.7705671677455086
123053,0,0.4465743102279866
123054,0,0.1522444424693362
123059,0,0.8189542493263229
123063,0,0.39030468068146645
123064,1,0.5395256486914787
123069,0,0.43538928067944277
123070,0,0.4358679714472748
123073,1,0.41013858493454125
123075,0,0.21502742726146962
123077,0,0.18549741831322572
123078,0,0.2836571780173317
123079,0,0.06831847798781358
123082,0,0.7701137195308936
123083,0,0.22777854512502077
123084,1,0.4976152772857082
123087,0,0.12460123535916087
123088,0,0.19927290233479883
123089,0,0.1499625177033566
123090,1,0.6738986351140065
123091,0,0.3969846356342111
123096,0,0.34102597428150816
123097,0,0.7418637146990947
123099,0,0.054749872824700375
123103,0,0.5295414702750684
123104,0,0.673025816731976
123105,0,0.3395851173509274
123107,0,0.5968965582188523
123108,0,0.365116021465107
123109,0,0.7092030128981135
123111,0,0.5224598200567834
123112,1,0.8062633202053074
123113,0,0.42089099575802696
123116,0,0.3413675782095487
123120,0,0.16935467976528237
123123,1,0.7229052530647481
123125,0,0.2147958897219123
123128,0,0.24344145876223838
123129,0,0.35553451763813493
123130,0,0.3133966847319269
123135,0,0.21096011365736356
123138,0,0.26268534564305596
123139,0,0.14936921894601193
123146,0,0.37846236068163586
123149,0,0.2293276033263572
123150,0,0.059959776273538844
123151,0,0.05961237875395289
123153,0,0.14427251146073905
123155,0,0.37514353928644156
123156,0,0.5165857289782113
123159,0,0.13166355510478628
123160,0,0.8273578091851883
123162,0,0.6420689390882521
123163,1,0.9229583693118386
123165,0,0.039388087457209356
123167,0,0.11318581395968338
123169,0,0.2890074759753524
123172,0,0.7150950554784699
123173,1,0.8450980394618363
123174,0,0.14881583239690674
123175,0,0.13180855800203756
123179,1,0.7128355718249908
123182,0,0.13594878928945614
123183,0,0.35124666096885565
123185,0,0.2491900982830828
123186,0,0.12805081709207536
123190,0,0.4046188222745822
123193,0,0.3673200288632107
123196,0,0.7106274910895809
123197,0,0.42593542986283534
123198,0,0.29415462657508723
123199,0,0.26803516617711753
123203,0,0.13585812274866033
123204,0,0.1118554097618765
123210,0,0.17261439463126899
123214,0,0.05641113674509106
123216,1,0.315792265479219
123217,0,0.06943306509689245
123220,0,0.12319581731272736
123221,0,0.5286370726321737
123222,0,0.11500323971815216
123223,0,0.8388201398749888
123224,0,0.0497039623335644
123226,0,0.16211229320782605
123227,0,0.19041274342941172
123231,1,0.5297977665603741
123232,0,0.4634264690657198
123233,0,0.25817864557201553
123234,0,0.07835483275694075
123235,1,0.5398423698602133
123237,0,0.09597280795736488
123239,0,0.08491695844393472
123243,0,0.12183559630983057
123244,0,0.12665738986556946
123245,0,0.26778005641567715
123247,0,0.182777213239139
123248,0,0.3201016801096984
123249,0,0.28410220580646806
123251,0,0.08951026357907448
123252,0,0.1366143454019219
123253,0,0.24723252472613635
123254,1,0.4743418270767584
123258,0,0.26015804391826713
123260,0,0.309895080754308
123261,1,0.6205323284211566
123263,0,0.15388557456082347
123264,0,0.4233227614454839
123265,0,0.04710447431364919
123266,0,0.1581872182777654
123268,0,0.27943681538117865
123269,0,0.15336043843687547
123271,0,0.5583486400068385
123273,0,0.10735080060460389
123274,0,0.411642608989707
123275,0,0.3226669175217343
123276,0,0.26830914468107603
123277,0,0.6287437260472817
123278,0,0.4721996618409884
123279,0,0.5502487518748376
123280,0,0.5508492388978832
123281,0,0.2964897425213725
123282,0,0.37186994908587034
123284,0,0.7607050872265931
123286,0,0.0979698152730599
123287,0,0.5830788611650137
123290,0,0.8325764863023906
123291,0,0.3779444811043737
123292,0,0.14984940921776935
123294,0,0.6510646120491304
123295,0,0.1277407413788874
123297,0,0.4884047460990309
123298,0,0.6894709634377643
123302,0,0.4902652845352896
123304,0,0.10119434108063863
123306,0,0.3060837559185126
123310,1,0.8808241641089742
123315,0,0.4932070135745411
123316,0,0.8770930200349657
123317,0,0.45104835191999443
123318,0,0.23808314477536424
123319,0,0.3160972954181585
123322,0,0.0747749467324349
123323,0,0.615798644390286
123325,0,0.37633551993601916
123326,1,0.7314984102154825
123327,0,0.33731025561778144
123328,0,0.09509850108275744
123330,0,0.12842817234328086
123332,0,0.633971368497756
123335,0,0.40452211661644294
123336,0,0.1422028112946682
123338,0,0.24977646173345297
123343,0,0.12824348970470337
123346,1,0.5062457732462635
123347,0,0.66214476692238
123349,0,0.06348124666610391
123353,0,0.12497291073443104
123354,0,0.11990962530951658
123356,0,0.5293334551061529
123359,0,0.1416445482434708
123360,0,0.3170484463939679
123361,0,0.16116190538030942
123362,0,0.27064935063964846
123363,0,0.06892910811218367
123364,0,0.09609157851766445
123366,1,0.5818157765796481
123367,0,0.5417573857251399
123369,0,0.21728171117757572
123372,0,0.47495151287975884
123373,1,0.8097268477360486
123374,1,0.7649314759521492
123375,0,0.25742386121336375
123378,0,0.11397908012689092
123380,0,0.225016164467005
123382,0,0.0989183960543831
123385,0,0.30622210848532855
123386,0,0.11702652010812613
123388,1,0.5425672556234435
123389,0,0.06145295624568888
123391,0,0.29169805245380054
123396,0,0.1673207127262967
123399,0,0.6500885212804496
123400,0,0.8654051194638989
123401,0,0.12616907262911856
123403,0,0.08735708410023367
123405,0,0.4255404075323839
123408,1,0.9168086894229989
123409,0,0.14507278790457695
123411,0,0.421948334988102
123413,0,0.11843675153656312
123415,0,0.6688354695210631
123416,0,0.5923850587053092
123421,0,0.20625458937560293
123423,0,0.09553471235798565
123426,0,0.056322826693163706
123427,0,0.6502497647120031
123429,0,0.3791161183788137
123431,0,0.06746663688746127
123433,0,0.0789693061571109
123434,0,0.09863674589811808
123436,0,0.16485978744883734
123438,0,0.05872405899795543
123440,0,0.4029674277112088
123441,0,0.7896810189927835
123446,0,0.42741391738456913
123447,0,0.058561809981328275
123452,0,0.2881056555305186
123453,0,0.051413404549737286
123454,0,0.5448903053538439
123458,0,0.07372358903776191
123460,0,0.08054627234174035
123461,1,0.7343906367792331
123464,0,0.3011276474483249
123465,0,0.041907729826085635
123466,0,0.11556608593533953
123467,0,0.7862355696966462
123472,0,0.06677029201376672
123474,0,0.1836522584178988
123476,0,0.09385672558212724
123478,0,0.3576175569175965
123479,0,0.26948615538889376
123484,0,0.18572285975786604
123488,1,0.723542092992006
123489,1,0.8419710837377762
123490,0,0.6667398985350065
123492,0,0.7417095948141924
123493,0,0.04626020519692712
123494,0,0.21304273624366338
123495,0,0.12915551975533715
123496,1,0.42057844150821044
123498,0,0.06263149631921788
123503,0,0.08347585881818091
123504,0,0.6809232772411128
123505,0,0.08064083497030824
123506,0,0.4675428132103766
123507,0,0.49646158324044565
123508,0,0.22917771338124499
123509,0,0.13668119721489402
123511,0,0.0891172832932435
123513,0,0.5173618421756165
123514,0,0.06339267238104003
123515,0,0.6997521883307226
123517,0,0.41641683303483107
123519,0,0.23819275552893276
123521,0,0.32755767701800276
123524,0,0.12019923748697811
123525,0,0.07501197312665098
123526,1,0.556055473215312
123527,0,0.28503619502801425
123528,0,0.21499404271871195
123533,0,0.43466435509442813
123534,0,0.04959693395708388
123535,0,0.6843055744792744
123536,0,0.8560049223057031
123537,0,0.12948361649755474
123539,0,0.7734247802723377
123542,0,0.6273577906596741
123545,0,0.46821706477526714
123546,0,0.1435763533455907
123548,0,0.1686511634560119
123549,1,0.5259464295263367
123552,0,0.7845190328670315
123553,0,0.3199060320224622
123554,0,0.055096372857519935
123560,0,0.5662402326198263
123562,0,0.31020874070636495
123564,0,0.15154563674454632
123566,0,0.15917406889257374
123568,1,0.30023047798362945
123569,0,0.5817598057380182
123570,0,0.22526984839017072
123571,0,0.48039692971943415
123574,0,0.4366968302403703
123576,0,0.4514829590602548
123577,1,0.8210155514398971
123580,0,0.0646247864565361
123582,0,0.20707343367370862
123583,0,0.5002994184050183
123584,1,0.5768077125668805
123587,0,0.11175050115167684
123593,0,0.4143953029307825
123597,0,0.5065392696490459
123600,0,0.4780216603078854
123604,0,0.794006367531752
123606,0,0.30575024558525365
123607,0,0.33429635099717114
123608,0,0.1333757111501419
123609,0,0.29864780801193663
123610,0,0.05314717782788184
123614,0,0.09212110317541441
123617,0,0.08619574045306203
123622,1,0.9184342241567796
123624,0,0.5915569141822499
123626,0,0.38243426431215377
123627,0,0.18742559994360747
123628,0,0.0592284661135666
123632,0,0.048937954162841364
123635,0,0.6655962272446992
123636,0,0.7111273292089904
123638,0,0.6471113758716758
123639,1,0.6996138127473629
123641,0,0.49823242444180915
123643,0,0.25251015241513636
123644,0,0.6953162235706396
123646,0,0.21342172929555456
123647,0,0.29377339986339324
123648,1,0.38718002155263476
123651,0,0.10223695918707135
123652,0,0.5424791292510847
123654,1,0.7486828016578078
123656,0,0.4025191035483844
123657,0,0.20127318566566932
123660,0,0.1397790504769756
123662,0,0.31936996890284763
123663,0,0.062245108468408986
123664,0,0.4755739410508887
123668,0,0.36237016536690675
123669,0,0.4949687924065037
123672,0,0.18373037725335395
123673,0,0.39760194114445735
123674,0,0.7784740944407706
123675,0,0.17653604394842115
123677,0,0.2894143288976204
123678,0,0.0831075344478863
123680,0,0.062060796942312854
123681,0,0.06582206827848053
123686,0,0.41889708439677287
123687,0,0.09997388213439785
123688,0,0.14292329619820193
123689,0,0.21285512226928316
123692,0,0.06094796720058789
123694,0,0.25571662681806534
123695,0,0.1373269351439221
123698,0,0.21879695364324858
123704,0,0.05478904700355415
123705,0,0.5056228087489497
123706,0,0.04965653558739176
123709,0,0.21583844648669456
123711,0,0.8115758642737833
123712,0,0.04227672746343946
123713,0,0.4088277043034886
123719,0,0.18564815460964762
123720,0,0.7222984946577413
123722,0,0.14870133225244875
123723,0,0.1569703284014771
123726,0,0.053084838993086025
123728,0,0.1824334781701791
123729,1,0.6799442740428143
123736,0,0.17665225913316682
123738,0,0.5092599008193097
123740,0,0.26636518043496327
123744,0,0.0865984595436439
123745,0,0.2007588647283189
123746,1,0.7959221792463559
123748,0,0.189224246011837
123749,0,0.4478272826344961
123753,0,0.32500511224665984
123754,0,0.6413342091464254
123760,1,0.4176441914459293
123761,0,0.17531725383966473
123762,0,0.36102565518773827
123763,0,0.11053793595315861
123766,0,0.509792220793542
123767,0,0.513942067142285
123769,0,0.06238524194480153
123770,0,0.7453150951600238
123773,0,0.08912687249189623
123774,0,0.09901962870497934
123775,0,0.45849081350120147
123780,1,0.3593493111218412
123781,0,0.046144856400261655
123782,0,0.3138336933969059
123783,1,0.11259252472210116
123784,0,0.43628637652205543
123785,0,0.7978831696558459
123787,0,0.3353895147444441
123788,0,0.4371463473636146
123791,0,0.1523571095030787
123795,0,0.29008972554772694
123796,0,0.03586120850864843
123797,0,0.20847425577624934
123798,0,0.20987183329164844
123799,0,0.24593314428030744
123800,1,0.8261460134313101
123801,0,0.5433283348875829
123802,0,0.6625373967637423
123803,0,0.08921240260391021
123804,1,0.6128312578878523
123808,0,0.27190400158389194
123811,0,0.6734602562706818
123812,0,0.22607084216219353
123813,0,0.10969582303452022
123815,0,0.4517419806834213
123819,0,0.23195330817977985
123821,0,0.4147482776768655
123825,0,0.12174307680741961
123827,1,0.7875668640753266
123830,0,0.4078213215096521
123833,0,0.08258210642248669
123834,0,0.23417207689776648
123838,0,0.19825797898437073
123841,0,0.26681071946834606
123842,0,0.49847535283151495
123843,0,0.6140448238521785
123844,1,0.6498090171805878
123846,0,0.11372027410942806
123847,0,0.45759013836617124
123850,0,0.15381897519983262
123852,0,0.20629741256592843
123853,0,0.2649640659858749
123854,1,0.8942569242562584
123856,0,0.24420988053182832
123858,0,0.12926075524880884
123859,0,0.5268443661742228
123860,0,0.18915441517796938
123861,0,0.26477292277314246
123862,0,0.5623839422800835
123863,1,0.5428552636451454
123866,0,0.21575975551097462
123867,1,0.48321843204528364
123868,0,0.28372535178573355
123870,0,0.3618889104951465
123871,0,0.2382964171187138
123873,0,0.08940047654928093
123874,1,0.740039174459309
123876,0,0.1973778187620641
123877,0,0.19647931228469884
123879,0,0.4213249551697394
123881,0,0.11517229795523931
123885,0,0.6269710849246404
123886,0,0.7363917979002551
123890,1,0.7678437107672101
123891,0,0.2327393632541715
123892,0,0.3368333047746267
123899,0,0.08526937220770266
123900,0,0.6370027858575982
123902,0,0.6094537493707088
123903,1,0.8613299470445321
123904,0,0.4924557493819937
123912,0,0.27763293974428777
123913,0,0.4646780134031639
123914,0,0.3979871080621095
123915,0,0.04007106880067575
123918,0,0.4333027400500457
123919,0,0.3742544461700831
123920,0,0.36176362193052203
123922,0,0.24644567933337092
123926,0,0.1625676757697157
123927,0,0.07942724826557092
123928,0,0.3717825455592113
123930,0,0.37399064407301397
123931,0,0.6515842860885366
123934,1,0.521857088004985
123935,0,0.5475978901856188
123936,0,0.6864263228366703
123937,0,0.11633655629706982
123940,0,0.8206735402232077
123941,1,0.6964416533370615
123943,0,0.3896843610914474
123947,0,0.5443308148791686
123948,0,0.5630702153285226
123949,1,0.5548928519105335
123950,0,0.7458095713993735
123951,0,0.19470224168523878
123953,0,0.600582951810511
123956,0,0.20639040743921094
123959,0,0.1397310506892393
123960,0,0.38252857803331003
123962,0,0.07693081884449246
123963,0,0.49953536389585923
123964,0,0.20584695568012146
123966,0,0.29881324006151266
123968,0,0.05409246783475008
123969,0,0.11612240957082491
123970,0,0.32148971138043264
123971,0,0.7157277037563716
123972,0,0.47786874483116915
123975,1,0.5766775781698632
123976,0,0.5172952958974899
123980,0,0.1828047306628923
123982,0,0.31218101840304036
123984,0,0.4798193695529417
123986,0,0.07724746060859969
123988,0,0.34603357180362615
123989,0,0.07409588090347105
123992,0,0.630829751390183
123994,0,0.5586853055682346
123995,0,0.15296717452066702
123998,0,0.0481394168157044
124000,0,0.6482657292023319
124002,0,0.3825619175069944
124004,0,0.34994669002955525
124007,0,0.6247449211728788
124008,0,0.12188350419288536
124009,0,0.26995885738591435
124010,0,0.15932463346297507
124011,0,0.38349960567624086
124012,0,0.11510062498976018
124014,0,0.322346250125124
124015,0,0.2076813756007397
124019,0,0.13060434360874812
124020,0,0.3870939673677033
124024,0,0.15379610462561075
124025,0,0.465262331686019
124026,0,0.059435285642839876
124028,0,0.5725469447567114
124029,0,0.11357194736573777
124030,0,0.30206051097759384
124034,0,0.5699619593539313
124039,0,0.3635889029305105
124041,0,0.044618382477436914
124043,0,0.2876041376701531
124045,0,0.6605063814989505
124047,0,0.10370223544933914
124048,0,0.15938853465147756
124051,0,0.4596154672182037
124052,0,0.06911237406375415
124053,0,0.33663796358499837
124056,0,0.5922912578654007
124057,1,0.5423644634198929
124059,0,0.1531592321628093
124060,0,0.10071691740061284
124061,0,0.13894792386155086
124062,0,0.2517055833299414
124063,0,0.3357009011444732
124066,0,0.1464602354034217
124068,0,0.05448249199017587
124069,0,0.3505138086303456
124071,0,0.12724568556931462
124072,0,0.5680020996955442
124073,0,0.7354831687286757
124074,0,0.051672730106735364
124076,0,0.15984056531393215
124078,1,0.7434355644973232
124085,0,0.41644610508608604
124086,0,0.7411057013307738
124087,0,0.4419235222530956
124088,0,0.2609527433737441
124089,0,0.06451807060851439
124090,1,0.8024101230043147
124091,0,0.5794270230762263
124092,0,0.1454640852177619
124094,0,0.062149694817028166
124095,1,0.4564534119797415
124096,1,0.9366403617719643
124097,0,0.1720475609963455
124100,0,0.5198639877855684
124101,0,0.7528715850349996
124102,1,0.6003464115389205
124104,0,0.4883928678691271
124106,0,0.054404620978814
124107,0,0.08577899304433387
124108,0,0.20792999871234916
124110,0,0.06381268181114227
124111,0,0.22223183769288318
124113,0,0.11387805373807965
124115,1,0.4673860966095953
124118,0,0.058916199250264104
124119,0,0.3614949972693071
124120,0,0.508484824805927
124121,0,0.1548266427129216
124122,0,0.3952031467779721
124124,0,0.6125870701826033
124125,0,0.08976353251050548
124126,0,0.05375174247390772
124127,0,0.05083934453930979
124128,0,0.08672561807075299
124129,0,0.08761056938043742
124132,0,0.46570432901398595
124135,0,0.17523054378217556
124136,0,0.2795179296664271
124138,0,0.3013671626062819
124142,0,0.19600369020702277
124144,1,0.548427073547785
124148,0,0.76202361195907
124149,0,0.622502707345107
124151,0,0.34974405300395595
124153,0,0.06760670829205631
124156,0,0.680286447650329
124157,0,0.4680765107560819
124158,0,0.6740129245759667
124159,0,0.2620903402437905
124160,0,0.18824245825334457
124161,0,0.4719571389364809
124163,0,0.19391156378662214
124167,0,0.3306842076195157
124168,0,0.07049252915089954
124169,0,0.5643435052577499
124170,0,0.3712796632254804
124172,0,0.03701428936328819
124174,0,0.176946136087276
124175,0,0.3161340833550964
124176,0,0.11063571526091302
124177,0,0.1154007511443725
124178,0,0.4261365782992014
124179,0,0.18158171006606413
124180,0,0.1636851135578628
124182,0,0.12703041045722369
124183,0,0.3715494776560401
124186,0,0.4465825592242485
124188,0,0.3152422171589911
124189,0,0.3230016263613851
124190,0,0.4098639934712329
124191,0,0.15537091776088596
124194,0,0.10641267355791813
124196,0,0.6045492151051663
124197,0,0.2383585192958199
124199,0,0.5292036557878423
124205,0,0.4158647770044029
124207,0,0.6241310984508355
124208,0,0.2549535631634473
124210,0,0.23483939003960397
124211,0,0.12017935710853685
124212,0,0.1764794107970892
124215,0,0.36044285265536036
124218,0,0.5868639603364256
124221,0,0.6201267642094457
124223,0,0.44694716578667526
124224,1,0.91021312141641
124225,0,0.1290457443474439
124226,0,0.6295019691099828
124231,0,0.08765130526702003
124235,0,0.7011858525092884
124236,0,0.12771753307767444
124237,0,0.11153838471174227
124238,0,0.6831714275047106
124239,0,0.07865471990181691
124240,0,0.4708847553227365
124241,0,0.508055596332923
124242,0,0.13641016078890905
124245,0,0.1887139614429694
124246,0,0.1474169442279178
124248,0,0.07586424287437885
124249,0,0.08445074172333987
124253,0,0.44879161730779593
124256,0,0.5852349264573464
124257,0,0.9009182108290339
124260,0,0.051381888247936956
124262,0,0.11201438311692188
124264,0,0.2570535519831699
124265,0,0.19856402965589054
124266,0,0.45080882611835016
124267,0,0.04366856095226164
124271,0,0.17612838759086777
124272,0,0.29330743654431685
124273,0,0.1537331639327888
124276,1,0.8580402076200209
124277,0,0.22216638568140876
124279,0,0.27040603804528124
124280,1,0.8308548177865708
124281,0,0.08946608078269144
124282,0,0.28124515667510297
124283,1,0.2301696649683512
124284,0,0.6584852460575826
124287,0,0.5442249136352701
124288,0,0.3580657696451189
124290,0,0.3239314853874567
124294,0,0.3747088360126102
124295,0,0.05497595064030356
124296,0,0.7394587021397123
124297,0,0.06352390899863283
124298,0,0.08576095525141358
124303,1,0.435779957476426
124308,0,0.4109970550894877
124312,0,0.3571669984661615
124313,0,0.09260155938213721
124314,0,0.13662919220129116
124315,0,0.3200351242099736
124317,0,0.4920157513202302
124319,1,0.8112170838916528
124320,0,0.11273293703977179
124322,0,0.24603180055963342
124323,0,0.09352337798637503
124328,0,0.46779508555021765
124330,0,0.40306360571179567
124331,1,0.6787855610793304
124334,0,0.31003067231919657
124335,0,0.2506964789858796
124336,1,0.5279651978288119
124338,0,0.07122928199314583
124340,0,0.44162701230929163
124342,0,0.24090274717304924
124344,1,0.8407751053329126
124345,0,0.15247235785732272
124346,0,0.16827079858706262
124347,0,0.6179592083161453
124351,0,0.412808762534956
124354,0,0.15333349362434254
124355,0,0.3333539743767701
124356,0,0.6189594935304503
124360,0,0.42279346557502706
124365,0,0.8368672013966758
124368,0,0.12392827512828095
124370,0,0.16183935114926729
124372,0,0.579836773671511
124373,0,0.35433450307682823
124374,0,0.5105117570941395
124375,0,0.42194665842321244
124376,0,0.05948051855136912
124377,0,0.6650129480801861
124379,0,0.1810942100577515
124380,0,0.07644059749876833
124381,0,0.1429782344171906
124382,0,0.13666557716008146
124383,1,0.600130785319626
124387,0,0.8451290383517078
124388,0,0.06997093967715909
124390,0,0.1522543553742254
124391,0,0.7120698971203294
124394,0,0.2744363642303179
124396,0,0.5476878283168406
124397,0,0.3878941670828787
124398,0,0.15487120993056347
124401,0,0.13594447333884396
124403,0,0.6217077752882364
124406,0,0.0869413025832215
124408,0,0.741626421182137
124409,0,0.3854061702580232
124411,0,0.479460331304408
124412,0,0.6106438829145427
124413,0,0.1373816659095613
124414,0,0.4426507615471616
124417,0,0.0621917277276657
124418,0,0.4652353725343157
124419,0,0.9206389912639945
124421,0,0.11943940364632852
124422,1,0.45880842766052987
124423,0,0.4655070280404062
124426,0,0.7000596406456345
124428,0,0.09574657895006423
124429,0,0.2465913268447985
124433,0,0.11553341383526106
124434,0,0.14650974897189192
124435,0,0.4466775643993489
124437,1,0.6266886081944077
124443,0,0.6118948808722203
124448,0,0.7308854429268051
124450,0,0.03366532040303898
124452,0,0.5302921799722349
124453,0,0.11432463255073204
124458,0,0.08296451143204484
124460,0,0.07878776724855185
124462,0,0.08385969567650256
124463,0,0.11906708884134583
124464,0,0.4437268832105608
124466,0,0.15077035778435866
124467,0,0.6029247237945079
124468,0,0.09566274600158722
124471,0,0.42386812692080567
124472,0,0.19926859678448078
124477,0,0.3000376593629923
124482,0,0.5804605898246425
124484,0,0.3260965600657028
124486,1,0.14416982211112045
124488,0,0.1734059148837584
124490,0,0.7700128377254387
124492,0,0.5058045831959765
124498,0,0.09109870086695478
124500,1,0.13398420820738557
124501,0,0.6814443811350637
124502,0,0.71374552365371
124503,0,0.6982778043356116
124504,0,0.30224833164163317
124505,0,0.112978613336488
124507,0,0.36507541066241234
124508,1,0.8111392885107641
124509,0,0.40698782075604034
124513,0,0.12029650831083658
124514,0,0.13916958730818973
124516,0,0.62447483992002
124517,1,0.37107293647349165
124519,0,0.1972317048906489
124520,0,0.45582601685614355
124524,0,0.047265375972780785
124525,0,0.26629437538601664
124526,0,0.18619523073347174
124528,0,0.5591910434431483
124529,0,0.13013295544612463
124531,0,0.4438050019315899
124533,0,0.055926420050001736
124535,0,0.1416333214333736
124539,0,0.29279284483469686
124542,0,0.3714717677820625
124544,0,0.25092992069427644
124547,1,0.6418396598637154
124549,1,0.6267604107989261
124553,1,0.2821915382526071
124554,0,0.12137744404490543
124556,0,0.31002447760354845
124557,0,0.3327195264710441
124558,0,0.30211056772421024
124559,0,0.3638027660465941
124561,0,0.09384273357279944
124563,0,0.7258166946625179
124565,0,0.13964051575018918
124566,0,0.5107471419969214
124567,0,0.12364701714938957
124568,0,0.7797432082182134
124569,0,0.04617530757286013
124574,0,0.13128799447806389
124577,0,0.0802293763750233
124578,0,0.3307553207948793
124579,0,0.0371248796493604
124580,1,0.37992292838091946
124581,0,0.17979533750830884
124582,0,0.16367468641856636
124588,1,0.7856333969110262
124589,0,0.1277838245768253
124590,0,0.07890178193857075
124592,1,0.9460078417562185
124593,0,0.2725980207892055
124594,0,0.035323772320991265
124596,0,0.5121455937579202
124597,0,0.052707474386719064
124598,0,0.8038182412640381
124601,0,0.18468501691527034
124603,0,0.12602182366332276
124604,0,0.14030292736494226
124605,0,0.2296660072412898
124606,0,0.09413116468553326
124609,0,0.5151281355453086
124610,0,0.15324958246434203
124612,1,0.8005070783724616
124614,0,0.2143115619259765
124615,0,0.17588627817637628
124616,0,0.4915457913122497
124617,0,0.11558137579399223
124618,0,0.40255526978381617
124619,0,0.09308435392431888
124620,0,0.5437939247026614
124621,0,0.06944203393491426
124624,0,0.1377377612104831
124626,0,0.06859768008922099
124632,0,0.0792144976736762
124636,0,0.11813882401707969
124637,0,0.22654013332955986
124638,0,0.31239659257091923
124642,0,0.6141057260123625
124643,1,0.17244872025887023
124647,0,0.21253391758739185
124653,0,0.8268805480721714
124654,0,0.062174769934587704
124656,0,0.21419223226512402
124657,0,0.12144506410797988
124660,0,0.708890530086283
124661,0,0.49328277346308214
124662,0,0.5560787528741981
124663,0,0.03169966725508492
124665,0,0.6506354271394292
124667,0,0.05468580894808996
124668,0,0.19174736387180635
124670,0,0.2572362907158171
124671,1,0.6842386722961111
124676,0,0.0941992519747649
124683,0,0.40628514760744905
124684,0,0.1255963478935792
124685,0,0.3222464616564171
124686,0,0.17038293629533144
124688,0,0.2656236317146179
124689,1,0.4334595425959032
124691,0,0.3878270984279918
124698,1,0.6012746585119557
124701,0,0.19542613108133702
124702,0,0.05806674837400172
124704,1,0.7936749438508628
124705,0,0.34778340222972487
124706,0,0.5727677019805825
124710,0,0.03422447718444689
124711,1,0.5489422032118542
124712,0,0.09473464761798697
124715,0,0.1504536870169027
124718,0,0.24299974812194364
124720,0,0.3140064117865933
124722,0,0.6623473412328014
124723,0,0.07079794508627885
124728,0,0.5379738142730639
124730,0,0.5554074985148933
124731,0,0.21975025997813996
124732,0,0.17521946662889043
124734,1,0.540556533816885
124735,0,0.42476141528876504
124737,0,0.48070701566039614
124740,0,0.19578368027802742
124741,0,0.9121783176106408
124742,0,0.3500094849169221
124743,1,0.49892471956091305
124745,0,0.21983179561776972
124746,0,0.09805896552459692
124750,0,0.4360936393983314
124752,0,0.3195828827274496
124755,0,0.23468107809302868
124756,0,0.2839432316328221
124757,0,0.152191841285397
124759,0,0.12193488901086538
124761,0,0.20005259571884193
124762,0,0.12129172448255218
124769,0,0.055501028694920004
124770,0,0.8467523699962716
124771,0,0.03955674207591231
124772,0,0.609683838540103
124775,0,0.1209117499427591
124777,0,0.42717347839075925
124778,1,0.8892758712262141
124779,0,0.06824079290237584
124781,0,0.1588564051690486
124785,1,0.7570976167943091
124786,0,0.03464106992809683
124787,0,0.08077995811066149
124788,1,0.45041436413858404
124789,0,0.18739521950830412
124791,0,0.09238516289824497
124792,0,0.11469228779506642
124793,0,0.229804270901632
124794,0,0.7434718818800857
124796,0,0.5271551136976631
124798,0,0.3652637108689761
124799,0,0.26255021795947187
124802,0,0.09761171517044986
124803,0,0.33341978252101295
124805,1,0.4163256669841065
124807,0,0.1334354984840217
124809,0,0.07298880977546977
124810,0,0.8072008713197544
124811,1,0.7580221736963414
124812,0,0.7353873137733697
124814,0,0.6532939161255642
124815,0,0.2733110283038328
124817,0,0.679010973036257
124821,0,0.5972090661279457
