SEQN,true_target,predicted_probability
109266,0,0.23575881981669905
109290,0,0.4370997650683494
109291,0,0.37618555021129935
109293,0,0.6175209091364627
109303,0,0.14054509316423697
109307,0,0.4054113491313267
109313,0,0.610350007747623
109315,0,0.16535080613637784
109317,0,0.11571493763268839
109319,0,0.16167950135025122
109321,0,0.18258237260511714
109322,0,0.31046574210957867
109326,0,0.17699129391269153
109327,0,0.59594119132063
109330,0,0.5308695859606536
109333,0,0.15941881276902656
109336,0,0.3689524327107627
109348,0,0.23521298334065505
109350,0,0.4765704063787598
109351,0,0.5066544460909472
109365,0,0.26345400330314717
109367,0,0.6745809491392933
109373,0,0.21101302556099757
109378,0,0.4407626873810873
109382,1,0.7490366918519209
109389,0,0.38296242862406477
109391,1,0.5313124180434261
109392,0,0.5986461577157186
109393,0,0.4747718981023284
109394,0,0.25248249761461283
109395,0,0.45263909526591783
109396,0,0.14583860013807504
109403,0,0.24241701757356005
109404,0,0.1394291494032139
109405,0,0.12338607239082165
109411,0,0.217779668286685
109413,0,0.4977189725896437
109414,0,0.6916136554322693
109429,1,0.9988236358852994
109431,0,0.3247316446851347
109432,0,0.20327977122331517
109435,1,0.911369007145955
109436,1,0.6920956449298119
109439,0,0.4740078050682194
109441,0,0.13467153032713558
109450,0,0.1390975759819422
109454,0,0.35314692291735233
109455,0,0.3422072135715283
109458,0,0.152767783773645
109464,0,0.29152359191642446
109466,0,0.6952839500639683
109467,0,0.30841449221899686
109468,0,0.6464862738691346
109472,0,0.6797165307232018
109473,0,0.3658289156797952
109474,0,0.7032920455720176
109480,0,0.7239886310606155
109482,0,0.24292569203482128
109486,0,0.6689519040806345
109488,0,0.4042361933719195
109495,1,0.7508330991602059
109496,0,0.704639288127201
109497,0,0.2894644199142521
109501,0,0.6632742997535691
109502,0,0.17628580895810114
109503,1,0.7871433256206095
109504,0,0.5688119473513622
109508,0,0.4368422460535484
109510,0,0.2824368544357118
109512,0,0.6641473812099553
109518,0,0.1313958927773376
109520,0,0.5891379206368617
109526,0,0.26707392601988583
109527,0,0.2801539034763453
109530,1,0.3425075994693658
109531,0,0.39243396684164034
109536,0,0.1999790954186912
109538,0,0.5163829276501785
109539,0,0.19730118278940392
109542,0,0.23012593901205672
109544,0,0.6722286837973347
109545,0,0.366328080330986
109548,0,0.2609476326394382
109549,0,0.39990537833193546
109550,0,0.4116943220360042
109552,0,0.7692165086814494
109554,0,0.5673013511195345
109555,0,0.0920734002398365
109558,0,0.6927636132602113
109560,0,0.28588666210491614
109562,0,0.4493783737773022
109564,0,0.16326097313662624
109565,0,0.6823500025269037
109568,0,0.24853346622533012
109574,0,0.6684837031107598
109579,0,0.22134897239044737
109580,0,0.14142788162501857
109581,0,0.3902033386123675
109585,0,0.18843608386731706
109587,0,0.5481376167017737
109588,1,0.7454170481868201
109598,0,0.16985490622400518
109606,0,0.12854330767092462
109607,0,0.46798754434666623
109610,0,0.52060525074944
109611,0,0.5743372067320359
109612,0,0.6839985630906146
109615,0,0.45018312040465985
109617,0,0.5474323550755558
109620,1,0.9276475430096951
109623,0,0.13399759382505505
109626,0,0.45163071954599376
109628,0,0.24825245577433416
109630,0,0.44230079414072054
109637,0,0.399333333348358
109639,0,0.2248435066075227
109640,0,0.3065443903212221
109643,0,0.6272032653303572
109644,0,0.3842689345351191
109653,0,0.7038369026371734
109654,0,0.22927533491816512
109656,0,0.578957242171881
109662,0,0.3715626421518978
109667,0,0.5479165284691768
109669,0,0.37245474675874707
109676,0,0.4698929646638474
109677,0,0.6526764853514165
109678,0,0.13042040667390792
109679,0,0.9456585747457691
109685,0,0.4486293374008906
109687,0,0.18284414762737963
109691,0,0.15409773833782048
109693,0,0.13275737945850777
109697,0,0.23093742216932484
109700,0,0.31345905275878494
109703,0,0.5368697170416636
109704,0,0.22262719771365932
109709,0,0.5907072190452639
109712,0,0.4668423907498673
109713,0,0.41267559400498444
109714,0,0.20222398127503408
109716,0,0.19531804439337458
109723,0,0.33503261494219805
109725,0,0.4515611748592681
109728,0,0.45832628186756263
109730,0,0.2658797733097297
109740,0,0.692411009650887
109742,0,0.5139647392148236
109746,0,0.5451349015398912
109747,0,0.5488149926523391
109754,0,0.23704123617195216
109758,0,0.22973490990667356
109761,0,0.12254266482148102
109763,0,0.6433424178354847
109769,1,0.9147267450429116
109770,0,0.42889879155627414
109771,0,0.5070139999300913
109774,0,0.46383179973341243
109776,1,0.5712431722377659
109785,0,0.6928074696831639
109789,0,0.3481917045158766
109791,0,0.25078570340301476
109793,0,0.4463964916140393
109794,0,0.8438396394098134
109802,0,0.26327177732117246
109806,0,0.29451035889140276
109807,0,0.265795937382736
109809,0,0.1844434932037666
109811,1,0.40955209521170594
109812,0,0.506169341627276
109813,0,0.29472313111075854
109814,0,0.11184126544083571
109815,0,0.35238518063959523
109821,0,0.2699632384983921
109825,0,0.23125174254276606
109828,0,0.27385168232999857
109831,0,0.48810662092537416
109839,0,0.5458186744345029
109841,1,0.47016681086716794
109843,0,0.5976076388343323
109850,0,0.18440337703682488
109852,0,0.1558393463799544
109857,0,0.823864443777849
109860,0,0.12233903286868565
109862,0,0.2723918147550711
109863,0,0.330007658211365
109867,0,0.4092053352134661
109873,0,0.15228855602766042
109874,0,0.6966929026774464
109876,1,0.5362927245290698
109877,0,0.5096673321994234
109878,0,0.2086071594420381
109884,0,0.3016466110359291
109886,1,0.7626400345156651
109887,0,0.4039670677409011
109893,0,0.16828463277176192
109898,0,0.5230846576395682
109900,0,0.5223167089235145
109901,1,0.7209896288124799
109902,0,0.7513059553580195
109903,0,0.7428015158060853
109905,1,0.652647340430278
109915,0,0.48234232729695437
109917,0,0.26256353470170213
109918,0,0.670861661428276
109919,0,0.24015466784197811
109921,0,0.30745487991477755
109922,0,0.2215063373807417
109926,0,0.3053094697678104
109931,0,0.3034269456564529
109934,0,0.1401720292477029
109939,0,0.1844898318159969
109940,0,0.2686866810110103
109941,0,0.4911419740161105
109945,0,0.320909339055282
109957,0,0.2862193388703005
109960,1,0.5174873565832845
109963,0,0.6792031241387682
109971,0,0.4910780215199747
109977,0,0.2863045705087301
109978,0,0.11927412903493648
109979,0,0.18124442705169025
109980,0,0.2909313727689682
109981,0,0.5349379214027516
109987,0,0.410502752340343
109990,0,0.4738299389721898
109991,0,0.5176756664261954
109997,0,0.7694078013887995
110004,0,0.07517902496272644
110005,0,0.24853791545698728
110006,0,0.37822346156834885
110010,0,0.3483813844561793
110011,0,0.5077738507502734
110018,0,0.10513809438039609
110021,0,0.13880214922625203
110023,0,0.30432851668655075
110028,0,0.45949309123910265
110029,0,0.6834119475415413
110030,0,0.12483537291270369
110038,0,0.35649328334419306
110040,0,0.18320835778343772
110041,0,0.6324736141337371
110042,0,0.4646836128507499
110052,0,0.3534097558933592
110054,0,0.5190920302325288
110056,0,0.45601013734604207
110057,1,0.7999351795340129
110059,0,0.305069822984218
110061,0,0.6673891473295132
110062,0,0.20270826035043576
110063,0,0.14627326370393795
110064,0,0.8212498352515996
110067,0,0.4197961502646898
110070,1,0.3538492062277208
110071,0,0.4460399928917854
110074,0,0.40008640190693223
110079,0,0.38431187286708207
110085,0,0.5192739750123344
110087,0,0.5506862681804868
110090,0,0.6063020467331393
110098,0,0.27107044624110105
110102,0,0.6704212488066458
110107,0,0.49354882352486895
110112,0,0.1955829640891659
110114,0,0.17325753753210502
110117,0,0.1146323467331196
110120,0,0.5214805365056612
110123,1,0.41314358283316244
110125,0,0.48168161508341395
110129,0,0.5755986311299541
110130,0,0.2399344919980943
110134,0,0.7493284806612981
110137,0,0.35736367238296707
110139,0,0.3977569709640409
110142,0,0.7125633040530883
110144,0,0.3649387750043209
110147,1,0.8667010898823215
110153,0,0.42661480185290407
110155,0,0.2423792046629387
110159,0,0.2827625971703523
110161,0,0.3646967784835142
110167,0,0.30319741819854074
110169,0,0.37231164840397546
110171,0,0.11383833463097354
110172,0,0.29930875946414376
110173,0,0.30781895785656316
110174,0,0.2596163937332704
110175,0,0.3238499220640912
110176,0,0.6951408114122228
110178,0,0.38584222629751785
110180,0,0.6315069152717067
110185,0,0.7087820272383107
110186,0,0.19939066251269574
110187,0,0.4755121436124189
110190,0,0.12499696885668987
110194,0,0.5267420003423645
110196,0,0.5714628187050315
110200,0,0.3818789955425042
110207,0,0.3717111447921801
110208,0,0.4905713947089632
110213,0,0.10425943949775608
110218,0,0.12702534939780452
110223,0,0.6904559404646192
110228,0,0.46097121266272645
110234,0,0.22222826531217207
110235,0,0.36704404158749865
110236,0,0.28298579249769656
110247,0,0.2922557335460321
110250,0,0.3460550462660052
110265,0,0.34253323920120554
110266,0,0.26076107220128597
110270,1,0.5966712123532814
110272,0,0.38736856099170636
110273,1,0.46772423376247063
110276,0,0.46680895760126
110286,0,0.4378129145889087
110287,0,0.6903463051600766
110290,0,0.4612695513866391
110291,0,0.5891904149411621
110292,1,0.8667637029491926
110293,0,0.25508141818501967
110295,0,0.5297433204677701
110304,1,0.6617115539861614
110305,0,0.11233710508512565
110306,1,0.9735039213968919
110310,0,0.5174273319852651
110311,0,0.46565411566595405
110317,0,0.2797185012585758
110318,0,0.4888103460301774
110319,0,0.3901837506280964
110321,0,0.5217176877664588
110322,0,0.5446207496242872
110326,0,0.4154669550547903
110328,0,0.5444597782584452
110332,0,0.48565120635401243
110341,0,0.45132006291691984
110342,0,0.17749416446062583
110347,0,0.4231220778396917
110350,0,0.49530376317259295
110351,0,0.28365790715789185
110353,0,0.45211760657458
110356,0,0.3593551202683141
110359,0,0.6723693902399969
110366,0,0.45066667374043223
110372,0,0.6925152443321201
110374,0,0.4893452281320191
110376,0,0.1924535659006799
110378,0,0.448112603874998
110379,0,0.09011851682098292
110380,0,0.12806136689109612
110381,0,0.3092575493089002
110385,0,0.2817950484580027
110386,1,0.48402978834159405
110387,1,0.6573627067928324
110389,0,0.529310796966733
110390,0,0.4922761546643761
110391,0,0.1608321901714288
110394,0,0.32985283831085055
110400,0,0.7157214694563554
110402,0,0.478242623632682
110408,0,0.15294618172045077
110409,0,0.246977002067341
110410,0,0.4664725540990774
110411,0,0.32245167235123656
110412,0,0.5344935807018502
110414,0,0.34140037956566227
110415,0,0.32161987871270126
110421,0,0.463396802387041
110425,0,0.18797681152404205
110427,0,0.2133494929001108
110429,0,0.5021593236829814
110430,0,0.28697785071716536
110438,0,0.3306235339492432
110442,0,0.19284983386468155
110449,0,0.3686245801729334
110450,0,0.2983329103625582
110453,0,0.5942187944451217
110457,0,0.4478543487474257
110460,0,0.14228237247980827
110461,0,0.34897599522880735
110464,0,0.16637641768032696
110465,0,0.25749937931804917
110467,0,0.23471168308490484
110474,0,0.46337844801710215
110476,0,0.18634411503129128
110477,0,0.3015223813629531
110482,0,0.6033186937553126
110489,0,0.49830320708893605
110492,0,0.1555078097404008
110494,0,0.3678747884837836
110495,0,0.6010378757742864
110496,0,0.3194138234165342
110503,0,0.24846571713700097
110506,0,0.5809609337060547
110508,0,0.22837504013739365
110510,0,0.3767091017091963
110512,0,0.1748127243504456
110518,0,0.27248265603650695
110520,0,0.1629716464927731
110521,0,0.99950997792442
110524,0,0.7345982205152746
110531,1,0.4740262907319588
110532,1,0.4685361186713849
110538,1,0.6760889182746516
110541,1,0.38052990531683617
110544,0,0.6934653897131959
110545,0,0.610839672849193
110546,0,0.418205461751718
110552,0,0.25343087411887905
110553,0,0.11092198539615075
110571,1,0.39577099091319995
110573,0,0.5534899538002738
110575,1,0.7408787005152957
110576,0,0.231825591963826
110579,0,0.4491988662876169
110581,0,0.40290602307937934
110588,0,0.4337655486754567
110594,0,0.23036252659684503
110602,0,0.09922403696757832
110603,0,0.432540743375296
110607,0,0.34302123054325023
110610,0,0.27825889983240937
110613,0,0.4971188217324628
110614,0,0.48241250506428207
110615,0,0.3581057154446967
110617,0,0.48085038107697503
110624,0,0.47332598269288784
110626,0,0.22095065876625755
110627,0,0.2072046398777841
110628,0,0.34824249351805237
110636,0,0.5304963162856058
110638,1,0.826571959761057
110639,0,0.6730261153171793
110645,0,0.41223163739604196
110651,0,0.49118372873416283
110655,0,0.40308611718463794
110658,0,0.40873343092699943
110662,0,0.49246669586473446
110665,0,0.443624458192878
110672,0,0.4883068733488832
110682,0,0.45378382272569867
110684,0,0.07673662570573782
110686,0,0.2706704071191916
110688,0,0.0940982214836475
110692,0,0.17716211654866365
110700,0,0.5747837430522784
110703,0,0.5846330353939463
110704,0,0.4936774868421106
110712,0,0.39533903793384023
110713,0,0.11984418986117024
110714,0,0.36705356534834416
110715,0,0.4354278318485508
110718,1,0.6937847965838717
110719,0,0.4175233193429066
110721,0,0.43265124501342117
110723,0,0.5513398876779634
110728,0,0.7072466462099293
110730,0,0.11711600819908746
110736,0,0.25721640784457456
110742,0,0.38234492937853687
110750,0,0.48008832475355356
110751,0,0.5693788014847546
110752,0,0.34804057631124413
110759,0,0.611319966117934
110760,0,0.30129180815737533
110763,1,0.8625957181198866
110765,0,0.3450251253431052
110766,0,0.2115559497273109
110770,0,0.4088595386619164
110771,0,0.19854118295815776
110778,0,0.805826201993982
110779,0,0.37897849664915256
110781,0,0.5429976467919324
110789,0,0.30368068411202276
110791,0,0.2293645517446959
110792,0,0.1334126370801687
110794,0,0.6859466427609965
110796,0,0.4971967862120039
110803,0,0.49158936671752285
110805,0,0.43614342288992874
110810,1,0.6156404753694229
110811,0,0.3091850097892988
110813,0,0.6271379820247873
110814,0,0.4780544058477852
110819,0,0.23406184115612255
110820,0,0.6474337978408662
110821,1,0.7885385931781611
110822,0,0.6946792352789227
110830,0,0.31243771737845905
110836,0,0.5901433458200279
110841,1,0.6217170116466075
110848,0,0.4658124236274755
110851,0,0.07350188946544434
110852,0,0.4967149462841472
110859,0,0.6706110329229409
110861,0,0.35814252639566985
110865,0,0.24984200017791247
110867,0,0.7025934344547137
110868,0,0.4228038670572995
110870,0,0.6588272882713596
110871,0,0.1645818322426023
110875,0,0.5121384497764294
110882,0,0.45699989366115046
110884,0,0.4991596951278219
110886,0,0.654112934663687
110887,0,0.07498240264107008
110888,0,0.644042350918324
110889,0,0.5283396794102461
110890,0,0.2942053975570862
110894,0,0.34356836010496916
110895,0,0.07052279014462672
110897,0,0.46635525267755795
110898,0,0.3500056775679371
110899,0,0.2378888062563842
110905,0,0.14046721156895306
110910,0,0.41484927727464016
110916,0,0.16693041444382653
110917,0,0.46757389311146413
110920,1,0.7278536926637846
110925,0,0.6448967310594854
110929,0,0.8469510906832025
110934,0,0.316916266108094
110940,0,0.3835816805761237
110942,0,0.49451730030535584
110949,0,0.10826012230533603
110950,0,0.6245617075470082
110953,0,0.38401612344360936
110954,0,0.13457370663794896
110956,0,0.7355128608568406
110957,0,0.43994128644804575
110958,0,0.3248516724297478
110959,0,0.6531320970665863
110966,0,0.09730108722303574
110971,0,0.7294121450673804
110975,0,0.3805380366225596
110977,0,0.47253927811741736
110979,0,0.5335299437350227
110981,0,0.2317306152477236
110985,0,0.37172223370710633
110987,0,0.34014459457248225
110988,0,0.31670355947961015
110990,0,0.8340738185141737
110993,0,0.3775730895128912
110999,0,0.23148245213471094
111003,0,0.05994336483064511
111006,0,0.6135545137841457
111007,0,0.24276374051323704
111011,0,0.31969182075196695
111012,1,0.7781875189536517
111014,0,0.6652464641800989
111018,0,0.6428805533857803
111021,0,0.6209297601143015
111030,0,0.3482563124986592
111031,0,0.33213812805855425
111036,0,0.6856050825709686
111039,0,0.170410655597338
111045,0,0.2720056891991482
111046,0,0.35460349086847337
111047,0,0.36548969777230456
111050,0,0.5502097797669543
111055,0,0.23667559552247935
111060,0,0.19012081418426557
111064,0,0.4355094811030723
111067,0,0.6649578751475934
111068,0,0.19649342341168163
111069,0,0.21608592472231206
111075,0,0.47371753749881235
111077,1,0.7504681576080369
111078,0,0.6038836676536014
111079,0,0.10199063558829446
111081,1,0.9561984200409707
111083,0,0.8786108984039444
111085,0,0.18497766292605283
111092,0,0.5690429012097701
111094,1,0.8744226356813257
111096,0,0.16052097247057934
111097,0,0.5776018594099975
111098,0,0.31759008081414775
111102,0,0.5680471194345806
111105,0,0.6179407166967706
111109,0,0.5896130008842471
111110,0,0.33847260036171334
111112,0,0.3647557920948856
111120,1,0.995463209918201
111122,0,0.3935559964444426
111123,1,0.6764710467448932
111124,0,0.1078564891240218
111133,0,0.28029450553724194
111136,0,0.5336227960357279
111139,0,0.3834241430326836
111140,0,0.6048865520039619
111143,0,0.646377872824887
111149,0,0.18080050051297908
111154,0,0.16079942817189513
111159,0,0.3107207831092812
111161,0,0.11534575136910138
111163,0,0.36695695369228293
111171,0,0.4321587922691892
111173,0,0.3852720684615275
111175,0,0.27619866672703897
111185,0,0.5746991564966477
111188,0,0.7096152356060751
111190,0,0.1653338897592672
111191,0,0.23265616362678776
111192,0,0.5731440480544235
111194,0,0.5306521370750493
111196,0,0.6294734091055502
111198,0,0.5265211238616533
111199,0,0.24774211976682936
111201,0,0.5479171825247233
111203,0,0.3192591011685505
111206,0,0.45371307718719317
111207,0,0.9422415760847642
111219,0,0.16746367317689045
111221,0,0.6427745865813865
111226,0,0.7706442627191405
111228,0,0.4504913177118869
111229,0,0.628129151378463
111232,0,0.2860836454733191
111233,0,0.40288625378641785
111234,0,0.533110167679929
111238,0,0.8578645265311862
111242,0,0.14587297412564787
111244,0,0.2068282705182806
111245,0,0.49526601600235043
111249,0,0.1418073511288046
111250,0,0.773903654562068
111253,0,0.5898020506636564
111257,0,0.6117935367105071
111262,0,0.6126142527060421
111263,0,0.34935017447245004
111265,0,0.08821534668805468
111266,0,0.7614921401744137
111268,1,0.5592071421186635
111270,1,0.20227320076585287
111271,0,0.1897094778612266
111280,1,0.3650659366202483
111288,0,0.6531644272705776
111290,0,0.3017084589698387
111296,0,0.3250540129998663
111300,0,0.46210440836830097
111301,0,0.18199881461032985
111302,0,0.10784810010126296
111303,0,0.300266626989253
111304,0,0.7064587156681175
111305,0,0.6110980090583629
111307,0,0.42606626176627943
111309,0,0.28036361041107943
111311,0,0.4921761498431857
111315,0,0.3859134418724775
111320,0,0.4092094634962462
111321,0,0.2757740912143045
111322,0,0.36330236069142785
111324,0,0.4492488067027971
111325,0,0.34179114128343524
111328,0,0.6373559666771015
111332,0,0.21428983058642842
111336,0,0.7221710499254258
111337,0,0.4673750824012191
111338,0,0.5607381298204596
111343,0,0.42455668598392676
111348,0,0.4254852740878473
111352,0,0.4496495142956815
111354,0,0.6055394315711607
111357,0,0.4506075085854511
111358,0,0.3145098975576955
111360,0,0.656772485021826
111361,0,0.20699591981875815
111364,1,0.5255653818733017
111365,0,0.16002703023644174
111366,0,0.19980128094172456
111372,0,0.23761262330676786
111378,0,0.621222749117135
111380,1,0.9083721750011796
111382,0,0.5402663961925753
111385,0,0.3077131414328049
111391,0,0.06627224241665702
111395,1,0.8364684225870048
111396,0,0.18947507669289712
111397,0,0.356490265669769
111400,0,0.2594444953209634
111402,0,0.25780008975534435
111403,0,0.17473413769860954
111417,0,0.5536831142415709
111418,0,0.08388957448566287
111420,0,0.7188346918658962
111424,1,0.7732110624451597
111425,0,0.32981926398996075
111426,0,0.23742303243851512
111428,0,0.4402956869642936
111431,0,0.46808686533713884
111433,0,0.6279132737016943
111434,1,0.6460951563638563
111436,0,0.18482922512785294
111441,0,0.6480899217311009
111449,0,0.5307210494398622
111452,0,0.7372853916489139
111453,0,0.21907160831226205
111455,0,0.5914548551186758
111456,0,0.331182542677522
111459,0,0.4255988321369166
111461,0,0.4560082325383408
111463,0,0.5789864903292425
111465,0,0.05046904770658703
111479,0,0.4199553578930625
111486,0,0.35601159939499794
111493,0,0.6307097328024539
111497,0,0.18041520592869573
111501,0,0.43643516597235565
111502,0,0.8118077541620397
111503,0,0.8317115011032707
111507,0,0.44071920347701926
111508,0,0.43458291397899107
111510,0,0.2898453922346499
111511,0,0.2634205797680739
111516,1,0.48480762099201086
111522,0,0.49859426939569257
111533,0,0.21442486801317925
111534,0,0.2864886027477462
111535,1,0.6401494906430985
111537,0,0.22847597375981996
111542,0,0.5627900021371867
111543,0,0.1388037664088942
111550,1,0.5410855135724608
111551,0,0.2999793620808256
111554,0,0.6014359260044926
111555,1,0.21952764663498722
111557,0,0.2649672625769852
111564,1,0.9991581552144182
111571,0,0.5265049474519702
111585,0,0.3035697895961111
111586,0,0.4060160615750751
111588,0,0.516728908932996
111589,0,0.3037657277425489
111590,0,0.40998056648908376
111595,0,0.23971774361592557
111598,1,0.5200142640001265
111602,0,0.5445396286814236
111608,0,0.2850568128168412
111610,0,0.35728192622320504
111613,0,0.23375181416027394
111618,0,0.24991194134366362
111620,0,0.23946863729498832
111625,0,0.657082360655771
111629,0,0.4801894027246668
111632,0,0.45326998072642005
111633,0,0.3028733997201424
111638,0,0.4603888072374301
111639,0,0.6403387126162108
111640,1,0.7466806387643904
111643,0,0.6149886405747519
111645,0,0.34218533063328993
111652,0,0.10015477229062908
111655,1,0.28012164852284455
111659,0,0.22561693583470332
111660,0,0.32201378112466233
111664,0,0.5360173001101627
111666,0,0.5646192886235113
111668,1,0.8405218747079137
111669,0,0.6802489952001939
111671,0,0.22553137863613104
111673,0,0.1989447646996935
111675,0,0.18926763555586196
111676,1,0.29202625060274545
111679,1,0.18619112311797592
111683,0,0.09755926394406031
111688,0,0.28824927952157164
111692,0,0.2598736855291273
111693,0,0.17210539236601488
111695,0,0.1793706880856824
111705,0,0.18055796118329984
111707,0,0.8227363922410138
111710,0,0.17231991637046046
111712,1,0.9505870526360485
111717,0,0.25201052114881795
111719,0,0.09848982871311933
111724,0,0.1709847178970314
111726,0,0.2668430753381829
111728,0,0.7658355556775867
111729,0,0.47818355231953286
111732,0,0.23992549854272857
111733,0,0.5507946168418895
111736,0,0.48543097732533885
111741,0,0.32494436648015357
111744,0,0.2170230617230939
111745,0,0.72071871679749
111751,0,0.44143329219780475
111753,0,0.42895130927086533
111754,0,0.48075921581010067
111760,1,0.4294038239291094
111765,0,0.48045229487345226
111766,0,0.3229761272565129
111767,0,0.30632307078934334
111768,0,0.3260245645500277
111770,0,0.38539623541001355
111773,0,0.08101371066102711
111774,0,0.1299360965137351
111776,0,0.4047918850612062
111778,0,0.2031407146391341
111779,0,0.32878580375005234
111783,0,0.44684351345369966
111787,0,0.4723307610539676
111789,0,0.16943747106410745
111791,0,0.5419295790471189
111792,0,0.25876663007211814
111795,0,0.3756305481106471
111796,0,0.22726937504433908
111797,1,0.7708596685208662
111801,0,0.21257425856164866
111802,0,0.11872925713085271
111803,0,0.5393385879409144
111804,0,0.759172946175089
111810,0,0.6054416457862579
111821,0,0.4279355479154064
111825,0,0.4998433960895476
111827,1,0.7518452851763366
111831,0,0.553027185708561
111833,0,0.2129802844932992
111837,0,0.18508014375465892
111839,0,0.5436123598060638
111840,0,0.5881988170056909
111846,0,0.24003793558628156
111849,0,0.5009674581452358
111850,0,0.26910366626847854
111859,0,0.7222736808498804
111860,0,0.48864238150813466
111864,0,0.21192218701197998
111869,0,0.2631937711135496
111870,0,0.3759029297476133
111872,0,0.28734564891822767
111874,0,0.36317773728640457
111875,0,0.5640303163532738
111876,0,0.6642064152767121
111878,0,0.43814450622811946
111879,0,0.5716246459490136
111882,0,0.32707620483679795
111883,0,0.7446559630103626
111884,0,0.5260842173808227
111887,0,0.19600240196673765
111890,0,0.4848354621951471
111893,0,0.5338717672915338
111894,0,0.1764866286565153
111896,0,0.6844123761326891
111900,0,0.43688892582790906
111901,0,0.5462566565575561
111904,0,0.2839521481356876
111906,0,0.5098297479425999
111908,0,0.26135031282578963
111909,0,0.9816139507386337
111911,0,0.4906952971114859
111918,1,0.7128123767767847
111921,0,0.5501155372299282
111922,0,0.2770250762915441
111923,1,0.522911977353335
111925,0,0.2546118640004768
111927,0,0.6109990191320276
111928,0,0.2663251324459922
111930,1,0.6894197230239808
111934,0,0.32607501114000115
111935,0,0.2241177388285526
111938,0,0.24117047231375857
111942,0,0.2718017050120068
111943,1,0.7721605469870754
111944,0,0.33640253891410143
111947,0,0.5455180022938487
111960,0,0.17677065028927327
111968,0,0.635363714102133
111970,0,0.22019358053612342
111971,0,0.3431241100669699
111972,0,0.18078866202197683
111973,0,0.3973578546916209
111974,0,0.3346453965079314
111977,0,0.724173599354909
111979,0,0.05927897441171842
111982,0,0.4283036542445986
111983,0,0.47434667461422036
111986,0,0.8772442132925288
111990,0,0.9798063750137317
111994,1,0.7372449622984323
111995,0,0.4561913631597647
112001,0,0.8240287529136437
112005,1,0.6816894986499732
112008,0,0.516287489609088
112011,0,0.47564453969523274
112012,0,0.18318800724695078
112015,0,0.37446236867167954
112018,0,0.49513275815974356
112023,0,0.24502576593617223
112028,0,0.4117930707553576
112031,0,0.39880915436812936
112038,0,0.1961596643814586
112047,1,0.577698576927258
112052,0,0.4325216762549363
112055,0,0.12529294035922814
112060,0,0.38278334081381266
112067,0,0.5731828646493333
112071,0,0.5525528399078674
112072,0,0.6141544323242056
112073,0,0.2136476549535104
112080,0,0.42511014389569496
112084,1,0.6449364386155457
112086,0,0.4786422613369455
112088,0,0.14889443783793604
112089,0,0.35623836000791287
112090,0,0.4847521522207219
112098,0,0.37800171263849874
112102,0,0.3274724635320254
112106,0,0.39600356808626
112109,0,0.23525020688733406
112110,0,0.13456668349499454
112113,0,0.508700585514726
112115,0,0.4894360571349516
112116,0,0.2769121063547955
112122,0,0.09229387907166571
112124,0,0.5406240877304532
112126,0,0.6743051924252762
112128,0,0.5934843003638149
112131,0,0.3460703423691078
112132,0,0.5427474350966764
112134,0,0.6037896669477625
112136,0,0.5476663634390496
112139,0,0.49574309792606475
112145,0,0.14621878770599572
112146,0,0.32079222909571836
112148,0,0.28300265180862016
112149,0,0.71294045334677
112156,0,0.23251640645294105
112158,0,0.14715043604781528
112159,0,0.4304281908212786
112161,0,0.37145213007599764
112165,0,0.24297777900084946
112168,0,0.5545675953636537
112171,0,0.33377630837125927
112173,0,0.1503342405326017
112174,0,0.24946911857796114
112182,0,0.5535154039162452
112184,0,0.5281502249883
112186,0,0.3180392233559861
112187,1,0.3950683784816762
112191,0,0.46000787149097777
112193,0,0.4588588733003888
112195,0,0.5643871904965873
112201,0,0.13323305878853628
112208,0,0.24657947602095728
112210,0,0.5008316006372222
112212,0,0.9478376277105556
112213,0,0.32595354546336974
112215,0,0.5326042443962096
112218,0,0.43568462518168766
112219,0,0.13515725649352459
112222,0,0.20921600559265632
112226,0,0.607808979938934
112228,0,0.09898183790091057
112230,0,0.487401789769071
112231,0,0.36912522740651404
112235,0,0.3714409404062415
112238,0,0.4062922162065565
112239,0,0.24221184962419698
112240,0,0.3387731757577958
112242,0,0.36984838769862816
112243,0,0.43622119564846784
112248,0,0.2832207134469656
112251,0,0.24224652706803404
112252,0,0.6361766418078351
112256,0,0.19837618794351033
112265,0,0.6776745559309418
112271,0,0.5511374657301941
112275,0,0.3342354639330231
112280,0,0.3825198901331268
112284,0,0.2346892419251527
112285,1,0.6767675464509673
112289,0,0.48383118656467256
112294,0,0.6377636070265855
112296,0,0.2934910209321843
112299,0,0.2761460044620339
112300,0,0.6342230461961688
112303,0,0.6321188022933212
112305,0,0.6884985641744029
112309,0,0.3135786480553108
112312,0,0.5557672817032249
112317,0,0.6744812098452724
112320,0,0.3939098267077467
112321,0,0.5098727174590811
112327,0,0.7194792492542491
112330,1,0.2892646165035723
112333,0,0.5840083194303042
112335,0,0.23314503377754361
112341,0,0.12936438486122262
112347,0,0.44624281340991523
112349,0,0.5078013789435871
112354,0,0.4089686181573419
112355,0,0.28039975676263945
112356,0,0.21568708105850898
112357,0,0.11142226263539293
112360,0,0.3167596750881799
112362,1,0.41593440948765237
112363,0,0.4169445179303959
112365,0,0.27213963353157167
112368,0,0.4093264254536939
112371,0,0.058123091121910754
112375,0,0.4542591544307239
112377,1,0.25639232197743145
112383,1,0.9402633039056282
112385,0,0.2799437091856693
112389,0,0.33904936365261645
112391,0,0.5454421070641334
112399,0,0.413206412603208
112406,1,0.7834427984981358
112412,0,0.20707254606275496
112415,1,0.4224592140509582
112416,0,0.5268862477062832
112422,0,0.41734326464915483
112431,0,0.11115998946348876
112433,0,0.3845215399840714
112444,0,0.4214174442186891
112446,0,0.649323435330116
112448,1,0.8460525699321001
112450,0,0.5126105492850921
112451,0,0.6978726727700851
112454,0,0.6737834482378304
112456,1,0.9569417710855977
112464,0,0.41046300141509584
112466,0,0.5771108800067448
112467,0,0.6837814057714615
112468,0,0.3105759686893997
112475,0,0.6614352807595262
112480,1,0.2841211473689756
112488,1,0.6787155613224042
112499,0,0.4945964305388823
112501,0,0.5126079641211956
112503,0,0.5133697496430123
112504,0,0.4552976159524009
112506,0,0.40170601316517546
112510,0,0.5647182055695265
112511,0,0.43548245964096255
112516,0,0.758823710834673
112525,0,0.6438642557360753
112530,0,0.4509639083145869
112531,0,0.26056016387966363
112534,0,0.5935660153038244
112538,0,0.21314876445447808
112543,0,0.5373253549825006
112544,0,0.16718250376062554
112546,1,0.321418355774893
112547,0,0.3378399753381724
112551,0,0.18579361368866268
112553,0,0.2175617489943271
112556,0,0.16797748775642005
112560,1,0.620791964315184
112563,0,0.22779432705462563
112565,1,0.4527634016270351
112566,0,0.20348294842581838
112568,0,0.2178218984104505
112569,0,0.2577187563097098
112574,0,0.625556877836605
112579,0,0.20318614027061976
112580,0,0.275831823966185
112581,1,0.49823284717333405
112582,0,0.1955207491871331
112583,1,0.2987700702082472
112586,0,0.19359289862879603
112587,0,0.07482205436245407
112589,0,0.5923022344981965
112590,0,0.2886058163120181
112594,0,0.6180508222379671
112596,0,0.4791503782996124
112599,0,0.1612172463583632
112600,0,0.4710813218022492
112605,0,0.2276092017105116
112606,0,0.3519438908960452
112609,0,0.38516925811131
112610,0,0.4152806269355661
112617,0,0.28603204394702686
112621,0,0.49694578789037713
112632,1,0.34643314195936975
112639,0,0.4862812733992605
112643,0,0.1683406365875084
112645,0,0.11533997057659648
112648,0,0.5241708363178931
112659,0,0.24688601763409584
112660,0,0.39262893733001064
112661,0,0.21112804380629763
112664,0,0.1980208034108284
112666,0,0.1699801535051022
112667,0,0.5069034337200932
112670,0,0.3451805903543852
112673,0,0.3263514979102924
112675,0,0.5082346818338705
112677,0,0.555094884946396
112680,0,0.630036248348274
112681,0,0.7068563601812582
112684,0,0.32732612556833646
112685,0,0.2879425778228513
112692,0,0.45407813395735486
112693,0,0.2233899992287188
112697,0,0.349001213599262
112699,0,0.729879510910533
112702,0,0.08498716850192838
112703,0,0.4075840213331212
112706,0,0.17474634973665693
112707,0,0.34969061109055655
112709,0,0.18446462127341826
112710,0,0.5545317677510795
112712,0,0.5320651216865374
112713,0,0.576622762347734
112716,0,0.37793258164313287
112720,0,0.2805532297342884
112724,0,0.10263053474595418
112725,0,0.5924607112037865
112726,0,0.515339578998028
112729,0,0.2898544562287962
112731,0,0.3329278498979806
112736,0,0.7505102799105473
112738,0,0.6541114652573556
112739,0,0.5299924742338576
112744,0,0.3357745110200719
112747,0,0.4916861657191982
112749,1,0.7394891546276807
112751,1,0.13413808753159945
112752,0,0.6585027476364977
112764,0,0.7044047023857006
112769,0,0.29635939084567087
112770,0,0.5978953628887209
112772,0,0.20474016406065437
112777,0,0.18245779590346034
112781,0,0.4045560867442317
112783,0,0.6952351057270378
112787,1,0.648893503232688
112789,0,0.528664452369667
112790,0,0.3978970101420182
112792,0,0.4428813099500207
112793,0,0.14149186019964993
112798,0,0.6484434840811727
112800,0,0.4044724614957125
112802,1,0.646335169223953
112803,0,0.47537746650051943
112805,0,0.3427665855722727
112818,0,0.3002424419511969
112823,0,0.715267217108104
112824,0,0.5285029451394352
112828,0,0.47545904579426734
112834,0,0.5070467490866875
112839,0,0.1368322040021292
112840,0,0.5084863935944626
112842,0,0.36564166386786795
112845,0,0.44668444724159284
112847,0,0.1521794201611299
112849,0,0.14102827987566688
112850,0,0.45985758949138067
112851,0,0.5631911644211487
112852,0,0.5525004720151458
112855,0,0.44575151522141426
112860,0,0.39029751678893726
112861,0,0.4427910364673435
112864,0,0.1562087653095519
112866,0,0.6608110181361946
112874,0,0.46798510965207446
112877,0,0.1898164505442968
112882,0,0.15753113386495407
112883,0,0.5771887715250434
112884,0,0.2663562605790728
112886,0,0.5278020201548512
112890,0,0.45627144603258923
112897,0,0.34866552509538856
112901,0,0.6874068222132391
112906,0,0.2245602041779841
112907,0,0.6295278408182464
112908,0,0.6736602882952731
112910,0,0.2995139251440149
112913,1,0.6234460268199676
112919,1,0.9772906403965541
112921,0,0.4721656099403067
112924,0,0.6391231288473083
112926,0,0.5718318914904139
112927,0,0.3926988193496155
112931,0,0.27217972171866134
112937,0,0.3792393495845779
112938,0,0.36843852366861346
112939,0,0.43605099652684387
112940,0,0.3582971364556143
112942,0,0.2795136078401666
112944,0,0.5852719656853151
112948,0,0.351914729411486
112949,0,0.4090909131851874
112951,0,0.8741800456195089
112953,0,0.3878870332326323
112956,0,0.1399758434312397
112957,0,0.3677757808218818
112958,0,0.1565800361129156
112960,0,0.20867367518514082
112965,0,0.1108000838406746
112966,0,0.4569899924185573
112970,0,0.44778542107285113
112981,0,0.13174532809729525
112986,0,0.23407159013523413
112987,0,0.4189288183335901
112988,0,0.4793739242165221
112990,0,0.37473337191259076
112991,0,0.19067217768881717
112992,0,0.7094354899281766
112994,1,0.4974256935193083
112997,0,0.3904430951599474
112999,0,0.41311989463566506
113001,0,0.20122905075726372
113008,0,0.4132743810286745
113009,0,0.26920356665253553
113010,0,0.5305927026931093
113013,0,0.605335579829512
113020,0,0.47527186711884767
113023,0,0.22720538905341253
113026,0,0.8138962685633354
113027,0,0.08509305581194003
113030,0,0.24235768092777726
113032,0,0.44408524055859133
113033,0,0.2659480557544096
113038,0,0.46913499132635694
113045,0,0.17898095469119302
113047,0,0.49922815907018725
113049,0,0.5406191400266493
113055,0,0.29897452193108165
113056,0,0.26746238446309467
113057,1,0.5845520145056513
113058,0,0.1880703288703474
113059,0,0.11555950575929867
113060,0,0.9774147368587807
113061,0,0.17717027096129961
113066,0,0.1284242888913119
113087,0,0.40559685734906264
113092,1,0.28466461257910475
113093,0,0.45547642440331865
113098,0,0.26016356153203535
113101,0,0.35120341891184237
113109,0,0.27804981765233505
113111,0,0.4716228333827097
113113,0,0.42189341793927776
113116,0,0.5339441499056075
113119,0,0.6515995213793477
113120,1,0.8761406756421956
113122,0,0.3706045099814141
113123,0,0.13576535515369056
113125,0,0.12437772330061624
113126,0,0.45398293923748034
113128,0,0.6648555907862532
113129,0,0.5847259140613291
113131,0,0.47614124605765035
113136,0,0.6266585199492026
113144,0,0.9365456895749741
113145,0,0.45402528366986705
113151,0,0.560662210050297
113152,0,0.3370215409140363
113153,0,0.1602562268135034
113161,1,0.5811951437902831
113162,0,0.4006466548236739
113166,0,0.7150758018833251
113169,0,0.36290794043390556
113175,0,0.6059950255445129
113178,0,0.40759638700482315
113182,0,0.19773658167275365
113183,0,0.4601965398979766
113188,0,0.5724825249186635
113189,0,0.6817446522600461
113194,0,0.7002654319718581
113197,0,0.12959005606931498
113199,0,0.46250103250596414
113202,0,0.3708070950326136
113204,0,0.19297627580488305
113209,0,0.49261417045847183
113211,0,0.4317188987847008
113215,0,0.14108017996696856
113216,0,0.3473677815507462
113220,0,0.17589680375700356
113222,0,0.35542101410651905
113223,0,0.2985401203982566
113227,0,0.5952905699193873
113232,0,0.41176569272503155
113237,1,0.7252596078020302
113242,0,0.5542458645330877
113244,0,0.39023331026294683
113250,0,0.32242793361415406
113253,0,0.5570329819220439
113254,0,0.4265649797188835
113257,0,0.4869255353871219
113264,0,0.3534288214442921
113267,0,0.46007788351586115
113268,1,0.3779211542461672
113270,0,0.33635407805186385
113271,0,0.2889536718962552
113272,0,0.2314267489413816
113274,0,0.5303858534884033
113275,0,0.4226908150361519
113279,0,0.6951499955076409
113281,0,0.5767566647294259
113285,0,0.5973273045910429
113286,0,0.6506902195420484
113289,0,0.4043744546705947
113292,1,0.6919572784397615
113294,0,0.3861973918783271
113298,0,0.3071560489101095
113305,0,0.6169390990648912
113311,0,0.5611430338278184
113313,0,0.21086039686769695
113316,1,0.8603162788353829
113320,0,0.27713484199480654
113324,0,0.40258773132258524
113325,0,0.14615478084419609
113326,0,0.686522144030345
113328,0,0.1527349294664103
113331,0,0.45348549518900744
113332,0,0.139444497201088
113336,0,0.4888993601825276
113343,0,0.5439253560416701
113347,0,0.2602458389271169
113349,0,0.6361006996310585
113357,0,0.30147712306059127
113362,0,0.5007353731757613
113364,0,0.18086841024711983
113365,0,0.15528350676195118
113367,0,0.6665031886723475
113368,0,0.2542326324886258
113370,0,0.6767614893492729
113371,0,0.5551891224776409
113372,1,0.48997021562435134
113373,0,0.23002519904774177
113374,0,0.09443428095660188
113376,0,0.3978482977703266
113378,0,0.6377986724963096
113379,0,0.6824999224337518
113385,0,0.5170944843410705
113386,0,0.3236102419234198
113403,0,0.3157619863181415
113409,0,0.22004242122593184
113416,0,0.4998164287004713
113418,0,0.14429703757054055
113420,1,0.5329668952413676
113425,0,0.2943277903237243
113427,0,0.5271168050085555
113430,0,0.6630665881716835
113432,0,0.2736796293701083
113435,0,0.1984314751111133
113436,0,0.2205774460906214
113437,0,0.7107048674458529
113439,0,0.5997028546116083
113440,0,0.40593662231291366
113442,1,0.5565005931516468
113443,1,0.8179756205369709
113445,0,0.19833555212504417
113448,0,0.21812045661597476
113453,0,0.3383828414099927
113455,1,0.6628437259841626
113461,0,0.4224936624679546
113462,0,0.3037957661668207
113463,0,0.38012470537637616
113464,0,0.12913721097500583
113468,0,0.3672783631287629
113472,0,0.29551351239649726
113475,0,0.3860997289383056
113477,0,0.3645525084227792
113478,0,0.33178198667049763
113479,0,0.3871483359451479
113480,0,0.46961811208640186
113486,0,0.41978905594177973
113487,0,0.45267890539630146
113492,0,0.5102766618694887
113493,0,0.2941980642085444
113499,0,0.22202297647984115
113500,0,0.41189711279372887
113505,0,0.13857866347967596
113509,0,0.2677377552357939
113510,1,0.3874046051271148
113514,0,0.7389012803889078
113527,0,0.7227126255790914
113528,0,0.7433645827761659
113531,0,0.24941943077199133
113532,0,0.2619444364307558
113539,0,0.45887745562624604
113541,0,0.5899693746383483
113542,1,0.5151756093454786
113546,0,0.5412484406442991
113548,0,0.4787790378126101
113550,0,0.33734981339486547
113551,0,0.18657398620846466
113552,0,0.730547407565113
113553,0,0.3365418072773772
113558,0,0.20364092268311418
113559,0,0.5556918459162266
113560,0,0.3623746560089734
113562,0,0.28552549086289064
113565,0,0.20107085584327003
113566,0,0.24066591662361922
113569,0,0.3668590687270528
113573,0,0.8955778902822213
113575,0,0.8461055298549145
113576,0,0.3588696755607971
113577,0,0.2726939126056512
113578,0,0.19807914982067784
113580,0,0.57298797979175
113581,0,0.43910604242532
113583,0,0.14792666886424158
113587,0,0.47225967480218944
113593,0,0.20891612678946672
113597,0,0.6049570560905587
113600,0,0.4389303341162681
113602,0,0.5380232914834869
113615,0,0.28297063042804155
113619,0,0.529556278266301
113621,0,0.41110618698343154
113624,0,0.3004583812515116
113630,0,0.3289531961845529
113631,0,0.38626842016542573
113633,0,0.4160906245267363
113636,0,0.18519697534138216
113637,0,0.2717802913755473
113642,0,0.718945510995419
113644,0,0.0876881116043145
113646,1,0.4615246336977891
113648,0,0.4957993725213703
113649,0,0.6137519983345954
113651,0,0.6613719094428213
113661,0,0.08560270715759104
113663,0,0.289103846059157
113666,1,0.4311307325953049
113668,1,0.738294707593645
113673,0,0.12879263746328903
113674,0,0.6843141220401604
113676,0,0.13827387401885105
113677,0,0.08797555640958914
113678,0,0.3255495936919816
113681,0,0.6575624929624309
113683,0,0.49911048664468344
113684,0,0.656707919669985
113690,0,0.10198866157444342
113692,0,0.11485495353337553
113695,1,0.42402943002518695
113699,0,0.39470335406384705
113702,0,0.45037675414830397
113704,1,0.6624284750455504
113706,0,0.3999345639083589
113707,0,0.5050682493925379
113708,0,0.07623582100578512
113714,0,0.4813001556496394
113715,1,0.6857499663376807
113716,0,0.23568572281201353
113717,0,0.3819482329410981
113737,0,0.42662658807856596
113738,0,0.40957460886290015
113742,0,0.12300703337645266
113747,0,0.46481511286726374
113750,1,0.6165245882188408
113751,0,0.5704331625397921
113757,0,0.19944163715193056
113762,0,0.5040071052172217
113763,0,0.22560447554672927
113767,0,0.24821289284729597
113768,0,0.3185524616807611
113769,0,0.1778258791113699
113770,1,0.6933669848679952
113773,1,0.7763223646993488
113775,0,0.344280464772423
113777,0,0.5893405107512365
113781,0,0.27906579684890476
113787,1,0.6197362940056691
113788,0,0.17876904727781742
113791,0,0.08689383459806363
113792,0,0.14611753742027195
113794,0,0.15881287774172304
113799,0,0.4584039933865691
113801,0,0.3542156160964986
113803,0,0.4443702529976842
113807,0,0.2064306974173819
113808,0,0.2511364534441224
113810,0,0.4652526016724826
113812,0,0.12872903718350887
113815,0,0.4928156429938826
113819,0,0.47581799295013866
113820,0,0.30797861704112395
113822,0,0.24848994344988753
113824,1,0.3939765388958893
113825,0,0.38092916981649655
113827,0,0.6013890281234827
113828,0,0.2671445419109916
113834,0,0.359638909111478
113838,0,0.3702277939877789
113839,1,0.46760115625126597
113840,0,0.5435871441797906
113843,1,0.5414555232003448
113844,0,0.3281063023363958
113847,0,0.2612572146140273
113849,0,0.0919325942912548
113851,1,0.6112137468974106
113852,1,0.7845446492686198
113854,0,0.47344845512700706
113856,0,0.6369112889320955
113857,1,0.35917112759665687
113860,0,0.2297072545933673
113863,0,0.35298158454621076
113865,0,0.2864728075201199
113866,0,0.38294143545562115
113868,1,0.708494049812507
113869,0,0.5003104697737822
113872,0,0.6597858786422789
113874,0,0.49896662104236417
113889,0,0.7756659730345629
113891,0,0.20941218599305403
113895,0,0.6566846282814872
113897,0,0.28870208691503507
113899,0,0.4082426503227175
113900,0,0.3808946422661678
113906,0,0.2630366876948381
113914,0,0.10023416378495108
113915,0,0.36536985539612854
113922,0,0.6185583035872471
113926,0,0.7325248043490397
113928,0,0.13988855249687807
113934,0,0.41814826580482384
113936,0,0.6375667256654769
113943,0,0.5147678433022557
113945,0,0.5092395619209398
113946,0,0.33015967795142004
113947,0,0.15897630457535078
113951,0,0.3306671401154547
113954,0,0.36323559227903424
113957,0,0.40623341732346624
113958,0,0.5083635609281767
113965,0,0.25177198788024113
113968,0,0.5197170795945271
113971,0,0.6231496146384105
113972,0,0.3072283878095746
113973,0,0.666474454540331
113976,0,0.31253283534879706
113978,0,0.5671108139191497
113979,0,0.1363750717962833
113983,0,0.3380951246702344
113987,0,0.35723410627809404
113994,0,0.39965926977681254
113998,0,0.3337008839411128
114001,0,0.24308342006637257
114005,0,0.472764251125681
114008,1,0.8354828624427765
114015,0,0.3847215706124002
114017,0,0.5975152750715347
114023,1,0.8205829469579922
114028,0,0.562078135190699
114030,0,0.1439552418337672
114032,0,0.413919494893551
114034,0,0.34871768096772676
114038,0,0.5146236155742369
114039,0,0.5707197704190111
114048,0,0.14344452270431785
114054,0,0.6537958050160642
114056,0,0.4414978972715336
114059,0,0.5177100077647603
114060,0,0.18354290536738932
114069,0,0.27302513752364405
114078,0,0.1723359030678341
114082,0,0.3909683922446397
114087,0,0.41377974513393545
114092,0,0.3421028523478264
114093,0,0.27653150506398316
114096,0,0.6243625464882947
114098,0,0.3555204834321191
114101,0,0.4983982991730907
114103,0,0.3920121370075945
114105,0,0.5490599814484983
114106,0,0.5288246323814672
114108,0,0.2805801899614147
114114,0,0.4487825796277394
114117,0,0.40239034129662793
114118,0,0.6089148659385143
114123,0,0.5095494110237776
114124,0,0.2569997764899399
114125,0,0.48886451214009874
114128,0,0.5925883611588925
114130,0,0.2879307166475646
114133,0,0.5241050703552512
114135,0,0.1145485498701301
114136,0,0.4546130287478227
114145,0,0.4353527941415483
114147,0,0.24850682076073716
114157,0,0.2520684198633486
114162,0,0.6662050253728288
114165,0,0.5782000109764949
114167,0,0.16249069689333603
114178,0,0.6616262869409819
114181,0,0.41538644586638773
114182,0,0.4467306076215828
114195,0,0.25754688896243905
114199,0,0.24536668923196336
114213,0,0.7505538057890733
114222,0,0.2613490956037056
114228,1,0.35813928603766043
114229,1,0.4335663376474222
114239,0,0.2358570849214518
114244,0,0.28182233641596316
114246,0,0.2688394531615097
114247,0,0.4844208131262215
114248,0,0.43305892736715196
114257,0,0.40904704917149887
114260,0,0.23122960397808376
114272,0,0.13647599307999927
114273,0,0.5096211893360407
114276,0,0.4333795473579471
114279,1,0.6408782122165558
114291,1,0.5309388459097343
114294,0,0.28163455096341544
114298,0,0.33118869605271384
114300,0,0.4325130163649306
114303,0,0.2173539591084385
114305,1,0.6042093097743262
114306,0,0.24679831143825576
114312,0,0.17163202971844502
114314,0,0.37158074490546306
114319,0,0.1110549131620583
114320,0,0.5300221242423475
114323,0,0.38706972421068514
114324,0,0.5260315308381646
114327,0,0.25604715770340813
114329,0,0.5206991834766183
114331,0,0.34238536610415127
114332,0,0.5261726832223893
114333,0,0.12970442500887014
114334,0,0.14237517592963378
114337,0,0.4827940872203469
114338,0,0.269440345137464
114339,0,0.38821057958664534
114345,0,0.3184682555191784
114351,0,0.5503430871839287
114352,0,0.29681754087843637
114353,0,0.5120514922703906
114357,0,0.4582883063914956
114361,0,0.6550405335435562
114364,0,0.5124252933441559
114366,0,0.5832997910846487
114369,0,0.5319712080215147
114374,0,0.20803538095588736
114377,0,0.218185296691005
114379,0,0.24380573965430113
114383,0,0.7530096304494737
114386,0,0.5982006780987273
114393,0,0.2885479880142869
114396,0,0.258491628921587
114403,1,0.5788753722731346
114404,0,0.4423379946002712
114405,0,0.24352777216880284
114407,0,0.5370946773903814
114410,1,0.638559192946079
114412,0,0.13721701951458293
114413,0,0.3220427763584151
114417,0,0.486149049636102
114419,1,0.5181721031485083
114422,1,0.4348309958212319
114423,0,0.37043646608834946
114430,0,0.13453288276981668
114431,0,0.39031643500997265
114438,0,0.3778167061009952
114445,0,0.4077177131949262
114446,1,0.43910075918397545
114448,0,0.1552169994108151
114453,0,0.2429194490635063
114458,0,0.26579443857520724
114461,0,0.5222525135743258
114463,0,0.5539550372525889
114467,0,0.369711896392597
114481,0,0.4527758586888538
114483,0,0.6034857382330664
114487,0,0.5141915699660693
114490,0,0.5212137492319947
114491,0,0.607970000421356
114497,1,0.5966296485084325
114498,0,0.4955226337194475
114499,0,0.40820738324094913
114500,0,0.5014175887947286
114505,0,0.18116220665657592
114507,0,0.5544929826031331
114512,0,0.23202411424889863
114514,0,0.35790398295278975
114517,0,0.6514687059134296
114519,0,0.3706433404264605
114521,0,0.25538501526511176
114523,0,0.17594559023852144
114527,0,0.277543955800949
114530,0,0.2233753686787003
114533,0,0.11019792181629559
114534,0,0.8285642381685953
114535,0,0.5619843576944163
114539,0,0.4793291385789062
114542,0,0.13504868244727478
114547,0,0.5712455223901188
114554,0,0.8240642591419874
114555,0,0.13027723663510193
114557,0,0.13722819131227457
114560,0,0.31197121173981585
114576,0,0.33953231155648805
114578,0,0.16023707976193102
114589,0,0.7082655119243483
114594,0,0.3128335903977939
114595,0,0.27825712343396886
114602,0,0.1118811598000438
114607,0,0.3734889173042376
114608,0,0.556032212748828
114611,0,0.345529205692705
114614,0,0.5363063006399723
114615,0,0.12910857318219054
114616,0,0.500877939567873
114620,0,0.3428051394658178
114624,0,0.5189946649549396
114631,0,0.24655378895999527
114632,0,0.7952890791196503
114633,0,0.20819525268245548
114638,1,0.7094190849195171
114641,0,0.10949263244309516
114643,0,0.3375566613417327
114645,0,0.3028331654877293
114647,0,0.2767302587726444
114650,0,0.5855107090031463
114651,0,0.3295814370158609
114652,0,0.5809973044778796
114657,0,0.2714135900463367
114658,0,0.6337611458913031
114659,0,0.29619624402127903
114661,1,0.6731651684853139
114663,0,0.5191651697111325
114664,0,0.4824357045612088
114672,0,0.3481670939209919
114673,0,0.43758499767194486
114677,0,0.41754141631887604
114682,0,0.3759771029713957
114687,0,0.2880764221219604
114688,0,0.11848919471247034
114690,0,0.16802031830503905
114692,0,0.46592814804770016
114693,1,0.34419338965065993
114695,0,0.14513314453097856
114699,0,0.5961806912413826
114700,0,0.4734278619848576
114701,0,0.29994139439300194
114703,0,0.5767497758361745
114708,0,0.6062283314028909
114712,1,0.9054358381263896
114723,0,0.17151193545466828
114724,0,0.5122991620937982
114728,0,0.22326511923997933
114729,0,0.3831063497975605
114731,0,0.4104991705901215
114734,1,0.3598110504278405
114739,0,0.5708027769102393
114740,0,0.3246941531399218
114741,1,0.7675761354996967
114745,0,0.7405283393185512
114746,0,0.2575421417807844
114747,0,0.21104828061398798
114756,0,0.1997820680576046
114759,0,0.09202914038082065
114762,0,0.18900828612366186
114765,0,0.3952422794186286
114769,0,0.22196449338674648
114772,0,0.18477016135390778
114774,0,0.3234521363206631
114775,0,0.18297139767250786
114785,1,0.2505384168893694
114789,0,0.5981059090984236
114790,0,0.41863246870259446
114791,0,0.9374767167845814
114793,0,0.35709759837740596
114795,1,0.5547230774688551
114797,0,0.5999392436944072
114798,0,0.30802653373418104
114799,0,0.7065209488191054
114801,1,0.7393106646025471
114803,0,0.12838370720354647
114806,0,0.10867641167715657
114808,0,0.26513105215877597
114809,0,0.15226949596349554
114811,0,0.5140831216894554
114818,0,0.4894698620802136
114819,0,0.12200876055020543
114825,0,0.35412816650224344
114828,0,0.5005155361438984
114831,0,0.6201993777229095
114834,0,0.3823548481969874
114838,0,0.6465657729276616
114841,0,0.4816631665110131
114842,0,0.4829646941356494
114843,0,0.46092239547132174
114846,0,0.7738657286894486
114849,0,0.6855047896379489
114851,0,0.15600857455502773
114852,0,0.3396755049932325
114853,0,0.6261928328824706
114859,0,0.6596429335721083
114861,0,0.5301036920228337
114862,1,0.5961937417111969
114863,0,0.4526263618795129
114864,0,0.24964424072542715
114868,0,0.2350471020305724
114870,0,0.3276333497207952
114871,0,0.4739549719856003
114872,0,0.40861205879737045
114877,0,0.6374952151822071
114879,0,0.22728121365622755
114883,0,0.42522330064553027
114886,0,0.4205529435404216
114890,0,0.1627648558152735
114894,0,0.5962135519151063
114898,0,0.48345051027836444
114901,0,0.3853215866503864
114903,0,0.5741104968629365
114905,0,0.46874003183757434
114907,0,0.3852759645642978
114908,1,0.6048436034303998
114910,0,0.10260019615680771
114913,0,0.36427665255477754
114915,0,0.30265370793577734
114916,0,0.31925781848297263
114919,0,0.4898113291480917
114922,0,0.5488275802800274
114925,0,0.2118550581379477
114927,0,0.31119100040374675
114929,0,0.3057330285751207
114931,0,0.33419472754317536
114932,0,0.24501166384473072
114934,0,0.49584948210509006
114935,0,0.28509699573006003
114937,1,0.5396329223342566
114941,1,0.5957510391687865
114943,0,0.27170848472387654
114944,0,0.7488388916254733
114954,0,0.09973339424661534
114958,1,0.6656867397504059
114961,0,0.4491535723411879
114962,0,0.5833758823583196
114965,0,0.490914127723919
114970,0,0.32274975566680825
114978,0,0.17280604134027075
114979,0,0.6886331647720098
114984,0,0.19560300526750163
114985,1,0.7090104786157555
114986,1,0.6587318141072522
114988,0,0.5408120624673366
114993,0,0.35524064562121316
114994,0,0.4108876060126901
114995,0,0.393662518949282
114996,0,0.3034047783975214
114998,1,0.6181264840855402
115003,0,0.2547190014823387
115004,0,0.1313054094248994
115005,0,0.4828578289826365
115006,0,0.1564519416672054
115015,0,0.5053677442035203
115023,0,0.27574668565242777
115028,0,0.29223672621710034
115030,0,0.43636890837152476
115034,0,0.28793028363947515
115036,0,0.2363137139771233
115042,0,0.5677977021084462
115044,0,0.2899493946217741
115047,0,0.2725989648455088
115051,0,0.7207553232547158
115052,0,0.2908474974762371
115053,0,0.07091955839194226
115055,0,0.1906686603743281
115057,0,0.7045314472549299
115058,0,0.615748694567274
115060,0,0.37205711647119605
115065,0,0.17961630915672966
115066,0,0.5814048553229743
115070,0,0.18212480382089596
115074,0,0.5078589865855416
115077,0,0.2758376688352101
115081,0,0.4744302187696958
115082,0,0.2450470847271422
115083,0,0.41322754645296006
115085,0,0.613126401642159
115088,0,0.10940586824283519
115089,0,0.3452513805902363
115091,0,0.46751900488046966
115095,0,0.6023320668264609
115096,1,0.7193030208689044
115099,0,0.21089388087550354
115100,0,0.4774075494955372
115110,1,0.3347648935120142
115123,0,0.5056170900467518
115126,0,0.4304436278311687
115130,0,0.05987621677098596
115138,0,0.8479308294699313
115140,0,0.481030762385735
115144,0,0.35971708351887133
115147,0,0.3983222508600055
115150,0,0.44846131135046663
115151,1,0.8551114617179641
115154,0,0.5710968035083812
115155,0,0.11490772614741125
115156,0,0.44042899876075636
115159,0,0.560035758726005
115161,0,0.47698403998736144
115164,1,0.5982157147557245
115181,0,0.3486529380047507
115185,0,0.4937109793141863
115186,0,0.07146345873162535
115189,0,0.6262262272768683
115190,0,0.6511142048566833
115191,0,0.09462900949224021
115192,0,0.4531815892629044
115202,0,0.514756800768172
115203,0,0.5768292197482172
115205,0,0.19750613132169417
115206,0,0.5798404848464568
115210,0,0.7848577118831027
115213,0,0.5061376630756694
115215,0,0.48228243864028997
115217,0,0.44743407488982134
115218,0,0.7029010474998543
115220,0,0.27722612991979606
115225,0,0.37098931626796966
115229,0,0.1725260198900845
115230,0,0.3656059805762816
115232,1,0.49633918809675853
115238,0,0.21238689914837258
115240,0,0.31286187334941257
115242,1,0.6153093916336173
115243,0,0.2743800415171276
115244,0,0.26984377769930357
115245,0,0.17389041279266054
115247,0,0.5700164036293205
115250,0,0.3611785044102435
115253,0,0.34873773849802947
115255,0,0.30689343172304817
115257,0,0.1512835181697579
115260,0,0.17065271696348525
115261,0,0.19251737189506324
115263,0,0.5767599630835419
115273,0,0.7464608615441393
115276,0,0.181911020212197
115279,1,0.8591775135133628
115280,0,0.16400790420750366
115281,0,0.40018845435825
115283,0,0.3701679945464027
115284,0,0.16793406752521442
115287,0,0.5429019619864168
115288,1,0.7587767907632472
115289,0,0.1713455601168194
115290,0,0.36478492753087616
115292,0,0.5033043648857121
115295,0,0.41463759662148436
115304,0,0.4875234380177333
115309,0,0.6401434534980298
115310,0,0.44450735190656776
115317,0,0.30959275635224165
115323,0,0.14118429712909009
115326,0,0.238567693613202
115328,0,0.3164868973825945
115331,0,0.40452902257815154
115332,0,0.21625435044532443
115333,0,0.3213255571649514
115334,0,0.53487819171932
115335,0,0.20234826843395406
115337,0,0.5136558645271051
115338,0,0.2339633063722694
115346,0,0.23678794240743656
115350,0,0.1390973364831189
115355,0,0.3833024343174105
115358,0,0.5402738018874762
115359,0,0.1377364057983511
115363,0,0.29349553209406454
115365,0,0.18678882545369785
115374,0,0.16246027394084284
115375,0,0.23068878376447138
115379,0,0.3437448165756532
115380,0,0.5027618552197118
115390,0,0.19443576983463556
115394,0,0.5161765209800375
115395,1,0.648922902477786
115396,0,0.7377730425695083
115398,0,0.4151618743531435
115401,1,0.35276604219387425
115402,0,0.5218553395146656
115407,0,0.4720038712219523
115409,0,0.5586538077434232
115410,0,0.11165208672012004
115411,0,0.3320413387028164
115418,0,0.2681464670593451
115423,0,0.1768371570188167
115426,0,0.4219353768246865
115437,0,0.6859147028624971
115440,0,0.7458328623681828
115441,0,0.38714144038638454
115443,0,0.35163785756052485
115445,0,0.5005948171203212
115447,0,0.21593927476262104
115455,0,0.18376519912834655
115458,0,0.514384018332148
115459,0,0.6986578369458083
115465,0,0.46154298156779167
115467,0,0.2188824543900114
115469,1,0.6627882331673541
115470,0,0.3409899447967517
115471,0,0.14343376342108738
115472,0,0.3229922279520728
115474,0,0.4324744169387581
115478,0,0.5076447997197919
115479,0,0.1758401813990133
115480,1,0.9864686333038425
115485,0,0.34811988305595876
115487,0,0.27826306900271847
115489,0,0.4754181398735402
115490,0,0.5196167352541496
115493,0,0.6039903981987501
115494,0,0.5758976583742623
115495,1,0.5207133226265276
115498,0,0.4449755385978003
115499,0,0.14967741577126933
115501,0,0.558852308563515
115504,0,0.7143747085199194
115509,0,0.42023059487811787
115511,0,0.6026923629831693
115518,0,0.46680704086660463
115521,0,0.36507978046217054
115526,0,0.6693243600198807
115530,0,0.24713872156470107
115532,1,0.645991186712413
115538,0,0.28299457036175857
115539,0,0.46658592513376723
115545,0,0.06723721795120864
115546,0,0.39954513209947706
115547,1,0.7150327732554208
115551,0,0.22376099854252815
115558,0,0.5189605955624081
115560,1,0.369471324151775
115563,0,0.15888703991979344
115569,0,0.7421111907921689
115574,0,0.3612531568701707
115578,0,0.2620936758227658
115579,1,0.4265676977744576
115581,0,0.5587220083688369
115584,0,0.17539909304211987
115585,0,0.747987355420666
115587,0,0.34182523428286493
115588,0,0.45924120307024513
115592,0,0.5281427080594415
115598,0,0.3109751840362015
115604,0,0.5952069510049083
115605,0,0.7435681911041734
115608,0,0.38592932461089424
115609,0,0.18505255736417192
115611,0,0.4608335435888928
115614,0,0.15023508662494375
115615,0,0.15441214744542467
115617,1,0.592907478117158
115624,0,0.560016757587656
115629,0,0.4889883752057359
115632,0,0.7551565128995924
115636,0,0.476024978754017
115643,0,0.516924667774383
115645,0,0.13616871340112915
115646,0,0.5105195298938066
115647,0,0.590502326569096
115656,0,0.6092455802445805
115661,0,0.6179994428937438
115662,0,0.4598415198458778
115663,0,0.614548807212602
115666,1,0.7682645276861418
115668,1,0.3105792596730111
115670,0,0.5547661963748858
115671,0,0.3661910271586868
115673,0,0.10561138204322366
115674,0,0.660593590165729
115676,0,0.5325628806635623
115680,0,0.2570444842546874
115683,0,0.3040175093146007
115692,0,0.35050918281041793
115698,0,0.4509500850959199
115705,0,0.5341191173365455
115710,0,0.5349472000307087
115711,0,0.4419879294702476
115714,0,0.44160480170232397
115715,0,0.514612010052429
115724,0,0.16156056052623102
115728,0,0.15158655170349877
115731,0,0.11002853662814807
115732,0,0.7388653475317402
115736,0,0.5632313932457057
115739,0,0.43273585479350685
115740,0,0.6092575591492843
115744,0,0.525970848711893
115746,1,0.5195766836500318
115747,0,0.5866912148548529
115749,1,0.5614547650415694
115750,0,0.21904287222654506
115752,0,0.5999394228460299
115757,0,0.8204442798505568
115759,0,0.2358115290515704
115764,0,0.25806446408295397
115766,0,0.24626262595992998
115767,0,0.31431724831408464
115770,0,0.6603619141845417
115772,0,0.23080033816366602
115780,0,0.22321041060185354
115782,0,0.41236687384889936
115788,0,0.23786658385362766
115792,0,0.24486584437467004
115793,0,0.5601573566982744
115796,0,0.3574433773912676
115800,0,0.3522083970829632
115801,0,0.32261289660048503
115804,0,0.4823243693125519
115806,0,0.149599552996969
115807,0,0.6882895399183243
115808,0,0.6431715240187919
115809,0,0.7183773077416741
115814,1,0.3718946722675511
115818,0,0.5493968632071319
115829,0,0.2824369900515935
115831,0,0.16903664093186382
115833,0,0.22920557059009314
115834,1,0.620913383655606
115846,0,0.5329208045663761
115851,0,0.3101674490133123
115853,0,0.26075036459808043
115854,0,0.2728607134656784
115858,0,0.5873199774155617
115859,0,0.35245857354572746
115860,0,0.5414113467999255
115861,0,0.7291693491355035
115878,0,0.1763084517090283
115888,0,0.4810481829523026
115889,0,0.4057274774377478
115891,0,0.41897370453897603
115895,0,0.5337072822272152
115907,0,0.5111184979943089
115909,0,0.5106615009342843
115912,0,0.334062015846648
115913,0,0.2576770266312239
115915,0,0.28017363730953654
115926,0,0.47506536581286213
115928,0,0.6804818492710898
115929,0,0.18489927032126124
115936,0,0.5139120210021272
115939,0,0.7029294041891808
115942,0,0.6718583323663527
115943,0,0.5593613749803316
115953,1,0.8363964321115585
115955,1,0.6022366611805091
115957,0,0.49041623454299865
115959,0,0.24608268869113079
115961,0,0.5797118908424831
115965,0,0.4144978208555317
115972,0,0.5870779460136849
115978,0,0.43714619066750665
115983,0,0.5139125453243265
115985,1,0.47378028284137064
115989,0,0.5900005940873302
115990,0,0.24167434733162518
115994,0,0.707503564056531
115998,0,0.18867518192547295
116000,0,0.19049412642867705
116003,0,0.11862951402006827
116004,0,0.17531265387795497
116008,1,0.5440318172222993
116013,0,0.4290582468200175
116014,0,0.26438589226290593
116018,0,0.635559726487097
116021,0,0.2836336782320559
116022,0,0.335602388632245
116026,0,0.14170158288124018
116027,0,0.6893349690305665
116028,0,0.28170342254413583
116029,0,0.584685892166762
116031,0,0.44407363074124473
116035,0,0.19396947054356228
116038,0,0.6039884363773157
116042,0,0.16606185069483287
116043,0,0.6674287524190788
116044,0,0.4941983382742075
116045,0,0.2435501349731085
116050,0,0.37436631179169344
116052,1,0.7219646160707699
116056,0,0.5290959906126713
116057,0,0.582521854898525
116062,0,0.5884071218392002
116065,1,0.6020846127195297
116067,0,0.5838075971392696
116071,0,0.1064515444669082
116073,0,0.5101471395086441
116074,0,0.1408050798000596
116075,0,0.18561356234137696
116076,0,0.28884294465135224
116077,0,0.5650143428126146
116078,0,0.32090021206781794
116079,0,0.5692999054302906
116088,0,0.33344643550645536
116089,0,0.20229763498879383
116090,0,0.13482926500452777
116094,0,0.42827915502637093
116097,0,0.646118654598398
116099,0,0.49599306458855763
116104,0,0.18226175828322314
116107,0,0.459957663987706
116109,0,0.5398564730781427
116110,0,0.12722436380633667
116112,0,0.3144432681084291
116116,0,0.4092392784912125
116118,0,0.24521412375633123
116120,0,0.5463214903648071
116121,0,0.16860113153309175
116127,0,0.7299084363384267
116129,1,0.5383985156938174
116131,0,0.47004672115510565
116133,0,0.16387115358850166
116140,0,0.5592305944700031
116141,0,0.4332755801505796
116142,0,0.3447503590650968
116144,1,0.668010471827847
116148,0,0.4226779005522198
116151,0,0.4135092960494837
116152,0,0.14750071996864647
116153,0,0.29746015607390647
116157,1,0.27338005725019104
116160,1,0.9771582712415016
116164,0,0.2547162240234686
116166,0,0.5158615375187978
116169,0,0.35584150707780327
116171,0,0.21938597599126805
116174,0,0.47443650148227434
116178,0,0.16336561179425535
116181,0,0.4735773961497772
116182,0,0.06898059192736117
116190,0,0.20309852424400002
116196,0,0.6212890907957072
116201,0,0.24071465559822205
116202,0,0.41931533088501516
116203,0,0.679653064606045
116206,0,0.4543092964152005
116207,0,0.24672431898258204
116208,0,0.4922248469612722
116210,0,0.44921531037898693
116211,0,0.6386212803770009
116216,0,0.47785640897957193
116219,0,0.2325634346144277
116226,0,0.2253789313365312
116228,0,0.1148374962733022
116235,0,0.31945941947837664
116238,0,0.26915188503823406
116242,0,0.2430987314727132
116243,0,0.359728798873077
116247,0,0.32954504407639545
116251,0,0.151308065157734
116260,0,0.39163997714225013
116267,0,0.4399593850335099
116268,0,0.5506080635580547
116270,0,0.5547669358936501
116271,0,0.24903620401965448
116276,0,0.3756358999729603
116280,1,0.4834364789793281
116283,0,0.4110698387887193
116284,0,0.3762146531360444
116286,0,0.47894695625314754
116287,0,0.23730751931640245
116290,0,0.1858808264735211
116293,0,0.12694925410288752
116295,0,0.37519626725611294
116296,0,0.20857174470699505
116299,0,0.40995026218929165
116300,0,0.27039060069345244
116305,0,0.17282513088199353
116306,1,0.39433069599125603
116307,0,0.6138704804873927
116314,0,0.14523297491361223
116315,0,0.5312311623910434
116319,0,0.6852671250436211
116320,0,0.4278122265676628
116325,1,0.60489803377391
116327,0,0.220902953291991
116335,1,0.5173167092591682
116338,0,0.2556919252407199
116341,0,0.3249966395017851
116345,1,0.33267344058864157
116347,1,0.9044920995141885
116351,0,0.36659034856832157
116354,1,0.581019497226099
116355,0,0.16784149918075633
116356,0,0.07204135679717436
116357,0,0.29678878842892314
116360,0,0.47683932875512636
116362,0,0.8144543670140867
116372,1,0.29517119492378907
116373,0,0.3830529134385721
116374,0,0.3491326130568466
116375,1,0.7308873309660471
116378,1,0.4792612590169757
116381,0,0.6734993624120393
116382,0,0.3891309269106623
116384,0,0.28694674711699975
116386,0,0.36567885907207476
116389,0,0.7950436010606197
116390,0,0.5751771379990053
116398,0,0.17594076124182653
116406,0,0.37503595088164154
116410,0,0.20214605723956955
116415,0,0.34433137675097103
116417,0,0.18513987498762657
116420,1,0.34265095708671905
116423,0,0.21278157965567573
116426,0,0.2993251313996803
116430,0,0.29020877105157933
116433,0,0.12867804838806562
116434,0,0.08981864901774675
116435,0,0.4424781972908355
116437,1,0.965883411320589
116441,0,0.6203236965101816
116442,0,0.6083152721065465
116447,0,0.8246580419498486
116448,0,0.14606748812113501
116453,1,0.31169070863147075
116455,0,0.32882354455215396
116456,0,0.6280629402750847
116457,0,0.42866360005632953
116459,0,0.5957619450197393
116461,0,0.5582739794671402
116464,0,0.7524271390905234
116467,0,0.48451836877349186
116472,0,0.49058844951702857
116474,0,0.5681516326216273
116487,0,0.47024969662475974
116488,1,0.6842166951657733
116490,1,0.5979695648685631
116492,0,0.20646941424490126
116493,1,0.5119104775556637
116495,0,0.35650572903080874
116499,0,0.5393993023445788
116502,0,0.35788037167879433
116503,0,0.5415577981466972
116505,0,0.23127130220362388
116507,0,0.3111082512530031
116510,0,0.3778510312874033
116511,0,0.2961047172963151
116518,0,0.3221223267505038
116528,0,0.21641975572809763
116529,0,0.22207414485779686
116532,0,0.13793883070464888
116533,0,0.19861030444992306
116534,0,0.18333415250994559
116537,0,0.2401885944965464
116542,0,0.6235388778963381
116546,0,0.1958647861065581
116547,0,0.32052082110456476
116557,0,0.5526130520243037
116560,0,0.37176297831788496
116561,0,0.282498831739659
116562,0,0.8767142436423536
116563,0,0.5752814707932294
116565,0,0.5583676726912253
116569,0,0.47627400149198834
116574,0,0.5237934552893929
116580,0,0.3722406200815772
116582,1,0.34035310267422175
116583,0,0.1946067683913506
116587,0,0.5468725603944949
116588,0,0.5514284072550742
116589,0,0.7598451110053452
116596,0,0.6388746668060276
116598,1,0.8540559860657243
116600,0,0.4770487091471572
116601,0,0.6123774854901068
116607,0,0.4326248243138748
116609,0,0.3892268293742909
116610,0,0.29976205608712214
116613,0,0.24158109665627228
116614,0,0.18632391859454628
116616,0,0.44419992147749066
116617,0,0.38282221885678985
116620,0,0.6845579560097356
116627,0,0.49852827053388427
116631,0,0.3047185254258732
116644,0,0.31275279199874423
116654,0,0.3663004831923559
116655,0,0.39306426938973266
116656,0,0.34902569023440994
116657,0,0.2785732200132586
116660,0,0.23599843641191842
116662,0,0.44977463449610233
116666,1,0.7399614814751068
116672,0,0.30080941971558484
116673,0,0.7180722338580969
116678,0,0.09921388433393206
116680,0,0.34248750206678086
116691,0,0.35368274086099327
116693,0,0.6261902488101478
116694,0,0.3824888440303876
116699,0,0.45805146160163607
116703,0,0.17844656403614978
116704,0,0.14442991962885546
116705,0,0.16268147846998543
116706,0,0.32828131383740655
116710,0,0.7279117289146538
116713,0,0.1796380728688606
116716,0,0.5773471106373694
116721,0,0.267458099696014
116724,1,0.4013188170857762
116728,0,0.3934328429450113
116730,0,0.5815040211816466
116734,0,0.38963829488488805
116739,0,0.3244710082605794
116741,0,0.630596540245036
116745,0,0.43880073284085097
116747,0,0.2756187060963062
116749,0,0.4420491684643397
116750,0,0.158933014862406
116760,0,0.5652091596251841
116761,0,0.15926934536734982
116762,0,0.5749798844041991
116766,1,0.46784949652397173
116767,0,0.22855764278797194
116770,0,0.4422369774818815
116773,0,0.46260313148579174
116776,0,0.742865839120098
116782,0,0.18646054842751333
116783,1,0.7474531814980369
116786,0,0.5052624534429254
116794,1,0.8182300400322098
116796,0,0.10395957559781112
116802,1,0.911843277614088
116806,0,0.43919270349605705
116808,0,0.18190047379542715
116809,0,0.5476163802579592
116810,0,0.24554480288724492
116812,0,0.16163345102324642
116813,0,0.27298710948924854
116814,0,0.3289590808845196
116816,0,0.5612558933101576
116819,0,0.48408711611793054
116820,0,0.22810429265155385
116822,0,0.08677700027736619
116823,0,0.38932181754559175
116826,0,0.715233048199632
116831,0,0.40953556431010585
116833,0,0.2032225957251039
116843,0,0.15041917444231317
116844,0,0.12307390284672862
116847,0,0.4938214322143382
116855,1,0.6227431522790449
116864,0,0.6143134114975405
116865,0,0.36202867519790066
116867,0,0.23155314058955703
116869,0,0.3701890196317321
116873,0,0.29765885589410607
116881,0,0.29820490392540694
116889,0,0.5214115261367855
116890,0,0.6111751686131321
116893,0,0.28446466902081086
116894,0,0.6571777434708685
116895,0,0.48776483401102344
116896,0,0.20610009689034756
116898,0,0.37576564991419437
116899,0,0.4766373043888304
116900,0,0.6951275138879666
116901,0,0.42208564577351315
116904,0,0.5870365687754062
116906,1,0.39834059232055696
116911,1,0.5091186546289235
116915,0,0.46319173444514466
116916,0,0.2691691475243074
116920,1,0.6098894252621124
116928,0,0.5194940427119012
116935,0,0.19044011067779448
116941,0,0.15836682091002446
116947,0,0.2178056851866173
116956,1,0.539886244005973
116959,1,0.5567930446949593
116961,0,0.509291216206696
116962,0,0.40871543585920506
116964,0,0.33717994122265127
116966,0,0.5571695830123988
116967,0,0.4298628226044012
116968,1,0.6338892198691521
116972,0,0.4917512141299602
116978,0,0.6696852051456464
116979,0,0.3019236745452441
116980,0,0.3028279053236953
116981,0,0.41776245723545935
116984,0,0.5334701919741447
116988,0,0.27506834230008004
116989,0,0.3583719363747306
116994,0,0.5961151212223355
116997,0,0.5352312569256477
117000,0,0.48534703962581976
117002,0,0.4300263563979319
117010,0,0.5180835769636952
117011,0,0.3715711252276547
117014,0,0.3432262923913128
117015,1,0.9645356258788736
117017,0,0.37572354104453304
117021,0,0.2135313291113257
117022,0,0.4934962839850477
117026,0,0.6289976280501386
117031,1,0.7960633555511933
117032,0,0.38608898477292936
117033,0,0.3623285265385969
117036,0,0.56295859518684
117037,0,0.44032217492275366
117044,0,0.5809047880244322
117045,1,0.8733553294441169
117049,0,0.17791739769448522
117050,0,0.5915878060148221
117054,0,0.1558013940108876
117055,0,0.5220524412877587
117058,0,0.6112439972694061
117059,0,0.2938794606777654
117062,0,0.20141982827070365
117064,0,0.5479501445280454
117067,0,0.4584301563325976
117071,0,0.21533353625818388
117077,1,0.5692332279940708
117082,0,0.18312011462840586
117086,0,0.09129904113496903
117090,0,0.4634709307530104
117091,0,0.5015614653082043
117095,0,0.13960426701224748
117101,0,0.4782919919977972
117102,0,0.12385343494370063
117108,0,0.49980494129165703
117116,0,0.30699033048181407
117117,0,0.5111164429525479
117118,0,0.1374638829745776
117124,0,0.29656327855284503
117129,0,0.06321083034864909
117130,0,0.6500614902681124
117132,0,0.4658582717651601
117133,0,0.3980402948205679
117138,1,0.4728418077885007
117139,0,0.5969985380599963
117147,0,0.2828067568502473
117150,0,0.8575432375841932
117156,0,0.12572199699811762
117161,0,0.39023037174983705
117164,0,0.500718407934261
117165,0,0.723094006312337
117172,0,0.2322790561487785
117174,0,0.2808641259776777
117177,0,0.3134654445308162
117178,1,0.3491015515294459
117181,0,0.21243753084932038
117182,0,0.30912668093241724
117186,1,0.19700468654822817
117187,0,0.5012660342159566
117190,0,0.14721271530597935
117193,0,0.41456897243310303
117200,0,0.7152609640830853
117204,0,0.4819118915772871
117209,0,0.19183535746355615
117210,1,0.5534061167675639
117212,0,0.24013376083212853
117215,0,0.6395566922709494
117217,0,0.6977496376411975
117219,0,0.49730001418609465
117224,0,0.5753146259212891
117226,0,0.26923829773116703
117227,0,0.23138657933217457
117230,0,0.5012706466248062
117232,0,0.44740902177136715
117238,0,0.5989134002266875
117242,0,0.41905770845294005
117243,0,0.2319463224990652
117244,0,0.29007373926738617
117249,1,0.6001978356791722
117250,0,0.373346240525738
117251,0,0.41063113970606824
117260,0,0.46949557107989776
117261,1,0.43578102769759913
117263,0,0.5964723413143451
117265,0,0.4987202316816215
117270,0,0.22407678875438564
117274,0,0.3324254835131731
117275,0,0.4069231644867261
117278,0,0.15762236672399751
117280,0,0.5980032528381498
117282,1,0.4621435994385483
117285,0,0.2920168443624258
117286,0,0.18483902216937576
117287,0,0.34263182842953255
117289,0,0.20020405778049138
117292,1,0.5622299877945405
117293,0,0.4712583670928916
117295,0,0.3486729945478935
117302,0,0.5090843984516062
117305,0,0.4661553014567491
117306,0,0.14980715752226265
117307,0,0.39976938705977816
117310,0,0.7569266763615276
117312,0,0.42347490176026514
117313,0,0.11410668036202426
117314,0,0.8721695537222814
117315,0,0.4013645186887885
117316,0,0.4147191669885558
117331,0,0.699908660176495
117335,0,0.6862699035367494
117339,0,0.7001548089590023
117347,0,0.12955291017848572
117353,0,0.39038501671222514
117354,0,0.5702965228056454
117357,0,0.11511682431921416
117358,1,0.3307070695837227
117363,1,0.6839599624447509
117364,0,0.15982099912900244
117368,0,0.7646829751663936
117370,0,0.28329051126866683
117374,0,0.2118185826800806
117375,0,0.4473903436503757
117377,0,0.1004880784150317
117383,0,0.3569737928197392
117384,0,0.37127744798100476
117387,0,0.29577978931672866
117389,1,0.5149396447805114
117398,1,0.6933045817474086
117405,0,0.325566691840725
117407,0,0.3322363973749829
117409,0,0.2317746188139971
117414,0,0.572022236463546
117419,0,0.6138031225976408
117420,0,0.5521198482385801
117421,1,0.05198788702048383
117428,0,0.4411996985913385
117432,0,0.33575084082385964
117434,1,0.6167708011717605
117435,0,0.3775498293277903
117436,0,0.689921486867272
117437,0,0.7417020412304308
117440,0,0.5454433259224726
117442,0,0.5530887687785714
117450,0,0.49261636035284095
117454,0,0.4808418032426355
117458,0,0.4661993343804221
117463,0,0.30745302208078384
117464,0,0.20391908199532113
117465,1,0.9906418427880755
117467,0,0.9813818444810055
117468,0,0.1081426983230537
117470,0,0.13872928280726632
117471,1,0.5773060295385755
117481,0,0.7079138088716276
117484,1,0.14995047335709277
117485,0,0.18336661864247872
117491,0,0.25252602774682714
117494,0,0.4390811897688921
117496,0,0.27514746033440374
117498,0,0.6924395563757241
117499,0,0.15130550446633895
117500,0,0.3785855950962184
117502,0,0.4817155145762395
117504,0,0.3141743725945504
117505,1,0.7725229846110894
117507,0,0.6281704788813322
117510,0,0.1801377660350934
117511,0,0.22496686186375436
117514,0,0.41479328766080814
117518,0,0.47549467593184114
117531,0,0.15791880743251172
117537,1,0.5434340143789019
117540,0,0.5894057621301633
117543,0,0.11373409306995273
117546,0,0.6301400928831644
117549,0,0.7413564702620129
117554,0,0.48344907671314424
117556,0,0.2732236505883106
117559,0,0.28333756676957067
117570,0,0.435205630540132
117571,0,0.39289146699747984
117573,0,0.6893230546783399
117575,1,0.36479630509949845
117577,0,0.21730460926017664
117580,0,0.4454356423889813
117581,0,0.10203328251207432
117587,0,0.22280487615217803
117589,0,0.3862793708065429
117592,0,0.4568773413758994
117604,1,0.9193243774473645
117613,0,0.47949046646719423
117621,0,0.30882174023001685
117624,1,0.7762903626943395
117627,0,0.17144536287352877
117628,0,0.5357118976370943
117629,0,0.2652028477647799
117632,0,0.46602019270408135
117633,1,0.5377546825105767
117635,0,0.3044668221421305
117637,1,0.34604554018740424
117638,0,0.6441454330204519
117644,0,0.12241892412136234
117646,0,0.17444823978986718
117652,0,0.41950563375695776
117653,0,0.5369173566515777
117654,1,0.5893545783875607
117656,0,0.3119822192190996
117657,0,0.2719353944479983
117660,0,0.5056939500490535
117665,0,0.4601437628059372
117675,0,0.599295652846702
117677,0,0.2115940667735587
117678,0,0.7719767804844055
117681,0,0.2876411205855147
117683,0,0.4799289316078962
117685,0,0.216263254682733
117687,0,0.2942162205545948
117690,0,0.20734848939142703
117692,1,0.7022002466796661
117695,0,0.4908659565576391
117697,0,0.18040870805217868
117701,0,0.4889601652935548
117703,0,0.744290938335104
117704,0,0.5498329423147447
117710,1,0.5335980662057748
117711,0,0.39678075399941143
117712,0,0.32877535107415273
117714,0,0.1999047761837239
117719,0,0.13087794507915498
117728,0,0.6295068792727452
117730,0,0.46547469288508436
117733,0,0.4894837765980333
117737,0,0.42605050314845655
117738,0,0.09735804623572386
117745,1,0.6426022858042965
117746,0,0.6988538932265392
117755,0,0.6502710444177437
117771,0,0.4641351108023172
117774,0,0.28890441512153964
117775,0,0.27092659271086317
117778,0,0.2282344131923265
117780,0,0.4577995738485617
117784,0,0.6837939752900904
117793,0,0.43389201748867556
117794,0,0.5647624559760303
117795,0,0.29057357328253614
117806,1,0.5771837402086505
117807,1,0.4797315506051247
117810,0,0.24093693700382623
117811,0,0.24330406688085757
117817,0,0.41706683551352614
117826,0,0.557956483780237
117829,0,0.6409185692410418
117832,0,0.2813283403454907
117838,0,0.34938096979428457
117840,0,0.16220421742492558
117845,0,0.544200544438253
117847,0,0.3953421933241098
117849,0,0.280835934326657
117851,0,0.07282099174898157
117853,0,0.2975037252627002
117857,0,0.27421985828060647
117858,0,0.4385174229562
117862,0,0.6458956815939694
117866,0,0.852116667972086
117868,0,0.19393456553378102
117870,0,0.18610893353698638
117873,1,0.9099957633460245
117877,0,0.2402307094829915
117879,0,0.3315946470821218
117882,0,0.5251292180199542
117884,0,0.37084081731672824
117886,0,0.4372504785351839
117887,0,0.3229719420443293
117888,0,0.2540976163043945
117890,0,0.6816470220560191
117894,0,0.5157636271756594
117897,0,0.18309995067036014
117901,0,0.4739677202563454
117907,0,0.13861459076642535
117912,1,0.4924670380812926
117916,0,0.567538658283827
117917,0,0.4387459683205266
117919,0,0.30136772464931266
117922,1,0.36708564970192276
117923,0,0.4420143186720108
117925,0,0.4327486657836094
117929,0,0.5288803911632427
117934,0,0.3720874218637409
117937,0,0.2662230782153075
117946,0,0.24528159669700897
117950,0,0.3082004169129709
117951,0,0.83036979060595
117953,1,0.4457218780362873
117962,0,0.5249785020625227
117964,0,0.6244778409035844
117966,0,0.3256682244536582
117971,0,0.09750581450754389
117974,0,0.1822332073430488
117979,1,0.6429068302772145
117991,0,0.3303762933029015
117996,0,0.5456620041643548
117998,0,0.34487589784949557
117999,0,0.2626150104910224
118000,0,0.15642469356242236
118003,0,0.7332034147089656
118006,0,0.09032030038894887
118008,0,0.27402752395567853
118018,0,0.13753841375606693
118020,0,0.1599155851492112
118022,0,0.35702719275117906
118023,0,0.16040966664798204
118025,0,0.2989023690817286
118026,0,0.5065771535246267
118029,0,0.17806767314007868
118031,0,0.34242167340100044
118033,0,0.4043017951194022
118035,0,0.3795066688200376
118036,0,0.13142759716029828
118038,0,0.4610297156952849
118040,0,0.2036286578808484
118042,0,0.24295706717782778
118044,0,0.42020604826468705
118049,0,0.06974571257955946
118050,1,0.6745596215772357
118055,0,0.6213808652865834
118057,0,0.4390308069928575
118058,0,0.5593879282981169
118061,1,0.8646718577224153
118071,0,0.42508272967750854
118072,0,0.3076570819894662
118074,1,0.7201476382635368
118083,0,0.4596507675408591
118086,0,0.6677407083692907
118103,0,0.5433428612204328
118104,0,0.5116107457398033
118105,0,0.21699238125889364
118107,0,0.34470722759761935
118108,0,0.7926927281237437
118111,0,0.4773833203588609
118115,0,0.4872070562546541
118118,0,0.2497540759897874
118121,0,0.491460844157403
118123,0,0.48303087288966584
118124,0,0.679150603356026
118125,1,0.5047160888679253
118126,0,0.41330174491683425
118128,0,0.5520475881957417
118131,0,0.42981202986873657
118135,0,0.44878773336232763
118136,0,0.4830612960491285
118138,0,0.5463352283645415
118142,0,0.7140527468165454
118147,0,0.11335177464039778
118149,0,0.7480993389155609
118150,0,0.2807452373774553
118154,0,0.5040547064441285
118156,0,0.2754120300551894
118161,0,0.4058896200487717
118163,0,0.3885496189719368
118164,0,0.408870836306846
118172,0,0.28171253799664303
118176,0,0.13975010881488092
118178,0,0.28107756076308776
118184,0,0.33655598205092324
118185,1,0.9346405208216262
118190,0,0.48220370528835416
118191,0,0.1824983983577146
118193,0,0.41950667194675956
118197,0,0.3721444781415633
118201,0,0.19461157698639386
118210,0,0.4464927647501731
118211,0,0.2893628304137653
118216,0,0.303163347091433
118217,0,0.7038927303898178
118220,0,0.17794567726546281
118221,1,0.999230171433303
118226,0,0.28979515882318496
118228,1,0.7578331174908216
118231,1,0.47292794291635615
118234,0,0.7688102096439151
118235,0,0.3828950063530849
118237,1,0.4318410491024758
118239,0,0.5380659777632633
118242,0,0.6001077982584143
118246,0,0.21579632221326467
118247,0,0.5648522971012006
118248,0,0.5593623272292674
118250,0,0.39787889289724326
118253,0,0.29456399808481526
118254,0,0.5182273398709967
118258,0,0.1705737176828106
118259,0,0.2085892075375939
118262,0,0.25949314056492745
118265,0,0.22519500783489071
118266,0,0.6228605395345803
118267,0,0.34667030379747876
118269,0,0.18924594997450672
118276,0,0.27378249578861513
118279,0,0.6652540030313687
118282,0,0.33771263076203917
118285,0,0.6804050618724689
118286,0,0.3209929730006098
118292,0,0.5275226131565767
118293,0,0.503833799644289
118295,0,0.4271638298220413
118298,0,0.5916091410990739
118299,0,0.48291938738828694
118300,0,0.5669064696904313
118302,0,0.32097535750346956
118306,0,0.18063558958124049
118315,0,0.19471744938397306
118316,0,0.4463429073602953
118319,0,0.8929388870772388
118322,1,0.7500337305350568
118328,0,0.48080769007788293
118336,0,0.5389271749333195
118337,0,0.1573960427806916
118340,0,0.3235791202627268
118342,0,0.24446489223410098
118344,0,0.4107737615817683
118348,0,0.5286627391518365
118349,0,0.3300768220891309
118351,0,0.5853763261146747
118352,0,0.3393773787652684
118358,0,0.5191936077198406
118362,0,0.5855625984331434
118369,0,0.353631482587337
118370,0,0.2722879890943055
118374,0,0.37173533233886513
118375,0,0.5864978966051443
118381,0,0.4402686790153669
118382,0,0.8095975081028226
118385,0,0.13883293366815283
118386,1,0.5234015517034295
118387,0,0.5514941026346314
118406,0,0.22140219906120362
118407,0,0.20633104445232894
118408,1,0.6782046948163571
118409,0,0.2313228580299331
118411,0,0.719018561791947
118412,0,0.5022943722823163
118416,0,0.5255483938671381
118418,0,0.38724068874125867
118423,0,0.44573340530003386
118432,0,0.23453281418974856
118435,0,0.5541150785566854
118436,1,0.7323212900823436
118442,0,0.3608102548215592
118451,1,0.488252438247829
118452,0,0.355171660032994
118457,0,0.5718367277453922
118458,0,0.28113510609272246
118459,0,0.7489769282095978
118460,0,0.34044469065742
118464,0,0.4615192586905684
118465,0,0.14969440183152027
118466,0,0.703784075231602
118471,0,0.39652120133334845
118476,0,0.3939849904394798
118479,0,0.5670875111157074
118480,0,0.5530927177301539
118482,0,0.3030422987596931
118484,0,0.5550156750602449
118486,0,0.33132067375893665
118494,0,0.2287109996884562
118496,0,0.668359315267376
118500,0,0.7411799199122167
118503,0,0.19860635792818826
118512,0,0.7068232797887982
118513,0,0.45316068480819194
118514,0,0.36469771483727054
118515,0,0.4840769946247952
118520,1,0.390924736376799
118522,0,0.5940714553592266
118523,0,0.3355985189478804
118525,0,0.6754436295306223
118528,0,0.19983098393588666
118532,0,0.4951524259518945
118533,0,0.5314692403164241
118536,0,0.3251569652660505
118537,0,0.2336569686198657
118541,0,0.6187055745538917
118544,0,0.37358135444334356
118548,0,0.2724403189355916
118550,0,0.26785068816181284
118552,0,0.3884561194174745
118553,0,0.2291920110358345
118554,0,0.24888860812614577
118563,0,0.6044398219338769
118564,1,0.8254629651384344
118565,0,0.45149921874840687
118569,1,0.6420670841885062
118573,0,0.4151656303949374
118577,0,0.43610199067388644
118579,0,0.3595946144623502
118580,0,0.15323107963714297
118586,0,0.32574935622970963
118588,1,0.7107405277396717
118595,0,0.7071304888163421
118600,0,0.39771252263009904
118601,0,0.5156316319756574
118604,1,0.4798151825024884
118605,0,0.2309453936411857
118607,0,0.5903463992774866
118610,0,0.5080243107408343
118611,0,0.39143829274421565
118614,0,0.49981836735324164
118616,0,0.3924447423291612
118618,1,0.4298614726181087
118620,0,0.5376355367648328
118621,0,0.3094596111389673
118622,0,0.3890887939561471
118623,0,0.7321078832449724
118624,0,0.1676323990079811
118628,0,0.3773333033656336
118634,0,0.4283131101965458
118636,0,0.801060198691636
118638,0,0.33079367485595695
118640,0,0.5811077937335615
118643,0,0.2131457709413417
118648,0,0.713389571026315
118650,0,0.40685887442457813
118651,0,0.268258306269578
118654,0,0.36281241975375805
118655,0,0.6724433029653857
118658,0,0.3680913486874832
118669,0,0.1605966718216972
118673,0,0.14620539573269378
118675,0,0.494643197683334
118678,0,0.711926853946774
118681,0,0.511520136306481
118682,0,0.0662977787760893
118687,0,0.2823395304295797
118692,0,0.7883758398149832
118693,0,0.4446771698119784
118696,0,0.23702899187302276
118697,0,0.18268067707017388
118706,0,0.24399183737933572
118712,0,0.9526323016922517
118713,0,0.4404922053592035
118714,1,0.42594295848197494
118718,0,0.4288546554886399
118719,0,0.2020303076972809
118721,0,0.6384019222455869
118722,0,0.6567201407435154
118723,0,0.29079257429009225
118724,0,0.2595757413125524
118727,0,0.627702456007529
118729,1,0.3577408870964433
118731,0,0.4001068266876106
118732,0,0.2352739289279038
118734,0,0.23292830292974367
118735,0,0.4310284388316052
118736,0,0.3988622936400208
118737,0,0.23553066483748403
118742,0,0.4463457622586506
118743,0,0.4962603021593743
118750,0,0.267282105921848
118752,0,0.35392933974114144
118753,1,0.7315176637598358
118758,0,0.7014211322885147
118759,1,0.48066576487335594
118766,0,0.32080419352065986
118767,0,0.26980028019064056
118775,0,0.31341512950502753
118776,0,0.6954581653898868
118778,0,0.6554333054790382
118781,0,0.5559262635428938
118783,0,0.47658027921696133
118784,0,0.46103344878800834
118786,0,0.3069716737863342
118791,0,0.33395541703848136
118792,0,0.6250275685862423
118797,1,0.20953511437004707
118802,0,0.4935434060175742
118804,0,0.34643928250371325
118805,0,0.6706088058543664
118809,0,0.4831941704538498
118810,0,0.24013075687606653
118811,0,0.15807201432832232
118813,0,0.6020685697661039
118815,0,0.6137846480746553
118816,0,0.280464932942941
118834,0,0.420119405062603
118836,0,0.33574614521880614
118839,0,0.5390555177440243
118840,0,0.09330716406934368
118841,0,0.5398104000005128
118853,0,0.14638449947423005
118857,0,0.4846862321550304
118861,1,0.5327084915964194
118864,0,0.36769856173941423
118871,0,0.4632083096545784
118872,0,0.5931747894391725
118873,0,0.5584336626205993
118877,0,0.4632629303333246
118879,0,0.12887412579090032
118887,0,0.2409753970266744
118890,1,0.6654533680339881
118894,0,0.2432530080161821
118895,0,0.14261894468813827
118897,0,0.502876826742526
118899,0,0.534665328317019
118901,0,0.23847851465712405
118904,0,0.40727304422901045
118906,0,0.7623395350656261
118914,0,0.40628702832816627
118915,0,0.398534633145387
118921,0,0.532491717616027
118924,0,0.40214077394409464
118926,0,0.23750800836242125
118929,1,0.401971396244059
118935,0,0.5205692414804806
118937,1,0.8160750093941158
118939,0,0.20274271345396366
118942,0,0.08061486730315301
118943,0,0.35816334876448847
118944,0,0.39005002590390364
118951,0,0.44594221929065436
118952,0,0.22519747663478684
118953,0,0.4800278624244206
118954,1,0.8247780374555952
118957,0,0.4034522392200356
118962,0,0.570026104207882
118971,0,0.5687401093194082
118980,0,0.2838605268869818
118981,0,0.11010394031214729
118985,0,0.5504640734998184
118986,0,0.5405442659928267
118989,0,0.17394377717084333
118990,0,0.5421449707354752
118991,0,0.5373833279092917
118994,0,0.4057099242291233
118999,0,0.7083682743462955
119005,0,0.1193090113640083
119009,0,0.38499105932379313
119013,0,0.487408528495581
119017,1,0.6773776674099794
119022,0,0.7178812173587964
119029,0,0.3679321779429363
119030,0,0.517331845119339
119031,0,0.6615729092754898
119040,0,0.3317414459749617
119041,0,0.5161869430660969
119044,0,0.4738071724599089
119053,0,0.3325315041456712
119055,0,0.3047521525357448
119056,0,0.656927943735141
119058,0,0.6358477529690449
119061,0,0.41170232338782675
119067,0,0.48753365146946853
119068,1,0.5440757123718739
119070,0,0.1351250189321107
119075,0,0.1746141072764767
119076,0,0.6487607698395609
119077,0,0.4438666182277168
119078,0,0.3438799974179637
119081,0,0.23470895977091885
119082,1,0.4959083808589608
119083,0,0.5536923065320617
119085,0,0.15545352197223986
119086,0,0.1227877492337414
119092,0,0.31055575588552764
119094,0,0.37619783152374947
119096,0,0.10462307505185899
119102,0,0.44907366394377474
119104,0,0.47849294607306425
119105,0,0.4623194800283506
119124,0,0.31721149800896675
119126,0,0.5104477444127838
119127,0,0.3395585641039754
119128,0,0.17500733048202713
119130,0,0.5863738333091135
119133,0,0.07013348130481807
119139,0,0.4104467281453138
119142,0,0.586574877069065
119146,0,0.539974609247436
119149,0,0.32447703856105836
119150,0,0.3141535591199938
119152,0,0.3955048121986006
119155,1,0.727878323399628
119156,0,0.07852891545170432
119158,0,0.33489202944994567
119160,0,0.3660220156163015
119164,0,0.634918446182089
119166,0,0.9877434680117311
119167,0,0.12134216729280788
119172,0,0.51780943737224
119175,1,0.23737963074633844
119179,0,0.4447925424915383
119181,0,0.5362240283578511
119183,0,0.1125561410546344
119184,0,0.26885498304722827
119186,0,0.2792301175436425
119189,0,0.4955212109516878
119191,0,0.4882486977713056
119192,0,0.42219604707027636
119193,0,0.4476948115267408
119194,0,0.3628123764751748
119196,0,0.3793682993850463
119197,0,0.6406475345050112
119201,0,0.2933105035566038
119207,0,0.21512160601683997
119211,0,0.5335418287055204
119216,0,0.3689446065377352
119219,0,0.4120110640489721
119220,0,0.4954421043519835
119230,0,0.3282291488563052
119232,0,0.33228124726144354
119243,0,0.6261979386508228
119245,0,0.38950150749248924
119252,0,0.6407974545687872
119257,0,0.32021187909245463
119261,1,0.5552224914092757
119262,1,0.6586440334703823
119265,1,0.9996462788367854
119266,0,0.5370078114866066
119267,0,0.5159757257511972
119269,0,0.3738251920330583
119293,0,0.8521574670868605
119298,0,0.6224269819886219
119299,0,0.44934960246626376
119300,0,0.32896873992168685
119313,0,0.5238537006045911
119316,0,0.35903617177487523
119323,1,0.9595516612438236
119325,0,0.7606139241093869
119326,0,0.2330599991569952
119328,0,0.09841566143637635
119334,0,0.14140343823112547
119335,0,0.4683845369231015
119337,0,0.7960413080582013
119340,0,0.4048617915339005
119345,0,0.3393347356867133
119350,0,0.49290939710173054
119354,0,0.5497809269934609
119355,0,0.3247089588182522
119356,0,0.3994775661784225
119357,0,0.16658905556676834
119358,1,0.4846275152883834
119360,0,0.5036287522992764
119363,0,0.6946737883802427
119364,0,0.3244642189177123
119367,1,0.6155210058510848
119369,0,0.6517177357199524
119370,0,0.5317420782474757
119376,0,0.36211792054851794
119381,0,0.4041031955452304
119382,0,0.41353707365560616
119385,0,0.28340694577114756
119397,0,0.18864667832466173
119399,0,0.6299461959785624
119405,0,0.47000019583108127
119406,0,0.5375344445033349
119407,0,0.43769494845277873
119418,0,0.4233750472134968
119422,0,0.20548679804421321
119423,0,0.4368817919301742
119427,0,0.4632276738688732
119430,0,0.5522035470094341
119433,0,0.5632692461459978
119434,0,0.7488769746942903
119438,0,0.3664631665876851
119442,0,0.8108303496167482
119443,0,0.21554822714158206
119451,0,0.5537046380349274
119453,0,0.18283669560958024
119461,0,0.5711823008856787
119462,1,0.4978674632055803
119466,0,0.45063046925847
119467,0,0.08090076483243018
119470,0,0.10811596395762067
119478,0,0.5153637585356909
119480,0,0.22470571839095768
119483,0,0.6538641829723598
119484,0,0.23500022368848303
119487,0,0.35365667392622535
119491,0,0.6345333478410521
119492,0,0.49100698448890706
119497,0,0.29391946650349654
119499,0,0.5379971532668933
119501,0,0.2678833804334122
119508,0,0.08371517808330813
119510,0,0.5464520571981603
119511,0,0.34972292831283547
119512,0,0.5373889934501553
119523,0,0.11120632447947647
119532,0,0.49954523552693697
119537,0,0.2257271731364718
119540,0,0.7630832045542199
119543,0,0.6124003869807411
119544,1,0.814926590449524
119547,0,0.69615625178181
119551,0,0.44114468179712935
119559,0,0.6452683762205744
119562,0,0.6090007883854158
119563,0,0.5517890778952184
119565,0,0.24972007210294614
119567,1,0.6255486875754758
119569,0,0.13514092026536564
119575,0,0.3371982494582102
119580,0,0.15517443632176864
119581,0,0.35514199155512904
119583,0,0.15851916107155367
119584,0,0.5169959971732135
119588,0,0.3983533793175602
119589,0,0.1495921240002887
119590,0,0.3311911241924378
119591,0,0.5624885859579942
119592,0,0.5937027303981073
119594,0,0.6581596996803629
119597,0,0.3304551671704599
119600,0,0.2072139976419774
119603,0,0.2395725256807002
119605,0,0.3684423411681174
119606,0,0.32195290560194284
119608,0,0.2190619660408556
119613,0,0.19003478345689315
119617,0,0.441060068837471
119618,0,0.5635906631106059
119619,0,0.30996237372135677
119624,0,0.6868145097606848
119626,0,0.3479860282593193
119630,0,0.33579481604949957
119632,0,0.4940342779837873
119636,0,0.41138809756407363
119640,0,0.6263690598395676
119642,0,0.37401902495885353
119644,0,0.46307186785984233
119645,1,0.4220862784771782
119646,0,0.23322261571640404
119651,0,0.4322914635710658
119653,0,0.20146339606358799
119659,0,0.5180656104630281
119667,0,0.4080283859391546
119669,0,0.2500310179552181
119670,0,0.34721772665854383
119675,0,0.6427169964830853
119678,0,0.6297487942078913
119679,0,0.17078319732603406
119680,0,0.4261300845676538
119681,0,0.562556594574183
119683,0,0.3248984559857726
119687,0,0.21233536707430822
119688,0,0.7809892849171668
119693,0,0.3307494764115899
119694,0,0.09049626484090305
119695,0,0.5485281426874103
119696,0,0.2417977109341604
119698,0,0.1313626842836286
119700,0,0.2725517996760663
119702,0,0.1298453561916324
119703,1,0.38975108947509407
119707,1,0.9029519472617364
119708,0,0.6662689918217611
119712,0,0.7300549008130319
119716,1,0.577594749431066
119727,0,0.17210214916992012
119734,0,0.7260600513629012
119735,0,0.6525393029509163
119737,0,0.30213185822359184
119738,0,0.7138672273654292
119742,0,0.3954204763083564
119745,1,0.5523227749410438
119746,0,0.5122030830096824
119750,0,0.25780241220333594
119751,0,0.4926899207851692
119752,0,0.4733040744082828
119753,1,0.7083665750240022
119755,0,0.41077267214968993
119758,0,0.21348665387059793
119761,0,0.2702035089546341
119762,0,0.49541440485329963
119766,0,0.472111774325455
119769,0,0.6523050515100092
119772,0,0.29928618938593926
119777,0,0.5785838546371203
119779,0,0.48217728010365185
119780,0,0.4574816970121913
119781,0,0.5447335176332111
119787,0,0.5049960751089129
119788,0,0.6057750929915998
119791,0,0.5237030913760445
119795,0,0.4735257167256598
119798,0,0.6455610874884096
119800,1,0.7413395844302582
119801,0,0.35086411171640053
119802,0,0.20776565555741272
119806,0,0.45846077279828756
119810,0,0.17828514655702965
119814,0,0.47872857116126394
119815,0,0.078424546023791
119817,0,0.3787294661818569
119821,0,0.6668555728945705
119825,0,0.24969011722248416
119829,0,0.25056100201450504
119830,0,0.12527884132350936
119831,0,0.11023233950330105
119832,0,0.23693911036686416
119834,0,0.48819923076784194
119839,0,0.6133787795335984
119841,0,0.38439215282420863
119842,0,0.5114359247645665
119843,0,0.6339383931241859
119846,0,0.8199359474379575
119852,0,0.31474071844956664
119854,0,0.3033793827865151
119855,0,0.4084439906191361
119859,0,0.3157365324956629
119864,0,0.6372163493775612
119870,0,0.7593995284489822
119871,1,0.35664665549281693
119873,0,0.35960166934358745
119875,1,0.5647398625382046
119880,0,0.08367715404273222
119882,0,0.3897278331763787
119885,0,0.6165975498465847
119886,0,0.6763345818038204
119887,0,0.12963155024910805
119890,0,0.34314314670257795
119892,0,0.1788317569242918
119896,0,0.4634902639872258
119897,0,0.4859502536594816
119898,0,0.12466655003676294
119901,0,0.09797797754592344
119905,0,0.5504903139864394
119907,0,0.25169152813214496
119908,0,0.15251671264326253
119911,0,0.6815409811646299
119913,0,0.4606910154269356
119918,0,0.5087004901674288
119927,0,0.09188650196233643
119928,0,0.24947460258974657
119929,0,0.14913099472095245
119935,0,0.19007329340064816
119937,1,0.8148231809816862
119939,0,0.6580429112422149
119941,0,0.4808272984781849
119942,1,0.504691788901501
119944,1,0.8059035895282112
119947,0,0.4188255426282037
119948,0,0.607704673674196
119949,0,0.33240162515287935
119951,0,0.6032746876631778
119958,0,0.5169990677894123
119959,0,0.6267036761425834
119965,0,0.18386880605395828
119966,0,0.5412383873505654
119972,0,0.6933815970242646
119980,0,0.6524209811503028
119982,0,0.25257138008544555
119987,0,0.5717823596204806
119988,0,0.05949036442128707
119989,0,0.12055172310776237
119994,0,0.21141669005881444
119995,0,0.17169391612071946
119996,1,0.33389594876642126
119997,0,0.4523679978926246
120000,0,0.2520627799592554
120003,0,0.5901572899658819
120004,0,0.6760440495381651
120005,0,0.43775191613570796
120010,0,0.6638942493587267
120011,0,0.2301534447435607
120013,0,0.6334689040073263
120016,1,0.5556262583053728
120020,0,0.09759328080977055
120021,0,0.5272712148912156
120025,0,0.15408666090030929
120026,0,0.23025983419439722
120027,0,0.2342374801827718
120039,0,0.3037365256069749
120040,0,0.6182572993436274
120041,0,0.3807912682327933
120043,0,0.5208934859531308
120048,0,0.07993839221254025
120049,0,0.4702648905506508
120055,0,0.4418117915836898
120056,0,0.40919590795850863
120062,0,0.44177812935125077
120064,1,0.5655574406170826
120068,0,0.13923307805151489
120076,0,0.44475994414330416
120078,0,0.47828282603983124
120079,0,0.11545009122902482
120080,0,0.663753801726288
120082,0,0.30756899768326285
120084,0,0.12395828714488195
120089,0,0.42563505231620363
120097,0,0.40641104513751436
120099,0,0.19886780895051542
120103,0,0.6812201021103232
120104,0,0.18756919349784562
120119,0,0.6279612639856572
120124,0,0.4350713473566563
120126,1,0.8925798448583946
120129,0,0.12124928436699296
120131,0,0.33633052946440944
120136,0,0.4677397281864398
120137,0,0.22029940308872514
120142,0,0.2732013086907839
120145,0,0.27967209532412995
120147,0,0.2501977469565079
120149,0,0.23726472517900832
120150,0,0.5950286176841446
120153,0,0.15609926023057968
120154,0,0.11949211776327105
120156,0,0.5295615604967507
120160,0,0.20183477454947688
120165,0,0.43271711860058776
120169,1,0.6429848869150457
120173,0,0.6114095872929465
120177,0,0.4961238752315782
120178,0,0.6088871481638234
120179,0,0.12873814134452954
120180,1,0.6828628249223078
120183,0,0.6324798361555062
120188,0,0.3307252112862386
120193,0,0.3007310674800702
120194,0,0.23827569912199154
120196,0,0.3981431385424221
120197,0,0.23010473726222525
120198,0,0.48134441278510054
120203,0,0.24904783299747124
120204,0,0.38010030642714493
120209,0,0.3666724468328731
120211,0,0.24146973091634508
120212,0,0.43211632882694223
120214,0,0.44245270438649376
120223,0,0.5989772215689684
120224,0,0.6169797906615265
120229,0,0.42646975727965675
120241,0,0.5406907733357526
120246,0,0.5596727302038462
120251,0,0.510053598317522
120257,0,0.6568180416605953
120258,0,0.3210202620080021
120259,0,0.4460778936142555
120268,0,0.45209675509554853
120273,0,0.27289392037445775
120278,0,0.6111048131634508
120279,0,0.3242127249580575
120283,0,0.17377148873905557
120285,0,0.7343956177016694
120286,0,0.32201069170757896
120287,0,0.514475557064987
120291,0,0.1671689009146674
120296,0,0.2975395810380757
120300,1,0.5784756765176525
120307,0,0.62070378727855
120311,0,0.45047877511131956
120319,0,0.37175414277789587
120322,0,0.6325692255087612
120325,0,0.2158414180996066
120327,0,0.6471152427534352
120329,0,0.25733653848027477
120332,0,0.4047116770179741
120334,0,0.16225243191408611
120336,0,0.6544594568519331
120338,0,0.560555560415857
120340,0,0.2843256608322679
120343,0,0.45673772152973974
120345,0,0.5468721085529594
120346,1,0.5408109261322039
120350,0,0.41173040191299415
120352,0,0.41349398887330635
120353,0,0.5132042779941355
120355,0,0.08737546906024184
120358,0,0.4754096282017952
120361,0,0.4007973159933594
120363,0,0.2580901805261212
120364,0,0.619278939565539
120368,0,0.513775336818974
120369,0,0.3569206147209683
120371,0,0.6787337307067676
120373,0,0.17355258749352764
120376,0,0.5875555561436978
120379,0,0.32514868762825466
120380,0,0.36291093495534216
120381,0,0.5750152235595455
120382,0,0.3815194946704997
120384,0,0.693948991554983
120386,0,0.43152150586501375
120387,0,0.5821010639739757
120393,0,0.35215598341470367
120395,0,0.3819080812192296
120398,0,0.4105571122343192
120400,0,0.2794090631297171
120401,0,0.6575669321224875
120403,0,0.3533124958776181
120405,0,0.2426171886017866
120407,0,0.42640210811321494
120410,0,0.20239046941487737
120411,1,0.5312344159385164
120412,1,0.630625230468927
120413,0,0.4830684580930256
120414,0,0.10887256922963595
120416,0,0.5360165372377657
120418,0,0.2982155417014501
120419,0,0.7849238555478111
120420,0,0.4524269359890681
120422,1,0.6836078952336471
120427,0,0.10605485147615726
120428,0,0.24229076235485203
120432,0,0.546271029520944
120440,0,0.23456707179000041
120441,0,0.14041088514088998
120443,0,0.17719753485392092
120447,0,0.3416264748788775
120451,0,0.15077822267583332
120454,0,0.19513024739622004
120455,0,0.491520833440374
120456,0,0.45509363957322724
120458,0,0.25562069941728616
120460,0,0.3577831059738013
120461,0,0.2353826260631394
120462,0,0.3957237644757018
120467,0,0.552370100504508
120468,0,0.6011767187465895
120471,0,0.3245452076784558
120476,0,0.511358459831493
120478,0,0.749427124739164
120480,0,0.5358473730436829
120481,0,0.21549270806280843
120484,0,0.2886677864341889
120485,0,0.32258279801934286
120491,0,0.3412455415931488
120494,0,0.1305814477365397
120498,0,0.23112017722008274
120500,0,0.4837947287986366
120510,0,0.6245636550686071
120512,0,0.18260664232932558
120519,0,0.3492900310646615
120521,0,0.6040353580331508
120522,0,0.4750507832934157
120523,0,0.1707232166119834
120529,0,0.1242656903049173
120531,0,0.4167323200276329
120535,0,0.6550079970080499
120538,0,0.3431335149810449
120541,0,0.2595706040710017
120542,0,0.4272022717090032
120544,0,0.49036897107359007
120545,0,0.35700341647100203
120553,0,0.19313086351698602
120556,0,0.49533333561355136
120557,0,0.5114080762231038
120561,0,0.5231149667435965
120563,0,0.5300898539181376
120571,0,0.29812139852524466
120573,0,0.5012689571542012
120577,0,0.52081065727792
120581,0,0.27263059341837814
120584,1,0.36826388724682496
120590,0,0.35895998231750065
120591,0,0.5471336754128977
120596,0,0.14079214079746477
120597,0,0.3457697478089223
120598,0,0.3107739684258621
120603,0,0.5538932473595523
120607,0,0.4048939488713728
120609,0,0.28478948914313423
120610,0,0.39629908251413065
120611,0,0.8163311341259668
120623,0,0.34412606708128246
120629,0,0.10431792570823983
120631,0,0.18833634821452205
120635,0,0.23581463915793285
120641,0,0.4232426249006625
120647,0,0.638519051520454
120652,0,0.8775484478857458
120653,0,0.7341327368614073
120654,0,0.24651897473188497
120661,0,0.12599920864123934
120662,0,0.44799460501752897
120676,0,0.1990585157495898
120677,0,0.6533901031655243
120678,0,0.3255621608608548
120683,0,0.6113663553135629
120684,0,0.1511344682996598
120687,0,0.27701779635600304
120691,0,0.2847736151681546
120694,0,0.5208077368237459
120696,0,0.25306244084344914
120700,1,0.6601919143790889
120709,0,0.7396961757947481
120710,0,0.6525011097955185
120717,0,0.3164264257835283
120720,0,0.3835485431422401
120723,0,0.42586096636802545
120727,1,0.3299190445994173
120731,0,0.18842805792505776
120734,0,0.39879521652861083
120738,0,0.6127271938004917
120742,0,0.44951955747837935
120743,0,0.4591932594187875
120745,0,0.3182017595719058
120747,0,0.9930037335264909
120748,0,0.5086636925144611
120749,0,0.3446034842792502
120752,0,0.5809532712116202
120754,0,0.47349495571477646
120762,0,0.6289715405734672
120769,0,0.29489829108868537
120770,1,0.9186465448601048
120774,0,0.2500771856174949
120778,0,0.2707383574010982
120779,0,0.491810081034578
120780,0,0.15796865493852258
120784,0,0.5430470280132123
120792,0,0.41927889091511933
120793,0,0.5390671554333645
120794,0,0.2271418268964259
120802,0,0.3536388190397181
120804,0,0.22869267364241685
120817,1,0.6260016348071488
120821,1,0.6654650063607327
120825,0,0.5697637179217435
120828,0,0.3817320052010677
120832,0,0.6181991308725301
120838,1,0.3607254107085971
120842,0,0.1217811384135063
120846,0,0.29760848899505005
120862,0,0.36313995412706157
120870,0,0.3228910567487335
120873,0,0.5069969998189774
120874,0,0.26451353000103106
120876,0,0.1446662837034473
120880,0,0.1950969903465465
120881,0,0.3120173121843631
120882,0,0.4231329811099762
120885,0,0.5800031907303325
120888,1,0.712821044614273
120894,0,0.1984375904393548
120897,0,0.31291159411343
120899,0,0.4368082498309711
120904,1,0.768202297771722
120905,0,0.5250772850005747
120908,0,0.13244890741693527
120911,0,0.812681237983838
120917,0,0.7004527050304711
120921,0,0.17084066790225205
120922,0,0.61126120866485
120927,0,0.44805024549295686
120928,0,0.18922726461810688
120933,0,0.5151996188082213
120936,1,0.5895897246060163
120939,0,0.7968836384581448
120948,0,0.910906612787851
120953,0,0.6882270258094767
120956,0,0.13048124646233067
120960,0,0.45023375871685123
120962,0,0.6333979812811564
120967,0,0.8036974417094916
120969,1,0.7940338459636741
120971,0,0.236777661005691
120973,0,0.4717437411963799
120983,0,0.4057366800292618
120984,0,0.4040042219826817
120987,0,0.4589709165572358
120991,0,0.20815905836135953
120994,0,0.6241258314247121
120995,0,0.44334135878394637
121000,0,0.49769503471828846
121001,0,0.4706719485207213
121005,0,0.7041853072194283
121008,0,0.8814431315730902
121015,0,0.8207283097620558
121022,0,0.16901462865704162
121023,0,0.5712421288795295
121032,0,0.1863847986408759
121038,0,0.39093135366819515
121041,1,0.9057938972471523
121043,0,0.4234238144277112
121045,0,0.46093602656381977
121047,0,0.5314595459897881
121052,0,0.2751144652899952
121057,0,0.46558048529141777
121058,0,0.8823653716905092
121060,0,0.28102616172884565
121061,1,0.21958928080769374
121063,0,0.2811424486987048
121064,0,0.5172573505798334
121069,0,0.5542191230257679
121071,0,0.17290175662319132
121073,1,0.5851661073312397
121077,0,0.44910479480815857
121081,0,0.30980200959019466
121082,0,0.21592042012780774
121083,0,0.2698487475172898
121088,0,0.3506791137639147
121089,0,0.47807775493710847
121091,0,0.1276504813846612
121095,0,0.2933580329934572
121098,0,0.5443504851472853
121101,0,0.39421941905074664
121102,0,0.412246117680135
121105,0,0.434714746175139
121106,0,0.6325668786532554
121110,0,0.5605414989454592
121117,0,0.4195192593805018
121120,1,0.9864994492625875
121122,0,0.34348479036757107
121123,0,0.5599134867736647
121126,0,0.2604225803248337
121134,0,0.7269007684274926
121135,0,0.35476878695671976
121136,0,0.5812020694107586
121139,1,0.5281482707579928
121142,0,0.472036939297322
121146,0,0.2033276030426906
121147,0,0.2016039108712045
121149,0,0.3778133132043019
121154,0,0.3393623365983591
121156,1,0.3459403028464581
121162,0,0.2401428540654092
121169,0,0.23846267116767755
121172,0,0.6925615427276588
121174,0,0.5596223987464218
121175,0,0.4456900427897439
121176,0,0.40992823337076834
121177,0,0.12047762213097893
121178,0,0.6145433635993023
121182,0,0.3330357539655711
121185,0,0.24187030879442636
121187,0,0.6288921312145215
121188,0,0.10748388660511916
121192,0,0.157003826879055
121197,0,0.424959280445314
121199,0,0.11091942575289605
121201,0,0.6473293354972436
121203,0,0.26721405697629286
121204,0,0.4977375695103214
121205,0,0.6267278367659382
121207,0,0.38862700795108035
121211,1,0.3900279928651847
121213,0,0.13184907743677798
121215,0,0.14550248394227883
121219,0,0.41795699866964825
121220,0,0.2566352384214374
121228,0,0.08492237304801015
121235,0,0.2107013902295821
121237,0,0.43108542727261806
121240,0,0.27700981755014253
121242,0,0.24066589785999457
121245,0,0.23252783967709517
121246,0,0.29241158479456325
121249,0,0.7295155507304004
121253,0,0.3446051212942003
121254,0,0.3624627859285062
121260,0,0.42379602096436353
121261,0,0.1311970864824275
121269,0,0.5252190534946797
121272,1,0.6093934534401879
121277,0,0.6279525118413598
121284,0,0.520856877616205
121286,0,0.18278552373246593
121287,0,0.4200871125641468
121291,0,0.4470029472592269
121293,0,0.2775903608811912
121294,0,0.6159092894765263
121295,0,0.37765603351398364
121296,0,0.39954311894662503
121299,0,0.4360142285918285
121303,0,0.3516885878144243
121304,0,0.540162812144053
121309,0,0.43126655397996705
121311,0,0.2862552695588419
121313,0,0.2512124535632459
121315,0,0.63624354046286
121317,0,0.7310720948291181
121319,0,0.24589987440615774
121321,1,0.6140220376734025
121322,0,0.4343889707024548
121325,0,0.6608930268577066
121326,0,0.44669704380845116
121329,1,0.784232710324999
121334,0,0.3173942118230571
121335,0,0.2762281001001995
121336,1,0.4155679667807647
121340,0,0.13253670738048284
121341,0,0.6222514893990644
121345,0,0.247185871039343
121346,0,0.5024354611586709
121348,0,0.5454904277659754
121349,0,0.6124143549293394
121350,0,0.1955998428315659
121351,0,0.32324762170729077
121353,0,0.4930495840547228
121358,0,0.661088449639808
121361,0,0.10924329245536282
121364,0,0.18733546621331948
121367,0,0.6727849309595514
121368,0,0.3185500006634154
121371,0,0.29294257416210606
121378,0,0.2415091881944443
121381,0,0.5112855702965285
121382,0,0.2794295401807676
121383,0,0.7285389650976235
121391,0,0.4992728391429165
121395,1,0.5695026361733937
121398,0,0.6686597942616905
121405,0,0.1657064947990277
121406,0,0.5024855859349607
121410,0,0.5302819164523068
121414,0,0.3386267491216539
121415,0,0.6656023534045271
121417,0,0.3272001301213197
121422,0,0.25145471576448525
121424,0,0.22787357828112717
121425,0,0.28589863657388637
121428,0,0.25760465581248754
121432,0,0.4593641190555914
121435,0,0.33379816134747303
121441,0,0.09849826559746543
121442,1,0.9652050925981676
121443,0,0.2632358261286456
121453,0,0.17484170826642995
121457,0,0.6937033378280674
121460,1,0.640645944580018
121461,0,0.28182923280209504
121462,1,0.6030435884140218
121464,0,0.3118437954714943
121465,0,0.7389736857778028
121468,0,0.4269297125768252
121473,1,0.47789442404560917
121475,0,0.23851033339185868
121476,0,0.12985328090456405
121480,1,0.5935916761966151
121481,0,0.3018160267754028
121483,0,0.09881433945959468
121484,0,0.665029298360879
121485,0,0.1504380952105089
121488,0,0.178521443656539
121489,0,0.6929357848883422
121490,0,0.11650247528000733
121494,0,0.6898628633445617
121505,0,0.2648027729019963
121506,0,0.5489924117993932
121508,0,0.3653619874568646
121519,0,0.25170568229185647
121520,0,0.7389801214326245
121521,0,0.09593493099533254
121525,0,0.41554266118319194
121530,0,0.30399319772156547
121533,0,0.16188124998839054
121534,0,0.21352012547754307
121540,0,0.41730162799836734
121543,0,0.5922312797087077
121544,0,0.4746248895420532
121550,0,0.18535104826496226
121551,0,0.40180170484345834
121554,0,0.29622562494085547
121556,0,0.5526351065500904
121558,0,0.16927652480140334
121565,0,0.21356051595899783
121569,0,0.5223041710957146
121570,0,0.2017536642889989
121571,0,0.31823245319109866
121576,0,0.2848546767571372
121578,0,0.5472778534965351
121579,0,0.20517461137308368
121580,0,0.3192103563810919
121581,0,0.16528225841087266
121585,0,0.24211975229733537
121587,0,0.2015272607624185
121588,0,0.6353743002041282
121592,0,0.33965578261296275
121597,1,0.45680159039837687
121604,0,0.32743238204477126
121606,0,0.5190660051011118
121607,0,0.6230188740089196
121610,0,0.1014914322632116
121618,0,0.4885229407755639
121621,0,0.38791661645393105
121623,1,0.8999647730472514
121625,0,0.7640134913527944
121631,0,0.11041805020345423
121634,0,0.2620040194667374
121635,0,0.2631118983237393
121638,0,0.12459125464520908
121644,0,0.49348234705261723
121645,0,0.5580447410527474
121647,0,0.46290812419101285
121648,0,0.5130428627568706
121649,0,0.7936165893108489
121650,0,0.47140250158575475
121653,0,0.3696109990701621
121657,0,0.33619580292921636
121662,0,0.285250707842856
121664,0,0.31759258007962116
121669,0,0.3300058708507113
121670,1,0.6788231304606333
121671,0,0.38270200415922356
121673,0,0.11588068224912047
121674,0,0.10772817286870964
121675,0,0.4692129565765062
121682,0,0.6515000168894531
121687,0,0.38370058915244476
121693,0,0.3524691231203686
121694,0,0.542365691782378
121695,0,0.5244662133436115
121696,0,0.3857916420361113
121700,1,0.7416072348082633
121710,0,0.35363383473387205
121711,0,0.18165893221127802
121719,1,0.7083490461262808
121728,1,0.6044672521252795
121730,0,0.5374996624689605
121731,0,0.4823920949756512
121737,0,0.1658787469556906
121738,0,0.1977940608513939
121747,0,0.35492723713378604
121753,0,0.5001034270707134
121758,0,0.24685921034207742
121763,0,0.28727412071538405
121764,0,0.10656993220068214
121773,0,0.4813186368649658
121774,0,0.6754315247538738
121775,0,0.4560099459581114
121776,0,0.38130709558976156
121778,0,0.21707493627835286
121780,0,0.6243951377247582
121782,1,0.3969876632746544
121783,0,0.7175191700227265
121785,0,0.6425522464759801
121786,0,0.7663931385387558
121789,0,0.6421476351498027
121791,0,0.26109609761053476
121796,0,0.4928962339864229
121809,0,0.21745791666403527
121812,0,0.44245667261010185
121814,0,0.44996353338286105
121816,1,0.6914520486116638
121818,0,0.42303287411596846
121827,0,0.41886522082243893
121828,0,0.2265194678598786
121830,0,0.26016671048059414
121836,0,0.1455752773397419
121838,0,0.2620619344533889
121840,0,0.4550868849357892
121841,0,0.49760216566438314
121842,0,0.1362463666596554
121846,1,0.5641315040166603
121847,0,0.6217352207569866
121848,0,0.40800857519533196
121850,0,0.20160154214189568
121854,0,0.22930119062172197
121864,1,0.5071252183132892
121865,0,0.387508681600224
121866,0,0.1669782980748632
121872,0,0.718618841913308
121876,0,0.3038294343240822
121877,0,0.35980161129503313
121883,0,0.6781791359574496
121891,0,0.5609930075905804
121893,0,0.4003653006655036
121894,0,0.48309513951191735
121897,0,0.3103188212696057
121899,0,0.46124080710753756
121906,0,0.4857095756841917
121907,0,0.5713511855898529
121913,0,0.16366203971950982
121917,0,0.36536264041571787
121919,0,0.10950118453587289
121920,0,0.261396424797895
121923,0,0.4638934260311817
121927,0,0.6952934928544333
121928,0,0.6194809745826297
121931,0,0.3376443569308955
121944,0,0.3052531254063843
121945,0,0.4814708866930161
121948,0,0.37115757371776253
121961,0,0.30125143880148086
121962,1,0.9918437550616105
121964,0,0.29811834946600557
121972,0,0.4736663694212146
121974,0,0.4549745100203171
121975,1,0.3848337689794774
121976,0,0.7386343756596533
121979,0,0.2705828896424131
121981,0,0.4107726111286039
121982,0,0.31935554207971506
121985,1,0.29133986352568864
121987,0,0.6032063364197152
121989,0,0.4717797264714001
121993,0,0.48511128858110597
121995,0,0.320826818033857
121997,0,0.5552150381977189
122001,0,0.32444781785170074
122004,0,0.27175670987403966
122012,0,0.6780226290398975
122013,0,0.6042803718980809
122018,0,0.0972100183540008
122021,0,0.36916438369494253
122023,0,0.5362743278183268
122033,0,0.8894793227866103
122035,0,0.13517311061752724
122036,0,0.44254751718113694
122037,1,0.7525807170593274
122038,0,0.31074445226067055
122039,0,0.5285292450948615
122041,0,0.2513879763376145
122043,0,0.4057298139718413
122047,0,0.7574134944828887
122052,0,0.4052862252962246
122054,0,0.34373109266390084
122056,0,0.37235536428410926
122062,0,0.2368172029782177
122063,0,0.23243233540966765
122074,0,0.36908649547450967
122077,0,0.4812550492300515
122078,0,0.4472483416525867
122093,0,0.11183593139571892
122095,0,0.17470354868356316
122097,0,0.1729402858159878
122101,0,0.5346978062200305
122107,0,0.20229157174194237
122111,0,0.3023431161182688
122112,0,0.2728801787742979
122113,0,0.29622228721181404
122116,0,0.19597478756198292
122121,1,0.7247665217108392
122127,0,0.12491577851362218
122128,0,0.10271941382804975
122129,0,0.46810189292344045
122136,0,0.4113826248244673
122139,0,0.4945282181254547
122143,0,0.14251451101195678
122150,0,0.6184676627094174
122152,0,0.1582993033873503
122153,0,0.6815389019978222
122154,1,0.5019677576693404
122156,1,0.7733042769610782
122158,0,0.14258231638599012
122159,0,0.6060120038152915
122179,0,0.2706772228378413
122187,0,0.5304087145915058
122188,0,0.3044384030734134
122193,0,0.3542732563728492
122196,0,0.11215900172976023
122199,0,0.5531430341882472
122207,0,0.21216606371065178
122209,0,0.3276073151001225
122210,0,0.15143867220360824
122214,0,0.4412297616629295
122215,0,0.18630446863436168
122216,0,0.4861762958563481
122217,0,0.34300652106478124
122219,0,0.5685702670280591
122222,0,0.27945901165584136
122227,0,0.43606776873629116
122233,0,0.08725890338412633
122234,0,0.3437446631292694
122237,0,0.5649848383289364
122239,0,0.1933123694793753
122241,0,0.30654986319412575
122252,0,0.6761083496998167
122254,0,0.22721082981638827
122258,0,0.9291703524692657
122260,0,0.516043952165786
122264,0,0.14828165421967485
122265,0,0.1370784713261728
122266,0,0.36665980570734724
122269,0,0.41754001206439934
122271,0,0.3552793052596172
122276,0,0.26920228384794753
122283,0,0.46242555622313697
122289,0,0.34109635785982123
122291,1,0.5132631871497261
122294,0,0.2326277203125344
122295,0,0.6181774357853237
122297,0,0.3493000557319972
122301,0,0.1863540870236145
122302,0,0.07827106495267233
122303,0,0.49930866348765957
122305,1,0.7259006669159467
122310,1,0.3540190107739313
122314,0,0.4796487479931184
122315,0,0.8648807967310285
122322,1,0.8407576558472025
122323,0,0.39982913136918774
122325,0,0.465506546967436
122328,0,0.5553667410571026
122333,0,0.3707253984679937
122334,0,0.15496362120389698
122337,0,0.8067637477500273
122338,0,0.5333452191119731
122339,0,0.5208588444952389
122340,0,0.18538636638741487
122343,0,0.7681684869469402
122350,0,0.13066571377434985
122355,0,0.39772365506204105
122356,0,0.12219015892319403
122359,0,0.6491352341733118
122360,0,0.16158684353584749
122361,0,0.5404770867075119
122363,0,0.6116667332644109
122364,0,0.1533129486307954
122373,0,0.15688615459487604
122375,0,0.3260834875230421
122376,0,0.3775186515057984
122378,0,0.17966289983611478
122379,0,0.23009577824781244
122383,0,0.14057198397541262
122384,0,0.5825269997900316
122387,0,0.6776249668674077
122389,1,0.4318739439910575
122392,0,0.3861058813414867
122394,0,0.47313476038841284
122395,0,0.46089950031367954
122396,0,0.5163523250882066
122404,0,0.24572455536811857
122405,0,0.5840764589121982
122407,1,0.6711837537606876
122408,0,0.18443074495863937
122414,0,0.3722363388981691
122416,0,0.3119374196850126
122417,0,0.6703546876021867
122419,0,0.4953802091918217
122421,0,0.08505026046331456
122423,0,0.9535895178404686
122430,0,0.10233762821451471
122431,0,0.4063105184721749
122435,0,0.568455731326615
122442,0,0.18599262952964254
122448,0,0.38779551151170966
122453,0,0.6246279099983851
122454,0,0.20182475870441227
122459,0,0.17439761929028394
122460,0,0.09051050349281187
122462,0,0.12765698385414895
122463,0,0.5157905208044592
122468,0,0.44756913223229056
122473,0,0.4801614286196307
122474,0,0.5482594076382108
122477,0,0.14736949218825662
122478,0,0.21337283900018694
122481,0,0.355068655635232
122487,0,0.10528669387559252
122490,0,0.27990824240862716
122493,0,0.5605896571468584
122496,0,0.7712920728321594
122500,0,0.07169093164677996
122503,0,0.21398081499899455
122504,0,0.5457879806795269
122511,0,0.3747848275687119
122512,0,0.11345307423334024
122513,0,0.3820692581307986
122514,0,0.30348072245421553
122517,0,0.47213368460735267
122520,0,0.4396716613007582
122526,0,0.3673593631466638
122528,0,0.17847519393899328
122535,0,0.25080127229233534
122536,0,0.5724539163188416
122537,1,0.39937449904768924
122543,0,0.816825513170904
122546,0,0.4900190173216301
122555,0,0.3203689426824634
122556,0,0.4236765596908582
122559,0,0.38946664126461694
122560,0,0.4480008510979544
122563,0,0.44728423854081123
122574,0,0.32488331258165326
122576,0,0.18322602296766677
122578,0,0.29349559367890937
122581,0,0.14393667410986413
122585,0,0.6475970650995085
122586,1,0.21402221805561092
122587,0,0.4062059624998892
122592,0,0.1648471220620997
122594,0,0.4327412591386772
122595,0,0.5688489309646504
122596,0,0.38257841987043195
122597,0,0.47069752811219
122602,0,0.1476148862528164
122608,1,0.29440237943283254
122609,0,0.17387981025911453
122611,0,0.5000302503829
122612,0,0.28786870855154467
122617,0,0.1520562520209536
122619,0,0.26244146212823677
122621,0,0.6518548094266177
122629,0,0.5890229791042155
122630,0,0.3116869859853014
122637,0,0.2875677134454748
122643,0,0.4809047354256427
122644,0,0.527968212421216
122647,0,0.5868834846783789
122651,0,0.48148817873677774
122652,0,0.41280848897282535
122654,0,0.5661956422232536
122656,0,0.2928166346241281
122657,0,0.6622131836251325
122659,0,0.4548934553507558
122660,0,0.45173954117629456
122662,0,0.2155466938170741
122663,0,0.12886608979606706
122664,0,0.4961557288627364
122670,1,0.7097713633997912
122672,0,0.2553684673133936
122676,0,0.5958045877403275
122684,0,0.34578369643259294
122685,0,0.41153678131976124
122687,0,0.14101729606484617
122691,1,0.5941470887170002
122692,0,0.1270282864138919
122694,1,0.6475995294535344
122698,0,0.31689455533641725
122699,0,0.21488687542987864
122703,0,0.2376205276858223
122707,0,0.25165077841768957
122709,0,0.4056741511379285
122713,0,0.34060080670026727
122717,0,0.30727671313239974
122720,0,0.48109784701213926
122724,0,0.20385976427285016
122732,0,0.5150943365654771
122734,0,0.6131633380425582
122737,0,0.2154331094429532
122742,1,0.6381079373254027
122746,0,0.29418784326114666
122749,0,0.5950482355599039
122753,0,0.9004108207186444
122759,0,0.3869800314820502
122766,0,0.5095120156921631
122769,0,0.37156806580281915
122771,0,0.32478706301129884
122780,0,0.4902891415411344
122781,0,0.5744913335546884
122784,0,0.2164366087663669
122787,1,0.300890300558679
122789,0,0.7635076315329862
122790,0,0.12137844941229207
122791,0,0.5916119829324595
122796,0,0.48903969223787747
122800,0,0.24458851695841166
122803,0,0.4221592100345812
122806,0,0.2965396231092358
122807,0,0.48565976415974077
122816,0,0.22709684853882897
122820,0,0.4017707307259386
122824,0,0.4606639053344629
122828,0,0.2042477002626213
122833,0,0.3650303560228619
122840,0,0.22105610594689626
122842,0,0.2219392647710182
122843,0,0.27263714258227656
122848,1,0.7644495373142243
122851,0,0.39672774677198624
122852,0,0.14782335475591937
122855,0,0.3226885223721479
122856,0,0.6816578618493223
122864,0,0.5569054296079683
122867,0,0.10465326696255543
122874,0,0.1169496473606434
122876,0,0.4492019761355361
122878,1,0.6399320944336192
122881,1,0.49099903202197404
122886,0,0.24772082303081613
122889,0,0.37847015254807587
122893,0,0.514512166098753
122896,0,0.8679404645869818
122901,0,0.598546775363008
122906,0,0.15740934615225974
122912,0,0.34213039813633495
122913,0,0.37602569122533475
122916,0,0.3414730553046976
122919,0,0.31584036387258596
122923,0,0.5169306660872267
122925,0,0.412895009542075
122928,0,0.38054070322576344
122929,0,0.2848222741666502
122930,0,0.7040776324798231
122931,0,0.5739956462368545
122933,1,0.5027673712400861
122934,0,0.4015027422088192
122937,0,0.4037213594755289
122938,0,0.38066995957926597
122940,0,0.3591698338545084
122949,0,0.20608261580377374
122950,0,0.36448950903275557
122951,0,0.3236947460910294
122952,0,0.29153573570314795
122955,0,0.20153819818702035
122960,0,0.5190692713408267
122962,0,0.7302001799700284
122963,0,0.32390940707555266
122970,0,0.6004271756624546
122972,0,0.35604261623346306
122974,1,0.662574050435159
122977,1,0.7157126284674346
122984,0,0.0953296578062206
122985,0,0.22106727950905455
122987,0,0.22846710385707503
122988,0,0.45546802342568626
122991,0,0.4743304962126688
122995,0,0.30021265371029543
122996,0,0.18583819854221195
122997,0,0.09657704333543027
122998,0,0.40170842487062597
123003,0,0.6858041047827413
123004,0,0.2825442613120276
123005,0,0.8774124529813265
123011,0,0.7594379654182495
123015,0,0.09713582556138164
123021,0,0.3606772219526587
123023,0,0.22422338559440183
123024,0,0.7048109895321866
123025,0,0.416152871780789
123026,0,0.46490414399015206
123029,0,0.4857856843166736
123032,0,0.6342517432572421
123033,0,0.3757281417739198
123035,0,0.14265134334148954
123038,0,0.5545652197425502
123040,0,0.5372390478346627
123042,0,0.33080138432767564
123043,1,0.8249839237788517
123045,0,0.6390674949376997
123048,0,0.434995822920437
123050,0,0.5071363416489453
123052,0,0.7580866144658909
123054,0,0.19188296751752845
123063,0,0.518891990111087
123064,1,0.3245587870173347
123075,0,0.41607899453780267
123077,0,0.4634634389747106
123083,0,0.32509039241540233
123084,1,0.8798380283818626
123089,0,0.2786621219323544
123090,1,0.4920725524587927
123091,0,0.35979099477958076
123096,0,0.29309410683379666
123099,0,0.13401847538387557
123103,0,0.960862427420245
123104,0,0.5749480002329626
123105,0,0.4993300787865559
123107,0,0.6598484405279639
123109,0,0.3066483598474744
123112,1,0.7607249050275187
123113,0,0.4897877902935554
123116,0,0.4761294663553064
123120,0,0.23952951699863168
123125,0,0.4516386009378284
123128,0,0.45747692955864755
123129,0,0.3668935719986266
123130,0,0.5827790125476509
123135,0,0.4232552751062729
123138,0,0.4357642035769698
123139,0,0.336354877610202
123153,0,0.33216275764722447
123155,0,0.5422734672276234
123159,0,0.2721872025581061
123160,0,0.6885175970750209
123162,0,0.554617818443503
123163,1,0.9672348893751395
123165,0,0.12431622054456512
123167,0,0.24489655310240693
123169,0,0.47852444051588244
123172,0,0.6251129460883608
123173,1,0.7986817027929761
123175,0,0.29877625683006415
123179,1,0.6780998285136355
123183,0,0.4702995201303631
123185,0,0.4154059915343998
123186,0,0.18623838480937424
123190,0,0.2905580435343958
123196,0,0.4984269794732306
123198,0,0.4639752434291096
123203,0,0.35608716207886554
123204,0,0.20555996159718978
123210,0,0.45667770237168215
123216,1,0.37382053283506333
123220,0,0.26116008010404645
123221,0,0.6466246197740603
123223,0,0.652809481329188
123226,0,0.2175701546041204
123227,0,0.3017445571668569
123231,1,0.744421927478784
123235,1,0.6483115934740394
123237,0,0.18638547148354648
123239,0,0.20171727498933784
123243,0,0.2787987359781994
123244,0,0.15956876033343748
123245,0,0.44972447569708085
123251,0,0.19842360547971252
123252,0,0.14262248384543144
123254,1,0.5542378691388046
123258,0,0.38293047748400455
123260,0,0.285417252032579
123261,1,0.4340751155137379
123265,0,0.10755847154422198
123266,0,0.3093762250392676
123268,0,0.4037766986180666
123271,0,0.43943112981905935
123274,0,0.4781692900720223
123275,0,0.3839376879115199
123277,0,0.6178925606403367
123278,0,0.6375431952448047
123279,0,0.6546748366181083
123280,0,0.6028937872889656
123282,0,0.522875525449579
123284,0,0.6245549864085111
123286,0,0.1651735996261905
123287,0,0.41419041745720764
123290,0,0.778021553643202
123294,0,0.3916912618528511
123295,0,0.16714866854684207
123298,0,0.6325686454241307
123304,0,0.2901570967776947
123306,0,0.46367221359924315
123315,0,0.3985061404851552
123317,0,0.4575871082323071
123318,0,0.23976190177506004
123319,0,0.3882456926973795
123322,0,0.19747123035885453
123323,0,0.6158584561613359
123326,1,0.4904680954345716
123327,0,0.5176442202258826
123328,0,0.15152109761118077
123332,0,0.6087125753936671
123335,0,0.6772376147052455
123346,1,0.5872810097317464
123347,0,0.659212303816517
123349,0,0.18556513611911507
123353,0,0.413229822150264
123362,0,0.4549673150207549
123363,0,0.1331468495177086
123364,0,0.24710917744496094
123366,1,0.658538710156633
123367,0,0.6486999380286543
123372,0,0.41205129302296534
123374,1,0.8447931942423537
123375,0,0.47512775251308254
123380,0,0.3266276267454912
123382,0,0.17233413657066846
123386,0,0.17693229455198858
123388,1,0.47108457397032566
123389,0,0.10150892768518474
123396,0,0.257325612619982
123399,0,0.725090291429871
123400,0,0.6283137113451597
123405,0,0.5487579395515091
123409,0,0.3188816252915573
123416,0,0.6354717430979882
123423,0,0.24395983010582586
123427,0,0.6752543471949196
123429,0,0.609408724867622
123431,0,0.11226025144289001
123434,0,0.20515419475203364
123436,0,0.3013861299854481
123438,0,0.10414015998274291
123440,0,0.2972346423627999
123446,0,0.30330947234363825
123447,0,0.16447238205019804
123453,0,0.21079238838270545
123454,0,0.6339079050698465
123460,0,0.2211413809150698
123466,0,0.313969836829797
123467,0,0.7938251211793828
123472,0,0.23662274968425445
123474,0,0.3803204025694611
123479,0,0.43355428074576324
123484,0,0.22686363366510878
123488,1,0.758159876179753
123489,1,0.8878747831443209
123490,0,0.8024433247651052
123494,0,0.2556238317303142
123496,1,0.658243856120994
123498,0,0.11386820114595671
123505,0,0.14706803726336581
123506,0,0.3738388684254054
123507,0,0.23782680606333018
123509,0,0.21000594742945078
123511,0,0.17747993542020032
123513,0,0.40877674288607446
123515,0,0.5116628923481078
123519,0,0.34555177200253334
123521,0,0.34273469448128374
123525,0,0.21742154973389402
123526,1,0.5556683251621476
123527,0,0.40288967905411677
123533,0,0.6317061280085602
123534,0,0.07402689700379375
123535,0,0.640899347544137
123537,0,0.23421617698228595
123539,0,0.6895935938777267
123542,0,0.5318855337060744
123545,0,0.27962591883913324
123548,0,0.2595380563524331
123549,1,0.526850356897542
123552,0,0.6374372989170115
123553,0,0.4181176827982769
123554,0,0.15455136654679516
123562,0,0.2946610462355034
123564,0,0.25623357391172885
123566,0,0.20365659943589548
123568,1,0.40317625684317215
123569,0,0.7075642751778182
123571,0,0.5019929164587166
123576,0,0.6813907529795921
123577,1,0.7400788487975445
123580,0,0.11438250156782478
123582,0,0.34564312433516414
123583,0,0.5889277520637733
123584,1,0.5199176213399413
123587,0,0.28304294349084913
123593,0,0.41466267671127865
123597,0,0.6360694768473467
123604,0,0.45477473198635315
123606,0,0.1006707064364774
123607,0,0.4000125630711024
123608,0,0.1262307041661461
123609,0,0.3124734017188028
123610,0,0.1897920346079814
123614,0,0.20650196233399726
123622,1,0.7248076134398791
123624,0,0.547969311225119
123626,0,0.48636803346314417
123627,0,0.364936329709507
123628,0,0.14289272639124548
123632,0,0.07713138014398128
123635,0,0.44903464947697863
123636,0,0.4336627626107841
123641,0,0.488387722671959
123646,0,0.29503102045997104
123648,1,0.5552750820667892
123651,0,0.2895598880313357
123654,1,0.5038031916424047
123656,0,0.6165373469048736
123657,0,0.2505617017214856
123660,0,0.36958471336636917
123662,0,0.40528628266929806
123668,0,0.43349463060606214
123669,0,0.5645112697609798
123672,0,0.40702613329002335
123675,0,0.2694531824974095
123677,0,0.44912769602575464
123681,0,0.08077922016718435
123686,0,0.19360770764384494
123688,0,0.23621667632624935
123692,0,0.21231712767568992
123698,0,0.4122484396965276
123704,0,0.17199539304980668
123706,0,0.11503498430416462
123709,0,0.3428675667126503
123713,0,0.41820659747798256
123719,0,0.38094874542839974
123720,0,0.7661252314753081
123726,0,0.14055262558890352
123728,0,0.33176061536659474
123736,0,0.1683049865940208
123744,0,0.23732094755712144
123745,0,0.3185973943695744
123748,0,0.2786906543296245
123749,0,0.4444316085733908
123753,0,0.5057053466762903
123754,0,0.6490928302077822
123760,1,0.596152749502747
123761,0,0.28005906420562743
123766,0,0.35961387997558636
123767,0,0.5463879305957853
123769,0,0.16745674270524735
123770,0,0.8738439433161953
123773,0,0.18052411294186002
123774,0,0.20505210246237895
123775,0,0.5187904444103606
123782,0,0.4943241741621415
123784,0,0.6019276478488296
123785,0,0.7628815619611086
123787,0,0.4348371282038163
123791,0,0.18977044623406594
123795,0,0.4823414833868684
123796,0,0.10385201984682671
123799,0,0.5037608777401398
123800,1,0.9887635112733529
123801,0,0.5631934598149112
123811,0,0.6592587281452219
123812,0,0.3943694525467858
123821,0,0.44725905915730707
123825,0,0.1541565847952875
123827,1,0.8558544222570048
123830,0,0.6617204885488072
123838,0,0.365674975758124
123841,0,0.3913259078052675
123842,0,0.5540534047428972
123843,0,0.6422255220632865
123846,0,0.13265185818099598
123847,0,0.2690746404152761
123852,0,0.2417946343456856
123853,0,0.43930911287037216
123854,1,0.6433668248771798
123858,0,0.31009852383866
123860,0,0.37765908785863234
123861,0,0.5104276317184383
123862,0,0.577170927169681
123863,1,0.5783908863639008
123866,0,0.3734820021205225
123867,1,0.5259534568133366
123870,0,0.5517764495580207
123873,0,0.12120754809430512
123876,0,0.38837892696069026
123877,0,0.3089330191272127
123879,0,0.4301319142066765
123881,0,0.27674453310940184
123885,0,0.3559625243871085
123891,0,0.4302820711609767
123892,0,0.3204294871856888
123899,0,0.1322203911935669
123900,0,0.6297864714976619
123903,1,0.6321439555435666
123912,0,0.4238589505997938
123913,0,0.5132488358108841
123914,0,0.30913789576039624
123915,0,0.10099282949578056
123919,0,0.5431859359100867
123920,0,0.46955344557926576
123926,0,0.23067074315705913
123927,0,0.22514657289240816
123930,0,0.6251162283798456
123931,0,0.6614180570618504
123935,0,0.4406261784806764
123936,0,0.5163994632909967
123937,0,0.18885005884953177
123940,0,0.7823208610499957
123941,1,0.7476666953434453
123943,0,0.6131224165318113
123948,0,0.6332408666627356
123949,1,0.4693658790812416
123950,0,0.6284348448051348
123951,0,0.32843325855659317
123953,0,0.5444249093697615
123960,0,0.48316170025074046
123962,0,0.18835212670016524
123963,0,0.5199882621901945
123964,0,0.2873495330643148
123966,0,0.3978452924465108
123968,0,0.1435693295539848
123969,0,0.17552393261333205
123970,0,0.4621371244902081
123971,0,0.7544725375144105
123972,0,0.5287915471048723
123975,1,0.7003726152788795
123982,0,0.43607267350243867
123984,0,0.5565115648914498
123988,0,0.3238974188984536
123994,0,0.5506636531205579
123995,0,0.3401439922961656
123998,0,0.0977688174045936
124004,0,0.442664838220157
124008,0,0.2438422241981665
124009,0,0.45849089141589605
124010,0,0.3753812010091131
124011,0,0.5307283980890503
124012,0,0.1586806960235
124014,0,0.3148224009207067
124015,0,0.48854530312937855
124020,0,0.4499687604134668
124024,0,0.30602835243398274
124025,0,0.3505556745705988
124030,0,0.3779701344863425
124039,0,0.5957267366015441
124041,0,0.12991801078846932
124045,0,0.6959335574272116
124047,0,0.1572254707780875
124048,0,0.2814524263131836
124051,0,0.2299371798351808
124052,0,0.19354308723274743
124053,0,0.5576206125251293
124056,0,0.6906031284726833
124057,1,0.33608975314249956
124059,0,0.24709099502702123
124061,0,0.27138713478109844
124062,0,0.35562829762494275
124063,0,0.38749041684480523
124068,0,0.1714902589036295
124069,0,0.42861565928701745
124071,0,0.2862723073782965
124074,0,0.0879684398477237
124078,1,0.70488841779078
124086,0,0.4665585335987399
124088,0,0.25455760654051923
124089,0,0.10018822936345262
124091,0,0.5339041890504688
124092,0,0.22040721637982214
124094,0,0.16067770568994832
124097,0,0.28517867983624007
124100,0,0.4600215366285419
124101,0,0.7217010418696672
124102,1,0.4416822530498536
124104,0,0.5701966595834559
124106,0,0.15614470678161527
124107,0,0.20047648055556924
124108,0,0.474069453665909
124110,0,0.14176304480859248
124111,0,0.28975451886735565
124119,0,0.5052461781790699
124121,0,0.20870749929833865
124129,0,0.19809614391968786
124135,0,0.38558716604800225
124138,0,0.4789687156307825
124144,1,0.5024587819774197
124153,0,0.14029732325444078
124157,0,0.47475445832738106
124158,0,0.6297867084677724
124160,0,0.28167881798654165
124161,0,0.42510499747156566
124163,0,0.2458095531445695
124167,0,0.43909121343693086
124168,0,0.1180858610141578
124170,0,0.4432545586312924
124172,0,0.07217561819686188
124174,0,0.22263367361247066
124175,0,0.45033016519245406
124178,0,0.47048750516522164
124179,0,0.3945394061789893
124180,0,0.22506370429517908
124182,0,0.3229079755423563
124183,0,0.3266927659215777
124189,0,0.4545675358756835
124194,0,0.3107721991534765
124197,0,0.2687848698125194
124199,0,0.6456856754384599
124205,0,0.4411650891006309
124208,0,0.5286949031506906
124210,0,0.503163336381487
124211,0,0.1887725614796458
124215,0,0.3882791355224723
124218,0,0.38988985248245955
124223,0,0.5449953777697369
124224,1,0.8981016068230535
124226,0,0.5717454807391892
124236,0,0.39436542813068953
124237,0,0.39781157952200086
124238,0,0.8042773496521591
124239,0,0.13303694443091932
124240,0,0.6176100780403079
124245,0,0.3204218477235811
124248,0,0.1581908379648806
124249,0,0.20496906877722104
124256,0,0.5095410825471233
124262,0,0.265078601964836
124266,0,0.5763087306155712
124271,0,0.30061780100396185
124272,0,0.2533779111580393
124273,0,0.1346985096812057
124276,1,0.704200569385626
124279,0,0.3684148746740125
124281,0,0.24048191755435713
124283,1,0.3369882328426261
124287,0,0.600812979367196
124290,0,0.4510288431534164
124295,0,0.1487532185515366
124296,0,0.6989184764858446
124297,0,0.18384205343470683
124298,0,0.272633555647526
124303,1,0.7041300303523342
124308,0,0.3861144689398114
124312,0,0.5646434634364034
124314,0,0.188795693234681
124317,0,0.5344389226405787
124322,0,0.4352458325783579
124323,0,0.22926315515058393
124330,0,0.38366110455068914
124331,1,0.6277386585263663
124334,0,0.511711033896887
124335,0,0.23204507861667664
124338,0,0.18185110259841814
124340,0,0.4457799379402928
124345,0,0.17834149653189374
124346,0,0.27495155824662476
124347,0,0.3366560480783602
124356,0,0.6141077835508549
124365,0,0.8772697019892093
124368,0,0.24817392802965532
124370,0,0.28036907535880157
124372,0,0.5815945487166506
124373,0,0.3328754502583661
124374,0,0.9238764976535778
124375,0,0.385570618907869
124376,0,0.11353863161416212
124380,0,0.11728207689222676
124381,0,0.27997059475090974
124382,0,0.17350550091499706
124383,1,0.5128496591408246
124387,0,0.5594583307125272
124388,0,0.17494519779567566
124394,0,0.33997053432253777
124396,0,0.5199198323302204
124398,0,0.3710915334076605
124401,0,0.27706367665597126
124406,0,0.18812772630086286
124409,0,0.7997515284477943
124417,0,0.15437241428262707
124418,0,0.6728552092294604
124421,0,0.23701230650781097
124422,1,0.5300095038295819
124423,0,0.4251242180522683
124426,0,0.681207480855701
124428,0,0.23596247610781296
124434,0,0.18017585496267746
124437,1,0.5532750016960817
124443,0,0.5306388325656887
124450,0,0.15116414876589898
124452,0,0.7780800656558131
124453,0,0.24163564080471087
124458,0,0.26755940283320967
124460,0,0.1351835960251119
124462,0,0.22845232261820816
124463,0,0.20587035778640678
124464,0,0.5555678491808607
124467,0,0.4602748418991325
124468,0,0.15891943190607147
124471,0,0.4081572802026288
124472,0,0.3436555191034097
124477,0,0.40140252819627087
124482,0,0.5073356631045248
124486,1,0.209899767085537
124488,0,0.3424389131671861
124492,0,0.6563807611779581
124498,0,0.18063085710307444
124502,0,0.5668757913094936
124504,0,0.42362711158566535
124507,0,0.373544488095227
124514,0,0.2225090623147617
124516,0,0.45533284730479484
124517,1,0.4467091978439549
124520,0,0.5234684920573379
124524,0,0.09498416005996287
124525,0,0.3912538492640888
124529,0,0.28489145770463564
124531,0,0.6669618238633367
124533,0,0.08627961934791332
124535,0,0.3206260947458268
124539,0,0.49757741912874465
124547,1,0.6664838284933257
124553,1,0.6186611495181732
124554,0,0.16413771424292897
124557,0,0.3772650729715583
124558,0,0.16029577536342768
124559,0,0.6933452486134857
124561,0,0.20691116601105894
124563,0,0.524708947660818
124565,0,0.1820492096262315
124566,0,0.7334060806297321
124567,0,0.30839847180396884
124568,0,0.5949432966542785
124574,0,0.2725173272228305
124577,0,0.13069955011997733
124579,0,0.08532957727594476
124580,1,0.7123464064540121
124582,0,0.3041587805161001
124588,1,0.5479399023842075
124589,0,0.2205258882400393
124590,0,0.22147216035942932
124593,0,0.519934258767771
124596,0,0.47916377394054765
124605,0,0.45830720320522605
124609,0,0.6446760144633626
124610,0,0.17025408386108118
124615,0,0.3954729177296878
124616,0,0.42503167689014343
124618,0,0.5512345481336822
124624,0,0.25095969849568495
124632,0,0.20322704080641713
124636,0,0.28394531701123044
124637,0,0.2689532538087
124638,0,0.36047084429297854
124643,1,0.2584499315180423
124653,0,0.5790203444161461
124654,0,0.1681948438452357
124662,0,0.5055291491137814
124665,0,0.5763197146982838
124668,0,0.4007768934278162
124683,0,0.5356309370472833
124684,0,0.26794421419874526
124685,0,0.3827183871115524
124688,0,0.5524377555977835
124689,1,0.5107044465287218
124691,0,0.304955591206144
124701,0,0.47380795244336443
124702,0,0.14102821467708893
124706,0,0.3275905333494938
124710,0,0.08137474280756915
124711,1,0.6192711541669456
124712,0,0.20404275111468725
124715,0,0.16298887728998968
124718,0,0.41874455711975844
124720,0,0.4339215694546407
124722,0,0.5949006561483295
124723,0,0.22173135969154933
124728,0,0.5879399336148845
124735,0,0.47638270069653976
124737,0,0.5098148953352335
124740,0,0.29888555876944034
124741,0,0.6856771268256698
124742,0,0.5308241393604896
124743,1,0.48372433167572887
124745,0,0.39112231348763926
124752,0,0.22648004010126907
124756,0,0.3815679022149291
124757,0,0.3782285297143866
124769,0,0.12490048623667657
124770,0,0.6638694742959566
124779,0,0.206607997681865
124781,0,0.28543524076192067
124785,1,0.7515687166333753
124786,0,0.07583668123420624
124788,1,0.43963353649080605
124792,0,0.2997035475227676
124794,0,0.6082365618380284
124796,0,0.48147576400135633
124798,0,0.5524595209822045
124802,0,0.2082156884342824
124810,0,0.6179374117433662
124812,0,0.9191220617136923
124814,0,0.6049999213414335
124815,0,0.43456413324255566
124817,0,0.5364612998011808
124821,0,0.534257022957675
