SEQN,bmi_group_final,age_group_final,outcome_primary_8.2kPa,weight
109266,Obese,18-39,0,1.07822199
109290,Overweight,60+,0,0.95786379
109291,Obese,40-59,0,1.07822199
109313,Overweight,60+,0,0.95786379
109315,Obese,18-39,0,1.07822199
109317,Obese,18-39,0,1.07822199
109321,Obese,18-39,0,1.07822199
109322,Overweight,40-59,0,0.95786379
109326,Normal,40-59,0,0.9453168
109327,Normal,40-59,0,0.9453168
109330,Normal,60+,0,0.9453168
109333,Overweight,40-59,0,0.95786379
109348,Normal,60+,0,0.9453168
109350,Obese,40-59,0,1.07822199
109351,Normal,40-59,0,0.9453168
109365,Obese,40-59,0,1.07822199
109367,Overweight,60+,0,0.95786379
109373,Overweight,18-39,0,0.95786379
109378,Overweight,18-39,0,0.95786379
109382,Obese,60+,1,0.58602516
109389,Overweight,40-59,0,0.95786379
109392,Normal,60+,0,0.9453168
109393,Normal,60+,0,0.9453168
109395,Normal,40-59,0,0.9453168
109396,Normal,18-39,0,0.9453168
109403,Overweight,18-39,0,0.95786379
109404,Obese,18-39,0,1.07822199
109405,Normal,18-39,0,0.9453168
109411,Normal,40-59,0,0.9453168
109414,Obese,60+,0,1.07822199
109429,Normal,18-39,1,2.28972321
109431,Obese,40-59,0,1.07822199
109432,Normal,40-59,0,0.9453168
109435,Obese,60+,1,0.58602516
109441,Underweight,18-39,0,0.95074705
109454,Obese,18-39,0,1.07822199
109458,Normal,18-39,0,0.9453168
109464,Obese,18-39,0,1.07822199
109466,Overweight,40-59,0,0.95786379
109467,Obese,18-39,0,1.07822199
109472,Obese,18-39,0,1.07822199
109473,Obese,18-39,0,1.07822199
109480,Obese,18-39,0,1.07822199
109482,Overweight,40-59,0,0.95786379
109486,Overweight,60+,0,0.95786379
109488,Overweight,40-59,0,0.95786379
109495,Obese,40-59,1,0.58602516
109497,Overweight,40-59,0,0.95786379
109501,Obese,40-59,0,1.07822199
109502,Obese,18-39,0,1.07822199
109503,Overweight,60+,1,1.74929165
109504,Overweight,40-59,0,0.95786379
109510,Normal,18-39,0,0.9453168
109518,Overweight,18-39,0,0.95786379
109526,Obese,18-39,0,1.07822199
109531,Obese,18-39,0,1.07822199
109538,Obese,60+,0,1.07822199
109539,Obese,18-39,0,1.07822199
109542,Obese,18-39,0,1.07822199
109544,Obese,60+,0,1.07822199
109545,Obese,18-39,0,1.07822199
109549,Obese,18-39,0,1.07822199
109550,Obese,60+,0,1.07822199
109552,Obese,60+,0,1.07822199
109554,Normal,18-39,0,0.9453168
109558,Overweight,40-59,0,0.95786379
109560,Overweight,18-39,0,0.95786379
109564,Normal,18-39,0,0.9453168
109565,Obese,60+,0,1.07822199
109568,Obese,18-39,0,1.07822199
109574,Normal,40-59,0,0.9453168
109579,Overweight,40-59,0,0.95786379
109580,Normal,18-39,0,0.9453168
109587,Obese,60+,0,1.07822199
109588,Normal,60+,1,2.28972321
109606,Normal,18-39,0,0.9453168
109607,Normal,60+,0,0.9453168
109610,Obese,60+,0,1.07822199
109611,Normal,40-59,0,0.9453168
109612,Overweight,60+,0,0.95786379
109617,Overweight,60+,0,0.95786379
109620,Obese,40-59,1,0.58602516
109623,Normal,18-39,0,0.9453168
109626,Obese,60+,0,1.07822199
109628,Obese,18-39,0,1.07822199
109630,Obese,40-59,0,1.07822199
109637,Overweight,40-59,0,0.95786379
109639,Overweight,40-59,0,0.95786379
109643,Obese,60+,0,1.07822199
109644,Overweight,18-39,0,0.95786379
109653,Obese,60+,0,1.07822199
109656,Obese,60+,0,1.07822199
109662,Overweight,18-39,0,0.95786379
109667,Overweight,60+,0,0.95786379
109676,Normal,60+,0,0.9453168
109678,Normal,18-39,0,0.9453168
109679,Overweight,18-39,0,0.95786379
109687,Normal,18-39,0,0.9453168
109691,Obese,18-39,0,1.07822199
109693,Obese,18-39,0,1.07822199
109697,Overweight,18-39,0,0.95786379
109700,Overweight,40-59,0,0.95786379
109704,Overweight,18-39,0,0.95786379
109712,Obese,40-59,0,1.07822199
109713,Obese,40-59,0,1.07822199
109716,Obese,18-39,0,1.07822199
109723,Overweight,18-39,0,0.95786379
109728,Obese,18-39,0,1.07822199
109730,Obese,18-39,0,1.07822199
109740,Overweight,40-59,0,0.95786379
109746,Obese,40-59,0,1.07822199
109747,Obese,60+,0,1.07822199
109754,Obese,40-59,0,1.07822199
109758,Normal,18-39,0,0.9453168
109761,Normal,18-39,0,0.9453168
109769,Overweight,40-59,1,1.74929165
109770,Overweight,40-59,0,0.95786379
109771,Normal,60+,0,0.9453168
109776,Overweight,60+,1,1.74929165
109785,Obese,40-59,0,1.07822199
109789,Obese,18-39,0,1.07822199
109791,Obese,18-39,0,1.07822199
109793,Overweight,60+,0,0.95786379
109794,Obese,60+,0,1.07822199
109802,Obese,18-39,0,1.07822199
109806,Obese,18-39,0,1.07822199
109809,Normal,18-39,0,0.9453168
109811,Overweight,40-59,1,1.74929165
109812,Overweight,60+,0,0.95786379
109813,Obese,18-39,0,1.07822199
109814,Normal,18-39,0,0.9453168
109815,Obese,40-59,0,1.07822199
109828,Normal,18-39,0,0.9453168
109831,Normal,40-59,0,0.9453168
109839,Obese,60+,0,1.07822199
109841,Obese,40-59,1,0.58602516
109850,Overweight,40-59,0,0.95786379
109852,Normal,18-39,0,0.9453168
109857,Obese,60+,0,1.07822199
109860,Normal,18-39,0,0.9453168
109862,Obese,40-59,0,1.07822199
109863,Overweight,60+,0,0.95786379
109873,Normal,18-39,0,0.9453168
109874,Overweight,40-59,0,0.95786379
109876,Obese,60+,1,0.58602516
109877,Overweight,40-59,0,0.95786379
109878,Normal,18-39,0,0.9453168
109884,Overweight,40-59,0,0.95786379
109887,Obese,18-39,0,1.07822199
109893,Obese,18-39,0,1.07822199
109898,Obese,40-59,0,1.07822199
109900,Normal,60+,0,0.9453168
109901,Overweight,60+,1,1.74929165
109902,Obese,60+,0,1.07822199
109903,Obese,40-59,0,1.07822199
109905,Obese,40-59,1,0.58602516
109915,Obese,40-59,0,1.07822199
109917,Normal,40-59,0,0.9453168
109918,Obese,60+,0,1.07822199
109919,Overweight,40-59,0,0.95786379
109921,Underweight,40-59,0,0.95074705
109931,Obese,40-59,0,1.07822199
109934,Normal,18-39,0,0.9453168
109939,Normal,18-39,0,0.9453168
109940,Normal,40-59,0,0.9453168
109941,Obese,40-59,0,1.07822199
109945,Normal,18-39,0,0.9453168
109960,Overweight,40-59,1,1.74929165
109963,Normal,40-59,0,0.9453168
109971,Overweight,40-59,0,0.95786379
109978,Normal,18-39,0,0.9453168
109980,Normal,18-39,0,0.9453168
109987,Normal,40-59,0,0.9453168
109991,Overweight,40-59,0,0.95786379
109997,Obese,18-39,0,1.07822199
110004,Normal,18-39,0,0.9453168
110005,Normal,40-59,0,0.9453168
110006,Overweight,60+,0,0.95786379
110010,Normal,40-59,0,0.9453168
110011,Overweight,18-39,0,0.95786379
110018,Underweight,18-39,0,0.95074705
110021,Underweight,18-39,0,0.95074705
110028,Normal,18-39,0,0.9453168
110029,Obese,40-59,0,1.07822199
110030,Normal,18-39,0,0.9453168
110038,Overweight,40-59,0,0.95786379
110040,Normal,18-39,0,0.9453168
110041,Obese,40-59,0,1.07822199
110052,Obese,40-59,0,1.07822199
110056,Overweight,60+,0,0.95786379
110057,Obese,60+,1,0.58602516
110059,Overweight,18-39,0,0.95786379
110062,Overweight,40-59,0,0.95786379
110063,Overweight,18-39,0,0.95786379
110064,Normal,60+,0,0.9453168
110070,Obese,40-59,1,0.58602516
110071,Overweight,40-59,0,0.95786379
110074,Overweight,40-59,0,0.95786379
110085,Overweight,60+,0,0.95786379
110087,Normal,60+,0,0.9453168
110090,Obese,40-59,0,1.07822199
110098,Obese,18-39,0,1.07822199
110102,Obese,40-59,0,1.07822199
110114,Overweight,40-59,0,0.95786379
110117,Normal,18-39,0,0.9453168
110120,Obese,18-39,0,1.07822199
110125,Obese,60+,0,1.07822199
110129,Obese,40-59,0,1.07822199
110137,Normal,40-59,0,0.9453168
110139,Obese,40-59,0,1.07822199
110142,Obese,60+,0,1.07822199
110147,Obese,60+,1,0.58602516
110153,Normal,60+,0,0.9453168
110159,Normal,40-59,0,0.9453168
110161,Obese,40-59,0,1.07822199
110167,Obese,18-39,0,1.07822199
110169,Obese,18-39,0,1.07822199
110171,Normal,18-39,0,0.9453168
110172,Overweight,40-59,0,0.95786379
110174,Overweight,18-39,0,0.95786379
110175,Obese,18-39,0,1.07822199
110176,Obese,18-39,0,1.07822199
110178,Overweight,40-59,0,0.95786379
110185,Obese,60+,0,1.07822199
110186,Obese,18-39,0,1.07822199
110187,Obese,40-59,0,1.07822199
110190,Normal,18-39,0,0.9453168
110194,Obese,60+,0,1.07822199
110196,Overweight,60+,0,0.95786379
110200,Overweight,60+,0,0.95786379
110207,Overweight,40-59,0,0.95786379
110208,Obese,40-59,0,1.07822199
110213,Overweight,18-39,0,0.95786379
110218,Normal,18-39,0,0.9453168
110223,Obese,60+,0,1.07822199
110234,Obese,40-59,0,1.07822199
110235,Obese,40-59,0,1.07822199
110236,Normal,18-39,0,0.9453168
110247,Obese,18-39,0,1.07822199
110250,Obese,18-39,0,1.07822199
110265,Overweight,40-59,0,0.95786379
110266,Obese,18-39,0,1.07822199
110270,Obese,60+,1,0.58602516
110272,Overweight,40-59,0,0.95786379
110273,Obese,60+,1,0.58602516
110276,Overweight,40-59,0,0.95786379
110286,Obese,40-59,0,1.07822199
110287,Overweight,60+,0,0.95786379
110290,Underweight,60+,0,0.95074705
110291,Obese,60+,0,1.07822199
110292,Overweight,60+,1,1.74929165
110293,Normal,18-39,0,0.9453168
110295,Normal,60+,0,0.9453168
110304,Obese,18-39,1,0.58602516
110305,Normal,18-39,0,0.9453168
110310,Obese,60+,0,1.07822199
110311,Normal,60+,0,0.9453168
110317,Overweight,60+,0,0.95786379
110318,Overweight,60+,0,0.95786379
110322,Obese,40-59,0,1.07822199
110326,Overweight,18-39,0,0.95786379
110328,Overweight,60+,0,0.95786379
110332,Obese,40-59,0,1.07822199
110341,Normal,40-59,0,0.9453168
110342,Obese,18-39,0,1.07822199
110347,Obese,18-39,0,1.07822199
110350,Obese,60+,0,1.07822199
110351,Overweight,40-59,0,0.95786379
110353,Overweight,60+,0,0.95786379
110356,Normal,40-59,0,0.9453168
110359,Obese,60+,0,1.07822199
110366,Normal,60+,0,0.9453168
110372,Obese,60+,0,1.07822199
110374,Obese,40-59,0,1.07822199
110376,Normal,18-39,0,0.9453168
110378,Obese,40-59,0,1.07822199
110379,Normal,18-39,0,0.9453168
110380,Underweight,18-39,0,0.95074705
110381,Obese,40-59,0,1.07822199
110385,Normal,18-39,0,0.9453168
110386,Overweight,60+,1,1.74929165
110387,Obese,40-59,1,0.58602516
110389,Overweight,60+,0,0.95786379
110390,Obese,60+,0,1.07822199
110391,Overweight,18-39,0,0.95786379
110394,Normal,40-59,0,0.9453168
110400,Obese,40-59,0,1.07822199
110402,Obese,40-59,0,1.07822199
110408,Overweight,18-39,0,0.95786379
110409,Overweight,40-59,0,0.95786379
110410,Obese,60+,0,1.07822199
110411,Obese,18-39,0,1.07822199
110412,Overweight,60+,0,0.95786379
110425,Overweight,18-39,0,0.95786379
110427,Obese,18-39,0,1.07822199
110429,Obese,60+,0,1.07822199
110430,Overweight,40-59,0,0.95786379
110438,Obese,60+,0,1.07822199
110442,Overweight,18-39,0,0.95786379
110449,Obese,40-59,0,1.07822199
110450,Overweight,18-39,0,0.95786379
110453,Obese,60+,0,1.07822199
110457,Obese,18-39,0,1.07822199
110460,Overweight,18-39,0,0.95786379
110461,Normal,40-59,0,0.9453168
110464,Normal,40-59,0,0.9453168
110465,Normal,40-59,0,0.9453168
110467,Obese,18-39,0,1.07822199
110474,Obese,40-59,0,1.07822199
110476,Overweight,18-39,0,0.95786379
110477,Overweight,18-39,0,0.95786379
110482,Obese,60+,0,1.07822199
110492,Obese,18-39,0,1.07822199
110495,Obese,40-59,0,1.07822199
110496,Obese,40-59,0,1.07822199
110503,Obese,18-39,0,1.07822199
110506,Normal,60+,0,0.9453168
110510,Obese,40-59,0,1.07822199
110512,Overweight,18-39,0,0.95786379
110518,Overweight,40-59,0,0.95786379
110520,Normal,18-39,0,0.9453168
110521,Normal,18-39,0,0.9453168
110524,Obese,40-59,0,1.07822199
110531,Obese,60+,1,0.58602516
110532,Obese,40-59,1,0.58602516
110538,Obese,60+,1,0.58602516
110541,Obese,18-39,1,0.58602516
110544,Overweight,60+,0,0.95786379
110552,Obese,18-39,0,1.07822199
110553,Normal,18-39,0,0.9453168
110571,Normal,40-59,1,2.28972321
110573,Normal,60+,0,0.9453168
110575,Obese,60+,1,0.58602516
110576,Overweight,18-39,0,0.95786379
110579,Obese,40-59,0,1.07822199
110588,Obese,60+,0,1.07822199
110594,Normal,18-39,0,0.9453168
110602,Normal,18-39,0,0.9453168
110603,Normal,40-59,0,0.9453168
110610,Obese,18-39,0,1.07822199
110613,Normal,40-59,0,0.9453168
110614,Overweight,40-59,0,0.95786379
110624,Overweight,40-59,0,0.95786379
110627,Overweight,18-39,0,0.95786379
110628,Normal,60+,0,0.9453168
110636,Obese,40-59,0,1.07822199
110638,Obese,60+,1,0.58602516
110645,Obese,40-59,0,1.07822199
110651,Overweight,60+,0,0.95786379
110655,Obese,18-39,0,1.07822199
110658,Overweight,60+,0,0.95786379
110662,Obese,60+,0,1.07822199
110665,Obese,40-59,0,1.07822199
110672,Overweight,60+,0,0.95786379
110682,Overweight,40-59,0,0.95786379
110686,Normal,18-39,0,0.9453168
110688,Normal,18-39,0,0.9453168
110692,Normal,18-39,0,0.9453168
110700,Overweight,60+,0,0.95786379
110703,Overweight,60+,0,0.95786379
110704,Normal,60+,0,0.9453168
110712,Overweight,40-59,0,0.95786379
110714,Overweight,60+,0,0.95786379
110715,Normal,40-59,0,0.9453168
110718,Obese,18-39,1,0.58602516
110719,Obese,18-39,0,1.07822199
110721,Normal,60+,0,0.9453168
110728,Overweight,60+,0,0.95786379
110730,Normal,18-39,0,0.9453168
110736,Obese,40-59,0,1.07822199
110742,Normal,40-59,0,0.9453168
110750,Obese,40-59,0,1.07822199
110751,Obese,60+,0,1.07822199
110752,Obese,18-39,0,1.07822199
110759,Obese,40-59,0,1.07822199
110760,Obese,18-39,0,1.07822199
110763,Obese,60+,1,0.58602516
110765,Obese,40-59,0,1.07822199
110766,Obese,18-39,0,1.07822199
110770,Normal,60+,0,0.9453168
110771,Obese,18-39,0,1.07822199
110778,Obese,60+,0,1.07822199
110779,Normal,60+,0,0.9453168
110781,Obese,60+,0,1.07822199
110791,Normal,40-59,0,0.9453168
110792,Normal,40-59,0,0.9453168
110796,Obese,40-59,0,1.07822199
110803,Normal,60+,0,0.9453168
110805,Overweight,60+,0,0.95786379
110811,Overweight,40-59,0,0.95786379
110813,Obese,60+,0,1.07822199
110814,Obese,18-39,0,1.07822199
110819,Overweight,18-39,0,0.95786379
110820,Obese,60+,0,1.07822199
110821,Obese,60+,1,0.58602516
110830,Overweight,18-39,0,0.95786379
110841,Obese,40-59,1,0.58602516
110848,Overweight,18-39,0,0.95786379
110851,Underweight,18-39,0,0.95074705
110852,Obese,60+,0,1.07822199
110859,Obese,60+,0,1.07822199
110861,Overweight,60+,0,0.95786379
110865,Overweight,18-39,0,0.95786379
110868,Obese,40-59,0,1.07822199
110870,Overweight,60+,0,0.95786379
110871,Normal,18-39,0,0.9453168
110875,Overweight,60+,0,0.95786379
110882,Overweight,60+,0,0.95786379
110884,Normal,60+,0,0.9453168
110886,Obese,60+,0,1.07822199
110887,Normal,18-39,0,0.9453168
110888,Obese,60+,0,1.07822199
110889,Overweight,60+,0,0.95786379
110895,Normal,18-39,0,0.9453168
110897,Overweight,40-59,0,0.95786379
110899,Obese,18-39,0,1.07822199
110905,Normal,40-59,0,0.9453168
110920,Obese,60+,1,0.58602516
110925,Obese,60+,0,1.07822199
110929,Obese,60+,0,1.07822199
110934,Obese,18-39,0,1.07822199
110940,Obese,40-59,0,1.07822199
110942,Overweight,60+,0,0.95786379
110949,Overweight,18-39,0,0.95786379
110950,Obese,40-59,0,1.07822199
110953,Overweight,60+,0,0.95786379
110956,Obese,60+,0,1.07822199
110957,Overweight,18-39,0,0.95786379
110966,Overweight,18-39,0,0.95786379
110971,Obese,60+,0,1.07822199
110975,Overweight,40-59,0,0.95786379
110979,Overweight,40-59,0,0.95786379
110981,Obese,18-39,0,1.07822199
110985,Obese,18-39,0,1.07822199
110987,Normal,40-59,0,0.9453168
110988,Obese,18-39,0,1.07822199
110990,Obese,60+,0,1.07822199
110999,Normal,18-39,0,0.9453168
111003,Underweight,18-39,0,0.95074705
111007,Normal,18-39,0,0.9453168
111012,Overweight,60+,1,1.74929165
111014,Obese,40-59,0,1.07822199
111018,Normal,60+,0,0.9453168
111021,Overweight,60+,0,0.95786379
111030,Overweight,60+,0,0.95786379
111031,Overweight,18-39,0,0.95786379
111039,Normal,40-59,0,0.9453168
111046,Obese,40-59,0,1.07822199
111047,Normal,60+,0,0.9453168
111050,Overweight,40-59,0,0.95786379
111055,Obese,18-39,0,1.07822199
111064,Obese,40-59,0,1.07822199
111067,Overweight,60+,0,0.95786379
111068,Normal,18-39,0,0.9453168
111069,Normal,40-59,0,0.9453168
111075,Overweight,40-59,0,0.95786379
111077,Overweight,60+,1,1.74929165
111081,Normal,60+,1,2.28972321
111085,Overweight,18-39,0,0.95786379
111092,Obese,60+,0,1.07822199
111094,Obese,18-39,1,0.58602516
111096,Normal,18-39,0,0.9453168
111097,Overweight,60+,0,0.95786379
111098,Obese,40-59,0,1.07822199
111102,Obese,60+,0,1.07822199
111105,Obese,60+,0,1.07822199
111109,Obese,40-59,0,1.07822199
111110,Obese,40-59,0,1.07822199
111112,Normal,40-59,0,0.9453168
111120,Obese,40-59,1,0.58602516
111123,Overweight,60+,1,1.74929165
111133,Obese,40-59,0,1.07822199
111139,Normal,40-59,0,0.9453168
111143,Overweight,60+,0,0.95786379
111149,Overweight,40-59,0,0.95786379
111154,Obese,18-39,0,1.07822199
111159,Overweight,60+,0,0.95786379
111161,Normal,18-39,0,0.9453168
111163,Obese,18-39,0,1.07822199
111171,Overweight,18-39,0,0.95786379
111173,Normal,40-59,0,0.9453168
111175,Overweight,40-59,0,0.95786379
111185,Overweight,60+,0,0.95786379
111188,Obese,60+,0,1.07822199
111190,Normal,40-59,0,0.9453168
111191,Overweight,40-59,0,0.95786379
111192,Overweight,40-59,0,0.95786379
111194,Overweight,60+,0,0.95786379
111196,Normal,60+,0,0.9453168
111198,Obese,40-59,0,1.07822199
111201,Overweight,40-59,0,0.95786379
111203,Obese,60+,0,1.07822199
111219,Normal,18-39,0,0.9453168
111221,Overweight,60+,0,0.95786379
111226,Overweight,60+,0,0.95786379
111228,Obese,40-59,0,1.07822199
111229,Overweight,60+,0,0.95786379
111233,Obese,18-39,0,1.07822199
111234,Obese,60+,0,1.07822199
111238,Overweight,18-39,0,0.95786379
111242,Normal,18-39,0,0.9453168
111245,Overweight,60+,0,0.95786379
111249,Normal,18-39,0,0.9453168
111253,Overweight,60+,0,0.95786379
111257,Obese,60+,0,1.07822199
111263,Overweight,40-59,0,0.95786379
111265,Normal,18-39,0,0.9453168
111266,Obese,60+,0,1.07822199
111268,Normal,60+,1,2.28972321
111270,Normal,18-39,1,2.28972321
111271,Obese,18-39,0,1.07822199
111280,Normal,18-39,1,2.28972321
111288,Obese,40-59,0,1.07822199
111290,Normal,60+,0,0.9453168
111296,Obese,40-59,0,1.07822199
111300,Obese,60+,0,1.07822199
111301,Obese,18-39,0,1.07822199
111302,Normal,18-39,0,0.9453168
111303,Obese,18-39,0,1.07822199
111304,Overweight,60+,0,0.95786379
111305,Overweight,60+,0,0.95786379
111307,Obese,40-59,0,1.07822199
111311,Obese,40-59,0,1.07822199
111315,Overweight,60+,0,0.95786379
111320,Obese,40-59,0,1.07822199
111321,Obese,40-59,0,1.07822199
111324,Normal,60+,0,0.9453168
111325,Overweight,18-39,0,0.95786379
111332,Normal,40-59,0,0.9453168
111336,Overweight,60+,0,0.95786379
111338,Overweight,60+,0,0.95786379
111348,Overweight,18-39,0,0.95786379
111352,Normal,60+,0,0.9453168
111354,Obese,40-59,0,1.07822199
111357,Obese,60+,0,1.07822199
111358,Normal,40-59,0,0.9453168
111360,Obese,40-59,0,1.07822199
111361,Overweight,18-39,0,0.95786379
111364,Obese,60+,1,0.58602516
111366,Normal,18-39,0,0.9453168
111372,Normal,18-39,0,0.9453168
111378,Obese,60+,0,1.07822199
111382,Obese,60+,0,1.07822199
111385,Overweight,60+,0,0.95786379
111395,Obese,18-39,1,0.58602516
111400,Obese,18-39,0,1.07822199
111402,Normal,40-59,0,0.9453168
111403,Normal,18-39,0,0.9453168
111417,Overweight,60+,0,0.95786379
111418,Underweight,18-39,0,0.95074705
111420,Obese,40-59,0,1.07822199
111424,Normal,60+,1,2.28972321
111425,Overweight,18-39,0,0.95786379
111426,Normal,18-39,0,0.9453168
111428,Obese,40-59,0,1.07822199
111431,Obese,40-59,0,1.07822199
111434,Obese,60+,1,0.58602516
111436,Normal,40-59,0,0.9453168
111441,Overweight,60+,0,0.95786379
111452,Normal,60+,0,0.9453168
111453,Overweight,18-39,0,0.95786379
111455,Overweight,60+,0,0.95786379
111456,Obese,18-39,0,1.07822199
111459,Obese,40-59,0,1.07822199
111461,Normal,60+,0,0.9453168
111479,Overweight,40-59,0,0.95786379
111486,Obese,18-39,0,1.07822199
111493,Obese,60+,0,1.07822199
111497,Overweight,18-39,0,0.95786379
111501,Overweight,40-59,0,0.95786379
111503,Overweight,40-59,0,0.95786379
111507,Normal,40-59,0,0.9453168
111508,Obese,40-59,0,1.07822199
111510,Overweight,18-39,0,0.95786379
111511,Overweight,18-39,0,0.95786379
111516,Obese,60+,1,0.58602516
111522,Obese,40-59,0,1.07822199
111534,Obese,18-39,0,1.07822199
111537,Normal,18-39,0,0.9453168
111542,Normal,40-59,0,0.9453168
111550,Obese,60+,1,0.58602516
111551,Overweight,18-39,0,0.95786379
111554,Normal,60+,0,0.9453168
111585,Normal,18-39,0,0.9453168
111586,Obese,40-59,0,1.07822199
111588,Obese,40-59,0,1.07822199
111590,Obese,40-59,0,1.07822199
111602,Normal,60+,0,0.9453168
111610,Normal,60+,0,0.9453168
111613,Overweight,40-59,0,0.95786379
111618,Normal,40-59,0,0.9453168
111620,Normal,18-39,0,0.9453168
111625,Overweight,60+,0,0.95786379
111632,Obese,40-59,0,1.07822199
111633,Obese,40-59,0,1.07822199
111639,Obese,60+,0,1.07822199
111643,Normal,60+,0,0.9453168
111645,Obese,40-59,0,1.07822199
111655,Normal,40-59,1,2.28972321
111659,Normal,18-39,0,0.9453168
111660,Normal,40-59,0,0.9453168
111664,Obese,60+,0,1.07822199
111666,Overweight,40-59,0,0.95786379
111668,Obese,40-59,1,0.58602516
111669,Obese,40-59,0,1.07822199
111671,Underweight,18-39,0,0.95074705
111673,Obese,18-39,0,1.07822199
111675,Obese,18-39,0,1.07822199
111676,Obese,18-39,1,0.58602516
111679,Normal,40-59,1,2.28972321
111683,Normal,18-39,0,0.9453168
111693,Normal,18-39,0,0.9453168
111695,Overweight,18-39,0,0.95786379
111705,Normal,40-59,0,0.9453168
111707,Overweight,60+,0,0.95786379
111710,Normal,18-39,0,0.9453168
111712,Normal,60+,1,2.28972321
111717,Normal,40-59,0,0.9453168
111719,Normal,18-39,0,0.9453168
111724,Overweight,18-39,0,0.95786379
111729,Overweight,18-39,0,0.95786379
111732,Obese,40-59,0,1.07822199
111733,Overweight,18-39,0,0.95786379
111741,Normal,60+,0,0.9453168
111744,Overweight,40-59,0,0.95786379
111753,Overweight,40-59,0,0.95786379
111754,Overweight,60+,0,0.95786379
111765,Obese,18-39,0,1.07822199
111766,Obese,18-39,0,1.07822199
111767,Normal,18-39,0,0.9453168
111768,Obese,18-39,0,1.07822199
111770,Obese,60+,0,1.07822199
111774,Overweight,18-39,0,0.95786379
111776,Obese,60+,0,1.07822199
111779,Obese,40-59,0,1.07822199
111783,Overweight,60+,0,0.95786379
111787,Obese,40-59,0,1.07822199
111791,Obese,40-59,0,1.07822199
111792,Normal,60+,0,0.9453168
111795,Overweight,40-59,0,0.95786379
111796,Overweight,18-39,0,0.95786379
111797,Overweight,60+,1,1.74929165
111801,Obese,18-39,0,1.07822199
111802,Normal,18-39,0,0.9453168
111810,Obese,60+,0,1.07822199
111821,Normal,40-59,0,0.9453168
111825,Obese,18-39,0,1.07822199
111827,Normal,40-59,1,2.28972321
111831,Obese,40-59,0,1.07822199
111833,Obese,18-39,0,1.07822199
111837,Obese,18-39,0,1.07822199
111839,Normal,60+,0,0.9453168
111840,Obese,60+,0,1.07822199
111846,Obese,18-39,0,1.07822199
111849,Obese,40-59,0,1.07822199
111850,Obese,40-59,0,1.07822199
111859,Obese,18-39,0,1.07822199
111864,Overweight,18-39,0,0.95786379
111869,Overweight,40-59,0,0.95786379
111870,Overweight,60+,0,0.95786379
111872,Obese,18-39,0,1.07822199
111875,Overweight,40-59,0,0.95786379
111878,Overweight,18-39,0,0.95786379
111883,Obese,60+,0,1.07822199
111884,Overweight,60+,0,0.95786379
111890,Obese,60+,0,1.07822199
111893,Overweight,60+,0,0.95786379
111900,Obese,40-59,0,1.07822199
111901,Overweight,40-59,0,0.95786379
111904,Overweight,40-59,0,0.95786379
111906,Obese,40-59,0,1.07822199
111909,Obese,40-59,0,1.07822199
111911,Obese,40-59,0,1.07822199
111918,Obese,60+,1,0.58602516
111921,Normal,60+,0,0.9453168
111922,Normal,18-39,0,0.9453168
111925,Overweight,18-39,0,0.95786379
111927,Obese,40-59,0,1.07822199
111928,Overweight,40-59,0,0.95786379
111930,Obese,60+,1,0.58602516
111934,Overweight,60+,0,0.95786379
111938,Normal,40-59,0,0.9453168
111942,Obese,18-39,0,1.07822199
111943,Overweight,60+,1,1.74929165
111944,Obese,18-39,0,1.07822199
111947,Obese,40-59,0,1.07822199
111960,Overweight,40-59,0,0.95786379
111968,Overweight,60+,0,0.95786379
111970,Obese,18-39,0,1.07822199
111971,Overweight,40-59,0,0.95786379
111972,Normal,18-39,0,0.9453168
111973,Obese,40-59,0,1.07822199
111974,Overweight,18-39,0,0.95786379
111982,Obese,18-39,0,1.07822199
111983,Overweight,60+,0,0.95786379
111986,Obese,60+,0,1.07822199
111990,Obese,60+,0,1.07822199
111994,Obese,60+,1,0.58602516
111995,Obese,18-39,0,1.07822199
112001,Overweight,40-59,0,0.95786379
112005,Obese,60+,1,0.58602516
112011,Overweight,60+,0,0.95786379
112012,Overweight,18-39,0,0.95786379
112015,Overweight,60+,0,0.95786379
112018,Obese,18-39,0,1.07822199
112023,Overweight,40-59,0,0.95786379
112028,Obese,40-59,0,1.07822199
112031,Overweight,18-39,0,0.95786379
112038,Overweight,18-39,0,0.95786379
112052,Overweight,40-59,0,0.95786379
112067,Overweight,60+,0,0.95786379
112071,Obese,40-59,0,1.07822199
112072,Obese,60+,0,1.07822199
112073,Normal,18-39,0,0.9453168
112080,Overweight,40-59,0,0.95786379
112084,Obese,60+,1,0.58602516
112086,Overweight,40-59,0,0.95786379
112088,Obese,18-39,0,1.07822199
112090,Normal,60+,0,0.9453168
112102,Overweight,18-39,0,0.95786379
112106,Obese,18-39,0,1.07822199
112110,Overweight,18-39,0,0.95786379
112115,Obese,40-59,0,1.07822199
112116,Overweight,40-59,0,0.95786379
112122,Normal,18-39,0,0.9453168
112124,Normal,60+,0,0.9453168
112126,Overweight,60+,0,0.95786379
112128,Overweight,60+,0,0.95786379
112131,Overweight,40-59,0,0.95786379
112132,Overweight,60+,0,0.95786379
112134,Overweight,60+,0,0.95786379
112136,Obese,60+,0,1.07822199
112139,Obese,18-39,0,1.07822199
112145,Overweight,40-59,0,0.95786379
112146,Obese,18-39,0,1.07822199
112148,Obese,18-39,0,1.07822199
112149,Overweight,60+,0,0.95786379
112156,Overweight,40-59,0,0.95786379
112158,Normal,18-39,0,0.9453168
112159,Normal,60+,0,0.9453168
112161,Overweight,40-59,0,0.95786379
112165,Normal,18-39,0,0.9453168
112182,Obese,40-59,0,1.07822199
112184,Overweight,60+,0,0.95786379
112186,Overweight,40-59,0,0.95786379
112191,Overweight,40-59,0,0.95786379
112193,Normal,60+,0,0.9453168
112201,Normal,18-39,0,0.9453168
112208,Overweight,18-39,0,0.95786379
112212,Obese,60+,0,1.07822199
112213,Obese,18-39,0,1.07822199
112215,Overweight,60+,0,0.95786379
112218,Obese,40-59,0,1.07822199
112222,Obese,18-39,0,1.07822199
112228,Normal,18-39,0,0.9453168
112230,Obese,60+,0,1.07822199
112231,Obese,18-39,0,1.07822199
112235,Obese,40-59,0,1.07822199
112238,Overweight,60+,0,0.95786379
112240,Normal,60+,0,0.9453168
112243,Overweight,60+,0,0.95786379
112251,Obese,18-39,0,1.07822199
112256,Normal,18-39,0,0.9453168
112265,Normal,60+,0,0.9453168
112271,Overweight,60+,0,0.95786379
112275,Obese,40-59,0,1.07822199
112280,Overweight,40-59,0,0.95786379
112284,Obese,18-39,0,1.07822199
112285,Obese,60+,1,0.58602516
112289,Overweight,18-39,0,0.95786379
112294,Overweight,40-59,0,0.95786379
112296,Overweight,40-59,0,0.95786379
112299,Overweight,40-59,0,0.95786379
112300,Obese,60+,0,1.07822199
112309,Obese,18-39,0,1.07822199
112312,Overweight,40-59,0,0.95786379
112317,Overweight,60+,0,0.95786379
112321,Obese,40-59,0,1.07822199
112327,Obese,40-59,0,1.07822199
112330,Obese,18-39,1,0.58602516
112333,Obese,40-59,0,1.07822199
112335,Overweight,40-59,0,0.95786379
112341,Normal,18-39,0,0.9453168
112347,Normal,40-59,0,0.9453168
112349,Obese,60+,0,1.07822199
112354,Obese,18-39,0,1.07822199
112355,Normal,18-39,0,0.9453168
112356,Obese,18-39,0,1.07822199
112357,Normal,18-39,0,0.9453168
112360,Overweight,18-39,0,0.95786379
112362,Obese,40-59,1,0.58602516
112363,Normal,40-59,0,0.9453168
112365,Normal,40-59,0,0.9453168
112368,Obese,40-59,0,1.07822199
112371,Normal,18-39,0,0.9453168
112375,Overweight,40-59,0,0.95786379
112377,Obese,40-59,1,0.58602516
112383,Overweight,18-39,1,1.74929165
112385,Normal,18-39,0,0.9453168
112399,Normal,60+,0,0.9453168
112406,Obese,18-39,1,0.58602516
112412,Normal,40-59,0,0.9453168
112415,Obese,40-59,1,0.58602516
112416,Overweight,60+,0,0.95786379
112422,Obese,60+,0,1.07822199
112433,Normal,40-59,0,0.9453168
112444,Obese,40-59,0,1.07822199
112446,Overweight,40-59,0,0.95786379
112448,Obese,60+,1,0.58602516
112451,Overweight,40-59,0,0.95786379
112454,Overweight,60+,0,0.95786379
112456,Normal,60+,1,2.28972321
112464,Overweight,60+,0,0.95786379
112466,Obese,18-39,0,1.07822199
112468,Normal,18-39,0,0.9453168
112475,Obese,60+,0,1.07822199
112480,Overweight,18-39,1,1.74929165
112488,Obese,60+,1,0.58602516
112499,Normal,40-59,0,0.9453168
112501,Obese,40-59,0,1.07822199
112503,Obese,60+,0,1.07822199
112504,Obese,40-59,0,1.07822199
112506,Overweight,40-59,0,0.95786379
112510,Obese,60+,0,1.07822199
112511,Overweight,60+,0,0.95786379
112516,Obese,40-59,0,1.07822199
112525,Obese,60+,0,1.07822199
112530,Normal,60+,0,0.9453168
112531,Normal,40-59,0,0.9453168
112534,Obese,40-59,0,1.07822199
112538,Normal,40-59,0,0.9453168
112543,Obese,40-59,0,1.07822199
112544,Overweight,18-39,0,0.95786379
112546,Obese,18-39,1,0.58602516
112547,Obese,18-39,0,1.07822199
112551,Normal,18-39,0,0.9453168
112563,Obese,40-59,0,1.07822199
112565,Obese,40-59,1,0.58602516
112568,Normal,40-59,0,0.9453168
112569,Overweight,40-59,0,0.95786379
112579,Obese,18-39,0,1.07822199
112580,Overweight,40-59,0,0.95786379
112582,Normal,40-59,0,0.9453168
112583,Overweight,60+,1,1.74929165
112586,Normal,40-59,0,0.9453168
112587,Normal,18-39,0,0.9453168
112589,Obese,60+,0,1.07822199
112590,Obese,40-59,0,1.07822199
112596,Overweight,60+,0,0.95786379
112599,Normal,18-39,0,0.9453168
112600,Obese,60+,0,1.07822199
112606,Obese,40-59,0,1.07822199
112609,Obese,60+,0,1.07822199
112610,Obese,40-59,0,1.07822199
112621,Overweight,60+,0,0.95786379
112632,Obese,18-39,1,0.58602516
112639,Overweight,60+,0,0.95786379
112643,Normal,18-39,0,0.9453168
112645,Obese,18-39,0,1.07822199
112659,Normal,18-39,0,0.9453168
112660,Obese,40-59,0,1.07822199
112661,Overweight,40-59,0,0.95786379
112664,Normal,40-59,0,0.9453168
112666,Normal,18-39,0,0.9453168
112667,Overweight,40-59,0,0.95786379
112670,Normal,60+,0,0.9453168
112673,Obese,18-39,0,1.07822199
112675,Obese,40-59,0,1.07822199
112677,Obese,18-39,0,1.07822199
112681,Normal,60+,0,0.9453168
112684,Obese,18-39,0,1.07822199
112685,Obese,40-59,0,1.07822199
112693,Overweight,18-39,0,0.95786379
112697,Overweight,18-39,0,0.95786379
112699,Overweight,60+,0,0.95786379
112702,Normal,18-39,0,0.9453168
112703,Overweight,40-59,0,0.95786379
112706,Normal,18-39,0,0.9453168
112707,Normal,40-59,0,0.9453168
112709,Underweight,18-39,0,0.95074705
112710,Obese,60+,0,1.07822199
112712,Overweight,60+,0,0.95786379
112713,Normal,60+,0,0.9453168
112716,Obese,18-39,0,1.07822199
112720,Obese,18-39,0,1.07822199
112724,Obese,18-39,0,1.07822199
112725,Obese,40-59,0,1.07822199
112726,Overweight,40-59,0,0.95786379
112731,Overweight,40-59,0,0.95786379
112736,Obese,60+,0,1.07822199
112744,Normal,40-59,0,0.9453168
112747,Normal,60+,0,0.9453168
112749,Obese,40-59,1,0.58602516
112751,Normal,18-39,1,2.28972321
112764,Overweight,60+,0,0.95786379
112770,Overweight,60+,0,0.95786379
112772,Obese,18-39,0,1.07822199
112777,Overweight,18-39,0,0.95786379
112781,Normal,60+,0,0.9453168
112787,Obese,40-59,1,0.58602516
112789,Obese,18-39,0,1.07822199
112792,Normal,40-59,0,0.9453168
112800,Normal,18-39,0,0.9453168
112802,Obese,60+,1,0.58602516
112803,Obese,18-39,0,1.07822199
112805,Underweight,60+,0,0.95074705
112823,Obese,60+,0,1.07822199
112824,Obese,60+,0,1.07822199
112828,Overweight,60+,0,0.95786379
112834,Obese,40-59,0,1.07822199
112839,Underweight,18-39,0,0.95074705
112840,Overweight,40-59,0,0.95786379
112842,Normal,60+,0,0.9453168
112845,Overweight,40-59,0,0.95786379
112847,Obese,18-39,0,1.07822199
112850,Normal,40-59,0,0.9453168
112851,Overweight,60+,0,0.95786379
112852,Obese,60+,0,1.07822199
112860,Normal,60+,0,0.9453168
112861,Obese,40-59,0,1.07822199
112864,Normal,18-39,0,0.9453168
112866,Obese,60+,0,1.07822199
112874,Obese,40-59,0,1.07822199
112877,Obese,18-39,0,1.07822199
112882,Normal,18-39,0,0.9453168
112883,Obese,40-59,0,1.07822199
112884,Obese,18-39,0,1.07822199
112897,Normal,60+,0,0.9453168
112907,Obese,40-59,0,1.07822199
112908,Obese,60+,0,1.07822199
112913,Overweight,60+,1,1.74929165
112921,Normal,60+,0,0.9453168
112924,Obese,18-39,0,1.07822199
112927,Overweight,60+,0,0.95786379
112931,Overweight,40-59,0,0.95786379
112937,Overweight,40-59,0,0.95786379
112938,Overweight,60+,0,0.95786379
112939,Obese,60+,0,1.07822199
112940,Overweight,40-59,0,0.95786379
112948,Overweight,18-39,0,0.95786379
112951,Obese,60+,0,1.07822199
112957,Obese,40-59,0,1.07822199
112958,Overweight,18-39,0,0.95786379
112960,Overweight,18-39,0,0.95786379
112965,Normal,18-39,0,0.9453168
112966,Overweight,18-39,0,0.95786379
112970,Normal,40-59,0,0.9453168
112981,Normal,18-39,0,0.9453168
112986,Overweight,18-39,0,0.95786379
112987,Overweight,40-59,0,0.95786379
112988,Normal,40-59,0,0.9453168
112990,Normal,60+,0,0.9453168
112991,Normal,18-39,0,0.9453168
112992,Overweight,60+,0,0.95786379
112994,Obese,60+,1,0.58602516
112997,Obese,18-39,0,1.07822199
112999,Normal,60+,0,0.9453168
113001,Normal,40-59,0,0.9453168
113008,Normal,60+,0,0.9453168
113009,Obese,40-59,0,1.07822199
113013,Obese,60+,0,1.07822199
113020,Obese,60+,0,1.07822199
113023,Obese,18-39,0,1.07822199
113026,Overweight,40-59,0,0.95786379
113027,Normal,18-39,0,0.9453168
113030,Overweight,40-59,0,0.95786379
113032,Obese,18-39,0,1.07822199
113033,Obese,18-39,0,1.07822199
113038,Overweight,60+,0,0.95786379
113045,Normal,18-39,0,0.9453168
113047,Normal,60+,0,0.9453168
113049,Overweight,40-59,0,0.95786379
113055,Obese,18-39,0,1.07822199
113056,Obese,18-39,0,1.07822199
113057,Obese,40-59,1,0.58602516
113058,Normal,18-39,0,0.9453168
113059,Normal,18-39,0,0.9453168
113060,Overweight,18-39,0,0.95786379
113061,Overweight,18-39,0,0.95786379
113066,Normal,18-39,0,0.9453168
113087,Obese,40-59,0,1.07822199
113092,Obese,40-59,1,0.58602516
113098,Normal,40-59,0,0.9453168
113101,Normal,40-59,0,0.9453168
113109,Overweight,40-59,0,0.95786379
113111,Obese,40-59,0,1.07822199
113113,Overweight,40-59,0,0.95786379
113116,Obese,60+,0,1.07822199
113119,Obese,40-59,0,1.07822199
113120,Overweight,40-59,1,1.74929165
113122,Overweight,40-59,0,0.95786379
113123,Normal,18-39,0,0.9453168
113125,Obese,40-59,0,1.07822199
113126,Normal,40-59,0,0.9453168
113128,Normal,60+,0,0.9453168
113129,Normal,60+,0,0.9453168
113131,Obese,60+,0,1.07822199
113136,Obese,40-59,0,1.07822199
113144,Obese,18-39,0,1.07822199
113152,Normal,60+,0,0.9453168
113153,Normal,18-39,0,0.9453168
113161,Obese,40-59,1,0.58602516
113162,Obese,60+,0,1.07822199
113175,Overweight,60+,0,0.95786379
113183,Normal,60+,0,0.9453168
113189,Obese,40-59,0,1.07822199
113194,Overweight,40-59,0,0.95786379
113197,Underweight,18-39,0,0.95074705
113209,Overweight,40-59,0,0.95786379
113211,Normal,40-59,0,0.9453168
113215,Normal,18-39,0,0.9453168
113220,Normal,18-39,0,0.9453168
113222,Overweight,60+,0,0.95786379
113223,Overweight,60+,0,0.95786379
113227,Obese,18-39,0,1.07822199
113232,Obese,40-59,0,1.07822199
113254,Normal,60+,0,0.9453168
113257,Overweight,60+,0,0.95786379
113267,Overweight,60+,0,0.95786379
113268,Obese,60+,1,0.58602516
113270,Obese,18-39,0,1.07822199
113271,Obese,40-59,0,1.07822199
113272,Normal,18-39,0,0.9453168
113274,Obese,60+,0,1.07822199
113275,Normal,60+,0,0.9453168
113279,Obese,60+,0,1.07822199
113281,Obese,40-59,0,1.07822199
113285,Obese,40-59,0,1.07822199
113286,Overweight,60+,0,0.95786379
113289,Overweight,60+,0,0.95786379
113292,Obese,40-59,1,0.58602516
113298,Obese,40-59,0,1.07822199
113305,Overweight,60+,0,0.95786379
113311,Overweight,60+,0,0.95786379
113313,Normal,18-39,0,0.9453168
113316,Overweight,40-59,1,1.74929165
113320,Normal,60+,0,0.9453168
113324,Overweight,60+,0,0.95786379
113326,Obese,40-59,0,1.07822199
113328,Obese,18-39,0,1.07822199
113331,Overweight,40-59,0,0.95786379
113332,Overweight,18-39,0,0.95786379
113336,Normal,60+,0,0.9453168
113343,Obese,60+,0,1.07822199
113347,Overweight,40-59,0,0.95786379
113349,Obese,18-39,0,1.07822199
113357,Normal,60+,0,0.9453168
113362,Normal,60+,0,0.9453168
113364,Overweight,18-39,0,0.95786379
113365,Normal,18-39,0,0.9453168
113367,Obese,60+,0,1.07822199
113370,Normal,60+,0,0.9453168
113371,Obese,60+,0,1.07822199
113372,Obese,60+,1,0.58602516
113373,Normal,18-39,0,0.9453168
113374,Normal,18-39,0,0.9453168
113376,Normal,40-59,0,0.9453168
113378,Overweight,60+,0,0.95786379
113379,Obese,60+,0,1.07822199
113385,Overweight,60+,0,0.95786379
113409,Overweight,18-39,0,0.95786379
113420,Obese,60+,1,0.58602516
113425,Overweight,40-59,0,0.95786379
113427,Obese,60+,0,1.07822199
113430,Overweight,60+,0,0.95786379
113432,Normal,18-39,0,0.9453168
113435,Obese,18-39,0,1.07822199
113437,Overweight,60+,0,0.95786379
113439,Overweight,60+,0,0.95786379
113440,Obese,40-59,0,1.07822199
113442,Obese,18-39,1,0.58602516
113443,Obese,40-59,1,0.58602516
113445,Overweight,18-39,0,0.95786379
113448,Overweight,40-59,0,0.95786379
113453,Normal,18-39,0,0.9453168
113455,Obese,60+,1,0.58602516
113461,Overweight,40-59,0,0.95786379
113462,Overweight,18-39,0,0.95786379
113463,Overweight,40-59,0,0.95786379
113464,Normal,18-39,0,0.9453168
113468,Obese,18-39,0,1.07822199
113472,Normal,40-59,0,0.9453168
113475,Normal,60+,0,0.9453168
113477,Obese,60+,0,1.07822199
113478,Obese,18-39,0,1.07822199
113480,Overweight,40-59,0,0.95786379
113486,Obese,18-39,0,1.07822199
113492,Normal,60+,0,0.9453168
113493,Overweight,40-59,0,0.95786379
113500,Overweight,60+,0,0.95786379
113505,Overweight,18-39,0,0.95786379
113509,Normal,18-39,0,0.9453168
113510,Obese,60+,1,0.58602516
113527,Obese,40-59,0,1.07822199
113531,Overweight,18-39,0,0.95786379
113539,Obese,40-59,0,1.07822199
113546,Underweight,60+,0,0.95074705
113548,Normal,60+,0,0.9453168
113550,Overweight,18-39,0,0.95786379
113551,Overweight,18-39,0,0.95786379
113552,Obese,60+,0,1.07822199
113558,Overweight,18-39,0,0.95786379
113559,Obese,60+,0,1.07822199
113560,Overweight,60+,0,0.95786379
113562,Overweight,18-39,0,0.95786379
113566,Normal,40-59,0,0.9453168
113569,Overweight,40-59,0,0.95786379
113573,Obese,40-59,0,1.07822199
113575,Overweight,40-59,0,0.95786379
113576,Overweight,40-59,0,0.95786379
113577,Obese,40-59,0,1.07822199
113578,Normal,18-39,0,0.9453168
113583,Normal,18-39,0,0.9453168
113587,Overweight,60+,0,0.95786379
113593,Overweight,18-39,0,0.95786379
113600,Overweight,60+,0,0.95786379
113615,Overweight,40-59,0,0.95786379
113619,Obese,60+,0,1.07822199
113621,Normal,40-59,0,0.9453168
113624,Overweight,40-59,0,0.95786379
113630,Obese,18-39,0,1.07822199
113631,Obese,60+,0,1.07822199
113633,Normal,18-39,0,0.9453168
113636,Normal,18-39,0,0.9453168
113642,Obese,40-59,0,1.07822199
113644,Underweight,18-39,0,0.95074705
113646,Obese,40-59,1,0.58602516
113648,Overweight,60+,0,0.95786379
113649,Obese,40-59,0,1.07822199
113661,Normal,18-39,0,0.9453168
113663,Normal,40-59,0,0.9453168
113666,Obese,18-39,1,0.58602516
113668,Obese,60+,1,0.58602516
113673,Obese,18-39,0,1.07822199
113676,Overweight,18-39,0,0.95786379
113677,Overweight,18-39,0,0.95786379
113678,Obese,40-59,0,1.07822199
113681,Overweight,60+,0,0.95786379
113690,Normal,18-39,0,0.9453168
113692,Normal,18-39,0,0.9453168
113695,Obese,18-39,1,0.58602516
113699,Obese,60+,0,1.07822199
113702,Overweight,40-59,0,0.95786379
113704,Obese,40-59,1,0.58602516
113706,Obese,40-59,0,1.07822199
113708,Normal,18-39,0,0.9453168
113714,Overweight,18-39,0,0.95786379
113715,Overweight,60+,1,1.74929165
113716,Normal,40-59,0,0.9453168
113717,Overweight,40-59,0,0.95786379
113737,Obese,40-59,0,1.07822199
113738,Overweight,40-59,0,0.95786379
113742,Normal,18-39,0,0.9453168
113747,Obese,18-39,0,1.07822199
113750,Obese,60+,1,0.58602516
113751,Obese,60+,0,1.07822199
113757,Overweight,18-39,0,0.95786379
113762,Normal,60+,0,0.9453168
113767,Obese,18-39,0,1.07822199
113768,Underweight,60+,0,0.95074705
113769,Obese,18-39,0,1.07822199
113770,Overweight,40-59,1,1.74929165
113775,Normal,60+,0,0.9453168
113781,Overweight,18-39,0,0.95786379
113787,Obese,60+,1,0.58602516
113791,Normal,18-39,0,0.9453168
113792,Obese,18-39,0,1.07822199
113794,Overweight,18-39,0,0.95786379
113801,Obese,40-59,0,1.07822199
113803,Overweight,40-59,0,0.95786379
113807,Obese,18-39,0,1.07822199
113808,Obese,18-39,0,1.07822199
113810,Overweight,40-59,0,0.95786379
113812,Normal,18-39,0,0.9453168
113815,Overweight,60+,0,0.95786379
113819,Overweight,60+,0,0.95786379
113820,Obese,18-39,0,1.07822199
113822,Normal,40-59,0,0.9453168
113824,Overweight,18-39,1,1.74929165
113825,Overweight,60+,0,0.95786379
113827,Normal,60+,0,0.9453168
113834,Normal,40-59,0,0.9453168
113838,Underweight,40-59,0,0.95074705
113839,Overweight,40-59,1,1.74929165
113840,Normal,60+,0,0.9453168
113843,Overweight,60+,1,1.74929165
113844,Obese,40-59,0,1.07822199
113849,Normal,18-39,0,0.9453168
113851,Obese,60+,1,0.58602516
113852,Overweight,60+,1,1.74929165
113854,Obese,60+,0,1.07822199
113856,Obese,60+,0,1.07822199
113857,Normal,40-59,1,2.28972321
113860,Overweight,40-59,0,0.95786379
113865,Obese,40-59,0,1.07822199
113866,Normal,40-59,0,0.9453168
113868,Obese,18-39,1,0.58602516
113869,Normal,60+,0,0.9453168
113872,Overweight,60+,0,0.95786379
113889,Obese,60+,0,1.07822199
113895,Obese,60+,0,1.07822199
113897,Overweight,60+,0,0.95786379
113899,Obese,18-39,0,1.07822199
113906,Overweight,18-39,0,0.95786379
113915,Obese,18-39,0,1.07822199
113922,Overweight,40-59,0,0.95786379
113926,Obese,60+,0,1.07822199
113928,Normal,18-39,0,0.9453168
113934,Overweight,40-59,0,0.95786379
113936,Obese,60+,0,1.07822199
113943,Overweight,60+,0,0.95786379
113945,Overweight,40-59,0,0.95786379
113946,Overweight,18-39,0,0.95786379
113947,Obese,18-39,0,1.07822199
113951,Obese,18-39,0,1.07822199
113954,Normal,40-59,0,0.9453168
113958,Overweight,40-59,0,0.95786379
113965,Obese,18-39,0,1.07822199
113968,Normal,60+,0,0.9453168
113972,Overweight,18-39,0,0.95786379
113973,Obese,60+,0,1.07822199
113976,Obese,18-39,0,1.07822199
113978,Overweight,60+,0,0.95786379
113979,Normal,18-39,0,0.9453168
113983,Overweight,60+,0,0.95786379
113987,Normal,18-39,0,0.9453168
113998,Overweight,40-59,0,0.95786379
114001,Obese,18-39,0,1.07822199
114005,Overweight,40-59,0,0.95786379
114015,Overweight,60+,0,0.95786379
114017,Obese,60+,0,1.07822199
114023,Obese,60+,1,0.58602516
114028,Normal,60+,0,0.9453168
114030,Overweight,18-39,0,0.95786379
114032,Obese,60+,0,1.07822199
114034,Obese,40-59,0,1.07822199
114038,Overweight,60+,0,0.95786379
114039,Obese,60+,0,1.07822199
114048,Obese,18-39,0,1.07822199
114056,Overweight,40-59,0,0.95786379
114059,Overweight,60+,0,0.95786379
114060,Obese,18-39,0,1.07822199
114069,Obese,18-39,0,1.07822199
114078,Normal,18-39,0,0.9453168
114082,Overweight,60+,0,0.95786379
114087,Obese,40-59,0,1.07822199
114092,Obese,18-39,0,1.07822199
114093,Overweight,40-59,0,0.95786379
114096,Overweight,60+,0,0.95786379
114098,Overweight,40-59,0,0.95786379
114101,Overweight,40-59,0,0.95786379
114103,Obese,60+,0,1.07822199
114105,Obese,60+,0,1.07822199
114106,Obese,60+,0,1.07822199
114108,Normal,60+,0,0.9453168
114114,Obese,40-59,0,1.07822199
114117,Normal,40-59,0,0.9453168
114123,Overweight,60+,0,0.95786379
114124,Obese,18-39,0,1.07822199
114125,Obese,60+,0,1.07822199
114128,Overweight,60+,0,0.95786379
114130,Normal,60+,0,0.9453168
114133,Overweight,40-59,0,0.95786379
114135,Normal,18-39,0,0.9453168
114136,Overweight,18-39,0,0.95786379
114145,Normal,40-59,0,0.9453168
114147,Overweight,40-59,0,0.95786379
114157,Normal,40-59,0,0.9453168
114162,Obese,60+,0,1.07822199
114165,Overweight,40-59,0,0.95786379
114167,Overweight,18-39,0,0.95786379
114178,Overweight,40-59,0,0.95786379
114181,Obese,60+,0,1.07822199
114195,Normal,40-59,0,0.9453168
114199,Obese,18-39,0,1.07822199
114213,Obese,60+,0,1.07822199
114222,Overweight,40-59,0,0.95786379
114228,Obese,18-39,1,0.58602516
114229,Obese,40-59,1,0.58602516
114239,Obese,18-39,0,1.07822199
114244,Obese,18-39,0,1.07822199
114246,Overweight,18-39,0,0.95786379
114247,Overweight,60+,0,0.95786379
114248,Normal,60+,0,0.9453168
114257,Overweight,40-59,0,0.95786379
114260,Normal,40-59,0,0.9453168
114272,Normal,18-39,0,0.9453168
114273,Overweight,40-59,0,0.95786379
114276,Obese,40-59,0,1.07822199
114279,Overweight,60+,1,1.74929165
114291,Obese,40-59,1,0.58602516
114298,Overweight,60+,0,0.95786379
114300,Normal,60+,0,0.9453168
114303,Normal,40-59,0,0.9453168
114305,Obese,60+,1,0.58602516
114306,Overweight,18-39,0,0.95786379
114312,Overweight,18-39,0,0.95786379
114314,Obese,18-39,0,1.07822199
114319,Normal,18-39,0,0.9453168
114320,Obese,40-59,0,1.07822199
114327,Obese,18-39,0,1.07822199
114329,Obese,18-39,0,1.07822199
114332,Obese,60+,0,1.07822199
114333,Overweight,18-39,0,0.95786379
114334,Normal,40-59,0,0.9453168
114337,Obese,60+,0,1.07822199
114339,Normal,18-39,0,0.9453168
114345,Obese,18-39,0,1.07822199
114351,Obese,60+,0,1.07822199
114352,Normal,40-59,0,0.9453168
114353,Overweight,40-59,0,0.95786379
114361,Obese,18-39,0,1.07822199
114364,Normal,60+,0,0.9453168
114366,Overweight,60+,0,0.95786379
114369,Normal,40-59,0,0.9453168
114377,Normal,40-59,0,0.9453168
114379,Normal,18-39,0,0.9453168
114383,Obese,60+,0,1.07822199
114393,Overweight,18-39,0,0.95786379
114403,Normal,40-59,1,2.28972321
114404,Obese,60+,0,1.07822199
114405,Overweight,18-39,0,0.95786379
114407,Obese,60+,0,1.07822199
114412,Normal,40-59,0,0.9453168
114417,Obese,40-59,0,1.07822199
114419,Obese,40-59,1,0.58602516
114422,Obese,18-39,1,0.58602516
114423,Normal,60+,0,0.9453168
114430,Normal,18-39,0,0.9453168
114431,Overweight,40-59,0,0.95786379
114438,Overweight,40-59,0,0.95786379
114445,Obese,60+,0,1.07822199
114446,Overweight,40-59,1,1.74929165
114448,Overweight,40-59,0,0.95786379
114453,Overweight,18-39,0,0.95786379
114458,Normal,40-59,0,0.9453168
114461,Obese,60+,0,1.07822199
114463,Obese,18-39,0,1.07822199
114467,Overweight,40-59,0,0.95786379
114481,Overweight,40-59,0,0.95786379
114483,Obese,60+,0,1.07822199
114487,Obese,40-59,0,1.07822199
114491,Overweight,60+,0,0.95786379
114497,Obese,40-59,1,0.58602516
114498,Normal,40-59,0,0.9453168
114500,Normal,60+,0,0.9453168
114505,Normal,40-59,0,0.9453168
114507,Obese,40-59,0,1.07822199
114512,Obese,18-39,0,1.07822199
114514,Obese,18-39,0,1.07822199
114517,Overweight,60+,0,0.95786379
114530,Overweight,40-59,0,0.95786379
114534,Obese,60+,0,1.07822199
114535,Overweight,60+,0,0.95786379
114539,Overweight,60+,0,0.95786379
114542,Normal,40-59,0,0.9453168
114547,Obese,60+,0,1.07822199
114554,Obese,60+,0,1.07822199
114555,Normal,40-59,0,0.9453168
114557,Overweight,18-39,0,0.95786379
114589,Obese,60+,0,1.07822199
114594,Overweight,40-59,0,0.95786379
114595,Overweight,18-39,0,0.95786379
114602,Normal,18-39,0,0.9453168
114607,Overweight,18-39,0,0.95786379
114608,Obese,40-59,0,1.07822199
114614,Obese,18-39,0,1.07822199
114615,Obese,18-39,0,1.07822199
114616,Overweight,60+,0,0.95786379
114620,Obese,40-59,0,1.07822199
114624,Obese,40-59,0,1.07822199
114632,Obese,40-59,0,1.07822199
114633,Overweight,18-39,0,0.95786379
114638,Obese,40-59,1,0.58602516
114641,Underweight,18-39,0,0.95074705
114643,Normal,40-59,0,0.9453168
114645,Obese,40-59,0,1.07822199
114647,Obese,40-59,0,1.07822199
114650,Normal,60+,0,0.9453168
114651,Obese,18-39,0,1.07822199
114652,Normal,18-39,0,0.9453168
114657,Normal,18-39,0,0.9453168
114658,Normal,40-59,0,0.9453168
114659,Overweight,18-39,0,0.95786379
114661,Normal,60+,1,2.28972321
114664,Overweight,60+,0,0.95786379
114677,Obese,40-59,0,1.07822199
114682,Obese,40-59,0,1.07822199
114688,Normal,18-39,0,0.9453168
114690,Overweight,40-59,0,0.95786379
114692,Obese,40-59,0,1.07822199
114693,Obese,40-59,1,0.58602516
114695,Overweight,18-39,0,0.95786379
114699,Normal,60+,0,0.9453168
114700,Normal,60+,0,0.9453168
114703,Overweight,60+,0,0.95786379
114708,Overweight,40-59,0,0.95786379
114712,Obese,18-39,1,0.58602516
114723,Overweight,40-59,0,0.95786379
114728,Obese,40-59,0,1.07822199
114729,Overweight,60+,0,0.95786379
114731,Normal,60+,0,0.9453168
114734,Obese,18-39,1,0.58602516
114739,Obese,60+,0,1.07822199
114740,Obese,18-39,0,1.07822199
114745,Overweight,40-59,0,0.95786379
114746,Overweight,18-39,0,0.95786379
114747,Normal,18-39,0,0.9453168
114756,Overweight,18-39,0,0.95786379
114759,Normal,18-39,0,0.9453168
114762,Normal,18-39,0,0.9453168
114769,Normal,60+,0,0.9453168
114772,Normal,18-39,0,0.9453168
114774,Overweight,18-39,0,0.95786379
114775,Normal,40-59,0,0.9453168
114785,Obese,18-39,1,0.58602516
114789,Obese,40-59,0,1.07822199
114791,Obese,40-59,0,1.07822199
114795,Normal,60+,1,2.28972321
114797,Overweight,60+,0,0.95786379
114798,Normal,40-59,0,0.9453168
114799,Obese,60+,0,1.07822199
114801,Obese,60+,1,0.58602516
114803,Overweight,18-39,0,0.95786379
114806,Normal,18-39,0,0.9453168
114808,Obese,18-39,0,1.07822199
114809,Overweight,18-39,0,0.95786379
114811,Overweight,60+,0,0.95786379
114818,Normal,40-59,0,0.9453168
114819,Normal,18-39,0,0.9453168
114825,Overweight,40-59,0,0.95786379
114831,Obese,40-59,0,1.07822199
114834,Overweight,18-39,0,0.95786379
114838,Obese,60+,0,1.07822199
114841,Obese,18-39,0,1.07822199
114842,Normal,60+,0,0.9453168
114843,Obese,40-59,0,1.07822199
114846,Obese,60+,0,1.07822199
114851,Overweight,18-39,0,0.95786379
114852,Obese,18-39,0,1.07822199
114853,Obese,60+,0,1.07822199
114859,Obese,60+,0,1.07822199
114862,Obese,60+,1,0.58602516
114864,Obese,18-39,0,1.07822199
114870,Overweight,18-39,0,0.95786379
114877,Obese,18-39,0,1.07822199
114879,Normal,40-59,0,0.9453168
114883,Overweight,60+,0,0.95786379
114886,Overweight,60+,0,0.95786379
114890,Overweight,18-39,0,0.95786379
114894,Overweight,60+,0,0.95786379
114898,Overweight,60+,0,0.95786379
114901,Overweight,40-59,0,0.95786379
114903,Obese,60+,0,1.07822199
114907,Obese,18-39,0,1.07822199
114913,Obese,40-59,0,1.07822199
114915,Overweight,40-59,0,0.95786379
114916,Overweight,40-59,0,0.95786379
114919,Obese,40-59,0,1.07822199
114922,Obese,60+,0,1.07822199
114927,Overweight,40-59,0,0.95786379
114929,Normal,40-59,0,0.9453168
114931,Obese,40-59,0,1.07822199
114932,Obese,40-59,0,1.07822199
114934,Overweight,40-59,0,0.95786379
114935,Normal,40-59,0,0.9453168
114937,Obese,40-59,1,0.58602516
114943,Obese,18-39,0,1.07822199
114944,Obese,18-39,0,1.07822199
114958,Obese,40-59,1,0.58602516
114962,Obese,60+,0,1.07822199
114965,Normal,60+,0,0.9453168
114970,Obese,18-39,0,1.07822199
114979,Overweight,60+,0,0.95786379
114984,Obese,18-39,0,1.07822199
114988,Overweight,60+,0,0.95786379
114993,Obese,18-39,0,1.07822199
114994,Obese,18-39,0,1.07822199
114995,Overweight,60+,0,0.95786379
114996,Normal,40-59,0,0.9453168
114998,Overweight,60+,1,1.74929165
115003,Overweight,40-59,0,0.95786379
115004,Overweight,18-39,0,0.95786379
115023,Overweight,18-39,0,0.95786379
115034,Obese,18-39,0,1.07822199
115047,Overweight,60+,0,0.95786379
115051,Obese,40-59,0,1.07822199
115052,Overweight,18-39,0,0.95786379
115053,Normal,18-39,0,0.9453168
115055,Overweight,18-39,0,0.95786379
115058,Underweight,60+,0,0.95074705
115060,Obese,18-39,0,1.07822199
115066,Overweight,60+,0,0.95786379
115070,Underweight,18-39,0,0.95074705
115077,Obese,18-39,0,1.07822199
115081,Obese,60+,0,1.07822199
115082,Overweight,60+,0,0.95786379
115083,Overweight,60+,0,0.95786379
115085,Overweight,60+,0,0.95786379
115088,Normal,18-39,0,0.9453168
115089,Normal,40-59,0,0.9453168
115095,Overweight,40-59,0,0.95786379
115096,Obese,60+,1,0.58602516
115099,Obese,18-39,0,1.07822199
115100,Obese,60+,0,1.07822199
115110,Overweight,40-59,1,1.74929165
115123,Obese,60+,0,1.07822199
115126,Normal,40-59,0,0.9453168
115130,Normal,18-39,0,0.9453168
115138,Obese,40-59,0,1.07822199
115144,Normal,40-59,0,0.9453168
115147,Normal,60+,0,0.9453168
115150,Overweight,60+,0,0.95786379
115155,Normal,18-39,0,0.9453168
115156,Overweight,60+,0,0.95786379
115161,Normal,60+,0,0.9453168
115164,Obese,40-59,1,0.58602516
115181,Obese,40-59,0,1.07822199
115185,Obese,40-59,0,1.07822199
115186,Normal,18-39,0,0.9453168
115189,Overweight,60+,0,0.95786379
115190,Obese,60+,0,1.07822199
115191,Normal,18-39,0,0.9453168
115192,Obese,60+,0,1.07822199
115202,Overweight,60+,0,0.95786379
115203,Overweight,60+,0,0.95786379
115210,Obese,60+,0,1.07822199
115213,Overweight,60+,0,0.95786379
115215,Overweight,60+,0,0.95786379
115217,Obese,60+,0,1.07822199
115218,Normal,60+,0,0.9453168
115220,Overweight,18-39,0,0.95786379
115225,Normal,60+,0,0.9453168
115229,Obese,18-39,0,1.07822199
115230,Normal,40-59,0,0.9453168
115232,Normal,60+,1,2.28972321
115238,Normal,40-59,0,0.9453168
115240,Obese,40-59,0,1.07822199
115243,Obese,18-39,0,1.07822199
115244,Overweight,18-39,0,0.95786379
115245,Obese,18-39,0,1.07822199
115247,Obese,60+,0,1.07822199
115250,Normal,18-39,0,0.9453168
115253,Obese,18-39,0,1.07822199
115255,Overweight,40-59,0,0.95786379
115260,Normal,18-39,0,0.9453168
115263,Normal,60+,0,0.9453168
115276,Normal,18-39,0,0.9453168
115279,Overweight,60+,1,1.74929165
115280,Normal,18-39,0,0.9453168
115281,Obese,40-59,0,1.07822199
115284,Normal,18-39,0,0.9453168
115287,Overweight,60+,0,0.95786379
115288,Obese,40-59,1,0.58602516
115289,Normal,18-39,0,0.9453168
115290,Normal,60+,0,0.9453168
115292,Overweight,60+,0,0.95786379
115295,Obese,40-59,0,1.07822199
115304,Obese,60+,0,1.07822199
115309,Normal,60+,0,0.9453168
115310,Obese,40-59,0,1.07822199
115317,Overweight,18-39,0,0.95786379
115323,Normal,40-59,0,0.9453168
115326,Overweight,18-39,0,0.95786379
115331,Obese,40-59,0,1.07822199
115332,Normal,40-59,0,0.9453168
115333,Overweight,18-39,0,0.95786379
115334,Overweight,60+,0,0.95786379
115335,Normal,18-39,0,0.9453168
115337,Obese,40-59,0,1.07822199
115338,Overweight,40-59,0,0.95786379
115346,Obese,18-39,0,1.07822199
115350,Obese,18-39,0,1.07822199
115355,Overweight,40-59,0,0.95786379
115358,Obese,60+,0,1.07822199
115359,Underweight,18-39,0,0.95074705
115363,Overweight,60+,0,0.95786379
115365,Normal,18-39,0,0.9453168
115374,Normal,40-59,0,0.9453168
115375,Normal,18-39,0,0.9453168
115379,Obese,18-39,0,1.07822199
115380,Obese,40-59,0,1.07822199
115390,Normal,40-59,0,0.9453168
115395,Normal,60+,1,2.28972321
115396,Overweight,60+,0,0.95786379
115398,Obese,18-39,0,1.07822199
115401,Obese,18-39,1,0.58602516
115402,Obese,60+,0,1.07822199
115407,Overweight,60+,0,0.95786379
115409,Obese,18-39,0,1.07822199
115410,Overweight,18-39,0,0.95786379
115411,Overweight,18-39,0,0.95786379
115423,Normal,18-39,0,0.9453168
115426,Normal,60+,0,0.9453168
115437,Overweight,60+,0,0.95786379
115441,Normal,60+,0,0.9453168
115443,Obese,18-39,0,1.07822199
115445,Obese,60+,0,1.07822199
115455,Normal,40-59,0,0.9453168
115458,Normal,60+,0,0.9453168
115459,Obese,60+,0,1.07822199
115465,Overweight,18-39,0,0.95786379
115467,Overweight,18-39,0,0.95786379
115471,Normal,18-39,0,0.9453168
115472,Obese,40-59,0,1.07822199
115478,Obese,60+,0,1.07822199
115479,Normal,40-59,0,0.9453168
115480,Obese,18-39,1,0.58602516
115485,Overweight,40-59,0,0.95786379
115490,Obese,40-59,0,1.07822199
115493,Obese,60+,0,1.07822199
115495,Obese,60+,1,0.58602516
115498,Obese,60+,0,1.07822199
115499,Overweight,18-39,0,0.95786379
115501,Normal,60+,0,0.9453168
115504,Obese,60+,0,1.07822199
115509,Overweight,40-59,0,0.95786379
115511,Overweight,18-39,0,0.95786379
115518,Obese,60+,0,1.07822199
115521,Overweight,60+,0,0.95786379
115530,Normal,18-39,0,0.9453168
115532,Obese,18-39,1,0.58602516
115539,Obese,18-39,0,1.07822199
115545,Underweight,18-39,0,0.95074705
115547,Obese,60+,1,0.58602516
115551,Normal,18-39,0,0.9453168
115560,Obese,40-59,1,0.58602516
115563,Overweight,18-39,0,0.95786379
115569,Obese,40-59,0,1.07822199
115574,Overweight,40-59,0,0.95786379
115578,Obese,40-59,0,1.07822199
115579,Obese,40-59,1,0.58602516
115584,Overweight,18-39,0,0.95786379
115585,Overweight,60+,0,0.95786379
115587,Normal,60+,0,0.9453168
115598,Normal,18-39,0,0.9453168
115604,Obese,60+,0,1.07822199
115608,Normal,40-59,0,0.9453168
115609,Normal,18-39,0,0.9453168
115611,Obese,40-59,0,1.07822199
115614,Normal,40-59,0,0.9453168
115615,Normal,40-59,0,0.9453168
115617,Overweight,40-59,1,1.74929165
115624,Obese,40-59,0,1.07822199
115629,Overweight,60+,0,0.95786379
115632,Obese,40-59,0,1.07822199
115636,Overweight,60+,0,0.95786379
115643,Overweight,40-59,0,0.95786379
115645,Obese,18-39,0,1.07822199
115646,Obese,18-39,0,1.07822199
115647,Obese,60+,0,1.07822199
115661,Overweight,60+,0,0.95786379
115662,Normal,60+,0,0.9453168
115663,Overweight,60+,0,0.95786379
115666,Obese,40-59,1,0.58602516
115668,Obese,18-39,1,0.58602516
115670,Obese,60+,0,1.07822199
115673,Normal,18-39,0,0.9453168
115674,Obese,60+,0,1.07822199
115676,Obese,60+,0,1.07822199
115680,Obese,18-39,0,1.07822199
115683,Overweight,40-59,0,0.95786379
115698,Overweight,40-59,0,0.95786379
115705,Overweight,60+,0,0.95786379
115710,Overweight,40-59,0,0.95786379
115711,Overweight,60+,0,0.95786379
115714,Overweight,60+,0,0.95786379
115724,Normal,18-39,0,0.9453168
115728,Normal,40-59,0,0.9453168
115732,Obese,60+,0,1.07822199
115736,Obese,60+,0,1.07822199
115740,Obese,60+,0,1.07822199
115746,Obese,60+,1,0.58602516
115747,Overweight,60+,0,0.95786379
115749,Obese,60+,1,0.58602516
115750,Overweight,40-59,0,0.95786379
115752,Overweight,60+,0,0.95786379
115759,Overweight,40-59,0,0.95786379
115766,Normal,18-39,0,0.9453168
115767,Normal,40-59,0,0.9453168
115770,Obese,40-59,0,1.07822199
115772,Normal,18-39,0,0.9453168
115782,Normal,60+,0,0.9453168
115788,Normal,60+,0,0.9453168
115792,Normal,18-39,0,0.9453168
115793,Overweight,18-39,0,0.95786379
115796,Obese,40-59,0,1.07822199
115800,Obese,40-59,0,1.07822199
115801,Obese,40-59,0,1.07822199
115804,Overweight,60+,0,0.95786379
115806,Overweight,18-39,0,0.95786379
115807,Obese,60+,0,1.07822199
115808,Overweight,60+,0,0.95786379
115809,Overweight,60+,0,0.95786379
115814,Normal,60+,1,2.28972321
115818,Normal,60+,0,0.9453168
115829,Normal,18-39,0,0.9453168
115831,Overweight,18-39,0,0.95786379
115833,Underweight,18-39,0,0.95074705
115834,Obese,60+,1,0.58602516
115846,Obese,40-59,0,1.07822199
115851,Overweight,40-59,0,0.95786379
115853,Normal,18-39,0,0.9453168
115854,Normal,18-39,0,0.9453168
115858,Obese,60+,0,1.07822199
115859,Overweight,18-39,0,0.95786379
115860,Normal,40-59,0,0.9453168
115888,Obese,60+,0,1.07822199
115889,Obese,60+,0,1.07822199
115891,Overweight,60+,0,0.95786379
115907,Overweight,60+,0,0.95786379
115909,Obese,40-59,0,1.07822199
115912,Overweight,18-39,0,0.95786379
115913,Overweight,18-39,0,0.95786379
115915,Normal,18-39,0,0.9453168
115926,Obese,18-39,0,1.07822199
115928,Overweight,60+,0,0.95786379
115929,Overweight,40-59,0,0.95786379
115939,Obese,40-59,0,1.07822199
115943,Overweight,60+,0,0.95786379
115953,Obese,18-39,1,0.58602516
115955,Obese,40-59,1,0.58602516
115957,Overweight,60+,0,0.95786379
115959,Normal,18-39,0,0.9453168
115961,Obese,40-59,0,1.07822199
115965,Obese,60+,0,1.07822199
115972,Obese,60+,0,1.07822199
115978,Obese,40-59,0,1.07822199
115983,Overweight,60+,0,0.95786379
115985,Obese,60+,1,0.58602516
115990,Normal,18-39,0,0.9453168
115994,Obese,60+,0,1.07822199
116003,Overweight,18-39,0,0.95786379
116004,Overweight,40-59,0,0.95786379
116013,Obese,40-59,0,1.07822199
116014,Normal,18-39,0,0.9453168
116018,Overweight,60+,0,0.95786379
116021,Normal,40-59,0,0.9453168
116022,Obese,18-39,0,1.07822199
116026,Normal,18-39,0,0.9453168
116029,Obese,18-39,0,1.07822199
116031,Overweight,18-39,0,0.95786379
116035,Normal,18-39,0,0.9453168
116038,Overweight,60+,0,0.95786379
116042,Normal,18-39,0,0.9453168
116045,Overweight,18-39,0,0.95786379
116050,Normal,40-59,0,0.9453168
116052,Obese,18-39,1,0.58602516
116056,Overweight,60+,0,0.95786379
116057,Overweight,60+,0,0.95786379
116065,Obese,40-59,1,0.58602516
116071,Normal,18-39,0,0.9453168
116074,Overweight,18-39,0,0.95786379
116076,Obese,18-39,0,1.07822199
116077,Overweight,40-59,0,0.95786379
116079,Obese,18-39,0,1.07822199
116088,Normal,18-39,0,0.9453168
116089,Overweight,18-39,0,0.95786379
116090,Overweight,18-39,0,0.95786379
116097,Obese,18-39,0,1.07822199
116104,Normal,40-59,0,0.9453168
116109,Obese,40-59,0,1.07822199
116112,Obese,60+,0,1.07822199
116116,Obese,18-39,0,1.07822199
116118,Normal,40-59,0,0.9453168
116120,Overweight,60+,0,0.95786379
116121,Obese,18-39,0,1.07822199
116127,Obese,60+,0,1.07822199
116129,Overweight,60+,1,1.74929165
116131,Obese,18-39,0,1.07822199
116133,Overweight,40-59,0,0.95786379
116140,Obese,18-39,0,1.07822199
116141,Overweight,40-59,0,0.95786379
116142,Overweight,40-59,0,0.95786379
116144,Obese,60+,1,0.58602516
116148,Obese,40-59,0,1.07822199
116151,Obese,40-59,0,1.07822199
116152,Normal,18-39,0,0.9453168
116153,Underweight,40-59,0,0.95074705
116157,Overweight,40-59,1,1.74929165
116160,Obese,18-39,1,0.58602516
116164,Obese,18-39,0,1.07822199
116169,Obese,40-59,0,1.07822199
116171,Normal,18-39,0,0.9453168
116174,Overweight,40-59,0,0.95786379
116178,Normal,18-39,0,0.9453168
116181,Overweight,40-59,0,0.95786379
116182,Underweight,18-39,0,0.95074705
116190,Overweight,18-39,0,0.95786379
116196,Obese,40-59,0,1.07822199
116201,Overweight,18-39,0,0.95786379
116203,Obese,60+,0,1.07822199
116206,Normal,60+,0,0.9453168
116207,Obese,18-39,0,1.07822199
116208,Normal,60+,0,0.9453168
116210,Obese,40-59,0,1.07822199
116211,Obese,60+,0,1.07822199
116216,Normal,60+,0,0.9453168
116219,Overweight,18-39,0,0.95786379
116228,Normal,18-39,0,0.9453168
116238,Overweight,40-59,0,0.95786379
116242,Obese,40-59,0,1.07822199
116247,Obese,18-39,0,1.07822199
116251,Normal,60+,0,0.9453168
116260,Normal,18-39,0,0.9453168
116267,Overweight,40-59,0,0.95786379
116268,Obese,40-59,0,1.07822199
116280,Obese,60+,1,0.58602516
116283,Overweight,40-59,0,0.95786379
116284,Obese,18-39,0,1.07822199
116286,Overweight,40-59,0,0.95786379
116287,Normal,40-59,0,0.9453168
116290,Normal,18-39,0,0.9453168
116296,Normal,18-39,0,0.9453168
116299,Overweight,40-59,0,0.95786379
116300,Normal,18-39,0,0.9453168
116305,Normal,18-39,0,0.9453168
116306,Obese,18-39,1,0.58602516
116315,Normal,60+,0,0.9453168
116319,Obese,40-59,0,1.07822199
116327,Overweight,40-59,0,0.95786379
116335,Obese,60+,1,0.58602516
116338,Obese,18-39,0,1.07822199
116341,Normal,60+,0,0.9453168
116345,Overweight,40-59,1,1.74929165
116351,Obese,60+,0,1.07822199
116354,Obese,40-59,1,0.58602516
116356,Normal,18-39,0,0.9453168
116360,Overweight,40-59,0,0.95786379
116362,Obese,18-39,0,1.07822199
116372,Normal,18-39,1,2.28972321
116375,Obese,40-59,1,0.58602516
116378,Overweight,40-59,1,1.74929165
116381,Overweight,40-59,0,0.95786379
116382,Overweight,18-39,0,0.95786379
116384,Overweight,60+,0,0.95786379
116386,Obese,18-39,0,1.07822199
116398,Normal,18-39,0,0.9453168
116406,Overweight,60+,0,0.95786379
116410,Obese,18-39,0,1.07822199
116415,Overweight,40-59,0,0.95786379
116417,Obese,18-39,0,1.07822199
116420,Obese,18-39,1,0.58602516
116423,Overweight,60+,0,0.95786379
116426,Obese,40-59,0,1.07822199
116430,Normal,40-59,0,0.9453168
116433,Normal,18-39,0,0.9453168
116434,Normal,18-39,0,0.9453168
116435,Overweight,40-59,0,0.95786379
116437,Obese,60+,1,0.58602516
116442,Obese,60+,0,1.07822199
116447,Obese,60+,0,1.07822199
116448,Normal,18-39,0,0.9453168
116453,Obese,18-39,1,0.58602516
116455,Normal,40-59,0,0.9453168
116456,Overweight,60+,0,0.95786379
116459,Overweight,60+,0,0.95786379
116461,Overweight,60+,0,0.95786379
116464,Normal,40-59,0,0.9453168
116467,Overweight,40-59,0,0.95786379
116474,Normal,60+,0,0.9453168
116487,Obese,40-59,0,1.07822199
116490,Obese,18-39,1,0.58602516
116492,Normal,18-39,0,0.9453168
116493,Overweight,60+,1,1.74929165
116495,Obese,40-59,0,1.07822199
116499,Obese,40-59,0,1.07822199
116502,Overweight,60+,0,0.95786379
116503,Overweight,60+,0,0.95786379
116505,Obese,18-39,0,1.07822199
116507,Normal,40-59,0,0.9453168
116510,Obese,40-59,0,1.07822199
116511,Normal,40-59,0,0.9453168
116518,Obese,18-39,0,1.07822199
116528,Normal,40-59,0,0.9453168
116529,Overweight,18-39,0,0.95786379
116532,Normal,18-39,0,0.9453168
116533,Overweight,40-59,0,0.95786379
116537,Overweight,18-39,0,0.95786379
116542,Overweight,60+,0,0.95786379
116547,Normal,40-59,0,0.9453168
116557,Obese,18-39,0,1.07822199
116561,Overweight,18-39,0,0.95786379
116562,Overweight,60+,0,0.95786379
116563,Normal,18-39,0,0.9453168
116565,Obese,60+,0,1.07822199
116574,Obese,60+,0,1.07822199
116580,Normal,60+,0,0.9453168
116583,Normal,18-39,0,0.9453168
116587,Obese,40-59,0,1.07822199
116588,Overweight,40-59,0,0.95786379
116589,Overweight,60+,0,0.95786379
116596,Obese,40-59,0,1.07822199
116598,Obese,40-59,1,0.58602516
116609,Overweight,40-59,0,0.95786379
116613,Overweight,18-39,0,0.95786379
116614,Normal,18-39,0,0.9453168
116616,Overweight,40-59,0,0.95786379
116617,Normal,60+,0,0.9453168
116627,Obese,18-39,0,1.07822199
116644,Normal,18-39,0,0.9453168
116654,Obese,40-59,0,1.07822199
116655,Overweight,40-59,0,0.95786379
116657,Normal,40-59,0,0.9453168
116662,Obese,60+,0,1.07822199
116673,Obese,40-59,0,1.07822199
116678,Underweight,18-39,0,0.95074705
116680,Obese,40-59,0,1.07822199
116691,Overweight,40-59,0,0.95786379
116694,Overweight,40-59,0,0.95786379
116699,Overweight,40-59,0,0.95786379
116703,Obese,40-59,0,1.07822199
116704,Overweight,18-39,0,0.95786379
116705,Normal,18-39,0,0.9453168
116706,Obese,40-59,0,1.07822199
116710,Obese,60+,0,1.07822199
116716,Overweight,18-39,0,0.95786379
116721,Overweight,18-39,0,0.95786379
116724,Obese,40-59,1,0.58602516
116728,Overweight,40-59,0,0.95786379
116730,Overweight,60+,0,0.95786379
116734,Obese,40-59,0,1.07822199
116739,Normal,60+,0,0.9453168
116745,Obese,40-59,0,1.07822199
116747,Normal,40-59,0,0.9453168
116749,Obese,18-39,0,1.07822199
116750,Normal,18-39,0,0.9453168
116760,Normal,40-59,0,0.9453168
116761,Overweight,18-39,0,0.95786379
116762,Obese,60+,0,1.07822199
116767,Normal,18-39,0,0.9453168
116770,Obese,60+,0,1.07822199
116773,Overweight,40-59,0,0.95786379
116776,Obese,40-59,0,1.07822199
116783,Normal,60+,1,2.28972321
116796,Normal,18-39,0,0.9453168
116802,Overweight,40-59,1,1.74929165
116806,Obese,40-59,0,1.07822199
116808,Overweight,18-39,0,0.95786379
116809,Overweight,60+,0,0.95786379
116810,Normal,18-39,0,0.9453168
116812,Overweight,18-39,0,0.95786379
116816,Normal,60+,0,0.9453168
116819,Obese,40-59,0,1.07822199
116820,Overweight,40-59,0,0.95786379
116823,Normal,60+,0,0.9453168
116826,Normal,40-59,0,0.9453168
116831,Overweight,60+,0,0.95786379
116833,Overweight,18-39,0,0.95786379
116843,Normal,18-39,0,0.9453168
116844,Normal,18-39,0,0.9453168
116847,Obese,18-39,0,1.07822199
116855,Obese,60+,1,0.58602516
116864,Obese,60+,0,1.07822199
116867,Obese,40-59,0,1.07822199
116869,Overweight,60+,0,0.95786379
116873,Overweight,18-39,0,0.95786379
116881,Normal,40-59,0,0.9453168
116889,Obese,40-59,0,1.07822199
116893,Overweight,18-39,0,0.95786379
116894,Obese,60+,0,1.07822199
116895,Obese,18-39,0,1.07822199
116898,Obese,60+,0,1.07822199
116899,Obese,40-59,0,1.07822199
116900,Obese,40-59,0,1.07822199
116901,Overweight,60+,0,0.95786379
116904,Obese,60+,0,1.07822199
116906,Obese,60+,1,0.58602516
116911,Obese,60+,1,0.58602516
116915,Obese,60+,0,1.07822199
116920,Obese,60+,1,0.58602516
116928,Obese,40-59,0,1.07822199
116935,Underweight,18-39,0,0.95074705
116941,Overweight,18-39,0,0.95786379
116947,Obese,18-39,0,1.07822199
116956,Obese,40-59,1,0.58602516
116959,Obese,60+,1,0.58602516
116961,Overweight,60+,0,0.95786379
116964,Overweight,18-39,0,0.95786379
116966,Obese,40-59,0,1.07822199
116967,Obese,18-39,0,1.07822199
116968,Overweight,60+,1,1.74929165
116972,Obese,40-59,0,1.07822199
116978,Obese,60+,0,1.07822199
116979,Normal,18-39,0,0.9453168
116980,Normal,60+,0,0.9453168
116981,Obese,18-39,0,1.07822199
116984,Obese,40-59,0,1.07822199
116988,Normal,18-39,0,0.9453168
116989,Overweight,40-59,0,0.95786379
116994,Overweight,60+,0,0.95786379
116997,Overweight,60+,0,0.95786379
117000,Normal,60+,0,0.9453168
117002,Normal,18-39,0,0.9453168
117010,Obese,60+,0,1.07822199
117011,Normal,60+,0,0.9453168
117015,Normal,40-59,1,2.28972321
117017,Overweight,40-59,0,0.95786379
117021,Overweight,18-39,0,0.95786379
117022,Overweight,60+,0,0.95786379
117026,Obese,18-39,0,1.07822199
117031,Normal,60+,1,2.28972321
117032,Obese,18-39,0,1.07822199
117036,Overweight,60+,0,0.95786379
117037,Overweight,60+,0,0.95786379
117044,Overweight,60+,0,0.95786379
117045,Obese,40-59,1,0.58602516
117050,Overweight,60+,0,0.95786379
117054,Overweight,18-39,0,0.95786379
117055,Overweight,60+,0,0.95786379
117058,Overweight,60+,0,0.95786379
117059,Overweight,18-39,0,0.95786379
117062,Normal,40-59,0,0.9453168
117064,Obese,60+,0,1.07822199
117067,Overweight,40-59,0,0.95786379
117071,Normal,40-59,0,0.9453168
117077,Obese,60+,1,0.58602516
117086,Normal,18-39,0,0.9453168
117090,Overweight,60+,0,0.95786379
117095,Normal,18-39,0,0.9453168
117102,Normal,18-39,0,0.9453168
117108,Normal,60+,0,0.9453168
117116,Obese,18-39,0,1.07822199
117117,Obese,60+,0,1.07822199
117118,Normal,18-39,0,0.9453168
117129,Underweight,18-39,0,0.95074705
117130,Normal,40-59,0,0.9453168
117132,Obese,60+,0,1.07822199
117133,Overweight,60+,0,0.95786379
117139,Overweight,18-39,0,0.95786379
117147,Normal,40-59,0,0.9453168
117150,Obese,60+,0,1.07822199
117161,Normal,60+,0,0.9453168
117165,Obese,60+,0,1.07822199
117172,Obese,18-39,0,1.07822199
117174,Obese,18-39,0,1.07822199
117178,Obese,18-39,1,0.58602516
117181,Normal,40-59,0,0.9453168
117182,Obese,18-39,0,1.07822199
117187,Normal,60+,0,0.9453168
117190,Normal,18-39,0,0.9453168
117193,Obese,60+,0,1.07822199
117200,Obese,18-39,0,1.07822199
117204,Overweight,60+,0,0.95786379
117209,Obese,18-39,0,1.07822199
117210,Obese,60+,1,0.58602516
117212,Obese,18-39,0,1.07822199
117215,Obese,18-39,0,1.07822199
117217,Overweight,60+,0,0.95786379
117219,Obese,60+,0,1.07822199
117224,Overweight,40-59,0,0.95786379
117226,Overweight,60+,0,0.95786379
117227,Overweight,18-39,0,0.95786379
117230,Obese,60+,0,1.07822199
117232,Overweight,40-59,0,0.95786379
117238,Obese,40-59,0,1.07822199
117242,Overweight,40-59,0,0.95786379
117243,Normal,40-59,0,0.9453168
117244,Overweight,40-59,0,0.95786379
117249,Obese,60+,1,0.58602516
117250,Obese,60+,0,1.07822199
117251,Overweight,60+,0,0.95786379
117261,Normal,60+,1,2.28972321
117263,Obese,40-59,0,1.07822199
117274,Overweight,40-59,0,0.95786379
117275,Normal,60+,0,0.9453168
117278,Overweight,18-39,0,0.95786379
117280,Overweight,60+,0,0.95786379
117282,Obese,40-59,1,0.58602516
117285,Normal,18-39,0,0.9453168
117286,Normal,40-59,0,0.9453168
117287,Obese,40-59,0,1.07822199
117289,Overweight,40-59,0,0.95786379
117292,Underweight,60+,1,2.0178943
117293,Obese,40-59,0,1.07822199
117295,Obese,40-59,0,1.07822199
117302,Normal,60+,0,0.9453168
117305,Obese,60+,0,1.07822199
117306,Normal,40-59,0,0.9453168
117307,Normal,60+,0,0.9453168
117310,Obese,60+,0,1.07822199
117312,Obese,60+,0,1.07822199
117313,Normal,18-39,0,0.9453168
117314,Overweight,60+,0,0.95786379
117315,Overweight,60+,0,0.95786379
117316,Obese,40-59,0,1.07822199
117331,Obese,40-59,0,1.07822199
117335,Obese,60+,0,1.07822199
117339,Obese,60+,0,1.07822199
117347,Normal,18-39,0,0.9453168
117353,Normal,60+,0,0.9453168
117354,Overweight,60+,0,0.95786379
117357,Normal,18-39,0,0.9453168
117363,Obese,60+,1,0.58602516
117364,Normal,18-39,0,0.9453168
117368,Overweight,18-39,0,0.95786379
117370,Normal,40-59,0,0.9453168
117374,Normal,40-59,0,0.9453168
117375,Obese,40-59,0,1.07822199
117377,Overweight,18-39,0,0.95786379
117383,Obese,40-59,0,1.07822199
117389,Obese,18-39,1,0.58602516
117398,Obese,60+,1,0.58602516
117405,Obese,18-39,0,1.07822199
117407,Overweight,18-39,0,0.95786379
117409,Overweight,18-39,0,0.95786379
117414,Obese,60+,0,1.07822199
117420,Overweight,60+,0,0.95786379
117421,Overweight,18-39,1,1.74929165
117428,Normal,60+,0,0.9453168
117432,Overweight,60+,0,0.95786379
117434,Obese,18-39,1,0.58602516
117435,Obese,40-59,0,1.07822199
117436,Overweight,60+,0,0.95786379
117437,Overweight,40-59,0,0.95786379
117440,Normal,60+,0,0.9453168
117442,Overweight,60+,0,0.95786379
117450,Normal,40-59,0,0.9453168
117454,Overweight,40-59,0,0.95786379
117458,Obese,60+,0,1.07822199
117463,Obese,18-39,0,1.07822199
117464,Underweight,40-59,0,0.95074705
117465,Normal,40-59,1,2.28972321
117467,Overweight,40-59,0,0.95786379
117468,Normal,18-39,0,0.9453168
117470,Normal,18-39,0,0.9453168
117471,Overweight,60+,1,1.74929165
117484,Overweight,18-39,1,1.74929165
117491,Overweight,18-39,0,0.95786379
117494,Overweight,60+,0,0.95786379
117496,Overweight,18-39,0,0.95786379
117498,Overweight,60+,0,0.95786379
117500,Obese,18-39,0,1.07822199
117504,Obese,40-59,0,1.07822199
117505,Obese,18-39,1,0.58602516
117510,Normal,40-59,0,0.9453168
117514,Normal,40-59,0,0.9453168
117518,Overweight,40-59,0,0.95786379
117531,Overweight,18-39,0,0.95786379
117537,Obese,60+,1,0.58602516
117540,Overweight,60+,0,0.95786379
117543,Normal,18-39,0,0.9453168
117546,Overweight,60+,0,0.95786379
117549,Overweight,18-39,0,0.95786379
117554,Overweight,60+,0,0.95786379
117556,Obese,18-39,0,1.07822199
117559,Overweight,40-59,0,0.95786379
117570,Overweight,40-59,0,0.95786379
117571,Obese,40-59,0,1.07822199
117575,Obese,60+,1,0.58602516
117577,Normal,40-59,0,0.9453168
117580,Obese,60+,0,1.07822199
117581,Normal,18-39,0,0.9453168
117587,Overweight,18-39,0,0.95786379
117589,Normal,40-59,0,0.9453168
117592,Overweight,18-39,0,0.95786379
117613,Obese,40-59,0,1.07822199
117621,Overweight,18-39,0,0.95786379
117624,Obese,40-59,1,0.58602516
117627,Normal,18-39,0,0.9453168
117628,Obese,18-39,0,1.07822199
117629,Obese,40-59,0,1.07822199
117632,Obese,18-39,0,1.07822199
117633,Obese,40-59,1,0.58602516
117635,Underweight,60+,0,0.95074705
117637,Obese,18-39,1,0.58602516
117638,Obese,60+,0,1.07822199
117644,Normal,18-39,0,0.9453168
117646,Overweight,18-39,0,0.95786379
117653,Overweight,40-59,0,0.95786379
117654,Obese,60+,1,0.58602516
117656,Overweight,18-39,0,0.95786379
117657,Normal,40-59,0,0.9453168
117660,Overweight,60+,0,0.95786379
117665,Obese,60+,0,1.07822199
117681,Normal,60+,0,0.9453168
117683,Normal,60+,0,0.9453168
117685,Obese,40-59,0,1.07822199
117687,Obese,40-59,0,1.07822199
117690,Normal,18-39,0,0.9453168
117692,Overweight,60+,1,1.74929165
117695,Overweight,60+,0,0.95786379
117697,Normal,18-39,0,0.9453168
117701,Obese,40-59,0,1.07822199
117704,Obese,40-59,0,1.07822199
117710,Obese,40-59,1,0.58602516
117711,Overweight,60+,0,0.95786379
117712,Overweight,18-39,0,0.95786379
117719,Overweight,18-39,0,0.95786379
117728,Obese,60+,0,1.07822199
117730,Overweight,40-59,0,0.95786379
117733,Obese,40-59,0,1.07822199
117737,Overweight,18-39,0,0.95786379
117745,Obese,18-39,1,0.58602516
117755,Overweight,40-59,0,0.95786379
117771,Normal,60+,0,0.9453168
117774,Normal,18-39,0,0.9453168
117775,Normal,40-59,0,0.9453168
117778,Obese,40-59,0,1.07822199
117780,Normal,40-59,0,0.9453168
117784,Overweight,60+,0,0.95786379
117793,Overweight,60+,0,0.95786379
117794,Obese,60+,0,1.07822199
117795,Obese,18-39,0,1.07822199
117806,Obese,60+,1,0.58602516
117807,Obese,60+,1,0.58602516
117810,Normal,18-39,0,0.9453168
117811,Overweight,18-39,0,0.95786379
117817,Obese,40-59,0,1.07822199
117826,Obese,60+,0,1.07822199
117829,Obese,40-59,0,1.07822199
117832,Obese,40-59,0,1.07822199
117840,Overweight,18-39,0,0.95786379
117845,Overweight,60+,0,0.95786379
117847,Obese,40-59,0,1.07822199
117849,Overweight,40-59,0,0.95786379
117851,Normal,18-39,0,0.9453168
117853,Overweight,40-59,0,0.95786379
117858,Obese,60+,0,1.07822199
117862,Overweight,60+,0,0.95786379
117868,Overweight,18-39,0,0.95786379
117870,Normal,18-39,0,0.9453168
117879,Overweight,40-59,0,0.95786379
117882,Overweight,60+,0,0.95786379
117884,Obese,60+,0,1.07822199
117887,Overweight,18-39,0,0.95786379
117894,Obese,40-59,0,1.07822199
117897,Normal,18-39,0,0.9453168
117901,Obese,18-39,0,1.07822199
117907,Overweight,18-39,0,0.95786379
117912,Obese,60+,1,0.58602516
117917,Obese,60+,0,1.07822199
117919,Overweight,18-39,0,0.95786379
117923,Obese,40-59,0,1.07822199
117925,Obese,18-39,0,1.07822199
117934,Normal,60+,0,0.9453168
117946,Obese,18-39,0,1.07822199
117950,Normal,40-59,0,0.9453168
117951,Normal,60+,0,0.9453168
117953,Obese,40-59,1,0.58602516
117964,Overweight,60+,0,0.95786379
117966,Overweight,18-39,0,0.95786379
117974,Normal,18-39,0,0.9453168
117979,Obese,18-39,1,0.58602516
117991,Overweight,40-59,0,0.95786379
117996,Obese,40-59,0,1.07822199
117998,Overweight,40-59,0,0.95786379
117999,Overweight,40-59,0,0.95786379
118000,Normal,40-59,0,0.9453168
118003,Normal,60+,0,0.9453168
118006,Normal,18-39,0,0.9453168
118008,Normal,40-59,0,0.9453168
118018,Overweight,18-39,0,0.95786379
118020,Underweight,18-39,0,0.95074705
118025,Overweight,40-59,0,0.95786379
118026,Overweight,60+,0,0.95786379
118029,Normal,40-59,0,0.9453168
118031,Underweight,40-59,0,0.95074705
118033,Overweight,60+,0,0.95786379
118035,Overweight,40-59,0,0.95786379
118036,Normal,18-39,0,0.9453168
118038,Overweight,60+,0,0.95786379
118040,Overweight,18-39,0,0.95786379
118042,Overweight,40-59,0,0.95786379
118044,Overweight,40-59,0,0.95786379
118049,Overweight,18-39,0,0.95786379
118050,Obese,60+,1,0.58602516
118057,Normal,60+,0,0.9453168
118061,Obese,60+,1,0.58602516
118071,Obese,40-59,0,1.07822199
118072,Obese,40-59,0,1.07822199
118074,Obese,60+,1,0.58602516
118083,Overweight,60+,0,0.95786379
118086,Obese,18-39,0,1.07822199
118103,Obese,40-59,0,1.07822199
118104,Obese,60+,0,1.07822199
118107,Overweight,18-39,0,0.95786379
118108,Normal,60+,0,0.9453168
118115,Overweight,60+,0,0.95786379
118118,Obese,40-59,0,1.07822199
118121,Obese,40-59,0,1.07822199
118123,Obese,60+,0,1.07822199
118124,Obese,60+,0,1.07822199
118125,Obese,40-59,1,0.58602516
118126,Obese,18-39,0,1.07822199
118136,Obese,40-59,0,1.07822199
118138,Overweight,40-59,0,0.95786379
118142,Obese,60+,0,1.07822199
118147,Overweight,18-39,0,0.95786379
118150,Normal,60+,0,0.9453168
118156,Obese,40-59,0,1.07822199
118161,Obese,60+,0,1.07822199
118164,Obese,40-59,0,1.07822199
118172,Normal,40-59,0,0.9453168
118176,Obese,18-39,0,1.07822199
118178,Normal,60+,0,0.9453168
118184,Normal,18-39,0,0.9453168
118185,Obese,18-39,1,0.58602516
118190,Overweight,40-59,0,0.95786379
118191,Overweight,18-39,0,0.95786379
118193,Normal,40-59,0,0.9453168
118197,Normal,60+,0,0.9453168
118201,Normal,18-39,0,0.9453168
118210,Overweight,40-59,0,0.95786379
118211,Obese,40-59,0,1.07822199
118217,Overweight,40-59,0,0.95786379
118220,Overweight,18-39,0,0.95786379
118226,Obese,40-59,0,1.07822199
118234,Obese,40-59,0,1.07822199
118235,Obese,18-39,0,1.07822199
118237,Obese,40-59,1,0.58602516
118239,Overweight,40-59,0,0.95786379
118242,Obese,60+,0,1.07822199
118246,Normal,18-39,0,0.9453168
118248,Overweight,60+,0,0.95786379
118250,Overweight,60+,0,0.95786379
118254,Obese,60+,0,1.07822199
118259,Obese,18-39,0,1.07822199
118262,Overweight,18-39,0,0.95786379
118265,Overweight,18-39,0,0.95786379
118266,Overweight,60+,0,0.95786379
118267,Obese,40-59,0,1.07822199
118269,Overweight,40-59,0,0.95786379
118276,Obese,18-39,0,1.07822199
118279,Overweight,60+,0,0.95786379
118282,Obese,18-39,0,1.07822199
118285,Overweight,60+,0,0.95786379
118286,Obese,40-59,0,1.07822199
118292,Obese,40-59,0,1.07822199
118293,Obese,60+,0,1.07822199
118295,Normal,40-59,0,0.9453168
118298,Obese,60+,0,1.07822199
118299,Overweight,40-59,0,0.95786379
118306,Overweight,18-39,0,0.95786379
118315,Normal,18-39,0,0.9453168
118319,Obese,18-39,0,1.07822199
118322,Overweight,60+,1,1.74929165
118328,Overweight,60+,0,0.95786379
118336,Obese,60+,0,1.07822199
118337,Underweight,18-39,0,0.95074705
118340,Obese,18-39,0,1.07822199
118342,Normal,40-59,0,0.9453168
118344,Obese,40-59,0,1.07822199
118348,Overweight,60+,0,0.95786379
118351,Obese,60+,0,1.07822199
118352,Overweight,60+,0,0.95786379
118358,Overweight,40-59,0,0.95786379
118362,Obese,60+,0,1.07822199
118369,Obese,40-59,0,1.07822199
118370,Obese,40-59,0,1.07822199
118374,Overweight,18-39,0,0.95786379
118375,Obese,18-39,0,1.07822199
118381,Obese,40-59,0,1.07822199
118382,Overweight,60+,0,0.95786379
118385,Normal,18-39,0,0.9453168
118386,Obese,40-59,1,0.58602516
118387,Normal,60+,0,0.9453168
118406,Overweight,40-59,0,0.95786379
118407,Normal,40-59,0,0.9453168
118408,Obese,18-39,1,0.58602516
118409,Obese,18-39,0,1.07822199
118411,Obese,60+,0,1.07822199
118416,Overweight,60+,0,0.95786379
118418,Normal,40-59,0,0.9453168
118423,Obese,40-59,0,1.07822199
118432,Underweight,18-39,0,0.95074705
118435,Obese,60+,0,1.07822199
118436,Underweight,60+,1,2.0178943
118442,Overweight,18-39,0,0.95786379
118451,Obese,18-39,1,0.58602516
118452,Overweight,60+,0,0.95786379
118457,Normal,60+,0,0.9453168
118458,Overweight,60+,0,0.95786379
118459,Overweight,60+,0,0.95786379
118460,Overweight,18-39,0,0.95786379
118464,Obese,40-59,0,1.07822199
118465,Normal,18-39,0,0.9453168
118466,Normal,60+,0,0.9453168
118471,Normal,60+,0,0.9453168
118476,Obese,40-59,0,1.07822199
118479,Overweight,60+,0,0.95786379
118482,Obese,18-39,0,1.07822199
118484,Obese,40-59,0,1.07822199
118486,Overweight,18-39,0,0.95786379
118494,Normal,40-59,0,0.9453168
118496,Obese,40-59,0,1.07822199
118500,Obese,40-59,0,1.07822199
118503,Overweight,18-39,0,0.95786379
118512,Obese,40-59,0,1.07822199
118513,Obese,60+,0,1.07822199
118514,Overweight,40-59,0,0.95786379
118520,Overweight,60+,1,1.74929165
118522,Overweight,60+,0,0.95786379
118523,Overweight,40-59,0,0.95786379
118525,Obese,60+,0,1.07822199
118532,Overweight,60+,0,0.95786379
118533,Overweight,60+,0,0.95786379
118536,Normal,60+,0,0.9453168
118537,Normal,18-39,0,0.9453168
118541,Obese,40-59,0,1.07822199
118548,Normal,18-39,0,0.9453168
118550,Obese,18-39,0,1.07822199
118552,Obese,18-39,0,1.07822199
118553,Normal,40-59,0,0.9453168
118554,Overweight,40-59,0,0.95786379
118563,Obese,40-59,0,1.07822199
118564,Obese,60+,1,0.58602516
118565,Overweight,40-59,0,0.95786379
118569,Obese,60+,1,0.58602516
118573,Overweight,40-59,0,0.95786379
118579,Normal,60+,0,0.9453168
118588,Obese,60+,1,0.58602516
118595,Overweight,60+,0,0.95786379
118601,Obese,40-59,0,1.07822199
118604,Overweight,40-59,1,1.74929165
118605,Overweight,18-39,0,0.95786379
118607,Obese,40-59,0,1.07822199
118610,Normal,40-59,0,0.9453168
118611,Overweight,40-59,0,0.95786379
118616,Overweight,18-39,0,0.95786379
118618,Obese,40-59,1,0.58602516
118621,Obese,40-59,0,1.07822199
118622,Obese,60+,0,1.07822199
118623,Normal,60+,0,0.9453168
118624,Overweight,18-39,0,0.95786379
118628,Obese,40-59,0,1.07822199
118636,Obese,60+,0,1.07822199
118638,Normal,60+,0,0.9453168
118640,Overweight,40-59,0,0.95786379
118648,Overweight,40-59,0,0.95786379
118650,Obese,18-39,0,1.07822199
118651,Overweight,40-59,0,0.95786379
118654,Overweight,18-39,0,0.95786379
118655,Obese,40-59,0,1.07822199
118669,Overweight,18-39,0,0.95786379
118673,Overweight,18-39,0,0.95786379
118675,Overweight,40-59,0,0.95786379
118682,Normal,40-59,0,0.9453168
118687,Overweight,40-59,0,0.95786379
118692,Obese,60+,0,1.07822199
118693,Normal,40-59,0,0.9453168
118697,Normal,40-59,0,0.9453168
118712,Obese,18-39,0,1.07822199
118721,Obese,60+,0,1.07822199
118722,Obese,60+,0,1.07822199
118727,Obese,60+,0,1.07822199
118729,Obese,40-59,1,0.58602516
118731,Normal,60+,0,0.9453168
118732,Overweight,40-59,0,0.95786379
118734,Normal,18-39,0,0.9453168
118743,Obese,60+,0,1.07822199
118750,Overweight,18-39,0,0.95786379
118752,Overweight,18-39,0,0.95786379
118758,Obese,60+,0,1.07822199
118759,Obese,18-39,1,0.58602516
118766,Obese,18-39,0,1.07822199
118767,Normal,60+,0,0.9453168
118775,Overweight,40-59,0,0.95786379
118776,Overweight,40-59,0,0.95786379
118781,Obese,40-59,0,1.07822199
118783,Overweight,60+,0,0.95786379
118784,Obese,18-39,0,1.07822199
118786,Normal,40-59,0,0.9453168
118791,Obese,18-39,0,1.07822199
118792,Overweight,60+,0,0.95786379
118797,Overweight,18-39,1,1.74929165
118802,Obese,18-39,0,1.07822199
118804,Obese,18-39,0,1.07822199
118805,Obese,40-59,0,1.07822199
118810,Overweight,18-39,0,0.95786379
118811,Normal,18-39,0,0.9453168
118813,Obese,60+,0,1.07822199
118815,Obese,40-59,0,1.07822199
118816,Overweight,18-39,0,0.95786379
118834,Overweight,40-59,0,0.95786379
118840,Normal,18-39,0,0.9453168
118841,Normal,40-59,0,0.9453168
118857,Obese,60+,0,1.07822199
118861,Obese,60+,1,0.58602516
118871,Overweight,60+,0,0.95786379
118872,Overweight,60+,0,0.95786379
118879,Normal,18-39,0,0.9453168
118890,Obese,60+,1,0.58602516
118895,Underweight,18-39,0,0.95074705
118897,Obese,40-59,0,1.07822199
118899,Obese,60+,0,1.07822199
118904,Obese,18-39,0,1.07822199
118906,Obese,60+,0,1.07822199
118914,Normal,60+,0,0.9453168
118915,Normal,40-59,0,0.9453168
118924,Overweight,40-59,0,0.95786379
118929,Overweight,40-59,1,1.74929165
118935,Obese,60+,0,1.07822199
118942,Normal,18-39,0,0.9453168
118943,Obese,18-39,0,1.07822199
118944,Underweight,40-59,0,0.95074705
118951,Obese,40-59,0,1.07822199
118952,Normal,18-39,0,0.9453168
118953,Obese,60+,0,1.07822199
118954,Obese,60+,1,0.58602516
118962,Obese,60+,0,1.07822199
118980,Overweight,40-59,0,0.95786379
118981,Normal,18-39,0,0.9453168
118986,Obese,40-59,0,1.07822199
118989,Normal,40-59,0,0.9453168
118991,Normal,18-39,0,0.9453168
118999,Obese,60+,0,1.07822199
119009,Overweight,60+,0,0.95786379
119013,Overweight,60+,0,0.95786379
119022,Overweight,60+,0,0.95786379
119029,Overweight,40-59,0,0.95786379
119030,Normal,60+,0,0.9453168
119040,Overweight,60+,0,0.95786379
119041,Obese,18-39,0,1.07822199
119044,Obese,40-59,0,1.07822199
119053,Overweight,40-59,0,0.95786379
119055,Normal,60+,0,0.9453168
119056,Obese,60+,0,1.07822199
119067,Normal,40-59,0,0.9453168
119068,Obese,40-59,1,0.58602516
119070,Overweight,18-39,0,0.95786379
119075,Normal,40-59,0,0.9453168
119076,Obese,60+,0,1.07822199
119077,Obese,40-59,0,1.07822199
119082,Overweight,60+,1,1.74929165
119083,Obese,60+,0,1.07822199
119092,Normal,60+,0,0.9453168
119094,Obese,40-59,0,1.07822199
119102,Obese,60+,0,1.07822199
119104,Obese,18-39,0,1.07822199
119105,Obese,40-59,0,1.07822199
119126,Normal,60+,0,0.9453168
119128,Obese,18-39,0,1.07822199
119133,Normal,18-39,0,0.9453168
119139,Overweight,60+,0,0.95786379
119142,Overweight,60+,0,0.95786379
119146,Obese,18-39,0,1.07822199
119149,Normal,40-59,0,0.9453168
119152,Underweight,40-59,0,0.95074705
119155,Obese,60+,1,0.58602516
119156,Normal,18-39,0,0.9453168
119158,Obese,40-59,0,1.07822199
119160,Obese,60+,0,1.07822199
119164,Obese,60+,0,1.07822199
119166,Overweight,40-59,0,0.95786379
119167,Normal,18-39,0,0.9453168
119172,Normal,60+,0,0.9453168
119175,Obese,40-59,1,0.58602516
119179,Overweight,60+,0,0.95786379
119186,Normal,60+,0,0.9453168
119189,Obese,60+,0,1.07822199
119192,Obese,40-59,0,1.07822199
119193,Overweight,40-59,0,0.95786379
119194,Overweight,40-59,0,0.95786379
119197,Obese,60+,0,1.07822199
119201,Obese,18-39,0,1.07822199
119207,Normal,40-59,0,0.9453168
119211,Normal,60+,0,0.9453168
119216,Overweight,40-59,0,0.95786379
119219,Normal,60+,0,0.9453168
119230,Overweight,60+,0,0.95786379
119232,Normal,40-59,0,0.9453168
119245,Overweight,40-59,0,0.95786379
119257,Obese,40-59,0,1.07822199
119261,Obese,18-39,1,0.58602516
119262,Obese,40-59,1,0.58602516
119265,Obese,60+,1,0.58602516
119266,Overweight,40-59,0,0.95786379
119267,Normal,60+,0,0.9453168
119269,Normal,60+,0,0.9453168
119299,Overweight,40-59,0,0.95786379
119300,Overweight,40-59,0,0.95786379
119313,Obese,60+,0,1.07822199
119323,Overweight,40-59,1,1.74929165
119326,Overweight,40-59,0,0.95786379
119328,Normal,18-39,0,0.9453168
119335,Normal,60+,0,0.9453168
119340,Obese,18-39,0,1.07822199
119345,Normal,18-39,0,0.9453168
119350,Normal,40-59,0,0.9453168
119354,Obese,18-39,0,1.07822199
119356,Normal,60+,0,0.9453168
119357,Normal,18-39,0,0.9453168
119358,Overweight,40-59,1,1.74929165
119363,Normal,60+,0,0.9453168
119364,Overweight,60+,0,0.95786379
119367,Normal,60+,1,2.28972321
119369,Overweight,60+,0,0.95786379
119370,Obese,60+,0,1.07822199
119381,Overweight,60+,0,0.95786379
119382,Normal,60+,0,0.9453168
119385,Obese,40-59,0,1.07822199
119399,Overweight,60+,0,0.95786379
119405,Overweight,40-59,0,0.95786379
119406,Obese,60+,0,1.07822199
119407,Normal,40-59,0,0.9453168
119418,Obese,18-39,0,1.07822199
119422,Underweight,40-59,0,0.95074705
119430,Obese,40-59,0,1.07822199
119434,Overweight,60+,0,0.95786379
119438,Obese,18-39,0,1.07822199
119442,Obese,40-59,0,1.07822199
119443,Obese,18-39,0,1.07822199
119453,Normal,18-39,0,0.9453168
119461,Normal,40-59,0,0.9453168
119466,Overweight,60+,0,0.95786379
119467,Normal,18-39,0,0.9453168
119470,Normal,18-39,0,0.9453168
119478,Obese,40-59,0,1.07822199
119480,Normal,18-39,0,0.9453168
119487,Overweight,40-59,0,0.95786379
119491,Normal,60+,0,0.9453168
119497,Normal,18-39,0,0.9453168
119499,Overweight,40-59,0,0.95786379
119501,Obese,18-39,0,1.07822199
119508,Normal,18-39,0,0.9453168
119510,Obese,40-59,0,1.07822199
119512,Normal,60+,0,0.9453168
119523,Normal,18-39,0,0.9453168
119537,Normal,18-39,0,0.9453168
119543,Normal,40-59,0,0.9453168
119544,Obese,60+,1,0.58602516
119547,Obese,60+,0,1.07822199
119551,Overweight,40-59,0,0.95786379
119559,Overweight,40-59,0,0.95786379
119565,Normal,40-59,0,0.9453168
119567,Obese,60+,1,0.58602516
119569,Overweight,18-39,0,0.95786379
119575,Overweight,18-39,0,0.95786379
119580,Normal,18-39,0,0.9453168
119581,Overweight,40-59,0,0.95786379
119583,Normal,18-39,0,0.9453168
119584,Obese,40-59,0,1.07822199
119590,Overweight,40-59,0,0.95786379
119591,Obese,60+,0,1.07822199
119592,Obese,60+,0,1.07822199
119594,Overweight,40-59,0,0.95786379
119597,Overweight,40-59,0,0.95786379
119603,Normal,18-39,0,0.9453168
119605,Normal,60+,0,0.9453168
119606,Normal,60+,0,0.9453168
119608,Obese,18-39,0,1.07822199
119613,Normal,18-39,0,0.9453168
119617,Normal,60+,0,0.9453168
119618,Overweight,60+,0,0.95786379
119619,Obese,18-39,0,1.07822199
119624,Obese,40-59,0,1.07822199
119626,Normal,18-39,0,0.9453168
119632,Overweight,60+,0,0.95786379
119636,Obese,60+,0,1.07822199
119640,Normal,60+,0,0.9453168
119642,Obese,40-59,0,1.07822199
119644,Obese,40-59,0,1.07822199
119651,Normal,60+,0,0.9453168
119653,Normal,18-39,0,0.9453168
119659,Obese,40-59,0,1.07822199
119667,Obese,18-39,0,1.07822199
119669,Overweight,60+,0,0.95786379
119678,Obese,60+,0,1.07822199
119679,Overweight,18-39,0,0.95786379
119681,Obese,60+,0,1.07822199
119683,Overweight,60+,0,0.95786379
119687,Normal,18-39,0,0.9453168
119688,Overweight,40-59,0,0.95786379
119693,Obese,18-39,0,1.07822199
119694,Normal,18-39,0,0.9453168
119695,Overweight,60+,0,0.95786379
119696,Obese,40-59,0,1.07822199
119702,Normal,18-39,0,0.9453168
119703,Obese,40-59,1,0.58602516
119708,Normal,60+,0,0.9453168
119712,Obese,60+,0,1.07822199
119716,Obese,60+,1,0.58602516
119727,Underweight,18-39,0,0.95074705
119734,Overweight,60+,0,0.95786379
119735,Obese,60+,0,1.07822199
119737,Obese,18-39,0,1.07822199
119738,Obese,60+,0,1.07822199
119742,Overweight,18-39,0,0.95786379
119745,Obese,40-59,1,0.58602516
119746,Overweight,40-59,0,0.95786379
119750,Normal,60+,0,0.9453168
119752,Obese,60+,0,1.07822199
119753,Obese,40-59,1,0.58602516
119755,Normal,60+,0,0.9453168
119758,Obese,18-39,0,1.07822199
119761,Overweight,18-39,0,0.95786379
119762,Obese,60+,0,1.07822199
119769,Overweight,60+,0,0.95786379
119772,Overweight,18-39,0,0.95786379
119777,Obese,60+,0,1.07822199
119779,Overweight,60+,0,0.95786379
119780,Obese,40-59,0,1.07822199
119781,Obese,40-59,0,1.07822199
119788,Overweight,60+,0,0.95786379
119791,Normal,60+,0,0.9453168
119795,Normal,60+,0,0.9453168
119798,Obese,60+,0,1.07822199
119800,Obese,40-59,1,0.58602516
119801,Obese,40-59,0,1.07822199
119802,Obese,18-39,0,1.07822199
119810,Overweight,18-39,0,0.95786379
119814,Overweight,60+,0,0.95786379
119815,Normal,18-39,0,0.9453168
119817,Overweight,40-59,0,0.95786379
119821,Overweight,60+,0,0.95786379
119825,Overweight,40-59,0,0.95786379
119829,Obese,18-39,0,1.07822199
119832,Overweight,40-59,0,0.95786379
119834,Obese,40-59,0,1.07822199
119839,Obese,60+,0,1.07822199
119841,Obese,40-59,0,1.07822199
119842,Obese,40-59,0,1.07822199
119843,Obese,40-59,0,1.07822199
119852,Overweight,40-59,0,0.95786379
119855,Overweight,40-59,0,0.95786379
119859,Obese,18-39,0,1.07822199
119871,Obese,18-39,1,0.58602516
119873,Overweight,18-39,0,0.95786379
119875,Normal,18-39,1,2.28972321
119880,Normal,18-39,0,0.9453168
119882,Obese,18-39,0,1.07822199
119885,Obese,40-59,0,1.07822199
119886,Obese,60+,0,1.07822199
119887,Normal,18-39,0,0.9453168
119890,Obese,40-59,0,1.07822199
119892,Obese,18-39,0,1.07822199
119896,Obese,40-59,0,1.07822199
119897,Overweight,18-39,0,0.95786379
119898,Underweight,18-39,0,0.95074705
119901,Normal,18-39,0,0.9453168
119908,Obese,18-39,0,1.07822199
119911,Obese,60+,0,1.07822199
119913,Overweight,60+,0,0.95786379
119918,Overweight,60+,0,0.95786379
119928,Normal,40-59,0,0.9453168
119935,Overweight,18-39,0,0.95786379
119937,Obese,18-39,1,0.58602516
119939,Overweight,40-59,0,0.95786379
119941,Normal,60+,0,0.9453168
119944,Obese,60+,1,0.58602516
119947,Overweight,40-59,0,0.95786379
119949,Overweight,18-39,0,0.95786379
119951,Overweight,60+,0,0.95786379
119958,Obese,18-39,0,1.07822199
119959,Overweight,40-59,0,0.95786379
119966,Overweight,60+,0,0.95786379
119972,Obese,60+,0,1.07822199
119980,Normal,18-39,0,0.9453168
119987,Overweight,40-59,0,0.95786379
119988,Underweight,18-39,0,0.95074705
119989,Overweight,18-39,0,0.95786379
119994,Normal,40-59,0,0.9453168
119995,Normal,18-39,0,0.9453168
119996,Overweight,40-59,1,1.74929165
119997,Obese,18-39,0,1.07822199
120000,Obese,18-39,0,1.07822199
120003,Obese,40-59,0,1.07822199
120010,Obese,60+,0,1.07822199
120013,Obese,60+,0,1.07822199
120016,Obese,18-39,1,0.58602516
120021,Obese,40-59,0,1.07822199
120026,Underweight,60+,0,0.95074705
120027,Overweight,18-39,0,0.95786379
120039,Normal,18-39,0,0.9453168
120040,Obese,60+,0,1.07822199
120041,Overweight,60+,0,0.95786379
120043,Overweight,40-59,0,0.95786379
120048,Normal,18-39,0,0.9453168
120049,Overweight,60+,0,0.95786379
120055,Normal,18-39,0,0.9453168
120056,Obese,40-59,0,1.07822199
120062,Obese,60+,0,1.07822199
120064,Obese,60+,1,0.58602516
120076,Obese,40-59,0,1.07822199
120078,Obese,60+,0,1.07822199
120079,Overweight,18-39,0,0.95786379
120084,Normal,18-39,0,0.9453168
120099,Obese,18-39,0,1.07822199
120119,Overweight,60+,0,0.95786379
120126,Obese,18-39,1,0.58602516
120129,Normal,18-39,0,0.9453168
120131,Underweight,40-59,0,0.95074705
120137,Overweight,18-39,0,0.95786379
120142,Normal,40-59,0,0.9453168
120145,Obese,18-39,0,1.07822199
120150,Overweight,60+,0,0.95786379
120153,Overweight,18-39,0,0.95786379
120154,Underweight,18-39,0,0.95074705
120156,Normal,60+,0,0.9453168
120160,Obese,18-39,0,1.07822199
120165,Underweight,40-59,0,0.95074705
120173,Obese,40-59,0,1.07822199
120177,Overweight,60+,0,0.95786379
120178,Obese,18-39,0,1.07822199
120179,Normal,18-39,0,0.9453168
120180,Obese,60+,1,0.58602516
120183,Obese,40-59,0,1.07822199
120188,Obese,18-39,0,1.07822199
120196,Overweight,40-59,0,0.95786379
120197,Overweight,40-59,0,0.95786379
120198,Obese,18-39,0,1.07822199
120204,Obese,40-59,0,1.07822199
120211,Overweight,40-59,0,0.95786379
120212,Overweight,60+,0,0.95786379
120214,Normal,60+,0,0.9453168
120223,Normal,60+,0,0.9453168
120224,Overweight,60+,0,0.95786379
120241,Obese,60+,0,1.07822199
120246,Overweight,18-39,0,0.95786379
120251,Obese,60+,0,1.07822199
120257,Overweight,60+,0,0.95786379
120258,Overweight,40-59,0,0.95786379
120259,Obese,60+,0,1.07822199
120278,Overweight,60+,0,0.95786379
120279,Normal,40-59,0,0.9453168
120283,Normal,18-39,0,0.9453168
120285,Normal,60+,0,0.9453168
120286,Overweight,60+,0,0.95786379
120291,Normal,18-39,0,0.9453168
120296,Overweight,40-59,0,0.95786379
120300,Obese,60+,1,0.58602516
120307,Overweight,60+,0,0.95786379
120311,Obese,60+,0,1.07822199
120322,Obese,60+,0,1.07822199
120325,Obese,18-39,0,1.07822199
120327,Obese,60+,0,1.07822199
120329,Normal,40-59,0,0.9453168
120332,Obese,60+,0,1.07822199
120334,Overweight,18-39,0,0.95786379
120336,Overweight,40-59,0,0.95786379
120338,Obese,60+,0,1.07822199
120340,Overweight,60+,0,0.95786379
120343,Overweight,60+,0,0.95786379
120345,Overweight,60+,0,0.95786379
120346,Obese,40-59,1,0.58602516
120350,Overweight,40-59,0,0.95786379
120352,Normal,60+,0,0.9453168
120355,Underweight,18-39,0,0.95074705
120358,Obese,40-59,0,1.07822199
120363,Normal,40-59,0,0.9453168
120364,Obese,60+,0,1.07822199
120369,Overweight,60+,0,0.95786379
120371,Normal,60+,0,0.9453168
120373,Obese,18-39,0,1.07822199
120376,Obese,40-59,0,1.07822199
120379,Overweight,60+,0,0.95786379
120380,Obese,18-39,0,1.07822199
120381,Overweight,60+,0,0.95786379
120382,Overweight,40-59,0,0.95786379
120384,Obese,60+,0,1.07822199
120386,Obese,18-39,0,1.07822199
120387,Overweight,60+,0,0.95786379
120395,Obese,18-39,0,1.07822199
120400,Overweight,18-39,0,0.95786379
120401,Underweight,60+,0,0.95074705
120403,Obese,40-59,0,1.07822199
120405,Normal,18-39,0,0.9453168
120407,Overweight,40-59,0,0.95786379
120412,Obese,40-59,1,0.58602516
120413,Obese,18-39,0,1.07822199
120414,Normal,18-39,0,0.9453168
120416,Overweight,60+,0,0.95786379
120418,Obese,18-39,0,1.07822199
120419,Obese,60+,0,1.07822199
120420,Overweight,40-59,0,0.95786379
120422,Obese,18-39,1,0.58602516
120428,Obese,40-59,0,1.07822199
120440,Overweight,40-59,0,0.95786379
120441,Normal,18-39,0,0.9453168
120451,Normal,18-39,0,0.9453168
120454,Overweight,40-59,0,0.95786379
120455,Overweight,60+,0,0.95786379
120456,Obese,40-59,0,1.07822199
120458,Obese,18-39,0,1.07822199
120461,Overweight,18-39,0,0.95786379
120462,Normal,60+,0,0.9453168
120467,Obese,40-59,0,1.07822199
120468,Overweight,60+,0,0.95786379
120478,Overweight,60+,0,0.95786379
120480,Obese,40-59,0,1.07822199
120481,Overweight,18-39,0,0.95786379
120484,Overweight,18-39,0,0.95786379
120491,Overweight,18-39,0,0.95786379
120494,Normal,18-39,0,0.9453168
120498,Normal,18-39,0,0.9453168
120500,Overweight,40-59,0,0.95786379
120510,Overweight,40-59,0,0.95786379
120519,Obese,18-39,0,1.07822199
120521,Obese,60+,0,1.07822199
120522,Normal,60+,0,0.9453168
120523,Normal,18-39,0,0.9453168
120535,Obese,60+,0,1.07822199
120538,Overweight,40-59,0,0.95786379
120542,Normal,40-59,0,0.9453168
120544,Overweight,60+,0,0.95786379
120545,Obese,40-59,0,1.07822199
120553,Overweight,18-39,0,0.95786379
120556,Overweight,60+,0,0.95786379
120557,Normal,60+,0,0.9453168
120563,Obese,60+,0,1.07822199
120571,Normal,40-59,0,0.9453168
120573,Obese,40-59,0,1.07822199
120577,Obese,40-59,0,1.07822199
120581,Overweight,18-39,0,0.95786379
120584,Overweight,60+,1,1.74929165
120590,Normal,60+,0,0.9453168
120597,Overweight,60+,0,0.95786379
120603,Normal,60+,0,0.9453168
120607,Obese,40-59,0,1.07822199
120609,Normal,18-39,0,0.9453168
120610,Overweight,40-59,0,0.95786379
120611,Overweight,60+,0,0.95786379
120623,Overweight,18-39,0,0.95786379
120629,Normal,18-39,0,0.9453168
120631,Overweight,40-59,0,0.95786379
120647,Obese,60+,0,1.07822199
120652,Overweight,60+,0,0.95786379
120653,Normal,60+,0,0.9453168
120654,Overweight,18-39,0,0.95786379
120661,Normal,18-39,0,0.9453168
120662,Obese,40-59,0,1.07822199
120676,Overweight,40-59,0,0.95786379
120684,Normal,18-39,0,0.9453168
120687,Normal,18-39,0,0.9453168
120694,Overweight,40-59,0,0.95786379
120696,Obese,18-39,0,1.07822199
120710,Obese,40-59,0,1.07822199
120717,Obese,18-39,0,1.07822199
120720,Overweight,40-59,0,0.95786379
120723,Obese,18-39,0,1.07822199
120727,Obese,18-39,1,0.58602516
120731,Overweight,18-39,0,0.95786379
120734,Obese,60+,0,1.07822199
120738,Overweight,60+,0,0.95786379
120742,Obese,60+,0,1.07822199
120743,Overweight,60+,0,0.95786379
120745,Overweight,18-39,0,0.95786379
120747,Overweight,60+,0,0.95786379
120752,Overweight,60+,0,0.95786379
120762,Obese,60+,0,1.07822199
120769,Obese,40-59,0,1.07822199
120770,Underweight,40-59,1,2.0178943
120778,Obese,18-39,0,1.07822199
120779,Obese,40-59,0,1.07822199
120780,Normal,40-59,0,0.9453168
120784,Obese,40-59,0,1.07822199
120794,Normal,40-59,0,0.9453168
120804,Overweight,40-59,0,0.95786379
120817,Overweight,40-59,1,1.74929165
120821,Overweight,60+,1,1.74929165
120825,Obese,40-59,0,1.07822199
120828,Normal,60+,0,0.9453168
120832,Obese,60+,0,1.07822199
120838,Normal,60+,1,2.28972321
120842,Overweight,18-39,0,0.95786379
120846,Obese,40-59,0,1.07822199
120862,Normal,60+,0,0.9453168
120870,Normal,60+,0,0.9453168
120873,Overweight,60+,0,0.95786379
120874,Overweight,18-39,0,0.95786379
120876,Overweight,18-39,0,0.95786379
120880,Overweight,18-39,0,0.95786379
120882,Normal,18-39,0,0.9453168
120885,Overweight,60+,0,0.95786379
120894,Obese,18-39,0,1.07822199
120904,Obese,60+,1,0.58602516
120905,Overweight,60+,0,0.95786379
120917,Overweight,60+,0,0.95786379
120921,Obese,18-39,0,1.07822199
120922,Obese,40-59,0,1.07822199
120927,Obese,40-59,0,1.07822199
120928,Normal,18-39,0,0.9453168
120933,Overweight,60+,0,0.95786379
120936,Obese,60+,1,0.58602516
120939,Obese,60+,0,1.07822199
120953,Obese,60+,0,1.07822199
120960,Obese,60+,0,1.07822199
120962,Overweight,40-59,0,0.95786379
120967,Obese,40-59,0,1.07822199
120969,Obese,40-59,1,0.58602516
120973,Overweight,60+,0,0.95786379
120987,Obese,40-59,0,1.07822199
120991,Overweight,18-39,0,0.95786379
121000,Overweight,40-59,0,0.95786379
121001,Overweight,60+,0,0.95786379
121005,Obese,60+,0,1.07822199
121008,Normal,40-59,0,0.9453168
121015,Obese,18-39,0,1.07822199
121022,Overweight,18-39,0,0.95786379
121023,Overweight,60+,0,0.95786379
121032,Normal,18-39,0,0.9453168
121038,Overweight,40-59,0,0.95786379
121041,Obese,40-59,1,0.58602516
121043,Obese,18-39,0,1.07822199
121045,Obese,18-39,0,1.07822199
121047,Normal,60+,0,0.9453168
121052,Obese,18-39,0,1.07822199
121057,Overweight,18-39,0,0.95786379
121058,Overweight,40-59,0,0.95786379
121060,Normal,18-39,0,0.9453168
121061,Normal,60+,1,2.28972321
121063,Obese,40-59,0,1.07822199
121064,Obese,40-59,0,1.07822199
121069,Obese,18-39,0,1.07822199
121071,Overweight,18-39,0,0.95786379
121073,Overweight,60+,1,1.74929165
121083,Obese,18-39,0,1.07822199
121088,Obese,18-39,0,1.07822199
121089,Overweight,60+,0,0.95786379
121091,Normal,18-39,0,0.9453168
121095,Obese,60+,0,1.07822199
121098,Overweight,40-59,0,0.95786379
121101,Obese,18-39,0,1.07822199
121102,Overweight,40-59,0,0.95786379
121105,Obese,40-59,0,1.07822199
121106,Overweight,60+,0,0.95786379
121110,Overweight,40-59,0,0.95786379
121117,Obese,40-59,0,1.07822199
121120,Obese,40-59,1,0.58602516
121122,Overweight,40-59,0,0.95786379
121123,Obese,40-59,0,1.07822199
121134,Obese,40-59,0,1.07822199
121135,Obese,40-59,0,1.07822199
121136,Normal,60+,0,0.9453168
121139,Obese,18-39,1,0.58602516
121146,Normal,18-39,0,0.9453168
121147,Overweight,40-59,0,0.95786379
121149,Obese,40-59,0,1.07822199
121156,Obese,40-59,1,0.58602516
121172,Obese,60+,0,1.07822199
121175,Normal,60+,0,0.9453168
121176,Obese,60+,0,1.07822199
121177,Normal,18-39,0,0.9453168
121178,Obese,60+,0,1.07822199
121182,Overweight,40-59,0,0.95786379
121185,Overweight,40-59,0,0.95786379
121187,Obese,60+,0,1.07822199
121188,Normal,18-39,0,0.9453168
121197,Obese,60+,0,1.07822199
121199,Normal,18-39,0,0.9453168
121201,Obese,18-39,0,1.07822199
121204,Normal,60+,0,0.9453168
121205,Overweight,60+,0,0.95786379
121207,Underweight,60+,0,0.95074705
121215,Normal,18-39,0,0.9453168
121219,Overweight,40-59,0,0.95786379
121220,Overweight,18-39,0,0.95786379
121228,Normal,18-39,0,0.9453168
121235,Overweight,18-39,0,0.95786379
121237,Obese,60+,0,1.07822199
121246,Obese,40-59,0,1.07822199
121249,Overweight,60+,0,0.95786379
121253,Overweight,40-59,0,0.95786379
121254,Normal,40-59,0,0.9453168
121269,Obese,40-59,0,1.07822199
121277,Obese,60+,0,1.07822199
121284,Obese,40-59,0,1.07822199
121286,Obese,18-39,0,1.07822199
121287,Overweight,60+,0,0.95786379
121293,Obese,18-39,0,1.07822199
121294,Obese,60+,0,1.07822199
121295,Normal,60+,0,0.9453168
121296,Overweight,40-59,0,0.95786379
121299,Obese,60+,0,1.07822199
121303,Overweight,40-59,0,0.95786379
121309,Overweight,60+,0,0.95786379
121311,Overweight,18-39,0,0.95786379
121313,Overweight,40-59,0,0.95786379
121315,Obese,40-59,0,1.07822199
121319,Obese,40-59,0,1.07822199
121321,Obese,60+,1,0.58602516
121322,Overweight,60+,0,0.95786379
121325,Overweight,40-59,0,0.95786379
121326,Overweight,60+,0,0.95786379
121329,Normal,60+,1,2.28972321
121334,Normal,60+,0,0.9453168
121335,Obese,18-39,0,1.07822199
121336,Obese,60+,1,0.58602516
121340,Normal,18-39,0,0.9453168
121345,Obese,18-39,0,1.07822199
121346,Overweight,40-59,0,0.95786379
121348,Obese,40-59,0,1.07822199
121350,Obese,40-59,0,1.07822199
121353,Overweight,60+,0,0.95786379
121361,Underweight,40-59,0,0.95074705
121364,Obese,18-39,0,1.07822199
121368,Normal,40-59,0,0.9453168
121371,Overweight,18-39,0,0.95786379
121378,Normal,40-59,0,0.9453168
121381,Obese,18-39,0,1.07822199
121383,Overweight,60+,0,0.95786379
121391,Obese,60+,0,1.07822199
121395,Obese,40-59,1,0.58602516
121398,Normal,60+,0,0.9453168
121405,Normal,18-39,0,0.9453168
121406,Overweight,60+,0,0.95786379
121410,Obese,60+,0,1.07822199
121415,Normal,60+,0,0.9453168
121417,Normal,40-59,0,0.9453168
121422,Obese,18-39,0,1.07822199
121424,Normal,40-59,0,0.9453168
121425,Obese,40-59,0,1.07822199
121428,Overweight,18-39,0,0.95786379
121432,Normal,60+,0,0.9453168
121435,Normal,18-39,0,0.9453168
121441,Normal,18-39,0,0.9453168
121442,Obese,60+,1,0.58602516
121443,Normal,40-59,0,0.9453168
121453,Overweight,18-39,0,0.95786379
121457,Obese,60+,0,1.07822199
121460,Obese,40-59,1,0.58602516
121461,Obese,40-59,0,1.07822199
121462,Overweight,60+,1,1.74929165
121464,Obese,18-39,0,1.07822199
121465,Obese,60+,0,1.07822199
121473,Normal,60+,1,2.28972321
121476,Normal,40-59,0,0.9453168
121480,Obese,60+,1,0.58602516
121481,Obese,18-39,0,1.07822199
121483,Normal,18-39,0,0.9453168
121484,Overweight,40-59,0,0.95786379
121485,Normal,18-39,0,0.9453168
121489,Obese,60+,0,1.07822199
121490,Normal,18-39,0,0.9453168
121494,Obese,60+,0,1.07822199
121506,Obese,40-59,0,1.07822199
121508,Normal,60+,0,0.9453168
121519,Normal,60+,0,0.9453168
121520,Overweight,40-59,0,0.95786379
121525,Overweight,60+,0,0.95786379
121530,Obese,18-39,0,1.07822199
121533,Overweight,18-39,0,0.95786379
121534,Overweight,18-39,0,0.95786379
121540,Overweight,40-59,0,0.95786379
121543,Obese,60+,0,1.07822199
121544,Obese,40-59,0,1.07822199
121550,Normal,18-39,0,0.9453168
121551,Overweight,60+,0,0.95786379
121554,Overweight,18-39,0,0.95786379
121556,Obese,60+,0,1.07822199
121558,Normal,18-39,0,0.9453168
121565,Obese,18-39,0,1.07822199
121569,Overweight,60+,0,0.95786379
121570,Normal,40-59,0,0.9453168
121576,Overweight,40-59,0,0.95786379
121579,Overweight,40-59,0,0.95786379
121585,Normal,40-59,0,0.9453168
121588,Overweight,60+,0,0.95786379
121592,Obese,18-39,0,1.07822199
121597,Overweight,40-59,1,1.74929165
121604,Overweight,18-39,0,0.95786379
121606,Overweight,40-59,0,0.95786379
121607,Overweight,60+,0,0.95786379
121610,Normal,18-39,0,0.9453168
121621,Normal,60+,0,0.9453168
121623,Obese,60+,1,0.58602516
121625,Overweight,60+,0,0.95786379
121631,Overweight,18-39,0,0.95786379
121634,Overweight,40-59,0,0.95786379
121638,Overweight,18-39,0,0.95786379
121644,Overweight,40-59,0,0.95786379
121645,Obese,60+,0,1.07822199
121647,Normal,60+,0,0.9453168
121648,Obese,60+,0,1.07822199
121650,Overweight,18-39,0,0.95786379
121653,Overweight,40-59,0,0.95786379
121657,Overweight,40-59,0,0.95786379
121662,Obese,18-39,0,1.07822199
121664,Overweight,40-59,0,0.95786379
121669,Normal,60+,0,0.9453168
121671,Obese,18-39,0,1.07822199
121673,Normal,18-39,0,0.9453168
121674,Normal,18-39,0,0.9453168
121675,Obese,60+,0,1.07822199
121682,Obese,60+,0,1.07822199
121687,Obese,18-39,0,1.07822199
121693,Normal,60+,0,0.9453168
121694,Obese,60+,0,1.07822199
121695,Obese,40-59,0,1.07822199
121700,Obese,40-59,1,0.58602516
121710,Obese,18-39,0,1.07822199
121711,Normal,18-39,0,0.9453168
121728,Obese,60+,1,0.58602516
121730,Obese,40-59,0,1.07822199
121731,Obese,40-59,0,1.07822199
121737,Normal,18-39,0,0.9453168
121738,Normal,40-59,0,0.9453168
121753,Obese,18-39,0,1.07822199
121763,Overweight,40-59,0,0.95786379
121764,Normal,18-39,0,0.9453168
121773,Obese,40-59,0,1.07822199
121774,Obese,60+,0,1.07822199
121775,Overweight,40-59,0,0.95786379
121776,Overweight,40-59,0,0.95786379
121780,Overweight,60+,0,0.95786379
121782,Obese,18-39,1,0.58602516
121786,Obese,40-59,0,1.07822199
121789,Normal,18-39,0,0.9453168
121791,Normal,60+,0,0.9453168
121796,Normal,40-59,0,0.9453168
121809,Normal,18-39,0,0.9453168
121816,Overweight,60+,1,1.74929165
121827,Overweight,60+,0,0.95786379
121828,Overweight,18-39,0,0.95786379
121830,Overweight,60+,0,0.95786379
121836,Normal,18-39,0,0.9453168
121838,Overweight,18-39,0,0.95786379
121840,Obese,60+,0,1.07822199
121841,Obese,18-39,0,1.07822199
121842,Overweight,18-39,0,0.95786379
121847,Obese,60+,0,1.07822199
121848,Obese,18-39,0,1.07822199
121850,Normal,18-39,0,0.9453168
121854,Overweight,18-39,0,0.95786379
121864,Normal,60+,1,2.28972321
121865,Normal,18-39,0,0.9453168
121866,Normal,40-59,0,0.9453168
121872,Obese,60+,0,1.07822199
121876,Normal,40-59,0,0.9453168
121877,Obese,18-39,0,1.07822199
121883,Overweight,60+,0,0.95786379
121891,Obese,40-59,0,1.07822199
121893,Overweight,18-39,0,0.95786379
121894,Normal,40-59,0,0.9453168
121897,Normal,18-39,0,0.9453168
121899,Obese,40-59,0,1.07822199
121906,Obese,18-39,0,1.07822199
121907,Overweight,60+,0,0.95786379
121913,Overweight,18-39,0,0.95786379
121919,Underweight,18-39,0,0.95074705
121920,Normal,18-39,0,0.9453168
121927,Obese,60+,0,1.07822199
121928,Obese,60+,0,1.07822199
121931,Overweight,18-39,0,0.95786379
121944,Overweight,40-59,0,0.95786379
121945,Overweight,60+,0,0.95786379
121948,Normal,40-59,0,0.9453168
121961,Obese,40-59,0,1.07822199
121962,Obese,40-59,1,0.58602516
121964,Overweight,60+,0,0.95786379
121972,Overweight,18-39,0,0.95786379
121974,Overweight,60+,0,0.95786379
121976,Obese,40-59,0,1.07822199
121979,Normal,40-59,0,0.9453168
121981,Overweight,60+,0,0.95786379
121982,Overweight,18-39,0,0.95786379
121985,Obese,18-39,1,0.58602516
121987,Overweight,40-59,0,0.95786379
121989,Normal,60+,0,0.9453168
121993,Normal,60+,0,0.9453168
121995,Normal,40-59,0,0.9453168
121997,Obese,18-39,0,1.07822199
122001,Overweight,40-59,0,0.95786379
122012,Overweight,18-39,0,0.95786379
122013,Normal,60+,0,0.9453168
122018,Normal,18-39,0,0.9453168
122021,Overweight,18-39,0,0.95786379
122023,Normal,40-59,0,0.9453168
122033,Underweight,18-39,0,0.95074705
122035,Normal,18-39,0,0.9453168
122036,Normal,60+,0,0.9453168
122037,Obese,60+,1,0.58602516
122038,Overweight,60+,0,0.95786379
122039,Overweight,40-59,0,0.95786379
122041,Obese,18-39,0,1.07822199
122043,Obese,60+,0,1.07822199
122052,Obese,60+,0,1.07822199
122054,Overweight,40-59,0,0.95786379
122056,Overweight,60+,0,0.95786379
122062,Overweight,18-39,0,0.95786379
122063,Overweight,40-59,0,0.95786379
122074,Overweight,60+,0,0.95786379
122077,Overweight,40-59,0,0.95786379
122078,Normal,60+,0,0.9453168
122093,Normal,18-39,0,0.9453168
122097,Overweight,18-39,0,0.95786379
122101,Obese,40-59,0,1.07822199
122107,Obese,18-39,0,1.07822199
122112,Overweight,18-39,0,0.95786379
122113,Normal,40-59,0,0.9453168
122116,Overweight,18-39,0,0.95786379
122127,Obese,18-39,0,1.07822199
122128,Normal,18-39,0,0.9453168
122129,Normal,60+,0,0.9453168
122139,Overweight,60+,0,0.95786379
122143,Overweight,18-39,0,0.95786379
122150,Overweight,60+,0,0.95786379
122153,Obese,60+,0,1.07822199
122154,Normal,60+,1,2.28972321
122156,Obese,60+,1,0.58602516
122179,Normal,18-39,0,0.9453168
122187,Overweight,60+,0,0.95786379
122188,Normal,40-59,0,0.9453168
122193,Obese,40-59,0,1.07822199
122196,Overweight,18-39,0,0.95786379
122207,Underweight,40-59,0,0.95074705
122209,Normal,18-39,0,0.9453168
122214,Obese,60+,0,1.07822199
122216,Overweight,40-59,0,0.95786379
122217,Obese,40-59,0,1.07822199
122219,Overweight,40-59,0,0.95786379
122222,Obese,18-39,0,1.07822199
122227,Normal,60+,0,0.9453168
122233,Normal,18-39,0,0.9453168
122234,Obese,18-39,0,1.07822199
122239,Normal,18-39,0,0.9453168
122241,Normal,40-59,0,0.9453168
122252,Obese,60+,0,1.07822199
122254,Overweight,18-39,0,0.95786379
122258,Obese,18-39,0,1.07822199
122260,Normal,60+,0,0.9453168
122265,Obese,18-39,0,1.07822199
122266,Normal,40-59,0,0.9453168
122271,Obese,18-39,0,1.07822199
122276,Overweight,18-39,0,0.95786379
122289,Normal,40-59,0,0.9453168
122294,Overweight,18-39,0,0.95786379
122297,Overweight,40-59,0,0.95786379
122301,Normal,18-39,0,0.9453168
122303,Obese,18-39,0,1.07822199
122305,Obese,18-39,1,0.58602516
122315,Normal,60+,0,0.9453168
122323,Obese,40-59,0,1.07822199
122325,Obese,40-59,0,1.07822199
122328,Obese,40-59,0,1.07822199
122333,Obese,18-39,0,1.07822199
122334,Overweight,18-39,0,0.95786379
122337,Normal,60+,0,0.9453168
122338,Obese,18-39,0,1.07822199
122339,Overweight,60+,0,0.95786379
122340,Normal,18-39,0,0.9453168
122343,Obese,60+,0,1.07822199
122350,Normal,18-39,0,0.9453168
122355,Obese,60+,0,1.07822199
122359,Normal,60+,0,0.9453168
122361,Obese,18-39,0,1.07822199
122364,Overweight,18-39,0,0.95786379
122373,Normal,18-39,0,0.9453168
122376,Normal,60+,0,0.9453168
122378,Normal,18-39,0,0.9453168
122379,Overweight,40-59,0,0.95786379
122383,Normal,18-39,0,0.9453168
122384,Obese,40-59,0,1.07822199
122387,Obese,60+,0,1.07822199
122394,Overweight,60+,0,0.95786379
122395,Obese,18-39,0,1.07822199
122405,Overweight,60+,0,0.95786379
122407,Obese,60+,1,0.58602516
122408,Normal,40-59,0,0.9453168
122414,Overweight,40-59,0,0.95786379
122416,Overweight,18-39,0,0.95786379
122417,Obese,60+,0,1.07822199
122421,Normal,18-39,0,0.9453168
122423,Obese,40-59,0,1.07822199
122430,Normal,18-39,0,0.9453168
122431,Overweight,40-59,0,0.95786379
122435,Obese,40-59,0,1.07822199
122442,Normal,60+,0,0.9453168
122448,Normal,40-59,0,0.9453168
122453,Overweight,60+,0,0.95786379
122454,Obese,40-59,0,1.07822199
122460,Normal,18-39,0,0.9453168
122462,Normal,18-39,0,0.9453168
122463,Obese,40-59,0,1.07822199
122468,Overweight,18-39,0,0.95786379
122473,Obese,60+,0,1.07822199
122477,Normal,18-39,0,0.9453168
122478,Overweight,40-59,0,0.95786379
122481,Overweight,18-39,0,0.95786379
122490,Obese,18-39,0,1.07822199
122493,Obese,40-59,0,1.07822199
122496,Obese,60+,0,1.07822199
122500,Normal,18-39,0,0.9453168
122504,Overweight,40-59,0,0.95786379
122511,Overweight,60+,0,0.95786379
122514,Obese,18-39,0,1.07822199
122517,Obese,60+,0,1.07822199
122528,Normal,18-39,0,0.9453168
122535,Obese,18-39,0,1.07822199
122543,Overweight,40-59,0,0.95786379
122546,Overweight,40-59,0,0.95786379
122556,Overweight,40-59,0,0.95786379
122559,Obese,40-59,0,1.07822199
122560,Overweight,60+,0,0.95786379
122563,Obese,18-39,0,1.07822199
122574,Normal,60+,0,0.9453168
122576,Underweight,40-59,0,0.95074705
122578,Obese,18-39,0,1.07822199
122581,Overweight,18-39,0,0.95786379
122587,Normal,40-59,0,0.9453168
122592,Overweight,18-39,0,0.95786379
122594,Normal,40-59,0,0.9453168
122595,Overweight,60+,0,0.95786379
122596,Obese,18-39,0,1.07822199
122597,Overweight,40-59,0,0.95786379
122602,Obese,18-39,0,1.07822199
122608,Obese,18-39,1,0.58602516
122609,Normal,40-59,0,0.9453168
122611,Obese,40-59,0,1.07822199
122612,Normal,60+,0,0.9453168
122617,Obese,18-39,0,1.07822199
122619,Obese,18-39,0,1.07822199
122621,Obese,60+,0,1.07822199
122629,Overweight,60+,0,0.95786379
122630,Obese,18-39,0,1.07822199
122637,Overweight,18-39,0,0.95786379
122643,Obese,18-39,0,1.07822199
122644,Overweight,40-59,0,0.95786379
122647,Obese,60+,0,1.07822199
122656,Normal,18-39,0,0.9453168
122657,Overweight,60+,0,0.95786379
122659,Overweight,18-39,0,0.95786379
122660,Overweight,60+,0,0.95786379
122663,Normal,18-39,0,0.9453168
122664,Overweight,40-59,0,0.95786379
122672,Obese,40-59,0,1.07822199
122676,Obese,40-59,0,1.07822199
122684,Obese,18-39,0,1.07822199
122685,Obese,60+,0,1.07822199
122687,Overweight,18-39,0,0.95786379
122691,Obese,40-59,1,0.58602516
122692,Normal,40-59,0,0.9453168
122698,Normal,18-39,0,0.9453168
122699,Overweight,18-39,0,0.95786379
122703,Overweight,40-59,0,0.95786379
122707,Overweight,18-39,0,0.95786379
122713,Obese,40-59,0,1.07822199
122717,Normal,40-59,0,0.9453168
122720,Obese,40-59,0,1.07822199
122724,Obese,40-59,0,1.07822199
122734,Obese,60+,0,1.07822199
122737,Normal,18-39,0,0.9453168
122746,Overweight,18-39,0,0.95786379
122749,Overweight,60+,0,0.95786379
122759,Normal,40-59,0,0.9453168
122766,Overweight,60+,0,0.95786379
122771,Normal,18-39,0,0.9453168
122780,Normal,60+,0,0.9453168
122781,Obese,60+,0,1.07822199
122784,Normal,40-59,0,0.9453168
122787,Overweight,40-59,1,1.74929165
122789,Obese,60+,0,1.07822199
122790,Overweight,18-39,0,0.95786379
122796,Overweight,60+,0,0.95786379
122803,Normal,60+,0,0.9453168
122806,Obese,40-59,0,1.07822199
122807,Normal,40-59,0,0.9453168
122816,Obese,18-39,0,1.07822199
122820,Overweight,60+,0,0.95786379
122824,Normal,18-39,0,0.9453168
122828,Obese,18-39,0,1.07822199
122833,Normal,40-59,0,0.9453168
122840,Obese,18-39,0,1.07822199
122842,Normal,40-59,0,0.9453168
122843,Normal,60+,0,0.9453168
122848,Obese,60+,1,0.58602516
122851,Obese,18-39,0,1.07822199
122852,Normal,18-39,0,0.9453168
122855,Obese,18-39,0,1.07822199
122856,Overweight,60+,0,0.95786379
122864,Overweight,40-59,0,0.95786379
122876,Obese,60+,0,1.07822199
122878,Normal,60+,1,2.28972321
122886,Obese,18-39,0,1.07822199
122889,Obese,40-59,0,1.07822199
122893,Obese,40-59,0,1.07822199
122896,Overweight,60+,0,0.95786379
122901,Obese,40-59,0,1.07822199
122906,Obese,18-39,0,1.07822199
122912,Obese,40-59,0,1.07822199
122916,Normal,18-39,0,0.9453168
122919,Obese,18-39,0,1.07822199
122923,Obese,60+,0,1.07822199
122925,Obese,40-59,0,1.07822199
122929,Overweight,18-39,0,0.95786379
122930,Overweight,60+,0,0.95786379
122931,Obese,60+,0,1.07822199
122934,Obese,18-39,0,1.07822199
122937,Obese,40-59,0,1.07822199
122938,Overweight,60+,0,0.95786379
122940,Normal,40-59,0,0.9453168
122949,Normal,40-59,0,0.9453168
122950,Obese,40-59,0,1.07822199
122951,Normal,18-39,0,0.9453168
122952,Obese,18-39,0,1.07822199
122960,Obese,60+,0,1.07822199
122962,Obese,60+,0,1.07822199
122963,Underweight,40-59,0,0.95074705
122974,Obese,60+,1,0.58602516
122977,Obese,40-59,1,0.58602516
122984,Normal,18-39,0,0.9453168
122985,Overweight,18-39,0,0.95786379
122988,Obese,40-59,0,1.07822199
122991,Normal,60+,0,0.9453168
122995,Normal,40-59,0,0.9453168
122996,Overweight,40-59,0,0.95786379
122997,Overweight,18-39,0,0.95786379
122998,Obese,18-39,0,1.07822199
123003,Obese,40-59,0,1.07822199
123004,Overweight,40-59,0,0.95786379
123005,Obese,40-59,0,1.07822199
123015,Normal,18-39,0,0.9453168
123021,Overweight,60+,0,0.95786379
123023,Normal,18-39,0,0.9453168
123025,Normal,60+,0,0.9453168
123029,Obese,40-59,0,1.07822199
123032,Overweight,60+,0,0.95786379
123035,Normal,18-39,0,0.9453168
123038,Obese,60+,0,1.07822199
123040,Overweight,60+,0,0.95786379
123043,Obese,40-59,1,0.58602516
123045,Obese,60+,0,1.07822199
123048,Obese,40-59,0,1.07822199
123050,Overweight,60+,0,0.95786379
123052,Obese,18-39,0,1.07822199
123063,Overweight,60+,0,0.95786379
123075,Obese,18-39,0,1.07822199
123077,Overweight,40-59,0,0.95786379
123083,Normal,60+,0,0.9453168
123084,Overweight,40-59,1,1.74929165
123089,Normal,40-59,0,0.9453168
123090,Obese,40-59,1,0.58602516
123096,Obese,18-39,0,1.07822199
123099,Normal,18-39,0,0.9453168
123104,Obese,60+,0,1.07822199
123105,Obese,18-39,0,1.07822199
123107,Obese,60+,0,1.07822199
123112,Obese,40-59,1,0.58602516
123113,Obese,18-39,0,1.07822199
123116,Overweight,60+,0,0.95786379
123120,Obese,40-59,0,1.07822199
123125,Overweight,40-59,0,0.95786379
123128,Overweight,40-59,0,0.95786379
123129,Normal,60+,0,0.9453168
123130,Normal,60+,0,0.9453168
123135,Overweight,60+,0,0.95786379
123138,Normal,60+,0,0.9453168
123139,Normal,40-59,0,0.9453168
123155,Overweight,60+,0,0.95786379
123159,Normal,18-39,0,0.9453168
123160,Obese,40-59,0,1.07822199
123162,Obese,60+,0,1.07822199
123163,Obese,60+,1,0.58602516
123165,Normal,18-39,0,0.9453168
123169,Overweight,18-39,0,0.95786379
123172,Obese,40-59,0,1.07822199
123173,Overweight,60+,1,1.74929165
123179,Obese,40-59,1,0.58602516
123185,Obese,40-59,0,1.07822199
123186,Obese,18-39,0,1.07822199
123190,Obese,60+,0,1.07822199
123196,Obese,60+,0,1.07822199
123198,Overweight,40-59,0,0.95786379
123204,Normal,18-39,0,0.9453168
123210,Overweight,18-39,0,0.95786379
123216,Obese,40-59,1,0.58602516
123220,Overweight,18-39,0,0.95786379
123221,Overweight,60+,0,0.95786379
123223,Obese,40-59,0,1.07822199
123226,Normal,18-39,0,0.9453168
123227,Obese,18-39,0,1.07822199
123235,Overweight,60+,1,1.74929165
123237,Normal,40-59,0,0.9453168
123239,Overweight,18-39,0,0.95786379
123243,Normal,40-59,0,0.9453168
123244,Normal,18-39,0,0.9453168
123251,Normal,18-39,0,0.9453168
123252,Obese,18-39,0,1.07822199
123254,Overweight,40-59,1,1.74929165
123258,Overweight,60+,0,0.95786379
123261,Obese,40-59,1,0.58602516
123265,Normal,18-39,0,0.9453168
123266,Overweight,18-39,0,0.95786379
123268,Overweight,60+,0,0.95786379
123274,Obese,18-39,0,1.07822199
123277,Obese,40-59,0,1.07822199
123278,Obese,40-59,0,1.07822199
123280,Overweight,60+,0,0.95786379
123284,Obese,40-59,0,1.07822199
123286,Obese,18-39,0,1.07822199
123287,Obese,18-39,0,1.07822199
123290,Obese,60+,0,1.07822199
123294,Obese,18-39,0,1.07822199
123295,Obese,18-39,0,1.07822199
123306,Obese,18-39,0,1.07822199
123315,Obese,60+,0,1.07822199
123317,Obese,60+,0,1.07822199
123318,Overweight,40-59,0,0.95786379
123319,Obese,18-39,0,1.07822199
123322,Overweight,18-39,0,0.95786379
123326,Obese,18-39,1,0.58602516
123327,Overweight,60+,0,0.95786379
123328,Overweight,18-39,0,0.95786379
123335,Overweight,60+,0,0.95786379
123346,Overweight,60+,1,1.74929165
123347,Obese,60+,0,1.07822199
123349,Normal,18-39,0,0.9453168
123363,Normal,18-39,0,0.9453168
123366,Obese,60+,1,0.58602516
123367,Obese,60+,0,1.07822199
123372,Obese,40-59,0,1.07822199
123374,Obese,18-39,1,0.58602516
123380,Obese,40-59,0,1.07822199
123382,Normal,18-39,0,0.9453168
123386,Obese,18-39,0,1.07822199
123388,Obese,60+,1,0.58602516
123389,Underweight,18-39,0,0.95074705
123396,Obese,18-39,0,1.07822199
123399,Obese,60+,0,1.07822199
123409,Overweight,18-39,0,0.95786379
123416,Obese,60+,0,1.07822199
123423,Overweight,18-39,0,0.95786379
123429,Overweight,60+,0,0.95786379
123431,Normal,18-39,0,0.9453168
123440,Obese,18-39,0,1.07822199
123446,Obese,18-39,0,1.07822199
123447,Overweight,18-39,0,0.95786379
123453,Normal,18-39,0,0.9453168
123454,Obese,40-59,0,1.07822199
123466,Normal,40-59,0,0.9453168
123467,Obese,60+,0,1.07822199
123472,Overweight,18-39,0,0.95786379
123474,Overweight,40-59,0,0.95786379
123479,Overweight,40-59,0,0.95786379
123484,Normal,60+,0,0.9453168
123489,Overweight,60+,1,1.74929165
123496,Normal,60+,1,2.28972321
123505,Overweight,18-39,0,0.95786379
123506,Obese,60+,0,1.07822199
123507,Obese,18-39,0,1.07822199
123509,Overweight,40-59,0,0.95786379
123511,Overweight,18-39,0,0.95786379
123515,Normal,60+,0,0.9453168
123526,Obese,60+,1,0.58602516
123527,Overweight,40-59,0,0.95786379
123533,Overweight,60+,0,0.95786379
123537,Normal,40-59,0,0.9453168
123539,Obese,60+,0,1.07822199
123542,Obese,60+,0,1.07822199
123545,Obese,40-59,0,1.07822199
123548,Normal,18-39,0,0.9453168
123552,Obese,40-59,0,1.07822199
123553,Overweight,40-59,0,0.95786379
123554,Normal,40-59,0,0.9453168
123562,Obese,40-59,0,1.07822199
123564,Normal,18-39,0,0.9453168
123566,Obese,18-39,0,1.07822199
123568,Overweight,60+,1,1.74929165
123569,Obese,60+,0,1.07822199
123571,Overweight,40-59,0,0.95786379
123576,Overweight,18-39,0,0.95786379
123577,Obese,40-59,1,0.58602516
123582,Overweight,60+,0,0.95786379
123583,Overweight,60+,0,0.95786379
123584,Obese,60+,1,0.58602516
123587,Normal,40-59,0,0.9453168
123597,Obese,60+,0,1.07822199
123604,Obese,40-59,0,1.07822199
123606,Obese,18-39,0,1.07822199
123607,Obese,40-59,0,1.07822199
123608,Obese,18-39,0,1.07822199
123609,Overweight,60+,0,0.95786379
123610,Normal,18-39,0,0.9453168
123614,Normal,18-39,0,0.9453168
123622,Obese,18-39,1,0.58602516
123624,Obese,60+,0,1.07822199
123626,Obese,60+,0,1.07822199
123628,Normal,40-59,0,0.9453168
123632,Normal,18-39,0,0.9453168
123635,Obese,18-39,0,1.07822199
123636,Obese,18-39,0,1.07822199
123641,Obese,40-59,0,1.07822199
123646,Overweight,60+,0,0.95786379
123651,Normal,40-59,0,0.9453168
123654,Obese,40-59,1,0.58602516
123657,Overweight,18-39,0,0.95786379
123660,Overweight,40-59,0,0.95786379
123662,Overweight,60+,0,0.95786379
123668,Normal,40-59,0,0.9453168
123669,Obese,60+,0,1.07822199
123672,Overweight,40-59,0,0.95786379
123677,Normal,40-59,0,0.9453168
123681,Underweight,18-39,0,0.95074705
123686,Obese,18-39,0,1.07822199
123688,Overweight,18-39,0,0.95786379
123692,Overweight,18-39,0,0.95786379
123698,Overweight,60+,0,0.95786379
123704,Normal,40-59,0,0.9453168
123713,Overweight,40-59,0,0.95786379
123719,Normal,18-39,0,0.9453168
123720,Obese,18-39,0,1.07822199
123726,Overweight,40-59,0,0.95786379
123728,Overweight,40-59,0,0.95786379
123736,Obese,18-39,0,1.07822199
123744,Overweight,18-39,0,0.95786379
123745,Overweight,40-59,0,0.95786379
123748,Overweight,18-39,0,0.95786379
123749,Obese,18-39,0,1.07822199
123753,Overweight,60+,0,0.95786379
123754,Obese,60+,0,1.07822199
123760,Obese,40-59,1,0.58602516
123761,Obese,18-39,0,1.07822199
123767,Overweight,60+,0,0.95786379
123770,Normal,40-59,0,0.9453168
123775,Overweight,60+,0,0.95786379
123782,Obese,60+,0,1.07822199
123784,Obese,60+,0,1.07822199
123785,Obese,60+,0,1.07822199
123787,Overweight,40-59,0,0.95786379
123791,Normal,60+,0,0.9453168
123795,Obese,60+,0,1.07822199
123796,Overweight,18-39,0,0.95786379
123800,Obese,40-59,1,0.58602516
123801,Normal,40-59,0,0.9453168
123811,Normal,60+,0,0.9453168
123812,Obese,18-39,0,1.07822199
123821,Overweight,60+,0,0.95786379
123830,Overweight,40-59,0,0.95786379
123838,Normal,40-59,0,0.9453168
123841,Overweight,60+,0,0.95786379
123843,Obese,40-59,0,1.07822199
123846,Normal,18-39,0,0.9453168
123852,Normal,60+,0,0.9453168
123853,Overweight,60+,0,0.95786379
123858,Normal,18-39,0,0.9453168
123860,Overweight,60+,0,0.95786379
123861,Obese,40-59,0,1.07822199
123862,Overweight,60+,0,0.95786379
123863,Normal,60+,1,2.28972321
123866,Normal,40-59,0,0.9453168
123867,Obese,60+,1,0.58602516
123870,Obese,18-39,0,1.07822199
123877,Obese,18-39,0,1.07822199
123879,Overweight,60+,0,0.95786379
123881,Overweight,18-39,0,0.95786379
123885,Obese,60+,0,1.07822199
123891,Overweight,60+,0,0.95786379
123892,Obese,18-39,0,1.07822199
123899,Overweight,40-59,0,0.95786379
123900,Obese,60+,0,1.07822199
123903,Obese,60+,1,0.58602516
123912,Normal,60+,0,0.9453168
123913,Overweight,60+,0,0.95786379
123914,Obese,60+,0,1.07822199
123915,Normal,18-39,0,0.9453168
123919,Obese,18-39,0,1.07822199
123920,Obese,18-39,0,1.07822199
123926,Normal,18-39,0,0.9453168
123927,Normal,18-39,0,0.9453168
123930,Overweight,60+,0,0.95786379
123931,Normal,60+,0,0.9453168
123935,Obese,40-59,0,1.07822199
123936,Obese,40-59,0,1.07822199
123937,Normal,40-59,0,0.9453168
123940,Obese,40-59,0,1.07822199
123941,Obese,60+,1,0.58602516
123943,Normal,60+,0,0.9453168
123948,Obese,40-59,0,1.07822199
123949,Obese,60+,1,0.58602516
123950,Obese,40-59,0,1.07822199
123953,Obese,40-59,0,1.07822199
123960,Obese,60+,0,1.07822199
123962,Overweight,18-39,0,0.95786379
123963,Obese,60+,0,1.07822199
123964,Obese,18-39,0,1.07822199
123968,Overweight,18-39,0,0.95786379
123969,Obese,18-39,0,1.07822199
123970,Obese,40-59,0,1.07822199
123971,Obese,60+,0,1.07822199
123972,Overweight,60+,0,0.95786379
123982,Overweight,60+,0,0.95786379
123988,Obese,40-59,0,1.07822199
123994,Obese,60+,0,1.07822199
123995,Obese,18-39,0,1.07822199
123998,Normal,18-39,0,0.9453168
124004,Obese,40-59,0,1.07822199
124008,Obese,18-39,0,1.07822199
124009,Obese,18-39,0,1.07822199
124011,Obese,40-59,0,1.07822199
124012,Obese,18-39,0,1.07822199
124014,Normal,40-59,0,0.9453168
124020,Normal,18-39,0,0.9453168
124024,Obese,40-59,0,1.07822199
124025,Obese,40-59,0,1.07822199
124030,Obese,18-39,0,1.07822199
124039,Normal,40-59,0,0.9453168
124041,Normal,18-39,0,0.9453168
124045,Obese,60+,0,1.07822199
124047,Normal,40-59,0,0.9453168
124048,Obese,40-59,0,1.07822199
124051,Obese,18-39,0,1.07822199
124053,Overweight,40-59,0,0.95786379
124056,Normal,40-59,0,0.9453168
124057,Obese,18-39,1,0.58602516
124059,Overweight,18-39,0,0.95786379
124061,Overweight,40-59,0,0.95786379
124062,Obese,40-59,0,1.07822199
124063,Overweight,40-59,0,0.95786379
124068,Normal,18-39,0,0.9453168
124069,Obese,18-39,0,1.07822199
124071,Overweight,40-59,0,0.95786379
124074,Underweight,18-39,0,0.95074705
124078,Obese,40-59,1,0.58602516
124086,Obese,18-39,0,1.07822199
124088,Obese,18-39,0,1.07822199
124089,Normal,18-39,0,0.9453168
124091,Obese,60+,0,1.07822199
124092,Obese,18-39,0,1.07822199
124094,Overweight,40-59,0,0.95786379
124097,Overweight,18-39,0,0.95786379
124100,Overweight,60+,0,0.95786379
124101,Obese,40-59,0,1.07822199
124104,Obese,40-59,0,1.07822199
124106,Overweight,40-59,0,0.95786379
124107,Obese,18-39,0,1.07822199
124108,Overweight,40-59,0,0.95786379
124110,Normal,18-39,0,0.9453168
124119,Underweight,60+,0,0.95074705
124121,Obese,18-39,0,1.07822199
124129,Obese,18-39,0,1.07822199
124135,Overweight,18-39,0,0.95786379
124138,Overweight,18-39,0,0.95786379
124144,Obese,40-59,1,0.58602516
124153,Normal,18-39,0,0.9453168
124160,Normal,60+,0,0.9453168
124161,Obese,60+,0,1.07822199
124163,Normal,40-59,0,0.9453168
124167,Obese,60+,0,1.07822199
124168,Normal,18-39,0,0.9453168
124170,Overweight,60+,0,0.95786379
124172,Normal,18-39,0,0.9453168
124175,Normal,60+,0,0.9453168
124178,Obese,40-59,0,1.07822199
124179,Overweight,60+,0,0.95786379
124182,Obese,40-59,0,1.07822199
124183,Obese,18-39,0,1.07822199
124189,Overweight,40-59,0,0.95786379
124194,Overweight,18-39,0,0.95786379
124197,Normal,60+,0,0.9453168
124199,Overweight,60+,0,0.95786379
124205,Obese,60+,0,1.07822199
124208,Obese,60+,0,1.07822199
124210,Normal,18-39,0,0.9453168
124211,Normal,18-39,0,0.9453168
124215,Obese,40-59,0,1.07822199
124224,Obese,40-59,1,0.58602516
124226,Obese,40-59,0,1.07822199
124236,Overweight,40-59,0,0.95786379
124237,Overweight,40-59,0,0.95786379
124238,Overweight,40-59,0,0.95786379
124239,Normal,18-39,0,0.9453168
124240,Overweight,60+,0,0.95786379
124245,Normal,60+,0,0.9453168
124248,Normal,40-59,0,0.9453168
124249,Overweight,18-39,0,0.95786379
124256,Obese,60+,0,1.07822199
124262,Overweight,40-59,0,0.95786379
124266,Obese,40-59,0,1.07822199
124272,Obese,40-59,0,1.07822199
124273,Overweight,18-39,0,0.95786379
124279,Overweight,40-59,0,0.95786379
124283,Normal,40-59,1,2.28972321
124287,Obese,40-59,0,1.07822199
124295,Normal,18-39,0,0.9453168
124296,Obese,40-59,0,1.07822199
124298,Overweight,18-39,0,0.95786379
124303,Obese,60+,1,0.58602516
124308,Obese,18-39,0,1.07822199
124312,Obese,40-59,0,1.07822199
124317,Normal,60+,0,0.9453168
124322,Obese,40-59,0,1.07822199
124323,Overweight,40-59,0,0.95786379
124330,Obese,40-59,0,1.07822199
124331,Obese,60+,1,0.58602516
124335,Normal,60+,0,0.9453168
124338,Overweight,18-39,0,0.95786379
124340,Obese,60+,0,1.07822199
124345,Obese,18-39,0,1.07822199
124346,Normal,60+,0,0.9453168
124347,Obese,18-39,0,1.07822199
124356,Obese,40-59,0,1.07822199
124368,Overweight,18-39,0,0.95786379
124370,Overweight,40-59,0,0.95786379
124372,Normal,60+,0,0.9453168
124373,Obese,18-39,0,1.07822199
124374,Overweight,60+,0,0.95786379
124375,Obese,40-59,0,1.07822199
124380,Overweight,18-39,0,0.95786379
124381,Obese,40-59,0,1.07822199
124382,Normal,18-39,0,0.9453168
124387,Obese,18-39,0,1.07822199
124388,Normal,40-59,0,0.9453168
124394,Obese,40-59,0,1.07822199
124396,Normal,60+,0,0.9453168
124398,Overweight,18-39,0,0.95786379
124409,Overweight,60+,0,0.95786379
124417,Overweight,18-39,0,0.95786379
124418,Overweight,60+,0,0.95786379
124421,Overweight,40-59,0,0.95786379
124423,Overweight,40-59,0,0.95786379
124426,Obese,60+,0,1.07822199
124428,Overweight,18-39,0,0.95786379
124434,Normal,18-39,0,0.9453168
124437,Obese,60+,1,0.58602516
124443,Obese,18-39,0,1.07822199
124450,Normal,18-39,0,0.9453168
124453,Overweight,40-59,0,0.95786379
124458,Overweight,18-39,0,0.95786379
124460,Normal,18-39,0,0.9453168
124462,Overweight,40-59,0,0.95786379
124464,Obese,40-59,0,1.07822199
124467,Obese,40-59,0,1.07822199
124468,Obese,18-39,0,1.07822199
124472,Normal,40-59,0,0.9453168
124477,Underweight,40-59,0,0.95074705
124482,Obese,60+,0,1.07822199
124486,Obese,18-39,1,0.58602516
124488,Overweight,40-59,0,0.95786379
124492,Overweight,60+,0,0.95786379
124498,Obese,18-39,0,1.07822199
124502,Obese,40-59,0,1.07822199
124504,Obese,60+,0,1.07822199
124514,Overweight,18-39,0,0.95786379
124516,Obese,40-59,0,1.07822199
124520,Overweight,60+,0,0.95786379
124524,Underweight,18-39,0,0.95074705
124525,Overweight,60+,0,0.95786379
124531,Obese,40-59,0,1.07822199
124533,Underweight,18-39,0,0.95074705
124535,Obese,40-59,0,1.07822199
124539,Normal,60+,0,0.9453168
124547,Obese,60+,1,0.58602516
124553,Overweight,60+,1,1.74929165
124554,Normal,18-39,0,0.9453168
124557,Normal,60+,0,0.9453168
124558,Obese,18-39,0,1.07822199
124559,Overweight,60+,0,0.95786379
124561,Obese,18-39,0,1.07822199
124563,Obese,40-59,0,1.07822199
124565,Normal,18-39,0,0.9453168
124566,Normal,60+,0,0.9453168
124568,Obese,40-59,0,1.07822199
124574,Obese,18-39,0,1.07822199
124577,Normal,40-59,0,0.9453168
124579,Normal,18-39,0,0.9453168
124580,Normal,60+,1,2.28972321
124588,Obese,60+,1,0.58602516
124589,Overweight,40-59,0,0.95786379
124590,Overweight,40-59,0,0.95786379
124593,Normal,60+,0,0.9453168
124605,Overweight,60+,0,0.95786379
124609,Obese,60+,0,1.07822199
124610,Normal,18-39,0,0.9453168
124615,Overweight,18-39,0,0.95786379
124618,Normal,60+,0,0.9453168
124624,Normal,40-59,0,0.9453168
124636,Overweight,18-39,0,0.95786379
124643,Normal,40-59,1,2.28972321
124653,Obese,40-59,0,1.07822199
124654,Normal,18-39,0,0.9453168
124665,Obese,60+,0,1.07822199
124668,Normal,60+,0,0.9453168
124683,Normal,60+,0,0.9453168
124684,Overweight,40-59,0,0.95786379
124685,Obese,40-59,0,1.07822199
124688,Overweight,18-39,0,0.95786379
124689,Overweight,60+,1,1.74929165
124691,Obese,18-39,0,1.07822199
124701,Normal,18-39,0,0.9453168
124702,Obese,18-39,0,1.07822199
124706,Obese,18-39,0,1.07822199
124710,Normal,18-39,0,0.9453168
124711,Overweight,60+,1,1.74929165
124712,Normal,18-39,0,0.9453168
124715,Obese,18-39,0,1.07822199
124718,Overweight,40-59,0,0.95786379
124720,Obese,40-59,0,1.07822199
124722,Obese,40-59,0,1.07822199
124723,Normal,18-39,0,0.9453168
124728,Overweight,60+,0,0.95786379
124737,Normal,60+,0,0.9453168
124740,Obese,18-39,0,1.07822199
124741,Obese,40-59,0,1.07822199
124742,Normal,40-59,0,0.9453168
124743,Obese,40-59,1,0.58602516
124745,Obese,18-39,0,1.07822199
124752,Obese,18-39,0,1.07822199
124756,Normal,60+,0,0.9453168
124757,Normal,40-59,0,0.9453168
124769,Normal,18-39,0,0.9453168
124770,Obese,40-59,0,1.07822199
124781,Overweight,18-39,0,0.95786379
124785,Obese,60+,1,0.58602516
124786,Normal,18-39,0,0.9453168
124788,Obese,60+,1,0.58602516
124792,Normal,18-39,0,0.9453168
124794,Obese,60+,0,1.07822199
124796,Obese,60+,0,1.07822199
124802,Normal,40-59,0,0.9453168
124812,Overweight,60+,0,0.95786379
124814,Obese,60+,0,1.07822199
124815,Overweight,40-59,0,0.95786379
124817,Obese,60+,0,1.07822199
124821,Overweight,60+,0,0.95786379
