SEQN,bmi_group_final,age_group_final,outcome_primary_8.2kPa,weight
109266,Obese,18-39,0,1.02793506
109290,Overweight,60+,0,0.99184157
109291,Obese,40-59,0,1.07484439
109313,Overweight,60+,0,0.99184157
109315,Obese,18-39,0,1.02793506
109317,Obese,18-39,0,1.02793506
109321,Obese,18-39,0,1.02793506
109322,Overweight,40-59,0,0.96535923
109326,Normal,40-59,0,0.9470026
109327,Normal,40-59,0,0.9470026
109330,Normal,60+,0,0.99919758
109333,Overweight,40-59,0,0.96535923
109348,Normal,60+,0,0.99919758
109350,Obese,40-59,0,1.07484439
109351,Normal,40-59,0,0.9470026
109365,Obese,40-59,0,1.07484439
109367,Overweight,60+,0,0.99184157
109373,Overweight,18-39,0,0.96357574
109378,Overweight,18-39,0,0.96357574
109382,Obese,60+,1,0.43949422
109389,Overweight,40-59,0,0.96535923
109392,Normal,60+,0,0.99919758
109393,Normal,60+,0,0.99919758
109395,Normal,40-59,0,0.9470026
109396,Normal,18-39,0,0.95095392
109403,Overweight,18-39,0,0.96357574
109404,Obese,18-39,0,1.02793506
109405,Normal,18-39,0,0.95095392
109411,Normal,40-59,0,0.9470026
109414,Obese,60+,0,1.16070581
109429,Normal,18-39,1,2.30337731
109431,Obese,40-59,0,1.07484439
109432,Normal,40-59,0,0.9470026
109435,Obese,60+,1,0.43949422
109441,Underweight,18-39,0,0.95641655
109454,Obese,18-39,0,1.02793506
109458,Normal,18-39,0,0.95095392
109464,Obese,18-39,0,1.02793506
109466,Overweight,40-59,0,0.96535923
109467,Obese,18-39,0,1.02793506
109472,Obese,18-39,0,1.02793506
109473,Obese,18-39,0,1.02793506
109480,Obese,18-39,0,1.02793506
109482,Overweight,40-59,0,0.96535923
109486,Overweight,60+,0,0.99184157
109488,Overweight,40-59,0,0.96535923
109495,Obese,40-59,1,0.6229753
109497,Overweight,40-59,0,0.96535923
109501,Obese,40-59,0,1.07484439
109502,Obese,18-39,0,1.02793506
109503,Overweight,60+,1,1.1805357
109504,Overweight,40-59,0,0.96535923
109510,Normal,18-39,0,0.95095392
109518,Overweight,18-39,0,0.96357574
109526,Obese,18-39,0,1.02793506
109531,Obese,18-39,0,1.02793506
109538,Obese,60+,0,1.16070581
109539,Obese,18-39,0,1.02793506
109542,Obese,18-39,0,1.02793506
109544,Obese,60+,0,1.16070581
109545,Obese,18-39,0,1.02793506
109549,Obese,18-39,0,1.02793506
109550,Obese,60+,0,1.16070581
109552,Obese,60+,0,1.16070581
109554,Normal,18-39,0,0.95095392
109558,Overweight,40-59,0,0.96535923
109560,Overweight,18-39,0,0.96357574
109564,Normal,18-39,0,0.95095392
109565,Obese,60+,0,1.16070581
109568,Obese,18-39,0,1.02793506
109574,Normal,40-59,0,0.9470026
109579,Overweight,40-59,0,0.96535923
109580,Normal,18-39,0,0.95095392
109587,Obese,60+,0,1.16070581
109588,Normal,60+,1,1.0877278
109606,Normal,18-39,0,0.95095392
109607,Normal,60+,0,0.99919758
109610,Obese,60+,0,1.16070581
109611,Normal,40-59,0,0.9470026
109612,Overweight,60+,0,0.99184157
109617,Overweight,60+,0,0.99184157
109620,Obese,40-59,1,0.6229753
109623,Normal,18-39,0,0.95095392
109626,Obese,60+,0,1.16070581
109628,Obese,18-39,0,1.02793506
109630,Obese,40-59,0,1.07484439
109637,Overweight,40-59,0,0.96535923
109639,Overweight,40-59,0,0.96535923
109643,Obese,60+,0,1.16070581
109644,Overweight,18-39,0,0.96357574
109653,Obese,60+,0,1.16070581
109656,Obese,60+,0,1.16070581
109662,Overweight,18-39,0,0.96357574
109667,Overweight,60+,0,0.99184157
109676,Normal,60+,0,0.99919758
109678,Normal,18-39,0,0.95095392
109679,Overweight,18-39,0,0.96357574
109687,Normal,18-39,0,0.95095392
109691,Obese,18-39,0,1.02793506
109693,Obese,18-39,0,1.02793506
109697,Overweight,18-39,0,0.96357574
109700,Overweight,40-59,0,0.96535923
109704,Overweight,18-39,0,0.96357574
109712,Obese,40-59,0,1.07484439
109713,Obese,40-59,0,1.07484439
109716,Obese,18-39,0,1.02793506
109723,Overweight,18-39,0,0.96357574
109728,Obese,18-39,0,1.02793506
109730,Obese,18-39,0,1.02793506
109740,Overweight,40-59,0,0.96535923
109746,Obese,40-59,0,1.07484439
109747,Obese,60+,0,1.16070581
109754,Obese,40-59,0,1.07484439
109758,Normal,18-39,0,0.95095392
109761,Normal,18-39,0,0.95095392
109769,Overweight,40-59,1,1.73083124
109770,Overweight,40-59,0,0.96535923
109771,Normal,60+,0,0.99919758
109776,Overweight,60+,1,1.1805357
109785,Obese,40-59,0,1.07484439
109789,Obese,18-39,0,1.02793506
109791,Obese,18-39,0,1.02793506
109793,Overweight,60+,0,0.99184157
109794,Obese,60+,0,1.16070581
109802,Obese,18-39,0,1.02793506
109806,Obese,18-39,0,1.02793506
109809,Normal,18-39,0,0.95095392
109811,Overweight,40-59,1,1.73083124
109812,Overweight,60+,0,0.99184157
109813,Obese,18-39,0,1.02793506
109814,Normal,18-39,0,0.95095392
109815,Obese,40-59,0,1.07484439
109828,Normal,18-39,0,0.95095392
109831,Normal,40-59,0,0.9470026
109839,Obese,60+,0,1.16070581
109841,Obese,40-59,1,0.6229753
109850,Overweight,40-59,0,0.96535923
109852,Normal,18-39,0,0.95095392
109857,Obese,60+,0,1.16070581
109860,Normal,18-39,0,0.95095392
109862,Obese,40-59,0,1.07484439
109863,Overweight,60+,0,0.99184157
109873,Normal,18-39,0,0.95095392
109874,Overweight,40-59,0,0.96535923
109876,Obese,60+,1,0.43949422
109877,Overweight,40-59,0,0.96535923
109878,Normal,18-39,0,0.95095392
109884,Overweight,40-59,0,0.96535923
109887,Obese,18-39,0,1.02793506
109893,Obese,18-39,0,1.02793506
109898,Obese,40-59,0,1.07484439
109900,Normal,60+,0,0.99919758
109901,Overweight,60+,1,1.1805357
109902,Obese,60+,0,1.16070581
109903,Obese,40-59,0,1.07484439
109905,Obese,40-59,1,0.6229753
109915,Obese,40-59,0,1.07484439
109917,Normal,40-59,0,0.9470026
109918,Obese,60+,0,1.16070581
109919,Overweight,40-59,0,0.96535923
109921,Underweight,40-59,0,0.95641655
109931,Obese,40-59,0,1.07484439
109934,Normal,18-39,0,0.95095392
109939,Normal,18-39,0,0.95095392
109940,Normal,40-59,0,0.9470026
109941,Obese,40-59,0,1.07484439
109945,Normal,18-39,0,0.95095392
109960,Overweight,40-59,1,1.73083124
109963,Normal,40-59,0,0.9470026
109971,Overweight,40-59,0,0.96535923
109978,Normal,18-39,0,0.95095392
109980,Normal,18-39,0,0.95095392
109987,Normal,40-59,0,0.9470026
109991,Overweight,40-59,0,0.96535923
109997,Obese,18-39,0,1.02793506
110004,Normal,18-39,0,0.95095392
110005,Normal,40-59,0,0.9470026
110006,Overweight,60+,0,0.99184157
110010,Normal,40-59,0,0.9470026
110011,Overweight,18-39,0,0.96357574
110018,Underweight,18-39,0,0.95641655
110021,Underweight,18-39,0,0.95641655
110028,Normal,18-39,0,0.95095392
110029,Obese,40-59,0,1.07484439
110030,Normal,18-39,0,0.95095392
110038,Overweight,40-59,0,0.96535923
110040,Normal,18-39,0,0.95095392
110041,Obese,40-59,0,1.07484439
110052,Obese,40-59,0,1.07484439
110056,Overweight,60+,0,0.99184157
110057,Obese,60+,1,0.43949422
110059,Overweight,18-39,0,0.96357574
110062,Overweight,40-59,0,0.96535923
110063,Overweight,18-39,0,0.96357574
110064,Normal,60+,0,0.99919758
110070,Obese,40-59,1,0.6229753
110071,Overweight,40-59,0,0.96535923
110074,Overweight,40-59,0,0.96535923
110085,Overweight,60+,0,0.99184157
110087,Normal,60+,0,0.99919758
110090,Obese,40-59,0,1.07484439
110098,Obese,18-39,0,1.02793506
110102,Obese,40-59,0,1.07484439
110114,Overweight,40-59,0,0.96535923
110117,Normal,18-39,0,0.95095392
110120,Obese,18-39,0,1.02793506
110125,Obese,60+,0,1.16070581
110129,Obese,40-59,0,1.07484439
110137,Normal,40-59,0,0.9470026
110139,Obese,40-59,0,1.07484439
110142,Obese,60+,0,1.16070581
110147,Obese,60+,1,0.43949422
110153,Normal,60+,0,0.99919758
110159,Normal,40-59,0,0.9470026
110161,Obese,40-59,0,1.07484439
110167,Obese,18-39,0,1.02793506
110169,Obese,18-39,0,1.02793506
110171,Normal,18-39,0,0.95095392
110172,Overweight,40-59,0,0.96535923
110174,Overweight,18-39,0,0.96357574
110175,Obese,18-39,0,1.02793506
110176,Obese,18-39,0,1.02793506
110178,Overweight,40-59,0,0.96535923
110185,Obese,60+,0,1.16070581
110186,Obese,18-39,0,1.02793506
110187,Obese,40-59,0,1.07484439
110190,Normal,18-39,0,0.95095392
110194,Obese,60+,0,1.16070581
110196,Overweight,60+,0,0.99184157
110200,Overweight,60+,0,0.99184157
110207,Overweight,40-59,0,0.96535923
110208,Obese,40-59,0,1.07484439
110213,Overweight,18-39,0,0.96357574
110218,Normal,18-39,0,0.95095392
110223,Obese,60+,0,1.16070581
110234,Obese,40-59,0,1.07484439
110235,Obese,40-59,0,1.07484439
110236,Normal,18-39,0,0.95095392
110247,Obese,18-39,0,1.02793506
110250,Obese,18-39,0,1.02793506
110265,Overweight,40-59,0,0.96535923
110266,Obese,18-39,0,1.02793506
110270,Obese,60+,1,0.43949422
110272,Overweight,40-59,0,0.96535923
110273,Obese,60+,1,0.43949422
110276,Overweight,40-59,0,0.96535923
110286,Obese,40-59,0,1.07484439
110287,Overweight,60+,0,0.99184157
110290,Underweight,60+,0,0.95641655
110291,Obese,60+,0,1.16070581
110292,Overweight,60+,1,1.1805357
110293,Normal,18-39,0,0.95095392
110295,Normal,60+,0,0.99919758
110304,Obese,18-39,1,0.83907659
110305,Normal,18-39,0,0.95095392
110310,Obese,60+,0,1.16070581
110311,Normal,60+,0,0.99919758
110317,Overweight,60+,0,0.99184157
110318,Overweight,60+,0,0.99184157
110322,Obese,40-59,0,1.07484439
110326,Overweight,18-39,0,0.96357574
110328,Overweight,60+,0,0.99184157
110332,Obese,40-59,0,1.07484439
110341,Normal,40-59,0,0.9470026
110342,Obese,18-39,0,1.02793506
110347,Obese,18-39,0,1.02793506
110350,Obese,60+,0,1.16070581
110351,Overweight,40-59,0,0.96535923
110353,Overweight,60+,0,0.99184157
110356,Normal,40-59,0,0.9470026
110359,Obese,60+,0,1.16070581
110366,Normal,60+,0,0.99919758
110372,Obese,60+,0,1.16070581
110374,Obese,40-59,0,1.07484439
110376,Normal,18-39,0,0.95095392
110378,Obese,40-59,0,1.07484439
110379,Normal,18-39,0,0.95095392
110380,Underweight,18-39,0,0.95641655
110381,Obese,40-59,0,1.07484439
110385,Normal,18-39,0,0.95095392
110386,Overweight,60+,1,1.1805357
110387,Obese,40-59,1,0.6229753
110389,Overweight,60+,0,0.99184157
110390,Obese,60+,0,1.16070581
110391,Overweight,18-39,0,0.96357574
110394,Normal,40-59,0,0.9470026
110400,Obese,40-59,0,1.07484439
110402,Obese,40-59,0,1.07484439
110408,Overweight,18-39,0,0.96357574
110409,Overweight,40-59,0,0.96535923
110410,Obese,60+,0,1.16070581
110411,Obese,18-39,0,1.02793506
110412,Overweight,60+,0,0.99184157
110425,Overweight,18-39,0,0.96357574
110427,Obese,18-39,0,1.02793506
110429,Obese,60+,0,1.16070581
110430,Overweight,40-59,0,0.96535923
110438,Obese,60+,0,1.16070581
110442,Overweight,18-39,0,0.96357574
110449,Obese,40-59,0,1.07484439
110450,Overweight,18-39,0,0.96357574
110453,Obese,60+,0,1.16070581
110457,Obese,18-39,0,1.02793506
110460,Overweight,18-39,0,0.96357574
110461,Normal,40-59,0,0.9470026
110464,Normal,40-59,0,0.9470026
110465,Normal,40-59,0,0.9470026
110467,Obese,18-39,0,1.02793506
110474,Obese,40-59,0,1.07484439
110476,Overweight,18-39,0,0.96357574
110477,Overweight,18-39,0,0.96357574
110482,Obese,60+,0,1.16070581
110492,Obese,18-39,0,1.02793506
110495,Obese,40-59,0,1.07484439
110496,Obese,40-59,0,1.07484439
110503,Obese,18-39,0,1.02793506
110506,Normal,60+,0,0.99919758
110510,Obese,40-59,0,1.07484439
110512,Overweight,18-39,0,0.96357574
110518,Overweight,40-59,0,0.96535923
110520,Normal,18-39,0,0.95095392
110521,Normal,18-39,0,0.95095392
110524,Obese,40-59,0,1.07484439
110531,Obese,60+,1,0.43949422
110532,Obese,40-59,1,0.6229753
110538,Obese,60+,1,0.43949422
110541,Obese,18-39,1,0.83907659
110544,Overweight,60+,0,0.99184157
110552,Obese,18-39,0,1.02793506
110553,Normal,18-39,0,0.95095392
110571,Normal,40-59,1,2.61617291
110573,Normal,60+,0,0.99919758
110575,Obese,60+,1,0.43949422
110576,Overweight,18-39,0,0.96357574
110579,Obese,40-59,0,1.07484439
110588,Obese,60+,0,1.16070581
110594,Normal,18-39,0,0.95095392
110602,Normal,18-39,0,0.95095392
110603,Normal,40-59,0,0.9470026
110610,Obese,18-39,0,1.02793506
110613,Normal,40-59,0,0.9470026
110614,Overweight,40-59,0,0.96535923
110624,Overweight,40-59,0,0.96535923
110627,Overweight,18-39,0,0.96357574
110628,Normal,60+,0,0.99919758
110636,Obese,40-59,0,1.07484439
110638,Obese,60+,1,0.43949422
110645,Obese,40-59,0,1.07484439
110651,Overweight,60+,0,0.99184157
110655,Obese,18-39,0,1.02793506
110658,Overweight,60+,0,0.99184157
110662,Obese,60+,0,1.16070581
110665,Obese,40-59,0,1.07484439
110672,Overweight,60+,0,0.99184157
110682,Overweight,40-59,0,0.96535923
110686,Normal,18-39,0,0.95095392
110688,Normal,18-39,0,0.95095392
110692,Normal,18-39,0,0.95095392
110700,Overweight,60+,0,0.99184157
110703,Overweight,60+,0,0.99184157
110704,Normal,60+,0,0.99919758
110712,Overweight,40-59,0,0.96535923
110714,Overweight,60+,0,0.99184157
110715,Normal,40-59,0,0.9470026
110718,Obese,18-39,1,0.83907659
110719,Obese,18-39,0,1.02793506
110721,Normal,60+,0,0.99919758
110728,Overweight,60+,0,0.99184157
110730,Normal,18-39,0,0.95095392
110736,Obese,40-59,0,1.07484439
110742,Normal,40-59,0,0.9470026
110750,Obese,40-59,0,1.07484439
110751,Obese,60+,0,1.16070581
110752,Obese,18-39,0,1.02793506
110759,Obese,40-59,0,1.07484439
110760,Obese,18-39,0,1.02793506
110763,Obese,60+,1,0.43949422
110765,Obese,40-59,0,1.07484439
110766,Obese,18-39,0,1.02793506
110770,Normal,60+,0,0.99919758
110771,Obese,18-39,0,1.02793506
110778,Obese,60+,0,1.16070581
110779,Normal,60+,0,0.99919758
110781,Obese,60+,0,1.16070581
110791,Normal,40-59,0,0.9470026
110792,Normal,40-59,0,0.9470026
110796,Obese,40-59,0,1.07484439
110803,Normal,60+,0,0.99919758
110805,Overweight,60+,0,0.99184157
110811,Overweight,40-59,0,0.96535923
110813,Obese,60+,0,1.16070581
110814,Obese,18-39,0,1.02793506
110819,Overweight,18-39,0,0.96357574
110820,Obese,60+,0,1.16070581
110821,Obese,60+,1,0.43949422
110830,Overweight,18-39,0,0.96357574
110841,Obese,40-59,1,0.6229753
110848,Overweight,18-39,0,0.96357574
110851,Underweight,18-39,0,0.95641655
110852,Obese,60+,0,1.16070581
110859,Obese,60+,0,1.16070581
110861,Overweight,60+,0,0.99184157
110865,Overweight,18-39,0,0.96357574
110868,Obese,40-59,0,1.07484439
110870,Overweight,60+,0,0.99184157
110871,Normal,18-39,0,0.95095392
110875,Overweight,60+,0,0.99184157
110882,Overweight,60+,0,0.99184157
110884,Normal,60+,0,0.99919758
110886,Obese,60+,0,1.16070581
110887,Normal,18-39,0,0.95095392
110888,Obese,60+,0,1.16070581
110889,Overweight,60+,0,0.99184157
110895,Normal,18-39,0,0.95095392
110897,Overweight,40-59,0,0.96535923
110899,Obese,18-39,0,1.02793506
110905,Normal,40-59,0,0.9470026
110920,Obese,60+,1,0.43949422
110925,Obese,60+,0,1.16070581
110929,Obese,60+,0,1.16070581
110934,Obese,18-39,0,1.02793506
110940,Obese,40-59,0,1.07484439
110942,Overweight,60+,0,0.99184157
110949,Overweight,18-39,0,0.96357574
110950,Obese,40-59,0,1.07484439
110953,Overweight,60+,0,0.99184157
110956,Obese,60+,0,1.16070581
110957,Overweight,18-39,0,0.96357574
110966,Overweight,18-39,0,0.96357574
110971,Obese,60+,0,1.16070581
110975,Overweight,40-59,0,0.96535923
110979,Overweight,40-59,0,0.96535923
110981,Obese,18-39,0,1.02793506
110985,Obese,18-39,0,1.02793506
110987,Normal,40-59,0,0.9470026
110988,Obese,18-39,0,1.02793506
110990,Obese,60+,0,1.16070581
110999,Normal,18-39,0,0.95095392
111003,Underweight,18-39,0,0.95641655
111007,Normal,18-39,0,0.95095392
111012,Overweight,60+,1,1.1805357
111014,Obese,40-59,0,1.07484439
111018,Normal,60+,0,0.99919758
111021,Overweight,60+,0,0.99184157
111030,Overweight,60+,0,0.99184157
111031,Overweight,18-39,0,0.96357574
111039,Normal,40-59,0,0.9470026
111046,Obese,40-59,0,1.07484439
111047,Normal,60+,0,0.99919758
111050,Overweight,40-59,0,0.96535923
111055,Obese,18-39,0,1.02793506
111064,Obese,40-59,0,1.07484439
111067,Overweight,60+,0,0.99184157
111068,Normal,18-39,0,0.95095392
111069,Normal,40-59,0,0.9470026
111075,Overweight,40-59,0,0.96535923
111077,Overweight,60+,1,1.1805357
111081,Normal,60+,1,1.0877278
111085,Overweight,18-39,0,0.96357574
111092,Obese,60+,0,1.16070581
111094,Obese,18-39,1,0.83907659
111096,Normal,18-39,0,0.95095392
111097,Overweight,60+,0,0.99184157
111098,Obese,40-59,0,1.07484439
111102,Obese,60+,0,1.16070581
111105,Obese,60+,0,1.16070581
111109,Obese,40-59,0,1.07484439
111110,Obese,40-59,0,1.07484439
111112,Normal,40-59,0,0.9470026
111120,Obese,40-59,1,0.6229753
111123,Overweight,60+,1,1.1805357
111133,Obese,40-59,0,1.07484439
111139,Normal,40-59,0,0.9470026
111143,Overweight,60+,0,0.99184157
111149,Overweight,40-59,0,0.96535923
111154,Obese,18-39,0,1.02793506
111159,Overweight,60+,0,0.99184157
111161,Normal,18-39,0,0.95095392
111163,Obese,18-39,0,1.02793506
111171,Overweight,18-39,0,0.96357574
111173,Normal,40-59,0,0.9470026
111175,Overweight,40-59,0,0.96535923
111185,Overweight,60+,0,0.99184157
111188,Obese,60+,0,1.16070581
111190,Normal,40-59,0,0.9470026
111191,Overweight,40-59,0,0.96535923
111192,Overweight,40-59,0,0.96535923
111194,Overweight,60+,0,0.99184157
111196,Normal,60+,0,0.99919758
111198,Obese,40-59,0,1.07484439
111201,Overweight,40-59,0,0.96535923
111203,Obese,60+,0,1.16070581
111219,Normal,18-39,0,0.95095392
111221,Overweight,60+,0,0.99184157
111226,Overweight,60+,0,0.99184157
111228,Obese,40-59,0,1.07484439
111229,Overweight,60+,0,0.99184157
111233,Obese,18-39,0,1.02793506
111234,Obese,60+,0,1.16070581
111238,Overweight,18-39,0,0.96357574
111242,Normal,18-39,0,0.95095392
111245,Overweight,60+,0,0.99184157
111249,Normal,18-39,0,0.95095392
111253,Overweight,60+,0,0.99184157
111257,Obese,60+,0,1.16070581
111263,Overweight,40-59,0,0.96535923
111265,Normal,18-39,0,0.95095392
111266,Obese,60+,0,1.16070581
111268,Normal,60+,1,1.0877278
111270,Normal,18-39,1,2.30337731
111271,Obese,18-39,0,1.02793506
111280,Normal,18-39,1,2.30337731
111288,Obese,40-59,0,1.07484439
111290,Normal,60+,0,0.99919758
111296,Obese,40-59,0,1.07484439
111300,Obese,60+,0,1.16070581
111301,Obese,18-39,0,1.02793506
111302,Normal,18-39,0,0.95095392
111303,Obese,18-39,0,1.02793506
111304,Overweight,60+,0,0.99184157
111305,Overweight,60+,0,0.99184157
111307,Obese,40-59,0,1.07484439
111311,Obese,40-59,0,1.07484439
111315,Overweight,60+,0,0.99184157
111320,Obese,40-59,0,1.07484439
111321,Obese,40-59,0,1.07484439
111324,Normal,60+,0,0.99919758
111325,Overweight,18-39,0,0.96357574
111332,Normal,40-59,0,0.9470026
111336,Overweight,60+,0,0.99184157
111338,Overweight,60+,0,0.99184157
111348,Overweight,18-39,0,0.96357574
111352,Normal,60+,0,0.99919758
111354,Obese,40-59,0,1.07484439
111357,Obese,60+,0,1.16070581
111358,Normal,40-59,0,0.9470026
111360,Obese,40-59,0,1.07484439
111361,Overweight,18-39,0,0.96357574
111364,Obese,60+,1,0.43949422
111366,Normal,18-39,0,0.95095392
111372,Normal,18-39,0,0.95095392
111378,Obese,60+,0,1.16070581
111382,Obese,60+,0,1.16070581
111385,Overweight,60+,0,0.99184157
111395,Obese,18-39,1,0.83907659
111400,Obese,18-39,0,1.02793506
111402,Normal,40-59,0,0.9470026
111403,Normal,18-39,0,0.95095392
111417,Overweight,60+,0,0.99184157
111418,Underweight,18-39,0,0.95641655
111420,Obese,40-59,0,1.07484439
111424,Normal,60+,1,1.0877278
111425,Overweight,18-39,0,0.96357574
111426,Normal,18-39,0,0.95095392
111428,Obese,40-59,0,1.07484439
111431,Obese,40-59,0,1.07484439
111434,Obese,60+,1,0.43949422
111436,Normal,40-59,0,0.9470026
111441,Overweight,60+,0,0.99184157
111452,Normal,60+,0,0.99919758
111453,Overweight,18-39,0,0.96357574
111455,Overweight,60+,0,0.99184157
111456,Obese,18-39,0,1.02793506
111459,Obese,40-59,0,1.07484439
111461,Normal,60+,0,0.99919758
111479,Overweight,40-59,0,0.96535923
111486,Obese,18-39,0,1.02793506
111493,Obese,60+,0,1.16070581
111497,Overweight,18-39,0,0.96357574
111501,Overweight,40-59,0,0.96535923
111503,Overweight,40-59,0,0.96535923
111507,Normal,40-59,0,0.9470026
111508,Obese,40-59,0,1.07484439
111510,Overweight,18-39,0,0.96357574
111511,Overweight,18-39,0,0.96357574
111516,Obese,60+,1,0.43949422
111522,Obese,40-59,0,1.07484439
111534,Obese,18-39,0,1.02793506
111537,Normal,18-39,0,0.95095392
111542,Normal,40-59,0,0.9470026
111550,Obese,60+,1,0.43949422
111551,Overweight,18-39,0,0.96357574
111554,Normal,60+,0,0.99919758
111585,Normal,18-39,0,0.95095392
111586,Obese,40-59,0,1.07484439
111588,Obese,40-59,0,1.07484439
111590,Obese,40-59,0,1.07484439
111602,Normal,60+,0,0.99919758
111610,Normal,60+,0,0.99919758
111613,Overweight,40-59,0,0.96535923
111618,Normal,40-59,0,0.9470026
111620,Normal,18-39,0,0.95095392
111625,Overweight,60+,0,0.99184157
111632,Obese,40-59,0,1.07484439
111633,Obese,40-59,0,1.07484439
111639,Obese,60+,0,1.16070581
111643,Normal,60+,0,0.99919758
111645,Obese,40-59,0,1.07484439
111655,Normal,40-59,1,2.61617291
111659,Normal,18-39,0,0.95095392
111660,Normal,40-59,0,0.9470026
111664,Obese,60+,0,1.16070581
111666,Overweight,40-59,0,0.96535923
111668,Obese,40-59,1,0.6229753
111669,Obese,40-59,0,1.07484439
111671,Underweight,18-39,0,0.95641655
111673,Obese,18-39,0,1.02793506
111675,Obese,18-39,0,1.02793506
111676,Obese,18-39,1,0.83907659
111679,Normal,40-59,1,2.61617291
111683,Normal,18-39,0,0.95095392
111693,Normal,18-39,0,0.95095392
111695,Overweight,18-39,0,0.96357574
111705,Normal,40-59,0,0.9470026
111707,Overweight,60+,0,0.99184157
111710,Normal,18-39,0,0.95095392
111712,Normal,60+,1,1.0877278
111717,Normal,40-59,0,0.9470026
111719,Normal,18-39,0,0.95095392
111724,Overweight,18-39,0,0.96357574
111729,Overweight,18-39,0,0.96357574
111732,Obese,40-59,0,1.07484439
111733,Overweight,18-39,0,0.96357574
111741,Normal,60+,0,0.99919758
111744,Overweight,40-59,0,0.96535923
111753,Overweight,40-59,0,0.96535923
111754,Overweight,60+,0,0.99184157
111765,Obese,18-39,0,1.02793506
111766,Obese,18-39,0,1.02793506
111767,Normal,18-39,0,0.95095392
111768,Obese,18-39,0,1.02793506
111770,Obese,60+,0,1.16070581
111774,Overweight,18-39,0,0.96357574
111776,Obese,60+,0,1.16070581
111779,Obese,40-59,0,1.07484439
111783,Overweight,60+,0,0.99184157
111787,Obese,40-59,0,1.07484439
111791,Obese,40-59,0,1.07484439
111792,Normal,60+,0,0.99919758
111795,Overweight,40-59,0,0.96535923
111796,Overweight,18-39,0,0.96357574
111797,Overweight,60+,1,1.1805357
111801,Obese,18-39,0,1.02793506
111802,Normal,18-39,0,0.95095392
111810,Obese,60+,0,1.16070581
111821,Normal,40-59,0,0.9470026
111825,Obese,18-39,0,1.02793506
111827,Normal,40-59,1,2.61617291
111831,Obese,40-59,0,1.07484439
111833,Obese,18-39,0,1.02793506
111837,Obese,18-39,0,1.02793506
111839,Normal,60+,0,0.99919758
111840,Obese,60+,0,1.16070581
111846,Obese,18-39,0,1.02793506
111849,Obese,40-59,0,1.07484439
111850,Obese,40-59,0,1.07484439
111859,Obese,18-39,0,1.02793506
111864,Overweight,18-39,0,0.96357574
111869,Overweight,40-59,0,0.96535923
111870,Overweight,60+,0,0.99184157
111872,Obese,18-39,0,1.02793506
111875,Overweight,40-59,0,0.96535923
111878,Overweight,18-39,0,0.96357574
111883,Obese,60+,0,1.16070581
111884,Overweight,60+,0,0.99184157
111890,Obese,60+,0,1.16070581
111893,Overweight,60+,0,0.99184157
111900,Obese,40-59,0,1.07484439
111901,Overweight,40-59,0,0.96535923
111904,Overweight,40-59,0,0.96535923
111906,Obese,40-59,0,1.07484439
111909,Obese,40-59,0,1.07484439
111911,Obese,40-59,0,1.07484439
111918,Obese,60+,1,0.43949422
111921,Normal,60+,0,0.99919758
111922,Normal,18-39,0,0.95095392
111925,Overweight,18-39,0,0.96357574
111927,Obese,40-59,0,1.07484439
111928,Overweight,40-59,0,0.96535923
111930,Obese,60+,1,0.43949422
111934,Overweight,60+,0,0.99184157
111938,Normal,40-59,0,0.9470026
111942,Obese,18-39,0,1.02793506
111943,Overweight,60+,1,1.1805357
111944,Obese,18-39,0,1.02793506
111947,Obese,40-59,0,1.07484439
111960,Overweight,40-59,0,0.96535923
111968,Overweight,60+,0,0.99184157
111970,Obese,18-39,0,1.02793506
111971,Overweight,40-59,0,0.96535923
111972,Normal,18-39,0,0.95095392
111973,Obese,40-59,0,1.07484439
111974,Overweight,18-39,0,0.96357574
111982,Obese,18-39,0,1.02793506
111983,Overweight,60+,0,0.99184157
111986,Obese,60+,0,1.16070581
111990,Obese,60+,0,1.16070581
111994,Obese,60+,1,0.43949422
111995,Obese,18-39,0,1.02793506
112001,Overweight,40-59,0,0.96535923
112005,Obese,60+,1,0.43949422
112011,Overweight,60+,0,0.99184157
112012,Overweight,18-39,0,0.96357574
112015,Overweight,60+,0,0.99184157
112018,Obese,18-39,0,1.02793506
112023,Overweight,40-59,0,0.96535923
112028,Obese,40-59,0,1.07484439
112031,Overweight,18-39,0,0.96357574
112038,Overweight,18-39,0,0.96357574
112052,Overweight,40-59,0,0.96535923
112067,Overweight,60+,0,0.99184157
112071,Obese,40-59,0,1.07484439
112072,Obese,60+,0,1.16070581
112073,Normal,18-39,0,0.95095392
112080,Overweight,40-59,0,0.96535923
112084,Obese,60+,1,0.43949422
112086,Overweight,40-59,0,0.96535923
112088,Obese,18-39,0,1.02793506
112090,Normal,60+,0,0.99919758
112102,Overweight,18-39,0,0.96357574
112106,Obese,18-39,0,1.02793506
112110,Overweight,18-39,0,0.96357574
112115,Obese,40-59,0,1.07484439
112116,Overweight,40-59,0,0.96535923
112122,Normal,18-39,0,0.95095392
112124,Normal,60+,0,0.99919758
112126,Overweight,60+,0,0.99184157
112128,Overweight,60+,0,0.99184157
112131,Overweight,40-59,0,0.96535923
112132,Overweight,60+,0,0.99184157
112134,Overweight,60+,0,0.99184157
112136,Obese,60+,0,1.16070581
112139,Obese,18-39,0,1.02793506
112145,Overweight,40-59,0,0.96535923
112146,Obese,18-39,0,1.02793506
112148,Obese,18-39,0,1.02793506
112149,Overweight,60+,0,0.99184157
112156,Overweight,40-59,0,0.96535923
112158,Normal,18-39,0,0.95095392
112159,Normal,60+,0,0.99919758
112161,Overweight,40-59,0,0.96535923
112165,Normal,18-39,0,0.95095392
112182,Obese,40-59,0,1.07484439
112184,Overweight,60+,0,0.99184157
112186,Overweight,40-59,0,0.96535923
112191,Overweight,40-59,0,0.96535923
112193,Normal,60+,0,0.99919758
112201,Normal,18-39,0,0.95095392
112208,Overweight,18-39,0,0.96357574
112212,Obese,60+,0,1.16070581
112213,Obese,18-39,0,1.02793506
112215,Overweight,60+,0,0.99184157
112218,Obese,40-59,0,1.07484439
112222,Obese,18-39,0,1.02793506
112228,Normal,18-39,0,0.95095392
112230,Obese,60+,0,1.16070581
112231,Obese,18-39,0,1.02793506
112235,Obese,40-59,0,1.07484439
112238,Overweight,60+,0,0.99184157
112240,Normal,60+,0,0.99919758
112243,Overweight,60+,0,0.99184157
112251,Obese,18-39,0,1.02793506
112256,Normal,18-39,0,0.95095392
112265,Normal,60+,0,0.99919758
112271,Overweight,60+,0,0.99184157
112275,Obese,40-59,0,1.07484439
112280,Overweight,40-59,0,0.96535923
112284,Obese,18-39,0,1.02793506
112285,Obese,60+,1,0.43949422
112289,Overweight,18-39,0,0.96357574
112294,Overweight,40-59,0,0.96535923
112296,Overweight,40-59,0,0.96535923
112299,Overweight,40-59,0,0.96535923
112300,Obese,60+,0,1.16070581
112309,Obese,18-39,0,1.02793506
112312,Overweight,40-59,0,0.96535923
112317,Overweight,60+,0,0.99184157
112321,Obese,40-59,0,1.07484439
112327,Obese,40-59,0,1.07484439
112330,Obese,18-39,1,0.83907659
112333,Obese,40-59,0,1.07484439
112335,Overweight,40-59,0,0.96535923
112341,Normal,18-39,0,0.95095392
112347,Normal,40-59,0,0.9470026
112349,Obese,60+,0,1.16070581
112354,Obese,18-39,0,1.02793506
112355,Normal,18-39,0,0.95095392
112356,Obese,18-39,0,1.02793506
112357,Normal,18-39,0,0.95095392
112360,Overweight,18-39,0,0.96357574
112362,Obese,40-59,1,0.6229753
112363,Normal,40-59,0,0.9470026
112365,Normal,40-59,0,0.9470026
112368,Obese,40-59,0,1.07484439
112371,Normal,18-39,0,0.95095392
112375,Overweight,40-59,0,0.96535923
112377,Obese,40-59,1,0.6229753
112383,Overweight,18-39,1,1.75972303
112385,Normal,18-39,0,0.95095392
112399,Normal,60+,0,0.99919758
112406,Obese,18-39,1,0.83907659
112412,Normal,40-59,0,0.9470026
112415,Obese,40-59,1,0.6229753
112416,Overweight,60+,0,0.99184157
112422,Obese,60+,0,1.16070581
112433,Normal,40-59,0,0.9470026
112444,Obese,40-59,0,1.07484439
112446,Overweight,40-59,0,0.96535923
112448,Obese,60+,1,0.43949422
112451,Overweight,40-59,0,0.96535923
112454,Overweight,60+,0,0.99184157
112456,Normal,60+,1,1.0877278
112464,Overweight,60+,0,0.99184157
112466,Obese,18-39,0,1.02793506
112468,Normal,18-39,0,0.95095392
112475,Obese,60+,0,1.16070581
112480,Overweight,18-39,1,1.75972303
112488,Obese,60+,1,0.43949422
112499,Normal,40-59,0,0.9470026
112501,Obese,40-59,0,1.07484439
112503,Obese,60+,0,1.16070581
112504,Obese,40-59,0,1.07484439
112506,Overweight,40-59,0,0.96535923
112510,Obese,60+,0,1.16070581
112511,Overweight,60+,0,0.99184157
112516,Obese,40-59,0,1.07484439
112525,Obese,60+,0,1.16070581
112530,Normal,60+,0,0.99919758
112531,Normal,40-59,0,0.9470026
112534,Obese,40-59,0,1.07484439
112538,Normal,40-59,0,0.9470026
112543,Obese,40-59,0,1.07484439
112544,Overweight,18-39,0,0.96357574
112546,Obese,18-39,1,0.83907659
112547,Obese,18-39,0,1.02793506
112551,Normal,18-39,0,0.95095392
112563,Obese,40-59,0,1.07484439
112565,Obese,40-59,1,0.6229753
112568,Normal,40-59,0,0.9470026
112569,Overweight,40-59,0,0.96535923
112579,Obese,18-39,0,1.02793506
112580,Overweight,40-59,0,0.96535923
112582,Normal,40-59,0,0.9470026
112583,Overweight,60+,1,1.1805357
112586,Normal,40-59,0,0.9470026
112587,Normal,18-39,0,0.95095392
112589,Obese,60+,0,1.16070581
112590,Obese,40-59,0,1.07484439
112596,Overweight,60+,0,0.99184157
112599,Normal,18-39,0,0.95095392
112600,Obese,60+,0,1.16070581
112606,Obese,40-59,0,1.07484439
112609,Obese,60+,0,1.16070581
112610,Obese,40-59,0,1.07484439
112621,Overweight,60+,0,0.99184157
112632,Obese,18-39,1,0.83907659
112639,Overweight,60+,0,0.99184157
112643,Normal,18-39,0,0.95095392
112645,Obese,18-39,0,1.02793506
112659,Normal,18-39,0,0.95095392
112660,Obese,40-59,0,1.07484439
112661,Overweight,40-59,0,0.96535923
112664,Normal,40-59,0,0.9470026
112666,Normal,18-39,0,0.95095392
112667,Overweight,40-59,0,0.96535923
112670,Normal,60+,0,0.99919758
112673,Obese,18-39,0,1.02793506
112675,Obese,40-59,0,1.07484439
112677,Obese,18-39,0,1.02793506
112681,Normal,60+,0,0.99919758
112684,Obese,18-39,0,1.02793506
112685,Obese,40-59,0,1.07484439
112693,Overweight,18-39,0,0.96357574
112697,Overweight,18-39,0,0.96357574
112699,Overweight,60+,0,0.99184157
112702,Normal,18-39,0,0.95095392
112703,Overweight,40-59,0,0.96535923
112706,Normal,18-39,0,0.95095392
112707,Normal,40-59,0,0.9470026
112709,Underweight,18-39,0,0.95641655
112710,Obese,60+,0,1.16070581
112712,Overweight,60+,0,0.99184157
112713,Normal,60+,0,0.99919758
112716,Obese,18-39,0,1.02793506
112720,Obese,18-39,0,1.02793506
112724,Obese,18-39,0,1.02793506
112725,Obese,40-59,0,1.07484439
112726,Overweight,40-59,0,0.96535923
112731,Overweight,40-59,0,0.96535923
112736,Obese,60+,0,1.16070581
112744,Normal,40-59,0,0.9470026
112747,Normal,60+,0,0.99919758
112749,Obese,40-59,1,0.6229753
112751,Normal,18-39,1,2.30337731
112764,Overweight,60+,0,0.99184157
112770,Overweight,60+,0,0.99184157
112772,Obese,18-39,0,1.02793506
112777,Overweight,18-39,0,0.96357574
112781,Normal,60+,0,0.99919758
112787,Obese,40-59,1,0.6229753
112789,Obese,18-39,0,1.02793506
112792,Normal,40-59,0,0.9470026
112800,Normal,18-39,0,0.95095392
112802,Obese,60+,1,0.43949422
112803,Obese,18-39,0,1.02793506
112805,Underweight,60+,0,0.95641655
112823,Obese,60+,0,1.16070581
112824,Obese,60+,0,1.16070581
112828,Overweight,60+,0,0.99184157
112834,Obese,40-59,0,1.07484439
112839,Underweight,18-39,0,0.95641655
112840,Overweight,40-59,0,0.96535923
112842,Normal,60+,0,0.99919758
112845,Overweight,40-59,0,0.96535923
112847,Obese,18-39,0,1.02793506
112850,Normal,40-59,0,0.9470026
112851,Overweight,60+,0,0.99184157
112852,Obese,60+,0,1.16070581
112860,Normal,60+,0,0.99919758
112861,Obese,40-59,0,1.07484439
112864,Normal,18-39,0,0.95095392
112866,Obese,60+,0,1.16070581
112874,Obese,40-59,0,1.07484439
112877,Obese,18-39,0,1.02793506
112882,Normal,18-39,0,0.95095392
112883,Obese,40-59,0,1.07484439
112884,Obese,18-39,0,1.02793506
112897,Normal,60+,0,0.99919758
112907,Obese,40-59,0,1.07484439
112908,Obese,60+,0,1.16070581
112913,Overweight,60+,1,1.1805357
112921,Normal,60+,0,0.99919758
112924,Obese,18-39,0,1.02793506
112927,Overweight,60+,0,0.99184157
112931,Overweight,40-59,0,0.96535923
112937,Overweight,40-59,0,0.96535923
112938,Overweight,60+,0,0.99184157
112939,Obese,60+,0,1.16070581
112940,Overweight,40-59,0,0.96535923
112948,Overweight,18-39,0,0.96357574
112951,Obese,60+,0,1.16070581
112957,Obese,40-59,0,1.07484439
112958,Overweight,18-39,0,0.96357574
112960,Overweight,18-39,0,0.96357574
112965,Normal,18-39,0,0.95095392
112966,Overweight,18-39,0,0.96357574
112970,Normal,40-59,0,0.9470026
112981,Normal,18-39,0,0.95095392
112986,Overweight,18-39,0,0.96357574
112987,Overweight,40-59,0,0.96535923
112988,Normal,40-59,0,0.9470026
112990,Normal,60+,0,0.99919758
112991,Normal,18-39,0,0.95095392
112992,Overweight,60+,0,0.99184157
112994,Obese,60+,1,0.43949422
112997,Obese,18-39,0,1.02793506
112999,Normal,60+,0,0.99919758
113001,Normal,40-59,0,0.9470026
113008,Normal,60+,0,0.99919758
113009,Obese,40-59,0,1.07484439
113013,Obese,60+,0,1.16070581
113020,Obese,60+,0,1.16070581
113023,Obese,18-39,0,1.02793506
113026,Overweight,40-59,0,0.96535923
113027,Normal,18-39,0,0.95095392
113030,Overweight,40-59,0,0.96535923
113032,Obese,18-39,0,1.02793506
113033,Obese,18-39,0,1.02793506
113038,Overweight,60+,0,0.99184157
113045,Normal,18-39,0,0.95095392
113047,Normal,60+,0,0.99919758
113049,Overweight,40-59,0,0.96535923
113055,Obese,18-39,0,1.02793506
113056,Obese,18-39,0,1.02793506
113057,Obese,40-59,1,0.6229753
113058,Normal,18-39,0,0.95095392
113059,Normal,18-39,0,0.95095392
113060,Overweight,18-39,0,0.96357574
113061,Overweight,18-39,0,0.96357574
113066,Normal,18-39,0,0.95095392
113087,Obese,40-59,0,1.07484439
113092,Obese,40-59,1,0.6229753
113098,Normal,40-59,0,0.9470026
113101,Normal,40-59,0,0.9470026
113109,Overweight,40-59,0,0.96535923
113111,Obese,40-59,0,1.07484439
113113,Overweight,40-59,0,0.96535923
113116,Obese,60+,0,1.16070581
113119,Obese,40-59,0,1.07484439
113120,Overweight,40-59,1,1.73083124
113122,Overweight,40-59,0,0.96535923
113123,Normal,18-39,0,0.95095392
113125,Obese,40-59,0,1.07484439
113126,Normal,40-59,0,0.9470026
113128,Normal,60+,0,0.99919758
113129,Normal,60+,0,0.99919758
113131,Obese,60+,0,1.16070581
113136,Obese,40-59,0,1.07484439
113144,Obese,18-39,0,1.02793506
113152,Normal,60+,0,0.99919758
113153,Normal,18-39,0,0.95095392
113161,Obese,40-59,1,0.6229753
113162,Obese,60+,0,1.16070581
113175,Overweight,60+,0,0.99184157
113183,Normal,60+,0,0.99919758
113189,Obese,40-59,0,1.07484439
113194,Overweight,40-59,0,0.96535923
113197,Underweight,18-39,0,0.95641655
113209,Overweight,40-59,0,0.96535923
113211,Normal,40-59,0,0.9470026
113215,Normal,18-39,0,0.95095392
113220,Normal,18-39,0,0.95095392
113222,Overweight,60+,0,0.99184157
113223,Overweight,60+,0,0.99184157
113227,Obese,18-39,0,1.02793506
113232,Obese,40-59,0,1.07484439
113254,Normal,60+,0,0.99919758
113257,Overweight,60+,0,0.99184157
113267,Overweight,60+,0,0.99184157
113268,Obese,60+,1,0.43949422
113270,Obese,18-39,0,1.02793506
113271,Obese,40-59,0,1.07484439
113272,Normal,18-39,0,0.95095392
113274,Obese,60+,0,1.16070581
113275,Normal,60+,0,0.99919758
113279,Obese,60+,0,1.16070581
113281,Obese,40-59,0,1.07484439
113285,Obese,40-59,0,1.07484439
113286,Overweight,60+,0,0.99184157
113289,Overweight,60+,0,0.99184157
113292,Obese,40-59,1,0.6229753
113298,Obese,40-59,0,1.07484439
113305,Overweight,60+,0,0.99184157
113311,Overweight,60+,0,0.99184157
113313,Normal,18-39,0,0.95095392
113316,Overweight,40-59,1,1.73083124
113320,Normal,60+,0,0.99919758
113324,Overweight,60+,0,0.99184157
113326,Obese,40-59,0,1.07484439
113328,Obese,18-39,0,1.02793506
113331,Overweight,40-59,0,0.96535923
113332,Overweight,18-39,0,0.96357574
113336,Normal,60+,0,0.99919758
113343,Obese,60+,0,1.16070581
113347,Overweight,40-59,0,0.96535923
113349,Obese,18-39,0,1.02793506
113357,Normal,60+,0,0.99919758
113362,Normal,60+,0,0.99919758
113364,Overweight,18-39,0,0.96357574
113365,Normal,18-39,0,0.95095392
113367,Obese,60+,0,1.16070581
113370,Normal,60+,0,0.99919758
113371,Obese,60+,0,1.16070581
113372,Obese,60+,1,0.43949422
113373,Normal,18-39,0,0.95095392
113374,Normal,18-39,0,0.95095392
113376,Normal,40-59,0,0.9470026
113378,Overweight,60+,0,0.99184157
113379,Obese,60+,0,1.16070581
113385,Overweight,60+,0,0.99184157
113409,Overweight,18-39,0,0.96357574
113420,Obese,60+,1,0.43949422
113425,Overweight,40-59,0,0.96535923
113427,Obese,60+,0,1.16070581
113430,Overweight,60+,0,0.99184157
113432,Normal,18-39,0,0.95095392
113435,Obese,18-39,0,1.02793506
113437,Overweight,60+,0,0.99184157
113439,Overweight,60+,0,0.99184157
113440,Obese,40-59,0,1.07484439
113442,Obese,18-39,1,0.83907659
113443,Obese,40-59,1,0.6229753
113445,Overweight,18-39,0,0.96357574
113448,Overweight,40-59,0,0.96535923
113453,Normal,18-39,0,0.95095392
113455,Obese,60+,1,0.43949422
113461,Overweight,40-59,0,0.96535923
113462,Overweight,18-39,0,0.96357574
113463,Overweight,40-59,0,0.96535923
113464,Normal,18-39,0,0.95095392
113468,Obese,18-39,0,1.02793506
113472,Normal,40-59,0,0.9470026
113475,Normal,60+,0,0.99919758
113477,Obese,60+,0,1.16070581
113478,Obese,18-39,0,1.02793506
113480,Overweight,40-59,0,0.96535923
113486,Obese,18-39,0,1.02793506
113492,Normal,60+,0,0.99919758
113493,Overweight,40-59,0,0.96535923
113500,Overweight,60+,0,0.99184157
113505,Overweight,18-39,0,0.96357574
113509,Normal,18-39,0,0.95095392
113510,Obese,60+,1,0.43949422
113527,Obese,40-59,0,1.07484439
113531,Overweight,18-39,0,0.96357574
113539,Obese,40-59,0,1.07484439
113546,Underweight,60+,0,0.95641655
113548,Normal,60+,0,0.99919758
113550,Overweight,18-39,0,0.96357574
113551,Overweight,18-39,0,0.96357574
113552,Obese,60+,0,1.16070581
113558,Overweight,18-39,0,0.96357574
113559,Obese,60+,0,1.16070581
113560,Overweight,60+,0,0.99184157
113562,Overweight,18-39,0,0.96357574
113566,Normal,40-59,0,0.9470026
113569,Overweight,40-59,0,0.96535923
113573,Obese,40-59,0,1.07484439
113575,Overweight,40-59,0,0.96535923
113576,Overweight,40-59,0,0.96535923
113577,Obese,40-59,0,1.07484439
113578,Normal,18-39,0,0.95095392
113583,Normal,18-39,0,0.95095392
113587,Overweight,60+,0,0.99184157
113593,Overweight,18-39,0,0.96357574
113600,Overweight,60+,0,0.99184157
113615,Overweight,40-59,0,0.96535923
113619,Obese,60+,0,1.16070581
113621,Normal,40-59,0,0.9470026
113624,Overweight,40-59,0,0.96535923
113630,Obese,18-39,0,1.02793506
113631,Obese,60+,0,1.16070581
113633,Normal,18-39,0,0.95095392
113636,Normal,18-39,0,0.95095392
113642,Obese,40-59,0,1.07484439
113644,Underweight,18-39,0,0.95641655
113646,Obese,40-59,1,0.6229753
113648,Overweight,60+,0,0.99184157
113649,Obese,40-59,0,1.07484439
113661,Normal,18-39,0,0.95095392
113663,Normal,40-59,0,0.9470026
113666,Obese,18-39,1,0.83907659
113668,Obese,60+,1,0.43949422
113673,Obese,18-39,0,1.02793506
113676,Overweight,18-39,0,0.96357574
113677,Overweight,18-39,0,0.96357574
113678,Obese,40-59,0,1.07484439
113681,Overweight,60+,0,0.99184157
113690,Normal,18-39,0,0.95095392
113692,Normal,18-39,0,0.95095392
113695,Obese,18-39,1,0.83907659
113699,Obese,60+,0,1.16070581
113702,Overweight,40-59,0,0.96535923
113704,Obese,40-59,1,0.6229753
113706,Obese,40-59,0,1.07484439
113708,Normal,18-39,0,0.95095392
113714,Overweight,18-39,0,0.96357574
113715,Overweight,60+,1,1.1805357
113716,Normal,40-59,0,0.9470026
113717,Overweight,40-59,0,0.96535923
113737,Obese,40-59,0,1.07484439
113738,Overweight,40-59,0,0.96535923
113742,Normal,18-39,0,0.95095392
113747,Obese,18-39,0,1.02793506
113750,Obese,60+,1,0.43949422
113751,Obese,60+,0,1.16070581
113757,Overweight,18-39,0,0.96357574
113762,Normal,60+,0,0.99919758
113767,Obese,18-39,0,1.02793506
113768,Underweight,60+,0,0.95641655
113769,Obese,18-39,0,1.02793506
113770,Overweight,40-59,1,1.73083124
113775,Normal,60+,0,0.99919758
113781,Overweight,18-39,0,0.96357574
113787,Obese,60+,1,0.43949422
113791,Normal,18-39,0,0.95095392
113792,Obese,18-39,0,1.02793506
113794,Overweight,18-39,0,0.96357574
113801,Obese,40-59,0,1.07484439
113803,Overweight,40-59,0,0.96535923
113807,Obese,18-39,0,1.02793506
113808,Obese,18-39,0,1.02793506
113810,Overweight,40-59,0,0.96535923
113812,Normal,18-39,0,0.95095392
113815,Overweight,60+,0,0.99184157
113819,Overweight,60+,0,0.99184157
113820,Obese,18-39,0,1.02793506
113822,Normal,40-59,0,0.9470026
113824,Overweight,18-39,1,1.75972303
113825,Overweight,60+,0,0.99184157
113827,Normal,60+,0,0.99919758
113834,Normal,40-59,0,0.9470026
113838,Underweight,40-59,0,0.95641655
113839,Overweight,40-59,1,1.73083124
113840,Normal,60+,0,0.99919758
113843,Overweight,60+,1,1.1805357
113844,Obese,40-59,0,1.07484439
113849,Normal,18-39,0,0.95095392
113851,Obese,60+,1,0.43949422
113852,Overweight,60+,1,1.1805357
113854,Obese,60+,0,1.16070581
113856,Obese,60+,0,1.16070581
113857,Normal,40-59,1,2.61617291
113860,Overweight,40-59,0,0.96535923
113865,Obese,40-59,0,1.07484439
113866,Normal,40-59,0,0.9470026
113868,Obese,18-39,1,0.83907659
113869,Normal,60+,0,0.99919758
113872,Overweight,60+,0,0.99184157
113889,Obese,60+,0,1.16070581
113895,Obese,60+,0,1.16070581
113897,Overweight,60+,0,0.99184157
113899,Obese,18-39,0,1.02793506
113906,Overweight,18-39,0,0.96357574
113915,Obese,18-39,0,1.02793506
113922,Overweight,40-59,0,0.96535923
113926,Obese,60+,0,1.16070581
113928,Normal,18-39,0,0.95095392
113934,Overweight,40-59,0,0.96535923
113936,Obese,60+,0,1.16070581
113943,Overweight,60+,0,0.99184157
113945,Overweight,40-59,0,0.96535923
113946,Overweight,18-39,0,0.96357574
113947,Obese,18-39,0,1.02793506
113951,Obese,18-39,0,1.02793506
113954,Normal,40-59,0,0.9470026
113958,Overweight,40-59,0,0.96535923
113965,Obese,18-39,0,1.02793506
113968,Normal,60+,0,0.99919758
113972,Overweight,18-39,0,0.96357574
113973,Obese,60+,0,1.16070581
113976,Obese,18-39,0,1.02793506
113978,Overweight,60+,0,0.99184157
113979,Normal,18-39,0,0.95095392
113983,Overweight,60+,0,0.99184157
113987,Normal,18-39,0,0.95095392
113998,Overweight,40-59,0,0.96535923
114001,Obese,18-39,0,1.02793506
114005,Overweight,40-59,0,0.96535923
114015,Overweight,60+,0,0.99184157
114017,Obese,60+,0,1.16070581
114023,Obese,60+,1,0.43949422
114028,Normal,60+,0,0.99919758
114030,Overweight,18-39,0,0.96357574
114032,Obese,60+,0,1.16070581
114034,Obese,40-59,0,1.07484439
114038,Overweight,60+,0,0.99184157
114039,Obese,60+,0,1.16070581
114048,Obese,18-39,0,1.02793506
114056,Overweight,40-59,0,0.96535923
114059,Overweight,60+,0,0.99184157
114060,Obese,18-39,0,1.02793506
114069,Obese,18-39,0,1.02793506
114078,Normal,18-39,0,0.95095392
114082,Overweight,60+,0,0.99184157
114087,Obese,40-59,0,1.07484439
114092,Obese,18-39,0,1.02793506
114093,Overweight,40-59,0,0.96535923
114096,Overweight,60+,0,0.99184157
114098,Overweight,40-59,0,0.96535923
114101,Overweight,40-59,0,0.96535923
114103,Obese,60+,0,1.16070581
114105,Obese,60+,0,1.16070581
114106,Obese,60+,0,1.16070581
114108,Normal,60+,0,0.99919758
114114,Obese,40-59,0,1.07484439
114117,Normal,40-59,0,0.9470026
114123,Overweight,60+,0,0.99184157
114124,Obese,18-39,0,1.02793506
114125,Obese,60+,0,1.16070581
114128,Overweight,60+,0,0.99184157
114130,Normal,60+,0,0.99919758
114133,Overweight,40-59,0,0.96535923
114135,Normal,18-39,0,0.95095392
114136,Overweight,18-39,0,0.96357574
114145,Normal,40-59,0,0.9470026
114147,Overweight,40-59,0,0.96535923
114157,Normal,40-59,0,0.9470026
114162,Obese,60+,0,1.16070581
114165,Overweight,40-59,0,0.96535923
114167,Overweight,18-39,0,0.96357574
114178,Overweight,40-59,0,0.96535923
114181,Obese,60+,0,1.16070581
114195,Normal,40-59,0,0.9470026
114199,Obese,18-39,0,1.02793506
114213,Obese,60+,0,1.16070581
114222,Overweight,40-59,0,0.96535923
114228,Obese,18-39,1,0.83907659
114229,Obese,40-59,1,0.6229753
114239,Obese,18-39,0,1.02793506
114244,Obese,18-39,0,1.02793506
114246,Overweight,18-39,0,0.96357574
114247,Overweight,60+,0,0.99184157
114248,Normal,60+,0,0.99919758
114257,Overweight,40-59,0,0.96535923
114260,Normal,40-59,0,0.9470026
114272,Normal,18-39,0,0.95095392
114273,Overweight,40-59,0,0.96535923
114276,Obese,40-59,0,1.07484439
114279,Overweight,60+,1,1.1805357
114291,Obese,40-59,1,0.6229753
114298,Overweight,60+,0,0.99184157
114300,Normal,60+,0,0.99919758
114303,Normal,40-59,0,0.9470026
114305,Obese,60+,1,0.43949422
114306,Overweight,18-39,0,0.96357574
114312,Overweight,18-39,0,0.96357574
114314,Obese,18-39,0,1.02793506
114319,Normal,18-39,0,0.95095392
114320,Obese,40-59,0,1.07484439
114327,Obese,18-39,0,1.02793506
114329,Obese,18-39,0,1.02793506
114332,Obese,60+,0,1.16070581
114333,Overweight,18-39,0,0.96357574
114334,Normal,40-59,0,0.9470026
114337,Obese,60+,0,1.16070581
114339,Normal,18-39,0,0.95095392
114345,Obese,18-39,0,1.02793506
114351,Obese,60+,0,1.16070581
114352,Normal,40-59,0,0.9470026
114353,Overweight,40-59,0,0.96535923
114361,Obese,18-39,0,1.02793506
114364,Normal,60+,0,0.99919758
114366,Overweight,60+,0,0.99184157
114369,Normal,40-59,0,0.9470026
114377,Normal,40-59,0,0.9470026
114379,Normal,18-39,0,0.95095392
114383,Obese,60+,0,1.16070581
114393,Overweight,18-39,0,0.96357574
114403,Normal,40-59,1,2.61617291
114404,Obese,60+,0,1.16070581
114405,Overweight,18-39,0,0.96357574
114407,Obese,60+,0,1.16070581
114412,Normal,40-59,0,0.9470026
114417,Obese,40-59,0,1.07484439
114419,Obese,40-59,1,0.6229753
114422,Obese,18-39,1,0.83907659
114423,Normal,60+,0,0.99919758
114430,Normal,18-39,0,0.95095392
114431,Overweight,40-59,0,0.96535923
114438,Overweight,40-59,0,0.96535923
114445,Obese,60+,0,1.16070581
114446,Overweight,40-59,1,1.73083124
114448,Overweight,40-59,0,0.96535923
114453,Overweight,18-39,0,0.96357574
114458,Normal,40-59,0,0.9470026
114461,Obese,60+,0,1.16070581
114463,Obese,18-39,0,1.02793506
114467,Overweight,40-59,0,0.96535923
114481,Overweight,40-59,0,0.96535923
114483,Obese,60+,0,1.16070581
114487,Obese,40-59,0,1.07484439
114491,Overweight,60+,0,0.99184157
114497,Obese,40-59,1,0.6229753
114498,Normal,40-59,0,0.9470026
114500,Normal,60+,0,0.99919758
114505,Normal,40-59,0,0.9470026
114507,Obese,40-59,0,1.07484439
114512,Obese,18-39,0,1.02793506
114514,Obese,18-39,0,1.02793506
114517,Overweight,60+,0,0.99184157
114530,Overweight,40-59,0,0.96535923
114534,Obese,60+,0,1.16070581
114535,Overweight,60+,0,0.99184157
114539,Overweight,60+,0,0.99184157
114542,Normal,40-59,0,0.9470026
114547,Obese,60+,0,1.16070581
114554,Obese,60+,0,1.16070581
114555,Normal,40-59,0,0.9470026
114557,Overweight,18-39,0,0.96357574
114589,Obese,60+,0,1.16070581
114594,Overweight,40-59,0,0.96535923
114595,Overweight,18-39,0,0.96357574
114602,Normal,18-39,0,0.95095392
114607,Overweight,18-39,0,0.96357574
114608,Obese,40-59,0,1.07484439
114614,Obese,18-39,0,1.02793506
114615,Obese,18-39,0,1.02793506
114616,Overweight,60+,0,0.99184157
114620,Obese,40-59,0,1.07484439
114624,Obese,40-59,0,1.07484439
114632,Obese,40-59,0,1.07484439
114633,Overweight,18-39,0,0.96357574
114638,Obese,40-59,1,0.6229753
114641,Underweight,18-39,0,0.95641655
114643,Normal,40-59,0,0.9470026
114645,Obese,40-59,0,1.07484439
114647,Obese,40-59,0,1.07484439
114650,Normal,60+,0,0.99919758
114651,Obese,18-39,0,1.02793506
114652,Normal,18-39,0,0.95095392
114657,Normal,18-39,0,0.95095392
114658,Normal,40-59,0,0.9470026
114659,Overweight,18-39,0,0.96357574
114661,Normal,60+,1,1.0877278
114664,Overweight,60+,0,0.99184157
114677,Obese,40-59,0,1.07484439
114682,Obese,40-59,0,1.07484439
114688,Normal,18-39,0,0.95095392
114690,Overweight,40-59,0,0.96535923
114692,Obese,40-59,0,1.07484439
114693,Obese,40-59,1,0.6229753
114695,Overweight,18-39,0,0.96357574
114699,Normal,60+,0,0.99919758
114700,Normal,60+,0,0.99919758
114703,Overweight,60+,0,0.99184157
114708,Overweight,40-59,0,0.96535923
114712,Obese,18-39,1,0.83907659
114723,Overweight,40-59,0,0.96535923
114728,Obese,40-59,0,1.07484439
114729,Overweight,60+,0,0.99184157
114731,Normal,60+,0,0.99919758
114734,Obese,18-39,1,0.83907659
114739,Obese,60+,0,1.16070581
114740,Obese,18-39,0,1.02793506
114745,Overweight,40-59,0,0.96535923
114746,Overweight,18-39,0,0.96357574
114747,Normal,18-39,0,0.95095392
114756,Overweight,18-39,0,0.96357574
114759,Normal,18-39,0,0.95095392
114762,Normal,18-39,0,0.95095392
114769,Normal,60+,0,0.99919758
114772,Normal,18-39,0,0.95095392
114774,Overweight,18-39,0,0.96357574
114775,Normal,40-59,0,0.9470026
114785,Obese,18-39,1,0.83907659
114789,Obese,40-59,0,1.07484439
114791,Obese,40-59,0,1.07484439
114795,Normal,60+,1,1.0877278
114797,Overweight,60+,0,0.99184157
114798,Normal,40-59,0,0.9470026
114799,Obese,60+,0,1.16070581
114801,Obese,60+,1,0.43949422
114803,Overweight,18-39,0,0.96357574
114806,Normal,18-39,0,0.95095392
114808,Obese,18-39,0,1.02793506
114809,Overweight,18-39,0,0.96357574
114811,Overweight,60+,0,0.99184157
114818,Normal,40-59,0,0.9470026
114819,Normal,18-39,0,0.95095392
114825,Overweight,40-59,0,0.96535923
114831,Obese,40-59,0,1.07484439
114834,Overweight,18-39,0,0.96357574
114838,Obese,60+,0,1.16070581
114841,Obese,18-39,0,1.02793506
114842,Normal,60+,0,0.99919758
114843,Obese,40-59,0,1.07484439
114846,Obese,60+,0,1.16070581
114851,Overweight,18-39,0,0.96357574
114852,Obese,18-39,0,1.02793506
114853,Obese,60+,0,1.16070581
114859,Obese,60+,0,1.16070581
114862,Obese,60+,1,0.43949422
114864,Obese,18-39,0,1.02793506
114870,Overweight,18-39,0,0.96357574
114877,Obese,18-39,0,1.02793506
114879,Normal,40-59,0,0.9470026
114883,Overweight,60+,0,0.99184157
114886,Overweight,60+,0,0.99184157
114890,Overweight,18-39,0,0.96357574
114894,Overweight,60+,0,0.99184157
114898,Overweight,60+,0,0.99184157
114901,Overweight,40-59,0,0.96535923
114903,Obese,60+,0,1.16070581
114907,Obese,18-39,0,1.02793506
114913,Obese,40-59,0,1.07484439
114915,Overweight,40-59,0,0.96535923
114916,Overweight,40-59,0,0.96535923
114919,Obese,40-59,0,1.07484439
114922,Obese,60+,0,1.16070581
114927,Overweight,40-59,0,0.96535923
114929,Normal,40-59,0,0.9470026
114931,Obese,40-59,0,1.07484439
114932,Obese,40-59,0,1.07484439
114934,Overweight,40-59,0,0.96535923
114935,Normal,40-59,0,0.9470026
114937,Obese,40-59,1,0.6229753
114943,Obese,18-39,0,1.02793506
114944,Obese,18-39,0,1.02793506
114958,Obese,40-59,1,0.6229753
114962,Obese,60+,0,1.16070581
114965,Normal,60+,0,0.99919758
114970,Obese,18-39,0,1.02793506
114979,Overweight,60+,0,0.99184157
114984,Obese,18-39,0,1.02793506
114988,Overweight,60+,0,0.99184157
114993,Obese,18-39,0,1.02793506
114994,Obese,18-39,0,1.02793506
114995,Overweight,60+,0,0.99184157
114996,Normal,40-59,0,0.9470026
114998,Overweight,60+,1,1.1805357
115003,Overweight,40-59,0,0.96535923
115004,Overweight,18-39,0,0.96357574
115023,Overweight,18-39,0,0.96357574
115034,Obese,18-39,0,1.02793506
115047,Overweight,60+,0,0.99184157
115051,Obese,40-59,0,1.07484439
115052,Overweight,18-39,0,0.96357574
115053,Normal,18-39,0,0.95095392
115055,Overweight,18-39,0,0.96357574
115058,Underweight,60+,0,0.95641655
115060,Obese,18-39,0,1.02793506
115066,Overweight,60+,0,0.99184157
115070,Underweight,18-39,0,0.95641655
115077,Obese,18-39,0,1.02793506
115081,Obese,60+,0,1.16070581
115082,Overweight,60+,0,0.99184157
115083,Overweight,60+,0,0.99184157
115085,Overweight,60+,0,0.99184157
115088,Normal,18-39,0,0.95095392
115089,Normal,40-59,0,0.9470026
115095,Overweight,40-59,0,0.96535923
115096,Obese,60+,1,0.43949422
115099,Obese,18-39,0,1.02793506
115100,Obese,60+,0,1.16070581
115110,Overweight,40-59,1,1.73083124
115123,Obese,60+,0,1.16070581
115126,Normal,40-59,0,0.9470026
115130,Normal,18-39,0,0.95095392
115138,Obese,40-59,0,1.07484439
115144,Normal,40-59,0,0.9470026
115147,Normal,60+,0,0.99919758
115150,Overweight,60+,0,0.99184157
115155,Normal,18-39,0,0.95095392
115156,Overweight,60+,0,0.99184157
115161,Normal,60+,0,0.99919758
115164,Obese,40-59,1,0.6229753
115181,Obese,40-59,0,1.07484439
115185,Obese,40-59,0,1.07484439
115186,Normal,18-39,0,0.95095392
115189,Overweight,60+,0,0.99184157
115190,Obese,60+,0,1.16070581
115191,Normal,18-39,0,0.95095392
115192,Obese,60+,0,1.16070581
115202,Overweight,60+,0,0.99184157
115203,Overweight,60+,0,0.99184157
115210,Obese,60+,0,1.16070581
115213,Overweight,60+,0,0.99184157
115215,Overweight,60+,0,0.99184157
115217,Obese,60+,0,1.16070581
115218,Normal,60+,0,0.99919758
115220,Overweight,18-39,0,0.96357574
115225,Normal,60+,0,0.99919758
115229,Obese,18-39,0,1.02793506
115230,Normal,40-59,0,0.9470026
115232,Normal,60+,1,1.0877278
115238,Normal,40-59,0,0.9470026
115240,Obese,40-59,0,1.07484439
115243,Obese,18-39,0,1.02793506
115244,Overweight,18-39,0,0.96357574
115245,Obese,18-39,0,1.02793506
115247,Obese,60+,0,1.16070581
115250,Normal,18-39,0,0.95095392
115253,Obese,18-39,0,1.02793506
115255,Overweight,40-59,0,0.96535923
115260,Normal,18-39,0,0.95095392
115263,Normal,60+,0,0.99919758
115276,Normal,18-39,0,0.95095392
115279,Overweight,60+,1,1.1805357
115280,Normal,18-39,0,0.95095392
115281,Obese,40-59,0,1.07484439
115284,Normal,18-39,0,0.95095392
115287,Overweight,60+,0,0.99184157
115288,Obese,40-59,1,0.6229753
115289,Normal,18-39,0,0.95095392
115290,Normal,60+,0,0.99919758
115292,Overweight,60+,0,0.99184157
115295,Obese,40-59,0,1.07484439
115304,Obese,60+,0,1.16070581
115309,Normal,60+,0,0.99919758
115310,Obese,40-59,0,1.07484439
115317,Overweight,18-39,0,0.96357574
115323,Normal,40-59,0,0.9470026
115326,Overweight,18-39,0,0.96357574
115331,Obese,40-59,0,1.07484439
115332,Normal,40-59,0,0.9470026
115333,Overweight,18-39,0,0.96357574
115334,Overweight,60+,0,0.99184157
115335,Normal,18-39,0,0.95095392
115337,Obese,40-59,0,1.07484439
115338,Overweight,40-59,0,0.96535923
115346,Obese,18-39,0,1.02793506
115350,Obese,18-39,0,1.02793506
115355,Overweight,40-59,0,0.96535923
115358,Obese,60+,0,1.16070581
115359,Underweight,18-39,0,0.95641655
115363,Overweight,60+,0,0.99184157
115365,Normal,18-39,0,0.95095392
115374,Normal,40-59,0,0.9470026
115375,Normal,18-39,0,0.95095392
115379,Obese,18-39,0,1.02793506
115380,Obese,40-59,0,1.07484439
115390,Normal,40-59,0,0.9470026
115395,Normal,60+,1,1.0877278
115396,Overweight,60+,0,0.99184157
115398,Obese,18-39,0,1.02793506
115401,Obese,18-39,1,0.83907659
115402,Obese,60+,0,1.16070581
115407,Overweight,60+,0,0.99184157
115409,Obese,18-39,0,1.02793506
115410,Overweight,18-39,0,0.96357574
115411,Overweight,18-39,0,0.96357574
115423,Normal,18-39,0,0.95095392
115426,Normal,60+,0,0.99919758
115437,Overweight,60+,0,0.99184157
115441,Normal,60+,0,0.99919758
115443,Obese,18-39,0,1.02793506
115445,Obese,60+,0,1.16070581
115455,Normal,40-59,0,0.9470026
115458,Normal,60+,0,0.99919758
115459,Obese,60+,0,1.16070581
115465,Overweight,18-39,0,0.96357574
115467,Overweight,18-39,0,0.96357574
115471,Normal,18-39,0,0.95095392
115472,Obese,40-59,0,1.07484439
115478,Obese,60+,0,1.16070581
115479,Normal,40-59,0,0.9470026
115480,Obese,18-39,1,0.83907659
115485,Overweight,40-59,0,0.96535923
115490,Obese,40-59,0,1.07484439
115493,Obese,60+,0,1.16070581
115495,Obese,60+,1,0.43949422
115498,Obese,60+,0,1.16070581
115499,Overweight,18-39,0,0.96357574
115501,Normal,60+,0,0.99919758
115504,Obese,60+,0,1.16070581
115509,Overweight,40-59,0,0.96535923
115511,Overweight,18-39,0,0.96357574
115518,Obese,60+,0,1.16070581
115521,Overweight,60+,0,0.99184157
115530,Normal,18-39,0,0.95095392
115532,Obese,18-39,1,0.83907659
115539,Obese,18-39,0,1.02793506
115545,Underweight,18-39,0,0.95641655
115547,Obese,60+,1,0.43949422
115551,Normal,18-39,0,0.95095392
115560,Obese,40-59,1,0.6229753
115563,Overweight,18-39,0,0.96357574
115569,Obese,40-59,0,1.07484439
115574,Overweight,40-59,0,0.96535923
115578,Obese,40-59,0,1.07484439
115579,Obese,40-59,1,0.6229753
115584,Overweight,18-39,0,0.96357574
115585,Overweight,60+,0,0.99184157
115587,Normal,60+,0,0.99919758
115598,Normal,18-39,0,0.95095392
115604,Obese,60+,0,1.16070581
115608,Normal,40-59,0,0.9470026
115609,Normal,18-39,0,0.95095392
115611,Obese,40-59,0,1.07484439
115614,Normal,40-59,0,0.9470026
115615,Normal,40-59,0,0.9470026
115617,Overweight,40-59,1,1.73083124
115624,Obese,40-59,0,1.07484439
115629,Overweight,60+,0,0.99184157
115632,Obese,40-59,0,1.07484439
115636,Overweight,60+,0,0.99184157
115643,Overweight,40-59,0,0.96535923
115645,Obese,18-39,0,1.02793506
115646,Obese,18-39,0,1.02793506
115647,Obese,60+,0,1.16070581
115661,Overweight,60+,0,0.99184157
115662,Normal,60+,0,0.99919758
115663,Overweight,60+,0,0.99184157
115666,Obese,40-59,1,0.6229753
115668,Obese,18-39,1,0.83907659
115670,Obese,60+,0,1.16070581
115673,Normal,18-39,0,0.95095392
115674,Obese,60+,0,1.16070581
115676,Obese,60+,0,1.16070581
115680,Obese,18-39,0,1.02793506
115683,Overweight,40-59,0,0.96535923
115698,Overweight,40-59,0,0.96535923
115705,Overweight,60+,0,0.99184157
115710,Overweight,40-59,0,0.96535923
115711,Overweight,60+,0,0.99184157
115714,Overweight,60+,0,0.99184157
115724,Normal,18-39,0,0.95095392
115728,Normal,40-59,0,0.9470026
115732,Obese,60+,0,1.16070581
115736,Obese,60+,0,1.16070581
115740,Obese,60+,0,1.16070581
115746,Obese,60+,1,0.43949422
115747,Overweight,60+,0,0.99184157
115749,Obese,60+,1,0.43949422
115750,Overweight,40-59,0,0.96535923
115752,Overweight,60+,0,0.99184157
115759,Overweight,40-59,0,0.96535923
115766,Normal,18-39,0,0.95095392
115767,Normal,40-59,0,0.9470026
115770,Obese,40-59,0,1.07484439
115772,Normal,18-39,0,0.95095392
115782,Normal,60+,0,0.99919758
115788,Normal,60+,0,0.99919758
115792,Normal,18-39,0,0.95095392
115793,Overweight,18-39,0,0.96357574
115796,Obese,40-59,0,1.07484439
115800,Obese,40-59,0,1.07484439
115801,Obese,40-59,0,1.07484439
115804,Overweight,60+,0,0.99184157
115806,Overweight,18-39,0,0.96357574
115807,Obese,60+,0,1.16070581
115808,Overweight,60+,0,0.99184157
115809,Overweight,60+,0,0.99184157
115814,Normal,60+,1,1.0877278
115818,Normal,60+,0,0.99919758
115829,Normal,18-39,0,0.95095392
115831,Overweight,18-39,0,0.96357574
115833,Underweight,18-39,0,0.95641655
115834,Obese,60+,1,0.43949422
115846,Obese,40-59,0,1.07484439
115851,Overweight,40-59,0,0.96535923
115853,Normal,18-39,0,0.95095392
115854,Normal,18-39,0,0.95095392
115858,Obese,60+,0,1.16070581
115859,Overweight,18-39,0,0.96357574
115860,Normal,40-59,0,0.9470026
115888,Obese,60+,0,1.16070581
115889,Obese,60+,0,1.16070581
115891,Overweight,60+,0,0.99184157
115907,Overweight,60+,0,0.99184157
115909,Obese,40-59,0,1.07484439
115912,Overweight,18-39,0,0.96357574
115913,Overweight,18-39,0,0.96357574
115915,Normal,18-39,0,0.95095392
115926,Obese,18-39,0,1.02793506
115928,Overweight,60+,0,0.99184157
115929,Overweight,40-59,0,0.96535923
115939,Obese,40-59,0,1.07484439
115943,Overweight,60+,0,0.99184157
115953,Obese,18-39,1,0.83907659
115955,Obese,40-59,1,0.6229753
115957,Overweight,60+,0,0.99184157
115959,Normal,18-39,0,0.95095392
115961,Obese,40-59,0,1.07484439
115965,Obese,60+,0,1.16070581
115972,Obese,60+,0,1.16070581
115978,Obese,40-59,0,1.07484439
115983,Overweight,60+,0,0.99184157
115985,Obese,60+,1,0.43949422
115990,Normal,18-39,0,0.95095392
115994,Obese,60+,0,1.16070581
116003,Overweight,18-39,0,0.96357574
116004,Overweight,40-59,0,0.96535923
116013,Obese,40-59,0,1.07484439
116014,Normal,18-39,0,0.95095392
116018,Overweight,60+,0,0.99184157
116021,Normal,40-59,0,0.9470026
116022,Obese,18-39,0,1.02793506
116026,Normal,18-39,0,0.95095392
116029,Obese,18-39,0,1.02793506
116031,Overweight,18-39,0,0.96357574
116035,Normal,18-39,0,0.95095392
116038,Overweight,60+,0,0.99184157
116042,Normal,18-39,0,0.95095392
116045,Overweight,18-39,0,0.96357574
116050,Normal,40-59,0,0.9470026
116052,Obese,18-39,1,0.83907659
116056,Overweight,60+,0,0.99184157
116057,Overweight,60+,0,0.99184157
116065,Obese,40-59,1,0.6229753
116071,Normal,18-39,0,0.95095392
116074,Overweight,18-39,0,0.96357574
116076,Obese,18-39,0,1.02793506
116077,Overweight,40-59,0,0.96535923
116079,Obese,18-39,0,1.02793506
116088,Normal,18-39,0,0.95095392
116089,Overweight,18-39,0,0.96357574
116090,Overweight,18-39,0,0.96357574
116097,Obese,18-39,0,1.02793506
116104,Normal,40-59,0,0.9470026
116109,Obese,40-59,0,1.07484439
116112,Obese,60+,0,1.16070581
116116,Obese,18-39,0,1.02793506
116118,Normal,40-59,0,0.9470026
116120,Overweight,60+,0,0.99184157
116121,Obese,18-39,0,1.02793506
116127,Obese,60+,0,1.16070581
116129,Overweight,60+,1,1.1805357
116131,Obese,18-39,0,1.02793506
116133,Overweight,40-59,0,0.96535923
116140,Obese,18-39,0,1.02793506
116141,Overweight,40-59,0,0.96535923
116142,Overweight,40-59,0,0.96535923
116144,Obese,60+,1,0.43949422
116148,Obese,40-59,0,1.07484439
116151,Obese,40-59,0,1.07484439
116152,Normal,18-39,0,0.95095392
116153,Underweight,40-59,0,0.95641655
116157,Overweight,40-59,1,1.73083124
116160,Obese,18-39,1,0.83907659
116164,Obese,18-39,0,1.02793506
116169,Obese,40-59,0,1.07484439
116171,Normal,18-39,0,0.95095392
116174,Overweight,40-59,0,0.96535923
116178,Normal,18-39,0,0.95095392
116181,Overweight,40-59,0,0.96535923
116182,Underweight,18-39,0,0.95641655
116190,Overweight,18-39,0,0.96357574
116196,Obese,40-59,0,1.07484439
116201,Overweight,18-39,0,0.96357574
116203,Obese,60+,0,1.16070581
116206,Normal,60+,0,0.99919758
116207,Obese,18-39,0,1.02793506
116208,Normal,60+,0,0.99919758
116210,Obese,40-59,0,1.07484439
116211,Obese,60+,0,1.16070581
116216,Normal,60+,0,0.99919758
116219,Overweight,18-39,0,0.96357574
116228,Normal,18-39,0,0.95095392
116238,Overweight,40-59,0,0.96535923
116242,Obese,40-59,0,1.07484439
116247,Obese,18-39,0,1.02793506
116251,Normal,60+,0,0.99919758
116260,Normal,18-39,0,0.95095392
116267,Overweight,40-59,0,0.96535923
116268,Obese,40-59,0,1.07484439
116280,Obese,60+,1,0.43949422
116283,Overweight,40-59,0,0.96535923
116284,Obese,18-39,0,1.02793506
116286,Overweight,40-59,0,0.96535923
116287,Normal,40-59,0,0.9470026
116290,Normal,18-39,0,0.95095392
116296,Normal,18-39,0,0.95095392
116299,Overweight,40-59,0,0.96535923
116300,Normal,18-39,0,0.95095392
116305,Normal,18-39,0,0.95095392
116306,Obese,18-39,1,0.83907659
116315,Normal,60+,0,0.99919758
116319,Obese,40-59,0,1.07484439
116327,Overweight,40-59,0,0.96535923
116335,Obese,60+,1,0.43949422
116338,Obese,18-39,0,1.02793506
116341,Normal,60+,0,0.99919758
116345,Overweight,40-59,1,1.73083124
116351,Obese,60+,0,1.16070581
116354,Obese,40-59,1,0.6229753
116356,Normal,18-39,0,0.95095392
116360,Overweight,40-59,0,0.96535923
116362,Obese,18-39,0,1.02793506
116372,Normal,18-39,1,2.30337731
116375,Obese,40-59,1,0.6229753
116378,Overweight,40-59,1,1.73083124
116381,Overweight,40-59,0,0.96535923
116382,Overweight,18-39,0,0.96357574
116384,Overweight,60+,0,0.99184157
116386,Obese,18-39,0,1.02793506
116398,Normal,18-39,0,0.95095392
116406,Overweight,60+,0,0.99184157
116410,Obese,18-39,0,1.02793506
116415,Overweight,40-59,0,0.96535923
116417,Obese,18-39,0,1.02793506
116420,Obese,18-39,1,0.83907659
116423,Overweight,60+,0,0.99184157
116426,Obese,40-59,0,1.07484439
116430,Normal,40-59,0,0.9470026
116433,Normal,18-39,0,0.95095392
116434,Normal,18-39,0,0.95095392
116435,Overweight,40-59,0,0.96535923
116437,Obese,60+,1,0.43949422
116442,Obese,60+,0,1.16070581
116447,Obese,60+,0,1.16070581
116448,Normal,18-39,0,0.95095392
116453,Obese,18-39,1,0.83907659
116455,Normal,40-59,0,0.9470026
116456,Overweight,60+,0,0.99184157
116459,Overweight,60+,0,0.99184157
116461,Overweight,60+,0,0.99184157
116464,Normal,40-59,0,0.9470026
116467,Overweight,40-59,0,0.96535923
116474,Normal,60+,0,0.99919758
116487,Obese,40-59,0,1.07484439
116490,Obese,18-39,1,0.83907659
116492,Normal,18-39,0,0.95095392
116493,Overweight,60+,1,1.1805357
116495,Obese,40-59,0,1.07484439
116499,Obese,40-59,0,1.07484439
116502,Overweight,60+,0,0.99184157
116503,Overweight,60+,0,0.99184157
116505,Obese,18-39,0,1.02793506
116507,Normal,40-59,0,0.9470026
116510,Obese,40-59,0,1.07484439
116511,Normal,40-59,0,0.9470026
116518,Obese,18-39,0,1.02793506
116528,Normal,40-59,0,0.9470026
116529,Overweight,18-39,0,0.96357574
116532,Normal,18-39,0,0.95095392
116533,Overweight,40-59,0,0.96535923
116537,Overweight,18-39,0,0.96357574
116542,Overweight,60+,0,0.99184157
116547,Normal,40-59,0,0.9470026
116557,Obese,18-39,0,1.02793506
116561,Overweight,18-39,0,0.96357574
116562,Overweight,60+,0,0.99184157
116563,Normal,18-39,0,0.95095392
116565,Obese,60+,0,1.16070581
116574,Obese,60+,0,1.16070581
116580,Normal,60+,0,0.99919758
116583,Normal,18-39,0,0.95095392
116587,Obese,40-59,0,1.07484439
116588,Overweight,40-59,0,0.96535923
116589,Overweight,60+,0,0.99184157
116596,Obese,40-59,0,1.07484439
116598,Obese,40-59,1,0.6229753
116609,Overweight,40-59,0,0.96535923
116613,Overweight,18-39,0,0.96357574
116614,Normal,18-39,0,0.95095392
116616,Overweight,40-59,0,0.96535923
116617,Normal,60+,0,0.99919758
116627,Obese,18-39,0,1.02793506
116644,Normal,18-39,0,0.95095392
116654,Obese,40-59,0,1.07484439
116655,Overweight,40-59,0,0.96535923
116657,Normal,40-59,0,0.9470026
116662,Obese,60+,0,1.16070581
116673,Obese,40-59,0,1.07484439
116678,Underweight,18-39,0,0.95641655
116680,Obese,40-59,0,1.07484439
116691,Overweight,40-59,0,0.96535923
116694,Overweight,40-59,0,0.96535923
116699,Overweight,40-59,0,0.96535923
116703,Obese,40-59,0,1.07484439
116704,Overweight,18-39,0,0.96357574
116705,Normal,18-39,0,0.95095392
116706,Obese,40-59,0,1.07484439
116710,Obese,60+,0,1.16070581
116716,Overweight,18-39,0,0.96357574
116721,Overweight,18-39,0,0.96357574
116724,Obese,40-59,1,0.6229753
116728,Overweight,40-59,0,0.96535923
116730,Overweight,60+,0,0.99184157
116734,Obese,40-59,0,1.07484439
116739,Normal,60+,0,0.99919758
116745,Obese,40-59,0,1.07484439
116747,Normal,40-59,0,0.9470026
116749,Obese,18-39,0,1.02793506
116750,Normal,18-39,0,0.95095392
116760,Normal,40-59,0,0.9470026
116761,Overweight,18-39,0,0.96357574
116762,Obese,60+,0,1.16070581
116767,Normal,18-39,0,0.95095392
116770,Obese,60+,0,1.16070581
116773,Overweight,40-59,0,0.96535923
116776,Obese,40-59,0,1.07484439
116783,Normal,60+,1,1.0877278
116796,Normal,18-39,0,0.95095392
116802,Overweight,40-59,1,1.73083124
116806,Obese,40-59,0,1.07484439
116808,Overweight,18-39,0,0.96357574
116809,Overweight,60+,0,0.99184157
116810,Normal,18-39,0,0.95095392
116812,Overweight,18-39,0,0.96357574
116816,Normal,60+,0,0.99919758
116819,Obese,40-59,0,1.07484439
116820,Overweight,40-59,0,0.96535923
116823,Normal,60+,0,0.99919758
116826,Normal,40-59,0,0.9470026
116831,Overweight,60+,0,0.99184157
116833,Overweight,18-39,0,0.96357574
116843,Normal,18-39,0,0.95095392
116844,Normal,18-39,0,0.95095392
116847,Obese,18-39,0,1.02793506
116855,Obese,60+,1,0.43949422
116864,Obese,60+,0,1.16070581
116867,Obese,40-59,0,1.07484439
116869,Overweight,60+,0,0.99184157
116873,Overweight,18-39,0,0.96357574
116881,Normal,40-59,0,0.9470026
116889,Obese,40-59,0,1.07484439
116893,Overweight,18-39,0,0.96357574
116894,Obese,60+,0,1.16070581
116895,Obese,18-39,0,1.02793506
116898,Obese,60+,0,1.16070581
116899,Obese,40-59,0,1.07484439
116900,Obese,40-59,0,1.07484439
116901,Overweight,60+,0,0.99184157
116904,Obese,60+,0,1.16070581
116906,Obese,60+,1,0.43949422
116911,Obese,60+,1,0.43949422
116915,Obese,60+,0,1.16070581
116920,Obese,60+,1,0.43949422
116928,Obese,40-59,0,1.07484439
116935,Underweight,18-39,0,0.95641655
116941,Overweight,18-39,0,0.96357574
116947,Obese,18-39,0,1.02793506
116956,Obese,40-59,1,0.6229753
116959,Obese,60+,1,0.43949422
116961,Overweight,60+,0,0.99184157
116964,Overweight,18-39,0,0.96357574
116966,Obese,40-59,0,1.07484439
116967,Obese,18-39,0,1.02793506
116968,Overweight,60+,1,1.1805357
116972,Obese,40-59,0,1.07484439
116978,Obese,60+,0,1.16070581
116979,Normal,18-39,0,0.95095392
116980,Normal,60+,0,0.99919758
116981,Obese,18-39,0,1.02793506
116984,Obese,40-59,0,1.07484439
116988,Normal,18-39,0,0.95095392
116989,Overweight,40-59,0,0.96535923
116994,Overweight,60+,0,0.99184157
116997,Overweight,60+,0,0.99184157
117000,Normal,60+,0,0.99919758
117002,Normal,18-39,0,0.95095392
117010,Obese,60+,0,1.16070581
117011,Normal,60+,0,0.99919758
117015,Normal,40-59,1,2.61617291
117017,Overweight,40-59,0,0.96535923
117021,Overweight,18-39,0,0.96357574
117022,Overweight,60+,0,0.99184157
117026,Obese,18-39,0,1.02793506
117031,Normal,60+,1,1.0877278
117032,Obese,18-39,0,1.02793506
117036,Overweight,60+,0,0.99184157
117037,Overweight,60+,0,0.99184157
117044,Overweight,60+,0,0.99184157
117045,Obese,40-59,1,0.6229753
117050,Overweight,60+,0,0.99184157
117054,Overweight,18-39,0,0.96357574
117055,Overweight,60+,0,0.99184157
117058,Overweight,60+,0,0.99184157
117059,Overweight,18-39,0,0.96357574
117062,Normal,40-59,0,0.9470026
117064,Obese,60+,0,1.16070581
117067,Overweight,40-59,0,0.96535923
117071,Normal,40-59,0,0.9470026
117077,Obese,60+,1,0.43949422
117086,Normal,18-39,0,0.95095392
117090,Overweight,60+,0,0.99184157
117095,Normal,18-39,0,0.95095392
117102,Normal,18-39,0,0.95095392
117108,Normal,60+,0,0.99919758
117116,Obese,18-39,0,1.02793506
117117,Obese,60+,0,1.16070581
117118,Normal,18-39,0,0.95095392
117129,Underweight,18-39,0,0.95641655
117130,Normal,40-59,0,0.9470026
117132,Obese,60+,0,1.16070581
117133,Overweight,60+,0,0.99184157
117139,Overweight,18-39,0,0.96357574
117147,Normal,40-59,0,0.9470026
117150,Obese,60+,0,1.16070581
117161,Normal,60+,0,0.99919758
117165,Obese,60+,0,1.16070581
117172,Obese,18-39,0,1.02793506
117174,Obese,18-39,0,1.02793506
117178,Obese,18-39,1,0.83907659
117181,Normal,40-59,0,0.9470026
117182,Obese,18-39,0,1.02793506
117187,Normal,60+,0,0.99919758
117190,Normal,18-39,0,0.95095392
117193,Obese,60+,0,1.16070581
117200,Obese,18-39,0,1.02793506
117204,Overweight,60+,0,0.99184157
117209,Obese,18-39,0,1.02793506
117210,Obese,60+,1,0.43949422
117212,Obese,18-39,0,1.02793506
117215,Obese,18-39,0,1.02793506
117217,Overweight,60+,0,0.99184157
117219,Obese,60+,0,1.16070581
117224,Overweight,40-59,0,0.96535923
117226,Overweight,60+,0,0.99184157
117227,Overweight,18-39,0,0.96357574
117230,Obese,60+,0,1.16070581
117232,Overweight,40-59,0,0.96535923
117238,Obese,40-59,0,1.07484439
117242,Overweight,40-59,0,0.96535923
117243,Normal,40-59,0,0.9470026
117244,Overweight,40-59,0,0.96535923
117249,Obese,60+,1,0.43949422
117250,Obese,60+,0,1.16070581
117251,Overweight,60+,0,0.99184157
117261,Normal,60+,1,1.0877278
117263,Obese,40-59,0,1.07484439
117274,Overweight,40-59,0,0.96535923
117275,Normal,60+,0,0.99919758
117278,Overweight,18-39,0,0.96357574
117280,Overweight,60+,0,0.99184157
117282,Obese,40-59,1,0.6229753
117285,Normal,18-39,0,0.95095392
117286,Normal,40-59,0,0.9470026
117287,Obese,40-59,0,1.07484439
117289,Overweight,40-59,0,0.96535923
117292,Underweight,60+,1,2.02992742
117293,Obese,40-59,0,1.07484439
117295,Obese,40-59,0,1.07484439
117302,Normal,60+,0,0.99919758
117305,Obese,60+,0,1.16070581
117306,Normal,40-59,0,0.9470026
117307,Normal,60+,0,0.99919758
117310,Obese,60+,0,1.16070581
117312,Obese,60+,0,1.16070581
117313,Normal,18-39,0,0.95095392
117314,Overweight,60+,0,0.99184157
117315,Overweight,60+,0,0.99184157
117316,Obese,40-59,0,1.07484439
117331,Obese,40-59,0,1.07484439
117335,Obese,60+,0,1.16070581
117339,Obese,60+,0,1.16070581
117347,Normal,18-39,0,0.95095392
117353,Normal,60+,0,0.99919758
117354,Overweight,60+,0,0.99184157
117357,Normal,18-39,0,0.95095392
117363,Obese,60+,1,0.43949422
117364,Normal,18-39,0,0.95095392
117368,Overweight,18-39,0,0.96357574
117370,Normal,40-59,0,0.9470026
117374,Normal,40-59,0,0.9470026
117375,Obese,40-59,0,1.07484439
117377,Overweight,18-39,0,0.96357574
117383,Obese,40-59,0,1.07484439
117389,Obese,18-39,1,0.83907659
117398,Obese,60+,1,0.43949422
117405,Obese,18-39,0,1.02793506
117407,Overweight,18-39,0,0.96357574
117409,Overweight,18-39,0,0.96357574
117414,Obese,60+,0,1.16070581
117420,Overweight,60+,0,0.99184157
117421,Overweight,18-39,1,1.75972303
117428,Normal,60+,0,0.99919758
117432,Overweight,60+,0,0.99184157
117434,Obese,18-39,1,0.83907659
117435,Obese,40-59,0,1.07484439
117436,Overweight,60+,0,0.99184157
117437,Overweight,40-59,0,0.96535923
117440,Normal,60+,0,0.99919758
117442,Overweight,60+,0,0.99184157
117450,Normal,40-59,0,0.9470026
117454,Overweight,40-59,0,0.96535923
117458,Obese,60+,0,1.16070581
117463,Obese,18-39,0,1.02793506
117464,Underweight,40-59,0,0.95641655
117465,Normal,40-59,1,2.61617291
117467,Overweight,40-59,0,0.96535923
117468,Normal,18-39,0,0.95095392
117470,Normal,18-39,0,0.95095392
117471,Overweight,60+,1,1.1805357
117484,Overweight,18-39,1,1.75972303
117491,Overweight,18-39,0,0.96357574
117494,Overweight,60+,0,0.99184157
117496,Overweight,18-39,0,0.96357574
117498,Overweight,60+,0,0.99184157
117500,Obese,18-39,0,1.02793506
117504,Obese,40-59,0,1.07484439
117505,Obese,18-39,1,0.83907659
117510,Normal,40-59,0,0.9470026
117514,Normal,40-59,0,0.9470026
117518,Overweight,40-59,0,0.96535923
117531,Overweight,18-39,0,0.96357574
117537,Obese,60+,1,0.43949422
117540,Overweight,60+,0,0.99184157
117543,Normal,18-39,0,0.95095392
117546,Overweight,60+,0,0.99184157
117549,Overweight,18-39,0,0.96357574
117554,Overweight,60+,0,0.99184157
117556,Obese,18-39,0,1.02793506
117559,Overweight,40-59,0,0.96535923
117570,Overweight,40-59,0,0.96535923
117571,Obese,40-59,0,1.07484439
117575,Obese,60+,1,0.43949422
117577,Normal,40-59,0,0.9470026
117580,Obese,60+,0,1.16070581
117581,Normal,18-39,0,0.95095392
117587,Overweight,18-39,0,0.96357574
117589,Normal,40-59,0,0.9470026
117592,Overweight,18-39,0,0.96357574
117613,Obese,40-59,0,1.07484439
117621,Overweight,18-39,0,0.96357574
117624,Obese,40-59,1,0.6229753
117627,Normal,18-39,0,0.95095392
117628,Obese,18-39,0,1.02793506
117629,Obese,40-59,0,1.07484439
117632,Obese,18-39,0,1.02793506
117633,Obese,40-59,1,0.6229753
117635,Underweight,60+,0,0.95641655
117637,Obese,18-39,1,0.83907659
117638,Obese,60+,0,1.16070581
117644,Normal,18-39,0,0.95095392
117646,Overweight,18-39,0,0.96357574
117653,Overweight,40-59,0,0.96535923
117654,Obese,60+,1,0.43949422
117656,Overweight,18-39,0,0.96357574
117657,Normal,40-59,0,0.9470026
117660,Overweight,60+,0,0.99184157
117665,Obese,60+,0,1.16070581
117681,Normal,60+,0,0.99919758
117683,Normal,60+,0,0.99919758
117685,Obese,40-59,0,1.07484439
117687,Obese,40-59,0,1.07484439
117690,Normal,18-39,0,0.95095392
117692,Overweight,60+,1,1.1805357
117695,Overweight,60+,0,0.99184157
117697,Normal,18-39,0,0.95095392
117701,Obese,40-59,0,1.07484439
117704,Obese,40-59,0,1.07484439
117710,Obese,40-59,1,0.6229753
117711,Overweight,60+,0,0.99184157
117712,Overweight,18-39,0,0.96357574
117719,Overweight,18-39,0,0.96357574
117728,Obese,60+,0,1.16070581
117730,Overweight,40-59,0,0.96535923
117733,Obese,40-59,0,1.07484439
117737,Overweight,18-39,0,0.96357574
117745,Obese,18-39,1,0.83907659
117755,Overweight,40-59,0,0.96535923
117771,Normal,60+,0,0.99919758
117774,Normal,18-39,0,0.95095392
117775,Normal,40-59,0,0.9470026
117778,Obese,40-59,0,1.07484439
117780,Normal,40-59,0,0.9470026
117784,Overweight,60+,0,0.99184157
117793,Overweight,60+,0,0.99184157
117794,Obese,60+,0,1.16070581
117795,Obese,18-39,0,1.02793506
117806,Obese,60+,1,0.43949422
117807,Obese,60+,1,0.43949422
117810,Normal,18-39,0,0.95095392
117811,Overweight,18-39,0,0.96357574
117817,Obese,40-59,0,1.07484439
117826,Obese,60+,0,1.16070581
117829,Obese,40-59,0,1.07484439
117832,Obese,40-59,0,1.07484439
117840,Overweight,18-39,0,0.96357574
117845,Overweight,60+,0,0.99184157
117847,Obese,40-59,0,1.07484439
117849,Overweight,40-59,0,0.96535923
117851,Normal,18-39,0,0.95095392
117853,Overweight,40-59,0,0.96535923
117858,Obese,60+,0,1.16070581
117862,Overweight,60+,0,0.99184157
117868,Overweight,18-39,0,0.96357574
117870,Normal,18-39,0,0.95095392
117879,Overweight,40-59,0,0.96535923
117882,Overweight,60+,0,0.99184157
117884,Obese,60+,0,1.16070581
117887,Overweight,18-39,0,0.96357574
117894,Obese,40-59,0,1.07484439
117897,Normal,18-39,0,0.95095392
117901,Obese,18-39,0,1.02793506
117907,Overweight,18-39,0,0.96357574
117912,Obese,60+,1,0.43949422
117917,Obese,60+,0,1.16070581
117919,Overweight,18-39,0,0.96357574
117923,Obese,40-59,0,1.07484439
117925,Obese,18-39,0,1.02793506
117934,Normal,60+,0,0.99919758
117946,Obese,18-39,0,1.02793506
117950,Normal,40-59,0,0.9470026
117951,Normal,60+,0,0.99919758
117953,Obese,40-59,1,0.6229753
117964,Overweight,60+,0,0.99184157
117966,Overweight,18-39,0,0.96357574
117974,Normal,18-39,0,0.95095392
117979,Obese,18-39,1,0.83907659
117991,Overweight,40-59,0,0.96535923
117996,Obese,40-59,0,1.07484439
117998,Overweight,40-59,0,0.96535923
117999,Overweight,40-59,0,0.96535923
118000,Normal,40-59,0,0.9470026
118003,Normal,60+,0,0.99919758
118006,Normal,18-39,0,0.95095392
118008,Normal,40-59,0,0.9470026
118018,Overweight,18-39,0,0.96357574
118020,Underweight,18-39,0,0.95641655
118025,Overweight,40-59,0,0.96535923
118026,Overweight,60+,0,0.99184157
118029,Normal,40-59,0,0.9470026
118031,Underweight,40-59,0,0.95641655
118033,Overweight,60+,0,0.99184157
118035,Overweight,40-59,0,0.96535923
118036,Normal,18-39,0,0.95095392
118038,Overweight,60+,0,0.99184157
118040,Overweight,18-39,0,0.96357574
118042,Overweight,40-59,0,0.96535923
118044,Overweight,40-59,0,0.96535923
118049,Overweight,18-39,0,0.96357574
118050,Obese,60+,1,0.43949422
118057,Normal,60+,0,0.99919758
118061,Obese,60+,1,0.43949422
118071,Obese,40-59,0,1.07484439
118072,Obese,40-59,0,1.07484439
118074,Obese,60+,1,0.43949422
118083,Overweight,60+,0,0.99184157
118086,Obese,18-39,0,1.02793506
118103,Obese,40-59,0,1.07484439
118104,Obese,60+,0,1.16070581
118107,Overweight,18-39,0,0.96357574
118108,Normal,60+,0,0.99919758
118115,Overweight,60+,0,0.99184157
118118,Obese,40-59,0,1.07484439
118121,Obese,40-59,0,1.07484439
118123,Obese,60+,0,1.16070581
118124,Obese,60+,0,1.16070581
118125,Obese,40-59,1,0.6229753
118126,Obese,18-39,0,1.02793506
118136,Obese,40-59,0,1.07484439
118138,Overweight,40-59,0,0.96535923
118142,Obese,60+,0,1.16070581
118147,Overweight,18-39,0,0.96357574
118150,Normal,60+,0,0.99919758
118156,Obese,40-59,0,1.07484439
118161,Obese,60+,0,1.16070581
118164,Obese,40-59,0,1.07484439
118172,Normal,40-59,0,0.9470026
118176,Obese,18-39,0,1.02793506
118178,Normal,60+,0,0.99919758
118184,Normal,18-39,0,0.95095392
118185,Obese,18-39,1,0.83907659
118190,Overweight,40-59,0,0.96535923
118191,Overweight,18-39,0,0.96357574
118193,Normal,40-59,0,0.9470026
118197,Normal,60+,0,0.99919758
118201,Normal,18-39,0,0.95095392
118210,Overweight,40-59,0,0.96535923
118211,Obese,40-59,0,1.07484439
118217,Overweight,40-59,0,0.96535923
118220,Overweight,18-39,0,0.96357574
118226,Obese,40-59,0,1.07484439
118234,Obese,40-59,0,1.07484439
118235,Obese,18-39,0,1.02793506
118237,Obese,40-59,1,0.6229753
118239,Overweight,40-59,0,0.96535923
118242,Obese,60+,0,1.16070581
118246,Normal,18-39,0,0.95095392
118248,Overweight,60+,0,0.99184157
118250,Overweight,60+,0,0.99184157
118254,Obese,60+,0,1.16070581
118259,Obese,18-39,0,1.02793506
118262,Overweight,18-39,0,0.96357574
118265,Overweight,18-39,0,0.96357574
118266,Overweight,60+,0,0.99184157
118267,Obese,40-59,0,1.07484439
118269,Overweight,40-59,0,0.96535923
118276,Obese,18-39,0,1.02793506
118279,Overweight,60+,0,0.99184157
118282,Obese,18-39,0,1.02793506
118285,Overweight,60+,0,0.99184157
118286,Obese,40-59,0,1.07484439
118292,Obese,40-59,0,1.07484439
118293,Obese,60+,0,1.16070581
118295,Normal,40-59,0,0.9470026
118298,Obese,60+,0,1.16070581
118299,Overweight,40-59,0,0.96535923
118306,Overweight,18-39,0,0.96357574
118315,Normal,18-39,0,0.95095392
118319,Obese,18-39,0,1.02793506
118322,Overweight,60+,1,1.1805357
118328,Overweight,60+,0,0.99184157
118336,Obese,60+,0,1.16070581
118337,Underweight,18-39,0,0.95641655
118340,Obese,18-39,0,1.02793506
118342,Normal,40-59,0,0.9470026
118344,Obese,40-59,0,1.07484439
118348,Overweight,60+,0,0.99184157
118351,Obese,60+,0,1.16070581
118352,Overweight,60+,0,0.99184157
118358,Overweight,40-59,0,0.96535923
118362,Obese,60+,0,1.16070581
118369,Obese,40-59,0,1.07484439
118370,Obese,40-59,0,1.07484439
118374,Overweight,18-39,0,0.96357574
118375,Obese,18-39,0,1.02793506
118381,Obese,40-59,0,1.07484439
118382,Overweight,60+,0,0.99184157
118385,Normal,18-39,0,0.95095392
118386,Obese,40-59,1,0.6229753
118387,Normal,60+,0,0.99919758
118406,Overweight,40-59,0,0.96535923
118407,Normal,40-59,0,0.9470026
118408,Obese,18-39,1,0.83907659
118409,Obese,18-39,0,1.02793506
118411,Obese,60+,0,1.16070581
118416,Overweight,60+,0,0.99184157
118418,Normal,40-59,0,0.9470026
118423,Obese,40-59,0,1.07484439
118432,Underweight,18-39,0,0.95641655
118435,Obese,60+,0,1.16070581
118436,Underweight,60+,1,2.02992742
118442,Overweight,18-39,0,0.96357574
118451,Obese,18-39,1,0.83907659
118452,Overweight,60+,0,0.99184157
118457,Normal,60+,0,0.99919758
118458,Overweight,60+,0,0.99184157
118459,Overweight,60+,0,0.99184157
118460,Overweight,18-39,0,0.96357574
118464,Obese,40-59,0,1.07484439
118465,Normal,18-39,0,0.95095392
118466,Normal,60+,0,0.99919758
118471,Normal,60+,0,0.99919758
118476,Obese,40-59,0,1.07484439
118479,Overweight,60+,0,0.99184157
118482,Obese,18-39,0,1.02793506
118484,Obese,40-59,0,1.07484439
118486,Overweight,18-39,0,0.96357574
118494,Normal,40-59,0,0.9470026
118496,Obese,40-59,0,1.07484439
118500,Obese,40-59,0,1.07484439
118503,Overweight,18-39,0,0.96357574
118512,Obese,40-59,0,1.07484439
118513,Obese,60+,0,1.16070581
118514,Overweight,40-59,0,0.96535923
118520,Overweight,60+,1,1.1805357
118522,Overweight,60+,0,0.99184157
118523,Overweight,40-59,0,0.96535923
118525,Obese,60+,0,1.16070581
118532,Overweight,60+,0,0.99184157
118533,Overweight,60+,0,0.99184157
118536,Normal,60+,0,0.99919758
118537,Normal,18-39,0,0.95095392
118541,Obese,40-59,0,1.07484439
118548,Normal,18-39,0,0.95095392
118550,Obese,18-39,0,1.02793506
118552,Obese,18-39,0,1.02793506
118553,Normal,40-59,0,0.9470026
118554,Overweight,40-59,0,0.96535923
118563,Obese,40-59,0,1.07484439
118564,Obese,60+,1,0.43949422
118565,Overweight,40-59,0,0.96535923
118569,Obese,60+,1,0.43949422
118573,Overweight,40-59,0,0.96535923
118579,Normal,60+,0,0.99919758
118588,Obese,60+,1,0.43949422
118595,Overweight,60+,0,0.99184157
118601,Obese,40-59,0,1.07484439
118604,Overweight,40-59,1,1.73083124
118605,Overweight,18-39,0,0.96357574
118607,Obese,40-59,0,1.07484439
118610,Normal,40-59,0,0.9470026
118611,Overweight,40-59,0,0.96535923
118616,Overweight,18-39,0,0.96357574
118618,Obese,40-59,1,0.6229753
118621,Obese,40-59,0,1.07484439
118622,Obese,60+,0,1.16070581
118623,Normal,60+,0,0.99919758
118624,Overweight,18-39,0,0.96357574
118628,Obese,40-59,0,1.07484439
118636,Obese,60+,0,1.16070581
118638,Normal,60+,0,0.99919758
118640,Overweight,40-59,0,0.96535923
118648,Overweight,40-59,0,0.96535923
118650,Obese,18-39,0,1.02793506
118651,Overweight,40-59,0,0.96535923
118654,Overweight,18-39,0,0.96357574
118655,Obese,40-59,0,1.07484439
118669,Overweight,18-39,0,0.96357574
118673,Overweight,18-39,0,0.96357574
118675,Overweight,40-59,0,0.96535923
118682,Normal,40-59,0,0.9470026
118687,Overweight,40-59,0,0.96535923
118692,Obese,60+,0,1.16070581
118693,Normal,40-59,0,0.9470026
118697,Normal,40-59,0,0.9470026
118712,Obese,18-39,0,1.02793506
118721,Obese,60+,0,1.16070581
118722,Obese,60+,0,1.16070581
118727,Obese,60+,0,1.16070581
118729,Obese,40-59,1,0.6229753
118731,Normal,60+,0,0.99919758
118732,Overweight,40-59,0,0.96535923
118734,Normal,18-39,0,0.95095392
118743,Obese,60+,0,1.16070581
118750,Overweight,18-39,0,0.96357574
118752,Overweight,18-39,0,0.96357574
118758,Obese,60+,0,1.16070581
118759,Obese,18-39,1,0.83907659
118766,Obese,18-39,0,1.02793506
118767,Normal,60+,0,0.99919758
118775,Overweight,40-59,0,0.96535923
118776,Overweight,40-59,0,0.96535923
118781,Obese,40-59,0,1.07484439
118783,Overweight,60+,0,0.99184157
118784,Obese,18-39,0,1.02793506
118786,Normal,40-59,0,0.9470026
118791,Obese,18-39,0,1.02793506
118792,Overweight,60+,0,0.99184157
118797,Overweight,18-39,1,1.75972303
118802,Obese,18-39,0,1.02793506
118804,Obese,18-39,0,1.02793506
118805,Obese,40-59,0,1.07484439
118810,Overweight,18-39,0,0.96357574
118811,Normal,18-39,0,0.95095392
118813,Obese,60+,0,1.16070581
118815,Obese,40-59,0,1.07484439
118816,Overweight,18-39,0,0.96357574
118834,Overweight,40-59,0,0.96535923
118840,Normal,18-39,0,0.95095392
118841,Normal,40-59,0,0.9470026
118857,Obese,60+,0,1.16070581
118861,Obese,60+,1,0.43949422
118871,Overweight,60+,0,0.99184157
118872,Overweight,60+,0,0.99184157
118879,Normal,18-39,0,0.95095392
118890,Obese,60+,1,0.43949422
118895,Underweight,18-39,0,0.95641655
118897,Obese,40-59,0,1.07484439
118899,Obese,60+,0,1.16070581
118904,Obese,18-39,0,1.02793506
118906,Obese,60+,0,1.16070581
118914,Normal,60+,0,0.99919758
118915,Normal,40-59,0,0.9470026
118924,Overweight,40-59,0,0.96535923
118929,Overweight,40-59,1,1.73083124
118935,Obese,60+,0,1.16070581
118942,Normal,18-39,0,0.95095392
118943,Obese,18-39,0,1.02793506
118944,Underweight,40-59,0,0.95641655
118951,Obese,40-59,0,1.07484439
118952,Normal,18-39,0,0.95095392
118953,Obese,60+,0,1.16070581
118954,Obese,60+,1,0.43949422
118962,Obese,60+,0,1.16070581
118980,Overweight,40-59,0,0.96535923
118981,Normal,18-39,0,0.95095392
118986,Obese,40-59,0,1.07484439
118989,Normal,40-59,0,0.9470026
118991,Normal,18-39,0,0.95095392
118999,Obese,60+,0,1.16070581
119009,Overweight,60+,0,0.99184157
119013,Overweight,60+,0,0.99184157
119022,Overweight,60+,0,0.99184157
119029,Overweight,40-59,0,0.96535923
119030,Normal,60+,0,0.99919758
119040,Overweight,60+,0,0.99184157
119041,Obese,18-39,0,1.02793506
119044,Obese,40-59,0,1.07484439
119053,Overweight,40-59,0,0.96535923
119055,Normal,60+,0,0.99919758
119056,Obese,60+,0,1.16070581
119067,Normal,40-59,0,0.9470026
119068,Obese,40-59,1,0.6229753
119070,Overweight,18-39,0,0.96357574
119075,Normal,40-59,0,0.9470026
119076,Obese,60+,0,1.16070581
119077,Obese,40-59,0,1.07484439
119082,Overweight,60+,1,1.1805357
119083,Obese,60+,0,1.16070581
119092,Normal,60+,0,0.99919758
119094,Obese,40-59,0,1.07484439
119102,Obese,60+,0,1.16070581
119104,Obese,18-39,0,1.02793506
119105,Obese,40-59,0,1.07484439
119126,Normal,60+,0,0.99919758
119128,Obese,18-39,0,1.02793506
119133,Normal,18-39,0,0.95095392
119139,Overweight,60+,0,0.99184157
119142,Overweight,60+,0,0.99184157
119146,Obese,18-39,0,1.02793506
119149,Normal,40-59,0,0.9470026
119152,Underweight,40-59,0,0.95641655
119155,Obese,60+,1,0.43949422
119156,Normal,18-39,0,0.95095392
119158,Obese,40-59,0,1.07484439
119160,Obese,60+,0,1.16070581
119164,Obese,60+,0,1.16070581
119166,Overweight,40-59,0,0.96535923
119167,Normal,18-39,0,0.95095392
119172,Normal,60+,0,0.99919758
119175,Obese,40-59,1,0.6229753
119179,Overweight,60+,0,0.99184157
119186,Normal,60+,0,0.99919758
119189,Obese,60+,0,1.16070581
119192,Obese,40-59,0,1.07484439
119193,Overweight,40-59,0,0.96535923
119194,Overweight,40-59,0,0.96535923
119197,Obese,60+,0,1.16070581
119201,Obese,18-39,0,1.02793506
119207,Normal,40-59,0,0.9470026
119211,Normal,60+,0,0.99919758
119216,Overweight,40-59,0,0.96535923
119219,Normal,60+,0,0.99919758
119230,Overweight,60+,0,0.99184157
119232,Normal,40-59,0,0.9470026
119245,Overweight,40-59,0,0.96535923
119257,Obese,40-59,0,1.07484439
119261,Obese,18-39,1,0.83907659
119262,Obese,40-59,1,0.6229753
119265,Obese,60+,1,0.43949422
119266,Overweight,40-59,0,0.96535923
119267,Normal,60+,0,0.99919758
119269,Normal,60+,0,0.99919758
119299,Overweight,40-59,0,0.96535923
119300,Overweight,40-59,0,0.96535923
119313,Obese,60+,0,1.16070581
119323,Overweight,40-59,1,1.73083124
119326,Overweight,40-59,0,0.96535923
119328,Normal,18-39,0,0.95095392
119335,Normal,60+,0,0.99919758
119340,Obese,18-39,0,1.02793506
119345,Normal,18-39,0,0.95095392
119350,Normal,40-59,0,0.9470026
119354,Obese,18-39,0,1.02793506
119356,Normal,60+,0,0.99919758
119357,Normal,18-39,0,0.95095392
119358,Overweight,40-59,1,1.73083124
119363,Normal,60+,0,0.99919758
119364,Overweight,60+,0,0.99184157
119367,Normal,60+,1,1.0877278
119369,Overweight,60+,0,0.99184157
119370,Obese,60+,0,1.16070581
119381,Overweight,60+,0,0.99184157
119382,Normal,60+,0,0.99919758
119385,Obese,40-59,0,1.07484439
119399,Overweight,60+,0,0.99184157
119405,Overweight,40-59,0,0.96535923
119406,Obese,60+,0,1.16070581
119407,Normal,40-59,0,0.9470026
119418,Obese,18-39,0,1.02793506
119422,Underweight,40-59,0,0.95641655
119430,Obese,40-59,0,1.07484439
119434,Overweight,60+,0,0.99184157
119438,Obese,18-39,0,1.02793506
119442,Obese,40-59,0,1.07484439
119443,Obese,18-39,0,1.02793506
119453,Normal,18-39,0,0.95095392
119461,Normal,40-59,0,0.9470026
119466,Overweight,60+,0,0.99184157
119467,Normal,18-39,0,0.95095392
119470,Normal,18-39,0,0.95095392
119478,Obese,40-59,0,1.07484439
119480,Normal,18-39,0,0.95095392
119487,Overweight,40-59,0,0.96535923
119491,Normal,60+,0,0.99919758
119497,Normal,18-39,0,0.95095392
119499,Overweight,40-59,0,0.96535923
119501,Obese,18-39,0,1.02793506
119508,Normal,18-39,0,0.95095392
119510,Obese,40-59,0,1.07484439
119512,Normal,60+,0,0.99919758
119523,Normal,18-39,0,0.95095392
119537,Normal,18-39,0,0.95095392
119543,Normal,40-59,0,0.9470026
119544,Obese,60+,1,0.43949422
119547,Obese,60+,0,1.16070581
119551,Overweight,40-59,0,0.96535923
119559,Overweight,40-59,0,0.96535923
119565,Normal,40-59,0,0.9470026
119567,Obese,60+,1,0.43949422
119569,Overweight,18-39,0,0.96357574
119575,Overweight,18-39,0,0.96357574
119580,Normal,18-39,0,0.95095392
119581,Overweight,40-59,0,0.96535923
119583,Normal,18-39,0,0.95095392
119584,Obese,40-59,0,1.07484439
119590,Overweight,40-59,0,0.96535923
119591,Obese,60+,0,1.16070581
119592,Obese,60+,0,1.16070581
119594,Overweight,40-59,0,0.96535923
119597,Overweight,40-59,0,0.96535923
119603,Normal,18-39,0,0.95095392
119605,Normal,60+,0,0.99919758
119606,Normal,60+,0,0.99919758
119608,Obese,18-39,0,1.02793506
119613,Normal,18-39,0,0.95095392
119617,Normal,60+,0,0.99919758
119618,Overweight,60+,0,0.99184157
119619,Obese,18-39,0,1.02793506
119624,Obese,40-59,0,1.07484439
119626,Normal,18-39,0,0.95095392
119632,Overweight,60+,0,0.99184157
119636,Obese,60+,0,1.16070581
119640,Normal,60+,0,0.99919758
119642,Obese,40-59,0,1.07484439
119644,Obese,40-59,0,1.07484439
119651,Normal,60+,0,0.99919758
119653,Normal,18-39,0,0.95095392
119659,Obese,40-59,0,1.07484439
119667,Obese,18-39,0,1.02793506
119669,Overweight,60+,0,0.99184157
119678,Obese,60+,0,1.16070581
119679,Overweight,18-39,0,0.96357574
119681,Obese,60+,0,1.16070581
119683,Overweight,60+,0,0.99184157
119687,Normal,18-39,0,0.95095392
119688,Overweight,40-59,0,0.96535923
119693,Obese,18-39,0,1.02793506
119694,Normal,18-39,0,0.95095392
119695,Overweight,60+,0,0.99184157
119696,Obese,40-59,0,1.07484439
119702,Normal,18-39,0,0.95095392
119703,Obese,40-59,1,0.6229753
119708,Normal,60+,0,0.99919758
119712,Obese,60+,0,1.16070581
119716,Obese,60+,1,0.43949422
119727,Underweight,18-39,0,0.95641655
119734,Overweight,60+,0,0.99184157
119735,Obese,60+,0,1.16070581
119737,Obese,18-39,0,1.02793506
119738,Obese,60+,0,1.16070581
119742,Overweight,18-39,0,0.96357574
119745,Obese,40-59,1,0.6229753
119746,Overweight,40-59,0,0.96535923
119750,Normal,60+,0,0.99919758
119752,Obese,60+,0,1.16070581
119753,Obese,40-59,1,0.6229753
119755,Normal,60+,0,0.99919758
119758,Obese,18-39,0,1.02793506
119761,Overweight,18-39,0,0.96357574
119762,Obese,60+,0,1.16070581
119769,Overweight,60+,0,0.99184157
119772,Overweight,18-39,0,0.96357574
119777,Obese,60+,0,1.16070581
119779,Overweight,60+,0,0.99184157
119780,Obese,40-59,0,1.07484439
119781,Obese,40-59,0,1.07484439
119788,Overweight,60+,0,0.99184157
119791,Normal,60+,0,0.99919758
119795,Normal,60+,0,0.99919758
119798,Obese,60+,0,1.16070581
119800,Obese,40-59,1,0.6229753
119801,Obese,40-59,0,1.07484439
119802,Obese,18-39,0,1.02793506
119810,Overweight,18-39,0,0.96357574
119814,Overweight,60+,0,0.99184157
119815,Normal,18-39,0,0.95095392
119817,Overweight,40-59,0,0.96535923
119821,Overweight,60+,0,0.99184157
119825,Overweight,40-59,0,0.96535923
119829,Obese,18-39,0,1.02793506
119832,Overweight,40-59,0,0.96535923
119834,Obese,40-59,0,1.07484439
119839,Obese,60+,0,1.16070581
119841,Obese,40-59,0,1.07484439
119842,Obese,40-59,0,1.07484439
119843,Obese,40-59,0,1.07484439
119852,Overweight,40-59,0,0.96535923
119855,Overweight,40-59,0,0.96535923
119859,Obese,18-39,0,1.02793506
119871,Obese,18-39,1,0.83907659
119873,Overweight,18-39,0,0.96357574
119875,Normal,18-39,1,2.30337731
119880,Normal,18-39,0,0.95095392
119882,Obese,18-39,0,1.02793506
119885,Obese,40-59,0,1.07484439
119886,Obese,60+,0,1.16070581
119887,Normal,18-39,0,0.95095392
119890,Obese,40-59,0,1.07484439
119892,Obese,18-39,0,1.02793506
119896,Obese,40-59,0,1.07484439
119897,Overweight,18-39,0,0.96357574
119898,Underweight,18-39,0,0.95641655
119901,Normal,18-39,0,0.95095392
119908,Obese,18-39,0,1.02793506
119911,Obese,60+,0,1.16070581
119913,Overweight,60+,0,0.99184157
119918,Overweight,60+,0,0.99184157
119928,Normal,40-59,0,0.9470026
119935,Overweight,18-39,0,0.96357574
119937,Obese,18-39,1,0.83907659
119939,Overweight,40-59,0,0.96535923
119941,Normal,60+,0,0.99919758
119944,Obese,60+,1,0.43949422
119947,Overweight,40-59,0,0.96535923
119949,Overweight,18-39,0,0.96357574
119951,Overweight,60+,0,0.99184157
119958,Obese,18-39,0,1.02793506
119959,Overweight,40-59,0,0.96535923
119966,Overweight,60+,0,0.99184157
119972,Obese,60+,0,1.16070581
119980,Normal,18-39,0,0.95095392
119987,Overweight,40-59,0,0.96535923
119988,Underweight,18-39,0,0.95641655
119989,Overweight,18-39,0,0.96357574
119994,Normal,40-59,0,0.9470026
119995,Normal,18-39,0,0.95095392
119996,Overweight,40-59,1,1.73083124
119997,Obese,18-39,0,1.02793506
120000,Obese,18-39,0,1.02793506
120003,Obese,40-59,0,1.07484439
120010,Obese,60+,0,1.16070581
120013,Obese,60+,0,1.16070581
120016,Obese,18-39,1,0.83907659
120021,Obese,40-59,0,1.07484439
120026,Underweight,60+,0,0.95641655
120027,Overweight,18-39,0,0.96357574
120039,Normal,18-39,0,0.95095392
120040,Obese,60+,0,1.16070581
120041,Overweight,60+,0,0.99184157
120043,Overweight,40-59,0,0.96535923
120048,Normal,18-39,0,0.95095392
120049,Overweight,60+,0,0.99184157
120055,Normal,18-39,0,0.95095392
120056,Obese,40-59,0,1.07484439
120062,Obese,60+,0,1.16070581
120064,Obese,60+,1,0.43949422
120076,Obese,40-59,0,1.07484439
120078,Obese,60+,0,1.16070581
120079,Overweight,18-39,0,0.96357574
120084,Normal,18-39,0,0.95095392
120099,Obese,18-39,0,1.02793506
120119,Overweight,60+,0,0.99184157
120126,Obese,18-39,1,0.83907659
120129,Normal,18-39,0,0.95095392
120131,Underweight,40-59,0,0.95641655
120137,Overweight,18-39,0,0.96357574
120142,Normal,40-59,0,0.9470026
120145,Obese,18-39,0,1.02793506
120150,Overweight,60+,0,0.99184157
120153,Overweight,18-39,0,0.96357574
120154,Underweight,18-39,0,0.95641655
120156,Normal,60+,0,0.99919758
120160,Obese,18-39,0,1.02793506
120165,Underweight,40-59,0,0.95641655
120173,Obese,40-59,0,1.07484439
120177,Overweight,60+,0,0.99184157
120178,Obese,18-39,0,1.02793506
120179,Normal,18-39,0,0.95095392
120180,Obese,60+,1,0.43949422
120183,Obese,40-59,0,1.07484439
120188,Obese,18-39,0,1.02793506
120196,Overweight,40-59,0,0.96535923
120197,Overweight,40-59,0,0.96535923
120198,Obese,18-39,0,1.02793506
120204,Obese,40-59,0,1.07484439
120211,Overweight,40-59,0,0.96535923
120212,Overweight,60+,0,0.99184157
120214,Normal,60+,0,0.99919758
120223,Normal,60+,0,0.99919758
120224,Overweight,60+,0,0.99184157
120241,Obese,60+,0,1.16070581
120246,Overweight,18-39,0,0.96357574
120251,Obese,60+,0,1.16070581
120257,Overweight,60+,0,0.99184157
120258,Overweight,40-59,0,0.96535923
120259,Obese,60+,0,1.16070581
120278,Overweight,60+,0,0.99184157
120279,Normal,40-59,0,0.9470026
120283,Normal,18-39,0,0.95095392
120285,Normal,60+,0,0.99919758
120286,Overweight,60+,0,0.99184157
120291,Normal,18-39,0,0.95095392
120296,Overweight,40-59,0,0.96535923
120300,Obese,60+,1,0.43949422
120307,Overweight,60+,0,0.99184157
120311,Obese,60+,0,1.16070581
120322,Obese,60+,0,1.16070581
120325,Obese,18-39,0,1.02793506
120327,Obese,60+,0,1.16070581
120329,Normal,40-59,0,0.9470026
120332,Obese,60+,0,1.16070581
120334,Overweight,18-39,0,0.96357574
120336,Overweight,40-59,0,0.96535923
120338,Obese,60+,0,1.16070581
120340,Overweight,60+,0,0.99184157
120343,Overweight,60+,0,0.99184157
120345,Overweight,60+,0,0.99184157
120346,Obese,40-59,1,0.6229753
120350,Overweight,40-59,0,0.96535923
120352,Normal,60+,0,0.99919758
120355,Underweight,18-39,0,0.95641655
120358,Obese,40-59,0,1.07484439
120363,Normal,40-59,0,0.9470026
120364,Obese,60+,0,1.16070581
120369,Overweight,60+,0,0.99184157
120371,Normal,60+,0,0.99919758
120373,Obese,18-39,0,1.02793506
120376,Obese,40-59,0,1.07484439
120379,Overweight,60+,0,0.99184157
120380,Obese,18-39,0,1.02793506
120381,Overweight,60+,0,0.99184157
120382,Overweight,40-59,0,0.96535923
120384,Obese,60+,0,1.16070581
120386,Obese,18-39,0,1.02793506
120387,Overweight,60+,0,0.99184157
120395,Obese,18-39,0,1.02793506
120400,Overweight,18-39,0,0.96357574
120401,Underweight,60+,0,0.95641655
120403,Obese,40-59,0,1.07484439
120405,Normal,18-39,0,0.95095392
120407,Overweight,40-59,0,0.96535923
120412,Obese,40-59,1,0.6229753
120413,Obese,18-39,0,1.02793506
120414,Normal,18-39,0,0.95095392
120416,Overweight,60+,0,0.99184157
120418,Obese,18-39,0,1.02793506
120419,Obese,60+,0,1.16070581
120420,Overweight,40-59,0,0.96535923
120422,Obese,18-39,1,0.83907659
120428,Obese,40-59,0,1.07484439
120440,Overweight,40-59,0,0.96535923
120441,Normal,18-39,0,0.95095392
120451,Normal,18-39,0,0.95095392
120454,Overweight,40-59,0,0.96535923
120455,Overweight,60+,0,0.99184157
120456,Obese,40-59,0,1.07484439
120458,Obese,18-39,0,1.02793506
120461,Overweight,18-39,0,0.96357574
120462,Normal,60+,0,0.99919758
120467,Obese,40-59,0,1.07484439
120468,Overweight,60+,0,0.99184157
120478,Overweight,60+,0,0.99184157
120480,Obese,40-59,0,1.07484439
120481,Overweight,18-39,0,0.96357574
120484,Overweight,18-39,0,0.96357574
120491,Overweight,18-39,0,0.96357574
120494,Normal,18-39,0,0.95095392
120498,Normal,18-39,0,0.95095392
120500,Overweight,40-59,0,0.96535923
120510,Overweight,40-59,0,0.96535923
120519,Obese,18-39,0,1.02793506
120521,Obese,60+,0,1.16070581
120522,Normal,60+,0,0.99919758
120523,Normal,18-39,0,0.95095392
120535,Obese,60+,0,1.16070581
120538,Overweight,40-59,0,0.96535923
120542,Normal,40-59,0,0.9470026
120544,Overweight,60+,0,0.99184157
120545,Obese,40-59,0,1.07484439
120553,Overweight,18-39,0,0.96357574
120556,Overweight,60+,0,0.99184157
120557,Normal,60+,0,0.99919758
120563,Obese,60+,0,1.16070581
120571,Normal,40-59,0,0.9470026
120573,Obese,40-59,0,1.07484439
120577,Obese,40-59,0,1.07484439
120581,Overweight,18-39,0,0.96357574
120584,Overweight,60+,1,1.1805357
120590,Normal,60+,0,0.99919758
120597,Overweight,60+,0,0.99184157
120603,Normal,60+,0,0.99919758
120607,Obese,40-59,0,1.07484439
120609,Normal,18-39,0,0.95095392
120610,Overweight,40-59,0,0.96535923
120611,Overweight,60+,0,0.99184157
120623,Overweight,18-39,0,0.96357574
120629,Normal,18-39,0,0.95095392
120631,Overweight,40-59,0,0.96535923
120647,Obese,60+,0,1.16070581
120652,Overweight,60+,0,0.99184157
120653,Normal,60+,0,0.99919758
120654,Overweight,18-39,0,0.96357574
120661,Normal,18-39,0,0.95095392
120662,Obese,40-59,0,1.07484439
120676,Overweight,40-59,0,0.96535923
120684,Normal,18-39,0,0.95095392
120687,Normal,18-39,0,0.95095392
120694,Overweight,40-59,0,0.96535923
120696,Obese,18-39,0,1.02793506
120710,Obese,40-59,0,1.07484439
120717,Obese,18-39,0,1.02793506
120720,Overweight,40-59,0,0.96535923
120723,Obese,18-39,0,1.02793506
120727,Obese,18-39,1,0.83907659
120731,Overweight,18-39,0,0.96357574
120734,Obese,60+,0,1.16070581
120738,Overweight,60+,0,0.99184157
120742,Obese,60+,0,1.16070581
120743,Overweight,60+,0,0.99184157
120745,Overweight,18-39,0,0.96357574
120747,Overweight,60+,0,0.99184157
120752,Overweight,60+,0,0.99184157
120762,Obese,60+,0,1.16070581
120769,Obese,40-59,0,1.07484439
120770,Underweight,40-59,1,2.02992742
120778,Obese,18-39,0,1.02793506
120779,Obese,40-59,0,1.07484439
120780,Normal,40-59,0,0.9470026
120784,Obese,40-59,0,1.07484439
120794,Normal,40-59,0,0.9470026
120804,Overweight,40-59,0,0.96535923
120817,Overweight,40-59,1,1.73083124
120821,Overweight,60+,1,1.1805357
120825,Obese,40-59,0,1.07484439
120828,Normal,60+,0,0.99919758
120832,Obese,60+,0,1.16070581
120838,Normal,60+,1,1.0877278
120842,Overweight,18-39,0,0.96357574
120846,Obese,40-59,0,1.07484439
120862,Normal,60+,0,0.99919758
120870,Normal,60+,0,0.99919758
120873,Overweight,60+,0,0.99184157
120874,Overweight,18-39,0,0.96357574
120876,Overweight,18-39,0,0.96357574
120880,Overweight,18-39,0,0.96357574
120882,Normal,18-39,0,0.95095392
120885,Overweight,60+,0,0.99184157
120894,Obese,18-39,0,1.02793506
120904,Obese,60+,1,0.43949422
120905,Overweight,60+,0,0.99184157
120917,Overweight,60+,0,0.99184157
120921,Obese,18-39,0,1.02793506
120922,Obese,40-59,0,1.07484439
120927,Obese,40-59,0,1.07484439
120928,Normal,18-39,0,0.95095392
120933,Overweight,60+,0,0.99184157
120936,Obese,60+,1,0.43949422
120939,Obese,60+,0,1.16070581
120953,Obese,60+,0,1.16070581
120960,Obese,60+,0,1.16070581
120962,Overweight,40-59,0,0.96535923
120967,Obese,40-59,0,1.07484439
120969,Obese,40-59,1,0.6229753
120973,Overweight,60+,0,0.99184157
120987,Obese,40-59,0,1.07484439
120991,Overweight,18-39,0,0.96357574
121000,Overweight,40-59,0,0.96535923
121001,Overweight,60+,0,0.99184157
121005,Obese,60+,0,1.16070581
121008,Normal,40-59,0,0.9470026
121015,Obese,18-39,0,1.02793506
121022,Overweight,18-39,0,0.96357574
121023,Overweight,60+,0,0.99184157
121032,Normal,18-39,0,0.95095392
121038,Overweight,40-59,0,0.96535923
121041,Obese,40-59,1,0.6229753
121043,Obese,18-39,0,1.02793506
121045,Obese,18-39,0,1.02793506
121047,Normal,60+,0,0.99919758
121052,Obese,18-39,0,1.02793506
121057,Overweight,18-39,0,0.96357574
121058,Overweight,40-59,0,0.96535923
121060,Normal,18-39,0,0.95095392
121061,Normal,60+,1,1.0877278
121063,Obese,40-59,0,1.07484439
121064,Obese,40-59,0,1.07484439
121069,Obese,18-39,0,1.02793506
121071,Overweight,18-39,0,0.96357574
121073,Overweight,60+,1,1.1805357
121083,Obese,18-39,0,1.02793506
121088,Obese,18-39,0,1.02793506
121089,Overweight,60+,0,0.99184157
121091,Normal,18-39,0,0.95095392
121095,Obese,60+,0,1.16070581
121098,Overweight,40-59,0,0.96535923
121101,Obese,18-39,0,1.02793506
121102,Overweight,40-59,0,0.96535923
121105,Obese,40-59,0,1.07484439
121106,Overweight,60+,0,0.99184157
121110,Overweight,40-59,0,0.96535923
121117,Obese,40-59,0,1.07484439
121120,Obese,40-59,1,0.6229753
121122,Overweight,40-59,0,0.96535923
121123,Obese,40-59,0,1.07484439
121134,Obese,40-59,0,1.07484439
121135,Obese,40-59,0,1.07484439
121136,Normal,60+,0,0.99919758
121139,Obese,18-39,1,0.83907659
121146,Normal,18-39,0,0.95095392
121147,Overweight,40-59,0,0.96535923
121149,Obese,40-59,0,1.07484439
121156,Obese,40-59,1,0.6229753
121172,Obese,60+,0,1.16070581
121175,Normal,60+,0,0.99919758
121176,Obese,60+,0,1.16070581
121177,Normal,18-39,0,0.95095392
121178,Obese,60+,0,1.16070581
121182,Overweight,40-59,0,0.96535923
121185,Overweight,40-59,0,0.96535923
121187,Obese,60+,0,1.16070581
121188,Normal,18-39,0,0.95095392
121197,Obese,60+,0,1.16070581
121199,Normal,18-39,0,0.95095392
121201,Obese,18-39,0,1.02793506
121204,Normal,60+,0,0.99919758
121205,Overweight,60+,0,0.99184157
121207,Underweight,60+,0,0.95641655
121215,Normal,18-39,0,0.95095392
121219,Overweight,40-59,0,0.96535923
121220,Overweight,18-39,0,0.96357574
121228,Normal,18-39,0,0.95095392
121235,Overweight,18-39,0,0.96357574
121237,Obese,60+,0,1.16070581
121246,Obese,40-59,0,1.07484439
121249,Overweight,60+,0,0.99184157
121253,Overweight,40-59,0,0.96535923
121254,Normal,40-59,0,0.9470026
121269,Obese,40-59,0,1.07484439
121277,Obese,60+,0,1.16070581
121284,Obese,40-59,0,1.07484439
121286,Obese,18-39,0,1.02793506
121287,Overweight,60+,0,0.99184157
121293,Obese,18-39,0,1.02793506
121294,Obese,60+,0,1.16070581
121295,Normal,60+,0,0.99919758
121296,Overweight,40-59,0,0.96535923
121299,Obese,60+,0,1.16070581
121303,Overweight,40-59,0,0.96535923
121309,Overweight,60+,0,0.99184157
121311,Overweight,18-39,0,0.96357574
121313,Overweight,40-59,0,0.96535923
121315,Obese,40-59,0,1.07484439
121319,Obese,40-59,0,1.07484439
121321,Obese,60+,1,0.43949422
121322,Overweight,60+,0,0.99184157
121325,Overweight,40-59,0,0.96535923
121326,Overweight,60+,0,0.99184157
121329,Normal,60+,1,1.0877278
121334,Normal,60+,0,0.99919758
121335,Obese,18-39,0,1.02793506
121336,Obese,60+,1,0.43949422
121340,Normal,18-39,0,0.95095392
121345,Obese,18-39,0,1.02793506
121346,Overweight,40-59,0,0.96535923
121348,Obese,40-59,0,1.07484439
121350,Obese,40-59,0,1.07484439
121353,Overweight,60+,0,0.99184157
121361,Underweight,40-59,0,0.95641655
121364,Obese,18-39,0,1.02793506
121368,Normal,40-59,0,0.9470026
121371,Overweight,18-39,0,0.96357574
121378,Normal,40-59,0,0.9470026
121381,Obese,18-39,0,1.02793506
121383,Overweight,60+,0,0.99184157
121391,Obese,60+,0,1.16070581
121395,Obese,40-59,1,0.6229753
121398,Normal,60+,0,0.99919758
121405,Normal,18-39,0,0.95095392
121406,Overweight,60+,0,0.99184157
121410,Obese,60+,0,1.16070581
121415,Normal,60+,0,0.99919758
121417,Normal,40-59,0,0.9470026
121422,Obese,18-39,0,1.02793506
121424,Normal,40-59,0,0.9470026
121425,Obese,40-59,0,1.07484439
121428,Overweight,18-39,0,0.96357574
121432,Normal,60+,0,0.99919758
121435,Normal,18-39,0,0.95095392
121441,Normal,18-39,0,0.95095392
121442,Obese,60+,1,0.43949422
121443,Normal,40-59,0,0.9470026
121453,Overweight,18-39,0,0.96357574
121457,Obese,60+,0,1.16070581
121460,Obese,40-59,1,0.6229753
121461,Obese,40-59,0,1.07484439
121462,Overweight,60+,1,1.1805357
121464,Obese,18-39,0,1.02793506
121465,Obese,60+,0,1.16070581
121473,Normal,60+,1,1.0877278
121476,Normal,40-59,0,0.9470026
121480,Obese,60+,1,0.43949422
121481,Obese,18-39,0,1.02793506
121483,Normal,18-39,0,0.95095392
121484,Overweight,40-59,0,0.96535923
121485,Normal,18-39,0,0.95095392
121489,Obese,60+,0,1.16070581
121490,Normal,18-39,0,0.95095392
121494,Obese,60+,0,1.16070581
121506,Obese,40-59,0,1.07484439
121508,Normal,60+,0,0.99919758
121519,Normal,60+,0,0.99919758
121520,Overweight,40-59,0,0.96535923
121525,Overweight,60+,0,0.99184157
121530,Obese,18-39,0,1.02793506
121533,Overweight,18-39,0,0.96357574
121534,Overweight,18-39,0,0.96357574
121540,Overweight,40-59,0,0.96535923
121543,Obese,60+,0,1.16070581
121544,Obese,40-59,0,1.07484439
121550,Normal,18-39,0,0.95095392
121551,Overweight,60+,0,0.99184157
121554,Overweight,18-39,0,0.96357574
121556,Obese,60+,0,1.16070581
121558,Normal,18-39,0,0.95095392
121565,Obese,18-39,0,1.02793506
121569,Overweight,60+,0,0.99184157
121570,Normal,40-59,0,0.9470026
121576,Overweight,40-59,0,0.96535923
121579,Overweight,40-59,0,0.96535923
121585,Normal,40-59,0,0.9470026
121588,Overweight,60+,0,0.99184157
121592,Obese,18-39,0,1.02793506
121597,Overweight,40-59,1,1.73083124
121604,Overweight,18-39,0,0.96357574
121606,Overweight,40-59,0,0.96535923
121607,Overweight,60+,0,0.99184157
121610,Normal,18-39,0,0.95095392
121621,Normal,60+,0,0.99919758
121623,Obese,60+,1,0.43949422
121625,Overweight,60+,0,0.99184157
121631,Overweight,18-39,0,0.96357574
121634,Overweight,40-59,0,0.96535923
121638,Overweight,18-39,0,0.96357574
121644,Overweight,40-59,0,0.96535923
121645,Obese,60+,0,1.16070581
121647,Normal,60+,0,0.99919758
121648,Obese,60+,0,1.16070581
121650,Overweight,18-39,0,0.96357574
121653,Overweight,40-59,0,0.96535923
121657,Overweight,40-59,0,0.96535923
121662,Obese,18-39,0,1.02793506
121664,Overweight,40-59,0,0.96535923
121669,Normal,60+,0,0.99919758
121671,Obese,18-39,0,1.02793506
121673,Normal,18-39,0,0.95095392
121674,Normal,18-39,0,0.95095392
121675,Obese,60+,0,1.16070581
121682,Obese,60+,0,1.16070581
121687,Obese,18-39,0,1.02793506
121693,Normal,60+,0,0.99919758
121694,Obese,60+,0,1.16070581
121695,Obese,40-59,0,1.07484439
121700,Obese,40-59,1,0.6229753
121710,Obese,18-39,0,1.02793506
121711,Normal,18-39,0,0.95095392
121728,Obese,60+,1,0.43949422
121730,Obese,40-59,0,1.07484439
121731,Obese,40-59,0,1.07484439
121737,Normal,18-39,0,0.95095392
121738,Normal,40-59,0,0.9470026
121753,Obese,18-39,0,1.02793506
121763,Overweight,40-59,0,0.96535923
121764,Normal,18-39,0,0.95095392
121773,Obese,40-59,0,1.07484439
121774,Obese,60+,0,1.16070581
121775,Overweight,40-59,0,0.96535923
121776,Overweight,40-59,0,0.96535923
121780,Overweight,60+,0,0.99184157
121782,Obese,18-39,1,0.83907659
121786,Obese,40-59,0,1.07484439
121789,Normal,18-39,0,0.95095392
121791,Normal,60+,0,0.99919758
121796,Normal,40-59,0,0.9470026
121809,Normal,18-39,0,0.95095392
121816,Overweight,60+,1,1.1805357
121827,Overweight,60+,0,0.99184157
121828,Overweight,18-39,0,0.96357574
121830,Overweight,60+,0,0.99184157
121836,Normal,18-39,0,0.95095392
121838,Overweight,18-39,0,0.96357574
121840,Obese,60+,0,1.16070581
121841,Obese,18-39,0,1.02793506
121842,Overweight,18-39,0,0.96357574
121847,Obese,60+,0,1.16070581
121848,Obese,18-39,0,1.02793506
121850,Normal,18-39,0,0.95095392
121854,Overweight,18-39,0,0.96357574
121864,Normal,60+,1,1.0877278
121865,Normal,18-39,0,0.95095392
121866,Normal,40-59,0,0.9470026
121872,Obese,60+,0,1.16070581
121876,Normal,40-59,0,0.9470026
121877,Obese,18-39,0,1.02793506
121883,Overweight,60+,0,0.99184157
121891,Obese,40-59,0,1.07484439
121893,Overweight,18-39,0,0.96357574
121894,Normal,40-59,0,0.9470026
121897,Normal,18-39,0,0.95095392
121899,Obese,40-59,0,1.07484439
121906,Obese,18-39,0,1.02793506
121907,Overweight,60+,0,0.99184157
121913,Overweight,18-39,0,0.96357574
121919,Underweight,18-39,0,0.95641655
121920,Normal,18-39,0,0.95095392
121927,Obese,60+,0,1.16070581
121928,Obese,60+,0,1.16070581
121931,Overweight,18-39,0,0.96357574
121944,Overweight,40-59,0,0.96535923
121945,Overweight,60+,0,0.99184157
121948,Normal,40-59,0,0.9470026
121961,Obese,40-59,0,1.07484439
121962,Obese,40-59,1,0.6229753
121964,Overweight,60+,0,0.99184157
121972,Overweight,18-39,0,0.96357574
121974,Overweight,60+,0,0.99184157
121976,Obese,40-59,0,1.07484439
121979,Normal,40-59,0,0.9470026
121981,Overweight,60+,0,0.99184157
121982,Overweight,18-39,0,0.96357574
121985,Obese,18-39,1,0.83907659
121987,Overweight,40-59,0,0.96535923
121989,Normal,60+,0,0.99919758
121993,Normal,60+,0,0.99919758
121995,Normal,40-59,0,0.9470026
121997,Obese,18-39,0,1.02793506
122001,Overweight,40-59,0,0.96535923
122012,Overweight,18-39,0,0.96357574
122013,Normal,60+,0,0.99919758
122018,Normal,18-39,0,0.95095392
122021,Overweight,18-39,0,0.96357574
122023,Normal,40-59,0,0.9470026
122033,Underweight,18-39,0,0.95641655
122035,Normal,18-39,0,0.95095392
122036,Normal,60+,0,0.99919758
122037,Obese,60+,1,0.43949422
122038,Overweight,60+,0,0.99184157
122039,Overweight,40-59,0,0.96535923
122041,Obese,18-39,0,1.02793506
122043,Obese,60+,0,1.16070581
122052,Obese,60+,0,1.16070581
122054,Overweight,40-59,0,0.96535923
122056,Overweight,60+,0,0.99184157
122062,Overweight,18-39,0,0.96357574
122063,Overweight,40-59,0,0.96535923
122074,Overweight,60+,0,0.99184157
122077,Overweight,40-59,0,0.96535923
122078,Normal,60+,0,0.99919758
122093,Normal,18-39,0,0.95095392
122097,Overweight,18-39,0,0.96357574
122101,Obese,40-59,0,1.07484439
122107,Obese,18-39,0,1.02793506
122112,Overweight,18-39,0,0.96357574
122113,Normal,40-59,0,0.9470026
122116,Overweight,18-39,0,0.96357574
122127,Obese,18-39,0,1.02793506
122128,Normal,18-39,0,0.95095392
122129,Normal,60+,0,0.99919758
122139,Overweight,60+,0,0.99184157
122143,Overweight,18-39,0,0.96357574
122150,Overweight,60+,0,0.99184157
122153,Obese,60+,0,1.16070581
122154,Normal,60+,1,1.0877278
122156,Obese,60+,1,0.43949422
122179,Normal,18-39,0,0.95095392
122187,Overweight,60+,0,0.99184157
122188,Normal,40-59,0,0.9470026
122193,Obese,40-59,0,1.07484439
122196,Overweight,18-39,0,0.96357574
122207,Underweight,40-59,0,0.95641655
122209,Normal,18-39,0,0.95095392
122214,Obese,60+,0,1.16070581
122216,Overweight,40-59,0,0.96535923
122217,Obese,40-59,0,1.07484439
122219,Overweight,40-59,0,0.96535923
122222,Obese,18-39,0,1.02793506
122227,Normal,60+,0,0.99919758
122233,Normal,18-39,0,0.95095392
122234,Obese,18-39,0,1.02793506
122239,Normal,18-39,0,0.95095392
122241,Normal,40-59,0,0.9470026
122252,Obese,60+,0,1.16070581
122254,Overweight,18-39,0,0.96357574
122258,Obese,18-39,0,1.02793506
122260,Normal,60+,0,0.99919758
122265,Obese,18-39,0,1.02793506
122266,Normal,40-59,0,0.9470026
122271,Obese,18-39,0,1.02793506
122276,Overweight,18-39,0,0.96357574
122289,Normal,40-59,0,0.9470026
122294,Overweight,18-39,0,0.96357574
122297,Overweight,40-59,0,0.96535923
122301,Normal,18-39,0,0.95095392
122303,Obese,18-39,0,1.02793506
122305,Obese,18-39,1,0.83907659
122315,Normal,60+,0,0.99919758
122323,Obese,40-59,0,1.07484439
122325,Obese,40-59,0,1.07484439
122328,Obese,40-59,0,1.07484439
122333,Obese,18-39,0,1.02793506
122334,Overweight,18-39,0,0.96357574
122337,Normal,60+,0,0.99919758
122338,Obese,18-39,0,1.02793506
122339,Overweight,60+,0,0.99184157
122340,Normal,18-39,0,0.95095392
122343,Obese,60+,0,1.16070581
122350,Normal,18-39,0,0.95095392
122355,Obese,60+,0,1.16070581
122359,Normal,60+,0,0.99919758
122361,Obese,18-39,0,1.02793506
122364,Overweight,18-39,0,0.96357574
122373,Normal,18-39,0,0.95095392
122376,Normal,60+,0,0.99919758
122378,Normal,18-39,0,0.95095392
122379,Overweight,40-59,0,0.96535923
122383,Normal,18-39,0,0.95095392
122384,Obese,40-59,0,1.07484439
122387,Obese,60+,0,1.16070581
122394,Overweight,60+,0,0.99184157
122395,Obese,18-39,0,1.02793506
122405,Overweight,60+,0,0.99184157
122407,Obese,60+,1,0.43949422
122408,Normal,40-59,0,0.9470026
122414,Overweight,40-59,0,0.96535923
122416,Overweight,18-39,0,0.96357574
122417,Obese,60+,0,1.16070581
122421,Normal,18-39,0,0.95095392
122423,Obese,40-59,0,1.07484439
122430,Normal,18-39,0,0.95095392
122431,Overweight,40-59,0,0.96535923
122435,Obese,40-59,0,1.07484439
122442,Normal,60+,0,0.99919758
122448,Normal,40-59,0,0.9470026
122453,Overweight,60+,0,0.99184157
122454,Obese,40-59,0,1.07484439
122460,Normal,18-39,0,0.95095392
122462,Normal,18-39,0,0.95095392
122463,Obese,40-59,0,1.07484439
122468,Overweight,18-39,0,0.96357574
122473,Obese,60+,0,1.16070581
122477,Normal,18-39,0,0.95095392
122478,Overweight,40-59,0,0.96535923
122481,Overweight,18-39,0,0.96357574
122490,Obese,18-39,0,1.02793506
122493,Obese,40-59,0,1.07484439
122496,Obese,60+,0,1.16070581
122500,Normal,18-39,0,0.95095392
122504,Overweight,40-59,0,0.96535923
122511,Overweight,60+,0,0.99184157
122514,Obese,18-39,0,1.02793506
122517,Obese,60+,0,1.16070581
122528,Normal,18-39,0,0.95095392
122535,Obese,18-39,0,1.02793506
122543,Overweight,40-59,0,0.96535923
122546,Overweight,40-59,0,0.96535923
122556,Overweight,40-59,0,0.96535923
122559,Obese,40-59,0,1.07484439
122560,Overweight,60+,0,0.99184157
122563,Obese,18-39,0,1.02793506
122574,Normal,60+,0,0.99919758
122576,Underweight,40-59,0,0.95641655
122578,Obese,18-39,0,1.02793506
122581,Overweight,18-39,0,0.96357574
122587,Normal,40-59,0,0.9470026
122592,Overweight,18-39,0,0.96357574
122594,Normal,40-59,0,0.9470026
122595,Overweight,60+,0,0.99184157
122596,Obese,18-39,0,1.02793506
122597,Overweight,40-59,0,0.96535923
122602,Obese,18-39,0,1.02793506
122608,Obese,18-39,1,0.83907659
122609,Normal,40-59,0,0.9470026
122611,Obese,40-59,0,1.07484439
122612,Normal,60+,0,0.99919758
122617,Obese,18-39,0,1.02793506
122619,Obese,18-39,0,1.02793506
122621,Obese,60+,0,1.16070581
122629,Overweight,60+,0,0.99184157
122630,Obese,18-39,0,1.02793506
122637,Overweight,18-39,0,0.96357574
122643,Obese,18-39,0,1.02793506
122644,Overweight,40-59,0,0.96535923
122647,Obese,60+,0,1.16070581
122656,Normal,18-39,0,0.95095392
122657,Overweight,60+,0,0.99184157
122659,Overweight,18-39,0,0.96357574
122660,Overweight,60+,0,0.99184157
122663,Normal,18-39,0,0.95095392
122664,Overweight,40-59,0,0.96535923
122672,Obese,40-59,0,1.07484439
122676,Obese,40-59,0,1.07484439
122684,Obese,18-39,0,1.02793506
122685,Obese,60+,0,1.16070581
122687,Overweight,18-39,0,0.96357574
122691,Obese,40-59,1,0.6229753
122692,Normal,40-59,0,0.9470026
122698,Normal,18-39,0,0.95095392
122699,Overweight,18-39,0,0.96357574
122703,Overweight,40-59,0,0.96535923
122707,Overweight,18-39,0,0.96357574
122713,Obese,40-59,0,1.07484439
122717,Normal,40-59,0,0.9470026
122720,Obese,40-59,0,1.07484439
122724,Obese,40-59,0,1.07484439
122734,Obese,60+,0,1.16070581
122737,Normal,18-39,0,0.95095392
122746,Overweight,18-39,0,0.96357574
122749,Overweight,60+,0,0.99184157
122759,Normal,40-59,0,0.9470026
122766,Overweight,60+,0,0.99184157
122771,Normal,18-39,0,0.95095392
122780,Normal,60+,0,0.99919758
122781,Obese,60+,0,1.16070581
122784,Normal,40-59,0,0.9470026
122787,Overweight,40-59,1,1.73083124
122789,Obese,60+,0,1.16070581
122790,Overweight,18-39,0,0.96357574
122796,Overweight,60+,0,0.99184157
122803,Normal,60+,0,0.99919758
122806,Obese,40-59,0,1.07484439
122807,Normal,40-59,0,0.9470026
122816,Obese,18-39,0,1.02793506
122820,Overweight,60+,0,0.99184157
122824,Normal,18-39,0,0.95095392
122828,Obese,18-39,0,1.02793506
122833,Normal,40-59,0,0.9470026
122840,Obese,18-39,0,1.02793506
122842,Normal,40-59,0,0.9470026
122843,Normal,60+,0,0.99919758
122848,Obese,60+,1,0.43949422
122851,Obese,18-39,0,1.02793506
122852,Normal,18-39,0,0.95095392
122855,Obese,18-39,0,1.02793506
122856,Overweight,60+,0,0.99184157
122864,Overweight,40-59,0,0.96535923
122876,Obese,60+,0,1.16070581
122878,Normal,60+,1,1.0877278
122886,Obese,18-39,0,1.02793506
122889,Obese,40-59,0,1.07484439
122893,Obese,40-59,0,1.07484439
122896,Overweight,60+,0,0.99184157
122901,Obese,40-59,0,1.07484439
122906,Obese,18-39,0,1.02793506
122912,Obese,40-59,0,1.07484439
122916,Normal,18-39,0,0.95095392
122919,Obese,18-39,0,1.02793506
122923,Obese,60+,0,1.16070581
122925,Obese,40-59,0,1.07484439
122929,Overweight,18-39,0,0.96357574
122930,Overweight,60+,0,0.99184157
122931,Obese,60+,0,1.16070581
122934,Obese,18-39,0,1.02793506
122937,Obese,40-59,0,1.07484439
122938,Overweight,60+,0,0.99184157
122940,Normal,40-59,0,0.9470026
122949,Normal,40-59,0,0.9470026
122950,Obese,40-59,0,1.07484439
122951,Normal,18-39,0,0.95095392
122952,Obese,18-39,0,1.02793506
122960,Obese,60+,0,1.16070581
122962,Obese,60+,0,1.16070581
122963,Underweight,40-59,0,0.95641655
122974,Obese,60+,1,0.43949422
122977,Obese,40-59,1,0.6229753
122984,Normal,18-39,0,0.95095392
122985,Overweight,18-39,0,0.96357574
122988,Obese,40-59,0,1.07484439
122991,Normal,60+,0,0.99919758
122995,Normal,40-59,0,0.9470026
122996,Overweight,40-59,0,0.96535923
122997,Overweight,18-39,0,0.96357574
122998,Obese,18-39,0,1.02793506
123003,Obese,40-59,0,1.07484439
123004,Overweight,40-59,0,0.96535923
123005,Obese,40-59,0,1.07484439
123015,Normal,18-39,0,0.95095392
123021,Overweight,60+,0,0.99184157
123023,Normal,18-39,0,0.95095392
123025,Normal,60+,0,0.99919758
123029,Obese,40-59,0,1.07484439
123032,Overweight,60+,0,0.99184157
123035,Normal,18-39,0,0.95095392
123038,Obese,60+,0,1.16070581
123040,Overweight,60+,0,0.99184157
123043,Obese,40-59,1,0.6229753
123045,Obese,60+,0,1.16070581
123048,Obese,40-59,0,1.07484439
123050,Overweight,60+,0,0.99184157
123052,Obese,18-39,0,1.02793506
123063,Overweight,60+,0,0.99184157
123075,Obese,18-39,0,1.02793506
123077,Overweight,40-59,0,0.96535923
123083,Normal,60+,0,0.99919758
123084,Overweight,40-59,1,1.73083124
123089,Normal,40-59,0,0.9470026
123090,Obese,40-59,1,0.6229753
123096,Obese,18-39,0,1.02793506
123099,Normal,18-39,0,0.95095392
123104,Obese,60+,0,1.16070581
123105,Obese,18-39,0,1.02793506
123107,Obese,60+,0,1.16070581
123112,Obese,40-59,1,0.6229753
123113,Obese,18-39,0,1.02793506
123116,Overweight,60+,0,0.99184157
123120,Obese,40-59,0,1.07484439
123125,Overweight,40-59,0,0.96535923
123128,Overweight,40-59,0,0.96535923
123129,Normal,60+,0,0.99919758
123130,Normal,60+,0,0.99919758
123135,Overweight,60+,0,0.99184157
123138,Normal,60+,0,0.99919758
123139,Normal,40-59,0,0.9470026
123155,Overweight,60+,0,0.99184157
123159,Normal,18-39,0,0.95095392
123160,Obese,40-59,0,1.07484439
123162,Obese,60+,0,1.16070581
123163,Obese,60+,1,0.43949422
123165,Normal,18-39,0,0.95095392
123169,Overweight,18-39,0,0.96357574
123172,Obese,40-59,0,1.07484439
123173,Overweight,60+,1,1.1805357
123179,Obese,40-59,1,0.6229753
123185,Obese,40-59,0,1.07484439
123186,Obese,18-39,0,1.02793506
123190,Obese,60+,0,1.16070581
123196,Obese,60+,0,1.16070581
123198,Overweight,40-59,0,0.96535923
123204,Normal,18-39,0,0.95095392
123210,Overweight,18-39,0,0.96357574
123216,Obese,40-59,1,0.6229753
123220,Overweight,18-39,0,0.96357574
123221,Overweight,60+,0,0.99184157
123223,Obese,40-59,0,1.07484439
123226,Normal,18-39,0,0.95095392
123227,Obese,18-39,0,1.02793506
123235,Overweight,60+,1,1.1805357
123237,Normal,40-59,0,0.9470026
123239,Overweight,18-39,0,0.96357574
123243,Normal,40-59,0,0.9470026
123244,Normal,18-39,0,0.95095392
123251,Normal,18-39,0,0.95095392
123252,Obese,18-39,0,1.02793506
123254,Overweight,40-59,1,1.73083124
123258,Overweight,60+,0,0.99184157
123261,Obese,40-59,1,0.6229753
123265,Normal,18-39,0,0.95095392
123266,Overweight,18-39,0,0.96357574
123268,Overweight,60+,0,0.99184157
123274,Obese,18-39,0,1.02793506
123277,Obese,40-59,0,1.07484439
123278,Obese,40-59,0,1.07484439
123280,Overweight,60+,0,0.99184157
123284,Obese,40-59,0,1.07484439
123286,Obese,18-39,0,1.02793506
123287,Obese,18-39,0,1.02793506
123290,Obese,60+,0,1.16070581
123294,Obese,18-39,0,1.02793506
123295,Obese,18-39,0,1.02793506
123306,Obese,18-39,0,1.02793506
123315,Obese,60+,0,1.16070581
123317,Obese,60+,0,1.16070581
123318,Overweight,40-59,0,0.96535923
123319,Obese,18-39,0,1.02793506
123322,Overweight,18-39,0,0.96357574
123326,Obese,18-39,1,0.83907659
123327,Overweight,60+,0,0.99184157
123328,Overweight,18-39,0,0.96357574
123335,Overweight,60+,0,0.99184157
123346,Overweight,60+,1,1.1805357
123347,Obese,60+,0,1.16070581
123349,Normal,18-39,0,0.95095392
123363,Normal,18-39,0,0.95095392
123366,Obese,60+,1,0.43949422
123367,Obese,60+,0,1.16070581
123372,Obese,40-59,0,1.07484439
123374,Obese,18-39,1,0.83907659
123380,Obese,40-59,0,1.07484439
123382,Normal,18-39,0,0.95095392
123386,Obese,18-39,0,1.02793506
123388,Obese,60+,1,0.43949422
123389,Underweight,18-39,0,0.95641655
123396,Obese,18-39,0,1.02793506
123399,Obese,60+,0,1.16070581
123409,Overweight,18-39,0,0.96357574
123416,Obese,60+,0,1.16070581
123423,Overweight,18-39,0,0.96357574
123429,Overweight,60+,0,0.99184157
123431,Normal,18-39,0,0.95095392
123440,Obese,18-39,0,1.02793506
123446,Obese,18-39,0,1.02793506
123447,Overweight,18-39,0,0.96357574
123453,Normal,18-39,0,0.95095392
123454,Obese,40-59,0,1.07484439
123466,Normal,40-59,0,0.9470026
123467,Obese,60+,0,1.16070581
123472,Overweight,18-39,0,0.96357574
123474,Overweight,40-59,0,0.96535923
123479,Overweight,40-59,0,0.96535923
123484,Normal,60+,0,0.99919758
123489,Overweight,60+,1,1.1805357
123496,Normal,60+,1,1.0877278
123505,Overweight,18-39,0,0.96357574
123506,Obese,60+,0,1.16070581
123507,Obese,18-39,0,1.02793506
123509,Overweight,40-59,0,0.96535923
123511,Overweight,18-39,0,0.96357574
123515,Normal,60+,0,0.99919758
123526,Obese,60+,1,0.43949422
123527,Overweight,40-59,0,0.96535923
123533,Overweight,60+,0,0.99184157
123537,Normal,40-59,0,0.9470026
123539,Obese,60+,0,1.16070581
123542,Obese,60+,0,1.16070581
123545,Obese,40-59,0,1.07484439
123548,Normal,18-39,0,0.95095392
123552,Obese,40-59,0,1.07484439
123553,Overweight,40-59,0,0.96535923
123554,Normal,40-59,0,0.9470026
123562,Obese,40-59,0,1.07484439
123564,Normal,18-39,0,0.95095392
123566,Obese,18-39,0,1.02793506
123568,Overweight,60+,1,1.1805357
123569,Obese,60+,0,1.16070581
123571,Overweight,40-59,0,0.96535923
123576,Overweight,18-39,0,0.96357574
123577,Obese,40-59,1,0.6229753
123582,Overweight,60+,0,0.99184157
123583,Overweight,60+,0,0.99184157
123584,Obese,60+,1,0.43949422
123587,Normal,40-59,0,0.9470026
123597,Obese,60+,0,1.16070581
123604,Obese,40-59,0,1.07484439
123606,Obese,18-39,0,1.02793506
123607,Obese,40-59,0,1.07484439
123608,Obese,18-39,0,1.02793506
123609,Overweight,60+,0,0.99184157
123610,Normal,18-39,0,0.95095392
123614,Normal,18-39,0,0.95095392
123622,Obese,18-39,1,0.83907659
123624,Obese,60+,0,1.16070581
123626,Obese,60+,0,1.16070581
123628,Normal,40-59,0,0.9470026
123632,Normal,18-39,0,0.95095392
123635,Obese,18-39,0,1.02793506
123636,Obese,18-39,0,1.02793506
123641,Obese,40-59,0,1.07484439
123646,Overweight,60+,0,0.99184157
123651,Normal,40-59,0,0.9470026
123654,Obese,40-59,1,0.6229753
123657,Overweight,18-39,0,0.96357574
123660,Overweight,40-59,0,0.96535923
123662,Overweight,60+,0,0.99184157
123668,Normal,40-59,0,0.9470026
123669,Obese,60+,0,1.16070581
123672,Overweight,40-59,0,0.96535923
123677,Normal,40-59,0,0.9470026
123681,Underweight,18-39,0,0.95641655
123686,Obese,18-39,0,1.02793506
123688,Overweight,18-39,0,0.96357574
123692,Overweight,18-39,0,0.96357574
123698,Overweight,60+,0,0.99184157
123704,Normal,40-59,0,0.9470026
123713,Overweight,40-59,0,0.96535923
123719,Normal,18-39,0,0.95095392
123720,Obese,18-39,0,1.02793506
123726,Overweight,40-59,0,0.96535923
123728,Overweight,40-59,0,0.96535923
123736,Obese,18-39,0,1.02793506
123744,Overweight,18-39,0,0.96357574
123745,Overweight,40-59,0,0.96535923
123748,Overweight,18-39,0,0.96357574
123749,Obese,18-39,0,1.02793506
123753,Overweight,60+,0,0.99184157
123754,Obese,60+,0,1.16070581
123760,Obese,40-59,1,0.6229753
123761,Obese,18-39,0,1.02793506
123767,Overweight,60+,0,0.99184157
123770,Normal,40-59,0,0.9470026
123775,Overweight,60+,0,0.99184157
123782,Obese,60+,0,1.16070581
123784,Obese,60+,0,1.16070581
123785,Obese,60+,0,1.16070581
123787,Overweight,40-59,0,0.96535923
123791,Normal,60+,0,0.99919758
123795,Obese,60+,0,1.16070581
123796,Overweight,18-39,0,0.96357574
123800,Obese,40-59,1,0.6229753
123801,Normal,40-59,0,0.9470026
123811,Normal,60+,0,0.99919758
123812,Obese,18-39,0,1.02793506
123821,Overweight,60+,0,0.99184157
123830,Overweight,40-59,0,0.96535923
123838,Normal,40-59,0,0.9470026
123841,Overweight,60+,0,0.99184157
123843,Obese,40-59,0,1.07484439
123846,Normal,18-39,0,0.95095392
123852,Normal,60+,0,0.99919758
123853,Overweight,60+,0,0.99184157
123858,Normal,18-39,0,0.95095392
123860,Overweight,60+,0,0.99184157
123861,Obese,40-59,0,1.07484439
123862,Overweight,60+,0,0.99184157
123863,Normal,60+,1,1.0877278
123866,Normal,40-59,0,0.9470026
123867,Obese,60+,1,0.43949422
123870,Obese,18-39,0,1.02793506
123877,Obese,18-39,0,1.02793506
123879,Overweight,60+,0,0.99184157
123881,Overweight,18-39,0,0.96357574
123885,Obese,60+,0,1.16070581
123891,Overweight,60+,0,0.99184157
123892,Obese,18-39,0,1.02793506
123899,Overweight,40-59,0,0.96535923
123900,Obese,60+,0,1.16070581
123903,Obese,60+,1,0.43949422
123912,Normal,60+,0,0.99919758
123913,Overweight,60+,0,0.99184157
123914,Obese,60+,0,1.16070581
123915,Normal,18-39,0,0.95095392
123919,Obese,18-39,0,1.02793506
123920,Obese,18-39,0,1.02793506
123926,Normal,18-39,0,0.95095392
123927,Normal,18-39,0,0.95095392
123930,Overweight,60+,0,0.99184157
123931,Normal,60+,0,0.99919758
123935,Obese,40-59,0,1.07484439
123936,Obese,40-59,0,1.07484439
123937,Normal,40-59,0,0.9470026
123940,Obese,40-59,0,1.07484439
123941,Obese,60+,1,0.43949422
123943,Normal,60+,0,0.99919758
123948,Obese,40-59,0,1.07484439
123949,Obese,60+,1,0.43949422
123950,Obese,40-59,0,1.07484439
123953,Obese,40-59,0,1.07484439
123960,Obese,60+,0,1.16070581
123962,Overweight,18-39,0,0.96357574
123963,Obese,60+,0,1.16070581
123964,Obese,18-39,0,1.02793506
123968,Overweight,18-39,0,0.96357574
123969,Obese,18-39,0,1.02793506
123970,Obese,40-59,0,1.07484439
123971,Obese,60+,0,1.16070581
123972,Overweight,60+,0,0.99184157
123982,Overweight,60+,0,0.99184157
123988,Obese,40-59,0,1.07484439
123994,Obese,60+,0,1.16070581
123995,Obese,18-39,0,1.02793506
123998,Normal,18-39,0,0.95095392
124004,Obese,40-59,0,1.07484439
124008,Obese,18-39,0,1.02793506
124009,Obese,18-39,0,1.02793506
124011,Obese,40-59,0,1.07484439
124012,Obese,18-39,0,1.02793506
124014,Normal,40-59,0,0.9470026
124020,Normal,18-39,0,0.95095392
124024,Obese,40-59,0,1.07484439
124025,Obese,40-59,0,1.07484439
124030,Obese,18-39,0,1.02793506
124039,Normal,40-59,0,0.9470026
124041,Normal,18-39,0,0.95095392
124045,Obese,60+,0,1.16070581
124047,Normal,40-59,0,0.9470026
124048,Obese,40-59,0,1.07484439
124051,Obese,18-39,0,1.02793506
124053,Overweight,40-59,0,0.96535923
124056,Normal,40-59,0,0.9470026
124057,Obese,18-39,1,0.83907659
124059,Overweight,18-39,0,0.96357574
124061,Overweight,40-59,0,0.96535923
124062,Obese,40-59,0,1.07484439
124063,Overweight,40-59,0,0.96535923
124068,Normal,18-39,0,0.95095392
124069,Obese,18-39,0,1.02793506
124071,Overweight,40-59,0,0.96535923
124074,Underweight,18-39,0,0.95641655
124078,Obese,40-59,1,0.6229753
124086,Obese,18-39,0,1.02793506
124088,Obese,18-39,0,1.02793506
124089,Normal,18-39,0,0.95095392
124091,Obese,60+,0,1.16070581
124092,Obese,18-39,0,1.02793506
124094,Overweight,40-59,0,0.96535923
124097,Overweight,18-39,0,0.96357574
124100,Overweight,60+,0,0.99184157
124101,Obese,40-59,0,1.07484439
124104,Obese,40-59,0,1.07484439
124106,Overweight,40-59,0,0.96535923
124107,Obese,18-39,0,1.02793506
124108,Overweight,40-59,0,0.96535923
124110,Normal,18-39,0,0.95095392
124119,Underweight,60+,0,0.95641655
124121,Obese,18-39,0,1.02793506
124129,Obese,18-39,0,1.02793506
124135,Overweight,18-39,0,0.96357574
124138,Overweight,18-39,0,0.96357574
124144,Obese,40-59,1,0.6229753
124153,Normal,18-39,0,0.95095392
124160,Normal,60+,0,0.99919758
124161,Obese,60+,0,1.16070581
124163,Normal,40-59,0,0.9470026
124167,Obese,60+,0,1.16070581
124168,Normal,18-39,0,0.95095392
124170,Overweight,60+,0,0.99184157
124172,Normal,18-39,0,0.95095392
124175,Normal,60+,0,0.99919758
124178,Obese,40-59,0,1.07484439
124179,Overweight,60+,0,0.99184157
124182,Obese,40-59,0,1.07484439
124183,Obese,18-39,0,1.02793506
124189,Overweight,40-59,0,0.96535923
124194,Overweight,18-39,0,0.96357574
124197,Normal,60+,0,0.99919758
124199,Overweight,60+,0,0.99184157
124205,Obese,60+,0,1.16070581
124208,Obese,60+,0,1.16070581
124210,Normal,18-39,0,0.95095392
124211,Normal,18-39,0,0.95095392
124215,Obese,40-59,0,1.07484439
124224,Obese,40-59,1,0.6229753
124226,Obese,40-59,0,1.07484439
124236,Overweight,40-59,0,0.96535923
124237,Overweight,40-59,0,0.96535923
124238,Overweight,40-59,0,0.96535923
124239,Normal,18-39,0,0.95095392
124240,Overweight,60+,0,0.99184157
124245,Normal,60+,0,0.99919758
124248,Normal,40-59,0,0.9470026
124249,Overweight,18-39,0,0.96357574
124256,Obese,60+,0,1.16070581
124262,Overweight,40-59,0,0.96535923
124266,Obese,40-59,0,1.07484439
124272,Obese,40-59,0,1.07484439
124273,Overweight,18-39,0,0.96357574
124279,Overweight,40-59,0,0.96535923
124283,Normal,40-59,1,2.61617291
124287,Obese,40-59,0,1.07484439
124295,Normal,18-39,0,0.95095392
124296,Obese,40-59,0,1.07484439
124298,Overweight,18-39,0,0.96357574
124303,Obese,60+,1,0.43949422
124308,Obese,18-39,0,1.02793506
124312,Obese,40-59,0,1.07484439
124317,Normal,60+,0,0.99919758
124322,Obese,40-59,0,1.07484439
124323,Overweight,40-59,0,0.96535923
124330,Obese,40-59,0,1.07484439
124331,Obese,60+,1,0.43949422
124335,Normal,60+,0,0.99919758
124338,Overweight,18-39,0,0.96357574
124340,Obese,60+,0,1.16070581
124345,Obese,18-39,0,1.02793506
124346,Normal,60+,0,0.99919758
124347,Obese,18-39,0,1.02793506
124356,Obese,40-59,0,1.07484439
124368,Overweight,18-39,0,0.96357574
124370,Overweight,40-59,0,0.96535923
124372,Normal,60+,0,0.99919758
124373,Obese,18-39,0,1.02793506
124374,Overweight,60+,0,0.99184157
124375,Obese,40-59,0,1.07484439
124380,Overweight,18-39,0,0.96357574
124381,Obese,40-59,0,1.07484439
124382,Normal,18-39,0,0.95095392
124387,Obese,18-39,0,1.02793506
124388,Normal,40-59,0,0.9470026
124394,Obese,40-59,0,1.07484439
124396,Normal,60+,0,0.99919758
124398,Overweight,18-39,0,0.96357574
124409,Overweight,60+,0,0.99184157
124417,Overweight,18-39,0,0.96357574
124418,Overweight,60+,0,0.99184157
124421,Overweight,40-59,0,0.96535923
124423,Overweight,40-59,0,0.96535923
124426,Obese,60+,0,1.16070581
124428,Overweight,18-39,0,0.96357574
124434,Normal,18-39,0,0.95095392
124437,Obese,60+,1,0.43949422
124443,Obese,18-39,0,1.02793506
124450,Normal,18-39,0,0.95095392
124453,Overweight,40-59,0,0.96535923
124458,Overweight,18-39,0,0.96357574
124460,Normal,18-39,0,0.95095392
124462,Overweight,40-59,0,0.96535923
124464,Obese,40-59,0,1.07484439
124467,Obese,40-59,0,1.07484439
124468,Obese,18-39,0,1.02793506
124472,Normal,40-59,0,0.9470026
124477,Underweight,40-59,0,0.95641655
124482,Obese,60+,0,1.16070581
124486,Obese,18-39,1,0.83907659
124488,Overweight,40-59,0,0.96535923
124492,Overweight,60+,0,0.99184157
124498,Obese,18-39,0,1.02793506
124502,Obese,40-59,0,1.07484439
124504,Obese,60+,0,1.16070581
124514,Overweight,18-39,0,0.96357574
124516,Obese,40-59,0,1.07484439
124520,Overweight,60+,0,0.99184157
124524,Underweight,18-39,0,0.95641655
124525,Overweight,60+,0,0.99184157
124531,Obese,40-59,0,1.07484439
124533,Underweight,18-39,0,0.95641655
124535,Obese,40-59,0,1.07484439
124539,Normal,60+,0,0.99919758
124547,Obese,60+,1,0.43949422
124553,Overweight,60+,1,1.1805357
124554,Normal,18-39,0,0.95095392
124557,Normal,60+,0,0.99919758
124558,Obese,18-39,0,1.02793506
124559,Overweight,60+,0,0.99184157
124561,Obese,18-39,0,1.02793506
124563,Obese,40-59,0,1.07484439
124565,Normal,18-39,0,0.95095392
124566,Normal,60+,0,0.99919758
124568,Obese,40-59,0,1.07484439
124574,Obese,18-39,0,1.02793506
124577,Normal,40-59,0,0.9470026
124579,Normal,18-39,0,0.95095392
124580,Normal,60+,1,1.0877278
124588,Obese,60+,1,0.43949422
124589,Overweight,40-59,0,0.96535923
124590,Overweight,40-59,0,0.96535923
124593,Normal,60+,0,0.99919758
124605,Overweight,60+,0,0.99184157
124609,Obese,60+,0,1.16070581
124610,Normal,18-39,0,0.95095392
124615,Overweight,18-39,0,0.96357574
124618,Normal,60+,0,0.99919758
124624,Normal,40-59,0,0.9470026
124636,Overweight,18-39,0,0.96357574
124643,Normal,40-59,1,2.61617291
124653,Obese,40-59,0,1.07484439
124654,Normal,18-39,0,0.95095392
124665,Obese,60+,0,1.16070581
124668,Normal,60+,0,0.99919758
124683,Normal,60+,0,0.99919758
124684,Overweight,40-59,0,0.96535923
124685,Obese,40-59,0,1.07484439
124688,Overweight,18-39,0,0.96357574
124689,Overweight,60+,1,1.1805357
124691,Obese,18-39,0,1.02793506
124701,Normal,18-39,0,0.95095392
124702,Obese,18-39,0,1.02793506
124706,Obese,18-39,0,1.02793506
124710,Normal,18-39,0,0.95095392
124711,Overweight,60+,1,1.1805357
124712,Normal,18-39,0,0.95095392
124715,Obese,18-39,0,1.02793506
124718,Overweight,40-59,0,0.96535923
124720,Obese,40-59,0,1.07484439
124722,Obese,40-59,0,1.07484439
124723,Normal,18-39,0,0.95095392
124728,Overweight,60+,0,0.99184157
124737,Normal,60+,0,0.99919758
124740,Obese,18-39,0,1.02793506
124741,Obese,40-59,0,1.07484439
124742,Normal,40-59,0,0.9470026
124743,Obese,40-59,1,0.6229753
124745,Obese,18-39,0,1.02793506
124752,Obese,18-39,0,1.02793506
124756,Normal,60+,0,0.99919758
124757,Normal,40-59,0,0.9470026
124769,Normal,18-39,0,0.95095392
124770,Obese,40-59,0,1.07484439
124781,Overweight,18-39,0,0.96357574
124785,Obese,60+,1,0.43949422
124786,Normal,18-39,0,0.95095392
124788,Obese,60+,1,0.43949422
124792,Normal,18-39,0,0.95095392
124794,Obese,60+,0,1.16070581
124796,Obese,60+,0,1.16070581
124802,Normal,40-59,0,0.9470026
124812,Overweight,60+,0,0.99184157
124814,Obese,60+,0,1.16070581
124815,Overweight,40-59,0,0.96535923
124817,Obese,60+,0,1.16070581
124821,Overweight,60+,0,0.99184157
