SEQN,bmi_group_final,age_group_final,outcome_primary_8.2kPa,weight
109266,Obese,18-39,0,1.08038402
109290,Overweight,60+,0,0.95579633
109291,Obese,40-59,0,1.08038402
109293,Obese,40-59,0,1.08038402
109303,Underweight,18-39,0,0.95404356
109307,Normal,40-59,0,0.94503661
109313,Overweight,60+,0,0.95579633
109315,Obese,18-39,0,1.08038402
109317,Obese,18-39,0,1.08038402
109319,Obese,18-39,0,1.08038402
109321,Obese,18-39,0,1.08038402
109322,Overweight,40-59,0,0.95579633
109326,Normal,40-59,0,0.94503661
109327,Normal,40-59,0,0.94503661
109330,Normal,60+,0,0.94503661
109333,Overweight,40-59,0,0.95579633
109336,Obese,18-39,0,1.08038402
109348,Normal,60+,0,0.94503661
109350,Obese,40-59,0,1.08038402
109351,Normal,40-59,0,0.94503661
109365,Obese,40-59,0,1.08038402
109367,Overweight,60+,0,0.95579633
109373,Overweight,18-39,0,0.95579633
109378,Overweight,18-39,0,0.95579633
109382,Obese,60+,1,0.5796994
109389,Overweight,40-59,0,0.95579633
109391,Obese,40-59,1,0.5796994
109392,Normal,60+,0,0.94503661
109393,Normal,60+,0,0.94503661
109394,Obese,18-39,0,1.08038402
109395,Normal,40-59,0,0.94503661
109396,Normal,18-39,0,0.94503661
109403,Overweight,18-39,0,0.95579633
109404,Obese,18-39,0,1.08038402
109405,Normal,18-39,0,0.94503661
109411,Normal,40-59,0,0.94503661
109413,Overweight,40-59,0,0.95579633
109414,Obese,60+,0,1.08038402
109429,Normal,18-39,1,2.30812862
109431,Obese,40-59,0,1.08038402
109432,Normal,40-59,0,0.94503661
109435,Obese,60+,1,0.5796994
109436,Overweight,60+,1,1.82039906
109439,Obese,40-59,0,1.08038402
109441,Underweight,18-39,0,0.95404356
109450,Normal,18-39,0,0.94503661
109454,Obese,18-39,0,1.08038402
109455,Overweight,40-59,0,0.95579633
109458,Normal,18-39,0,0.94503661
109464,Obese,18-39,0,1.08038402
109466,Overweight,40-59,0,0.95579633
109467,Obese,18-39,0,1.08038402
109468,Obese,60+,0,1.08038402
109472,Obese,18-39,0,1.08038402
109473,Obese,18-39,0,1.08038402
109474,Overweight,60+,0,0.95579633
109480,Obese,18-39,0,1.08038402
109482,Overweight,40-59,0,0.95579633
109486,Overweight,60+,0,0.95579633
109488,Overweight,40-59,0,0.95579633
109495,Obese,40-59,1,0.5796994
109496,Obese,40-59,0,1.08038402
109497,Overweight,40-59,0,0.95579633
109501,Obese,40-59,0,1.08038402
109502,Obese,18-39,0,1.08038402
109503,Overweight,60+,1,1.82039906
109504,Overweight,40-59,0,0.95579633
109508,Obese,18-39,0,1.08038402
109510,Normal,18-39,0,0.94503661
109512,Obese,40-59,0,1.08038402
109518,Overweight,18-39,0,0.95579633
109520,Overweight,60+,0,0.95579633
109526,Obese,18-39,0,1.08038402
109527,Normal,60+,0,0.94503661
109530,Obese,40-59,1,0.5796994
109531,Obese,18-39,0,1.08038402
109536,Normal,40-59,0,0.94503661
109538,Obese,60+,0,1.08038402
109539,Obese,18-39,0,1.08038402
109542,Obese,18-39,0,1.08038402
109544,Obese,60+,0,1.08038402
109545,Obese,18-39,0,1.08038402
109548,Obese,18-39,0,1.08038402
109549,Obese,18-39,0,1.08038402
109550,Obese,60+,0,1.08038402
109552,Obese,60+,0,1.08038402
109554,Normal,18-39,0,0.94503661
109555,Normal,18-39,0,0.94503661
109558,Overweight,40-59,0,0.95579633
109560,Overweight,18-39,0,0.95579633
109562,Overweight,60+,0,0.95579633
109564,Normal,18-39,0,0.94503661
109565,Obese,60+,0,1.08038402
109568,Obese,18-39,0,1.08038402
109574,Normal,40-59,0,0.94503661
109579,Overweight,40-59,0,0.95579633
109580,Normal,18-39,0,0.94503661
109581,Overweight,40-59,0,0.95579633
109585,Overweight,18-39,0,0.95579633
109587,Obese,60+,0,1.08038402
109588,Normal,60+,1,2.30812862
109598,Overweight,18-39,0,0.95579633
109606,Normal,18-39,0,0.94503661
109607,Normal,60+,0,0.94503661
109610,Obese,60+,0,1.08038402
109611,Normal,40-59,0,0.94503661
109612,Overweight,60+,0,0.95579633
109615,Overweight,60+,0,0.95579633
109617,Overweight,60+,0,0.95579633
109620,Obese,40-59,1,0.5796994
109623,Normal,18-39,0,0.94503661
109626,Obese,60+,0,1.08038402
109628,Obese,18-39,0,1.08038402
109630,Obese,40-59,0,1.08038402
109637,Overweight,40-59,0,0.95579633
109639,Overweight,40-59,0,0.95579633
109640,Obese,40-59,0,1.08038402
109643,Obese,60+,0,1.08038402
109644,Overweight,18-39,0,0.95579633
109653,Obese,60+,0,1.08038402
109654,Overweight,18-39,0,0.95579633
109656,Obese,60+,0,1.08038402
109662,Overweight,18-39,0,0.95579633
109667,Overweight,60+,0,0.95579633
109669,Normal,40-59,0,0.94503661
109676,Normal,60+,0,0.94503661
109677,Obese,60+,0,1.08038402
109678,Normal,18-39,0,0.94503661
109679,Overweight,18-39,0,0.95579633
109685,Normal,18-39,0,0.94503661
109687,Normal,18-39,0,0.94503661
109691,Obese,18-39,0,1.08038402
109693,Obese,18-39,0,1.08038402
109697,Overweight,18-39,0,0.95579633
109700,Overweight,40-59,0,0.95579633
109703,Overweight,18-39,0,0.95579633
109704,Overweight,18-39,0,0.95579633
109709,Obese,40-59,0,1.08038402
109712,Obese,40-59,0,1.08038402
109713,Obese,40-59,0,1.08038402
109714,Overweight,18-39,0,0.95579633
109716,Obese,18-39,0,1.08038402
109723,Overweight,18-39,0,0.95579633
109725,Overweight,60+,0,0.95579633
109728,Obese,18-39,0,1.08038402
109730,Obese,18-39,0,1.08038402
109740,Overweight,40-59,0,0.95579633
109742,Overweight,60+,0,0.95579633
109746,Obese,40-59,0,1.08038402
109747,Obese,60+,0,1.08038402
109754,Obese,40-59,0,1.08038402
109758,Normal,18-39,0,0.94503661
109761,Normal,18-39,0,0.94503661
109763,Overweight,60+,0,0.95579633
109769,Overweight,40-59,1,1.82039906
109770,Overweight,40-59,0,0.95579633
109771,Normal,60+,0,0.94503661
109774,Obese,60+,0,1.08038402
109776,Overweight,60+,1,1.82039906
109785,Obese,40-59,0,1.08038402
109789,Obese,18-39,0,1.08038402
109791,Obese,18-39,0,1.08038402
109793,Overweight,60+,0,0.95579633
109794,Obese,60+,0,1.08038402
109802,Obese,18-39,0,1.08038402
109806,Obese,18-39,0,1.08038402
109807,Normal,18-39,0,0.94503661
109809,Normal,18-39,0,0.94503661
109811,Overweight,40-59,1,1.82039906
109812,Overweight,60+,0,0.95579633
109813,Obese,18-39,0,1.08038402
109814,Normal,18-39,0,0.94503661
109815,Obese,40-59,0,1.08038402
109821,Obese,18-39,0,1.08038402
109825,Overweight,18-39,0,0.95579633
109828,Normal,18-39,0,0.94503661
109831,Normal,40-59,0,0.94503661
109839,Obese,60+,0,1.08038402
109841,Obese,40-59,1,0.5796994
109843,Obese,18-39,0,1.08038402
109850,Overweight,40-59,0,0.95579633
109852,Normal,18-39,0,0.94503661
109857,Obese,60+,0,1.08038402
109860,Normal,18-39,0,0.94503661
109862,Obese,40-59,0,1.08038402
109863,Overweight,60+,0,0.95579633
109867,Overweight,40-59,0,0.95579633
109873,Normal,18-39,0,0.94503661
109874,Overweight,40-59,0,0.95579633
109876,Obese,60+,1,0.5796994
109877,Overweight,40-59,0,0.95579633
109878,Normal,18-39,0,0.94503661
109884,Overweight,40-59,0,0.95579633
109886,Obese,60+,1,0.5796994
109887,Obese,18-39,0,1.08038402
109893,Obese,18-39,0,1.08038402
109898,Obese,40-59,0,1.08038402
109900,Normal,60+,0,0.94503661
109901,Overweight,60+,1,1.82039906
109902,Obese,60+,0,1.08038402
109903,Obese,40-59,0,1.08038402
109905,Obese,40-59,1,0.5796994
109915,Obese,40-59,0,1.08038402
109917,Normal,40-59,0,0.94503661
109918,Obese,60+,0,1.08038402
109919,Overweight,40-59,0,0.95579633
109921,Underweight,40-59,0,0.95404356
109922,Normal,40-59,0,0.94503661
109926,Obese,40-59,0,1.08038402
109931,Obese,40-59,0,1.08038402
109934,Normal,18-39,0,0.94503661
109939,Normal,18-39,0,0.94503661
109940,Normal,40-59,0,0.94503661
109941,Obese,40-59,0,1.08038402
109945,Normal,18-39,0,0.94503661
109957,Normal,60+,0,0.94503661
109960,Overweight,40-59,1,1.82039906
109963,Normal,40-59,0,0.94503661
109971,Overweight,40-59,0,0.95579633
109977,Normal,40-59,0,0.94503661
109978,Normal,18-39,0,0.94503661
109979,Overweight,18-39,0,0.95579633
109980,Normal,18-39,0,0.94503661
109981,Overweight,60+,0,0.95579633
109987,Normal,40-59,0,0.94503661
109990,Overweight,60+,0,0.95579633
109991,Overweight,40-59,0,0.95579633
109997,Obese,18-39,0,1.08038402
110004,Normal,18-39,0,0.94503661
110005,Normal,40-59,0,0.94503661
110006,Overweight,60+,0,0.95579633
110010,Normal,40-59,0,0.94503661
110011,Overweight,18-39,0,0.95579633
110018,Underweight,18-39,0,0.95404356
110021,Underweight,18-39,0,0.95404356
110023,Overweight,60+,0,0.95579633
110028,Normal,18-39,0,0.94503661
110029,Obese,40-59,0,1.08038402
110030,Normal,18-39,0,0.94503661
110038,Overweight,40-59,0,0.95579633
110040,Normal,18-39,0,0.94503661
110041,Obese,40-59,0,1.08038402
110042,Obese,60+,0,1.08038402
110052,Obese,40-59,0,1.08038402
110054,Overweight,40-59,0,0.95579633
110056,Overweight,60+,0,0.95579633
110057,Obese,60+,1,0.5796994
110059,Overweight,18-39,0,0.95579633
110061,Overweight,60+,0,0.95579633
110062,Overweight,40-59,0,0.95579633
110063,Overweight,18-39,0,0.95579633
110064,Normal,60+,0,0.94503661
110067,Normal,18-39,0,0.94503661
110070,Obese,40-59,1,0.5796994
110071,Overweight,40-59,0,0.95579633
110074,Overweight,40-59,0,0.95579633
110079,Obese,40-59,0,1.08038402
110085,Overweight,60+,0,0.95579633
110087,Normal,60+,0,0.94503661
110090,Obese,40-59,0,1.08038402
110098,Obese,18-39,0,1.08038402
110102,Obese,40-59,0,1.08038402
110107,Obese,60+,0,1.08038402
110112,Overweight,18-39,0,0.95579633
110114,Overweight,40-59,0,0.95579633
110117,Normal,18-39,0,0.94503661
110120,Obese,18-39,0,1.08038402
110123,Obese,18-39,1,0.5796994
110125,Obese,60+,0,1.08038402
110129,Obese,40-59,0,1.08038402
110130,Overweight,40-59,0,0.95579633
110134,Overweight,40-59,0,0.95579633
110137,Normal,40-59,0,0.94503661
110139,Obese,40-59,0,1.08038402
110142,Obese,60+,0,1.08038402
110144,Overweight,40-59,0,0.95579633
110147,Obese,60+,1,0.5796994
110153,Normal,60+,0,0.94503661
110155,Overweight,18-39,0,0.95579633
110159,Normal,40-59,0,0.94503661
110161,Obese,40-59,0,1.08038402
110167,Obese,18-39,0,1.08038402
110169,Obese,18-39,0,1.08038402
110171,Normal,18-39,0,0.94503661
110172,Overweight,40-59,0,0.95579633
110173,Normal,18-39,0,0.94503661
110174,Overweight,18-39,0,0.95579633
110175,Obese,18-39,0,1.08038402
110176,Obese,18-39,0,1.08038402
110178,Overweight,40-59,0,0.95579633
110180,Normal,60+,0,0.94503661
110185,Obese,60+,0,1.08038402
110186,Obese,18-39,0,1.08038402
110187,Obese,40-59,0,1.08038402
110190,Normal,18-39,0,0.94503661
110194,Obese,60+,0,1.08038402
110196,Overweight,60+,0,0.95579633
110200,Overweight,60+,0,0.95579633
110207,Overweight,40-59,0,0.95579633
110208,Obese,40-59,0,1.08038402
110213,Overweight,18-39,0,0.95579633
110218,Normal,18-39,0,0.94503661
110223,Obese,60+,0,1.08038402
110228,Obese,40-59,0,1.08038402
110234,Obese,40-59,0,1.08038402
110235,Obese,40-59,0,1.08038402
110236,Normal,18-39,0,0.94503661
110247,Obese,18-39,0,1.08038402
110250,Obese,18-39,0,1.08038402
110265,Overweight,40-59,0,0.95579633
110266,Obese,18-39,0,1.08038402
110270,Obese,60+,1,0.5796994
110272,Overweight,40-59,0,0.95579633
110273,Obese,60+,1,0.5796994
110276,Overweight,40-59,0,0.95579633
110286,Obese,40-59,0,1.08038402
110287,Overweight,60+,0,0.95579633
110290,Underweight,60+,0,0.95404356
110291,Obese,60+,0,1.08038402
110292,Overweight,60+,1,1.82039906
110293,Normal,18-39,0,0.94503661
110295,Normal,60+,0,0.94503661
110304,Obese,18-39,1,0.5796994
110305,Normal,18-39,0,0.94503661
110306,Obese,40-59,1,0.5796994
110310,Obese,60+,0,1.08038402
110311,Normal,60+,0,0.94503661
110317,Overweight,60+,0,0.95579633
110318,Overweight,60+,0,0.95579633
110319,Obese,18-39,0,1.08038402
110321,Obese,40-59,0,1.08038402
110322,Obese,40-59,0,1.08038402
110326,Overweight,18-39,0,0.95579633
110328,Overweight,60+,0,0.95579633
110332,Obese,40-59,0,1.08038402
110341,Normal,40-59,0,0.94503661
110342,Obese,18-39,0,1.08038402
110347,Obese,18-39,0,1.08038402
110350,Obese,60+,0,1.08038402
110351,Overweight,40-59,0,0.95579633
110353,Overweight,60+,0,0.95579633
110356,Normal,40-59,0,0.94503661
110359,Obese,60+,0,1.08038402
110366,Normal,60+,0,0.94503661
110372,Obese,60+,0,1.08038402
110374,Obese,40-59,0,1.08038402
110376,Normal,18-39,0,0.94503661
110378,Obese,40-59,0,1.08038402
110379,Normal,18-39,0,0.94503661
110380,Underweight,18-39,0,0.95404356
110381,Obese,40-59,0,1.08038402
110385,Normal,18-39,0,0.94503661
110386,Overweight,60+,1,1.82039906
110387,Obese,40-59,1,0.5796994
110389,Overweight,60+,0,0.95579633
110390,Obese,60+,0,1.08038402
110391,Overweight,18-39,0,0.95579633
110394,Normal,40-59,0,0.94503661
110400,Obese,40-59,0,1.08038402
110402,Obese,40-59,0,1.08038402
110408,Overweight,18-39,0,0.95579633
110409,Overweight,40-59,0,0.95579633
110410,Obese,60+,0,1.08038402
110411,Obese,18-39,0,1.08038402
110412,Overweight,60+,0,0.95579633
110414,Normal,18-39,0,0.94503661
110415,Overweight,40-59,0,0.95579633
110421,Obese,60+,0,1.08038402
110425,Overweight,18-39,0,0.95579633
110427,Obese,18-39,0,1.08038402
110429,Obese,60+,0,1.08038402
110430,Overweight,40-59,0,0.95579633
110438,Obese,60+,0,1.08038402
110442,Overweight,18-39,0,0.95579633
110449,Obese,40-59,0,1.08038402
110450,Overweight,18-39,0,0.95579633
110453,Obese,60+,0,1.08038402
110457,Obese,18-39,0,1.08038402
110460,Overweight,18-39,0,0.95579633
110461,Normal,40-59,0,0.94503661
110464,Normal,40-59,0,0.94503661
110465,Normal,40-59,0,0.94503661
110467,Obese,18-39,0,1.08038402
110474,Obese,40-59,0,1.08038402
110476,Overweight,18-39,0,0.95579633
110477,Overweight,18-39,0,0.95579633
110482,Obese,60+,0,1.08038402
110489,Normal,60+,0,0.94503661
110492,Obese,18-39,0,1.08038402
110494,Overweight,40-59,0,0.95579633
110495,Obese,40-59,0,1.08038402
110496,Obese,40-59,0,1.08038402
110503,Obese,18-39,0,1.08038402
110506,Normal,60+,0,0.94503661
110508,Overweight,60+,0,0.95579633
110510,Obese,40-59,0,1.08038402
110512,Overweight,18-39,0,0.95579633
110518,Overweight,40-59,0,0.95579633
110520,Normal,18-39,0,0.94503661
110521,Normal,18-39,0,0.94503661
110524,Obese,40-59,0,1.08038402
110531,Obese,60+,1,0.5796994
110532,Obese,40-59,1,0.5796994
110538,Obese,60+,1,0.5796994
110541,Obese,18-39,1,0.5796994
110544,Overweight,60+,0,0.95579633
110545,Obese,18-39,0,1.08038402
110546,Overweight,40-59,0,0.95579633
110552,Obese,18-39,0,1.08038402
110553,Normal,18-39,0,0.94503661
110571,Normal,40-59,1,2.30812862
110573,Normal,60+,0,0.94503661
110575,Obese,60+,1,0.5796994
110576,Overweight,18-39,0,0.95579633
110579,Obese,40-59,0,1.08038402
110581,Obese,40-59,0,1.08038402
110588,Obese,60+,0,1.08038402
110594,Normal,18-39,0,0.94503661
110602,Normal,18-39,0,0.94503661
110603,Normal,40-59,0,0.94503661
110607,Obese,40-59,0,1.08038402
110610,Obese,18-39,0,1.08038402
110613,Normal,40-59,0,0.94503661
110614,Overweight,40-59,0,0.95579633
110615,Normal,60+,0,0.94503661
110617,Normal,60+,0,0.94503661
110624,Overweight,40-59,0,0.95579633
110626,Obese,18-39,0,1.08038402
110627,Overweight,18-39,0,0.95579633
110628,Normal,60+,0,0.94503661
110636,Obese,40-59,0,1.08038402
110638,Obese,60+,1,0.5796994
110639,Obese,40-59,0,1.08038402
110645,Obese,40-59,0,1.08038402
110651,Overweight,60+,0,0.95579633
110655,Obese,18-39,0,1.08038402
110658,Overweight,60+,0,0.95579633
110662,Obese,60+,0,1.08038402
110665,Obese,40-59,0,1.08038402
110672,Overweight,60+,0,0.95579633
110682,Overweight,40-59,0,0.95579633
110684,Normal,18-39,0,0.94503661
110686,Normal,18-39,0,0.94503661
110688,Normal,18-39,0,0.94503661
110692,Normal,18-39,0,0.94503661
110700,Overweight,60+,0,0.95579633
110703,Overweight,60+,0,0.95579633
110704,Normal,60+,0,0.94503661
110712,Overweight,40-59,0,0.95579633
110713,Normal,18-39,0,0.94503661
110714,Overweight,60+,0,0.95579633
110715,Normal,40-59,0,0.94503661
110718,Obese,18-39,1,0.5796994
110719,Obese,18-39,0,1.08038402
110721,Normal,60+,0,0.94503661
110723,Normal,60+,0,0.94503661
110728,Overweight,60+,0,0.95579633
110730,Normal,18-39,0,0.94503661
110736,Obese,40-59,0,1.08038402
110742,Normal,40-59,0,0.94503661
110750,Obese,40-59,0,1.08038402
110751,Obese,60+,0,1.08038402
110752,Obese,18-39,0,1.08038402
110759,Obese,40-59,0,1.08038402
110760,Obese,18-39,0,1.08038402
110763,Obese,60+,1,0.5796994
110765,Obese,40-59,0,1.08038402
110766,Obese,18-39,0,1.08038402
110770,Normal,60+,0,0.94503661
110771,Obese,18-39,0,1.08038402
110778,Obese,60+,0,1.08038402
110779,Normal,60+,0,0.94503661
110781,Obese,60+,0,1.08038402
110789,Obese,18-39,0,1.08038402
110791,Normal,40-59,0,0.94503661
110792,Normal,40-59,0,0.94503661
110794,Obese,40-59,0,1.08038402
110796,Obese,40-59,0,1.08038402
110803,Normal,60+,0,0.94503661
110805,Overweight,60+,0,0.95579633
110810,Obese,60+,1,0.5796994
110811,Overweight,40-59,0,0.95579633
110813,Obese,60+,0,1.08038402
110814,Obese,18-39,0,1.08038402
110819,Overweight,18-39,0,0.95579633
110820,Obese,60+,0,1.08038402
110821,Obese,60+,1,0.5796994
110822,Overweight,60+,0,0.95579633
110830,Overweight,18-39,0,0.95579633
110836,Obese,40-59,0,1.08038402
110841,Obese,40-59,1,0.5796994
110848,Overweight,18-39,0,0.95579633
110851,Underweight,18-39,0,0.95404356
110852,Obese,60+,0,1.08038402
110859,Obese,60+,0,1.08038402
110861,Overweight,60+,0,0.95579633
110865,Overweight,18-39,0,0.95579633
110867,Normal,60+,0,0.94503661
110868,Obese,40-59,0,1.08038402
110870,Overweight,60+,0,0.95579633
110871,Normal,18-39,0,0.94503661
110875,Overweight,60+,0,0.95579633
110882,Overweight,60+,0,0.95579633
110884,Normal,60+,0,0.94503661
110886,Obese,60+,0,1.08038402
110887,Normal,18-39,0,0.94503661
110888,Obese,60+,0,1.08038402
110889,Overweight,60+,0,0.95579633
110890,Overweight,40-59,0,0.95579633
110894,Obese,40-59,0,1.08038402
110895,Normal,18-39,0,0.94503661
110897,Overweight,40-59,0,0.95579633
110898,Obese,40-59,0,1.08038402
110899,Obese,18-39,0,1.08038402
110905,Normal,40-59,0,0.94503661
110910,Overweight,40-59,0,0.95579633
110916,Normal,18-39,0,0.94503661
110917,Normal,40-59,0,0.94503661
110920,Obese,60+,1,0.5796994
110925,Obese,60+,0,1.08038402
110929,Obese,60+,0,1.08038402
110934,Obese,18-39,0,1.08038402
110940,Obese,40-59,0,1.08038402
110942,Overweight,60+,0,0.95579633
110949,Overweight,18-39,0,0.95579633
110950,Obese,40-59,0,1.08038402
110953,Overweight,60+,0,0.95579633
110954,Normal,18-39,0,0.94503661
110956,Obese,60+,0,1.08038402
110957,Overweight,18-39,0,0.95579633
110958,Underweight,40-59,0,0.95404356
110959,Obese,60+,0,1.08038402
110966,Overweight,18-39,0,0.95579633
110971,Obese,60+,0,1.08038402
110975,Overweight,40-59,0,0.95579633
110977,Obese,40-59,0,1.08038402
110979,Overweight,40-59,0,0.95579633
110981,Obese,18-39,0,1.08038402
110985,Obese,18-39,0,1.08038402
110987,Normal,40-59,0,0.94503661
110988,Obese,18-39,0,1.08038402
110990,Obese,60+,0,1.08038402
110993,Overweight,60+,0,0.95579633
110999,Normal,18-39,0,0.94503661
111003,Underweight,18-39,0,0.95404356
111006,Obese,60+,0,1.08038402
111007,Normal,18-39,0,0.94503661
111011,Overweight,40-59,0,0.95579633
111012,Overweight,60+,1,1.82039906
111014,Obese,40-59,0,1.08038402
111018,Normal,60+,0,0.94503661
111021,Overweight,60+,0,0.95579633
111030,Overweight,60+,0,0.95579633
111031,Overweight,18-39,0,0.95579633
111036,Obese,60+,0,1.08038402
111039,Normal,40-59,0,0.94503661
111045,Overweight,18-39,0,0.95579633
111046,Obese,40-59,0,1.08038402
111047,Normal,60+,0,0.94503661
111050,Overweight,40-59,0,0.95579633
111055,Obese,18-39,0,1.08038402
111060,Obese,18-39,0,1.08038402
111064,Obese,40-59,0,1.08038402
111067,Overweight,60+,0,0.95579633
111068,Normal,18-39,0,0.94503661
111069,Normal,40-59,0,0.94503661
111075,Overweight,40-59,0,0.95579633
111077,Overweight,60+,1,1.82039906
111078,Normal,60+,0,0.94503661
111079,Normal,18-39,0,0.94503661
111081,Normal,60+,1,2.30812862
111083,Obese,18-39,0,1.08038402
111085,Overweight,18-39,0,0.95579633
111092,Obese,60+,0,1.08038402
111094,Obese,18-39,1,0.5796994
111096,Normal,18-39,0,0.94503661
111097,Overweight,60+,0,0.95579633
111098,Obese,40-59,0,1.08038402
111102,Obese,60+,0,1.08038402
111105,Obese,60+,0,1.08038402
111109,Obese,40-59,0,1.08038402
111110,Obese,40-59,0,1.08038402
111112,Normal,40-59,0,0.94503661
111120,Obese,40-59,1,0.5796994
111122,Obese,18-39,0,1.08038402
111123,Overweight,60+,1,1.82039906
111124,Normal,18-39,0,0.94503661
111133,Obese,40-59,0,1.08038402
111136,Normal,60+,0,0.94503661
111139,Normal,40-59,0,0.94503661
111140,Obese,60+,0,1.08038402
111143,Overweight,60+,0,0.95579633
111149,Overweight,40-59,0,0.95579633
111154,Obese,18-39,0,1.08038402
111159,Overweight,60+,0,0.95579633
111161,Normal,18-39,0,0.94503661
111163,Obese,18-39,0,1.08038402
111171,Overweight,18-39,0,0.95579633
111173,Normal,40-59,0,0.94503661
111175,Overweight,40-59,0,0.95579633
111185,Overweight,60+,0,0.95579633
111188,Obese,60+,0,1.08038402
111190,Normal,40-59,0,0.94503661
111191,Overweight,40-59,0,0.95579633
111192,Overweight,40-59,0,0.95579633
111194,Overweight,60+,0,0.95579633
111196,Normal,60+,0,0.94503661
111198,Obese,40-59,0,1.08038402
111199,Normal,40-59,0,0.94503661
111201,Overweight,40-59,0,0.95579633
111203,Obese,60+,0,1.08038402
111206,Overweight,60+,0,0.95579633
111207,Obese,60+,0,1.08038402
111219,Normal,18-39,0,0.94503661
111221,Overweight,60+,0,0.95579633
111226,Overweight,60+,0,0.95579633
111228,Obese,40-59,0,1.08038402
111229,Overweight,60+,0,0.95579633
111232,Normal,40-59,0,0.94503661
111233,Obese,18-39,0,1.08038402
111234,Obese,60+,0,1.08038402
111238,Overweight,18-39,0,0.95579633
111242,Normal,18-39,0,0.94503661
111244,Obese,18-39,0,1.08038402
111245,Overweight,60+,0,0.95579633
111249,Normal,18-39,0,0.94503661
111250,Overweight,40-59,0,0.95579633
111253,Overweight,60+,0,0.95579633
111257,Obese,60+,0,1.08038402
111262,Obese,60+,0,1.08038402
111263,Overweight,40-59,0,0.95579633
111265,Normal,18-39,0,0.94503661
111266,Obese,60+,0,1.08038402
111268,Normal,60+,1,2.30812862
111270,Normal,18-39,1,2.30812862
111271,Obese,18-39,0,1.08038402
111280,Normal,18-39,1,2.30812862
111288,Obese,40-59,0,1.08038402
111290,Normal,60+,0,0.94503661
111296,Obese,40-59,0,1.08038402
111300,Obese,60+,0,1.08038402
111301,Obese,18-39,0,1.08038402
111302,Normal,18-39,0,0.94503661
111303,Obese,18-39,0,1.08038402
111304,Overweight,60+,0,0.95579633
111305,Overweight,60+,0,0.95579633
111307,Obese,40-59,0,1.08038402
111309,Overweight,18-39,0,0.95579633
111311,Obese,40-59,0,1.08038402
111315,Overweight,60+,0,0.95579633
111320,Obese,40-59,0,1.08038402
111321,Obese,40-59,0,1.08038402
111322,Overweight,60+,0,0.95579633
111324,Normal,60+,0,0.94503661
111325,Overweight,18-39,0,0.95579633
111328,Overweight,60+,0,0.95579633
111332,Normal,40-59,0,0.94503661
111336,Overweight,60+,0,0.95579633
111337,Normal,60+,0,0.94503661
111338,Overweight,60+,0,0.95579633
111343,Obese,60+,0,1.08038402
111348,Overweight,18-39,0,0.95579633
111352,Normal,60+,0,0.94503661
111354,Obese,40-59,0,1.08038402
111357,Obese,60+,0,1.08038402
111358,Normal,40-59,0,0.94503661
111360,Obese,40-59,0,1.08038402
111361,Overweight,18-39,0,0.95579633
111364,Obese,60+,1,0.5796994
111365,Overweight,18-39,0,0.95579633
111366,Normal,18-39,0,0.94503661
111372,Normal,18-39,0,0.94503661
111378,Obese,60+,0,1.08038402
111380,Obese,60+,1,0.5796994
111382,Obese,60+,0,1.08038402
111385,Overweight,60+,0,0.95579633
111391,Normal,18-39,0,0.94503661
111395,Obese,18-39,1,0.5796994
111396,Obese,40-59,0,1.08038402
111397,Obese,18-39,0,1.08038402
111400,Obese,18-39,0,1.08038402
111402,Normal,40-59,0,0.94503661
111403,Normal,18-39,0,0.94503661
111417,Overweight,60+,0,0.95579633
111418,Underweight,18-39,0,0.95404356
111420,Obese,40-59,0,1.08038402
111424,Normal,60+,1,2.30812862
111425,Overweight,18-39,0,0.95579633
111426,Normal,18-39,0,0.94503661
111428,Obese,40-59,0,1.08038402
111431,Obese,40-59,0,1.08038402
111433,Overweight,40-59,0,0.95579633
111434,Obese,60+,1,0.5796994
111436,Normal,40-59,0,0.94503661
111441,Overweight,60+,0,0.95579633
111449,Normal,40-59,0,0.94503661
111452,Normal,60+,0,0.94503661
111453,Overweight,18-39,0,0.95579633
111455,Overweight,60+,0,0.95579633
111456,Obese,18-39,0,1.08038402
111459,Obese,40-59,0,1.08038402
111461,Normal,60+,0,0.94503661
111463,Overweight,60+,0,0.95579633
111465,Underweight,18-39,0,0.95404356
111479,Overweight,40-59,0,0.95579633
111486,Obese,18-39,0,1.08038402
111493,Obese,60+,0,1.08038402
111497,Overweight,18-39,0,0.95579633
111501,Overweight,40-59,0,0.95579633
111502,Obese,60+,0,1.08038402
111503,Overweight,40-59,0,0.95579633
111507,Normal,40-59,0,0.94503661
111508,Obese,40-59,0,1.08038402
111510,Overweight,18-39,0,0.95579633
111511,Overweight,18-39,0,0.95579633
111516,Obese,60+,1,0.5796994
111522,Obese,40-59,0,1.08038402
111533,Obese,18-39,0,1.08038402
111534,Obese,18-39,0,1.08038402
111535,Overweight,60+,1,1.82039906
111537,Normal,18-39,0,0.94503661
111542,Normal,40-59,0,0.94503661
111543,Normal,18-39,0,0.94503661
111550,Obese,60+,1,0.5796994
111551,Overweight,18-39,0,0.95579633
111554,Normal,60+,0,0.94503661
111555,Obese,18-39,1,0.5796994
111557,Obese,40-59,0,1.08038402
111564,Obese,60+,1,0.5796994
111571,Obese,60+,0,1.08038402
111585,Normal,18-39,0,0.94503661
111586,Obese,40-59,0,1.08038402
111588,Obese,40-59,0,1.08038402
111589,Obese,18-39,0,1.08038402
111590,Obese,40-59,0,1.08038402
111595,Normal,40-59,0,0.94503661
111598,Obese,18-39,1,0.5796994
111602,Normal,60+,0,0.94503661
111608,Obese,18-39,0,1.08038402
111610,Normal,60+,0,0.94503661
111613,Overweight,40-59,0,0.95579633
111618,Normal,40-59,0,0.94503661
111620,Normal,18-39,0,0.94503661
111625,Overweight,60+,0,0.95579633
111629,Normal,40-59,0,0.94503661
111632,Obese,40-59,0,1.08038402
111633,Obese,40-59,0,1.08038402
111638,Overweight,18-39,0,0.95579633
111639,Obese,60+,0,1.08038402
111640,Obese,40-59,1,0.5796994
111643,Normal,60+,0,0.94503661
111645,Obese,40-59,0,1.08038402
111652,Underweight,18-39,0,0.95404356
111655,Normal,40-59,1,2.30812862
111659,Normal,18-39,0,0.94503661
111660,Normal,40-59,0,0.94503661
111664,Obese,60+,0,1.08038402
111666,Overweight,40-59,0,0.95579633
111668,Obese,40-59,1,0.5796994
111669,Obese,40-59,0,1.08038402
111671,Underweight,18-39,0,0.95404356
111673,Obese,18-39,0,1.08038402
111675,Obese,18-39,0,1.08038402
111676,Obese,18-39,1,0.5796994
111679,Normal,40-59,1,2.30812862
111683,Normal,18-39,0,0.94503661
111688,Obese,18-39,0,1.08038402
111692,Obese,18-39,0,1.08038402
111693,Normal,18-39,0,0.94503661
111695,Overweight,18-39,0,0.95579633
111705,Normal,40-59,0,0.94503661
111707,Overweight,60+,0,0.95579633
111710,Normal,18-39,0,0.94503661
111712,Normal,60+,1,2.30812862
111717,Normal,40-59,0,0.94503661
111719,Normal,18-39,0,0.94503661
111724,Overweight,18-39,0,0.95579633
111726,Obese,40-59,0,1.08038402
111728,Obese,60+,0,1.08038402
111729,Overweight,18-39,0,0.95579633
111732,Obese,40-59,0,1.08038402
111733,Overweight,18-39,0,0.95579633
111736,Overweight,40-59,0,0.95579633
111741,Normal,60+,0,0.94503661
111744,Overweight,40-59,0,0.95579633
111745,Obese,60+,0,1.08038402
111751,Obese,40-59,0,1.08038402
111753,Overweight,40-59,0,0.95579633
111754,Overweight,60+,0,0.95579633
111760,Underweight,40-59,1,1.88466147
111765,Obese,18-39,0,1.08038402
111766,Obese,18-39,0,1.08038402
111767,Normal,18-39,0,0.94503661
111768,Obese,18-39,0,1.08038402
111770,Obese,60+,0,1.08038402
111773,Normal,18-39,0,0.94503661
111774,Overweight,18-39,0,0.95579633
111776,Obese,60+,0,1.08038402
111778,Overweight,18-39,0,0.95579633
111779,Obese,40-59,0,1.08038402
111783,Overweight,60+,0,0.95579633
111787,Obese,40-59,0,1.08038402
111789,Overweight,18-39,0,0.95579633
111791,Obese,40-59,0,1.08038402
111792,Normal,60+,0,0.94503661
111795,Overweight,40-59,0,0.95579633
111796,Overweight,18-39,0,0.95579633
111797,Overweight,60+,1,1.82039906
111801,Obese,18-39,0,1.08038402
111802,Normal,18-39,0,0.94503661
111803,Obese,18-39,0,1.08038402
111804,Obese,60+,0,1.08038402
111810,Obese,60+,0,1.08038402
111821,Normal,40-59,0,0.94503661
111825,Obese,18-39,0,1.08038402
111827,Normal,40-59,1,2.30812862
111831,Obese,40-59,0,1.08038402
111833,Obese,18-39,0,1.08038402
111837,Obese,18-39,0,1.08038402
111839,Normal,60+,0,0.94503661
111840,Obese,60+,0,1.08038402
111846,Obese,18-39,0,1.08038402
111849,Obese,40-59,0,1.08038402
111850,Obese,40-59,0,1.08038402
111859,Obese,18-39,0,1.08038402
111860,Overweight,60+,0,0.95579633
111864,Overweight,18-39,0,0.95579633
111869,Overweight,40-59,0,0.95579633
111870,Overweight,60+,0,0.95579633
111872,Obese,18-39,0,1.08038402
111874,Normal,60+,0,0.94503661
111875,Overweight,40-59,0,0.95579633
111876,Obese,40-59,0,1.08038402
111878,Overweight,18-39,0,0.95579633
111879,Obese,60+,0,1.08038402
111882,Normal,60+,0,0.94503661
111883,Obese,60+,0,1.08038402
111884,Overweight,60+,0,0.95579633
111887,Normal,18-39,0,0.94503661
111890,Obese,60+,0,1.08038402
111893,Overweight,60+,0,0.95579633
111894,Normal,18-39,0,0.94503661
111896,Overweight,60+,0,0.95579633
111900,Obese,40-59,0,1.08038402
111901,Overweight,40-59,0,0.95579633
111904,Overweight,40-59,0,0.95579633
111906,Obese,40-59,0,1.08038402
111908,Overweight,60+,0,0.95579633
111909,Obese,40-59,0,1.08038402
111911,Obese,40-59,0,1.08038402
111918,Obese,60+,1,0.5796994
111921,Normal,60+,0,0.94503661
111922,Normal,18-39,0,0.94503661
111923,Obese,40-59,1,0.5796994
111925,Overweight,18-39,0,0.95579633
111927,Obese,40-59,0,1.08038402
111928,Overweight,40-59,0,0.95579633
111930,Obese,60+,1,0.5796994
111934,Overweight,60+,0,0.95579633
111935,Overweight,40-59,0,0.95579633
111938,Normal,40-59,0,0.94503661
111942,Obese,18-39,0,1.08038402
111943,Overweight,60+,1,1.82039906
111944,Obese,18-39,0,1.08038402
111947,Obese,40-59,0,1.08038402
111960,Overweight,40-59,0,0.95579633
111968,Overweight,60+,0,0.95579633
111970,Obese,18-39,0,1.08038402
111971,Overweight,40-59,0,0.95579633
111972,Normal,18-39,0,0.94503661
111973,Obese,40-59,0,1.08038402
111974,Overweight,18-39,0,0.95579633
111977,Overweight,60+,0,0.95579633
111979,Underweight,18-39,0,0.95404356
111982,Obese,18-39,0,1.08038402
111983,Overweight,60+,0,0.95579633
111986,Obese,60+,0,1.08038402
111990,Obese,60+,0,1.08038402
111994,Obese,60+,1,0.5796994
111995,Obese,18-39,0,1.08038402
112001,Overweight,40-59,0,0.95579633
112005,Obese,60+,1,0.5796994
112008,Normal,60+,0,0.94503661
112011,Overweight,60+,0,0.95579633
112012,Overweight,18-39,0,0.95579633
112015,Overweight,60+,0,0.95579633
112018,Obese,18-39,0,1.08038402
112023,Overweight,40-59,0,0.95579633
112028,Obese,40-59,0,1.08038402
112031,Overweight,18-39,0,0.95579633
112038,Overweight,18-39,0,0.95579633
112047,Obese,60+,1,0.5796994
112052,Overweight,40-59,0,0.95579633
112055,Normal,18-39,0,0.94503661
112060,Overweight,40-59,0,0.95579633
112067,Overweight,60+,0,0.95579633
112071,Obese,40-59,0,1.08038402
112072,Obese,60+,0,1.08038402
112073,Normal,18-39,0,0.94503661
112080,Overweight,40-59,0,0.95579633
112084,Obese,60+,1,0.5796994
112086,Overweight,40-59,0,0.95579633
112088,Obese,18-39,0,1.08038402
112089,Overweight,40-59,0,0.95579633
112090,Normal,60+,0,0.94503661
112098,Normal,60+,0,0.94503661
112102,Overweight,18-39,0,0.95579633
112106,Obese,18-39,0,1.08038402
112109,Normal,18-39,0,0.94503661
112110,Overweight,18-39,0,0.95579633
112113,Obese,60+,0,1.08038402
112115,Obese,40-59,0,1.08038402
112116,Overweight,40-59,0,0.95579633
112122,Normal,18-39,0,0.94503661
112124,Normal,60+,0,0.94503661
112126,Overweight,60+,0,0.95579633
112128,Overweight,60+,0,0.95579633
112131,Overweight,40-59,0,0.95579633
112132,Overweight,60+,0,0.95579633
112134,Overweight,60+,0,0.95579633
112136,Obese,60+,0,1.08038402
112139,Obese,18-39,0,1.08038402
112145,Overweight,40-59,0,0.95579633
112146,Obese,18-39,0,1.08038402
112148,Obese,18-39,0,1.08038402
112149,Overweight,60+,0,0.95579633
112156,Overweight,40-59,0,0.95579633
112158,Normal,18-39,0,0.94503661
112159,Normal,60+,0,0.94503661
112161,Overweight,40-59,0,0.95579633
112165,Normal,18-39,0,0.94503661
112168,Obese,40-59,0,1.08038402
112171,Normal,60+,0,0.94503661
112173,Overweight,18-39,0,0.95579633
112174,Normal,60+,0,0.94503661
112182,Obese,40-59,0,1.08038402
112184,Overweight,60+,0,0.95579633
112186,Overweight,40-59,0,0.95579633
112187,Obese,40-59,1,0.5796994
112191,Overweight,40-59,0,0.95579633
112193,Normal,60+,0,0.94503661
112195,Obese,60+,0,1.08038402
112201,Normal,18-39,0,0.94503661
112208,Overweight,18-39,0,0.95579633
112210,Normal,40-59,0,0.94503661
112212,Obese,60+,0,1.08038402
112213,Obese,18-39,0,1.08038402
112215,Overweight,60+,0,0.95579633
112218,Obese,40-59,0,1.08038402
112219,Normal,18-39,0,0.94503661
112222,Obese,18-39,0,1.08038402
112226,Overweight,60+,0,0.95579633
112228,Normal,18-39,0,0.94503661
112230,Obese,60+,0,1.08038402
112231,Obese,18-39,0,1.08038402
112235,Obese,40-59,0,1.08038402
112238,Overweight,60+,0,0.95579633
112239,Obese,18-39,0,1.08038402
112240,Normal,60+,0,0.94503661
112242,Obese,18-39,0,1.08038402
112243,Overweight,60+,0,0.95579633
112248,Obese,18-39,0,1.08038402
112251,Obese,18-39,0,1.08038402
112252,Overweight,18-39,0,0.95579633
112256,Normal,18-39,0,0.94503661
112265,Normal,60+,0,0.94503661
112271,Overweight,60+,0,0.95579633
112275,Obese,40-59,0,1.08038402
112280,Overweight,40-59,0,0.95579633
112284,Obese,18-39,0,1.08038402
112285,Obese,60+,1,0.5796994
112289,Overweight,18-39,0,0.95579633
112294,Overweight,40-59,0,0.95579633
112296,Overweight,40-59,0,0.95579633
112299,Overweight,40-59,0,0.95579633
112300,Obese,60+,0,1.08038402
112303,Obese,60+,0,1.08038402
112305,Obese,60+,0,1.08038402
112309,Obese,18-39,0,1.08038402
112312,Overweight,40-59,0,0.95579633
112317,Overweight,60+,0,0.95579633
112320,Obese,40-59,0,1.08038402
112321,Obese,40-59,0,1.08038402
112327,Obese,40-59,0,1.08038402
112330,Obese,18-39,1,0.5796994
112333,Obese,40-59,0,1.08038402
112335,Overweight,40-59,0,0.95579633
112341,Normal,18-39,0,0.94503661
112347,Normal,40-59,0,0.94503661
112349,Obese,60+,0,1.08038402
112354,Obese,18-39,0,1.08038402
112355,Normal,18-39,0,0.94503661
112356,Obese,18-39,0,1.08038402
112357,Normal,18-39,0,0.94503661
112360,Overweight,18-39,0,0.95579633
112362,Obese,40-59,1,0.5796994
112363,Normal,40-59,0,0.94503661
112365,Normal,40-59,0,0.94503661
112368,Obese,40-59,0,1.08038402
112371,Normal,18-39,0,0.94503661
112375,Overweight,40-59,0,0.95579633
112377,Obese,40-59,1,0.5796994
112383,Overweight,18-39,1,1.82039906
112385,Normal,18-39,0,0.94503661
112389,Overweight,40-59,0,0.95579633
112391,Normal,60+,0,0.94503661
112399,Normal,60+,0,0.94503661
112406,Obese,18-39,1,0.5796994
112412,Normal,40-59,0,0.94503661
112415,Obese,40-59,1,0.5796994
112416,Overweight,60+,0,0.95579633
112422,Obese,60+,0,1.08038402
112431,Overweight,18-39,0,0.95579633
112433,Normal,40-59,0,0.94503661
112444,Obese,40-59,0,1.08038402
112446,Overweight,40-59,0,0.95579633
112448,Obese,60+,1,0.5796994
112450,Obese,60+,0,1.08038402
112451,Overweight,40-59,0,0.95579633
112454,Overweight,60+,0,0.95579633
112456,Normal,60+,1,2.30812862
112464,Overweight,60+,0,0.95579633
112466,Obese,18-39,0,1.08038402
112467,Overweight,60+,0,0.95579633
112468,Normal,18-39,0,0.94503661
112475,Obese,60+,0,1.08038402
112480,Overweight,18-39,1,1.82039906
112488,Obese,60+,1,0.5796994
112499,Normal,40-59,0,0.94503661
112501,Obese,40-59,0,1.08038402
112503,Obese,60+,0,1.08038402
112504,Obese,40-59,0,1.08038402
112506,Overweight,40-59,0,0.95579633
112510,Obese,60+,0,1.08038402
112511,Overweight,60+,0,0.95579633
112516,Obese,40-59,0,1.08038402
112525,Obese,60+,0,1.08038402
112530,Normal,60+,0,0.94503661
112531,Normal,40-59,0,0.94503661
112534,Obese,40-59,0,1.08038402
112538,Normal,40-59,0,0.94503661
112543,Obese,40-59,0,1.08038402
112544,Overweight,18-39,0,0.95579633
112546,Obese,18-39,1,0.5796994
112547,Obese,18-39,0,1.08038402
112551,Normal,18-39,0,0.94503661
112553,Obese,18-39,0,1.08038402
112556,Overweight,18-39,0,0.95579633
112560,Obese,60+,1,0.5796994
112563,Obese,40-59,0,1.08038402
112565,Obese,40-59,1,0.5796994
112566,Overweight,40-59,0,0.95579633
112568,Normal,40-59,0,0.94503661
112569,Overweight,40-59,0,0.95579633
112574,Obese,60+,0,1.08038402
112579,Obese,18-39,0,1.08038402
112580,Overweight,40-59,0,0.95579633
112581,Obese,40-59,1,0.5796994
112582,Normal,40-59,0,0.94503661
112583,Overweight,60+,1,1.82039906
112586,Normal,40-59,0,0.94503661
112587,Normal,18-39,0,0.94503661
112589,Obese,60+,0,1.08038402
112590,Obese,40-59,0,1.08038402
112594,Obese,40-59,0,1.08038402
112596,Overweight,60+,0,0.95579633
112599,Normal,18-39,0,0.94503661
112600,Obese,60+,0,1.08038402
112605,Overweight,18-39,0,0.95579633
112606,Obese,40-59,0,1.08038402
112609,Obese,60+,0,1.08038402
112610,Obese,40-59,0,1.08038402
112617,Overweight,18-39,0,0.95579633
112621,Overweight,60+,0,0.95579633
112632,Obese,18-39,1,0.5796994
112639,Overweight,60+,0,0.95579633
112643,Normal,18-39,0,0.94503661
112645,Obese,18-39,0,1.08038402
112648,Obese,18-39,0,1.08038402
112659,Normal,18-39,0,0.94503661
112660,Obese,40-59,0,1.08038402
112661,Overweight,40-59,0,0.95579633
112664,Normal,40-59,0,0.94503661
112666,Normal,18-39,0,0.94503661
112667,Overweight,40-59,0,0.95579633
112670,Normal,60+,0,0.94503661
112673,Obese,18-39,0,1.08038402
112675,Obese,40-59,0,1.08038402
112677,Obese,18-39,0,1.08038402
112680,Overweight,60+,0,0.95579633
112681,Normal,60+,0,0.94503661
112684,Obese,18-39,0,1.08038402
112685,Obese,40-59,0,1.08038402
112692,Normal,40-59,0,0.94503661
112693,Overweight,18-39,0,0.95579633
112697,Overweight,18-39,0,0.95579633
112699,Overweight,60+,0,0.95579633
112702,Normal,18-39,0,0.94503661
112703,Overweight,40-59,0,0.95579633
112706,Normal,18-39,0,0.94503661
112707,Normal,40-59,0,0.94503661
112709,Underweight,18-39,0,0.95404356
112710,Obese,60+,0,1.08038402
112712,Overweight,60+,0,0.95579633
112713,Normal,60+,0,0.94503661
112716,Obese,18-39,0,1.08038402
112720,Obese,18-39,0,1.08038402
112724,Obese,18-39,0,1.08038402
112725,Obese,40-59,0,1.08038402
112726,Overweight,40-59,0,0.95579633
112729,Normal,18-39,0,0.94503661
112731,Overweight,40-59,0,0.95579633
112736,Obese,60+,0,1.08038402
112738,Overweight,60+,0,0.95579633
112739,Overweight,40-59,0,0.95579633
112744,Normal,40-59,0,0.94503661
112747,Normal,60+,0,0.94503661
112749,Obese,40-59,1,0.5796994
112751,Normal,18-39,1,2.30812862
112752,Overweight,40-59,0,0.95579633
112764,Overweight,60+,0,0.95579633
112769,Overweight,40-59,0,0.95579633
112770,Overweight,60+,0,0.95579633
112772,Obese,18-39,0,1.08038402
112777,Overweight,18-39,0,0.95579633
112781,Normal,60+,0,0.94503661
112783,Obese,40-59,0,1.08038402
112787,Obese,40-59,1,0.5796994
112789,Obese,18-39,0,1.08038402
112790,Overweight,40-59,0,0.95579633
112792,Normal,40-59,0,0.94503661
112793,Overweight,18-39,0,0.95579633
112798,Obese,40-59,0,1.08038402
112800,Normal,18-39,0,0.94503661
112802,Obese,60+,1,0.5796994
112803,Obese,18-39,0,1.08038402
112805,Underweight,60+,0,0.95404356
112818,Normal,60+,0,0.94503661
112823,Obese,60+,0,1.08038402
112824,Obese,60+,0,1.08038402
112828,Overweight,60+,0,0.95579633
112834,Obese,40-59,0,1.08038402
112839,Underweight,18-39,0,0.95404356
112840,Overweight,40-59,0,0.95579633
112842,Normal,60+,0,0.94503661
112845,Overweight,40-59,0,0.95579633
112847,Obese,18-39,0,1.08038402
112849,Normal,18-39,0,0.94503661
112850,Normal,40-59,0,0.94503661
112851,Overweight,60+,0,0.95579633
112852,Obese,60+,0,1.08038402
112855,Overweight,40-59,0,0.95579633
112860,Normal,60+,0,0.94503661
112861,Obese,40-59,0,1.08038402
112864,Normal,18-39,0,0.94503661
112866,Obese,60+,0,1.08038402
112874,Obese,40-59,0,1.08038402
112877,Obese,18-39,0,1.08038402
112882,Normal,18-39,0,0.94503661
112883,Obese,40-59,0,1.08038402
112884,Obese,18-39,0,1.08038402
112886,Overweight,40-59,0,0.95579633
112890,Overweight,18-39,0,0.95579633
112897,Normal,60+,0,0.94503661
112901,Obese,60+,0,1.08038402
112906,Normal,18-39,0,0.94503661
112907,Obese,40-59,0,1.08038402
112908,Obese,60+,0,1.08038402
112910,Overweight,40-59,0,0.95579633
112913,Overweight,60+,1,1.82039906
112919,Normal,60+,1,2.30812862
112921,Normal,60+,0,0.94503661
112924,Obese,18-39,0,1.08038402
112926,Obese,60+,0,1.08038402
112927,Overweight,60+,0,0.95579633
112931,Overweight,40-59,0,0.95579633
112937,Overweight,40-59,0,0.95579633
112938,Overweight,60+,0,0.95579633
112939,Obese,60+,0,1.08038402
112940,Overweight,40-59,0,0.95579633
112942,Normal,18-39,0,0.94503661
112944,Overweight,60+,0,0.95579633
112948,Overweight,18-39,0,0.95579633
112949,Obese,40-59,0,1.08038402
112951,Obese,60+,0,1.08038402
112953,Normal,60+,0,0.94503661
112956,Normal,18-39,0,0.94503661
112957,Obese,40-59,0,1.08038402
112958,Overweight,18-39,0,0.95579633
112960,Overweight,18-39,0,0.95579633
112965,Normal,18-39,0,0.94503661
112966,Overweight,18-39,0,0.95579633
112970,Normal,40-59,0,0.94503661
112981,Normal,18-39,0,0.94503661
112986,Overweight,18-39,0,0.95579633
112987,Overweight,40-59,0,0.95579633
112988,Normal,40-59,0,0.94503661
112990,Normal,60+,0,0.94503661
112991,Normal,18-39,0,0.94503661
112992,Overweight,60+,0,0.95579633
112994,Obese,60+,1,0.5796994
112997,Obese,18-39,0,1.08038402
112999,Normal,60+,0,0.94503661
113001,Normal,40-59,0,0.94503661
113008,Normal,60+,0,0.94503661
113009,Obese,40-59,0,1.08038402
113010,Obese,40-59,0,1.08038402
113013,Obese,60+,0,1.08038402
113020,Obese,60+,0,1.08038402
113023,Obese,18-39,0,1.08038402
113026,Overweight,40-59,0,0.95579633
113027,Normal,18-39,0,0.94503661
113030,Overweight,40-59,0,0.95579633
113032,Obese,18-39,0,1.08038402
113033,Obese,18-39,0,1.08038402
113038,Overweight,60+,0,0.95579633
113045,Normal,18-39,0,0.94503661
113047,Normal,60+,0,0.94503661
113049,Overweight,40-59,0,0.95579633
113055,Obese,18-39,0,1.08038402
113056,Obese,18-39,0,1.08038402
113057,Obese,40-59,1,0.5796994
113058,Normal,18-39,0,0.94503661
113059,Normal,18-39,0,0.94503661
113060,Overweight,18-39,0,0.95579633
113061,Overweight,18-39,0,0.95579633
113066,Normal,18-39,0,0.94503661
113087,Obese,40-59,0,1.08038402
113092,Obese,40-59,1,0.5796994
113093,Obese,40-59,0,1.08038402
113098,Normal,40-59,0,0.94503661
113101,Normal,40-59,0,0.94503661
113109,Overweight,40-59,0,0.95579633
113111,Obese,40-59,0,1.08038402
113113,Overweight,40-59,0,0.95579633
113116,Obese,60+,0,1.08038402
113119,Obese,40-59,0,1.08038402
113120,Overweight,40-59,1,1.82039906
113122,Overweight,40-59,0,0.95579633
113123,Normal,18-39,0,0.94503661
113125,Obese,40-59,0,1.08038402
113126,Normal,40-59,0,0.94503661
113128,Normal,60+,0,0.94503661
113129,Normal,60+,0,0.94503661
113131,Obese,60+,0,1.08038402
113136,Obese,40-59,0,1.08038402
113144,Obese,18-39,0,1.08038402
113145,Overweight,60+,0,0.95579633
113151,Obese,40-59,0,1.08038402
113152,Normal,60+,0,0.94503661
113153,Normal,18-39,0,0.94503661
113161,Obese,40-59,1,0.5796994
113162,Obese,60+,0,1.08038402
113166,Obese,40-59,0,1.08038402
113169,Obese,18-39,0,1.08038402
113175,Overweight,60+,0,0.95579633
113178,Obese,40-59,0,1.08038402
113182,Obese,18-39,0,1.08038402
113183,Normal,60+,0,0.94503661
113188,Obese,40-59,0,1.08038402
113189,Obese,40-59,0,1.08038402
113194,Overweight,40-59,0,0.95579633
113197,Underweight,18-39,0,0.95404356
113199,Normal,60+,0,0.94503661
113202,Overweight,60+,0,0.95579633
113204,Overweight,18-39,0,0.95579633
113209,Overweight,40-59,0,0.95579633
113211,Normal,40-59,0,0.94503661
113215,Normal,18-39,0,0.94503661
113216,Obese,18-39,0,1.08038402
113220,Normal,18-39,0,0.94503661
113222,Overweight,60+,0,0.95579633
113223,Overweight,60+,0,0.95579633
113227,Obese,18-39,0,1.08038402
113232,Obese,40-59,0,1.08038402
113237,Obese,40-59,1,0.5796994
113242,Obese,60+,0,1.08038402
113244,Obese,60+,0,1.08038402
113250,Overweight,18-39,0,0.95579633
113253,Overweight,40-59,0,0.95579633
113254,Normal,60+,0,0.94503661
113257,Overweight,60+,0,0.95579633
113264,Overweight,18-39,0,0.95579633
113267,Overweight,60+,0,0.95579633
113268,Obese,60+,1,0.5796994
113270,Obese,18-39,0,1.08038402
113271,Obese,40-59,0,1.08038402
113272,Normal,18-39,0,0.94503661
113274,Obese,60+,0,1.08038402
113275,Normal,60+,0,0.94503661
113279,Obese,60+,0,1.08038402
113281,Obese,40-59,0,1.08038402
113285,Obese,40-59,0,1.08038402
113286,Overweight,60+,0,0.95579633
113289,Overweight,60+,0,0.95579633
113292,Obese,40-59,1,0.5796994
113294,Normal,40-59,0,0.94503661
113298,Obese,40-59,0,1.08038402
113305,Overweight,60+,0,0.95579633
113311,Overweight,60+,0,0.95579633
113313,Normal,18-39,0,0.94503661
113316,Overweight,40-59,1,1.82039906
113320,Normal,60+,0,0.94503661
113324,Overweight,60+,0,0.95579633
113325,Normal,18-39,0,0.94503661
113326,Obese,40-59,0,1.08038402
113328,Obese,18-39,0,1.08038402
113331,Overweight,40-59,0,0.95579633
113332,Overweight,18-39,0,0.95579633
113336,Normal,60+,0,0.94503661
113343,Obese,60+,0,1.08038402
113347,Overweight,40-59,0,0.95579633
113349,Obese,18-39,0,1.08038402
113357,Normal,60+,0,0.94503661
113362,Normal,60+,0,0.94503661
113364,Overweight,18-39,0,0.95579633
113365,Normal,18-39,0,0.94503661
113367,Obese,60+,0,1.08038402
113368,Normal,40-59,0,0.94503661
113370,Normal,60+,0,0.94503661
113371,Obese,60+,0,1.08038402
113372,Obese,60+,1,0.5796994
113373,Normal,18-39,0,0.94503661
113374,Normal,18-39,0,0.94503661
113376,Normal,40-59,0,0.94503661
113378,Overweight,60+,0,0.95579633
113379,Obese,60+,0,1.08038402
113385,Overweight,60+,0,0.95579633
113386,Obese,18-39,0,1.08038402
113403,Overweight,60+,0,0.95579633
113409,Overweight,18-39,0,0.95579633
113416,Obese,60+,0,1.08038402
113418,Normal,18-39,0,0.94503661
113420,Obese,60+,1,0.5796994
113425,Overweight,40-59,0,0.95579633
113427,Obese,60+,0,1.08038402
113430,Overweight,60+,0,0.95579633
113432,Normal,18-39,0,0.94503661
113435,Obese,18-39,0,1.08038402
113436,Normal,40-59,0,0.94503661
113437,Overweight,60+,0,0.95579633
113439,Overweight,60+,0,0.95579633
113440,Obese,40-59,0,1.08038402
113442,Obese,18-39,1,0.5796994
113443,Obese,40-59,1,0.5796994
113445,Overweight,18-39,0,0.95579633
113448,Overweight,40-59,0,0.95579633
113453,Normal,18-39,0,0.94503661
113455,Obese,60+,1,0.5796994
113461,Overweight,40-59,0,0.95579633
113462,Overweight,18-39,0,0.95579633
113463,Overweight,40-59,0,0.95579633
113464,Normal,18-39,0,0.94503661
113468,Obese,18-39,0,1.08038402
113472,Normal,40-59,0,0.94503661
113475,Normal,60+,0,0.94503661
113477,Obese,60+,0,1.08038402
113478,Obese,18-39,0,1.08038402
113479,Normal,60+,0,0.94503661
113480,Overweight,40-59,0,0.95579633
113486,Obese,18-39,0,1.08038402
113487,Obese,40-59,0,1.08038402
113492,Normal,60+,0,0.94503661
113493,Overweight,40-59,0,0.95579633
113499,Normal,18-39,0,0.94503661
113500,Overweight,60+,0,0.95579633
113505,Overweight,18-39,0,0.95579633
113509,Normal,18-39,0,0.94503661
113510,Obese,60+,1,0.5796994
113514,Obese,40-59,0,1.08038402
113527,Obese,40-59,0,1.08038402
113528,Obese,60+,0,1.08038402
113531,Overweight,18-39,0,0.95579633
113532,Overweight,40-59,0,0.95579633
113539,Obese,40-59,0,1.08038402
113541,Overweight,60+,0,0.95579633
113542,Overweight,40-59,1,1.82039906
113546,Underweight,60+,0,0.95404356
113548,Normal,60+,0,0.94503661
113550,Overweight,18-39,0,0.95579633
113551,Overweight,18-39,0,0.95579633
113552,Obese,60+,0,1.08038402
113553,Obese,40-59,0,1.08038402
113558,Overweight,18-39,0,0.95579633
113559,Obese,60+,0,1.08038402
113560,Overweight,60+,0,0.95579633
113562,Overweight,18-39,0,0.95579633
113565,Overweight,40-59,0,0.95579633
113566,Normal,40-59,0,0.94503661
113569,Overweight,40-59,0,0.95579633
113573,Obese,40-59,0,1.08038402
113575,Overweight,40-59,0,0.95579633
113576,Overweight,40-59,0,0.95579633
113577,Obese,40-59,0,1.08038402
113578,Normal,18-39,0,0.94503661
113580,Obese,60+,0,1.08038402
113581,Overweight,60+,0,0.95579633
113583,Normal,18-39,0,0.94503661
113587,Overweight,60+,0,0.95579633
113593,Overweight,18-39,0,0.95579633
113597,Obese,60+,0,1.08038402
113600,Overweight,60+,0,0.95579633
113602,Overweight,40-59,0,0.95579633
113615,Overweight,40-59,0,0.95579633
113619,Obese,60+,0,1.08038402
113621,Normal,40-59,0,0.94503661
113624,Overweight,40-59,0,0.95579633
113630,Obese,18-39,0,1.08038402
113631,Obese,60+,0,1.08038402
113633,Normal,18-39,0,0.94503661
113636,Normal,18-39,0,0.94503661
113637,Overweight,18-39,0,0.95579633
113642,Obese,40-59,0,1.08038402
113644,Underweight,18-39,0,0.95404356
113646,Obese,40-59,1,0.5796994
113648,Overweight,60+,0,0.95579633
113649,Obese,40-59,0,1.08038402
113651,Obese,60+,0,1.08038402
113661,Normal,18-39,0,0.94503661
113663,Normal,40-59,0,0.94503661
113666,Obese,18-39,1,0.5796994
113668,Obese,60+,1,0.5796994
113673,Obese,18-39,0,1.08038402
113674,Obese,60+,0,1.08038402
113676,Overweight,18-39,0,0.95579633
113677,Overweight,18-39,0,0.95579633
113678,Obese,40-59,0,1.08038402
113681,Overweight,60+,0,0.95579633
113683,Obese,18-39,0,1.08038402
113684,Obese,60+,0,1.08038402
113690,Normal,18-39,0,0.94503661
113692,Normal,18-39,0,0.94503661
113695,Obese,18-39,1,0.5796994
113699,Obese,60+,0,1.08038402
113702,Overweight,40-59,0,0.95579633
113704,Obese,40-59,1,0.5796994
113706,Obese,40-59,0,1.08038402
113707,Overweight,60+,0,0.95579633
113708,Normal,18-39,0,0.94503661
113714,Overweight,18-39,0,0.95579633
113715,Overweight,60+,1,1.82039906
113716,Normal,40-59,0,0.94503661
113717,Overweight,40-59,0,0.95579633
113737,Obese,40-59,0,1.08038402
113738,Overweight,40-59,0,0.95579633
113742,Normal,18-39,0,0.94503661
113747,Obese,18-39,0,1.08038402
113750,Obese,60+,1,0.5796994
113751,Obese,60+,0,1.08038402
113757,Overweight,18-39,0,0.95579633
113762,Normal,60+,0,0.94503661
113763,Obese,18-39,0,1.08038402
113767,Obese,18-39,0,1.08038402
113768,Underweight,60+,0,0.95404356
113769,Obese,18-39,0,1.08038402
113770,Overweight,40-59,1,1.82039906
113773,Obese,60+,1,0.5796994
113775,Normal,60+,0,0.94503661
113777,Overweight,60+,0,0.95579633
113781,Overweight,18-39,0,0.95579633
113787,Obese,60+,1,0.5796994
113788,Obese,18-39,0,1.08038402
113791,Normal,18-39,0,0.94503661
113792,Obese,18-39,0,1.08038402
113794,Overweight,18-39,0,0.95579633
113799,Normal,60+,0,0.94503661
113801,Obese,40-59,0,1.08038402
113803,Overweight,40-59,0,0.95579633
113807,Obese,18-39,0,1.08038402
113808,Obese,18-39,0,1.08038402
113810,Overweight,40-59,0,0.95579633
113812,Normal,18-39,0,0.94503661
113815,Overweight,60+,0,0.95579633
113819,Overweight,60+,0,0.95579633
113820,Obese,18-39,0,1.08038402
113822,Normal,40-59,0,0.94503661
113824,Overweight,18-39,1,1.82039906
113825,Overweight,60+,0,0.95579633
113827,Normal,60+,0,0.94503661
113828,Obese,40-59,0,1.08038402
113834,Normal,40-59,0,0.94503661
113838,Underweight,40-59,0,0.95404356
113839,Overweight,40-59,1,1.82039906
113840,Normal,60+,0,0.94503661
113843,Overweight,60+,1,1.82039906
113844,Obese,40-59,0,1.08038402
113847,Overweight,40-59,0,0.95579633
113849,Normal,18-39,0,0.94503661
113851,Obese,60+,1,0.5796994
113852,Overweight,60+,1,1.82039906
113854,Obese,60+,0,1.08038402
113856,Obese,60+,0,1.08038402
113857,Normal,40-59,1,2.30812862
113860,Overweight,40-59,0,0.95579633
113863,Overweight,60+,0,0.95579633
113865,Obese,40-59,0,1.08038402
113866,Normal,40-59,0,0.94503661
113868,Obese,18-39,1,0.5796994
113869,Normal,60+,0,0.94503661
113872,Overweight,60+,0,0.95579633
113874,Obese,40-59,0,1.08038402
113889,Obese,60+,0,1.08038402
113891,Overweight,40-59,0,0.95579633
113895,Obese,60+,0,1.08038402
113897,Overweight,60+,0,0.95579633
113899,Obese,18-39,0,1.08038402
113900,Obese,40-59,0,1.08038402
113906,Overweight,18-39,0,0.95579633
113914,Underweight,18-39,0,0.95404356
113915,Obese,18-39,0,1.08038402
113922,Overweight,40-59,0,0.95579633
113926,Obese,60+,0,1.08038402
113928,Normal,18-39,0,0.94503661
113934,Overweight,40-59,0,0.95579633
113936,Obese,60+,0,1.08038402
113943,Overweight,60+,0,0.95579633
113945,Overweight,40-59,0,0.95579633
113946,Overweight,18-39,0,0.95579633
113947,Obese,18-39,0,1.08038402
113951,Obese,18-39,0,1.08038402
113954,Normal,40-59,0,0.94503661
113957,Normal,40-59,0,0.94503661
113958,Overweight,40-59,0,0.95579633
113965,Obese,18-39,0,1.08038402
113968,Normal,60+,0,0.94503661
113971,Overweight,60+,0,0.95579633
113972,Overweight,18-39,0,0.95579633
113973,Obese,60+,0,1.08038402
113976,Obese,18-39,0,1.08038402
113978,Overweight,60+,0,0.95579633
113979,Normal,18-39,0,0.94503661
113983,Overweight,60+,0,0.95579633
113987,Normal,18-39,0,0.94503661
113994,Obese,40-59,0,1.08038402
113998,Overweight,40-59,0,0.95579633
114001,Obese,18-39,0,1.08038402
114005,Overweight,40-59,0,0.95579633
114008,Overweight,60+,1,1.82039906
114015,Overweight,60+,0,0.95579633
114017,Obese,60+,0,1.08038402
114023,Obese,60+,1,0.5796994
114028,Normal,60+,0,0.94503661
114030,Overweight,18-39,0,0.95579633
114032,Obese,60+,0,1.08038402
114034,Obese,40-59,0,1.08038402
114038,Overweight,60+,0,0.95579633
114039,Obese,60+,0,1.08038402
114048,Obese,18-39,0,1.08038402
114054,Obese,60+,0,1.08038402
114056,Overweight,40-59,0,0.95579633
114059,Overweight,60+,0,0.95579633
114060,Obese,18-39,0,1.08038402
114069,Obese,18-39,0,1.08038402
114078,Normal,18-39,0,0.94503661
114082,Overweight,60+,0,0.95579633
114087,Obese,40-59,0,1.08038402
114092,Obese,18-39,0,1.08038402
114093,Overweight,40-59,0,0.95579633
114096,Overweight,60+,0,0.95579633
114098,Overweight,40-59,0,0.95579633
114101,Overweight,40-59,0,0.95579633
114103,Obese,60+,0,1.08038402
114105,Obese,60+,0,1.08038402
114106,Obese,60+,0,1.08038402
114108,Normal,60+,0,0.94503661
114114,Obese,40-59,0,1.08038402
114117,Normal,40-59,0,0.94503661
114118,Obese,60+,0,1.08038402
114123,Overweight,60+,0,0.95579633
114124,Obese,18-39,0,1.08038402
114125,Obese,60+,0,1.08038402
114128,Overweight,60+,0,0.95579633
114130,Normal,60+,0,0.94503661
114133,Overweight,40-59,0,0.95579633
114135,Normal,18-39,0,0.94503661
114136,Overweight,18-39,0,0.95579633
114145,Normal,40-59,0,0.94503661
114147,Overweight,40-59,0,0.95579633
114157,Normal,40-59,0,0.94503661
114162,Obese,60+,0,1.08038402
114165,Overweight,40-59,0,0.95579633
114167,Overweight,18-39,0,0.95579633
114178,Overweight,40-59,0,0.95579633
114181,Obese,60+,0,1.08038402
114182,Obese,60+,0,1.08038402
114195,Normal,40-59,0,0.94503661
114199,Obese,18-39,0,1.08038402
114213,Obese,60+,0,1.08038402
114222,Overweight,40-59,0,0.95579633
114228,Obese,18-39,1,0.5796994
114229,Obese,40-59,1,0.5796994
114239,Obese,18-39,0,1.08038402
114244,Obese,18-39,0,1.08038402
114246,Overweight,18-39,0,0.95579633
114247,Overweight,60+,0,0.95579633
114248,Normal,60+,0,0.94503661
114257,Overweight,40-59,0,0.95579633
114260,Normal,40-59,0,0.94503661
114272,Normal,18-39,0,0.94503661
114273,Overweight,40-59,0,0.95579633
114276,Obese,40-59,0,1.08038402
114279,Overweight,60+,1,1.82039906
114291,Obese,40-59,1,0.5796994
114294,Obese,18-39,0,1.08038402
114298,Overweight,60+,0,0.95579633
114300,Normal,60+,0,0.94503661
114303,Normal,40-59,0,0.94503661
114305,Obese,60+,1,0.5796994
114306,Overweight,18-39,0,0.95579633
114312,Overweight,18-39,0,0.95579633
114314,Obese,18-39,0,1.08038402
114319,Normal,18-39,0,0.94503661
114320,Obese,40-59,0,1.08038402
114323,Normal,60+,0,0.94503661
114324,Overweight,60+,0,0.95579633
114327,Obese,18-39,0,1.08038402
114329,Obese,18-39,0,1.08038402
114331,Normal,60+,0,0.94503661
114332,Obese,60+,0,1.08038402
114333,Overweight,18-39,0,0.95579633
114334,Normal,40-59,0,0.94503661
114337,Obese,60+,0,1.08038402
114338,Overweight,40-59,0,0.95579633
114339,Normal,18-39,0,0.94503661
114345,Obese,18-39,0,1.08038402
114351,Obese,60+,0,1.08038402
114352,Normal,40-59,0,0.94503661
114353,Overweight,40-59,0,0.95579633
114357,Overweight,60+,0,0.95579633
114361,Obese,18-39,0,1.08038402
114364,Normal,60+,0,0.94503661
114366,Overweight,60+,0,0.95579633
114369,Normal,40-59,0,0.94503661
114374,Overweight,18-39,0,0.95579633
114377,Normal,40-59,0,0.94503661
114379,Normal,18-39,0,0.94503661
114383,Obese,60+,0,1.08038402
114386,Normal,60+,0,0.94503661
114393,Overweight,18-39,0,0.95579633
114396,Overweight,18-39,0,0.95579633
114403,Normal,40-59,1,2.30812862
114404,Obese,60+,0,1.08038402
114405,Overweight,18-39,0,0.95579633
114407,Obese,60+,0,1.08038402
114410,Normal,60+,1,2.30812862
114412,Normal,40-59,0,0.94503661
114413,Overweight,40-59,0,0.95579633
114417,Obese,40-59,0,1.08038402
114419,Obese,40-59,1,0.5796994
114422,Obese,18-39,1,0.5796994
114423,Normal,60+,0,0.94503661
114430,Normal,18-39,0,0.94503661
114431,Overweight,40-59,0,0.95579633
114438,Overweight,40-59,0,0.95579633
114445,Obese,60+,0,1.08038402
114446,Overweight,40-59,1,1.82039906
114448,Overweight,40-59,0,0.95579633
114453,Overweight,18-39,0,0.95579633
114458,Normal,40-59,0,0.94503661
114461,Obese,60+,0,1.08038402
114463,Obese,18-39,0,1.08038402
114467,Overweight,40-59,0,0.95579633
114481,Overweight,40-59,0,0.95579633
114483,Obese,60+,0,1.08038402
114487,Obese,40-59,0,1.08038402
114490,Obese,60+,0,1.08038402
114491,Overweight,60+,0,0.95579633
114497,Obese,40-59,1,0.5796994
114498,Normal,40-59,0,0.94503661
114499,Overweight,60+,0,0.95579633
114500,Normal,60+,0,0.94503661
114505,Normal,40-59,0,0.94503661
114507,Obese,40-59,0,1.08038402
114512,Obese,18-39,0,1.08038402
114514,Obese,18-39,0,1.08038402
114517,Overweight,60+,0,0.95579633
114519,Overweight,40-59,0,0.95579633
114521,Normal,40-59,0,0.94503661
114523,Normal,18-39,0,0.94503661
114527,Overweight,40-59,0,0.95579633
114530,Overweight,40-59,0,0.95579633
114533,Overweight,18-39,0,0.95579633
114534,Obese,60+,0,1.08038402
114535,Overweight,60+,0,0.95579633
114539,Overweight,60+,0,0.95579633
114542,Normal,40-59,0,0.94503661
114547,Obese,60+,0,1.08038402
114554,Obese,60+,0,1.08038402
114555,Normal,40-59,0,0.94503661
114557,Overweight,18-39,0,0.95579633
114560,Overweight,40-59,0,0.95579633
114576,Overweight,18-39,0,0.95579633
114578,Overweight,40-59,0,0.95579633
114589,Obese,60+,0,1.08038402
114594,Overweight,40-59,0,0.95579633
114595,Overweight,18-39,0,0.95579633
114602,Normal,18-39,0,0.94503661
114607,Overweight,18-39,0,0.95579633
114608,Obese,40-59,0,1.08038402
114611,Overweight,60+,0,0.95579633
114614,Obese,18-39,0,1.08038402
114615,Obese,18-39,0,1.08038402
114616,Overweight,60+,0,0.95579633
114620,Obese,40-59,0,1.08038402
114624,Obese,40-59,0,1.08038402
114631,Overweight,18-39,0,0.95579633
114632,Obese,40-59,0,1.08038402
114633,Overweight,18-39,0,0.95579633
114638,Obese,40-59,1,0.5796994
114641,Underweight,18-39,0,0.95404356
114643,Normal,40-59,0,0.94503661
114645,Obese,40-59,0,1.08038402
114647,Obese,40-59,0,1.08038402
114650,Normal,60+,0,0.94503661
114651,Obese,18-39,0,1.08038402
114652,Normal,18-39,0,0.94503661
114657,Normal,18-39,0,0.94503661
114658,Normal,40-59,0,0.94503661
114659,Overweight,18-39,0,0.95579633
114661,Normal,60+,1,2.30812862
114663,Overweight,60+,0,0.95579633
114664,Overweight,60+,0,0.95579633
114672,Normal,40-59,0,0.94503661
114673,Overweight,40-59,0,0.95579633
114677,Obese,40-59,0,1.08038402
114682,Obese,40-59,0,1.08038402
114687,Overweight,40-59,0,0.95579633
114688,Normal,18-39,0,0.94503661
114690,Overweight,40-59,0,0.95579633
114692,Obese,40-59,0,1.08038402
114693,Obese,40-59,1,0.5796994
114695,Overweight,18-39,0,0.95579633
114699,Normal,60+,0,0.94503661
114700,Normal,60+,0,0.94503661
114701,Obese,18-39,0,1.08038402
114703,Overweight,60+,0,0.95579633
114708,Overweight,40-59,0,0.95579633
114712,Obese,18-39,1,0.5796994
114723,Overweight,40-59,0,0.95579633
114724,Obese,60+,0,1.08038402
114728,Obese,40-59,0,1.08038402
114729,Overweight,60+,0,0.95579633
114731,Normal,60+,0,0.94503661
114734,Obese,18-39,1,0.5796994
114739,Obese,60+,0,1.08038402
114740,Obese,18-39,0,1.08038402
114741,Obese,18-39,1,0.5796994
114745,Overweight,40-59,0,0.95579633
114746,Overweight,18-39,0,0.95579633
114747,Normal,18-39,0,0.94503661
114756,Overweight,18-39,0,0.95579633
114759,Normal,18-39,0,0.94503661
114762,Normal,18-39,0,0.94503661
114765,Obese,40-59,0,1.08038402
114769,Normal,60+,0,0.94503661
114772,Normal,18-39,0,0.94503661
114774,Overweight,18-39,0,0.95579633
114775,Normal,40-59,0,0.94503661
114785,Obese,18-39,1,0.5796994
114789,Obese,40-59,0,1.08038402
114790,Obese,18-39,0,1.08038402
114791,Obese,40-59,0,1.08038402
114793,Normal,60+,0,0.94503661
114795,Normal,60+,1,2.30812862
114797,Overweight,60+,0,0.95579633
114798,Normal,40-59,0,0.94503661
114799,Obese,60+,0,1.08038402
114801,Obese,60+,1,0.5796994
114803,Overweight,18-39,0,0.95579633
114806,Normal,18-39,0,0.94503661
114808,Obese,18-39,0,1.08038402
114809,Overweight,18-39,0,0.95579633
114811,Overweight,60+,0,0.95579633
114818,Normal,40-59,0,0.94503661
114819,Normal,18-39,0,0.94503661
114825,Overweight,40-59,0,0.95579633
114828,Overweight,60+,0,0.95579633
114831,Obese,40-59,0,1.08038402
114834,Overweight,18-39,0,0.95579633
114838,Obese,60+,0,1.08038402
114841,Obese,18-39,0,1.08038402
114842,Normal,60+,0,0.94503661
114843,Obese,40-59,0,1.08038402
114846,Obese,60+,0,1.08038402
114849,Obese,60+,0,1.08038402
114851,Overweight,18-39,0,0.95579633
114852,Obese,18-39,0,1.08038402
114853,Obese,60+,0,1.08038402
114859,Obese,60+,0,1.08038402
114861,Overweight,60+,0,0.95579633
114862,Obese,60+,1,0.5796994
114863,Obese,60+,0,1.08038402
114864,Obese,18-39,0,1.08038402
114868,Normal,18-39,0,0.94503661
114870,Overweight,18-39,0,0.95579633
114871,Obese,18-39,0,1.08038402
114872,Overweight,40-59,0,0.95579633
114877,Obese,18-39,0,1.08038402
114879,Normal,40-59,0,0.94503661
114883,Overweight,60+,0,0.95579633
114886,Overweight,60+,0,0.95579633
114890,Overweight,18-39,0,0.95579633
114894,Overweight,60+,0,0.95579633
114898,Overweight,60+,0,0.95579633
114901,Overweight,40-59,0,0.95579633
114903,Obese,60+,0,1.08038402
114905,Overweight,18-39,0,0.95579633
114907,Obese,18-39,0,1.08038402
114908,Obese,40-59,1,0.5796994
114910,Normal,18-39,0,0.94503661
114913,Obese,40-59,0,1.08038402
114915,Overweight,40-59,0,0.95579633
114916,Overweight,40-59,0,0.95579633
114919,Obese,40-59,0,1.08038402
114922,Obese,60+,0,1.08038402
114925,Underweight,18-39,0,0.95404356
114927,Overweight,40-59,0,0.95579633
114929,Normal,40-59,0,0.94503661
114931,Obese,40-59,0,1.08038402
114932,Obese,40-59,0,1.08038402
114934,Overweight,40-59,0,0.95579633
114935,Normal,40-59,0,0.94503661
114937,Obese,40-59,1,0.5796994
114941,Obese,40-59,1,0.5796994
114943,Obese,18-39,0,1.08038402
114944,Obese,18-39,0,1.08038402
114954,Normal,18-39,0,0.94503661
114958,Obese,40-59,1,0.5796994
114961,Normal,60+,0,0.94503661
114962,Obese,60+,0,1.08038402
114965,Normal,60+,0,0.94503661
114970,Obese,18-39,0,1.08038402
114978,Overweight,18-39,0,0.95579633
114979,Overweight,60+,0,0.95579633
114984,Obese,18-39,0,1.08038402
114985,Normal,60+,1,2.30812862
114986,Obese,40-59,1,0.5796994
114988,Overweight,60+,0,0.95579633
114993,Obese,18-39,0,1.08038402
114994,Obese,18-39,0,1.08038402
114995,Overweight,60+,0,0.95579633
114996,Normal,40-59,0,0.94503661
114998,Overweight,60+,1,1.82039906
115003,Overweight,40-59,0,0.95579633
115004,Overweight,18-39,0,0.95579633
115005,Overweight,40-59,0,0.95579633
115006,Normal,18-39,0,0.94503661
115015,Overweight,60+,0,0.95579633
115023,Overweight,18-39,0,0.95579633
115028,Obese,18-39,0,1.08038402
115030,Obese,60+,0,1.08038402
115034,Obese,18-39,0,1.08038402
115036,Normal,40-59,0,0.94503661
115042,Obese,40-59,0,1.08038402
115044,Normal,18-39,0,0.94503661
115047,Overweight,60+,0,0.95579633
115051,Obese,40-59,0,1.08038402
115052,Overweight,18-39,0,0.95579633
115053,Normal,18-39,0,0.94503661
115055,Overweight,18-39,0,0.95579633
115057,Obese,60+,0,1.08038402
115058,Underweight,60+,0,0.95404356
115060,Obese,18-39,0,1.08038402
115065,Normal,40-59,0,0.94503661
115066,Overweight,60+,0,0.95579633
115070,Underweight,18-39,0,0.95404356
115074,Normal,40-59,0,0.94503661
115077,Obese,18-39,0,1.08038402
115081,Obese,60+,0,1.08038402
115082,Overweight,60+,0,0.95579633
115083,Overweight,60+,0,0.95579633
115085,Overweight,60+,0,0.95579633
115088,Normal,18-39,0,0.94503661
115089,Normal,40-59,0,0.94503661
115091,Overweight,60+,0,0.95579633
115095,Overweight,40-59,0,0.95579633
115096,Obese,60+,1,0.5796994
115099,Obese,18-39,0,1.08038402
115100,Obese,60+,0,1.08038402
115110,Overweight,40-59,1,1.82039906
115123,Obese,60+,0,1.08038402
115126,Normal,40-59,0,0.94503661
115130,Normal,18-39,0,0.94503661
115138,Obese,40-59,0,1.08038402
115140,Overweight,60+,0,0.95579633
115144,Normal,40-59,0,0.94503661
115147,Normal,60+,0,0.94503661
115150,Overweight,60+,0,0.95579633
115151,Obese,60+,1,0.5796994
115154,Normal,60+,0,0.94503661
115155,Normal,18-39,0,0.94503661
115156,Overweight,60+,0,0.95579633
115159,Overweight,60+,0,0.95579633
115161,Normal,60+,0,0.94503661
115164,Obese,40-59,1,0.5796994
115181,Obese,40-59,0,1.08038402
115185,Obese,40-59,0,1.08038402
115186,Normal,18-39,0,0.94503661
115189,Overweight,60+,0,0.95579633
115190,Obese,60+,0,1.08038402
115191,Normal,18-39,0,0.94503661
115192,Obese,60+,0,1.08038402
115202,Overweight,60+,0,0.95579633
115203,Overweight,60+,0,0.95579633
115205,Normal,18-39,0,0.94503661
115206,Overweight,60+,0,0.95579633
115210,Obese,60+,0,1.08038402
115213,Overweight,60+,0,0.95579633
115215,Overweight,60+,0,0.95579633
115217,Obese,60+,0,1.08038402
115218,Normal,60+,0,0.94503661
115220,Overweight,18-39,0,0.95579633
115225,Normal,60+,0,0.94503661
115229,Obese,18-39,0,1.08038402
115230,Normal,40-59,0,0.94503661
115232,Normal,60+,1,2.30812862
115238,Normal,40-59,0,0.94503661
115240,Obese,40-59,0,1.08038402
115242,Obese,40-59,1,0.5796994
115243,Obese,18-39,0,1.08038402
115244,Overweight,18-39,0,0.95579633
115245,Obese,18-39,0,1.08038402
115247,Obese,60+,0,1.08038402
115250,Normal,18-39,0,0.94503661
115253,Obese,18-39,0,1.08038402
115255,Overweight,40-59,0,0.95579633
115257,Normal,18-39,0,0.94503661
115260,Normal,18-39,0,0.94503661
115261,Obese,40-59,0,1.08038402
115263,Normal,60+,0,0.94503661
115273,Obese,60+,0,1.08038402
115276,Normal,18-39,0,0.94503661
115279,Overweight,60+,1,1.82039906
115280,Normal,18-39,0,0.94503661
115281,Obese,40-59,0,1.08038402
115283,Normal,40-59,0,0.94503661
115284,Normal,18-39,0,0.94503661
115287,Overweight,60+,0,0.95579633
115288,Obese,40-59,1,0.5796994
115289,Normal,18-39,0,0.94503661
115290,Normal,60+,0,0.94503661
115292,Overweight,60+,0,0.95579633
115295,Obese,40-59,0,1.08038402
115304,Obese,60+,0,1.08038402
115309,Normal,60+,0,0.94503661
115310,Obese,40-59,0,1.08038402
115317,Overweight,18-39,0,0.95579633
115323,Normal,40-59,0,0.94503661
115326,Overweight,18-39,0,0.95579633
115328,Obese,40-59,0,1.08038402
115331,Obese,40-59,0,1.08038402
115332,Normal,40-59,0,0.94503661
115333,Overweight,18-39,0,0.95579633
115334,Overweight,60+,0,0.95579633
115335,Normal,18-39,0,0.94503661
115337,Obese,40-59,0,1.08038402
115338,Overweight,40-59,0,0.95579633
115346,Obese,18-39,0,1.08038402
115350,Obese,18-39,0,1.08038402
115355,Overweight,40-59,0,0.95579633
115358,Obese,60+,0,1.08038402
115359,Underweight,18-39,0,0.95404356
115363,Overweight,60+,0,0.95579633
115365,Normal,18-39,0,0.94503661
115374,Normal,40-59,0,0.94503661
115375,Normal,18-39,0,0.94503661
115379,Obese,18-39,0,1.08038402
115380,Obese,40-59,0,1.08038402
115390,Normal,40-59,0,0.94503661
115394,Obese,40-59,0,1.08038402
115395,Normal,60+,1,2.30812862
115396,Overweight,60+,0,0.95579633
115398,Obese,18-39,0,1.08038402
115401,Obese,18-39,1,0.5796994
115402,Obese,60+,0,1.08038402
115407,Overweight,60+,0,0.95579633
115409,Obese,18-39,0,1.08038402
115410,Overweight,18-39,0,0.95579633
115411,Overweight,18-39,0,0.95579633
115418,Obese,18-39,0,1.08038402
115423,Normal,18-39,0,0.94503661
115426,Normal,60+,0,0.94503661
115437,Overweight,60+,0,0.95579633
115440,Overweight,60+,0,0.95579633
115441,Normal,60+,0,0.94503661
115443,Obese,18-39,0,1.08038402
115445,Obese,60+,0,1.08038402
115447,Overweight,18-39,0,0.95579633
115455,Normal,40-59,0,0.94503661
115458,Normal,60+,0,0.94503661
115459,Obese,60+,0,1.08038402
115465,Overweight,18-39,0,0.95579633
115467,Overweight,18-39,0,0.95579633
115469,Obese,40-59,1,0.5796994
115470,Obese,40-59,0,1.08038402
115471,Normal,18-39,0,0.94503661
115472,Obese,40-59,0,1.08038402
115474,Overweight,60+,0,0.95579633
115478,Obese,60+,0,1.08038402
115479,Normal,40-59,0,0.94503661
115480,Obese,18-39,1,0.5796994
115485,Overweight,40-59,0,0.95579633
115487,Overweight,18-39,0,0.95579633
115489,Overweight,40-59,0,0.95579633
115490,Obese,40-59,0,1.08038402
115493,Obese,60+,0,1.08038402
115494,Obese,60+,0,1.08038402
115495,Obese,60+,1,0.5796994
115498,Obese,60+,0,1.08038402
115499,Overweight,18-39,0,0.95579633
115501,Normal,60+,0,0.94503661
115504,Obese,60+,0,1.08038402
115509,Overweight,40-59,0,0.95579633
115511,Overweight,18-39,0,0.95579633
115518,Obese,60+,0,1.08038402
115521,Overweight,60+,0,0.95579633
115526,Obese,60+,0,1.08038402
115530,Normal,18-39,0,0.94503661
115532,Obese,18-39,1,0.5796994
115538,Obese,40-59,0,1.08038402
115539,Obese,18-39,0,1.08038402
115545,Underweight,18-39,0,0.95404356
115546,Overweight,40-59,0,0.95579633
115547,Obese,60+,1,0.5796994
115551,Normal,18-39,0,0.94503661
115558,Obese,18-39,0,1.08038402
115560,Obese,40-59,1,0.5796994
115563,Overweight,18-39,0,0.95579633
115569,Obese,40-59,0,1.08038402
115574,Overweight,40-59,0,0.95579633
115578,Obese,40-59,0,1.08038402
115579,Obese,40-59,1,0.5796994
115581,Normal,60+,0,0.94503661
115584,Overweight,18-39,0,0.95579633
115585,Overweight,60+,0,0.95579633
115587,Normal,60+,0,0.94503661
115588,Overweight,60+,0,0.95579633
115592,Overweight,60+,0,0.95579633
115598,Normal,18-39,0,0.94503661
115604,Obese,60+,0,1.08038402
115605,Obese,40-59,0,1.08038402
115608,Normal,40-59,0,0.94503661
115609,Normal,18-39,0,0.94503661
115611,Obese,40-59,0,1.08038402
115614,Normal,40-59,0,0.94503661
115615,Normal,40-59,0,0.94503661
115617,Overweight,40-59,1,1.82039906
115624,Obese,40-59,0,1.08038402
115629,Overweight,60+,0,0.95579633
115632,Obese,40-59,0,1.08038402
115636,Overweight,60+,0,0.95579633
115643,Overweight,40-59,0,0.95579633
115645,Obese,18-39,0,1.08038402
115646,Obese,18-39,0,1.08038402
115647,Obese,60+,0,1.08038402
115656,Obese,60+,0,1.08038402
115661,Overweight,60+,0,0.95579633
115662,Normal,60+,0,0.94503661
115663,Overweight,60+,0,0.95579633
115666,Obese,40-59,1,0.5796994
115668,Obese,18-39,1,0.5796994
115670,Obese,60+,0,1.08038402
115671,Obese,60+,0,1.08038402
115673,Normal,18-39,0,0.94503661
115674,Obese,60+,0,1.08038402
115676,Obese,60+,0,1.08038402
115680,Obese,18-39,0,1.08038402
115683,Overweight,40-59,0,0.95579633
115692,Normal,60+,0,0.94503661
115698,Overweight,40-59,0,0.95579633
115705,Overweight,60+,0,0.95579633
115710,Overweight,40-59,0,0.95579633
115711,Overweight,60+,0,0.95579633
115714,Overweight,60+,0,0.95579633
115715,Obese,60+,0,1.08038402
115724,Normal,18-39,0,0.94503661
115728,Normal,40-59,0,0.94503661
115731,Normal,18-39,0,0.94503661
115732,Obese,60+,0,1.08038402
115736,Obese,60+,0,1.08038402
115739,Obese,60+,0,1.08038402
115740,Obese,60+,0,1.08038402
115744,Overweight,60+,0,0.95579633
115746,Obese,60+,1,0.5796994
115747,Overweight,60+,0,0.95579633
115749,Obese,60+,1,0.5796994
115750,Overweight,40-59,0,0.95579633
115752,Overweight,60+,0,0.95579633
115757,Overweight,60+,0,0.95579633
115759,Overweight,40-59,0,0.95579633
115764,Obese,18-39,0,1.08038402
115766,Normal,18-39,0,0.94503661
115767,Normal,40-59,0,0.94503661
115770,Obese,40-59,0,1.08038402
115772,Normal,18-39,0,0.94503661
115780,Obese,40-59,0,1.08038402
115782,Normal,60+,0,0.94503661
115788,Normal,60+,0,0.94503661
115792,Normal,18-39,0,0.94503661
115793,Overweight,18-39,0,0.95579633
115796,Obese,40-59,0,1.08038402
115800,Obese,40-59,0,1.08038402
115801,Obese,40-59,0,1.08038402
115804,Overweight,60+,0,0.95579633
115806,Overweight,18-39,0,0.95579633
115807,Obese,60+,0,1.08038402
115808,Overweight,60+,0,0.95579633
115809,Overweight,60+,0,0.95579633
115814,Normal,60+,1,2.30812862
115818,Normal,60+,0,0.94503661
115829,Normal,18-39,0,0.94503661
115831,Overweight,18-39,0,0.95579633
115833,Underweight,18-39,0,0.95404356
115834,Obese,60+,1,0.5796994
115846,Obese,40-59,0,1.08038402
115851,Overweight,40-59,0,0.95579633
115853,Normal,18-39,0,0.94503661
115854,Normal,18-39,0,0.94503661
115858,Obese,60+,0,1.08038402
115859,Overweight,18-39,0,0.95579633
115860,Normal,40-59,0,0.94503661
115861,Overweight,60+,0,0.95579633
115878,Overweight,18-39,0,0.95579633
115888,Obese,60+,0,1.08038402
115889,Obese,60+,0,1.08038402
115891,Overweight,60+,0,0.95579633
115895,Overweight,60+,0,0.95579633
115907,Overweight,60+,0,0.95579633
115909,Obese,40-59,0,1.08038402
115912,Overweight,18-39,0,0.95579633
115913,Overweight,18-39,0,0.95579633
115915,Normal,18-39,0,0.94503661
115926,Obese,18-39,0,1.08038402
115928,Overweight,60+,0,0.95579633
115929,Overweight,40-59,0,0.95579633
115936,Overweight,60+,0,0.95579633
115939,Obese,40-59,0,1.08038402
115942,Overweight,60+,0,0.95579633
115943,Overweight,60+,0,0.95579633
115953,Obese,18-39,1,0.5796994
115955,Obese,40-59,1,0.5796994
115957,Overweight,60+,0,0.95579633
115959,Normal,18-39,0,0.94503661
115961,Obese,40-59,0,1.08038402
115965,Obese,60+,0,1.08038402
115972,Obese,60+,0,1.08038402
115978,Obese,40-59,0,1.08038402
115983,Overweight,60+,0,0.95579633
115985,Obese,60+,1,0.5796994
115989,Overweight,60+,0,0.95579633
115990,Normal,18-39,0,0.94503661
115994,Obese,60+,0,1.08038402
115998,Normal,40-59,0,0.94503661
116000,Obese,18-39,0,1.08038402
116003,Overweight,18-39,0,0.95579633
116004,Overweight,40-59,0,0.95579633
116008,Obese,60+,1,0.5796994
116013,Obese,40-59,0,1.08038402
116014,Normal,18-39,0,0.94503661
116018,Overweight,60+,0,0.95579633
116021,Normal,40-59,0,0.94503661
116022,Obese,18-39,0,1.08038402
116026,Normal,18-39,0,0.94503661
116027,Overweight,40-59,0,0.95579633
116028,Obese,40-59,0,1.08038402
116029,Obese,18-39,0,1.08038402
116031,Overweight,18-39,0,0.95579633
116035,Normal,18-39,0,0.94503661
116038,Overweight,60+,0,0.95579633
116042,Normal,18-39,0,0.94503661
116043,Overweight,60+,0,0.95579633
116044,Normal,60+,0,0.94503661
116045,Overweight,18-39,0,0.95579633
116050,Normal,40-59,0,0.94503661
116052,Obese,18-39,1,0.5796994
116056,Overweight,60+,0,0.95579633
116057,Overweight,60+,0,0.95579633
116062,Overweight,40-59,0,0.95579633
116065,Obese,40-59,1,0.5796994
116067,Obese,40-59,0,1.08038402
116071,Normal,18-39,0,0.94503661
116073,Obese,40-59,0,1.08038402
116074,Overweight,18-39,0,0.95579633
116075,Obese,18-39,0,1.08038402
116076,Obese,18-39,0,1.08038402
116077,Overweight,40-59,0,0.95579633
116078,Obese,18-39,0,1.08038402
116079,Obese,18-39,0,1.08038402
116088,Normal,18-39,0,0.94503661
116089,Overweight,18-39,0,0.95579633
116090,Overweight,18-39,0,0.95579633
116094,Obese,40-59,0,1.08038402
116097,Obese,18-39,0,1.08038402
116099,Obese,40-59,0,1.08038402
116104,Normal,40-59,0,0.94503661
116107,Normal,60+,0,0.94503661
116109,Obese,40-59,0,1.08038402
116110,Overweight,18-39,0,0.95579633
116112,Obese,60+,0,1.08038402
116116,Obese,18-39,0,1.08038402
116118,Normal,40-59,0,0.94503661
116120,Overweight,60+,0,0.95579633
116121,Obese,18-39,0,1.08038402
116127,Obese,60+,0,1.08038402
116129,Overweight,60+,1,1.82039906
116131,Obese,18-39,0,1.08038402
116133,Overweight,40-59,0,0.95579633
116140,Obese,18-39,0,1.08038402
116141,Overweight,40-59,0,0.95579633
116142,Overweight,40-59,0,0.95579633
116144,Obese,60+,1,0.5796994
116148,Obese,40-59,0,1.08038402
116151,Obese,40-59,0,1.08038402
116152,Normal,18-39,0,0.94503661
116153,Underweight,40-59,0,0.95404356
116157,Overweight,40-59,1,1.82039906
116160,Obese,18-39,1,0.5796994
116164,Obese,18-39,0,1.08038402
116166,Overweight,40-59,0,0.95579633
116169,Obese,40-59,0,1.08038402
116171,Normal,18-39,0,0.94503661
116174,Overweight,40-59,0,0.95579633
116178,Normal,18-39,0,0.94503661
116181,Overweight,40-59,0,0.95579633
116182,Underweight,18-39,0,0.95404356
116190,Overweight,18-39,0,0.95579633
116196,Obese,40-59,0,1.08038402
116201,Overweight,18-39,0,0.95579633
116202,Obese,18-39,0,1.08038402
116203,Obese,60+,0,1.08038402
116206,Normal,60+,0,0.94503661
116207,Obese,18-39,0,1.08038402
116208,Normal,60+,0,0.94503661
116210,Obese,40-59,0,1.08038402
116211,Obese,60+,0,1.08038402
116216,Normal,60+,0,0.94503661
116219,Overweight,18-39,0,0.95579633
116226,Normal,18-39,0,0.94503661
116228,Normal,18-39,0,0.94503661
116235,Overweight,18-39,0,0.95579633
116238,Overweight,40-59,0,0.95579633
116242,Obese,40-59,0,1.08038402
116243,Obese,60+,0,1.08038402
116247,Obese,18-39,0,1.08038402
116251,Normal,60+,0,0.94503661
116260,Normal,18-39,0,0.94503661
116267,Overweight,40-59,0,0.95579633
116268,Obese,40-59,0,1.08038402
116270,Obese,40-59,0,1.08038402
116271,Normal,40-59,0,0.94503661
116276,Obese,40-59,0,1.08038402
116280,Obese,60+,1,0.5796994
116283,Overweight,40-59,0,0.95579633
116284,Obese,18-39,0,1.08038402
116286,Overweight,40-59,0,0.95579633
116287,Normal,40-59,0,0.94503661
116290,Normal,18-39,0,0.94503661
116293,Underweight,40-59,0,0.95404356
116295,Normal,60+,0,0.94503661
116296,Normal,18-39,0,0.94503661
116299,Overweight,40-59,0,0.95579633
116300,Normal,18-39,0,0.94503661
116305,Normal,18-39,0,0.94503661
116306,Obese,18-39,1,0.5796994
116307,Normal,60+,0,0.94503661
116314,Underweight,18-39,0,0.95404356
116315,Normal,60+,0,0.94503661
116319,Obese,40-59,0,1.08038402
116320,Normal,40-59,0,0.94503661
116325,Obese,60+,1,0.5796994
116327,Overweight,40-59,0,0.95579633
116335,Obese,60+,1,0.5796994
116338,Obese,18-39,0,1.08038402
116341,Normal,60+,0,0.94503661
116345,Overweight,40-59,1,1.82039906
116347,Obese,60+,1,0.5796994
116351,Obese,60+,0,1.08038402
116354,Obese,40-59,1,0.5796994
116355,Normal,40-59,0,0.94503661
116356,Normal,18-39,0,0.94503661
116357,Overweight,40-59,0,0.95579633
116360,Overweight,40-59,0,0.95579633
116362,Obese,18-39,0,1.08038402
116372,Normal,18-39,1,2.30812862
116373,Normal,60+,0,0.94503661
116374,Normal,40-59,0,0.94503661
116375,Obese,40-59,1,0.5796994
116378,Overweight,40-59,1,1.82039906
116381,Overweight,40-59,0,0.95579633
116382,Overweight,18-39,0,0.95579633
116384,Overweight,60+,0,0.95579633
116386,Obese,18-39,0,1.08038402
116389,Obese,60+,0,1.08038402
116390,Obese,60+,0,1.08038402
116398,Normal,18-39,0,0.94503661
116406,Overweight,60+,0,0.95579633
116410,Obese,18-39,0,1.08038402
116415,Overweight,40-59,0,0.95579633
116417,Obese,18-39,0,1.08038402
116420,Obese,18-39,1,0.5796994
116423,Overweight,60+,0,0.95579633
116426,Obese,40-59,0,1.08038402
116430,Normal,40-59,0,0.94503661
116433,Normal,18-39,0,0.94503661
116434,Normal,18-39,0,0.94503661
116435,Overweight,40-59,0,0.95579633
116437,Obese,60+,1,0.5796994
116441,Overweight,60+,0,0.95579633
116442,Obese,60+,0,1.08038402
116447,Obese,60+,0,1.08038402
116448,Normal,18-39,0,0.94503661
116453,Obese,18-39,1,0.5796994
116455,Normal,40-59,0,0.94503661
116456,Overweight,60+,0,0.95579633
116457,Overweight,60+,0,0.95579633
116459,Overweight,60+,0,0.95579633
116461,Overweight,60+,0,0.95579633
116464,Normal,40-59,0,0.94503661
116467,Overweight,40-59,0,0.95579633
116472,Obese,60+,0,1.08038402
116474,Normal,60+,0,0.94503661
116487,Obese,40-59,0,1.08038402
116488,Obese,60+,1,0.5796994
116490,Obese,18-39,1,0.5796994
116492,Normal,18-39,0,0.94503661
116493,Overweight,60+,1,1.82039906
116495,Obese,40-59,0,1.08038402
116499,Obese,40-59,0,1.08038402
116502,Overweight,60+,0,0.95579633
116503,Overweight,60+,0,0.95579633
116505,Obese,18-39,0,1.08038402
116507,Normal,40-59,0,0.94503661
116510,Obese,40-59,0,1.08038402
116511,Normal,40-59,0,0.94503661
116518,Obese,18-39,0,1.08038402
116528,Normal,40-59,0,0.94503661
116529,Overweight,18-39,0,0.95579633
116532,Normal,18-39,0,0.94503661
116533,Overweight,40-59,0,0.95579633
116534,Overweight,18-39,0,0.95579633
116537,Overweight,18-39,0,0.95579633
116542,Overweight,60+,0,0.95579633
116546,Normal,18-39,0,0.94503661
116547,Normal,40-59,0,0.94503661
116557,Obese,18-39,0,1.08038402
116560,Normal,18-39,0,0.94503661
116561,Overweight,18-39,0,0.95579633
116562,Overweight,60+,0,0.95579633
116563,Normal,18-39,0,0.94503661
116565,Obese,60+,0,1.08038402
116569,Overweight,60+,0,0.95579633
116574,Obese,60+,0,1.08038402
116580,Normal,60+,0,0.94503661
116582,Normal,60+,1,2.30812862
116583,Normal,18-39,0,0.94503661
116587,Obese,40-59,0,1.08038402
116588,Overweight,40-59,0,0.95579633
116589,Overweight,60+,0,0.95579633
116596,Obese,40-59,0,1.08038402
116598,Obese,40-59,1,0.5796994
116600,Normal,60+,0,0.94503661
116601,Normal,60+,0,0.94503661
116607,Overweight,60+,0,0.95579633
116609,Overweight,40-59,0,0.95579633
116610,Overweight,40-59,0,0.95579633
116613,Overweight,18-39,0,0.95579633
116614,Normal,18-39,0,0.94503661
116616,Overweight,40-59,0,0.95579633
116617,Normal,60+,0,0.94503661
116620,Obese,60+,0,1.08038402
116627,Obese,18-39,0,1.08038402
116631,Overweight,18-39,0,0.95579633
116644,Normal,18-39,0,0.94503661
116654,Obese,40-59,0,1.08038402
116655,Overweight,40-59,0,0.95579633
116656,Overweight,40-59,0,0.95579633
116657,Normal,40-59,0,0.94503661
116660,Normal,60+,0,0.94503661
116662,Obese,60+,0,1.08038402
116666,Obese,60+,1,0.5796994
116672,Obese,18-39,0,1.08038402
116673,Obese,40-59,0,1.08038402
116678,Underweight,18-39,0,0.95404356
116680,Obese,40-59,0,1.08038402
116691,Overweight,40-59,0,0.95579633
116693,Overweight,60+,0,0.95579633
116694,Overweight,40-59,0,0.95579633
116699,Overweight,40-59,0,0.95579633
116703,Obese,40-59,0,1.08038402
116704,Overweight,18-39,0,0.95579633
116705,Normal,18-39,0,0.94503661
116706,Obese,40-59,0,1.08038402
116710,Obese,60+,0,1.08038402
116713,Overweight,40-59,0,0.95579633
116716,Overweight,18-39,0,0.95579633
116721,Overweight,18-39,0,0.95579633
116724,Obese,40-59,1,0.5796994
116728,Overweight,40-59,0,0.95579633
116730,Overweight,60+,0,0.95579633
116734,Obese,40-59,0,1.08038402
116739,Normal,60+,0,0.94503661
116741,Obese,18-39,0,1.08038402
116745,Obese,40-59,0,1.08038402
116747,Normal,40-59,0,0.94503661
116749,Obese,18-39,0,1.08038402
116750,Normal,18-39,0,0.94503661
116760,Normal,40-59,0,0.94503661
116761,Overweight,18-39,0,0.95579633
116762,Obese,60+,0,1.08038402
116766,Obese,40-59,1,0.5796994
116767,Normal,18-39,0,0.94503661
116770,Obese,60+,0,1.08038402
116773,Overweight,40-59,0,0.95579633
116776,Obese,40-59,0,1.08038402
116782,Overweight,18-39,0,0.95579633
116783,Normal,60+,1,2.30812862
116786,Overweight,40-59,0,0.95579633
116794,Obese,60+,1,0.5796994
116796,Normal,18-39,0,0.94503661
116802,Overweight,40-59,1,1.82039906
116806,Obese,40-59,0,1.08038402
116808,Overweight,18-39,0,0.95579633
116809,Overweight,60+,0,0.95579633
116810,Normal,18-39,0,0.94503661
116812,Overweight,18-39,0,0.95579633
116813,Overweight,18-39,0,0.95579633
116814,Obese,40-59,0,1.08038402
116816,Normal,60+,0,0.94503661
116819,Obese,40-59,0,1.08038402
116820,Overweight,40-59,0,0.95579633
116822,Normal,18-39,0,0.94503661
116823,Normal,60+,0,0.94503661
116826,Normal,40-59,0,0.94503661
116831,Overweight,60+,0,0.95579633
116833,Overweight,18-39,0,0.95579633
116843,Normal,18-39,0,0.94503661
116844,Normal,18-39,0,0.94503661
116847,Obese,18-39,0,1.08038402
116855,Obese,60+,1,0.5796994
116864,Obese,60+,0,1.08038402
116865,Overweight,18-39,0,0.95579633
116867,Obese,40-59,0,1.08038402
116869,Overweight,60+,0,0.95579633
116873,Overweight,18-39,0,0.95579633
116881,Normal,40-59,0,0.94503661
116889,Obese,40-59,0,1.08038402
116890,Obese,40-59,0,1.08038402
116893,Overweight,18-39,0,0.95579633
116894,Obese,60+,0,1.08038402
116895,Obese,18-39,0,1.08038402
116896,Normal,40-59,0,0.94503661
116898,Obese,60+,0,1.08038402
116899,Obese,40-59,0,1.08038402
116900,Obese,40-59,0,1.08038402
116901,Overweight,60+,0,0.95579633
116904,Obese,60+,0,1.08038402
116906,Obese,60+,1,0.5796994
116911,Obese,60+,1,0.5796994
116915,Obese,60+,0,1.08038402
116916,Obese,18-39,0,1.08038402
116920,Obese,60+,1,0.5796994
116928,Obese,40-59,0,1.08038402
116935,Underweight,18-39,0,0.95404356
116941,Overweight,18-39,0,0.95579633
116947,Obese,18-39,0,1.08038402
116956,Obese,40-59,1,0.5796994
116959,Obese,60+,1,0.5796994
116961,Overweight,60+,0,0.95579633
116962,Obese,18-39,0,1.08038402
116964,Overweight,18-39,0,0.95579633
116966,Obese,40-59,0,1.08038402
116967,Obese,18-39,0,1.08038402
116968,Overweight,60+,1,1.82039906
116972,Obese,40-59,0,1.08038402
116978,Obese,60+,0,1.08038402
116979,Normal,18-39,0,0.94503661
116980,Normal,60+,0,0.94503661
116981,Obese,18-39,0,1.08038402
116984,Obese,40-59,0,1.08038402
116988,Normal,18-39,0,0.94503661
116989,Overweight,40-59,0,0.95579633
116994,Overweight,60+,0,0.95579633
116997,Overweight,60+,0,0.95579633
117000,Normal,60+,0,0.94503661
117002,Normal,18-39,0,0.94503661
117010,Obese,60+,0,1.08038402
117011,Normal,60+,0,0.94503661
117014,Overweight,40-59,0,0.95579633
117015,Normal,40-59,1,2.30812862
117017,Overweight,40-59,0,0.95579633
117021,Overweight,18-39,0,0.95579633
117022,Overweight,60+,0,0.95579633
117026,Obese,18-39,0,1.08038402
117031,Normal,60+,1,2.30812862
117032,Obese,18-39,0,1.08038402
117033,Obese,18-39,0,1.08038402
117036,Overweight,60+,0,0.95579633
117037,Overweight,60+,0,0.95579633
117044,Overweight,60+,0,0.95579633
117045,Obese,40-59,1,0.5796994
117049,Obese,18-39,0,1.08038402
117050,Overweight,60+,0,0.95579633
117054,Overweight,18-39,0,0.95579633
117055,Overweight,60+,0,0.95579633
117058,Overweight,60+,0,0.95579633
117059,Overweight,18-39,0,0.95579633
117062,Normal,40-59,0,0.94503661
117064,Obese,60+,0,1.08038402
117067,Overweight,40-59,0,0.95579633
117071,Normal,40-59,0,0.94503661
117077,Obese,60+,1,0.5796994
117082,Underweight,40-59,0,0.95404356
117086,Normal,18-39,0,0.94503661
117090,Overweight,60+,0,0.95579633
117091,Overweight,40-59,0,0.95579633
117095,Normal,18-39,0,0.94503661
117101,Obese,18-39,0,1.08038402
117102,Normal,18-39,0,0.94503661
117108,Normal,60+,0,0.94503661
117116,Obese,18-39,0,1.08038402
117117,Obese,60+,0,1.08038402
117118,Normal,18-39,0,0.94503661
117124,Obese,18-39,0,1.08038402
117129,Underweight,18-39,0,0.95404356
117130,Normal,40-59,0,0.94503661
117132,Obese,60+,0,1.08038402
117133,Overweight,60+,0,0.95579633
117138,Obese,40-59,1,0.5796994
117139,Overweight,18-39,0,0.95579633
117147,Normal,40-59,0,0.94503661
117150,Obese,60+,0,1.08038402
117156,Obese,18-39,0,1.08038402
117161,Normal,60+,0,0.94503661
117164,Obese,40-59,0,1.08038402
117165,Obese,60+,0,1.08038402
117172,Obese,18-39,0,1.08038402
117174,Obese,18-39,0,1.08038402
117177,Obese,18-39,0,1.08038402
117178,Obese,18-39,1,0.5796994
117181,Normal,40-59,0,0.94503661
117182,Obese,18-39,0,1.08038402
117186,Normal,18-39,1,2.30812862
117187,Normal,60+,0,0.94503661
117190,Normal,18-39,0,0.94503661
117193,Obese,60+,0,1.08038402
117200,Obese,18-39,0,1.08038402
117204,Overweight,60+,0,0.95579633
117209,Obese,18-39,0,1.08038402
117210,Obese,60+,1,0.5796994
117212,Obese,18-39,0,1.08038402
117215,Obese,18-39,0,1.08038402
117217,Overweight,60+,0,0.95579633
117219,Obese,60+,0,1.08038402
117224,Overweight,40-59,0,0.95579633
117226,Overweight,60+,0,0.95579633
117227,Overweight,18-39,0,0.95579633
117230,Obese,60+,0,1.08038402
117232,Overweight,40-59,0,0.95579633
117238,Obese,40-59,0,1.08038402
117242,Overweight,40-59,0,0.95579633
117243,Normal,40-59,0,0.94503661
117244,Overweight,40-59,0,0.95579633
117249,Obese,60+,1,0.5796994
117250,Obese,60+,0,1.08038402
117251,Overweight,60+,0,0.95579633
117260,Obese,60+,0,1.08038402
117261,Normal,60+,1,2.30812862
117263,Obese,40-59,0,1.08038402
117265,Normal,60+,0,0.94503661
117270,Normal,40-59,0,0.94503661
117274,Overweight,40-59,0,0.95579633
117275,Normal,60+,0,0.94503661
117278,Overweight,18-39,0,0.95579633
117280,Overweight,60+,0,0.95579633
117282,Obese,40-59,1,0.5796994
117285,Normal,18-39,0,0.94503661
117286,Normal,40-59,0,0.94503661
117287,Obese,40-59,0,1.08038402
117289,Overweight,40-59,0,0.95579633
117292,Underweight,60+,1,1.88466147
117293,Obese,40-59,0,1.08038402
117295,Obese,40-59,0,1.08038402
117302,Normal,60+,0,0.94503661
117305,Obese,60+,0,1.08038402
117306,Normal,40-59,0,0.94503661
117307,Normal,60+,0,0.94503661
117310,Obese,60+,0,1.08038402
117312,Obese,60+,0,1.08038402
117313,Normal,18-39,0,0.94503661
117314,Overweight,60+,0,0.95579633
117315,Overweight,60+,0,0.95579633
117316,Obese,40-59,0,1.08038402
117331,Obese,40-59,0,1.08038402
117335,Obese,60+,0,1.08038402
117339,Obese,60+,0,1.08038402
117347,Normal,18-39,0,0.94503661
117353,Normal,60+,0,0.94503661
117354,Overweight,60+,0,0.95579633
117357,Normal,18-39,0,0.94503661
117358,Overweight,18-39,1,1.82039906
117363,Obese,60+,1,0.5796994
117364,Normal,18-39,0,0.94503661
117368,Overweight,18-39,0,0.95579633
117370,Normal,40-59,0,0.94503661
117374,Normal,40-59,0,0.94503661
117375,Obese,40-59,0,1.08038402
117377,Overweight,18-39,0,0.95579633
117383,Obese,40-59,0,1.08038402
117384,Normal,60+,0,0.94503661
117387,Obese,18-39,0,1.08038402
117389,Obese,18-39,1,0.5796994
117398,Obese,60+,1,0.5796994
117405,Obese,18-39,0,1.08038402
117407,Overweight,18-39,0,0.95579633
117409,Overweight,18-39,0,0.95579633
117414,Obese,60+,0,1.08038402
117419,Overweight,40-59,0,0.95579633
117420,Overweight,60+,0,0.95579633
117421,Overweight,18-39,1,1.82039906
117428,Normal,60+,0,0.94503661
117432,Overweight,60+,0,0.95579633
117434,Obese,18-39,1,0.5796994
117435,Obese,40-59,0,1.08038402
117436,Overweight,60+,0,0.95579633
117437,Overweight,40-59,0,0.95579633
117440,Normal,60+,0,0.94503661
117442,Overweight,60+,0,0.95579633
117450,Normal,40-59,0,0.94503661
117454,Overweight,40-59,0,0.95579633
117458,Obese,60+,0,1.08038402
117463,Obese,18-39,0,1.08038402
117464,Underweight,40-59,0,0.95404356
117465,Normal,40-59,1,2.30812862
117467,Overweight,40-59,0,0.95579633
117468,Normal,18-39,0,0.94503661
117470,Normal,18-39,0,0.94503661
117471,Overweight,60+,1,1.82039906
117481,Overweight,40-59,0,0.95579633
117484,Overweight,18-39,1,1.82039906
117485,Obese,18-39,0,1.08038402
117491,Overweight,18-39,0,0.95579633
117494,Overweight,60+,0,0.95579633
117496,Overweight,18-39,0,0.95579633
117498,Overweight,60+,0,0.95579633
117499,Overweight,18-39,0,0.95579633
117500,Obese,18-39,0,1.08038402
117502,Obese,60+,0,1.08038402
117504,Obese,40-59,0,1.08038402
117505,Obese,18-39,1,0.5796994
117507,Overweight,60+,0,0.95579633
117510,Normal,40-59,0,0.94503661
117511,Normal,40-59,0,0.94503661
117514,Normal,40-59,0,0.94503661
117518,Overweight,40-59,0,0.95579633
117531,Overweight,18-39,0,0.95579633
117537,Obese,60+,1,0.5796994
117540,Overweight,60+,0,0.95579633
117543,Normal,18-39,0,0.94503661
117546,Overweight,60+,0,0.95579633
117549,Overweight,18-39,0,0.95579633
117554,Overweight,60+,0,0.95579633
117556,Obese,18-39,0,1.08038402
117559,Overweight,40-59,0,0.95579633
117570,Overweight,40-59,0,0.95579633
117571,Obese,40-59,0,1.08038402
117573,Obese,40-59,0,1.08038402
117575,Obese,60+,1,0.5796994
117577,Normal,40-59,0,0.94503661
117580,Obese,60+,0,1.08038402
117581,Normal,18-39,0,0.94503661
117587,Overweight,18-39,0,0.95579633
117589,Normal,40-59,0,0.94503661
117592,Overweight,18-39,0,0.95579633
117604,Obese,60+,1,0.5796994
117613,Obese,40-59,0,1.08038402
117621,Overweight,18-39,0,0.95579633
117624,Obese,40-59,1,0.5796994
117627,Normal,18-39,0,0.94503661
117628,Obese,18-39,0,1.08038402
117629,Obese,40-59,0,1.08038402
117632,Obese,18-39,0,1.08038402
117633,Obese,40-59,1,0.5796994
117635,Underweight,60+,0,0.95404356
117637,Obese,18-39,1,0.5796994
117638,Obese,60+,0,1.08038402
117644,Normal,18-39,0,0.94503661
117646,Overweight,18-39,0,0.95579633
117652,Normal,60+,0,0.94503661
117653,Overweight,40-59,0,0.95579633
117654,Obese,60+,1,0.5796994
117656,Overweight,18-39,0,0.95579633
117657,Normal,40-59,0,0.94503661
117660,Overweight,60+,0,0.95579633
117665,Obese,60+,0,1.08038402
117675,Obese,60+,0,1.08038402
117677,Obese,18-39,0,1.08038402
117678,Overweight,60+,0,0.95579633
117681,Normal,60+,0,0.94503661
117683,Normal,60+,0,0.94503661
117685,Obese,40-59,0,1.08038402
117687,Obese,40-59,0,1.08038402
117690,Normal,18-39,0,0.94503661
117692,Overweight,60+,1,1.82039906
117695,Overweight,60+,0,0.95579633
117697,Normal,18-39,0,0.94503661
117701,Obese,40-59,0,1.08038402
117703,Obese,60+,0,1.08038402
117704,Obese,40-59,0,1.08038402
117710,Obese,40-59,1,0.5796994
117711,Overweight,60+,0,0.95579633
117712,Overweight,18-39,0,0.95579633
117714,Normal,40-59,0,0.94503661
117719,Overweight,18-39,0,0.95579633
117728,Obese,60+,0,1.08038402
117730,Overweight,40-59,0,0.95579633
117733,Obese,40-59,0,1.08038402
117737,Overweight,18-39,0,0.95579633
117738,Normal,18-39,0,0.94503661
117745,Obese,18-39,1,0.5796994
117746,Normal,60+,0,0.94503661
117755,Overweight,40-59,0,0.95579633
117771,Normal,60+,0,0.94503661
117774,Normal,18-39,0,0.94503661
117775,Normal,40-59,0,0.94503661
117778,Obese,40-59,0,1.08038402
117780,Normal,40-59,0,0.94503661
117784,Overweight,60+,0,0.95579633
117793,Overweight,60+,0,0.95579633
117794,Obese,60+,0,1.08038402
117795,Obese,18-39,0,1.08038402
117806,Obese,60+,1,0.5796994
117807,Obese,60+,1,0.5796994
117810,Normal,18-39,0,0.94503661
117811,Overweight,18-39,0,0.95579633
117817,Obese,40-59,0,1.08038402
117826,Obese,60+,0,1.08038402
117829,Obese,40-59,0,1.08038402
117832,Obese,40-59,0,1.08038402
117838,Overweight,18-39,0,0.95579633
117840,Overweight,18-39,0,0.95579633
117845,Overweight,60+,0,0.95579633
117847,Obese,40-59,0,1.08038402
117849,Overweight,40-59,0,0.95579633
117851,Normal,18-39,0,0.94503661
117853,Overweight,40-59,0,0.95579633
117857,Overweight,40-59,0,0.95579633
117858,Obese,60+,0,1.08038402
117862,Overweight,60+,0,0.95579633
117866,Obese,40-59,0,1.08038402
117868,Overweight,18-39,0,0.95579633
117870,Normal,18-39,0,0.94503661
117873,Overweight,40-59,1,1.82039906
117877,Overweight,40-59,0,0.95579633
117879,Overweight,40-59,0,0.95579633
117882,Overweight,60+,0,0.95579633
117884,Obese,60+,0,1.08038402
117886,Overweight,60+,0,0.95579633
117887,Overweight,18-39,0,0.95579633
117888,Overweight,18-39,0,0.95579633
117890,Obese,60+,0,1.08038402
117894,Obese,40-59,0,1.08038402
117897,Normal,18-39,0,0.94503661
117901,Obese,18-39,0,1.08038402
117907,Overweight,18-39,0,0.95579633
117912,Obese,60+,1,0.5796994
117916,Overweight,60+,0,0.95579633
117917,Obese,60+,0,1.08038402
117919,Overweight,18-39,0,0.95579633
117922,Overweight,18-39,1,1.82039906
117923,Obese,40-59,0,1.08038402
117925,Obese,18-39,0,1.08038402
117929,Overweight,40-59,0,0.95579633
117934,Normal,60+,0,0.94503661
117937,Obese,18-39,0,1.08038402
117946,Obese,18-39,0,1.08038402
117950,Normal,40-59,0,0.94503661
117951,Normal,60+,0,0.94503661
117953,Obese,40-59,1,0.5796994
117962,Overweight,60+,0,0.95579633
117964,Overweight,60+,0,0.95579633
117966,Overweight,18-39,0,0.95579633
117971,Normal,18-39,0,0.94503661
117974,Normal,18-39,0,0.94503661
117979,Obese,18-39,1,0.5796994
117991,Overweight,40-59,0,0.95579633
117996,Obese,40-59,0,1.08038402
117998,Overweight,40-59,0,0.95579633
117999,Overweight,40-59,0,0.95579633
118000,Normal,40-59,0,0.94503661
118003,Normal,60+,0,0.94503661
118006,Normal,18-39,0,0.94503661
118008,Normal,40-59,0,0.94503661
118018,Overweight,18-39,0,0.95579633
118020,Underweight,18-39,0,0.95404356
118022,Normal,60+,0,0.94503661
118023,Underweight,18-39,0,0.95404356
118025,Overweight,40-59,0,0.95579633
118026,Overweight,60+,0,0.95579633
118029,Normal,40-59,0,0.94503661
118031,Underweight,40-59,0,0.95404356
118033,Overweight,60+,0,0.95579633
118035,Overweight,40-59,0,0.95579633
118036,Normal,18-39,0,0.94503661
118038,Overweight,60+,0,0.95579633
118040,Overweight,18-39,0,0.95579633
118042,Overweight,40-59,0,0.95579633
118044,Overweight,40-59,0,0.95579633
118049,Overweight,18-39,0,0.95579633
118050,Obese,60+,1,0.5796994
118055,Obese,40-59,0,1.08038402
118057,Normal,60+,0,0.94503661
118058,Obese,40-59,0,1.08038402
118061,Obese,60+,1,0.5796994
118071,Obese,40-59,0,1.08038402
118072,Obese,40-59,0,1.08038402
118074,Obese,60+,1,0.5796994
118083,Overweight,60+,0,0.95579633
118086,Obese,18-39,0,1.08038402
118103,Obese,40-59,0,1.08038402
118104,Obese,60+,0,1.08038402
118105,Normal,40-59,0,0.94503661
118107,Overweight,18-39,0,0.95579633
118108,Normal,60+,0,0.94503661
118111,Obese,40-59,0,1.08038402
118115,Overweight,60+,0,0.95579633
118118,Obese,40-59,0,1.08038402
118121,Obese,40-59,0,1.08038402
118123,Obese,60+,0,1.08038402
118124,Obese,60+,0,1.08038402
118125,Obese,40-59,1,0.5796994
118126,Obese,18-39,0,1.08038402
118128,Obese,40-59,0,1.08038402
118131,Overweight,40-59,0,0.95579633
118135,Obese,40-59,0,1.08038402
118136,Obese,40-59,0,1.08038402
118138,Overweight,40-59,0,0.95579633
118142,Obese,60+,0,1.08038402
118147,Overweight,18-39,0,0.95579633
118149,Obese,60+,0,1.08038402
118150,Normal,60+,0,0.94503661
118154,Obese,60+,0,1.08038402
118156,Obese,40-59,0,1.08038402
118161,Obese,60+,0,1.08038402
118163,Obese,40-59,0,1.08038402
118164,Obese,40-59,0,1.08038402
118172,Normal,40-59,0,0.94503661
118176,Obese,18-39,0,1.08038402
118178,Normal,60+,0,0.94503661
118184,Normal,18-39,0,0.94503661
118185,Obese,18-39,1,0.5796994
118190,Overweight,40-59,0,0.95579633
118191,Overweight,18-39,0,0.95579633
118193,Normal,40-59,0,0.94503661
118197,Normal,60+,0,0.94503661
118201,Normal,18-39,0,0.94503661
118210,Overweight,40-59,0,0.95579633
118211,Obese,40-59,0,1.08038402
118216,Normal,40-59,0,0.94503661
118217,Overweight,40-59,0,0.95579633
118220,Overweight,18-39,0,0.95579633
118221,Normal,40-59,1,2.30812862
118226,Obese,40-59,0,1.08038402
118228,Obese,60+,1,0.5796994
118231,Obese,18-39,1,0.5796994
118234,Obese,40-59,0,1.08038402
118235,Obese,18-39,0,1.08038402
118237,Obese,40-59,1,0.5796994
118239,Overweight,40-59,0,0.95579633
118242,Obese,60+,0,1.08038402
118246,Normal,18-39,0,0.94503661
118247,Obese,60+,0,1.08038402
118248,Overweight,60+,0,0.95579633
118250,Overweight,60+,0,0.95579633
118253,Overweight,40-59,0,0.95579633
118254,Obese,60+,0,1.08038402
118258,Obese,18-39,0,1.08038402
118259,Obese,18-39,0,1.08038402
118262,Overweight,18-39,0,0.95579633
118265,Overweight,18-39,0,0.95579633
118266,Overweight,60+,0,0.95579633
118267,Obese,40-59,0,1.08038402
118269,Overweight,40-59,0,0.95579633
118276,Obese,18-39,0,1.08038402
118279,Overweight,60+,0,0.95579633
118282,Obese,18-39,0,1.08038402
118285,Overweight,60+,0,0.95579633
118286,Obese,40-59,0,1.08038402
118292,Obese,40-59,0,1.08038402
118293,Obese,60+,0,1.08038402
118295,Normal,40-59,0,0.94503661
118298,Obese,60+,0,1.08038402
118299,Overweight,40-59,0,0.95579633
118300,Normal,60+,0,0.94503661
118302,Overweight,40-59,0,0.95579633
118306,Overweight,18-39,0,0.95579633
118315,Normal,18-39,0,0.94503661
118316,Overweight,60+,0,0.95579633
118319,Obese,18-39,0,1.08038402
118322,Overweight,60+,1,1.82039906
118328,Overweight,60+,0,0.95579633
118336,Obese,60+,0,1.08038402
118337,Underweight,18-39,0,0.95404356
118340,Obese,18-39,0,1.08038402
118342,Normal,40-59,0,0.94503661
118344,Obese,40-59,0,1.08038402
118348,Overweight,60+,0,0.95579633
118349,Obese,40-59,0,1.08038402
118351,Obese,60+,0,1.08038402
118352,Overweight,60+,0,0.95579633
118358,Overweight,40-59,0,0.95579633
118362,Obese,60+,0,1.08038402
118369,Obese,40-59,0,1.08038402
118370,Obese,40-59,0,1.08038402
118374,Overweight,18-39,0,0.95579633
118375,Obese,18-39,0,1.08038402
118381,Obese,40-59,0,1.08038402
118382,Overweight,60+,0,0.95579633
118385,Normal,18-39,0,0.94503661
118386,Obese,40-59,1,0.5796994
118387,Normal,60+,0,0.94503661
118406,Overweight,40-59,0,0.95579633
118407,Normal,40-59,0,0.94503661
118408,Obese,18-39,1,0.5796994
118409,Obese,18-39,0,1.08038402
118411,Obese,60+,0,1.08038402
118412,Overweight,60+,0,0.95579633
118416,Overweight,60+,0,0.95579633
118418,Normal,40-59,0,0.94503661
118423,Obese,40-59,0,1.08038402
118432,Underweight,18-39,0,0.95404356
118435,Obese,60+,0,1.08038402
118436,Underweight,60+,1,1.88466147
118442,Overweight,18-39,0,0.95579633
118451,Obese,18-39,1,0.5796994
118452,Overweight,60+,0,0.95579633
118457,Normal,60+,0,0.94503661
118458,Overweight,60+,0,0.95579633
118459,Overweight,60+,0,0.95579633
118460,Overweight,18-39,0,0.95579633
118464,Obese,40-59,0,1.08038402
118465,Normal,18-39,0,0.94503661
118466,Normal,60+,0,0.94503661
118471,Normal,60+,0,0.94503661
118476,Obese,40-59,0,1.08038402
118479,Overweight,60+,0,0.95579633
118480,Obese,40-59,0,1.08038402
118482,Obese,18-39,0,1.08038402
118484,Obese,40-59,0,1.08038402
118486,Overweight,18-39,0,0.95579633
118494,Normal,40-59,0,0.94503661
118496,Obese,40-59,0,1.08038402
118500,Obese,40-59,0,1.08038402
118503,Overweight,18-39,0,0.95579633
118512,Obese,40-59,0,1.08038402
118513,Obese,60+,0,1.08038402
118514,Overweight,40-59,0,0.95579633
118515,Overweight,60+,0,0.95579633
118520,Overweight,60+,1,1.82039906
118522,Overweight,60+,0,0.95579633
118523,Overweight,40-59,0,0.95579633
118525,Obese,60+,0,1.08038402
118528,Normal,18-39,0,0.94503661
118532,Overweight,60+,0,0.95579633
118533,Overweight,60+,0,0.95579633
118536,Normal,60+,0,0.94503661
118537,Normal,18-39,0,0.94503661
118541,Obese,40-59,0,1.08038402
118544,Obese,18-39,0,1.08038402
118548,Normal,18-39,0,0.94503661
118550,Obese,18-39,0,1.08038402
118552,Obese,18-39,0,1.08038402
118553,Normal,40-59,0,0.94503661
118554,Overweight,40-59,0,0.95579633
118563,Obese,40-59,0,1.08038402
118564,Obese,60+,1,0.5796994
118565,Overweight,40-59,0,0.95579633
118569,Obese,60+,1,0.5796994
118573,Overweight,40-59,0,0.95579633
118577,Obese,60+,0,1.08038402
118579,Normal,60+,0,0.94503661
118580,Overweight,18-39,0,0.95579633
118586,Obese,18-39,0,1.08038402
118588,Obese,60+,1,0.5796994
118595,Overweight,60+,0,0.95579633
118600,Overweight,18-39,0,0.95579633
118601,Obese,40-59,0,1.08038402
118604,Overweight,40-59,1,1.82039906
118605,Overweight,18-39,0,0.95579633
118607,Obese,40-59,0,1.08038402
118610,Normal,40-59,0,0.94503661
118611,Overweight,40-59,0,0.95579633
118614,Obese,60+,0,1.08038402
118616,Overweight,18-39,0,0.95579633
118618,Obese,40-59,1,0.5796994
118620,Obese,60+,0,1.08038402
118621,Obese,40-59,0,1.08038402
118622,Obese,60+,0,1.08038402
118623,Normal,60+,0,0.94503661
118624,Overweight,18-39,0,0.95579633
118628,Obese,40-59,0,1.08038402
118634,Normal,60+,0,0.94503661
118636,Obese,60+,0,1.08038402
118638,Normal,60+,0,0.94503661
118640,Overweight,40-59,0,0.95579633
118643,Obese,40-59,0,1.08038402
118648,Overweight,40-59,0,0.95579633
118650,Obese,18-39,0,1.08038402
118651,Overweight,40-59,0,0.95579633
118654,Overweight,18-39,0,0.95579633
118655,Obese,40-59,0,1.08038402
118658,Obese,18-39,0,1.08038402
118669,Overweight,18-39,0,0.95579633
118673,Overweight,18-39,0,0.95579633
118675,Overweight,40-59,0,0.95579633
118678,Obese,60+,0,1.08038402
118681,Overweight,60+,0,0.95579633
118682,Normal,40-59,0,0.94503661
118687,Overweight,40-59,0,0.95579633
118692,Obese,60+,0,1.08038402
118693,Normal,40-59,0,0.94503661
118696,Normal,18-39,0,0.94503661
118697,Normal,40-59,0,0.94503661
118706,Overweight,18-39,0,0.95579633
118712,Obese,18-39,0,1.08038402
118713,Overweight,40-59,0,0.95579633
118714,Obese,60+,1,0.5796994
118718,Obese,18-39,0,1.08038402
118719,Normal,18-39,0,0.94503661
118721,Obese,60+,0,1.08038402
118722,Obese,60+,0,1.08038402
118723,Overweight,40-59,0,0.95579633
118724,Overweight,60+,0,0.95579633
118727,Obese,60+,0,1.08038402
118729,Obese,40-59,1,0.5796994
118731,Normal,60+,0,0.94503661
118732,Overweight,40-59,0,0.95579633
118734,Normal,18-39,0,0.94503661
118735,Overweight,60+,0,0.95579633
118736,Obese,60+,0,1.08038402
118737,Obese,18-39,0,1.08038402
118742,Overweight,60+,0,0.95579633
118743,Obese,60+,0,1.08038402
118750,Overweight,18-39,0,0.95579633
118752,Overweight,18-39,0,0.95579633
118753,Obese,60+,1,0.5796994
118758,Obese,60+,0,1.08038402
118759,Obese,18-39,1,0.5796994
118766,Obese,18-39,0,1.08038402
118767,Normal,60+,0,0.94503661
118775,Overweight,40-59,0,0.95579633
118776,Overweight,40-59,0,0.95579633
118778,Normal,60+,0,0.94503661
118781,Obese,40-59,0,1.08038402
118783,Overweight,60+,0,0.95579633
118784,Obese,18-39,0,1.08038402
118786,Normal,40-59,0,0.94503661
118791,Obese,18-39,0,1.08038402
118792,Overweight,60+,0,0.95579633
118797,Overweight,18-39,1,1.82039906
118802,Obese,18-39,0,1.08038402
118804,Obese,18-39,0,1.08038402
118805,Obese,40-59,0,1.08038402
118809,Obese,60+,0,1.08038402
118810,Overweight,18-39,0,0.95579633
118811,Normal,18-39,0,0.94503661
118813,Obese,60+,0,1.08038402
118815,Obese,40-59,0,1.08038402
118816,Overweight,18-39,0,0.95579633
118834,Overweight,40-59,0,0.95579633
118836,Normal,18-39,0,0.94503661
118839,Overweight,40-59,0,0.95579633
118840,Normal,18-39,0,0.94503661
118841,Normal,40-59,0,0.94503661
118853,Normal,40-59,0,0.94503661
118857,Obese,60+,0,1.08038402
118861,Obese,60+,1,0.5796994
118864,Obese,60+,0,1.08038402
118871,Overweight,60+,0,0.95579633
118872,Overweight,60+,0,0.95579633
118873,Normal,60+,0,0.94503661
118877,Obese,40-59,0,1.08038402
118879,Normal,18-39,0,0.94503661
118887,Overweight,60+,0,0.95579633
118890,Obese,60+,1,0.5796994
118894,Overweight,40-59,0,0.95579633
118895,Underweight,18-39,0,0.95404356
118897,Obese,40-59,0,1.08038402
118899,Obese,60+,0,1.08038402
118901,Normal,18-39,0,0.94503661
118904,Obese,18-39,0,1.08038402
118906,Obese,60+,0,1.08038402
118914,Normal,60+,0,0.94503661
118915,Normal,40-59,0,0.94503661
118921,Normal,40-59,0,0.94503661
118924,Overweight,40-59,0,0.95579633
118926,Normal,18-39,0,0.94503661
118929,Overweight,40-59,1,1.82039906
118935,Obese,60+,0,1.08038402
118937,Obese,60+,1,0.5796994
118939,Overweight,40-59,0,0.95579633
118942,Normal,18-39,0,0.94503661
118943,Obese,18-39,0,1.08038402
118944,Underweight,40-59,0,0.95404356
118951,Obese,40-59,0,1.08038402
118952,Normal,18-39,0,0.94503661
118953,Obese,60+,0,1.08038402
118954,Obese,60+,1,0.5796994
118957,Overweight,60+,0,0.95579633
118962,Obese,60+,0,1.08038402
118971,Obese,40-59,0,1.08038402
118980,Overweight,40-59,0,0.95579633
118981,Normal,18-39,0,0.94503661
118985,Overweight,40-59,0,0.95579633
118986,Obese,40-59,0,1.08038402
118989,Normal,40-59,0,0.94503661
118990,Obese,40-59,0,1.08038402
118991,Normal,18-39,0,0.94503661
118994,Obese,18-39,0,1.08038402
118999,Obese,60+,0,1.08038402
119005,Normal,18-39,0,0.94503661
119009,Overweight,60+,0,0.95579633
119013,Overweight,60+,0,0.95579633
119017,Obese,60+,1,0.5796994
119022,Overweight,60+,0,0.95579633
119029,Overweight,40-59,0,0.95579633
119030,Normal,60+,0,0.94503661
119031,Obese,60+,0,1.08038402
119040,Overweight,60+,0,0.95579633
119041,Obese,18-39,0,1.08038402
119044,Obese,40-59,0,1.08038402
119053,Overweight,40-59,0,0.95579633
119055,Normal,60+,0,0.94503661
119056,Obese,60+,0,1.08038402
119058,Overweight,60+,0,0.95579633
119061,Overweight,40-59,0,0.95579633
119067,Normal,40-59,0,0.94503661
119068,Obese,40-59,1,0.5796994
119070,Overweight,18-39,0,0.95579633
119075,Normal,40-59,0,0.94503661
119076,Obese,60+,0,1.08038402
119077,Obese,40-59,0,1.08038402
119078,Normal,60+,0,0.94503661
119081,Overweight,18-39,0,0.95579633
119082,Overweight,60+,1,1.82039906
119083,Obese,60+,0,1.08038402
119085,Normal,40-59,0,0.94503661
119086,Underweight,18-39,0,0.95404356
119092,Normal,60+,0,0.94503661
119094,Obese,40-59,0,1.08038402
119096,Normal,40-59,0,0.94503661
119102,Obese,60+,0,1.08038402
119104,Obese,18-39,0,1.08038402
119105,Obese,40-59,0,1.08038402
119124,Normal,60+,0,0.94503661
119126,Normal,60+,0,0.94503661
119127,Overweight,18-39,0,0.95579633
119128,Obese,18-39,0,1.08038402
119130,Normal,60+,0,0.94503661
119133,Normal,18-39,0,0.94503661
119139,Overweight,60+,0,0.95579633
119142,Overweight,60+,0,0.95579633
119146,Obese,18-39,0,1.08038402
119149,Normal,40-59,0,0.94503661
119150,Overweight,18-39,0,0.95579633
119152,Underweight,40-59,0,0.95404356
119155,Obese,60+,1,0.5796994
119156,Normal,18-39,0,0.94503661
119158,Obese,40-59,0,1.08038402
119160,Obese,60+,0,1.08038402
119164,Obese,60+,0,1.08038402
119166,Overweight,40-59,0,0.95579633
119167,Normal,18-39,0,0.94503661
119172,Normal,60+,0,0.94503661
119175,Obese,40-59,1,0.5796994
119179,Overweight,60+,0,0.95579633
119181,Obese,40-59,0,1.08038402
119183,Normal,18-39,0,0.94503661
119184,Normal,18-39,0,0.94503661
119186,Normal,60+,0,0.94503661
119189,Obese,60+,0,1.08038402
119191,Obese,18-39,0,1.08038402
119192,Obese,40-59,0,1.08038402
119193,Overweight,40-59,0,0.95579633
119194,Overweight,40-59,0,0.95579633
119196,Overweight,40-59,0,0.95579633
119197,Obese,60+,0,1.08038402
119201,Obese,18-39,0,1.08038402
119207,Normal,40-59,0,0.94503661
119211,Normal,60+,0,0.94503661
119216,Overweight,40-59,0,0.95579633
119219,Normal,60+,0,0.94503661
119220,Overweight,60+,0,0.95579633
119230,Overweight,60+,0,0.95579633
119232,Normal,40-59,0,0.94503661
119243,Overweight,60+,0,0.95579633
119245,Overweight,40-59,0,0.95579633
119252,Overweight,18-39,0,0.95579633
119257,Obese,40-59,0,1.08038402
119261,Obese,18-39,1,0.5796994
119262,Obese,40-59,1,0.5796994
119265,Obese,60+,1,0.5796994
119266,Overweight,40-59,0,0.95579633
119267,Normal,60+,0,0.94503661
119269,Normal,60+,0,0.94503661
119293,Normal,60+,0,0.94503661
119298,Overweight,60+,0,0.95579633
119299,Overweight,40-59,0,0.95579633
119300,Overweight,40-59,0,0.95579633
119313,Obese,60+,0,1.08038402
119316,Obese,18-39,0,1.08038402
119323,Overweight,40-59,1,1.82039906
119325,Obese,60+,0,1.08038402
119326,Overweight,40-59,0,0.95579633
119328,Normal,18-39,0,0.94503661
119334,Normal,18-39,0,0.94503661
119335,Normal,60+,0,0.94503661
119337,Obese,60+,0,1.08038402
119340,Obese,18-39,0,1.08038402
119345,Normal,18-39,0,0.94503661
119350,Normal,40-59,0,0.94503661
119354,Obese,18-39,0,1.08038402
119355,Obese,18-39,0,1.08038402
119356,Normal,60+,0,0.94503661
119357,Normal,18-39,0,0.94503661
119358,Overweight,40-59,1,1.82039906
119360,Overweight,60+,0,0.95579633
119363,Normal,60+,0,0.94503661
119364,Overweight,60+,0,0.95579633
119367,Normal,60+,1,2.30812862
119369,Overweight,60+,0,0.95579633
119370,Obese,60+,0,1.08038402
119376,Normal,40-59,0,0.94503661
119381,Overweight,60+,0,0.95579633
119382,Normal,60+,0,0.94503661
119385,Obese,40-59,0,1.08038402
119397,Normal,18-39,0,0.94503661
119399,Overweight,60+,0,0.95579633
119405,Overweight,40-59,0,0.95579633
119406,Obese,60+,0,1.08038402
119407,Normal,40-59,0,0.94503661
119418,Obese,18-39,0,1.08038402
119422,Underweight,40-59,0,0.95404356
119423,Obese,40-59,0,1.08038402
119427,Obese,60+,0,1.08038402
119430,Obese,40-59,0,1.08038402
119433,Overweight,60+,0,0.95579633
119434,Overweight,60+,0,0.95579633
119438,Obese,18-39,0,1.08038402
119442,Obese,40-59,0,1.08038402
119443,Obese,18-39,0,1.08038402
119451,Obese,60+,0,1.08038402
119453,Normal,18-39,0,0.94503661
119461,Normal,40-59,0,0.94503661
119462,Obese,18-39,1,0.5796994
119466,Overweight,60+,0,0.95579633
119467,Normal,18-39,0,0.94503661
119470,Normal,18-39,0,0.94503661
119478,Obese,40-59,0,1.08038402
119480,Normal,18-39,0,0.94503661
119483,Normal,18-39,0,0.94503661
119484,Overweight,18-39,0,0.95579633
119487,Overweight,40-59,0,0.95579633
119491,Normal,60+,0,0.94503661
119492,Overweight,60+,0,0.95579633
119497,Normal,18-39,0,0.94503661
119499,Overweight,40-59,0,0.95579633
119501,Obese,18-39,0,1.08038402
119508,Normal,18-39,0,0.94503661
119510,Obese,40-59,0,1.08038402
119511,Normal,60+,0,0.94503661
119512,Normal,60+,0,0.94503661
119523,Normal,18-39,0,0.94503661
119532,Obese,60+,0,1.08038402
119537,Normal,18-39,0,0.94503661
119540,Overweight,60+,0,0.95579633
119543,Normal,40-59,0,0.94503661
119544,Obese,60+,1,0.5796994
119547,Obese,60+,0,1.08038402
119551,Overweight,40-59,0,0.95579633
119559,Overweight,40-59,0,0.95579633
119562,Obese,60+,0,1.08038402
119563,Overweight,60+,0,0.95579633
119565,Normal,40-59,0,0.94503661
119567,Obese,60+,1,0.5796994
119569,Overweight,18-39,0,0.95579633
119575,Overweight,18-39,0,0.95579633
119580,Normal,18-39,0,0.94503661
119581,Overweight,40-59,0,0.95579633
119583,Normal,18-39,0,0.94503661
119584,Obese,40-59,0,1.08038402
119588,Obese,40-59,0,1.08038402
119589,Overweight,18-39,0,0.95579633
119590,Overweight,40-59,0,0.95579633
119591,Obese,60+,0,1.08038402
119592,Obese,60+,0,1.08038402
119594,Overweight,40-59,0,0.95579633
119597,Overweight,40-59,0,0.95579633
119600,Normal,40-59,0,0.94503661
119603,Normal,18-39,0,0.94503661
119605,Normal,60+,0,0.94503661
119606,Normal,60+,0,0.94503661
119608,Obese,18-39,0,1.08038402
119613,Normal,18-39,0,0.94503661
119617,Normal,60+,0,0.94503661
119618,Overweight,60+,0,0.95579633
119619,Obese,18-39,0,1.08038402
119624,Obese,40-59,0,1.08038402
119626,Normal,18-39,0,0.94503661
119630,Overweight,40-59,0,0.95579633
119632,Overweight,60+,0,0.95579633
119636,Obese,60+,0,1.08038402
119640,Normal,60+,0,0.94503661
119642,Obese,40-59,0,1.08038402
119644,Obese,40-59,0,1.08038402
119645,Obese,40-59,1,0.5796994
119646,Obese,18-39,0,1.08038402
119651,Normal,60+,0,0.94503661
119653,Normal,18-39,0,0.94503661
119659,Obese,40-59,0,1.08038402
119667,Obese,18-39,0,1.08038402
119669,Overweight,60+,0,0.95579633
119670,Obese,40-59,0,1.08038402
119675,Obese,60+,0,1.08038402
119678,Obese,60+,0,1.08038402
119679,Overweight,18-39,0,0.95579633
119680,Obese,40-59,0,1.08038402
119681,Obese,60+,0,1.08038402
119683,Overweight,60+,0,0.95579633
119687,Normal,18-39,0,0.94503661
119688,Overweight,40-59,0,0.95579633
119693,Obese,18-39,0,1.08038402
119694,Normal,18-39,0,0.94503661
119695,Overweight,60+,0,0.95579633
119696,Obese,40-59,0,1.08038402
119698,Normal,18-39,0,0.94503661
119700,Overweight,40-59,0,0.95579633
119702,Normal,18-39,0,0.94503661
119703,Obese,40-59,1,0.5796994
119707,Obese,18-39,1,0.5796994
119708,Normal,60+,0,0.94503661
119712,Obese,60+,0,1.08038402
119716,Obese,60+,1,0.5796994
119727,Underweight,18-39,0,0.95404356
119734,Overweight,60+,0,0.95579633
119735,Obese,60+,0,1.08038402
119737,Obese,18-39,0,1.08038402
119738,Obese,60+,0,1.08038402
119742,Overweight,18-39,0,0.95579633
119745,Obese,40-59,1,0.5796994
119746,Overweight,40-59,0,0.95579633
119750,Normal,60+,0,0.94503661
119751,Obese,60+,0,1.08038402
119752,Obese,60+,0,1.08038402
119753,Obese,40-59,1,0.5796994
119755,Normal,60+,0,0.94503661
119758,Obese,18-39,0,1.08038402
119761,Overweight,18-39,0,0.95579633
119762,Obese,60+,0,1.08038402
119766,Normal,60+,0,0.94503661
119769,Overweight,60+,0,0.95579633
119772,Overweight,18-39,0,0.95579633
119777,Obese,60+,0,1.08038402
119779,Overweight,60+,0,0.95579633
119780,Obese,40-59,0,1.08038402
119781,Obese,40-59,0,1.08038402
119787,Overweight,60+,0,0.95579633
119788,Overweight,60+,0,0.95579633
119791,Normal,60+,0,0.94503661
119795,Normal,60+,0,0.94503661
119798,Obese,60+,0,1.08038402
119800,Obese,40-59,1,0.5796994
119801,Obese,40-59,0,1.08038402
119802,Obese,18-39,0,1.08038402
119806,Obese,40-59,0,1.08038402
119810,Overweight,18-39,0,0.95579633
119814,Overweight,60+,0,0.95579633
119815,Normal,18-39,0,0.94503661
119817,Overweight,40-59,0,0.95579633
119821,Overweight,60+,0,0.95579633
119825,Overweight,40-59,0,0.95579633
119829,Obese,18-39,0,1.08038402
119830,Normal,18-39,0,0.94503661
119831,Normal,18-39,0,0.94503661
119832,Overweight,40-59,0,0.95579633
119834,Obese,40-59,0,1.08038402
119839,Obese,60+,0,1.08038402
119841,Obese,40-59,0,1.08038402
119842,Obese,40-59,0,1.08038402
119843,Obese,40-59,0,1.08038402
119846,Obese,18-39,0,1.08038402
119852,Overweight,40-59,0,0.95579633
119854,Normal,40-59,0,0.94503661
119855,Overweight,40-59,0,0.95579633
119859,Obese,18-39,0,1.08038402
119864,Overweight,60+,0,0.95579633
119870,Obese,60+,0,1.08038402
119871,Obese,18-39,1,0.5796994
119873,Overweight,18-39,0,0.95579633
119875,Normal,18-39,1,2.30812862
119880,Normal,18-39,0,0.94503661
119882,Obese,18-39,0,1.08038402
119885,Obese,40-59,0,1.08038402
119886,Obese,60+,0,1.08038402
119887,Normal,18-39,0,0.94503661
119890,Obese,40-59,0,1.08038402
119892,Obese,18-39,0,1.08038402
119896,Obese,40-59,0,1.08038402
119897,Overweight,18-39,0,0.95579633
119898,Underweight,18-39,0,0.95404356
119901,Normal,18-39,0,0.94503661
119905,Obese,40-59,0,1.08038402
119907,Normal,18-39,0,0.94503661
119908,Obese,18-39,0,1.08038402
119911,Obese,60+,0,1.08038402
119913,Overweight,60+,0,0.95579633
119918,Overweight,60+,0,0.95579633
119927,Overweight,18-39,0,0.95579633
119928,Normal,40-59,0,0.94503661
119929,Overweight,18-39,0,0.95579633
119935,Overweight,18-39,0,0.95579633
119937,Obese,18-39,1,0.5796994
119939,Overweight,40-59,0,0.95579633
119941,Normal,60+,0,0.94503661
119942,Obese,60+,1,0.5796994
119944,Obese,60+,1,0.5796994
119947,Overweight,40-59,0,0.95579633
119948,Overweight,60+,0,0.95579633
119949,Overweight,18-39,0,0.95579633
119951,Overweight,60+,0,0.95579633
119958,Obese,18-39,0,1.08038402
119959,Overweight,40-59,0,0.95579633
119965,Normal,18-39,0,0.94503661
119966,Overweight,60+,0,0.95579633
119972,Obese,60+,0,1.08038402
119980,Normal,18-39,0,0.94503661
119982,Overweight,18-39,0,0.95579633
119987,Overweight,40-59,0,0.95579633
119988,Underweight,18-39,0,0.95404356
119989,Overweight,18-39,0,0.95579633
119994,Normal,40-59,0,0.94503661
119995,Normal,18-39,0,0.94503661
119996,Overweight,40-59,1,1.82039906
119997,Obese,18-39,0,1.08038402
120000,Obese,18-39,0,1.08038402
120003,Obese,40-59,0,1.08038402
120004,Obese,18-39,0,1.08038402
120005,Obese,40-59,0,1.08038402
120010,Obese,60+,0,1.08038402
120011,Overweight,18-39,0,0.95579633
120013,Obese,60+,0,1.08038402
120016,Obese,18-39,1,0.5796994
120020,Overweight,18-39,0,0.95579633
120021,Obese,40-59,0,1.08038402
120025,Overweight,18-39,0,0.95579633
120026,Underweight,60+,0,0.95404356
120027,Overweight,18-39,0,0.95579633
120039,Normal,18-39,0,0.94503661
120040,Obese,60+,0,1.08038402
120041,Overweight,60+,0,0.95579633
120043,Overweight,40-59,0,0.95579633
120048,Normal,18-39,0,0.94503661
120049,Overweight,60+,0,0.95579633
120055,Normal,18-39,0,0.94503661
120056,Obese,40-59,0,1.08038402
120062,Obese,60+,0,1.08038402
120064,Obese,60+,1,0.5796994
120068,Overweight,18-39,0,0.95579633
120076,Obese,40-59,0,1.08038402
120078,Obese,60+,0,1.08038402
120079,Overweight,18-39,0,0.95579633
120080,Obese,60+,0,1.08038402
120082,Overweight,18-39,0,0.95579633
120084,Normal,18-39,0,0.94503661
120089,Overweight,60+,0,0.95579633
120097,Normal,60+,0,0.94503661
120099,Obese,18-39,0,1.08038402
120103,Overweight,60+,0,0.95579633
120104,Overweight,18-39,0,0.95579633
120119,Overweight,60+,0,0.95579633
120124,Normal,40-59,0,0.94503661
120126,Obese,18-39,1,0.5796994
120129,Normal,18-39,0,0.94503661
120131,Underweight,40-59,0,0.95404356
120136,Normal,60+,0,0.94503661
120137,Overweight,18-39,0,0.95579633
120142,Normal,40-59,0,0.94503661
120145,Obese,18-39,0,1.08038402
120147,Overweight,18-39,0,0.95579633
120149,Obese,40-59,0,1.08038402
120150,Overweight,60+,0,0.95579633
120153,Overweight,18-39,0,0.95579633
120154,Underweight,18-39,0,0.95404356
120156,Normal,60+,0,0.94503661
120160,Obese,18-39,0,1.08038402
120165,Underweight,40-59,0,0.95404356
120169,Obese,60+,1,0.5796994
120173,Obese,40-59,0,1.08038402
120177,Overweight,60+,0,0.95579633
120178,Obese,18-39,0,1.08038402
120179,Normal,18-39,0,0.94503661
120180,Obese,60+,1,0.5796994
120183,Obese,40-59,0,1.08038402
120188,Obese,18-39,0,1.08038402
120193,Overweight,40-59,0,0.95579633
120194,Overweight,18-39,0,0.95579633
120196,Overweight,40-59,0,0.95579633
120197,Overweight,40-59,0,0.95579633
120198,Obese,18-39,0,1.08038402
120203,Obese,40-59,0,1.08038402
120204,Obese,40-59,0,1.08038402
120209,Obese,18-39,0,1.08038402
120211,Overweight,40-59,0,0.95579633
120212,Overweight,60+,0,0.95579633
120214,Normal,60+,0,0.94503661
120223,Normal,60+,0,0.94503661
120224,Overweight,60+,0,0.95579633
120229,Overweight,40-59,0,0.95579633
120241,Obese,60+,0,1.08038402
120246,Overweight,18-39,0,0.95579633
120251,Obese,60+,0,1.08038402
120257,Overweight,60+,0,0.95579633
120258,Overweight,40-59,0,0.95579633
120259,Obese,60+,0,1.08038402
120268,Obese,40-59,0,1.08038402
120273,Normal,40-59,0,0.94503661
120278,Overweight,60+,0,0.95579633
120279,Normal,40-59,0,0.94503661
120283,Normal,18-39,0,0.94503661
120285,Normal,60+,0,0.94503661
120286,Overweight,60+,0,0.95579633
120287,Overweight,60+,0,0.95579633
120291,Normal,18-39,0,0.94503661
120296,Overweight,40-59,0,0.95579633
120300,Obese,60+,1,0.5796994
120307,Overweight,60+,0,0.95579633
120311,Obese,60+,0,1.08038402
120319,Overweight,60+,0,0.95579633
120322,Obese,60+,0,1.08038402
120325,Obese,18-39,0,1.08038402
120327,Obese,60+,0,1.08038402
120329,Normal,40-59,0,0.94503661
120332,Obese,60+,0,1.08038402
120334,Overweight,18-39,0,0.95579633
120336,Overweight,40-59,0,0.95579633
120338,Obese,60+,0,1.08038402
120340,Overweight,60+,0,0.95579633
120343,Overweight,60+,0,0.95579633
120345,Overweight,60+,0,0.95579633
120346,Obese,40-59,1,0.5796994
120350,Overweight,40-59,0,0.95579633
120352,Normal,60+,0,0.94503661
120353,Underweight,60+,0,0.95404356
120355,Underweight,18-39,0,0.95404356
120358,Obese,40-59,0,1.08038402
120361,Overweight,60+,0,0.95579633
120363,Normal,40-59,0,0.94503661
120364,Obese,60+,0,1.08038402
120368,Overweight,18-39,0,0.95579633
120369,Overweight,60+,0,0.95579633
120371,Normal,60+,0,0.94503661
120373,Obese,18-39,0,1.08038402
120376,Obese,40-59,0,1.08038402
120379,Overweight,60+,0,0.95579633
120380,Obese,18-39,0,1.08038402
120381,Overweight,60+,0,0.95579633
120382,Overweight,40-59,0,0.95579633
120384,Obese,60+,0,1.08038402
120386,Obese,18-39,0,1.08038402
120387,Overweight,60+,0,0.95579633
120393,Overweight,40-59,0,0.95579633
120395,Obese,18-39,0,1.08038402
120398,Obese,18-39,0,1.08038402
120400,Overweight,18-39,0,0.95579633
120401,Underweight,60+,0,0.95404356
120403,Obese,40-59,0,1.08038402
120405,Normal,18-39,0,0.94503661
120407,Overweight,40-59,0,0.95579633
120410,Normal,40-59,0,0.94503661
120411,Obese,40-59,1,0.5796994
120412,Obese,40-59,1,0.5796994
120413,Obese,18-39,0,1.08038402
120414,Normal,18-39,0,0.94503661
120416,Overweight,60+,0,0.95579633
120418,Obese,18-39,0,1.08038402
120419,Obese,60+,0,1.08038402
120420,Overweight,40-59,0,0.95579633
120422,Obese,18-39,1,0.5796994
120427,Obese,18-39,0,1.08038402
120428,Obese,40-59,0,1.08038402
120432,Overweight,40-59,0,0.95579633
120440,Overweight,40-59,0,0.95579633
120441,Normal,18-39,0,0.94503661
120443,Overweight,18-39,0,0.95579633
120447,Normal,40-59,0,0.94503661
120451,Normal,18-39,0,0.94503661
120454,Overweight,40-59,0,0.95579633
120455,Overweight,60+,0,0.95579633
120456,Obese,40-59,0,1.08038402
120458,Obese,18-39,0,1.08038402
120460,Overweight,18-39,0,0.95579633
120461,Overweight,18-39,0,0.95579633
120462,Normal,60+,0,0.94503661
120467,Obese,40-59,0,1.08038402
120468,Overweight,60+,0,0.95579633
120471,Normal,60+,0,0.94503661
120476,Overweight,40-59,0,0.95579633
120478,Overweight,60+,0,0.95579633
120480,Obese,40-59,0,1.08038402
120481,Overweight,18-39,0,0.95579633
120484,Overweight,18-39,0,0.95579633
120485,Obese,18-39,0,1.08038402
120491,Overweight,18-39,0,0.95579633
120494,Normal,18-39,0,0.94503661
120498,Normal,18-39,0,0.94503661
120500,Overweight,40-59,0,0.95579633
120510,Overweight,40-59,0,0.95579633
120512,Overweight,40-59,0,0.95579633
120519,Obese,18-39,0,1.08038402
120521,Obese,60+,0,1.08038402
120522,Normal,60+,0,0.94503661
120523,Normal,18-39,0,0.94503661
120529,Overweight,18-39,0,0.95579633
120531,Obese,40-59,0,1.08038402
120535,Obese,60+,0,1.08038402
120538,Overweight,40-59,0,0.95579633
120541,Overweight,18-39,0,0.95579633
120542,Normal,40-59,0,0.94503661
120544,Overweight,60+,0,0.95579633
120545,Obese,40-59,0,1.08038402
120553,Overweight,18-39,0,0.95579633
120556,Overweight,60+,0,0.95579633
120557,Normal,60+,0,0.94503661
120561,Normal,18-39,0,0.94503661
120563,Obese,60+,0,1.08038402
120571,Normal,40-59,0,0.94503661
120573,Obese,40-59,0,1.08038402
120577,Obese,40-59,0,1.08038402
120581,Overweight,18-39,0,0.95579633
120584,Overweight,60+,1,1.82039906
120590,Normal,60+,0,0.94503661
120591,Normal,60+,0,0.94503661
120596,Normal,40-59,0,0.94503661
120597,Overweight,60+,0,0.95579633
120598,Obese,18-39,0,1.08038402
120603,Normal,60+,0,0.94503661
120607,Obese,40-59,0,1.08038402
120609,Normal,18-39,0,0.94503661
120610,Overweight,40-59,0,0.95579633
120611,Overweight,60+,0,0.95579633
120623,Overweight,18-39,0,0.95579633
120629,Normal,18-39,0,0.94503661
120631,Overweight,40-59,0,0.95579633
120635,Obese,18-39,0,1.08038402
120641,Overweight,40-59,0,0.95579633
120647,Obese,60+,0,1.08038402
120652,Overweight,60+,0,0.95579633
120653,Normal,60+,0,0.94503661
120654,Overweight,18-39,0,0.95579633
120661,Normal,18-39,0,0.94503661
120662,Obese,40-59,0,1.08038402
120676,Overweight,40-59,0,0.95579633
120677,Obese,18-39,0,1.08038402
120678,Overweight,18-39,0,0.95579633
120683,Overweight,60+,0,0.95579633
120684,Normal,18-39,0,0.94503661
120687,Normal,18-39,0,0.94503661
120691,Normal,60+,0,0.94503661
120694,Overweight,40-59,0,0.95579633
120696,Obese,18-39,0,1.08038402
120700,Obese,40-59,1,0.5796994
120709,Obese,40-59,0,1.08038402
120710,Obese,40-59,0,1.08038402
120717,Obese,18-39,0,1.08038402
120720,Overweight,40-59,0,0.95579633
120723,Obese,18-39,0,1.08038402
120727,Obese,18-39,1,0.5796994
120731,Overweight,18-39,0,0.95579633
120734,Obese,60+,0,1.08038402
120738,Overweight,60+,0,0.95579633
120742,Obese,60+,0,1.08038402
120743,Overweight,60+,0,0.95579633
120745,Overweight,18-39,0,0.95579633
120747,Overweight,60+,0,0.95579633
120748,Obese,40-59,0,1.08038402
120749,Obese,18-39,0,1.08038402
120752,Overweight,60+,0,0.95579633
120754,Obese,60+,0,1.08038402
120762,Obese,60+,0,1.08038402
120769,Obese,40-59,0,1.08038402
120770,Underweight,40-59,1,1.88466147
120774,Obese,18-39,0,1.08038402
120778,Obese,18-39,0,1.08038402
120779,Obese,40-59,0,1.08038402
120780,Normal,40-59,0,0.94503661
120784,Obese,40-59,0,1.08038402
120792,Obese,40-59,0,1.08038402
120793,Obese,60+,0,1.08038402
120794,Normal,40-59,0,0.94503661
120802,Obese,18-39,0,1.08038402
120804,Overweight,40-59,0,0.95579633
120817,Overweight,40-59,1,1.82039906
120821,Overweight,60+,1,1.82039906
120825,Obese,40-59,0,1.08038402
120828,Normal,60+,0,0.94503661
120832,Obese,60+,0,1.08038402
120838,Normal,60+,1,2.30812862
120842,Overweight,18-39,0,0.95579633
120846,Obese,40-59,0,1.08038402
120862,Normal,60+,0,0.94503661
120870,Normal,60+,0,0.94503661
120873,Overweight,60+,0,0.95579633
120874,Overweight,18-39,0,0.95579633
120876,Overweight,18-39,0,0.95579633
120880,Overweight,18-39,0,0.95579633
120881,Normal,40-59,0,0.94503661
120882,Normal,18-39,0,0.94503661
120885,Overweight,60+,0,0.95579633
120888,Obese,60+,1,0.5796994
120894,Obese,18-39,0,1.08038402
120897,Obese,40-59,0,1.08038402
120899,Overweight,60+,0,0.95579633
120904,Obese,60+,1,0.5796994
120905,Overweight,60+,0,0.95579633
120908,Overweight,18-39,0,0.95579633
120911,Obese,40-59,0,1.08038402
120917,Overweight,60+,0,0.95579633
120921,Obese,18-39,0,1.08038402
120922,Obese,40-59,0,1.08038402
120927,Obese,40-59,0,1.08038402
120928,Normal,18-39,0,0.94503661
120933,Overweight,60+,0,0.95579633
120936,Obese,60+,1,0.5796994
120939,Obese,60+,0,1.08038402
120948,Obese,18-39,0,1.08038402
120953,Obese,60+,0,1.08038402
120956,Normal,18-39,0,0.94503661
120960,Obese,60+,0,1.08038402
120962,Overweight,40-59,0,0.95579633
120967,Obese,40-59,0,1.08038402
120969,Obese,40-59,1,0.5796994
120971,Obese,40-59,0,1.08038402
120973,Overweight,60+,0,0.95579633
120983,Overweight,60+,0,0.95579633
120984,Obese,18-39,0,1.08038402
120987,Obese,40-59,0,1.08038402
120991,Overweight,18-39,0,0.95579633
120994,Obese,40-59,0,1.08038402
120995,Obese,18-39,0,1.08038402
121000,Overweight,40-59,0,0.95579633
121001,Overweight,60+,0,0.95579633
121005,Obese,60+,0,1.08038402
121008,Normal,40-59,0,0.94503661
121015,Obese,18-39,0,1.08038402
121022,Overweight,18-39,0,0.95579633
121023,Overweight,60+,0,0.95579633
121032,Normal,18-39,0,0.94503661
121038,Overweight,40-59,0,0.95579633
121041,Obese,40-59,1,0.5796994
121043,Obese,18-39,0,1.08038402
121045,Obese,18-39,0,1.08038402
121047,Normal,60+,0,0.94503661
121052,Obese,18-39,0,1.08038402
121057,Overweight,18-39,0,0.95579633
121058,Overweight,40-59,0,0.95579633
121060,Normal,18-39,0,0.94503661
121061,Normal,60+,1,2.30812862
121063,Obese,40-59,0,1.08038402
121064,Obese,40-59,0,1.08038402
121069,Obese,18-39,0,1.08038402
121071,Overweight,18-39,0,0.95579633
121073,Overweight,60+,1,1.82039906
121077,Obese,18-39,0,1.08038402
121081,Overweight,40-59,0,0.95579633
121082,Normal,40-59,0,0.94503661
121083,Obese,18-39,0,1.08038402
121088,Obese,18-39,0,1.08038402
121089,Overweight,60+,0,0.95579633
121091,Normal,18-39,0,0.94503661
121095,Obese,60+,0,1.08038402
121098,Overweight,40-59,0,0.95579633
121101,Obese,18-39,0,1.08038402
121102,Overweight,40-59,0,0.95579633
121105,Obese,40-59,0,1.08038402
121106,Overweight,60+,0,0.95579633
121110,Overweight,40-59,0,0.95579633
121117,Obese,40-59,0,1.08038402
121120,Obese,40-59,1,0.5796994
121122,Overweight,40-59,0,0.95579633
121123,Obese,40-59,0,1.08038402
121126,Normal,40-59,0,0.94503661
121134,Obese,40-59,0,1.08038402
121135,Obese,40-59,0,1.08038402
121136,Normal,60+,0,0.94503661
121139,Obese,18-39,1,0.5796994
121142,Normal,60+,0,0.94503661
121146,Normal,18-39,0,0.94503661
121147,Overweight,40-59,0,0.95579633
121149,Obese,40-59,0,1.08038402
121154,Overweight,60+,0,0.95579633
121156,Obese,40-59,1,0.5796994
121162,Obese,40-59,0,1.08038402
121169,Overweight,18-39,0,0.95579633
121172,Obese,60+,0,1.08038402
121174,Obese,40-59,0,1.08038402
121175,Normal,60+,0,0.94503661
121176,Obese,60+,0,1.08038402
121177,Normal,18-39,0,0.94503661
121178,Obese,60+,0,1.08038402
121182,Overweight,40-59,0,0.95579633
121185,Overweight,40-59,0,0.95579633
121187,Obese,60+,0,1.08038402
121188,Normal,18-39,0,0.94503661
121192,Overweight,18-39,0,0.95579633
121197,Obese,60+,0,1.08038402
121199,Normal,18-39,0,0.94503661
121201,Obese,18-39,0,1.08038402
121203,Normal,60+,0,0.94503661
121204,Normal,60+,0,0.94503661
121205,Overweight,60+,0,0.95579633
121207,Underweight,60+,0,0.95404356
121211,Obese,18-39,1,0.5796994
121213,Overweight,18-39,0,0.95579633
121215,Normal,18-39,0,0.94503661
121219,Overweight,40-59,0,0.95579633
121220,Overweight,18-39,0,0.95579633
121228,Normal,18-39,0,0.94503661
121235,Overweight,18-39,0,0.95579633
121237,Obese,60+,0,1.08038402
121240,Obese,40-59,0,1.08038402
121242,Obese,40-59,0,1.08038402
121245,Normal,18-39,0,0.94503661
121246,Obese,40-59,0,1.08038402
121249,Overweight,60+,0,0.95579633
121253,Overweight,40-59,0,0.95579633
121254,Normal,40-59,0,0.94503661
121260,Overweight,60+,0,0.95579633
121261,Obese,18-39,0,1.08038402
121269,Obese,40-59,0,1.08038402
121272,Obese,60+,1,0.5796994
121277,Obese,60+,0,1.08038402
121284,Obese,40-59,0,1.08038402
121286,Obese,18-39,0,1.08038402
121287,Overweight,60+,0,0.95579633
121291,Obese,60+,0,1.08038402
121293,Obese,18-39,0,1.08038402
121294,Obese,60+,0,1.08038402
121295,Normal,60+,0,0.94503661
121296,Overweight,40-59,0,0.95579633
121299,Obese,60+,0,1.08038402
121303,Overweight,40-59,0,0.95579633
121304,Overweight,40-59,0,0.95579633
121309,Overweight,60+,0,0.95579633
121311,Overweight,18-39,0,0.95579633
121313,Overweight,40-59,0,0.95579633
121315,Obese,40-59,0,1.08038402
121317,Overweight,60+,0,0.95579633
121319,Obese,40-59,0,1.08038402
121321,Obese,60+,1,0.5796994
121322,Overweight,60+,0,0.95579633
121325,Overweight,40-59,0,0.95579633
121326,Overweight,60+,0,0.95579633
121329,Normal,60+,1,2.30812862
121334,Normal,60+,0,0.94503661
121335,Obese,18-39,0,1.08038402
121336,Obese,60+,1,0.5796994
121340,Normal,18-39,0,0.94503661
121341,Obese,60+,0,1.08038402
121345,Obese,18-39,0,1.08038402
121346,Overweight,40-59,0,0.95579633
121348,Obese,40-59,0,1.08038402
121349,Normal,60+,0,0.94503661
121350,Obese,40-59,0,1.08038402
121351,Normal,40-59,0,0.94503661
121353,Overweight,60+,0,0.95579633
121358,Obese,18-39,0,1.08038402
121361,Underweight,40-59,0,0.95404356
121364,Obese,18-39,0,1.08038402
121367,Obese,40-59,0,1.08038402
121368,Normal,40-59,0,0.94503661
121371,Overweight,18-39,0,0.95579633
121378,Normal,40-59,0,0.94503661
121381,Obese,18-39,0,1.08038402
121382,Obese,18-39,0,1.08038402
121383,Overweight,60+,0,0.95579633
121391,Obese,60+,0,1.08038402
121395,Obese,40-59,1,0.5796994
121398,Normal,60+,0,0.94503661
121405,Normal,18-39,0,0.94503661
121406,Overweight,60+,0,0.95579633
121410,Obese,60+,0,1.08038402
121414,Overweight,40-59,0,0.95579633
121415,Normal,60+,0,0.94503661
121417,Normal,40-59,0,0.94503661
121422,Obese,18-39,0,1.08038402
121424,Normal,40-59,0,0.94503661
121425,Obese,40-59,0,1.08038402
121428,Overweight,18-39,0,0.95579633
121432,Normal,60+,0,0.94503661
121435,Normal,18-39,0,0.94503661
121441,Normal,18-39,0,0.94503661
121442,Obese,60+,1,0.5796994
121443,Normal,40-59,0,0.94503661
121453,Overweight,18-39,0,0.95579633
121457,Obese,60+,0,1.08038402
121460,Obese,40-59,1,0.5796994
121461,Obese,40-59,0,1.08038402
121462,Overweight,60+,1,1.82039906
121464,Obese,18-39,0,1.08038402
121465,Obese,60+,0,1.08038402
121468,Obese,40-59,0,1.08038402
121473,Normal,60+,1,2.30812862
121475,Normal,40-59,0,0.94503661
121476,Normal,40-59,0,0.94503661
121480,Obese,60+,1,0.5796994
121481,Obese,18-39,0,1.08038402
121483,Normal,18-39,0,0.94503661
121484,Overweight,40-59,0,0.95579633
121485,Normal,18-39,0,0.94503661
121488,Obese,18-39,0,1.08038402
121489,Obese,60+,0,1.08038402
121490,Normal,18-39,0,0.94503661
121494,Obese,60+,0,1.08038402
121505,Obese,18-39,0,1.08038402
121506,Obese,40-59,0,1.08038402
121508,Normal,60+,0,0.94503661
121519,Normal,60+,0,0.94503661
121520,Overweight,40-59,0,0.95579633
121521,Overweight,18-39,0,0.95579633
121525,Overweight,60+,0,0.95579633
121530,Obese,18-39,0,1.08038402
121533,Overweight,18-39,0,0.95579633
121534,Overweight,18-39,0,0.95579633
121540,Overweight,40-59,0,0.95579633
121543,Obese,60+,0,1.08038402
121544,Obese,40-59,0,1.08038402
121550,Normal,18-39,0,0.94503661
121551,Overweight,60+,0,0.95579633
121554,Overweight,18-39,0,0.95579633
121556,Obese,60+,0,1.08038402
121558,Normal,18-39,0,0.94503661
121565,Obese,18-39,0,1.08038402
121569,Overweight,60+,0,0.95579633
121570,Normal,40-59,0,0.94503661
121571,Normal,40-59,0,0.94503661
121576,Overweight,40-59,0,0.95579633
121578,Overweight,60+,0,0.95579633
121579,Overweight,40-59,0,0.95579633
121580,Obese,60+,0,1.08038402
121581,Obese,18-39,0,1.08038402
121585,Normal,40-59,0,0.94503661
121587,Normal,18-39,0,0.94503661
121588,Overweight,60+,0,0.95579633
121592,Obese,18-39,0,1.08038402
121597,Overweight,40-59,1,1.82039906
121604,Overweight,18-39,0,0.95579633
121606,Overweight,40-59,0,0.95579633
121607,Overweight,60+,0,0.95579633
121610,Normal,18-39,0,0.94503661
121618,Obese,40-59,0,1.08038402
121621,Normal,60+,0,0.94503661
121623,Obese,60+,1,0.5796994
121625,Overweight,60+,0,0.95579633
121631,Overweight,18-39,0,0.95579633
121634,Overweight,40-59,0,0.95579633
121635,Overweight,60+,0,0.95579633
121638,Overweight,18-39,0,0.95579633
121644,Overweight,40-59,0,0.95579633
121645,Obese,60+,0,1.08038402
121647,Normal,60+,0,0.94503661
121648,Obese,60+,0,1.08038402
121649,Overweight,60+,0,0.95579633
121650,Overweight,18-39,0,0.95579633
121653,Overweight,40-59,0,0.95579633
121657,Overweight,40-59,0,0.95579633
121662,Obese,18-39,0,1.08038402
121664,Overweight,40-59,0,0.95579633
121669,Normal,60+,0,0.94503661
121670,Obese,60+,1,0.5796994
121671,Obese,18-39,0,1.08038402
121673,Normal,18-39,0,0.94503661
121674,Normal,18-39,0,0.94503661
121675,Obese,60+,0,1.08038402
121682,Obese,60+,0,1.08038402
121687,Obese,18-39,0,1.08038402
121693,Normal,60+,0,0.94503661
121694,Obese,60+,0,1.08038402
121695,Obese,40-59,0,1.08038402
121696,Obese,40-59,0,1.08038402
121700,Obese,40-59,1,0.5796994
121710,Obese,18-39,0,1.08038402
121711,Normal,18-39,0,0.94503661
121719,Obese,40-59,1,0.5796994
121728,Obese,60+,1,0.5796994
121730,Obese,40-59,0,1.08038402
121731,Obese,40-59,0,1.08038402
121737,Normal,18-39,0,0.94503661
121738,Normal,40-59,0,0.94503661
121747,Overweight,40-59,0,0.95579633
121753,Obese,18-39,0,1.08038402
121758,Obese,18-39,0,1.08038402
121763,Overweight,40-59,0,0.95579633
121764,Normal,18-39,0,0.94503661
121773,Obese,40-59,0,1.08038402
121774,Obese,60+,0,1.08038402
121775,Overweight,40-59,0,0.95579633
121776,Overweight,40-59,0,0.95579633
121778,Overweight,40-59,0,0.95579633
121780,Overweight,60+,0,0.95579633
121782,Obese,18-39,1,0.5796994
121783,Overweight,60+,0,0.95579633
121785,Obese,60+,0,1.08038402
121786,Obese,40-59,0,1.08038402
121789,Normal,18-39,0,0.94503661
121791,Normal,60+,0,0.94503661
121796,Normal,40-59,0,0.94503661
121809,Normal,18-39,0,0.94503661
121812,Overweight,40-59,0,0.95579633
121814,Obese,40-59,0,1.08038402
121816,Overweight,60+,1,1.82039906
121818,Overweight,40-59,0,0.95579633
121827,Overweight,60+,0,0.95579633
121828,Overweight,18-39,0,0.95579633
121830,Overweight,60+,0,0.95579633
121836,Normal,18-39,0,0.94503661
121838,Overweight,18-39,0,0.95579633
121840,Obese,60+,0,1.08038402
121841,Obese,18-39,0,1.08038402
121842,Overweight,18-39,0,0.95579633
121846,Obese,18-39,1,0.5796994
121847,Obese,60+,0,1.08038402
121848,Obese,18-39,0,1.08038402
121850,Normal,18-39,0,0.94503661
121854,Overweight,18-39,0,0.95579633
121864,Normal,60+,1,2.30812862
121865,Normal,18-39,0,0.94503661
121866,Normal,40-59,0,0.94503661
121872,Obese,60+,0,1.08038402
121876,Normal,40-59,0,0.94503661
121877,Obese,18-39,0,1.08038402
121883,Overweight,60+,0,0.95579633
121891,Obese,40-59,0,1.08038402
121893,Overweight,18-39,0,0.95579633
121894,Normal,40-59,0,0.94503661
121897,Normal,18-39,0,0.94503661
121899,Obese,40-59,0,1.08038402
121906,Obese,18-39,0,1.08038402
121907,Overweight,60+,0,0.95579633
121913,Overweight,18-39,0,0.95579633
121917,Overweight,40-59,0,0.95579633
121919,Underweight,18-39,0,0.95404356
121920,Normal,18-39,0,0.94503661
121923,Obese,60+,0,1.08038402
121927,Obese,60+,0,1.08038402
121928,Obese,60+,0,1.08038402
121931,Overweight,18-39,0,0.95579633
121944,Overweight,40-59,0,0.95579633
121945,Overweight,60+,0,0.95579633
121948,Normal,40-59,0,0.94503661
121961,Obese,40-59,0,1.08038402
121962,Obese,40-59,1,0.5796994
121964,Overweight,60+,0,0.95579633
121972,Overweight,18-39,0,0.95579633
121974,Overweight,60+,0,0.95579633
121975,Overweight,60+,1,1.82039906
121976,Obese,40-59,0,1.08038402
121979,Normal,40-59,0,0.94503661
121981,Overweight,60+,0,0.95579633
121982,Overweight,18-39,0,0.95579633
121985,Obese,18-39,1,0.5796994
121987,Overweight,40-59,0,0.95579633
121989,Normal,60+,0,0.94503661
121993,Normal,60+,0,0.94503661
121995,Normal,40-59,0,0.94503661
121997,Obese,18-39,0,1.08038402
122001,Overweight,40-59,0,0.95579633
122004,Overweight,40-59,0,0.95579633
122012,Overweight,18-39,0,0.95579633
122013,Normal,60+,0,0.94503661
122018,Normal,18-39,0,0.94503661
122021,Overweight,18-39,0,0.95579633
122023,Normal,40-59,0,0.94503661
122033,Underweight,18-39,0,0.95404356
122035,Normal,18-39,0,0.94503661
122036,Normal,60+,0,0.94503661
122037,Obese,60+,1,0.5796994
122038,Overweight,60+,0,0.95579633
122039,Overweight,40-59,0,0.95579633
122041,Obese,18-39,0,1.08038402
122043,Obese,60+,0,1.08038402
122047,Normal,60+,0,0.94503661
122052,Obese,60+,0,1.08038402
122054,Overweight,40-59,0,0.95579633
122056,Overweight,60+,0,0.95579633
122062,Overweight,18-39,0,0.95579633
122063,Overweight,40-59,0,0.95579633
122074,Overweight,60+,0,0.95579633
122077,Overweight,40-59,0,0.95579633
122078,Normal,60+,0,0.94503661
122093,Normal,18-39,0,0.94503661
122095,Normal,40-59,0,0.94503661
122097,Overweight,18-39,0,0.95579633
122101,Obese,40-59,0,1.08038402
122107,Obese,18-39,0,1.08038402
122111,Normal,18-39,0,0.94503661
122112,Overweight,18-39,0,0.95579633
122113,Normal,40-59,0,0.94503661
122116,Overweight,18-39,0,0.95579633
122121,Overweight,60+,1,1.82039906
122127,Obese,18-39,0,1.08038402
122128,Normal,18-39,0,0.94503661
122129,Normal,60+,0,0.94503661
122136,Overweight,40-59,0,0.95579633
122139,Overweight,60+,0,0.95579633
122143,Overweight,18-39,0,0.95579633
122150,Overweight,60+,0,0.95579633
122152,Overweight,40-59,0,0.95579633
122153,Obese,60+,0,1.08038402
122154,Normal,60+,1,2.30812862
122156,Obese,60+,1,0.5796994
122158,Normal,18-39,0,0.94503661
122159,Obese,60+,0,1.08038402
122179,Normal,18-39,0,0.94503661
122187,Overweight,60+,0,0.95579633
122188,Normal,40-59,0,0.94503661
122193,Obese,40-59,0,1.08038402
122196,Overweight,18-39,0,0.95579633
122199,Obese,60+,0,1.08038402
122207,Underweight,40-59,0,0.95404356
122209,Normal,18-39,0,0.94503661
122210,Normal,18-39,0,0.94503661
122214,Obese,60+,0,1.08038402
122215,Obese,40-59,0,1.08038402
122216,Overweight,40-59,0,0.95579633
122217,Obese,40-59,0,1.08038402
122219,Overweight,40-59,0,0.95579633
122222,Obese,18-39,0,1.08038402
122227,Normal,60+,0,0.94503661
122233,Normal,18-39,0,0.94503661
122234,Obese,18-39,0,1.08038402
122237,Overweight,60+,0,0.95579633
122239,Normal,18-39,0,0.94503661
122241,Normal,40-59,0,0.94503661
122252,Obese,60+,0,1.08038402
122254,Overweight,18-39,0,0.95579633
122258,Obese,18-39,0,1.08038402
122260,Normal,60+,0,0.94503661
122264,Overweight,40-59,0,0.95579633
122265,Obese,18-39,0,1.08038402
122266,Normal,40-59,0,0.94503661
122269,Obese,60+,0,1.08038402
122271,Obese,18-39,0,1.08038402
122276,Overweight,18-39,0,0.95579633
122283,Overweight,60+,0,0.95579633
122289,Normal,40-59,0,0.94503661
122291,Normal,60+,1,2.30812862
122294,Overweight,18-39,0,0.95579633
122295,Obese,60+,0,1.08038402
122297,Overweight,40-59,0,0.95579633
122301,Normal,18-39,0,0.94503661
122302,Normal,18-39,0,0.94503661
122303,Obese,18-39,0,1.08038402
122305,Obese,18-39,1,0.5796994
122310,Normal,40-59,1,2.30812862
122314,Overweight,60+,0,0.95579633
122315,Normal,60+,0,0.94503661
122322,Obese,18-39,1,0.5796994
122323,Obese,40-59,0,1.08038402
122325,Obese,40-59,0,1.08038402
122328,Obese,40-59,0,1.08038402
122333,Obese,18-39,0,1.08038402
122334,Overweight,18-39,0,0.95579633
122337,Normal,60+,0,0.94503661
122338,Obese,18-39,0,1.08038402
122339,Overweight,60+,0,0.95579633
122340,Normal,18-39,0,0.94503661
122343,Obese,60+,0,1.08038402
122350,Normal,18-39,0,0.94503661
122355,Obese,60+,0,1.08038402
122356,Overweight,18-39,0,0.95579633
122359,Normal,60+,0,0.94503661
122360,Normal,18-39,0,0.94503661
122361,Obese,18-39,0,1.08038402
122363,Normal,18-39,0,0.94503661
122364,Overweight,18-39,0,0.95579633
122373,Normal,18-39,0,0.94503661
122375,Normal,40-59,0,0.94503661
122376,Normal,60+,0,0.94503661
122378,Normal,18-39,0,0.94503661
122379,Overweight,40-59,0,0.95579633
122383,Normal,18-39,0,0.94503661
122384,Obese,40-59,0,1.08038402
122387,Obese,60+,0,1.08038402
122389,Overweight,18-39,1,1.82039906
122392,Obese,40-59,0,1.08038402
122394,Overweight,60+,0,0.95579633
122395,Obese,18-39,0,1.08038402
122396,Overweight,40-59,0,0.95579633
122404,Normal,18-39,0,0.94503661
122405,Overweight,60+,0,0.95579633
122407,Obese,60+,1,0.5796994
122408,Normal,40-59,0,0.94503661
122414,Overweight,40-59,0,0.95579633
122416,Overweight,18-39,0,0.95579633
122417,Obese,60+,0,1.08038402
122419,Overweight,60+,0,0.95579633
122421,Normal,18-39,0,0.94503661
122423,Obese,40-59,0,1.08038402
122430,Normal,18-39,0,0.94503661
122431,Overweight,40-59,0,0.95579633
122435,Obese,40-59,0,1.08038402
122442,Normal,60+,0,0.94503661
122448,Normal,40-59,0,0.94503661
122453,Overweight,60+,0,0.95579633
122454,Obese,40-59,0,1.08038402
122459,Normal,18-39,0,0.94503661
122460,Normal,18-39,0,0.94503661
122462,Normal,18-39,0,0.94503661
122463,Obese,40-59,0,1.08038402
122468,Overweight,18-39,0,0.95579633
122473,Obese,60+,0,1.08038402
122474,Overweight,40-59,0,0.95579633
122477,Normal,18-39,0,0.94503661
122478,Overweight,40-59,0,0.95579633
122481,Overweight,18-39,0,0.95579633
122487,Normal,18-39,0,0.94503661
122490,Obese,18-39,0,1.08038402
122493,Obese,40-59,0,1.08038402
122496,Obese,60+,0,1.08038402
122500,Normal,18-39,0,0.94503661
122503,Overweight,18-39,0,0.95579633
122504,Overweight,40-59,0,0.95579633
122511,Overweight,60+,0,0.95579633
122512,Overweight,18-39,0,0.95579633
122513,Obese,18-39,0,1.08038402
122514,Obese,18-39,0,1.08038402
122517,Obese,60+,0,1.08038402
122520,Obese,40-59,0,1.08038402
122526,Normal,18-39,0,0.94503661
122528,Normal,18-39,0,0.94503661
122535,Obese,18-39,0,1.08038402
122536,Overweight,40-59,0,0.95579633
122537,Overweight,18-39,1,1.82039906
122543,Overweight,40-59,0,0.95579633
122546,Overweight,40-59,0,0.95579633
122555,Obese,18-39,0,1.08038402
122556,Overweight,40-59,0,0.95579633
122559,Obese,40-59,0,1.08038402
122560,Overweight,60+,0,0.95579633
122563,Obese,18-39,0,1.08038402
122574,Normal,60+,0,0.94503661
122576,Underweight,40-59,0,0.95404356
122578,Obese,18-39,0,1.08038402
122581,Overweight,18-39,0,0.95579633
122585,Obese,60+,0,1.08038402
122586,Obese,18-39,1,0.5796994
122587,Normal,40-59,0,0.94503661
122592,Overweight,18-39,0,0.95579633
122594,Normal,40-59,0,0.94503661
122595,Overweight,60+,0,0.95579633
122596,Obese,18-39,0,1.08038402
122597,Overweight,40-59,0,0.95579633
122602,Obese,18-39,0,1.08038402
122608,Obese,18-39,1,0.5796994
122609,Normal,40-59,0,0.94503661
122611,Obese,40-59,0,1.08038402
122612,Normal,60+,0,0.94503661
122617,Obese,18-39,0,1.08038402
122619,Obese,18-39,0,1.08038402
122621,Obese,60+,0,1.08038402
122629,Overweight,60+,0,0.95579633
122630,Obese,18-39,0,1.08038402
122637,Overweight,18-39,0,0.95579633
122643,Obese,18-39,0,1.08038402
122644,Overweight,40-59,0,0.95579633
122647,Obese,60+,0,1.08038402
122651,Obese,40-59,0,1.08038402
122652,Normal,60+,0,0.94503661
122654,Obese,40-59,0,1.08038402
122656,Normal,18-39,0,0.94503661
122657,Overweight,60+,0,0.95579633
122659,Overweight,18-39,0,0.95579633
122660,Overweight,60+,0,0.95579633
122662,Overweight,18-39,0,0.95579633
122663,Normal,18-39,0,0.94503661
122664,Overweight,40-59,0,0.95579633
122670,Overweight,40-59,1,1.82039906
122672,Obese,40-59,0,1.08038402
122676,Obese,40-59,0,1.08038402
122684,Obese,18-39,0,1.08038402
122685,Obese,60+,0,1.08038402
122687,Overweight,18-39,0,0.95579633
122691,Obese,40-59,1,0.5796994
122692,Normal,40-59,0,0.94503661
122694,Obese,60+,1,0.5796994
122698,Normal,18-39,0,0.94503661
122699,Overweight,18-39,0,0.95579633
122703,Overweight,40-59,0,0.95579633
122707,Overweight,18-39,0,0.95579633
122709,Overweight,40-59,0,0.95579633
122713,Obese,40-59,0,1.08038402
122717,Normal,40-59,0,0.94503661
122720,Obese,40-59,0,1.08038402
122724,Obese,40-59,0,1.08038402
122732,Overweight,40-59,0,0.95579633
122734,Obese,60+,0,1.08038402
122737,Normal,18-39,0,0.94503661
122742,Obese,40-59,1,0.5796994
122746,Overweight,18-39,0,0.95579633
122749,Overweight,60+,0,0.95579633
122753,Obese,60+,0,1.08038402
122759,Normal,40-59,0,0.94503661
122766,Overweight,60+,0,0.95579633
122769,Obese,60+,0,1.08038402
122771,Normal,18-39,0,0.94503661
122780,Normal,60+,0,0.94503661
122781,Obese,60+,0,1.08038402
122784,Normal,40-59,0,0.94503661
122787,Overweight,40-59,1,1.82039906
122789,Obese,60+,0,1.08038402
122790,Overweight,18-39,0,0.95579633
122791,Obese,40-59,0,1.08038402
122796,Overweight,60+,0,0.95579633
122800,Overweight,18-39,0,0.95579633
122803,Normal,60+,0,0.94503661
122806,Obese,40-59,0,1.08038402
122807,Normal,40-59,0,0.94503661
122816,Obese,18-39,0,1.08038402
122820,Overweight,60+,0,0.95579633
122824,Normal,18-39,0,0.94503661
122828,Obese,18-39,0,1.08038402
122833,Normal,40-59,0,0.94503661
122840,Obese,18-39,0,1.08038402
122842,Normal,40-59,0,0.94503661
122843,Normal,60+,0,0.94503661
122848,Obese,60+,1,0.5796994
122851,Obese,18-39,0,1.08038402
122852,Normal,18-39,0,0.94503661
122855,Obese,18-39,0,1.08038402
122856,Overweight,60+,0,0.95579633
122864,Overweight,40-59,0,0.95579633
122867,Normal,18-39,0,0.94503661
122874,Normal,18-39,0,0.94503661
122876,Obese,60+,0,1.08038402
122878,Normal,60+,1,2.30812862
122881,Obese,40-59,1,0.5796994
122886,Obese,18-39,0,1.08038402
122889,Obese,40-59,0,1.08038402
122893,Obese,40-59,0,1.08038402
122896,Overweight,60+,0,0.95579633
122901,Obese,40-59,0,1.08038402
122906,Obese,18-39,0,1.08038402
122912,Obese,40-59,0,1.08038402
122913,Obese,18-39,0,1.08038402
122916,Normal,18-39,0,0.94503661
122919,Obese,18-39,0,1.08038402
122923,Obese,60+,0,1.08038402
122925,Obese,40-59,0,1.08038402
122928,Overweight,40-59,0,0.95579633
122929,Overweight,18-39,0,0.95579633
122930,Overweight,60+,0,0.95579633
122931,Obese,60+,0,1.08038402
122933,Obese,60+,1,0.5796994
122934,Obese,18-39,0,1.08038402
122937,Obese,40-59,0,1.08038402
122938,Overweight,60+,0,0.95579633
122940,Normal,40-59,0,0.94503661
122949,Normal,40-59,0,0.94503661
122950,Obese,40-59,0,1.08038402
122951,Normal,18-39,0,0.94503661
122952,Obese,18-39,0,1.08038402
122955,Obese,18-39,0,1.08038402
122960,Obese,60+,0,1.08038402
122962,Obese,60+,0,1.08038402
122963,Underweight,40-59,0,0.95404356
122970,Obese,40-59,0,1.08038402
122972,Obese,40-59,0,1.08038402
122974,Obese,60+,1,0.5796994
122977,Obese,40-59,1,0.5796994
122984,Normal,18-39,0,0.94503661
122985,Overweight,18-39,0,0.95579633
122987,Normal,40-59,0,0.94503661
122988,Obese,40-59,0,1.08038402
122991,Normal,60+,0,0.94503661
122995,Normal,40-59,0,0.94503661
122996,Overweight,40-59,0,0.95579633
122997,Overweight,18-39,0,0.95579633
122998,Obese,18-39,0,1.08038402
123003,Obese,40-59,0,1.08038402
123004,Overweight,40-59,0,0.95579633
123005,Obese,40-59,0,1.08038402
123011,Overweight,60+,0,0.95579633
123015,Normal,18-39,0,0.94503661
123021,Overweight,60+,0,0.95579633
123023,Normal,18-39,0,0.94503661
123024,Obese,60+,0,1.08038402
123025,Normal,60+,0,0.94503661
123026,Overweight,60+,0,0.95579633
123029,Obese,40-59,0,1.08038402
123032,Overweight,60+,0,0.95579633
123033,Normal,60+,0,0.94503661
123035,Normal,18-39,0,0.94503661
123038,Obese,60+,0,1.08038402
123040,Overweight,60+,0,0.95579633
123042,Obese,40-59,0,1.08038402
123043,Obese,40-59,1,0.5796994
123045,Obese,60+,0,1.08038402
123048,Obese,40-59,0,1.08038402
123050,Overweight,60+,0,0.95579633
123052,Obese,18-39,0,1.08038402
123054,Obese,18-39,0,1.08038402
123063,Overweight,60+,0,0.95579633
123064,Obese,40-59,1,0.5796994
123075,Obese,18-39,0,1.08038402
123077,Overweight,40-59,0,0.95579633
123083,Normal,60+,0,0.94503661
123084,Overweight,40-59,1,1.82039906
123089,Normal,40-59,0,0.94503661
123090,Obese,40-59,1,0.5796994
123091,Overweight,40-59,0,0.95579633
123096,Obese,18-39,0,1.08038402
123099,Normal,18-39,0,0.94503661
123103,Underweight,18-39,0,0.95404356
123104,Obese,60+,0,1.08038402
123105,Obese,18-39,0,1.08038402
123107,Obese,60+,0,1.08038402
123109,Obese,18-39,0,1.08038402
123112,Obese,40-59,1,0.5796994
123113,Obese,18-39,0,1.08038402
123116,Overweight,60+,0,0.95579633
123120,Obese,40-59,0,1.08038402
123125,Overweight,40-59,0,0.95579633
123128,Overweight,40-59,0,0.95579633
123129,Normal,60+,0,0.94503661
123130,Normal,60+,0,0.94503661
123135,Overweight,60+,0,0.95579633
123138,Normal,60+,0,0.94503661
123139,Normal,40-59,0,0.94503661
123153,Overweight,40-59,0,0.95579633
123155,Overweight,60+,0,0.95579633
123159,Normal,18-39,0,0.94503661
123160,Obese,40-59,0,1.08038402
123162,Obese,60+,0,1.08038402
123163,Obese,60+,1,0.5796994
123165,Normal,18-39,0,0.94503661
123167,Overweight,18-39,0,0.95579633
123169,Overweight,18-39,0,0.95579633
123172,Obese,40-59,0,1.08038402
123173,Overweight,60+,1,1.82039906
123175,Overweight,40-59,0,0.95579633
123179,Obese,40-59,1,0.5796994
123183,Obese,40-59,0,1.08038402
123185,Obese,40-59,0,1.08038402
123186,Obese,18-39,0,1.08038402
123190,Obese,60+,0,1.08038402
123196,Obese,60+,0,1.08038402
123198,Overweight,40-59,0,0.95579633
123203,Overweight,40-59,0,0.95579633
123204,Normal,18-39,0,0.94503661
123210,Overweight,18-39,0,0.95579633
123216,Obese,40-59,1,0.5796994
123220,Overweight,18-39,0,0.95579633
123221,Overweight,60+,0,0.95579633
123223,Obese,40-59,0,1.08038402
123226,Normal,18-39,0,0.94503661
123227,Obese,18-39,0,1.08038402
123231,Obese,60+,1,0.5796994
123235,Overweight,60+,1,1.82039906
123237,Normal,40-59,0,0.94503661
123239,Overweight,18-39,0,0.95579633
123243,Normal,40-59,0,0.94503661
123244,Normal,18-39,0,0.94503661
123245,Overweight,60+,0,0.95579633
123251,Normal,18-39,0,0.94503661
123252,Obese,18-39,0,1.08038402
123254,Overweight,40-59,1,1.82039906
123258,Overweight,60+,0,0.95579633
123260,Obese,18-39,0,1.08038402
123261,Obese,40-59,1,0.5796994
123265,Normal,18-39,0,0.94503661
123266,Overweight,18-39,0,0.95579633
123268,Overweight,60+,0,0.95579633
123271,Obese,60+,0,1.08038402
123274,Obese,18-39,0,1.08038402
123275,Obese,18-39,0,1.08038402
123277,Obese,40-59,0,1.08038402
123278,Obese,40-59,0,1.08038402
123279,Obese,60+,0,1.08038402
123280,Overweight,60+,0,0.95579633
123282,Overweight,60+,0,0.95579633
123284,Obese,40-59,0,1.08038402
123286,Obese,18-39,0,1.08038402
123287,Obese,18-39,0,1.08038402
123290,Obese,60+,0,1.08038402
123294,Obese,18-39,0,1.08038402
123295,Obese,18-39,0,1.08038402
123298,Obese,60+,0,1.08038402
123304,Overweight,18-39,0,0.95579633
123306,Obese,18-39,0,1.08038402
123315,Obese,60+,0,1.08038402
123317,Obese,60+,0,1.08038402
123318,Overweight,40-59,0,0.95579633
123319,Obese,18-39,0,1.08038402
123322,Overweight,18-39,0,0.95579633
123323,Obese,60+,0,1.08038402
123326,Obese,18-39,1,0.5796994
123327,Overweight,60+,0,0.95579633
123328,Overweight,18-39,0,0.95579633
123332,Obese,60+,0,1.08038402
123335,Overweight,60+,0,0.95579633
123346,Overweight,60+,1,1.82039906
123347,Obese,60+,0,1.08038402
123349,Normal,18-39,0,0.94503661
123353,Normal,40-59,0,0.94503661
123362,Normal,40-59,0,0.94503661
123363,Normal,18-39,0,0.94503661
123364,Overweight,40-59,0,0.95579633
123366,Obese,60+,1,0.5796994
123367,Obese,60+,0,1.08038402
123372,Obese,40-59,0,1.08038402
123374,Obese,18-39,1,0.5796994
123375,Normal,60+,0,0.94503661
123380,Obese,40-59,0,1.08038402
123382,Normal,18-39,0,0.94503661
123386,Obese,18-39,0,1.08038402
123388,Obese,60+,1,0.5796994
123389,Underweight,18-39,0,0.95404356
123396,Obese,18-39,0,1.08038402
123399,Obese,60+,0,1.08038402
123400,Obese,60+,0,1.08038402
123405,Overweight,40-59,0,0.95579633
123409,Overweight,18-39,0,0.95579633
123416,Obese,60+,0,1.08038402
123423,Overweight,18-39,0,0.95579633
123427,Overweight,18-39,0,0.95579633
123429,Overweight,60+,0,0.95579633
123431,Normal,18-39,0,0.94503661
123434,Overweight,40-59,0,0.95579633
123436,Normal,40-59,0,0.94503661
123438,Overweight,18-39,0,0.95579633
123440,Obese,18-39,0,1.08038402
123446,Obese,18-39,0,1.08038402
123447,Overweight,18-39,0,0.95579633
123453,Normal,18-39,0,0.94503661
123454,Obese,40-59,0,1.08038402
123460,Normal,40-59,0,0.94503661
123466,Normal,40-59,0,0.94503661
123467,Obese,60+,0,1.08038402
123472,Overweight,18-39,0,0.95579633
123474,Overweight,40-59,0,0.95579633
123479,Overweight,40-59,0,0.95579633
123484,Normal,60+,0,0.94503661
123488,Obese,60+,1,0.5796994
123489,Overweight,60+,1,1.82039906
123490,Obese,60+,0,1.08038402
123494,Obese,40-59,0,1.08038402
123496,Normal,60+,1,2.30812862
123498,Normal,18-39,0,0.94503661
123505,Overweight,18-39,0,0.95579633
123506,Obese,60+,0,1.08038402
123507,Obese,18-39,0,1.08038402
123509,Overweight,40-59,0,0.95579633
123511,Overweight,18-39,0,0.95579633
123513,Obese,18-39,0,1.08038402
123515,Normal,60+,0,0.94503661
123519,Overweight,40-59,0,0.95579633
123521,Obese,40-59,0,1.08038402
123525,Normal,18-39,0,0.94503661
123526,Obese,60+,1,0.5796994
123527,Overweight,40-59,0,0.95579633
123533,Overweight,60+,0,0.95579633
123534,Normal,18-39,0,0.94503661
123535,Obese,60+,0,1.08038402
123537,Normal,40-59,0,0.94503661
123539,Obese,60+,0,1.08038402
123542,Obese,60+,0,1.08038402
123545,Obese,40-59,0,1.08038402
123548,Normal,18-39,0,0.94503661
123549,Overweight,40-59,1,1.82039906
123552,Obese,40-59,0,1.08038402
123553,Overweight,40-59,0,0.95579633
123554,Normal,40-59,0,0.94503661
123562,Obese,40-59,0,1.08038402
123564,Normal,18-39,0,0.94503661
123566,Obese,18-39,0,1.08038402
123568,Overweight,60+,1,1.82039906
123569,Obese,60+,0,1.08038402
123571,Overweight,40-59,0,0.95579633
123576,Overweight,18-39,0,0.95579633
123577,Obese,40-59,1,0.5796994
123580,Normal,18-39,0,0.94503661
123582,Overweight,60+,0,0.95579633
123583,Overweight,60+,0,0.95579633
123584,Obese,60+,1,0.5796994
123587,Normal,40-59,0,0.94503661
123593,Overweight,60+,0,0.95579633
123597,Obese,60+,0,1.08038402
123604,Obese,40-59,0,1.08038402
123606,Obese,18-39,0,1.08038402
123607,Obese,40-59,0,1.08038402
123608,Obese,18-39,0,1.08038402
123609,Overweight,60+,0,0.95579633
123610,Normal,18-39,0,0.94503661
123614,Normal,18-39,0,0.94503661
123622,Obese,18-39,1,0.5796994
123624,Obese,60+,0,1.08038402
123626,Obese,60+,0,1.08038402
123627,Overweight,40-59,0,0.95579633
123628,Normal,40-59,0,0.94503661
123632,Normal,18-39,0,0.94503661
123635,Obese,18-39,0,1.08038402
123636,Obese,18-39,0,1.08038402
123641,Obese,40-59,0,1.08038402
123646,Overweight,60+,0,0.95579633
123648,Overweight,40-59,1,1.82039906
123651,Normal,40-59,0,0.94503661
123654,Obese,40-59,1,0.5796994
123656,Obese,40-59,0,1.08038402
123657,Overweight,18-39,0,0.95579633
123660,Overweight,40-59,0,0.95579633
123662,Overweight,60+,0,0.95579633
123668,Normal,40-59,0,0.94503661
123669,Obese,60+,0,1.08038402
123672,Overweight,40-59,0,0.95579633
123675,Overweight,18-39,0,0.95579633
123677,Normal,40-59,0,0.94503661
123681,Underweight,18-39,0,0.95404356
123686,Obese,18-39,0,1.08038402
123688,Overweight,18-39,0,0.95579633
123692,Overweight,18-39,0,0.95579633
123698,Overweight,60+,0,0.95579633
123704,Normal,40-59,0,0.94503661
123706,Normal,18-39,0,0.94503661
123709,Normal,40-59,0,0.94503661
123713,Overweight,40-59,0,0.95579633
123719,Normal,18-39,0,0.94503661
123720,Obese,18-39,0,1.08038402
123726,Overweight,40-59,0,0.95579633
123728,Overweight,40-59,0,0.95579633
123736,Obese,18-39,0,1.08038402
123744,Overweight,18-39,0,0.95579633
123745,Overweight,40-59,0,0.95579633
123748,Overweight,18-39,0,0.95579633
123749,Obese,18-39,0,1.08038402
123753,Overweight,60+,0,0.95579633
123754,Obese,60+,0,1.08038402
123760,Obese,40-59,1,0.5796994
123761,Obese,18-39,0,1.08038402
123766,Obese,18-39,0,1.08038402
123767,Overweight,60+,0,0.95579633
123769,Obese,40-59,0,1.08038402
123770,Normal,40-59,0,0.94503661
123773,Overweight,18-39,0,0.95579633
123774,Normal,18-39,0,0.94503661
123775,Overweight,60+,0,0.95579633
123782,Obese,60+,0,1.08038402
123784,Obese,60+,0,1.08038402
123785,Obese,60+,0,1.08038402
123787,Overweight,40-59,0,0.95579633
123791,Normal,60+,0,0.94503661
123795,Obese,60+,0,1.08038402
123796,Overweight,18-39,0,0.95579633
123799,Overweight,60+,0,0.95579633
123800,Obese,40-59,1,0.5796994
123801,Normal,40-59,0,0.94503661
123811,Normal,60+,0,0.94503661
123812,Obese,18-39,0,1.08038402
123821,Overweight,60+,0,0.95579633
123825,Normal,18-39,0,0.94503661
123827,Obese,60+,1,0.5796994
123830,Overweight,40-59,0,0.95579633
123838,Normal,40-59,0,0.94503661
123841,Overweight,60+,0,0.95579633
123842,Overweight,60+,0,0.95579633
123843,Obese,40-59,0,1.08038402
123846,Normal,18-39,0,0.94503661
123847,Obese,18-39,0,1.08038402
123852,Normal,60+,0,0.94503661
123853,Overweight,60+,0,0.95579633
123854,Obese,40-59,1,0.5796994
123858,Normal,18-39,0,0.94503661
123860,Overweight,60+,0,0.95579633
123861,Obese,40-59,0,1.08038402
123862,Overweight,60+,0,0.95579633
123863,Normal,60+,1,2.30812862
123866,Normal,40-59,0,0.94503661
123867,Obese,60+,1,0.5796994
123870,Obese,18-39,0,1.08038402
123873,Normal,40-59,0,0.94503661
123876,Overweight,18-39,0,0.95579633
123877,Obese,18-39,0,1.08038402
123879,Overweight,60+,0,0.95579633
123881,Overweight,18-39,0,0.95579633
123885,Obese,60+,0,1.08038402
123891,Overweight,60+,0,0.95579633
123892,Obese,18-39,0,1.08038402
123899,Overweight,40-59,0,0.95579633
123900,Obese,60+,0,1.08038402
123903,Obese,60+,1,0.5796994
123912,Normal,60+,0,0.94503661
123913,Overweight,60+,0,0.95579633
123914,Obese,60+,0,1.08038402
123915,Normal,18-39,0,0.94503661
123919,Obese,18-39,0,1.08038402
123920,Obese,18-39,0,1.08038402
123926,Normal,18-39,0,0.94503661
123927,Normal,18-39,0,0.94503661
123930,Overweight,60+,0,0.95579633
123931,Normal,60+,0,0.94503661
123935,Obese,40-59,0,1.08038402
123936,Obese,40-59,0,1.08038402
123937,Normal,40-59,0,0.94503661
123940,Obese,40-59,0,1.08038402
123941,Obese,60+,1,0.5796994
123943,Normal,60+,0,0.94503661
123948,Obese,40-59,0,1.08038402
123949,Obese,60+,1,0.5796994
123950,Obese,40-59,0,1.08038402
123951,Normal,60+,0,0.94503661
123953,Obese,40-59,0,1.08038402
123960,Obese,60+,0,1.08038402
123962,Overweight,18-39,0,0.95579633
123963,Obese,60+,0,1.08038402
123964,Obese,18-39,0,1.08038402
123966,Normal,60+,0,0.94503661
123968,Overweight,18-39,0,0.95579633
123969,Obese,18-39,0,1.08038402
123970,Obese,40-59,0,1.08038402
123971,Obese,60+,0,1.08038402
123972,Overweight,60+,0,0.95579633
123975,Obese,40-59,1,0.5796994
123982,Overweight,60+,0,0.95579633
123984,Normal,60+,0,0.94503661
123988,Obese,40-59,0,1.08038402
123994,Obese,60+,0,1.08038402
123995,Obese,18-39,0,1.08038402
123998,Normal,18-39,0,0.94503661
124004,Obese,40-59,0,1.08038402
124008,Obese,18-39,0,1.08038402
124009,Obese,18-39,0,1.08038402
124010,Overweight,18-39,0,0.95579633
124011,Obese,40-59,0,1.08038402
124012,Obese,18-39,0,1.08038402
124014,Normal,40-59,0,0.94503661
124015,Normal,40-59,0,0.94503661
124020,Normal,18-39,0,0.94503661
124024,Obese,40-59,0,1.08038402
124025,Obese,40-59,0,1.08038402
124030,Obese,18-39,0,1.08038402
124039,Normal,40-59,0,0.94503661
124041,Normal,18-39,0,0.94503661
124045,Obese,60+,0,1.08038402
124047,Normal,40-59,0,0.94503661
124048,Obese,40-59,0,1.08038402
124051,Obese,18-39,0,1.08038402
124052,Overweight,18-39,0,0.95579633
124053,Overweight,40-59,0,0.95579633
124056,Normal,40-59,0,0.94503661
124057,Obese,18-39,1,0.5796994
124059,Overweight,18-39,0,0.95579633
124061,Overweight,40-59,0,0.95579633
124062,Obese,40-59,0,1.08038402
124063,Overweight,40-59,0,0.95579633
124068,Normal,18-39,0,0.94503661
124069,Obese,18-39,0,1.08038402
124071,Overweight,40-59,0,0.95579633
124074,Underweight,18-39,0,0.95404356
124078,Obese,40-59,1,0.5796994
124086,Obese,18-39,0,1.08038402
124088,Obese,18-39,0,1.08038402
124089,Normal,18-39,0,0.94503661
124091,Obese,60+,0,1.08038402
124092,Obese,18-39,0,1.08038402
124094,Overweight,40-59,0,0.95579633
124097,Overweight,18-39,0,0.95579633
124100,Overweight,60+,0,0.95579633
124101,Obese,40-59,0,1.08038402
124102,Normal,60+,1,2.30812862
124104,Obese,40-59,0,1.08038402
124106,Overweight,40-59,0,0.95579633
124107,Obese,18-39,0,1.08038402
124108,Overweight,40-59,0,0.95579633
124110,Normal,18-39,0,0.94503661
124111,Underweight,18-39,0,0.95404356
124119,Underweight,60+,0,0.95404356
124121,Obese,18-39,0,1.08038402
124129,Obese,18-39,0,1.08038402
124135,Overweight,18-39,0,0.95579633
124138,Overweight,18-39,0,0.95579633
124144,Obese,40-59,1,0.5796994
124153,Normal,18-39,0,0.94503661
124157,Obese,40-59,0,1.08038402
124158,Obese,40-59,0,1.08038402
124160,Normal,60+,0,0.94503661
124161,Obese,60+,0,1.08038402
124163,Normal,40-59,0,0.94503661
124167,Obese,60+,0,1.08038402
124168,Normal,18-39,0,0.94503661
124170,Overweight,60+,0,0.95579633
124172,Normal,18-39,0,0.94503661
124174,Obese,18-39,0,1.08038402
124175,Normal,60+,0,0.94503661
124178,Obese,40-59,0,1.08038402
124179,Overweight,60+,0,0.95579633
124180,Normal,18-39,0,0.94503661
124182,Obese,40-59,0,1.08038402
124183,Obese,18-39,0,1.08038402
124189,Overweight,40-59,0,0.95579633
124194,Overweight,18-39,0,0.95579633
124197,Normal,60+,0,0.94503661
124199,Overweight,60+,0,0.95579633
124205,Obese,60+,0,1.08038402
124208,Obese,60+,0,1.08038402
124210,Normal,18-39,0,0.94503661
124211,Normal,18-39,0,0.94503661
124215,Obese,40-59,0,1.08038402
124218,Obese,40-59,0,1.08038402
124223,Overweight,60+,0,0.95579633
124224,Obese,40-59,1,0.5796994
124226,Obese,40-59,0,1.08038402
124236,Overweight,40-59,0,0.95579633
124237,Overweight,40-59,0,0.95579633
124238,Overweight,40-59,0,0.95579633
124239,Normal,18-39,0,0.94503661
124240,Overweight,60+,0,0.95579633
124245,Normal,60+,0,0.94503661
124248,Normal,40-59,0,0.94503661
124249,Overweight,18-39,0,0.95579633
124256,Obese,60+,0,1.08038402
124262,Overweight,40-59,0,0.95579633
124266,Obese,40-59,0,1.08038402
124271,Normal,60+,0,0.94503661
124272,Obese,40-59,0,1.08038402
124273,Overweight,18-39,0,0.95579633
124276,Obese,18-39,1,0.5796994
124279,Overweight,40-59,0,0.95579633
124281,Normal,18-39,0,0.94503661
124283,Normal,40-59,1,2.30812862
124287,Obese,40-59,0,1.08038402
124290,Overweight,40-59,0,0.95579633
124295,Normal,18-39,0,0.94503661
124296,Obese,40-59,0,1.08038402
124297,Overweight,18-39,0,0.95579633
124298,Overweight,18-39,0,0.95579633
124303,Obese,60+,1,0.5796994
124308,Obese,18-39,0,1.08038402
124312,Obese,40-59,0,1.08038402
124314,Normal,18-39,0,0.94503661
124317,Normal,60+,0,0.94503661
124322,Obese,40-59,0,1.08038402
124323,Overweight,40-59,0,0.95579633
124330,Obese,40-59,0,1.08038402
124331,Obese,60+,1,0.5796994
124334,Overweight,40-59,0,0.95579633
124335,Normal,60+,0,0.94503661
124338,Overweight,18-39,0,0.95579633
124340,Obese,60+,0,1.08038402
124345,Obese,18-39,0,1.08038402
124346,Normal,60+,0,0.94503661
124347,Obese,18-39,0,1.08038402
124356,Obese,40-59,0,1.08038402
124365,Obese,18-39,0,1.08038402
124368,Overweight,18-39,0,0.95579633
124370,Overweight,40-59,0,0.95579633
124372,Normal,60+,0,0.94503661
124373,Obese,18-39,0,1.08038402
124374,Overweight,60+,0,0.95579633
124375,Obese,40-59,0,1.08038402
124376,Overweight,18-39,0,0.95579633
124380,Overweight,18-39,0,0.95579633
124381,Obese,40-59,0,1.08038402
124382,Normal,18-39,0,0.94503661
124383,Obese,18-39,1,0.5796994
124387,Obese,18-39,0,1.08038402
124388,Normal,40-59,0,0.94503661
124394,Obese,40-59,0,1.08038402
124396,Normal,60+,0,0.94503661
124398,Overweight,18-39,0,0.95579633
124401,Normal,40-59,0,0.94503661
124406,Overweight,18-39,0,0.95579633
124409,Overweight,60+,0,0.95579633
124417,Overweight,18-39,0,0.95579633
124418,Overweight,60+,0,0.95579633
124421,Overweight,40-59,0,0.95579633
124422,Overweight,40-59,1,1.82039906
124423,Overweight,40-59,0,0.95579633
124426,Obese,60+,0,1.08038402
124428,Overweight,18-39,0,0.95579633
124434,Normal,18-39,0,0.94503661
124437,Obese,60+,1,0.5796994
124443,Obese,18-39,0,1.08038402
124450,Normal,18-39,0,0.94503661
124452,Overweight,40-59,0,0.95579633
124453,Overweight,40-59,0,0.95579633
124458,Overweight,18-39,0,0.95579633
124460,Normal,18-39,0,0.94503661
124462,Overweight,40-59,0,0.95579633
124463,Normal,18-39,0,0.94503661
124464,Obese,40-59,0,1.08038402
124467,Obese,40-59,0,1.08038402
124468,Obese,18-39,0,1.08038402
124471,Obese,60+,0,1.08038402
124472,Normal,40-59,0,0.94503661
124477,Underweight,40-59,0,0.95404356
124482,Obese,60+,0,1.08038402
124486,Obese,18-39,1,0.5796994
124488,Overweight,40-59,0,0.95579633
124492,Overweight,60+,0,0.95579633
124498,Obese,18-39,0,1.08038402
124502,Obese,40-59,0,1.08038402
124504,Obese,60+,0,1.08038402
124507,Obese,40-59,0,1.08038402
124514,Overweight,18-39,0,0.95579633
124516,Obese,40-59,0,1.08038402
124517,Obese,18-39,1,0.5796994
124520,Overweight,60+,0,0.95579633
124524,Underweight,18-39,0,0.95404356
124525,Overweight,60+,0,0.95579633
124529,Overweight,18-39,0,0.95579633
124531,Obese,40-59,0,1.08038402
124533,Underweight,18-39,0,0.95404356
124535,Obese,40-59,0,1.08038402
124539,Normal,60+,0,0.94503661
124547,Obese,60+,1,0.5796994
124553,Overweight,60+,1,1.82039906
124554,Normal,18-39,0,0.94503661
124557,Normal,60+,0,0.94503661
124558,Obese,18-39,0,1.08038402
124559,Overweight,60+,0,0.95579633
124561,Obese,18-39,0,1.08038402
124563,Obese,40-59,0,1.08038402
124565,Normal,18-39,0,0.94503661
124566,Normal,60+,0,0.94503661
124567,Normal,40-59,0,0.94503661
124568,Obese,40-59,0,1.08038402
124574,Obese,18-39,0,1.08038402
124577,Normal,40-59,0,0.94503661
124579,Normal,18-39,0,0.94503661
124580,Normal,60+,1,2.30812862
124582,Normal,18-39,0,0.94503661
124588,Obese,60+,1,0.5796994
124589,Overweight,40-59,0,0.95579633
124590,Overweight,40-59,0,0.95579633
124593,Normal,60+,0,0.94503661
124596,Obese,40-59,0,1.08038402
124605,Overweight,60+,0,0.95579633
124609,Obese,60+,0,1.08038402
124610,Normal,18-39,0,0.94503661
124615,Overweight,18-39,0,0.95579633
124616,Obese,18-39,0,1.08038402
124618,Normal,60+,0,0.94503661
124624,Normal,40-59,0,0.94503661
124632,Overweight,18-39,0,0.95579633
124636,Overweight,18-39,0,0.95579633
124637,Overweight,18-39,0,0.95579633
124638,Overweight,40-59,0,0.95579633
124643,Normal,40-59,1,2.30812862
124653,Obese,40-59,0,1.08038402
124654,Normal,18-39,0,0.94503661
124662,Obese,60+,0,1.08038402
124665,Obese,60+,0,1.08038402
124668,Normal,60+,0,0.94503661
124683,Normal,60+,0,0.94503661
124684,Overweight,40-59,0,0.95579633
124685,Obese,40-59,0,1.08038402
124688,Overweight,18-39,0,0.95579633
124689,Overweight,60+,1,1.82039906
124691,Obese,18-39,0,1.08038402
124701,Normal,18-39,0,0.94503661
124702,Obese,18-39,0,1.08038402
124706,Obese,18-39,0,1.08038402
124710,Normal,18-39,0,0.94503661
124711,Overweight,60+,1,1.82039906
124712,Normal,18-39,0,0.94503661
124715,Obese,18-39,0,1.08038402
124718,Overweight,40-59,0,0.95579633
124720,Obese,40-59,0,1.08038402
124722,Obese,40-59,0,1.08038402
124723,Normal,18-39,0,0.94503661
124728,Overweight,60+,0,0.95579633
124735,Overweight,60+,0,0.95579633
124737,Normal,60+,0,0.94503661
124740,Obese,18-39,0,1.08038402
124741,Obese,40-59,0,1.08038402
124742,Normal,40-59,0,0.94503661
124743,Obese,40-59,1,0.5796994
124745,Obese,18-39,0,1.08038402
124752,Obese,18-39,0,1.08038402
124756,Normal,60+,0,0.94503661
124757,Normal,40-59,0,0.94503661
124769,Normal,18-39,0,0.94503661
124770,Obese,40-59,0,1.08038402
124779,Overweight,18-39,0,0.95579633
124781,Overweight,18-39,0,0.95579633
124785,Obese,60+,1,0.5796994
124786,Normal,18-39,0,0.94503661
124788,Obese,60+,1,0.5796994
124792,Normal,18-39,0,0.94503661
124794,Obese,60+,0,1.08038402
124796,Obese,60+,0,1.08038402
124798,Overweight,40-59,0,0.95579633
124802,Normal,40-59,0,0.94503661
124810,Obese,40-59,0,1.08038402
124812,Overweight,60+,0,0.95579633
124814,Obese,60+,0,1.08038402
124815,Overweight,40-59,0,0.95579633
124817,Obese,60+,0,1.08038402
124821,Overweight,60+,0,0.95579633
