imputation_index,seed,model,intersection,group_1,group_2,n,n_positive,n_negative,precision_tier,calibration_threshold,target_coverage,covered_n,empirical_coverage,ci_lower,ci_upper,coverage_minus_target,ci_excludes_target,mean_set_size,singleton_rate,raw_p_binomial_vs_90pct,inference,mi_status
0,42,logistic,Sex x Race/Ethnicity,Male,Mexican American,124,17,107,exploratory candidate,0.671770660101747,0.9,110,0.8870967741935484,0.8193861015044891,0.9315440027478895,-0.012903225806451646,False,1.5725806451612903,0.4274193548387097,0.6520039326944845,exploratory uncorrected; exact pre-specified cell,separate imputation result; not pooled
0,42,logistic,Sex x Race/Ethnicity,Male,Other Hispanic,120,15,105,exploratory candidate,0.671770660101747,0.9,100,0.8333333333333334,0.7565471860673773,0.8894400363201539,-0.06666666666666665,True,1.5833333333333333,0.4166666666666667,0.021384858257302998,exploratory uncorrected; exact pre-specified cell,separate imputation result; not pooled
0,42,logistic,Sex x Race/Ethnicity,Male,Non-Hispanic White,366,42,324,primary-feasibility candidate,0.671770660101747,0.9,320,0.8743169398907104,0.8364218560087366,0.9044361345305019,-0.025683060109289668,False,1.5163934426229508,0.48360655737704916,0.11589033504117519,exploratory uncorrected; exact pre-specified cell,separate imputation result; not pooled
0,42,logistic,Sex x Race/Ethnicity,Male,Non-Hispanic Black,267,31,236,exploratory candidate,0.671770660101747,0.9,230,0.8614232209737828,0.8148313613171193,0.897762644195797,-0.038576779026217256,True,1.4644194756554307,0.5355805243445693,0.0409217215178279,exploratory uncorrected; exact pre-specified cell,separate imputation result; not pooled
0,42,logistic,Sex x Race/Ethnicity,Male,Non-Hispanic Asian,111,9,102,exploratory candidate,0.671770660101747,0.9,104,0.9369369369369369,0.8755233588904047,0.9691193424135679,0.03693693693693689,False,1.4324324324324325,0.5675675675675675,0.2654145132155967,exploratory uncorrected; exact pre-specified cell,separate imputation result; not pooled
0,42,logistic,Sex x Race/Ethnicity,Male,Other Race / Multi-Racial,59,8,51,limited precision,0.671770660101747,0.9,56,0.9491525423728814,0.8608349778472311,0.9825572825270099,0.04915254237288136,False,1.5254237288135593,0.4745762711864407,0.2776526392578593,exploratory uncorrected; exact pre-specified cell,separate imputation result; not pooled
0,42,logistic,Sex x Race/Ethnicity,Female,Mexican American,125,14,111,exploratory candidate,0.671770660101747,0.9,118,0.944,0.8889121558924442,0.9726117744945619,0.04399999999999993,False,1.4,0.6,0.13329318655282352,exploratory uncorrected; exact pre-specified cell,separate imputation result; not pooled
0,42,logistic,Sex x Race/Ethnicity,Female,Other Hispanic,122,11,111,exploratory candidate,0.671770660101747,0.9,116,0.9508196721311475,0.8968479109468892,0.9772678298499025,0.050819672131147464,False,1.319672131147541,0.680327868852459,0.0684379750404541,exploratory uncorrected; exact pre-specified cell,separate imputation result; not pooled
0,42,logistic,Sex x Race/Ethnicity,Female,Non-Hispanic White,385,26,359,exploratory candidate,0.671770660101747,0.9,354,0.9194805194805195,0.8879759157934672,0.9426968241443399,0.01948051948051943,False,1.4077922077922078,0.5922077922077922,0.23373971900928173,exploratory uncorrected; exact pre-specified cell,separate imputation result; not pooled
0,42,logistic,Sex x Race/Ethnicity,Female,Non-Hispanic Black,283,19,264,exploratory candidate,0.671770660101747,0.9,260,0.9187279151943463,0.8810046809795087,0.9452357131894171,0.018727915194346245,False,1.4275618374558303,0.5724381625441696,0.3227493271444296,exploratory uncorrected; exact pre-specified cell,separate imputation result; not pooled
0,42,logistic,Sex x Race/Ethnicity,Female,Non-Hispanic Asian,130,5,125,limited precision,0.671770660101747,0.9,126,0.9692307692307692,0.9235555115015023,0.9879707156852621,0.0692307692307692,True,1.2230769230769232,0.7769230769230769,0.00498824077922901,exploratory uncorrected; exact pre-specified cell,separate imputation result; not pooled
0,42,logistic,Sex x Race/Ethnicity,Female,Other Race / Multi-Racial,54,3,51,insufficient evidence,0.671770660101747,0.9,50,0.9259259259259259,0.8244588416140005,0.9708184722344951,0.025925925925925908,False,1.462962962962963,0.5370370370370371,0.6545713662586631,exploratory uncorrected; exact pre-specified cell,separate imputation result; not pooled
0,42,logistic,Sex x Age,Male,18-39,379,24,355,exploratory candidate,0.671770660101747,0.9,355,0.9366754617414248,0.9075074393670485,0.9570802179353067,0.036675461741424775,True,1.316622691292876,0.683377308707124,0.016157703041409018,exploratory uncorrected; exact pre-specified cell,separate imputation result; not pooled
0,42,logistic,Sex x Age,Male,40-59,298,39,259,primary-feasibility candidate,0.671770660101747,0.9,272,0.912751677852349,0.8752325892328824,0.9397647970146238,0.012751677852348986,False,1.5973154362416107,0.40268456375838924,0.5616729353989762,exploratory uncorrected; exact pre-specified cell,separate imputation result; not pooled
0,42,logistic,Sex x Age,Male,60+,370,59,311,primary-feasibility candidate,0.671770660101747,0.9,293,0.7918918918918919,0.7476322202863741,0.8301528137261329,-0.10810810810810811,True,1.635135135135135,0.36486486486486486,6.068163651898676e-10,exploratory uncorrected; exact pre-specified cell,separate imputation result; not pooled
0,42,logistic,Sex x Age,Female,18-39,361,9,352,exploratory candidate,0.671770660101747,0.9,357,0.9889196675900277,0.9718606776761723,0.9956828716261185,0.08891966759002767,True,1.1551246537396123,0.8448753462603878,7.216264811365611e-12,exploratory uncorrected; exact pre-specified cell,separate imputation result; not pooled
0,42,logistic,Sex x Age,Female,40-59,367,27,340,exploratory candidate,0.671770660101747,0.9,337,0.9182561307901907,0.8857043888131217,0.9421426404167947,0.018256130790190728,False,1.4087193460490464,0.5912806539509536,0.2955767087845227,exploratory uncorrected; exact pre-specified cell,separate imputation result; not pooled
0,42,logistic,Sex x Age,Female,60+,371,42,329,primary-feasibility candidate,0.671770660101747,0.9,330,0.889487870619946,0.853506866385511,0.9174857578274993,-0.01051212938005397,False,1.5795148247978437,0.42048517520215634,0.48854053753141874,exploratory uncorrected; exact pre-specified cell,separate imputation result; not pooled
0,42,logistic,Sex x BMI,Male,Underweight,12,1,11,insufficient evidence,0.671770660101747,0.9,10,0.8333333333333334,0.5519691377470266,0.9530348578161463,-0.06666666666666665,False,1.0833333333333333,0.9166666666666666,0.3409977482109998,exploratory uncorrected; exact pre-specified cell,separate imputation result; not pooled
0,42,logistic,Sex x BMI,Male,Normal,278,18,260,exploratory candidate,0.671770660101747,0.9,267,0.960431654676259,0.9305476776386766,0.9777643963591581,0.060431654676258995,True,1.29136690647482,0.7086330935251799,0.00028290162569328067,exploratory uncorrected; exact pre-specified cell,separate imputation result; not pooled
0,42,logistic,Sex x BMI,Male,Overweight,366,22,344,exploratory candidate,0.671770660101747,0.9,348,0.9508196721311475,0.9236064944668712,0.9686677277154232,0.050819672131147464,True,1.6311475409836065,0.36885245901639346,0.0006256839950865864,exploratory uncorrected; exact pre-specified cell,separate imputation result; not pooled
0,42,logistic,Sex x BMI,Male,Obese,391,81,310,primary-feasibility candidate,0.671770660101747,0.9,295,0.7544757033248082,0.7094749224609225,0.7945248363140802,-0.14552429667519184,True,1.5626598465473145,0.4373401534526854,1.560157753917993e-16,exploratory uncorrected; exact pre-specified cell,separate imputation result; not pooled
0,42,logistic,Sex x BMI,Female,Underweight,16,0,16,insufficient evidence,0.671770660101747,0.9,16,1.0,0.8063923194655637,1.0,0.09999999999999998,False,1.0625,0.9375,0.3960526791890295,exploratory uncorrected; exact pre-specified cell,separate imputation result; not pooled
0,42,logistic,Sex x BMI,Female,Normal,284,4,280,limited precision,0.671770660101747,0.9,279,0.9823943661971831,0.9594558357354881,0.9924570718859382,0.0823943661971831,True,1.130281690140845,0.8697183098591549,5.1723823360861037e-08,exploratory uncorrected; exact pre-specified cell,separate imputation result; not pooled
0,42,logistic,Sex x BMI,Female,Overweight,307,15,292,exploratory candidate,0.671770660101747,0.9,301,0.9804560260586319,0.9580240608734972,0.9910127925732878,0.08045602605863189,True,1.3615635179153094,0.6384364820846905,5.351604641327092e-08,exploratory uncorrected; exact pre-specified cell,separate imputation result; not pooled
0,42,logistic,Sex x BMI,Female,Obese,492,59,433,primary-feasibility candidate,0.671770660101747,0.9,428,0.8699186991869918,0.8373054555231028,0.89680016135237,-0.030081300813008194,True,1.5528455284552845,0.44715447154471544,0.029221559898829172,exploratory uncorrected; exact pre-specified cell,separate imputation result; not pooled
0,42,random_forest,Sex x Race/Ethnicity,Male,Mexican American,124,17,107,exploratory candidate,0.5951997474062839,0.9,109,0.8790322580645161,0.8099807076815497,0.9253050193989043,-0.020967741935483897,False,1.2903225806451613,0.7096774193548387,0.4521074507611329,exploratory uncorrected; exact pre-specified cell,separate imputation result; not pooled
0,42,random_forest,Sex x Race/Ethnicity,Male,Other Hispanic,120,15,105,exploratory candidate,0.5951997474062839,0.9,97,0.8083333333333333,0.7287884399579756,0.8687497407504907,-0.09166666666666667,True,1.325,0.675,0.0020613526152014955,exploratory uncorrected; exact pre-specified cell,separate imputation result; not pooled
0,42,random_forest,Sex x Race/Ethnicity,Male,Non-Hispanic White,366,42,324,primary-feasibility candidate,0.5951997474062839,0.9,330,0.9016393442622951,0.8668316335923312,0.9281035825337132,0.0016393442622950616,False,1.284153005464481,0.7158469945355191,1.0,exploratory uncorrected; exact pre-specified cell,separate imputation result; not pooled
0,42,random_forest,Sex x Race/Ethnicity,Male,Non-Hispanic Black,267,31,236,exploratory candidate,0.5951997474062839,0.9,226,0.846441947565543,0.7983115826281993,0.8847448475266685,-0.05355805243445699,True,1.198501872659176,0.8014981273408239,0.005641840560941547,exploratory uncorrected; exact pre-specified cell,separate imputation result; not pooled
0,42,random_forest,Sex x Race/Ethnicity,Male,Non-Hispanic Asian,111,9,102,exploratory candidate,0.5951997474062839,0.9,102,0.918918918918919,0.8530540770306423,0.9567579974154345,0.018918918918918948,False,1.1981981981981982,0.8018018018018018,0.6347028131002026,exploratory uncorrected; exact pre-specified cell,separate imputation result; not pooled
0,42,random_forest,Sex x Race/Ethnicity,Male,Other Race / Multi-Racial,59,8,51,limited precision,0.5951997474062839,0.9,54,0.9152542372881356,0.8164820473258972,0.9632579669823632,0.015254237288135575,False,1.2542372881355932,0.7457627118644068,1.0,exploratory uncorrected; exact pre-specified cell,separate imputation result; not pooled
0,42,random_forest,Sex x Race/Ethnicity,Female,Mexican American,125,14,111,exploratory candidate,0.5951997474062839,0.9,110,0.88,0.8114261894188212,0.9259141113628507,-0.020000000000000018,False,1.168,0.832,0.4544219546745073,exploratory uncorrected; exact pre-specified cell,separate imputation result; not pooled
0,42,random_forest,Sex x Race/Ethnicity,Female,Other Hispanic,122,11,111,exploratory candidate,0.5951997474062839,0.9,112,0.9180327868852459,0.8556745297110475,0.954869157209614,0.0180327868852459,False,1.1721311475409837,0.8278688524590164,0.649794939446025,exploratory uncorrected; exact pre-specified cell,separate imputation result; not pooled
0,42,random_forest,Sex x Race/Ethnicity,Female,Non-Hispanic White,385,26,359,exploratory candidate,0.5951997474062839,0.9,337,0.8753246753246753,0.8385730828901494,0.9046604212647307,-0.02467532467532474,False,1.1688311688311688,0.8311688311688312,0.10666787149067616,exploratory uncorrected; exact pre-specified cell,separate imputation result; not pooled
0,42,random_forest,Sex x Race/Ethnicity,Female,Non-Hispanic Black,283,19,264,exploratory candidate,0.5951997474062839,0.9,253,0.8939929328621908,0.8527022963572755,0.9247306483670725,-0.0060070671378091856,False,1.2296819787985867,0.7703180212014135,0.6923434649155156,exploratory uncorrected; exact pre-specified cell,separate imputation result; not pooled
0,42,random_forest,Sex x Race/Ethnicity,Female,Non-Hispanic Asian,130,5,125,limited precision,0.5951997474062839,0.9,125,0.9615384615384616,0.9131216006422269,0.9834615736398364,0.06153846153846154,True,1.0769230769230769,0.9230769230769231,0.018003616786358836,exploratory uncorrected; exact pre-specified cell,separate imputation result; not pooled
0,42,random_forest,Sex x Race/Ethnicity,Female,Other Race / Multi-Racial,54,3,51,insufficient evidence,0.5951997474062839,0.9,47,0.8703703703703703,0.7557826977763024,0.9357627925267374,-0.029629629629629672,False,1.1666666666666667,0.8333333333333334,0.4915827099496437,exploratory uncorrected; exact pre-specified cell,separate imputation result; not pooled
0,42,random_forest,Sex x Age,Male,18-39,379,24,355,exploratory candidate,0.5951997474062839,0.9,352,0.9287598944591029,0.8983346527945215,0.9505807206896639,0.028759894459102875,False,1.1002638522427441,0.899736147757256,0.0713886822715932,exploratory uncorrected; exact pre-specified cell,separate imputation result; not pooled
0,42,random_forest,Sex x Age,Male,40-59,298,39,259,primary-feasibility candidate,0.5951997474062839,0.9,268,0.8993288590604027,0.8599237859558929,0.9285696202510442,-0.0006711409395973034,False,1.2684563758389262,0.7315436241610739,0.9231827922000007,exploratory uncorrected; exact pre-specified cell,separate imputation result; not pooled
0,42,random_forest,Sex x Age,Male,60+,370,59,311,primary-feasibility candidate,0.5951997474062839,0.9,298,0.8054054054054054,0.7620139262090226,0.8425204149336931,-0.09459459459459463,True,1.4081081081081082,0.5918918918918918,4.6530993218240205e-08,exploratory uncorrected; exact pre-specified cell,separate imputation result; not pooled
0,42,random_forest,Sex x Age,Female,18-39,361,9,352,exploratory candidate,0.5951997474062839,0.9,353,0.9778393351800554,0.9568872194781981,0.9887289972620013,0.07783933518005537,True,1.077562326869806,0.9224376731301939,1.0980643160499068e-08,exploratory uncorrected; exact pre-specified cell,separate imputation result; not pooled
0,42,random_forest,Sex x Age,Female,40-59,367,27,340,exploratory candidate,0.5951997474062839,0.9,319,0.8692098092643051,0.8308562200408993,0.8999142845887662,-0.03079019073569489,True,1.1880108991825613,0.8119891008174387,0.05514332598933951,exploratory uncorrected; exact pre-specified cell,separate imputation result; not pooled
0,42,random_forest,Sex x Age,Female,60+,371,42,329,primary-feasibility candidate,0.5951997474062839,0.9,312,0.8409703504043127,0.8002899947210882,0.8746620257837272,-0.05902964959568735,True,1.2533692722371967,0.7466307277628033,0.0003619905505710579,exploratory uncorrected; exact pre-specified cell,separate imputation result; not pooled
0,42,random_forest,Sex x BMI,Male,Underweight,12,1,11,insufficient evidence,0.5951997474062839,0.9,10,0.8333333333333334,0.5519691377470266,0.9530348578161463,-0.06666666666666665,False,1.0833333333333333,0.9166666666666666,0.3409977482109998,exploratory uncorrected; exact pre-specified cell,separate imputation result; not pooled
0,42,random_forest,Sex x BMI,Male,Normal,278,18,260,exploratory candidate,0.5951997474062839,0.9,264,0.9496402877697842,0.9172555573329131,0.9697679524305973,0.04964028776978413,True,1.1474820143884892,0.8525179856115108,0.003635551963160161,exploratory uncorrected; exact pre-specified cell,separate imputation result; not pooled
0,42,random_forest,Sex x BMI,Male,Overweight,366,22,344,exploratory candidate,0.5951997474062839,0.9,353,0.9644808743169399,0.940185916775773,0.9791269181999244,0.06448087431693983,True,1.284153005464481,0.7158469945355191,4.853411732917687e-06,exploratory uncorrected; exact pre-specified cell,separate imputation result; not pooled
0,42,random_forest,Sex x BMI,Male,Obese,391,81,310,primary-feasibility candidate,0.5951997474062839,0.9,291,0.7442455242966752,0.6987701932116226,0.7849682687282042,-0.1557544757033248,True,1.3145780051150895,0.6854219948849105,1.1582953850931432e-18,exploratory uncorrected; exact pre-specified cell,separate imputation result; not pooled
0,42,random_forest,Sex x BMI,Female,Underweight,16,0,16,insufficient evidence,0.5951997474062839,0.9,15,0.9375,0.7167126242970107,0.9888806552353576,0.03749999999999998,False,1.0625,0.9375,1.0,exploratory uncorrected; exact pre-specified cell,separate imputation result; not pooled
0,42,random_forest,Sex x BMI,Female,Normal,284,4,280,limited precision,0.5951997474062839,0.9,278,0.9788732394366197,0.9546823334445061,0.9902823047782238,0.07887323943661972,True,1.0809859154929577,0.9190140845070423,2.8697845127251785e-07,exploratory uncorrected; exact pre-specified cell,separate imputation result; not pooled
0,42,random_forest,Sex x BMI,Female,Overweight,307,15,292,exploratory candidate,0.5951997474062839,0.9,296,0.9641693811074918,0.936989094513881,0.9798770181380978,0.06416938110749182,True,1.0716612377850163,0.9283387622149837,3.636954133746894e-05,exploratory uncorrected; exact pre-specified cell,separate imputation result; not pooled
0,42,random_forest,Sex x BMI,Female,Obese,492,59,433,primary-feasibility candidate,0.5951997474062839,0.9,395,0.8028455284552846,0.7654023905030188,0.8355961639719561,-0.09715447154471546,True,1.2947154471544715,0.7052845528455285,1.3224724106207927e-10,exploratory uncorrected; exact pre-specified cell,separate imputation result; not pooled
0,42,xgboost,Sex x Race/Ethnicity,Male,Mexican American,124,17,107,exploratory candidate,0.6432899832725525,0.9,107,0.8629032258064516,0.7913874142881933,0.9126095584484116,-0.0370967741935484,False,1.4112903225806452,0.5887096774193549,0.1761018725537009,exploratory uncorrected; exact pre-specified cell,separate imputation result; not pooled
0,42,xgboost,Sex x Race/Ethnicity,Male,Other Hispanic,120,15,105,exploratory candidate,0.6432899832725525,0.9,98,0.8166666666666667,0.7379908648282967,0.8756969964398578,-0.08333333333333337,True,1.425,0.575,0.005375646711425677,exploratory uncorrected; exact pre-specified cell,separate imputation result; not pooled
0,42,xgboost,Sex x Race/Ethnicity,Male,Non-Hispanic White,366,42,324,primary-feasibility candidate,0.6432899832725525,0.9,327,0.8934426229508197,0.8576455983704632,0.9210664500795394,-0.006557377049180357,False,1.3688524590163935,0.6311475409836066,0.6629045687284194,exploratory uncorrected; exact pre-specified cell,separate imputation result; not pooled
0,42,xgboost,Sex x Race/Ethnicity,Male,Non-Hispanic Black,267,31,236,exploratory candidate,0.6432899832725525,0.9,225,0.8426966292134831,0.7942038497337076,0.8814681865816483,-0.05730337078651693,True,1.2808988764044944,0.7191011235955056,0.0030053651587265305,exploratory uncorrected; exact pre-specified cell,separate imputation result; not pooled
0,42,xgboost,Sex x Race/Ethnicity,Male,Non-Hispanic Asian,111,9,102,exploratory candidate,0.6432899832725525,0.9,103,0.9279279279279279,0.8641974721405519,0.9630299157344726,0.027927927927927865,False,1.2972972972972974,0.7027027027027027,0.4275058857763807,exploratory uncorrected; exact pre-specified cell,separate imputation result; not pooled
0,42,xgboost,Sex x Race/Ethnicity,Male,Other Race / Multi-Racial,59,8,51,limited precision,0.6432899832725525,0.9,54,0.9152542372881356,0.8164820473258972,0.9632579669823632,0.015254237288135575,False,1.3898305084745763,0.6101694915254238,1.0,exploratory uncorrected; exact pre-specified cell,separate imputation result; not pooled
0,42,xgboost,Sex x Race/Ethnicity,Female,Mexican American,125,14,111,exploratory candidate,0.6432899832725525,0.9,113,0.904,0.8396803879985666,0.9442287738851058,0.0040000000000000036,False,1.232,0.768,1.0,exploratory uncorrected; exact pre-specified cell,separate imputation result; not pooled
0,42,xgboost,Sex x Race/Ethnicity,Female,Other Hispanic,122,11,111,exploratory candidate,0.6432899832725525,0.9,114,0.9344262295081968,0.875928582630944,0.9664011312277827,0.03442622950819674,False,1.221311475409836,0.7786885245901639,0.288065820691371,exploratory uncorrected; exact pre-specified cell,separate imputation result; not pooled
0,42,xgboost,Sex x Race/Ethnicity,Female,Non-Hispanic White,385,26,359,exploratory candidate,0.6432899832725525,0.9,342,0.8883116883116883,0.8529338074464455,0.9160171189975307,-0.011688311688311748,False,1.2467532467532467,0.7532467532467533,0.4440619445272201,exploratory uncorrected; exact pre-specified cell,separate imputation result; not pooled
0,42,xgboost,Sex x Race/Ethnicity,Female,Non-Hispanic Black,283,19,264,exploratory candidate,0.6432899832725525,0.9,255,0.901060070671378,0.8607206824246788,0.9306572478552627,0.0010600706713780328,False,1.3109540636042403,0.6890459363957597,1.0,exploratory uncorrected; exact pre-specified cell,separate imputation result; not pooled
0,42,xgboost,Sex x Race/Ethnicity,Female,Non-Hispanic Asian,130,5,125,limited precision,0.6432899832725525,0.9,125,0.9615384615384616,0.9131216006422269,0.9834615736398364,0.06153846153846154,True,1.1538461538461537,0.8461538461538461,0.018003616786358836,exploratory uncorrected; exact pre-specified cell,separate imputation result; not pooled
0,42,xgboost,Sex x Race/Ethnicity,Female,Other Race / Multi-Racial,54,3,51,insufficient evidence,0.6432899832725525,0.9,45,0.8333333333333334,0.7126348577027084,0.9097560835700274,-0.06666666666666665,False,1.2407407407407407,0.7592592592592593,0.10985973626428709,exploratory uncorrected; exact pre-specified cell,separate imputation result; not pooled
0,42,xgboost,Sex x Age,Male,18-39,379,24,355,exploratory candidate,0.6432899832725525,0.9,350,0.9234828496042217,0.8922690493849749,0.9461981348870977,0.023482849604221645,False,1.16622691292876,0.8337730870712401,0.14488650643779666,exploratory uncorrected; exact pre-specified cell,separate imputation result; not pooled
0,42,xgboost,Sex x Age,Male,40-59,298,39,259,primary-feasibility candidate,0.6432899832725525,0.9,270,0.9060402684563759,0.8675538144858208,0.9341915817414008,0.006040268456375841,False,1.3758389261744965,0.6241610738255033,0.8466500925770382,exploratory uncorrected; exact pre-specified cell,separate imputation result; not pooled
0,42,xgboost,Sex x Age,Male,60+,370,59,311,primary-feasibility candidate,0.6432899832725525,0.9,294,0.7945945945945946,0.7505029672372152,0.8326319282013335,-0.10540540540540544,True,1.5216216216216216,0.4783783783783784,1.761207375109123e-09,exploratory uncorrected; exact pre-specified cell,separate imputation result; not pooled
0,42,xgboost,Sex x Age,Female,18-39,361,9,352,exploratory candidate,0.6432899832725525,0.9,354,0.9806094182825484,0.9605219023211607,0.9905761475595615,0.08060941828254842,True,1.10803324099723,0.8919667590027701,2.074282900985126e-09,exploratory uncorrected; exact pre-specified cell,separate imputation result; not pooled
0,42,xgboost,Sex x Age,Female,40-59,367,27,340,exploratory candidate,0.6432899832725525,0.9,328,0.8937329700272479,0.8580244665603557,0.9212843003694352,-0.006267029972752081,False,1.2534059945504088,0.7465940054495913,0.6635986040279134,exploratory uncorrected; exact pre-specified cell,separate imputation result; not pooled
0,42,xgboost,Sex x Age,Female,60+,371,42,329,primary-feasibility candidate,0.6432899832725525,0.9,312,0.8409703504043127,0.8002899947210882,0.8746620257837272,-0.05902964959568735,True,1.3773584905660377,0.6226415094339622,0.0003619905505710579,exploratory uncorrected; exact pre-specified cell,separate imputation result; not pooled
0,42,xgboost,Sex x BMI,Male,Underweight,12,1,11,insufficient evidence,0.6432899832725525,0.9,10,0.8333333333333334,0.5519691377470266,0.9530348578161463,-0.06666666666666665,False,1.3333333333333333,0.6666666666666666,0.3409977482109998,exploratory uncorrected; exact pre-specified cell,separate imputation result; not pooled
0,42,xgboost,Sex x BMI,Male,Normal,278,18,260,exploratory candidate,0.6432899832725525,0.9,265,0.9532374100719424,0.9216487346040494,0.972470963237569,0.05323741007194238,True,1.2410071942446044,0.7589928057553957,0.001810002916571483,exploratory uncorrected; exact pre-specified cell,separate imputation result; not pooled
0,42,xgboost,Sex x BMI,Male,Overweight,366,22,344,exploratory candidate,0.6432899832725525,0.9,354,0.9672131147540983,0.943573731967819,0.981146825566559,0.0672131147540983,True,1.3961748633879782,0.6038251366120219,1.8926157500302243e-06,exploratory uncorrected; exact pre-specified cell,separate imputation result; not pooled
0,42,xgboost,Sex x BMI,Male,Obese,391,81,310,primary-feasibility candidate,0.6432899832725525,0.9,285,0.7289002557544757,0.6827701999565347,0.7705763167305281,-0.17109974424552432,True,1.3887468030690537,0.6112531969309463,9.88574627017156e-22,exploratory uncorrected; exact pre-specified cell,separate imputation result; not pooled
0,42,xgboost,Sex x BMI,Female,Underweight,16,0,16,insufficient evidence,0.6432899832725525,0.9,15,0.9375,0.7167126242970107,0.9888806552353576,0.03749999999999998,False,1.0625,0.9375,1.0,exploratory uncorrected; exact pre-specified cell,separate imputation result; not pooled
0,42,xgboost,Sex x BMI,Female,Normal,284,4,280,limited precision,0.6432899832725525,0.9,278,0.9788732394366197,0.9546823334445061,0.9902823047782238,0.07887323943661972,True,1.1408450704225352,0.8591549295774648,2.8697845127251785e-07,exploratory uncorrected; exact pre-specified cell,separate imputation result; not pooled
0,42,xgboost,Sex x BMI,Female,Overweight,307,15,292,exploratory candidate,0.6432899832725525,0.9,298,0.9706840390879479,0.9452328275145654,0.984501581455336,0.07068403908794785,True,1.1465798045602607,0.8534201954397395,3.6663600441470996e-06,exploratory uncorrected; exact pre-specified cell,separate imputation result; not pooled
0,42,xgboost,Sex x BMI,Female,Obese,492,59,433,primary-feasibility candidate,0.6432899832725525,0.9,403,0.8191056910569106,0.7826621660894059,0.8506047671493261,-0.08089430894308947,True,1.3780487804878048,0.6219512195121951,4.4663201376186346e-08,exploratory uncorrected; exact pre-specified cell,separate imputation result; not pooled
0,42,lightgbm,Sex x Race/Ethnicity,Male,Mexican American,124,17,107,exploratory candidate,0.6447158037893249,0.9,103,0.8306451612903226,0.754939184073531,0.8864802799753758,-0.0693548387096774,True,1.403225806451613,0.5967741935483871,0.015613541361837131,exploratory uncorrected; exact pre-specified cell,separate imputation result; not pooled
0,42,lightgbm,Sex x Race/Ethnicity,Male,Other Hispanic,120,15,105,exploratory candidate,0.6447158037893249,0.9,102,0.85,0.775324706432755,0.9029618770741527,-0.050000000000000044,False,1.4666666666666666,0.5333333333333333,0.09133023959542749,exploratory uncorrected; exact pre-specified cell,separate imputation result; not pooled
0,42,lightgbm,Sex x Race/Ethnicity,Male,Non-Hispanic White,366,42,324,primary-feasibility candidate,0.6447158037893249,0.9,329,0.8989071038251366,0.8637630082373741,0.9257644853299897,-0.0010928961748634114,False,1.4043715846994536,0.5956284153005464,0.9305229295995484,exploratory uncorrected; exact pre-specified cell,separate imputation result; not pooled
0,42,lightgbm,Sex x Race/Ethnicity,Male,Non-Hispanic Black,267,31,236,exploratory candidate,0.6447158037893249,0.9,232,0.8689138576779026,0.8231486092211437,0.9042141839707969,-0.031086142322097388,False,1.3258426966292134,0.6741573033707865,0.1015620006223755,exploratory uncorrected; exact pre-specified cell,separate imputation result; not pooled
0,42,lightgbm,Sex x Race/Ethnicity,Male,Non-Hispanic Asian,111,9,102,exploratory candidate,0.6447158037893249,0.9,105,0.9459459459459459,0.8870643289929536,0.9749936857399668,0.04594594594594592,False,1.3693693693693694,0.6306306306306306,0.11449869239923763,exploratory uncorrected; exact pre-specified cell,separate imputation result; not pooled
0,42,lightgbm,Sex x Race/Ethnicity,Male,Other Race / Multi-Racial,59,8,51,limited precision,0.6447158037893249,0.9,54,0.9152542372881356,0.8164820473258972,0.9632579669823632,0.015254237288135575,False,1.305084745762712,0.6949152542372882,1.0,exploratory uncorrected; exact pre-specified cell,separate imputation result; not pooled
0,42,lightgbm,Sex x Race/Ethnicity,Female,Mexican American,125,14,111,exploratory candidate,0.6447158037893249,0.9,115,0.92,0.8589881016125887,0.9559669676724172,0.020000000000000018,False,1.256,0.744,0.5514196976742952,exploratory uncorrected; exact pre-specified cell,separate imputation result; not pooled
0,42,lightgbm,Sex x Race/Ethnicity,Female,Other Hispanic,122,11,111,exploratory candidate,0.6447158037893249,0.9,113,0.9262295081967213,0.865730505922926,0.960706194466768,0.02622950819672132,False,1.2377049180327868,0.7622950819672131,0.4486309944662549,exploratory uncorrected; exact pre-specified cell,separate imputation result; not pooled
0,42,lightgbm,Sex x Race/Ethnicity,Female,Non-Hispanic White,385,26,359,exploratory candidate,0.6447158037893249,0.9,344,0.8935064935064935,0.8587134634836548,0.9205244318759598,-0.006493506493506551,False,1.2857142857142858,0.7142857142857143,0.6706820416123096,exploratory uncorrected; exact pre-specified cell,separate imputation result; not pooled
0,42,lightgbm,Sex x Race/Ethnicity,Female,Non-Hispanic Black,283,19,264,exploratory candidate,0.6447158037893249,0.9,253,0.8939929328621908,0.8527022963572755,0.9247306483670725,-0.0060070671378091856,False,1.314487632508834,0.6855123674911661,0.6923434649155156,exploratory uncorrected; exact pre-specified cell,separate imputation result; not pooled
0,42,lightgbm,Sex x Race/Ethnicity,Female,Non-Hispanic Asian,130,5,125,limited precision,0.6447158037893249,0.9,125,0.9615384615384616,0.9131216006422269,0.9834615736398364,0.06153846153846154,True,1.1846153846153846,0.8153846153846154,0.018003616786358836,exploratory uncorrected; exact pre-specified cell,separate imputation result; not pooled
0,42,lightgbm,Sex x Race/Ethnicity,Female,Other Race / Multi-Racial,54,3,51,insufficient evidence,0.6447158037893249,0.9,44,0.8148148148148148,0.6916405221784752,0.8961731445791086,-0.08518518518518525,True,1.2962962962962963,0.7037037037037037,0.06344498232959447,exploratory uncorrected; exact pre-specified cell,separate imputation result; not pooled
0,42,lightgbm,Sex x Age,Male,18-39,379,24,355,exploratory candidate,0.6447158037893249,0.9,350,0.9234828496042217,0.8922690493849749,0.9461981348870977,0.023482849604221645,False,1.1846965699208443,0.8153034300791556,0.14488650643779666,exploratory uncorrected; exact pre-specified cell,separate imputation result; not pooled
0,42,lightgbm,Sex x Age,Male,40-59,298,39,259,primary-feasibility candidate,0.6447158037893249,0.9,273,0.9161073825503355,0.8790917643856431,0.9425316168720055,0.016107382550335503,False,1.4161073825503356,0.5838926174496645,0.4389434900901187,exploratory uncorrected; exact pre-specified cell,separate imputation result; not pooled
0,42,lightgbm,Sex x Age,Male,60+,370,59,311,primary-feasibility candidate,0.6447158037893249,0.9,302,0.8162162162162162,0.7735717340077826,0.8523620528391,-0.08378378378378382,True,1.5567567567567568,0.44324324324324327,9.107538492417125e-07,exploratory uncorrected; exact pre-specified cell,separate imputation result; not pooled
0,42,lightgbm,Sex x Age,Female,18-39,361,9,352,exploratory candidate,0.6447158037893249,0.9,351,0.9722991689750693,0.9497673566207638,0.9848851938383898,0.07229916897506927,True,1.105263157894737,0.8947368421052632,2.3694020538347697e-07,exploratory uncorrected; exact pre-specified cell,separate imputation result; not pooled
0,42,lightgbm,Sex x Age,Female,40-59,367,27,340,exploratory candidate,0.6447158037893249,0.9,324,0.8828337874659401,0.8458950926619183,0.9118411132455949,-0.01716621253405992,False,1.2724795640326976,0.7275204359673024,0.2586866422140258,exploratory uncorrected; exact pre-specified cell,separate imputation result; not pooled
0,42,lightgbm,Sex x Age,Female,60+,371,42,329,primary-feasibility candidate,0.6447158037893249,0.9,319,0.8598382749326146,0.8208139304075159,0.8914872137615975,-0.04016172506738547,True,1.4366576819407009,0.5633423180592992,0.014957652621674377,exploratory uncorrected; exact pre-specified cell,separate imputation result; not pooled
0,42,lightgbm,Sex x BMI,Male,Underweight,12,1,11,insufficient evidence,0.6447158037893249,0.9,10,0.8333333333333334,0.5519691377470266,0.9530348578161463,-0.06666666666666665,False,1.25,0.75,0.3409977482109998,exploratory uncorrected; exact pre-specified cell,separate imputation result; not pooled
0,42,lightgbm,Sex x BMI,Male,Normal,278,18,260,exploratory candidate,0.6447158037893249,0.9,266,0.9568345323741008,0.9260780909803076,0.975137794939419,0.056834532374100744,True,1.2302158273381294,0.7697841726618705,0.0008704864698121249,exploratory uncorrected; exact pre-specified cell,separate imputation result; not pooled
0,42,lightgbm,Sex x BMI,Male,Overweight,366,22,344,exploratory candidate,0.6447158037893249,0.9,353,0.9644808743169399,0.940185916775773,0.9791269181999244,0.06448087431693983,True,1.4480874316939891,0.5519125683060109,4.853411732917687e-06,exploratory uncorrected; exact pre-specified cell,separate imputation result; not pooled
0,42,lightgbm,Sex x BMI,Male,Obese,391,81,310,primary-feasibility candidate,0.6447158037893249,0.9,296,0.7570332480818415,0.7121560374911005,0.7969090454926964,-0.14296675191815855,True,1.432225063938619,0.5677749360613811,3.478323276671153e-16,exploratory uncorrected; exact pre-specified cell,separate imputation result; not pooled
0,42,lightgbm,Sex x BMI,Female,Underweight,16,0,16,insufficient evidence,0.6447158037893249,0.9,15,0.9375,0.7167126242970107,0.9888806552353576,0.03749999999999998,False,1.0625,0.9375,1.0,exploratory uncorrected; exact pre-specified cell,separate imputation result; not pooled
0,42,lightgbm,Sex x BMI,Female,Normal,284,4,280,limited precision,0.6447158037893249,0.9,279,0.9823943661971831,0.9594558357354881,0.9924570718859382,0.0823943661971831,True,1.1690140845070423,0.8309859154929577,5.1723823360861037e-08,exploratory uncorrected; exact pre-specified cell,separate imputation result; not pooled
0,42,lightgbm,Sex x BMI,Female,Overweight,307,15,292,exploratory candidate,0.6447158037893249,0.9,298,0.9706840390879479,0.9452328275145654,0.984501581455336,0.07068403908794785,True,1.1726384364820848,0.8273615635179153,3.6663600441470996e-06,exploratory uncorrected; exact pre-specified cell,separate imputation result; not pooled
0,42,lightgbm,Sex x BMI,Female,Obese,492,59,433,primary-feasibility candidate,0.6447158037893249,0.9,402,0.8170731707317073,0.78049940500371,0.8487339808895524,-0.08292682926829276,True,1.4024390243902438,0.5975609756097561,2.7203376476323002e-08,exploratory uncorrected; exact pre-specified cell,separate imputation result; not pooled
0,42,mlp,Sex x Race/Ethnicity,Male,Mexican American,124,17,107,exploratory candidate,0.41471208666910064,0.9,108,0.8709677419354839,0.800649662877178,0.9189916870313515,-0.029032258064516148,False,0.967741935483871,0.967741935483871,0.2924221771858031,exploratory uncorrected; exact pre-specified cell,separate imputation result; not pooled
0,42,mlp,Sex x Race/Ethnicity,Male,Other Hispanic,120,15,105,exploratory candidate,0.41471208666910064,0.9,102,0.85,0.775324706432755,0.9029618770741527,-0.050000000000000044,False,0.9916666666666667,0.9916666666666667,0.09133023959542749,exploratory uncorrected; exact pre-specified cell,separate imputation result; not pooled
0,42,mlp,Sex x Race/Ethnicity,Male,Non-Hispanic White,366,42,324,primary-feasibility candidate,0.41471208666910064,0.9,317,0.8661202185792349,0.8274050970073367,0.89722972585586,-0.03387978142076509,True,0.9726775956284153,0.9726775956284153,0.03610042718930108,exploratory uncorrected; exact pre-specified cell,separate imputation result; not pooled
0,42,mlp,Sex x Race/Ethnicity,Male,Non-Hispanic Black,267,31,236,exploratory candidate,0.41471208666910064,0.9,231,0.8651685393258427,0.8189849404954526,0.9009934588569759,-0.03483146067415732,False,0.9737827715355806,0.9737827715355806,0.06556256211505966,exploratory uncorrected; exact pre-specified cell,separate imputation result; not pooled
0,42,mlp,Sex x Race/Ethnicity,Male,Non-Hispanic Asian,111,9,102,exploratory candidate,0.41471208666910064,0.9,102,0.918918918918919,0.8530540770306423,0.9567579974154345,0.018918918918918948,False,0.990990990990991,0.990990990990991,0.6347028131002026,exploratory uncorrected; exact pre-specified cell,separate imputation result; not pooled
0,42,mlp,Sex x Race/Ethnicity,Male,Other Race / Multi-Racial,59,8,51,limited precision,0.41471208666910064,0.9,53,0.8983050847457628,0.795361863737675,0.9525520275375955,-0.0016949152542372614,False,0.9830508474576272,0.9830508474576272,1.0,exploratory uncorrected; exact pre-specified cell,separate imputation result; not pooled
0,42,mlp,Sex x Race/Ethnicity,Female,Mexican American,125,14,111,exploratory candidate,0.41471208666910064,0.9,111,0.888,0.8207616439023667,0.9321016105799721,-0.01200000000000001,False,0.992,0.992,0.6535243262556143,exploratory uncorrected; exact pre-specified cell,separate imputation result; not pooled
0,42,mlp,Sex x Race/Ethnicity,Female,Other Hispanic,122,11,111,exploratory candidate,0.41471208666910064,0.9,111,0.9098360655737705,0.8457432172942352,0.9489074561573936,0.00983606557377048,False,0.9918032786885246,0.9918032786885246,0.8797844970947457,exploratory uncorrected; exact pre-specified cell,separate imputation result; not pooled
0,42,mlp,Sex x Race/Ethnicity,Female,Non-Hispanic White,385,26,359,exploratory candidate,0.41471208666910064,0.9,357,0.9272727272727272,0.8968971626109974,0.9492060307002674,0.027272727272727226,False,0.9844155844155844,0.9844155844155844,0.07458826285089022,exploratory uncorrected; exact pre-specified cell,separate imputation result; not pooled
0,42,mlp,Sex x Race/Ethnicity,Female,Non-Hispanic Black,283,19,264,exploratory candidate,0.41471208666910064,0.9,258,0.911660777385159,0.8728468633123021,0.9394485453010302,0.011660777385159027,False,0.9752650176678446,0.9752650176678446,0.619691469797364,exploratory uncorrected; exact pre-specified cell,separate imputation result; not pooled
0,42,mlp,Sex x Race/Ethnicity,Female,Non-Hispanic Asian,130,5,125,limited precision,0.41471208666910064,0.9,125,0.9615384615384616,0.9131216006422269,0.9834615736398364,0.06153846153846154,True,1.0,1.0,0.018003616786358836,exploratory uncorrected; exact pre-specified cell,separate imputation result; not pooled
0,42,mlp,Sex x Race/Ethnicity,Female,Other Race / Multi-Racial,54,3,51,insufficient evidence,0.41471208666910064,0.9,51,0.9444444444444444,0.8489278568183386,0.9809267315453091,0.0444444444444444,False,0.9814814814814815,0.9814814814814815,0.36637880386864075,exploratory uncorrected; exact pre-specified cell,separate imputation result; not pooled
0,42,mlp,Sex x Age,Male,18-39,379,24,355,exploratory candidate,0.41471208666910064,0.9,352,0.9287598944591029,0.8983346527945215,0.9505807206896639,0.028759894459102875,False,0.9920844327176781,0.9920844327176781,0.0713886822715932,exploratory uncorrected; exact pre-specified cell,separate imputation result; not pooled
0,42,mlp,Sex x Age,Male,40-59,298,39,259,primary-feasibility candidate,0.41471208666910064,0.9,258,0.8657718120805369,0.8223784116299213,0.8998550444755922,-0.03422818791946314,True,0.9765100671140939,0.9765100671140939,0.0532397671850391,exploratory uncorrected; exact pre-specified cell,separate imputation result; not pooled
0,42,mlp,Sex x Age,Male,60+,370,59,311,primary-feasibility candidate,0.41471208666910064,0.9,303,0.8189189189189189,0.7764688631739924,0.8548147850989318,-0.08108108108108114,True,0.9621621621621622,0.9621621621621622,2.140664840594727e-06,exploratory uncorrected; exact pre-specified cell,separate imputation result; not pooled
0,42,mlp,Sex x Age,Female,18-39,361,9,352,exploratory candidate,0.41471208666910064,0.9,353,0.9778393351800554,0.9568872194781981,0.9887289972620013,0.07783933518005537,True,0.997229916897507,0.997229916897507,1.0980643160499068e-08,exploratory uncorrected; exact pre-specified cell,separate imputation result; not pooled
0,42,mlp,Sex x Age,Female,40-59,367,27,340,exploratory candidate,0.41471208666910064,0.9,333,0.9073569482288828,0.8733283949002745,0.9329460733073639,0.007356948228882776,False,0.9727520435967303,0.9727520435967303,0.7276008661619564,exploratory uncorrected; exact pre-specified cell,separate imputation result; not pooled
0,42,mlp,Sex x Age,Female,60+,371,42,329,primary-feasibility candidate,0.41471208666910064,0.9,327,0.8814016172506739,0.8445300198008194,0.9104558371274918,-0.018598382749326126,False,0.9865229110512129,0.9865229110512129,0.22585069974262276,exploratory uncorrected; exact pre-specified cell,separate imputation result; not pooled
0,42,mlp,Sex x BMI,Male,Underweight,12,1,11,insufficient evidence,0.41471208666910064,0.9,10,0.8333333333333334,0.5519691377470266,0.9530348578161463,-0.06666666666666665,False,1.0,1.0,0.3409977482109998,exploratory uncorrected; exact pre-specified cell,separate imputation result; not pooled
0,42,mlp,Sex x BMI,Male,Normal,278,18,260,exploratory candidate,0.41471208666910064,0.9,258,0.9280575539568345,0.8914976183362205,0.9529487629586414,0.028057553956834513,False,0.9856115107913669,0.9856115107913669,0.13318032147547787,exploratory uncorrected; exact pre-specified cell,separate imputation result; not pooled
0,42,mlp,Sex x BMI,Male,Overweight,366,22,344,exploratory candidate,0.41471208666910064,0.9,344,0.9398907103825137,0.9106703188209774,0.959973013126595,0.03989071038251368,True,0.9918032786885246,0.9918032786885246,0.008779621627424445,exploratory uncorrected; exact pre-specified cell,separate imputation result; not pooled
0,42,mlp,Sex x BMI,Male,Obese,391,81,310,primary-feasibility candidate,0.41471208666910064,0.9,301,0.7698209718670077,0.7255922685216014,0.8087994355061654,-0.1301790281329923,True,0.9565217391304348,0.9565217391304348,7.055644985038132e-14,exploratory uncorrected; exact pre-specified cell,separate imputation result; not pooled
0,42,mlp,Sex x BMI,Female,Underweight,16,0,16,insufficient evidence,0.41471208666910064,0.9,16,1.0,0.8063923194655637,1.0,0.09999999999999998,False,1.0,1.0,0.3960526791890295,exploratory uncorrected; exact pre-specified cell,separate imputation result; not pooled
0,42,mlp,Sex x BMI,Female,Normal,284,4,280,limited precision,0.41471208666910064,0.9,278,0.9788732394366197,0.9546823334445061,0.9902823047782238,0.07887323943661972,True,0.9964788732394366,0.9964788732394366,2.8697845127251785e-07,exploratory uncorrected; exact pre-specified cell,separate imputation result; not pooled
0,42,mlp,Sex x BMI,Female,Overweight,307,15,292,exploratory candidate,0.41471208666910064,0.9,295,0.9609120521172638,0.9329309568101012,0.9775010076829163,0.060912052117263804,True,0.996742671009772,0.996742671009772,0.00012120065248861624,exploratory uncorrected; exact pre-specified cell,separate imputation result; not pooled
0,42,mlp,Sex x BMI,Female,Obese,492,59,433,primary-feasibility candidate,0.41471208666910064,0.9,424,0.8617886178861789,0.8284793912778743,0.8894920362157201,-0.038211382113821135,True,0.9715447154471545,0.9715447154471545,0.006670720417511279,exploratory uncorrected; exact pre-specified cell,separate imputation result; not pooled
1,43,logistic,Sex x Race/Ethnicity,Male,Mexican American,124,17,107,exploratory candidate,0.67811197204143,0.9,112,0.9032258064516129,0.8384470662529209,0.9437717923433067,0.003225806451612856,False,1.5887096774193548,0.4112903225806452,1.0,exploratory uncorrected; exact pre-specified cell,separate imputation result; not pooled
1,43,logistic,Sex x Race/Ethnicity,Male,Other Hispanic,120,15,105,exploratory candidate,0.67811197204143,0.9,102,0.85,0.775324706432755,0.9029618770741527,-0.050000000000000044,False,1.5916666666666666,0.4083333333333333,0.09133023959542749,exploratory uncorrected; exact pre-specified cell,separate imputation result; not pooled
1,43,logistic,Sex x Race/Ethnicity,Male,Non-Hispanic White,366,42,324,primary-feasibility candidate,0.67811197204143,0.9,321,0.8770491803278688,0.8394373989683193,0.9068283141295999,-0.022950819672131195,False,1.540983606557377,0.45901639344262296,0.1390759169397753,exploratory uncorrected; exact pre-specified cell,separate imputation result; not pooled
1,43,logistic,Sex x Race/Ethnicity,Male,Non-Hispanic Black,267,31,236,exploratory candidate,0.67811197204143,0.9,232,0.8689138576779026,0.8231486092211437,0.9042141839707969,-0.031086142322097388,False,1.4756554307116105,0.5243445692883895,0.1015620006223755,exploratory uncorrected; exact pre-specified cell,separate imputation result; not pooled
1,43,logistic,Sex x Race/Ethnicity,Male,Non-Hispanic Asian,111,9,102,exploratory candidate,0.67811197204143,0.9,104,0.9369369369369369,0.8755233588904047,0.9691193424135679,0.03693693693693689,False,1.4414414414414414,0.5585585585585585,0.2654145132155967,exploratory uncorrected; exact pre-specified cell,separate imputation result; not pooled
1,43,logistic,Sex x Race/Ethnicity,Male,Other Race / Multi-Racial,59,8,51,limited precision,0.67811197204143,0.9,58,0.9830508474576272,0.9100427403585771,0.9970017660816444,0.08305084745762714,True,1.5593220338983051,0.4406779661016949,0.027889961561811047,exploratory uncorrected; exact pre-specified cell,separate imputation result; not pooled
1,43,logistic,Sex x Race/Ethnicity,Female,Mexican American,125,14,111,exploratory candidate,0.67811197204143,0.9,118,0.944,0.8889121558924442,0.9726117744945619,0.04399999999999993,False,1.384,0.616,0.13329318655282352,exploratory uncorrected; exact pre-specified cell,separate imputation result; not pooled
1,43,logistic,Sex x Race/Ethnicity,Female,Other Hispanic,122,11,111,exploratory candidate,0.67811197204143,0.9,117,0.9590163934426229,0.9076394737210987,0.9823692805447255,0.05901639344262288,True,1.3442622950819672,0.6557377049180327,0.032670108080478155,exploratory uncorrected; exact pre-specified cell,separate imputation result; not pooled
1,43,logistic,Sex x Race/Ethnicity,Female,Non-Hispanic White,385,26,359,exploratory candidate,0.67811197204143,0.9,354,0.9194805194805195,0.8879759157934672,0.9426968241443399,0.01948051948051943,False,1.4181818181818182,0.5818181818181818,0.23373971900928173,exploratory uncorrected; exact pre-specified cell,separate imputation result; not pooled
1,43,logistic,Sex x Race/Ethnicity,Female,Non-Hispanic Black,283,19,264,exploratory candidate,0.67811197204143,0.9,261,0.9222614840989399,0.8851081637946704,0.9481047231520522,0.02226148409893991,False,1.4452296819787986,0.5547703180212014,0.23478878515747686,exploratory uncorrected; exact pre-specified cell,separate imputation result; not pooled
1,43,logistic,Sex x Race/Ethnicity,Female,Non-Hispanic Asian,130,5,125,limited precision,0.67811197204143,0.9,126,0.9692307692307692,0.9235555115015023,0.9879707156852621,0.0692307692307692,True,1.2230769230769232,0.7769230769230769,0.00498824077922901,exploratory uncorrected; exact pre-specified cell,separate imputation result; not pooled
1,43,logistic,Sex x Race/Ethnicity,Female,Other Race / Multi-Racial,54,3,51,insufficient evidence,0.67811197204143,0.9,50,0.9259259259259259,0.8244588416140005,0.9708184722344951,0.025925925925925908,False,1.462962962962963,0.5370370370370371,0.6545713662586631,exploratory uncorrected; exact pre-specified cell,separate imputation result; not pooled
1,43,logistic,Sex x Age,Male,18-39,379,24,355,exploratory candidate,0.67811197204143,0.9,356,0.9393139841688655,0.910587038118598,0.9592247137898137,0.039313984168865446,True,1.3218997361477574,0.6781002638522428,0.009886088722828864,exploratory uncorrected; exact pre-specified cell,separate imputation result; not pooled
1,43,logistic,Sex x Age,Male,40-59,298,39,259,primary-feasibility candidate,0.67811197204143,0.9,275,0.9228187919463087,0.8868532237492394,0.9480221475286937,0.022818791946308647,False,1.6140939597315436,0.3859060402684564,0.2095192915257537,exploratory uncorrected; exact pre-specified cell,separate imputation result; not pooled
1,43,logistic,Sex x Age,Male,60+,370,59,311,primary-feasibility candidate,0.67811197204143,0.9,298,0.8054054054054054,0.7620139262090226,0.8425204149336931,-0.09459459459459463,True,1.664864864864865,0.33513513513513515,4.6530993218240205e-08,exploratory uncorrected; exact pre-specified cell,separate imputation result; not pooled
1,43,logistic,Sex x Age,Female,18-39,361,9,352,exploratory candidate,0.67811197204143,0.9,356,0.9861495844875346,0.9679919095714392,0.9940698065903287,0.08614958448753463,True,1.1634349030470914,0.8365650969529086,5.373250828092627e-11,exploratory uncorrected; exact pre-specified cell,separate imputation result; not pooled
1,43,logistic,Sex x Age,Female,40-59,367,27,340,exploratory candidate,0.67811197204143,0.9,338,0.9209809264305178,0.8888194275159915,0.9444207419694945,0.020980926430517743,False,1.4114441416893733,0.5885558583106267,0.19241760070683603,exploratory uncorrected; exact pre-specified cell,separate imputation result; not pooled
1,43,logistic,Sex x Age,Female,60+,371,42,329,primary-feasibility candidate,0.67811197204143,0.9,332,0.894878706199461,0.8595199987864502,0.9221438036163597,-0.005121293800539051,False,1.5956873315363882,0.40431266846361186,0.7290623345078493,exploratory uncorrected; exact pre-specified cell,separate imputation result; not pooled
1,43,logistic,Sex x BMI,Male,Underweight,12,1,11,insufficient evidence,0.67811197204143,0.9,10,0.8333333333333334,0.5519691377470266,0.9530348578161463,-0.06666666666666665,False,1.0833333333333333,0.9166666666666666,0.3409977482109998,exploratory uncorrected; exact pre-specified cell,separate imputation result; not pooled
1,43,logistic,Sex x BMI,Male,Normal,278,18,260,exploratory candidate,0.67811197204143,0.9,266,0.9568345323741008,0.9260780909803076,0.975137794939419,0.056834532374100744,True,1.3021582733812949,0.697841726618705,0.0008704864698121249,exploratory uncorrected; exact pre-specified cell,separate imputation result; not pooled
1,43,logistic,Sex x BMI,Male,Overweight,366,22,344,exploratory candidate,0.67811197204143,0.9,351,0.9590163934426229,0.9334888270873153,0.9750085627710209,0.05901639344262288,True,1.6475409836065573,0.3524590163934426,5.183959768554421e-05,exploratory uncorrected; exact pre-specified cell,separate imputation result; not pooled
1,43,logistic,Sex x BMI,Male,Obese,391,81,310,primary-feasibility candidate,0.67811197204143,0.9,302,0.7723785166240409,0.7282858059912181,0.8111712222453427,-0.12762148337595913,True,1.5856777493606138,0.4143222506393862,1.589475784027243e-13,exploratory uncorrected; exact pre-specified cell,separate imputation result; not pooled
1,43,logistic,Sex x BMI,Female,Underweight,16,0,16,insufficient evidence,0.67811197204143,0.9,16,1.0,0.8063923194655637,1.0,0.09999999999999998,False,1.0625,0.9375,0.3960526791890295,exploratory uncorrected; exact pre-specified cell,separate imputation result; not pooled
1,43,logistic,Sex x BMI,Female,Normal,284,4,280,limited precision,0.67811197204143,0.9,279,0.9823943661971831,0.9594558357354881,0.9924570718859382,0.0823943661971831,True,1.1373239436619718,0.8626760563380281,5.1723823360861037e-08,exploratory uncorrected; exact pre-specified cell,separate imputation result; not pooled
1,43,logistic,Sex x BMI,Female,Overweight,307,15,292,exploratory candidate,0.67811197204143,0.9,302,0.9837133550488599,0.9624472305302499,0.9930237710754964,0.0837133550488599,True,1.3648208469055374,0.6351791530944625,9.202219683227461e-09,exploratory uncorrected; exact pre-specified cell,separate imputation result; not pooled
1,43,logistic,Sex x BMI,Female,Obese,492,59,433,primary-feasibility candidate,0.67811197204143,0.9,429,0.8719512195121951,0.8395177032874664,0.8986214609334761,-0.028048780487804903,True,1.5670731707317074,0.4329268292682927,0.042237983633489073,exploratory uncorrected; exact pre-specified cell,separate imputation result; not pooled
1,43,random_forest,Sex x Race/Ethnicity,Male,Mexican American,124,17,107,exploratory candidate,0.5959648051037955,0.9,110,0.8870967741935484,0.8193861015044891,0.9315440027478895,-0.012903225806451646,False,1.282258064516129,0.717741935483871,0.6520039326944845,exploratory uncorrected; exact pre-specified cell,separate imputation result; not pooled
1,43,random_forest,Sex x Race/Ethnicity,Male,Other Hispanic,120,15,105,exploratory candidate,0.5959648051037955,0.9,102,0.85,0.775324706432755,0.9029618770741527,-0.050000000000000044,False,1.4083333333333334,0.5916666666666667,0.09133023959542749,exploratory uncorrected; exact pre-specified cell,separate imputation result; not pooled
1,43,random_forest,Sex x Race/Ethnicity,Male,Non-Hispanic White,366,42,324,primary-feasibility candidate,0.5959648051037955,0.9,328,0.8961748633879781,0.8607010720310561,0.9234186989776271,-0.0038251366120218844,False,1.314207650273224,0.6857923497267759,0.7936640119554408,exploratory uncorrected; exact pre-specified cell,separate imputation result; not pooled
1,43,random_forest,Sex x Race/Ethnicity,Male,Non-Hispanic Black,267,31,236,exploratory candidate,0.5959648051037955,0.9,227,0.850187265917603,0.8024279331072109,0.8880128908871691,-0.04981273408239706,True,1.2097378277153559,0.7902621722846442,0.010317046398398543,exploratory uncorrected; exact pre-specified cell,separate imputation result; not pooled
1,43,random_forest,Sex x Race/Ethnicity,Male,Non-Hispanic Asian,111,9,102,exploratory candidate,0.5959648051037955,0.9,104,0.9369369369369369,0.8755233588904047,0.9691193424135679,0.03693693693693689,False,1.2252252252252251,0.7747747747747747,0.2654145132155967,exploratory uncorrected; exact pre-specified cell,separate imputation result; not pooled
1,43,random_forest,Sex x Race/Ethnicity,Male,Other Race / Multi-Racial,59,8,51,limited precision,0.5959648051037955,0.9,54,0.9152542372881356,0.8164820473258972,0.9632579669823632,0.015254237288135575,False,1.2033898305084745,0.7966101694915254,1.0,exploratory uncorrected; exact pre-specified cell,separate imputation result; not pooled
1,43,random_forest,Sex x Race/Ethnicity,Female,Mexican American,125,14,111,exploratory candidate,0.5959648051037955,0.9,113,0.904,0.8396803879985666,0.9442287738851058,0.0040000000000000036,False,1.192,0.808,1.0,exploratory uncorrected; exact pre-specified cell,separate imputation result; not pooled
1,43,random_forest,Sex x Race/Ethnicity,Female,Other Hispanic,122,11,111,exploratory candidate,0.5959648051037955,0.9,112,0.9180327868852459,0.8556745297110475,0.954869157209614,0.0180327868852459,False,1.1475409836065573,0.8524590163934426,0.649794939446025,exploratory uncorrected; exact pre-specified cell,separate imputation result; not pooled
1,43,random_forest,Sex x Race/Ethnicity,Female,Non-Hispanic White,385,26,359,exploratory candidate,0.5959648051037955,0.9,339,0.8805194805194805,0.8443029289642335,0.909217544106285,-0.019480519480519543,False,1.161038961038961,0.8389610389610389,0.20232419998277118,exploratory uncorrected; exact pre-specified cell,separate imputation result; not pooled
1,43,random_forest,Sex x Race/Ethnicity,Female,Non-Hispanic Black,283,19,264,exploratory candidate,0.5959648051037955,0.9,254,0.8975265017667845,0.8567053130341238,0.927700124468021,-0.002473498233215521,False,1.215547703180212,0.784452296819788,0.8431438083340654,exploratory uncorrected; exact pre-specified cell,separate imputation result; not pooled
1,43,random_forest,Sex x Race/Ethnicity,Female,Non-Hispanic Asian,130,5,125,limited precision,0.5959648051037955,0.9,125,0.9615384615384616,0.9131216006422269,0.9834615736398364,0.06153846153846154,True,1.0769230769230769,0.9230769230769231,0.018003616786358836,exploratory uncorrected; exact pre-specified cell,separate imputation result; not pooled
1,43,random_forest,Sex x Race/Ethnicity,Female,Other Race / Multi-Racial,54,3,51,insufficient evidence,0.5959648051037955,0.9,45,0.8333333333333334,0.7126348577027084,0.9097560835700274,-0.06666666666666665,False,1.1296296296296295,0.8703703703703703,0.10985973626428709,exploratory uncorrected; exact pre-specified cell,separate imputation result; not pooled
1,43,random_forest,Sex x Age,Male,18-39,379,24,355,exploratory candidate,0.5959648051037955,0.9,349,0.920844327176781,0.8892497357127508,0.9439933539532651,0.020844327176780975,False,1.0949868073878628,0.9050131926121372,0.1986421347385584,exploratory uncorrected; exact pre-specified cell,separate imputation result; not pooled
1,43,random_forest,Sex x Age,Male,40-59,298,39,259,primary-feasibility candidate,0.5959648051037955,0.9,263,0.8825503355704698,0.8410361548512393,0.9143272763049861,-0.01744966442953022,False,1.2751677852348993,0.7248322147651006,0.3332053759726089,exploratory uncorrected; exact pre-specified cell,separate imputation result; not pooled
1,43,random_forest,Sex x Age,Male,60+,370,59,311,primary-feasibility candidate,0.5959648051037955,0.9,313,0.845945945945946,0.8056246788121637,0.879157583721178,-0.05405405405405406,True,1.4702702702702704,0.5297297297297298,0.0012488370621698307,exploratory uncorrected; exact pre-specified cell,separate imputation result; not pooled
1,43,random_forest,Sex x Age,Female,18-39,361,9,352,exploratory candidate,0.5959648051037955,0.9,351,0.9722991689750693,0.9497673566207638,0.9848851938383898,0.07229916897506927,True,1.07202216066482,0.9279778393351801,2.3694020538347697e-07,exploratory uncorrected; exact pre-specified cell,separate imputation result; not pooled
1,43,random_forest,Sex x Age,Female,40-59,367,27,340,exploratory candidate,0.5959648051037955,0.9,317,0.8637602179836512,0.8248751309024737,0.8951090932160529,-0.03623978201634881,True,1.1689373297002725,0.8310626702997275,0.02364622509421913,exploratory uncorrected; exact pre-specified cell,separate imputation result; not pooled
1,43,random_forest,Sex x Age,Female,60+,371,42,329,primary-feasibility candidate,0.5959648051037955,0.9,320,0.862533692722372,0.8237622903430801,0.8938744429209331,-0.03746630727762801,True,1.2533692722371967,0.7466307277628033,0.019320431664938995,exploratory uncorrected; exact pre-specified cell,separate imputation result; not pooled
1,43,random_forest,Sex x BMI,Male,Underweight,12,1,11,insufficient evidence,0.5959648051037955,0.9,10,0.8333333333333334,0.5519691377470266,0.9530348578161463,-0.06666666666666665,False,1.0,1.0,0.3409977482109998,exploratory uncorrected; exact pre-specified cell,separate imputation result; not pooled
1,43,random_forest,Sex x BMI,Male,Normal,278,18,260,exploratory candidate,0.5959648051037955,0.9,262,0.9424460431654677,0.9085647045871158,0.9642664290201785,0.04244604316546763,True,1.1402877697841727,0.8597122302158273,0.01605252693497245,exploratory uncorrected; exact pre-specified cell,separate imputation result; not pooled
1,43,random_forest,Sex x BMI,Male,Overweight,366,22,344,exploratory candidate,0.5959648051037955,0.9,354,0.9672131147540983,0.943573731967819,0.981146825566559,0.0672131147540983,True,1.3032786885245902,0.6967213114754098,1.8926157500302243e-06,exploratory uncorrected; exact pre-specified cell,separate imputation result; not pooled
1,43,random_forest,Sex x BMI,Male,Obese,391,81,310,primary-feasibility candidate,0.5959648051037955,0.9,299,0.7647058823529411,0.7202115553906829,0.8040495002194956,-0.1352941176470589,True,1.3631713554987213,0.6368286445012787,8.065400580260892e-15,exploratory uncorrected; exact pre-specified cell,separate imputation result; not pooled
1,43,random_forest,Sex x BMI,Female,Underweight,16,0,16,insufficient evidence,0.5959648051037955,0.9,15,0.9375,0.7167126242970107,0.9888806552353576,0.03749999999999998,False,1.0,1.0,1.0,exploratory uncorrected; exact pre-specified cell,separate imputation result; not pooled
1,43,random_forest,Sex x BMI,Female,Normal,284,4,280,limited precision,0.5959648051037955,0.9,276,0.971830985915493,0.9454094842517824,0.9856586151735545,0.07183098591549297,True,1.0598591549295775,0.9401408450704225,6.256036900276878e-06,exploratory uncorrected; exact pre-specified cell,separate imputation result; not pooled
1,43,random_forest,Sex x BMI,Female,Overweight,307,15,292,exploratory candidate,0.5959648051037955,0.9,296,0.9641693811074918,0.936989094513881,0.9798770181380978,0.06416938110749182,True,1.0879478827361564,0.9120521172638436,3.636954133746894e-05,exploratory uncorrected; exact pre-specified cell,separate imputation result; not pooled
1,43,random_forest,Sex x BMI,Female,Obese,492,59,433,primary-feasibility candidate,0.5959648051037955,0.9,401,0.8150406504065041,0.7783381928346864,0.8468616457131064,-0.08495934959349594,True,1.2804878048780488,0.7195121951219512,1.1218625136498978e-08,exploratory uncorrected; exact pre-specified cell,separate imputation result; not pooled
1,43,xgboost,Sex x Race/Ethnicity,Male,Mexican American,124,17,107,exploratory candidate,0.6458381414413452,0.9,103,0.8306451612903226,0.754939184073531,0.8864802799753758,-0.0693548387096774,True,1.3387096774193548,0.6612903225806451,0.015613541361837131,exploratory uncorrected; exact pre-specified cell,separate imputation result; not pooled
1,43,xgboost,Sex x Race/Ethnicity,Male,Other Hispanic,120,15,105,exploratory candidate,0.6458381414413452,0.9,100,0.8333333333333334,0.7565471860673773,0.8894400363201539,-0.06666666666666665,True,1.45,0.55,0.021384858257302998,exploratory uncorrected; exact pre-specified cell,separate imputation result; not pooled
1,43,xgboost,Sex x Race/Ethnicity,Male,Non-Hispanic White,366,42,324,primary-feasibility candidate,0.6458381414413452,0.9,325,0.8879781420765027,0.8515532008193087,0.9163434025133326,-0.012021857923497303,False,1.3989071038251366,0.6010928961748634,0.43277157088249707,exploratory uncorrected; exact pre-specified cell,separate imputation result; not pooled
1,43,xgboost,Sex x Race/Ethnicity,Male,Non-Hispanic Black,267,31,236,exploratory candidate,0.6458381414413452,0.9,225,0.8426966292134831,0.7942038497337076,0.8814681865816483,-0.05730337078651693,True,1.299625468164794,0.700374531835206,0.0030053651587265305,exploratory uncorrected; exact pre-specified cell,separate imputation result; not pooled
1,43,xgboost,Sex x Race/Ethnicity,Male,Non-Hispanic Asian,111,9,102,exploratory candidate,0.6458381414413452,0.9,104,0.9369369369369369,0.8755233588904047,0.9691193424135679,0.03693693693693689,False,1.3063063063063063,0.6936936936936937,0.2654145132155967,exploratory uncorrected; exact pre-specified cell,separate imputation result; not pooled
1,43,xgboost,Sex x Race/Ethnicity,Male,Other Race / Multi-Racial,59,8,51,limited precision,0.6458381414413452,0.9,56,0.9491525423728814,0.8608349778472311,0.9825572825270099,0.04915254237288136,False,1.3728813559322033,0.6271186440677966,0.2776526392578593,exploratory uncorrected; exact pre-specified cell,separate imputation result; not pooled
1,43,xgboost,Sex x Race/Ethnicity,Female,Mexican American,125,14,111,exploratory candidate,0.6458381414413452,0.9,113,0.904,0.8396803879985666,0.9442287738851058,0.0040000000000000036,False,1.224,0.776,1.0,exploratory uncorrected; exact pre-specified cell,separate imputation result; not pooled
1,43,xgboost,Sex x Race/Ethnicity,Female,Other Hispanic,122,11,111,exploratory candidate,0.6458381414413452,0.9,114,0.9344262295081968,0.875928582630944,0.9664011312277827,0.03442622950819674,False,1.2459016393442623,0.7540983606557377,0.288065820691371,exploratory uncorrected; exact pre-specified cell,separate imputation result; not pooled
1,43,xgboost,Sex x Race/Ethnicity,Female,Non-Hispanic White,385,26,359,exploratory candidate,0.6458381414413452,0.9,339,0.8805194805194805,0.8443029289642335,0.909217544106285,-0.019480519480519543,False,1.2597402597402598,0.7402597402597403,0.20232419998277118,exploratory uncorrected; exact pre-specified cell,separate imputation result; not pooled
1,43,xgboost,Sex x Race/Ethnicity,Female,Non-Hispanic Black,283,19,264,exploratory candidate,0.6458381414413452,0.9,257,0.9081272084805654,0.8687908084524013,0.936532107383134,0.008127208480565362,False,1.3003533568904593,0.6996466431095406,0.7659153095864244,exploratory uncorrected; exact pre-specified cell,separate imputation result; not pooled
1,43,xgboost,Sex x Race/Ethnicity,Female,Non-Hispanic Asian,130,5,125,limited precision,0.6458381414413452,0.9,125,0.9615384615384616,0.9131216006422269,0.9834615736398364,0.06153846153846154,True,1.1307692307692307,0.8692307692307693,0.018003616786358836,exploratory uncorrected; exact pre-specified cell,separate imputation result; not pooled
1,43,xgboost,Sex x Race/Ethnicity,Female,Other Race / Multi-Racial,54,3,51,insufficient evidence,0.6458381414413452,0.9,44,0.8148148148148148,0.6916405221784752,0.8961731445791086,-0.08518518518518525,True,1.2222222222222223,0.7777777777777778,0.06344498232959447,exploratory uncorrected; exact pre-specified cell,separate imputation result; not pooled
1,43,xgboost,Sex x Age,Male,18-39,379,24,355,exploratory candidate,0.6458381414413452,0.9,349,0.920844327176781,0.8892497357127508,0.9439933539532651,0.020844327176780975,False,1.1451187335092348,0.8548812664907651,0.1986421347385584,exploratory uncorrected; exact pre-specified cell,separate imputation result; not pooled
1,43,xgboost,Sex x Age,Male,40-59,298,39,259,primary-feasibility candidate,0.6458381414413452,0.9,263,0.8825503355704698,0.8410361548512393,0.9143272763049861,-0.01744966442953022,False,1.3456375838926173,0.6543624161073825,0.3332053759726089,exploratory uncorrected; exact pre-specified cell,separate imputation result; not pooled
1,43,xgboost,Sex x Age,Male,60+,370,59,311,primary-feasibility candidate,0.6458381414413452,0.9,301,0.8135135135135135,0.7706777263312243,0.8499061990896166,-0.08648648648648649,True,1.5945945945945945,0.40540540540540543,5.380433094219426e-07,exploratory uncorrected; exact pre-specified cell,separate imputation result; not pooled
1,43,xgboost,Sex x Age,Female,18-39,361,9,352,exploratory candidate,0.6458381414413452,0.9,351,0.9722991689750693,0.9497673566207638,0.9848851938383898,0.07229916897506927,True,1.0886426592797784,0.9113573407202216,2.3694020538347697e-07,exploratory uncorrected; exact pre-specified cell,separate imputation result; not pooled
1,43,xgboost,Sex x Age,Female,40-59,367,27,340,exploratory candidate,0.6458381414413452,0.9,326,0.888283378746594,0.8519480883982783,0.9165743980203737,-0.011716621253406001,False,1.231607629427793,0.7683923705722071,0.4338608059857504,exploratory uncorrected; exact pre-specified cell,separate imputation result; not pooled
1,43,xgboost,Sex x Age,Female,60+,371,42,329,primary-feasibility candidate,0.6458381414413452,0.9,315,0.8490566037735849,0.809062317910358,0.8818964698791565,-0.05094339622641508,True,1.417789757412399,0.5822102425876011,0.0023121838052382487,exploratory uncorrected; exact pre-specified cell,separate imputation result; not pooled
1,43,xgboost,Sex x BMI,Male,Underweight,12,1,11,insufficient evidence,0.6458381414413452,0.9,10,0.8333333333333334,0.5519691377470266,0.9530348578161463,-0.06666666666666665,False,1.3333333333333333,0.6666666666666666,0.3409977482109998,exploratory uncorrected; exact pre-specified cell,separate imputation result; not pooled
1,43,xgboost,Sex x BMI,Male,Normal,278,18,260,exploratory candidate,0.6458381414413452,0.9,264,0.9496402877697842,0.9172555573329131,0.9697679524305973,0.04964028776978413,True,1.2302158273381294,0.7697841726618705,0.003635551963160161,exploratory uncorrected; exact pre-specified cell,separate imputation result; not pooled
1,43,xgboost,Sex x BMI,Male,Overweight,366,22,344,exploratory candidate,0.6458381414413452,0.9,352,0.9617486338797814,0.9368251373799295,0.9770799750370873,0.061748633879781356,True,1.4098360655737705,0.5901639344262295,1.6243117866676604e-05,exploratory uncorrected; exact pre-specified cell,separate imputation result; not pooled
1,43,xgboost,Sex x BMI,Male,Obese,391,81,310,primary-feasibility candidate,0.6458381414413452,0.9,287,0.7340153452685422,0.6880961086246328,0.775381056480018,-0.16598465473145785,True,1.4092071611253196,0.5907928388746803,1.0976582926590709e-20,exploratory uncorrected; exact pre-specified cell,separate imputation result; not pooled
1,43,xgboost,Sex x BMI,Female,Underweight,16,0,16,insufficient evidence,0.6458381414413452,0.9,15,0.9375,0.7167126242970107,0.9888806552353576,0.03749999999999998,False,1.0625,0.9375,1.0,exploratory uncorrected; exact pre-specified cell,separate imputation result; not pooled
1,43,xgboost,Sex x BMI,Female,Normal,284,4,280,limited precision,0.6458381414413452,0.9,275,0.9683098591549296,0.9408800262656742,0.983239803760966,0.0683098591549296,True,1.1232394366197183,0.8767605633802817,1.7615286172643206e-05,exploratory uncorrected; exact pre-specified cell,separate imputation result; not pooled
1,43,xgboost,Sex x BMI,Female,Overweight,307,15,292,exploratory candidate,0.6458381414413452,0.9,297,0.9674267100977199,0.941087892403805,0.982212368407135,0.06742671009771983,True,1.1921824104234529,0.8078175895765473,1.441166174049662e-05,exploratory uncorrected; exact pre-specified cell,separate imputation result; not pooled
1,43,xgboost,Sex x BMI,Female,Obese,492,59,433,primary-feasibility candidate,0.6458381414413452,0.9,405,0.823170731707317,0.78699241580353,0.8543416121261413,-0.076829268292683,True,1.3597560975609757,0.6402439024390244,2.3625329522661864e-07,exploratory uncorrected; exact pre-specified cell,separate imputation result; not pooled
1,43,lightgbm,Sex x Race/Ethnicity,Male,Mexican American,124,17,107,exploratory candidate,0.6393596946857276,0.9,101,0.8145161290322581,0.7370282322179024,0.8731024774871553,-0.0854838709677419,True,1.346774193548387,0.6532258064516129,0.003821377533090523,exploratory uncorrected; exact pre-specified cell,separate imputation result; not pooled
1,43,lightgbm,Sex x Race/Ethnicity,Male,Other Hispanic,120,15,105,exploratory candidate,0.6393596946857276,0.9,102,0.85,0.775324706432755,0.9029618770741527,-0.050000000000000044,False,1.4833333333333334,0.5166666666666667,0.09133023959542749,exploratory uncorrected; exact pre-specified cell,separate imputation result; not pooled
1,43,lightgbm,Sex x Race/Ethnicity,Male,Non-Hispanic White,366,42,324,primary-feasibility candidate,0.6393596946857276,0.9,329,0.8989071038251366,0.8637630082373741,0.9257644853299897,-0.0010928961748634114,False,1.4153005464480874,0.5846994535519126,0.9305229295995484,exploratory uncorrected; exact pre-specified cell,separate imputation result; not pooled
1,43,lightgbm,Sex x Race/Ethnicity,Male,Non-Hispanic Black,267,31,236,exploratory candidate,0.6393596946857276,0.9,226,0.846441947565543,0.7983115826281993,0.8847448475266685,-0.05355805243445699,True,1.303370786516854,0.6966292134831461,0.005641840560941547,exploratory uncorrected; exact pre-specified cell,separate imputation result; not pooled
1,43,lightgbm,Sex x Race/Ethnicity,Male,Non-Hispanic Asian,111,9,102,exploratory candidate,0.6393596946857276,0.9,105,0.9459459459459459,0.8870643289929536,0.9749936857399668,0.04594594594594592,False,1.3423423423423424,0.6576576576576577,0.11449869239923763,exploratory uncorrected; exact pre-specified cell,separate imputation result; not pooled
1,43,lightgbm,Sex x Race/Ethnicity,Male,Other Race / Multi-Racial,59,8,51,limited precision,0.6393596946857276,0.9,56,0.9491525423728814,0.8608349778472311,0.9825572825270099,0.04915254237288136,False,1.423728813559322,0.576271186440678,0.2776526392578593,exploratory uncorrected; exact pre-specified cell,separate imputation result; not pooled
1,43,lightgbm,Sex x Race/Ethnicity,Female,Mexican American,125,14,111,exploratory candidate,0.6393596946857276,0.9,115,0.92,0.8589881016125887,0.9559669676724172,0.020000000000000018,False,1.288,0.712,0.5514196976742952,exploratory uncorrected; exact pre-specified cell,separate imputation result; not pooled
1,43,lightgbm,Sex x Race/Ethnicity,Female,Other Hispanic,122,11,111,exploratory candidate,0.6393596946857276,0.9,114,0.9344262295081968,0.875928582630944,0.9664011312277827,0.03442622950819674,False,1.221311475409836,0.7786885245901639,0.288065820691371,exploratory uncorrected; exact pre-specified cell,separate imputation result; not pooled
1,43,lightgbm,Sex x Race/Ethnicity,Female,Non-Hispanic White,385,26,359,exploratory candidate,0.6393596946857276,0.9,339,0.8805194805194805,0.8443029289642335,0.909217544106285,-0.019480519480519543,False,1.2753246753246754,0.7246753246753247,0.20232419998277118,exploratory uncorrected; exact pre-specified cell,separate imputation result; not pooled
1,43,lightgbm,Sex x Race/Ethnicity,Female,Non-Hispanic Black,283,19,264,exploratory candidate,0.6393596946857276,0.9,253,0.8939929328621908,0.8527022963572755,0.9247306483670725,-0.0060070671378091856,False,1.2862190812720848,0.7137809187279152,0.6923434649155156,exploratory uncorrected; exact pre-specified cell,separate imputation result; not pooled
1,43,lightgbm,Sex x Race/Ethnicity,Female,Non-Hispanic Asian,130,5,125,limited precision,0.6393596946857276,0.9,126,0.9692307692307692,0.9235555115015023,0.9879707156852621,0.0692307692307692,True,1.1384615384615384,0.8615384615384616,0.00498824077922901,exploratory uncorrected; exact pre-specified cell,separate imputation result; not pooled
1,43,lightgbm,Sex x Race/Ethnicity,Female,Other Race / Multi-Racial,54,3,51,insufficient evidence,0.6393596946857276,0.9,42,0.7777777777777778,0.6506132834036111,0.8680458343236688,-0.12222222222222223,True,1.2777777777777777,0.7222222222222222,0.009634864117846784,exploratory uncorrected; exact pre-specified cell,separate imputation result; not pooled
1,43,lightgbm,Sex x Age,Male,18-39,379,24,355,exploratory candidate,0.6393596946857276,0.9,347,0.9155672823218998,0.8832361337389777,0.9395587667149253,0.015567282321899745,False,1.1530343007915567,0.8469656992084432,0.3465204975166717,exploratory uncorrected; exact pre-specified cell,separate imputation result; not pooled
1,43,lightgbm,Sex x Age,Male,40-59,298,39,259,primary-feasibility candidate,0.6393596946857276,0.9,266,0.8926174496644296,0.8523383418709786,0.9229030743156738,-0.007382550335570448,False,1.3557046979865772,0.6442953020134228,0.6298277274915263,exploratory uncorrected; exact pre-specified cell,separate imputation result; not pooled
1,43,lightgbm,Sex x Age,Male,60+,370,59,311,primary-feasibility candidate,0.6393596946857276,0.9,306,0.827027027027027,0.7851795240453331,0.8621537085057164,-0.072972972972973,True,1.6297297297297297,0.37027027027027026,1.7697799585925455e-05,exploratory uncorrected; exact pre-specified cell,separate imputation result; not pooled
1,43,lightgbm,Sex x Age,Female,18-39,361,9,352,exploratory candidate,0.6393596946857276,0.9,345,0.9556786703601108,0.9292243422141013,0.9725372094019147,0.05567867036011076,True,1.0858725761772854,0.9141274238227147,0.00014557454692200978,exploratory uncorrected; exact pre-specified cell,separate imputation result; not pooled
1,43,lightgbm,Sex x Age,Female,40-59,367,27,340,exploratory candidate,0.6393596946857276,0.9,322,0.8773841961852861,0.8398641021769668,0.9070858232194072,-0.022615803814713953,False,1.231607629427793,0.7683923705722071,0.16294920433395388,exploratory uncorrected; exact pre-specified cell,separate imputation result; not pooled
1,43,lightgbm,Sex x Age,Female,60+,371,42,329,primary-feasibility candidate,0.6393596946857276,0.9,322,0.8679245283018868,0.8296722677535676,0.8986356437002451,-0.0320754716981132,True,1.4501347708894878,0.5498652291105122,0.046012447892788896,exploratory uncorrected; exact pre-specified cell,separate imputation result; not pooled
1,43,lightgbm,Sex x BMI,Male,Underweight,12,1,11,insufficient evidence,0.6393596946857276,0.9,10,0.8333333333333334,0.5519691377470266,0.9530348578161463,-0.06666666666666665,False,1.3333333333333333,0.6666666666666666,0.3409977482109998,exploratory uncorrected; exact pre-specified cell,separate imputation result; not pooled
1,43,lightgbm,Sex x BMI,Male,Normal,278,18,260,exploratory candidate,0.6393596946857276,0.9,265,0.9532374100719424,0.9216487346040494,0.972470963237569,0.05323741007194238,True,1.2446043165467626,0.7553956834532374,0.001810002916571483,exploratory uncorrected; exact pre-specified cell,separate imputation result; not pooled
1,43,lightgbm,Sex x BMI,Male,Overweight,366,22,344,exploratory candidate,0.6393596946857276,0.9,357,0.9754098360655737,0.9539335625422869,0.9870101626681327,0.07540983606557372,True,1.4426229508196722,0.5573770491803278,3.887006764644595e-08,exploratory uncorrected; exact pre-specified cell,separate imputation result; not pooled
1,43,lightgbm,Sex x BMI,Male,Obese,391,81,310,primary-feasibility candidate,0.6393596946857276,0.9,287,0.7340153452685422,0.6880961086246328,0.775381056480018,-0.16598465473145785,True,1.4168797953964194,0.5831202046035806,1.0976582926590709e-20,exploratory uncorrected; exact pre-specified cell,separate imputation result; not pooled
1,43,lightgbm,Sex x BMI,Female,Underweight,16,0,16,insufficient evidence,0.6393596946857276,0.9,15,0.9375,0.7167126242970107,0.9888806552353576,0.03749999999999998,False,1.0625,0.9375,1.0,exploratory uncorrected; exact pre-specified cell,separate imputation result; not pooled
1,43,lightgbm,Sex x BMI,Female,Normal,284,4,280,limited precision,0.6393596946857276,0.9,278,0.9788732394366197,0.9546823334445061,0.9902823047782238,0.07887323943661972,True,1.1408450704225352,0.8591549295774648,2.8697845127251785e-07,exploratory uncorrected; exact pre-specified cell,separate imputation result; not pooled
1,43,lightgbm,Sex x BMI,Female,Overweight,307,15,292,exploratory candidate,0.6393596946857276,0.9,297,0.9674267100977199,0.941087892403805,0.982212368407135,0.06742671009771983,True,1.1889250814332248,0.8110749185667753,1.441166174049662e-05,exploratory uncorrected; exact pre-specified cell,separate imputation result; not pooled
1,43,lightgbm,Sex x BMI,Female,Obese,492,59,433,primary-feasibility candidate,0.6393596946857276,0.9,399,0.8109756097560976,0.7740203377418432,0.8431124061150105,-0.08902439024390241,True,1.3739837398373984,0.6260162601626016,2.686637948620012e-09,exploratory uncorrected; exact pre-specified cell,separate imputation result; not pooled
1,43,mlp,Sex x Race/Ethnicity,Male,Mexican American,124,17,107,exploratory candidate,0.43648950792717534,0.9,107,0.8629032258064516,0.7913874142881933,0.9126095584484116,-0.0370967741935484,False,0.9516129032258065,0.9516129032258065,0.1761018725537009,exploratory uncorrected; exact pre-specified cell,separate imputation result; not pooled
1,43,mlp,Sex x Race/Ethnicity,Male,Other Hispanic,120,15,105,exploratory candidate,0.43648950792717534,0.9,103,0.8583333333333333,0.7848050551014282,0.9096312089651676,-0.04166666666666674,False,0.975,0.975,0.1281042825775741,exploratory uncorrected; exact pre-specified cell,separate imputation result; not pooled
1,43,mlp,Sex x Race/Ethnicity,Male,Non-Hispanic White,366,42,324,primary-feasibility candidate,0.43648950792717534,0.9,321,0.8770491803278688,0.8394373989683193,0.9068283141295999,-0.022950819672131195,False,0.9726775956284153,0.9726775956284153,0.1390759169397753,exploratory uncorrected; exact pre-specified cell,separate imputation result; not pooled
1,43,mlp,Sex x Race/Ethnicity,Male,Non-Hispanic Black,267,31,236,exploratory candidate,0.43648950792717534,0.9,232,0.8689138576779026,0.8231486092211437,0.9042141839707969,-0.031086142322097388,False,0.9737827715355806,0.9737827715355806,0.1015620006223755,exploratory uncorrected; exact pre-specified cell,separate imputation result; not pooled
1,43,mlp,Sex x Race/Ethnicity,Male,Non-Hispanic Asian,111,9,102,exploratory candidate,0.43648950792717534,0.9,101,0.9099099099099099,0.8420685326403188,0.9503282283768102,0.00990990990990992,False,1.0,1.0,0.8743008922806624,exploratory uncorrected; exact pre-specified cell,separate imputation result; not pooled
1,43,mlp,Sex x Race/Ethnicity,Male,Other Race / Multi-Racial,59,8,51,limited precision,0.43648950792717534,0.9,53,0.8983050847457628,0.795361863737675,0.9525520275375955,-0.0016949152542372614,False,0.9830508474576272,0.9830508474576272,1.0,exploratory uncorrected; exact pre-specified cell,separate imputation result; not pooled
1,43,mlp,Sex x Race/Ethnicity,Female,Mexican American,125,14,111,exploratory candidate,0.43648950792717534,0.9,111,0.888,0.8207616439023667,0.9321016105799721,-0.01200000000000001,False,1.0,1.0,0.6535243262556143,exploratory uncorrected; exact pre-specified cell,separate imputation result; not pooled
1,43,mlp,Sex x Race/Ethnicity,Female,Other Hispanic,122,11,111,exploratory candidate,0.43648950792717534,0.9,111,0.9098360655737705,0.8457432172942352,0.9489074561573936,0.00983606557377048,False,0.9836065573770492,0.9836065573770492,0.8797844970947457,exploratory uncorrected; exact pre-specified cell,separate imputation result; not pooled
1,43,mlp,Sex x Race/Ethnicity,Female,Non-Hispanic White,385,26,359,exploratory candidate,0.43648950792717534,0.9,357,0.9272727272727272,0.8968971626109974,0.9492060307002674,0.027272727272727226,False,0.9818181818181818,0.9818181818181818,0.07458826285089022,exploratory uncorrected; exact pre-specified cell,separate imputation result; not pooled
1,43,mlp,Sex x Race/Ethnicity,Female,Non-Hispanic Black,283,19,264,exploratory candidate,0.43648950792717534,0.9,260,0.9187279151943463,0.8810046809795087,0.9452357131894171,0.018727915194346245,False,0.9787985865724381,0.9787985865724381,0.3227493271444296,exploratory uncorrected; exact pre-specified cell,separate imputation result; not pooled
1,43,mlp,Sex x Race/Ethnicity,Female,Non-Hispanic Asian,130,5,125,limited precision,0.43648950792717534,0.9,125,0.9615384615384616,0.9131216006422269,0.9834615736398364,0.06153846153846154,True,1.0,1.0,0.018003616786358836,exploratory uncorrected; exact pre-specified cell,separate imputation result; not pooled
1,43,mlp,Sex x Race/Ethnicity,Female,Other Race / Multi-Racial,54,3,51,insufficient evidence,0.43648950792717534,0.9,50,0.9259259259259259,0.8244588416140005,0.9708184722344951,0.025925925925925908,False,0.9629629629629629,0.9629629629629629,0.6545713662586631,exploratory uncorrected; exact pre-specified cell,separate imputation result; not pooled
1,43,mlp,Sex x Age,Male,18-39,379,24,355,exploratory candidate,0.43648950792717534,0.9,353,0.9313984168865436,0.9013818262241234,0.9527576418661187,0.031398416886543545,True,0.9815303430079155,0.9815303430079155,0.03979078940348089,exploratory uncorrected; exact pre-specified cell,separate imputation result; not pooled
1,43,mlp,Sex x Age,Male,40-59,298,39,259,primary-feasibility candidate,0.43648950792717534,0.9,257,0.8624161073825504,0.8186711324485049,0.8969363286468665,-0.037583892617449655,True,0.9697986577181208,0.9697986577181208,0.04173215818135745,exploratory uncorrected; exact pre-specified cell,separate imputation result; not pooled
1,43,mlp,Sex x Age,Male,60+,370,59,311,primary-feasibility candidate,0.43648950792717534,0.9,307,0.8297297297297297,0.7880896941140507,0.8645933998630404,-0.07027027027027033,True,0.9702702702702702,0.9702702702702702,2.81288813497561e-05,exploratory uncorrected; exact pre-specified cell,separate imputation result; not pooled
1,43,mlp,Sex x Age,Female,18-39,361,9,352,exploratory candidate,0.43648950792717534,0.9,352,0.9750692520775623,0.9533048797295692,0.9868295038701073,0.07506925207756232,True,0.9944598337950139,0.9944598337950139,5.308831916136193e-08,exploratory uncorrected; exact pre-specified cell,separate imputation result; not pooled
1,43,mlp,Sex x Age,Female,40-59,367,27,340,exploratory candidate,0.43648950792717534,0.9,335,0.9128065395095368,0.8795002619562792,0.9375604867624984,0.012806539509536807,False,0.9782016348773842,0.9782016348773842,0.4858462701672332,exploratory uncorrected; exact pre-specified cell,separate imputation result; not pooled
1,43,mlp,Sex x Age,Female,60+,371,42,329,primary-feasibility candidate,0.43648950792717534,0.9,327,0.8814016172506739,0.8445300198008194,0.9104558371274918,-0.018598382749326126,False,0.9811320754716981,0.9811320754716981,0.22585069974262276,exploratory uncorrected; exact pre-specified cell,separate imputation result; not pooled
1,43,mlp,Sex x BMI,Male,Underweight,12,1,11,insufficient evidence,0.43648950792717534,0.9,9,0.75,0.46769466506643426,0.9110583316059453,-0.15000000000000002,False,0.9166666666666666,0.9166666666666666,0.11086997774499993,exploratory uncorrected; exact pre-specified cell,separate imputation result; not pooled
1,43,mlp,Sex x BMI,Male,Normal,278,18,260,exploratory candidate,0.43648950792717534,0.9,259,0.9316546762589928,0.8957298949449332,0.9558126744280367,0.031654676258992764,False,0.9928057553956835,0.9928057553956835,0.088347534302846,exploratory uncorrected; exact pre-specified cell,separate imputation result; not pooled
1,43,mlp,Sex x BMI,Male,Overweight,366,22,344,exploratory candidate,0.43648950792717534,0.9,346,0.9453551912568307,0.9171080902154171,0.9643506868495165,0.04535519125683063,True,0.9972677595628415,0.9972677595628415,0.0028903230454770663,exploratory uncorrected; exact pre-specified cell,separate imputation result; not pooled
1,43,mlp,Sex x BMI,Male,Obese,391,81,310,primary-feasibility candidate,0.43648950792717534,0.9,303,0.7749360613810742,0.730981497012348,0.8135408554330068,-0.12506393861892584,True,0.9411764705882353,0.9411764705882353,5.804009521346381e-13,exploratory uncorrected; exact pre-specified cell,separate imputation result; not pooled
1,43,mlp,Sex x BMI,Female,Underweight,16,0,16,insufficient evidence,0.43648950792717534,0.9,16,1.0,0.8063923194655637,1.0,0.09999999999999998,False,1.0,1.0,0.3960526791890295,exploratory uncorrected; exact pre-specified cell,separate imputation result; not pooled
1,43,mlp,Sex x BMI,Female,Normal,284,4,280,limited precision,0.43648950792717534,0.9,279,0.9823943661971831,0.9594558357354881,0.9924570718859382,0.0823943661971831,True,1.0,1.0,5.1723823360861037e-08,exploratory uncorrected; exact pre-specified cell,separate imputation result; not pooled
1,43,mlp,Sex x BMI,Female,Overweight,307,15,292,exploratory candidate,0.43648950792717534,0.9,294,0.9576547231270358,0.9289090356436982,0.9750887806903581,0.05765472312703579,True,0.990228013029316,0.990228013029316,0.00027370739209670763,exploratory uncorrected; exact pre-specified cell,separate imputation result; not pooled
1,43,mlp,Sex x BMI,Female,Obese,492,59,433,primary-feasibility candidate,0.43648950792717534,0.9,425,0.8638211382113821,0.8306825549230245,0.8913224199160393,-0.036178861788617955,True,0.9715447154471545,0.9715447154471545,0.010382719273293595,exploratory uncorrected; exact pre-specified cell,separate imputation result; not pooled
2,44,logistic,Sex x Race/Ethnicity,Male,Mexican American,124,17,107,exploratory candidate,0.673147452220397,0.9,110,0.8870967741935484,0.8193861015044891,0.9315440027478895,-0.012903225806451646,False,1.5806451612903225,0.41935483870967744,0.6520039326944845,exploratory uncorrected; exact pre-specified cell,separate imputation result; not pooled
2,44,logistic,Sex x Race/Ethnicity,Male,Other Hispanic,120,15,105,exploratory candidate,0.673147452220397,0.9,102,0.85,0.775324706432755,0.9029618770741527,-0.050000000000000044,False,1.6,0.4,0.09133023959542749,exploratory uncorrected; exact pre-specified cell,separate imputation result; not pooled
2,44,logistic,Sex x Race/Ethnicity,Male,Non-Hispanic White,366,42,324,primary-feasibility candidate,0.673147452220397,0.9,317,0.8661202185792349,0.8274050970073367,0.89722972585586,-0.03387978142076509,True,1.530054644808743,0.46994535519125685,0.03610042718930108,exploratory uncorrected; exact pre-specified cell,separate imputation result; not pooled
2,44,logistic,Sex x Race/Ethnicity,Male,Non-Hispanic Black,267,31,236,exploratory candidate,0.673147452220397,0.9,233,0.8726591760299626,0.8273227238097478,0.9074244632217048,-0.027340823970037453,False,1.4831460674157304,0.5168539325842697,0.15197122917429057,exploratory uncorrected; exact pre-specified cell,separate imputation result; not pooled
2,44,logistic,Sex x Race/Ethnicity,Male,Non-Hispanic Asian,111,9,102,exploratory candidate,0.673147452220397,0.9,104,0.9369369369369369,0.8755233588904047,0.9691193424135679,0.03693693693693689,False,1.4324324324324325,0.5675675675675675,0.2654145132155967,exploratory uncorrected; exact pre-specified cell,separate imputation result; not pooled
2,44,logistic,Sex x Race/Ethnicity,Male,Other Race / Multi-Racial,59,8,51,limited precision,0.673147452220397,0.9,57,0.9661016949152542,0.8845642924988925,0.9906540909083387,0.0661016949152542,False,1.5423728813559323,0.4576271186440678,0.12385220177904718,exploratory uncorrected; exact pre-specified cell,separate imputation result; not pooled
2,44,logistic,Sex x Race/Ethnicity,Female,Mexican American,125,14,111,exploratory candidate,0.673147452220397,0.9,118,0.944,0.8889121558924442,0.9726117744945619,0.04399999999999993,False,1.392,0.608,0.13329318655282352,exploratory uncorrected; exact pre-specified cell,separate imputation result; not pooled
2,44,logistic,Sex x Race/Ethnicity,Female,Other Hispanic,122,11,111,exploratory candidate,0.673147452220397,0.9,117,0.9590163934426229,0.9076394737210987,0.9823692805447255,0.05901639344262288,True,1.3524590163934427,0.6475409836065574,0.032670108080478155,exploratory uncorrected; exact pre-specified cell,separate imputation result; not pooled
2,44,logistic,Sex x Race/Ethnicity,Female,Non-Hispanic White,385,26,359,exploratory candidate,0.673147452220397,0.9,355,0.922077922077922,0.8909412233852524,0.944875001010374,0.02207792207792203,False,1.4103896103896103,0.5896103896103896,0.17332434877776687,exploratory uncorrected; exact pre-specified cell,separate imputation result; not pooled
2,44,logistic,Sex x Race/Ethnicity,Female,Non-Hispanic Black,283,19,264,exploratory candidate,0.673147452220397,0.9,261,0.9222614840989399,0.8851081637946704,0.9481047231520522,0.02226148409893991,False,1.441696113074205,0.558303886925795,0.23478878515747686,exploratory uncorrected; exact pre-specified cell,separate imputation result; not pooled
2,44,logistic,Sex x Race/Ethnicity,Female,Non-Hispanic Asian,130,5,125,limited precision,0.673147452220397,0.9,127,0.9769230769230769,0.9343481004651153,0.99212117962635,0.07692307692307687,True,1.2384615384615385,0.7615384615384615,0.0011506821723915148,exploratory uncorrected; exact pre-specified cell,separate imputation result; not pooled
2,44,logistic,Sex x Race/Ethnicity,Female,Other Race / Multi-Racial,54,3,51,insufficient evidence,0.673147452220397,0.9,50,0.9259259259259259,0.8244588416140005,0.9708184722344951,0.025925925925925908,False,1.462962962962963,0.5370370370370371,0.6545713662586631,exploratory uncorrected; exact pre-specified cell,separate imputation result; not pooled
2,44,logistic,Sex x Age,Male,18-39,379,24,355,exploratory candidate,0.673147452220397,0.9,358,0.9445910290237467,0.916783182604077,0.9634767585164478,0.044591029023746676,True,1.3298153034300793,0.6701846965699209,0.002610284613351249,exploratory uncorrected; exact pre-specified cell,separate imputation result; not pooled
2,44,logistic,Sex x Age,Male,40-59,298,39,259,primary-feasibility candidate,0.673147452220397,0.9,275,0.9228187919463087,0.8868532237492394,0.9480221475286937,0.022818791946308647,False,1.610738255033557,0.38926174496644295,0.2095192915257537,exploratory uncorrected; exact pre-specified cell,separate imputation result; not pooled
2,44,logistic,Sex x Age,Male,60+,370,59,311,primary-feasibility candidate,0.673147452220397,0.9,290,0.7837837837837838,0.7390361313990025,0.8226993183353793,-0.11621621621621625,True,1.6486486486486487,0.35135135135135137,4.750367672236662e-11,exploratory uncorrected; exact pre-specified cell,separate imputation result; not pooled
2,44,logistic,Sex x Age,Female,18-39,361,9,352,exploratory candidate,0.673147452220397,0.9,357,0.9889196675900277,0.9718606776761723,0.9956828716261185,0.08891966759002767,True,1.1634349030470914,0.8365650969529086,7.216264811365611e-12,exploratory uncorrected; exact pre-specified cell,separate imputation result; not pooled
2,44,logistic,Sex x Age,Female,40-59,367,27,340,exploratory candidate,0.673147452220397,0.9,339,0.9237057220708447,0.891943642626515,0.9466896671145404,0.023705722070844648,False,1.4114441416893733,0.5885558583106267,0.13916598165970623,exploratory uncorrected; exact pre-specified cell,separate imputation result; not pooled
2,44,logistic,Sex x Age,Female,60+,371,42,329,primary-feasibility candidate,0.673147452220397,0.9,332,0.894878706199461,0.8595199987864502,0.9221438036163597,-0.005121293800539051,False,1.5956873315363882,0.40431266846361186,0.7290623345078493,exploratory uncorrected; exact pre-specified cell,separate imputation result; not pooled
2,44,logistic,Sex x BMI,Male,Underweight,12,1,11,insufficient evidence,0.673147452220397,0.9,10,0.8333333333333334,0.5519691377470266,0.9530348578161463,-0.06666666666666665,False,1.0833333333333333,0.9166666666666666,0.3409977482109998,exploratory uncorrected; exact pre-specified cell,separate imputation result; not pooled
2,44,logistic,Sex x BMI,Male,Normal,278,18,260,exploratory candidate,0.673147452220397,0.9,268,0.9640287769784173,0.9350624060275071,0.9803458560484356,0.06402877697841725,True,1.3201438848920863,0.6798561151079137,0.00012094050078248173,exploratory uncorrected; exact pre-specified cell,separate imputation result; not pooled
2,44,logistic,Sex x BMI,Male,Overweight,366,22,344,exploratory candidate,0.673147452220397,0.9,346,0.9453551912568307,0.9171080902154171,0.9643506868495165,0.04535519125683063,True,1.6284153005464481,0.37158469945355194,0.0028903230454770663,exploratory uncorrected; exact pre-specified cell,separate imputation result; not pooled
2,44,logistic,Sex x BMI,Male,Obese,391,81,310,primary-feasibility candidate,0.673147452220397,0.9,299,0.7647058823529411,0.7202115553906829,0.8040495002194956,-0.1352941176470589,True,1.5805626598465474,0.4194373401534527,8.065400580260892e-15,exploratory uncorrected; exact pre-specified cell,separate imputation result; not pooled
2,44,logistic,Sex x BMI,Female,Underweight,16,0,16,insufficient evidence,0.673147452220397,0.9,16,1.0,0.8063923194655637,1.0,0.09999999999999998,False,1.0625,0.9375,0.3960526791890295,exploratory uncorrected; exact pre-specified cell,separate imputation result; not pooled
2,44,logistic,Sex x BMI,Female,Normal,284,4,280,limited precision,0.673147452220397,0.9,279,0.9823943661971831,0.9594558357354881,0.9924570718859382,0.0823943661971831,True,1.1373239436619718,0.8626760563380281,5.1723823360861037e-08,exploratory uncorrected; exact pre-specified cell,separate imputation result; not pooled
2,44,logistic,Sex x BMI,Female,Overweight,307,15,292,exploratory candidate,0.673147452220397,0.9,302,0.9837133550488599,0.9624472305302499,0.9930237710754964,0.0837133550488599,True,1.3648208469055374,0.6351791530944625,9.202219683227461e-09,exploratory uncorrected; exact pre-specified cell,separate imputation result; not pooled
2,44,logistic,Sex x BMI,Female,Obese,492,59,433,primary-feasibility candidate,0.673147452220397,0.9,431,0.8760162601626016,0.8439493977831621,0.9022568611287195,-0.023983739837398432,False,1.5670731707317074,0.4329268292682927,0.0834231414916699,exploratory uncorrected; exact pre-specified cell,separate imputation result; not pooled
2,44,random_forest,Sex x Race/Ethnicity,Male,Mexican American,124,17,107,exploratory candidate,0.5994073101732039,0.9,108,0.8709677419354839,0.800649662877178,0.9189916870313515,-0.029032258064516148,False,1.2903225806451613,0.7096774193548387,0.2924221771858031,exploratory uncorrected; exact pre-specified cell,separate imputation result; not pooled
2,44,random_forest,Sex x Race/Ethnicity,Male,Other Hispanic,120,15,105,exploratory candidate,0.5994073101732039,0.9,103,0.8583333333333333,0.7848050551014282,0.9096312089651676,-0.04166666666666674,False,1.3916666666666666,0.6083333333333333,0.1281042825775741,exploratory uncorrected; exact pre-specified cell,separate imputation result; not pooled
2,44,random_forest,Sex x Race/Ethnicity,Male,Non-Hispanic White,366,42,324,primary-feasibility candidate,0.5994073101732039,0.9,329,0.8989071038251366,0.8637630082373741,0.9257644853299897,-0.0010928961748634114,False,1.2950819672131149,0.7049180327868853,0.9305229295995484,exploratory uncorrected; exact pre-specified cell,separate imputation result; not pooled
2,44,random_forest,Sex x Race/Ethnicity,Male,Non-Hispanic Black,267,31,236,exploratory candidate,0.5994073101732039,0.9,226,0.846441947565543,0.7983115826281993,0.8847448475266685,-0.05355805243445699,True,1.202247191011236,0.797752808988764,0.005641840560941547,exploratory uncorrected; exact pre-specified cell,separate imputation result; not pooled
2,44,random_forest,Sex x Race/Ethnicity,Male,Non-Hispanic Asian,111,9,102,exploratory candidate,0.5994073101732039,0.9,103,0.9279279279279279,0.8641974721405519,0.9630299157344726,0.027927927927927865,False,1.1981981981981982,0.8018018018018018,0.4275058857763807,exploratory uncorrected; exact pre-specified cell,separate imputation result; not pooled
2,44,random_forest,Sex x Race/Ethnicity,Male,Other Race / Multi-Racial,59,8,51,limited precision,0.5994073101732039,0.9,55,0.9322033898305084,0.838244756312555,0.9733213810286956,0.03220338983050841,False,1.2881355932203389,0.711864406779661,0.5190141251728827,exploratory uncorrected; exact pre-specified cell,separate imputation result; not pooled
2,44,random_forest,Sex x Race/Ethnicity,Female,Mexican American,125,14,111,exploratory candidate,0.5994073101732039,0.9,114,0.912,0.8492803613696875,0.9501517542146516,0.01200000000000001,False,1.2,0.8,0.7661984721644589,exploratory uncorrected; exact pre-specified cell,separate imputation result; not pooled
2,44,random_forest,Sex x Race/Ethnicity,Female,Other Hispanic,122,11,111,exploratory candidate,0.5994073101732039,0.9,112,0.9180327868852459,0.8556745297110475,0.954869157209614,0.0180327868852459,False,1.139344262295082,0.860655737704918,0.649794939446025,exploratory uncorrected; exact pre-specified cell,separate imputation result; not pooled
2,44,random_forest,Sex x Race/Ethnicity,Female,Non-Hispanic White,385,26,359,exploratory candidate,0.5994073101732039,0.9,341,0.8857142857142857,0.8500518510113155,0.9137555909748414,-0.014285714285714346,False,1.1896103896103896,0.8103896103896104,0.3496051888404564,exploratory uncorrected; exact pre-specified cell,separate imputation result; not pooled
2,44,random_forest,Sex x Race/Ethnicity,Female,Non-Hispanic Black,283,19,264,exploratory candidate,0.5994073101732039,0.9,259,0.9151943462897526,0.876917881696383,0.9423500196947459,0.01519434628975258,False,1.2756183745583038,0.7243816254416962,0.4870819593568767,exploratory uncorrected; exact pre-specified cell,separate imputation result; not pooled
2,44,random_forest,Sex x Race/Ethnicity,Female,Non-Hispanic Asian,130,5,125,limited precision,0.5994073101732039,0.9,125,0.9615384615384616,0.9131216006422269,0.9834615736398364,0.06153846153846154,True,1.0769230769230769,0.9230769230769231,0.018003616786358836,exploratory uncorrected; exact pre-specified cell,separate imputation result; not pooled
2,44,random_forest,Sex x Race/Ethnicity,Female,Other Race / Multi-Racial,54,3,51,insufficient evidence,0.5994073101732039,0.9,46,0.8518518518518519,0.7339988471639411,0.9229693686239466,-0.04814814814814816,False,1.2222222222222223,0.7777777777777778,0.25132798765050945,exploratory uncorrected; exact pre-specified cell,separate imputation result; not pooled
2,44,random_forest,Sex x Age,Male,18-39,379,24,355,exploratory candidate,0.5994073101732039,0.9,352,0.9287598944591029,0.8983346527945215,0.9505807206896639,0.028759894459102875,False,1.1002638522427441,0.899736147757256,0.0713886822715932,exploratory uncorrected; exact pre-specified cell,separate imputation result; not pooled
2,44,random_forest,Sex x Age,Male,40-59,298,39,259,primary-feasibility candidate,0.5994073101732039,0.9,266,0.8926174496644296,0.8523383418709786,0.9229030743156738,-0.007382550335570448,False,1.2684563758389262,0.7315436241610739,0.6298277274915263,exploratory uncorrected; exact pre-specified cell,separate imputation result; not pooled
2,44,random_forest,Sex x Age,Male,60+,370,59,311,primary-feasibility candidate,0.5994073101732039,0.9,306,0.827027027027027,0.7851795240453331,0.8621537085057164,-0.072972972972973,True,1.4486486486486487,0.5513513513513514,1.7697799585925455e-05,exploratory uncorrected; exact pre-specified cell,separate imputation result; not pooled
2,44,random_forest,Sex x Age,Female,18-39,361,9,352,exploratory candidate,0.5994073101732039,0.9,352,0.9750692520775623,0.9533048797295692,0.9868295038701073,0.07506925207756232,True,1.0941828254847645,0.9058171745152355,5.308831916136193e-08,exploratory uncorrected; exact pre-specified cell,separate imputation result; not pooled
2,44,random_forest,Sex x Age,Female,40-59,367,27,340,exploratory candidate,0.5994073101732039,0.9,326,0.888283378746594,0.8519480883982783,0.9165743980203737,-0.011716621253406001,False,1.223433242506812,0.776566757493188,0.4338608059857504,exploratory uncorrected; exact pre-specified cell,separate imputation result; not pooled
2,44,random_forest,Sex x Age,Female,60+,371,42,329,primary-feasibility candidate,0.5994073101732039,0.9,319,0.8598382749326146,0.8208139304075159,0.8914872137615975,-0.04016172506738547,True,1.266846361185984,0.7331536388140162,0.014957652621674377,exploratory uncorrected; exact pre-specified cell,separate imputation result; not pooled
2,44,random_forest,Sex x BMI,Male,Underweight,12,1,11,insufficient evidence,0.5994073101732039,0.9,10,0.8333333333333334,0.5519691377470266,0.9530348578161463,-0.06666666666666665,False,1.25,0.75,0.3409977482109998,exploratory uncorrected; exact pre-specified cell,separate imputation result; not pooled
2,44,random_forest,Sex x BMI,Male,Normal,278,18,260,exploratory candidate,0.5994073101732039,0.9,264,0.9496402877697842,0.9172555573329131,0.9697679524305973,0.04964028776978413,True,1.1510791366906474,0.8489208633093526,0.003635551963160161,exploratory uncorrected; exact pre-specified cell,separate imputation result; not pooled
2,44,random_forest,Sex x BMI,Male,Overweight,366,22,344,exploratory candidate,0.5994073101732039,0.9,353,0.9644808743169399,0.940185916775773,0.9791269181999244,0.06448087431693983,True,1.289617486338798,0.7103825136612022,4.853411732917687e-06,exploratory uncorrected; exact pre-specified cell,separate imputation result; not pooled
2,44,random_forest,Sex x BMI,Male,Obese,391,81,310,primary-feasibility candidate,0.5994073101732039,0.9,297,0.7595907928388747,0.714839166813889,0.7992912403787017,-0.14040920716112537,True,1.340153452685422,0.659846547314578,9.000314933081993e-16,exploratory uncorrected; exact pre-specified cell,separate imputation result; not pooled
2,44,random_forest,Sex x BMI,Female,Underweight,16,0,16,insufficient evidence,0.5994073101732039,0.9,15,0.9375,0.7167126242970107,0.9888806552353576,0.03749999999999998,False,1.0625,0.9375,1.0,exploratory uncorrected; exact pre-specified cell,separate imputation result; not pooled
2,44,random_forest,Sex x BMI,Female,Normal,284,4,280,limited precision,0.5994073101732039,0.9,279,0.9823943661971831,0.9594558357354881,0.9924570718859382,0.0823943661971831,True,1.091549295774648,0.9084507042253521,5.1723823360861037e-08,exploratory uncorrected; exact pre-specified cell,separate imputation result; not pooled
2,44,random_forest,Sex x BMI,Female,Overweight,307,15,292,exploratory candidate,0.5994073101732039,0.9,296,0.9641693811074918,0.936989094513881,0.9798770181380978,0.06416938110749182,True,1.0749185667752443,0.9250814332247557,3.636954133746894e-05,exploratory uncorrected; exact pre-specified cell,separate imputation result; not pooled
2,44,random_forest,Sex x BMI,Female,Obese,492,59,433,primary-feasibility candidate,0.5994073101732039,0.9,407,0.8272357723577236,0.7913291093868289,0.8580720132337818,-0.07276422764227641,True,1.3353658536585367,0.6646341463414634,7.996246582621946e-07,exploratory uncorrected; exact pre-specified cell,separate imputation result; not pooled
2,44,xgboost,Sex x Race/Ethnicity,Male,Mexican American,124,17,107,exploratory candidate,0.6363081336021423,0.9,106,0.8548387096774194,0.7821891669914196,0.9061634285732607,-0.04516129032258065,False,1.346774193548387,0.6532258064516129,0.09889703725588558,exploratory uncorrected; exact pre-specified cell,separate imputation result; not pooled
2,44,xgboost,Sex x Race/Ethnicity,Male,Other Hispanic,120,15,105,exploratory candidate,0.6363081336021423,0.9,98,0.8166666666666667,0.7379908648282967,0.8756969964398578,-0.08333333333333337,True,1.425,0.575,0.005375646711425677,exploratory uncorrected; exact pre-specified cell,separate imputation result; not pooled
2,44,xgboost,Sex x Race/Ethnicity,Male,Non-Hispanic White,366,42,324,primary-feasibility candidate,0.6363081336021423,0.9,322,0.8797814207650273,0.8424581508156724,0.9092152848409273,-0.020218579234972722,False,1.349726775956284,0.6502732240437158,0.19152356040448137,exploratory uncorrected; exact pre-specified cell,separate imputation result; not pooled
2,44,xgboost,Sex x Race/Ethnicity,Male,Non-Hispanic Black,267,31,236,exploratory candidate,0.6363081336021423,0.9,226,0.846441947565543,0.7983115826281993,0.8847448475266685,-0.05355805243445699,True,1.2696629213483146,0.7303370786516854,0.005641840560941547,exploratory uncorrected; exact pre-specified cell,separate imputation result; not pooled
2,44,xgboost,Sex x Race/Ethnicity,Male,Non-Hispanic Asian,111,9,102,exploratory candidate,0.6363081336021423,0.9,103,0.9279279279279279,0.8641974721405519,0.9630299157344726,0.027927927927927865,False,1.2702702702702702,0.7297297297297297,0.4275058857763807,exploratory uncorrected; exact pre-specified cell,separate imputation result; not pooled
2,44,xgboost,Sex x Race/Ethnicity,Male,Other Race / Multi-Racial,59,8,51,limited precision,0.6363081336021423,0.9,54,0.9152542372881356,0.8164820473258972,0.9632579669823632,0.015254237288135575,False,1.3220338983050848,0.6779661016949152,1.0,exploratory uncorrected; exact pre-specified cell,separate imputation result; not pooled
2,44,xgboost,Sex x Race/Ethnicity,Female,Mexican American,125,14,111,exploratory candidate,0.6363081336021423,0.9,114,0.912,0.8492803613696875,0.9501517542146516,0.01200000000000001,False,1.224,0.776,0.7661984721644589,exploratory uncorrected; exact pre-specified cell,separate imputation result; not pooled
2,44,xgboost,Sex x Race/Ethnicity,Female,Other Hispanic,122,11,111,exploratory candidate,0.6363081336021423,0.9,112,0.9180327868852459,0.8556745297110475,0.954869157209614,0.0180327868852459,False,1.2131147540983607,0.7868852459016393,0.649794939446025,exploratory uncorrected; exact pre-specified cell,separate imputation result; not pooled
2,44,xgboost,Sex x Race/Ethnicity,Female,Non-Hispanic White,385,26,359,exploratory candidate,0.6363081336021423,0.9,341,0.8857142857142857,0.8500518510113155,0.9137555909748414,-0.014285714285714346,False,1.238961038961039,0.7610389610389611,0.3496051888404564,exploratory uncorrected; exact pre-specified cell,separate imputation result; not pooled
2,44,xgboost,Sex x Race/Ethnicity,Female,Non-Hispanic Black,283,19,264,exploratory candidate,0.6363081336021423,0.9,257,0.9081272084805654,0.8687908084524013,0.936532107383134,0.008127208480565362,False,1.3003533568904593,0.6996466431095406,0.7659153095864244,exploratory uncorrected; exact pre-specified cell,separate imputation result; not pooled
2,44,xgboost,Sex x Race/Ethnicity,Female,Non-Hispanic Asian,130,5,125,limited precision,0.6363081336021423,0.9,125,0.9615384615384616,0.9131216006422269,0.9834615736398364,0.06153846153846154,True,1.123076923076923,0.8769230769230769,0.018003616786358836,exploratory uncorrected; exact pre-specified cell,separate imputation result; not pooled
2,44,xgboost,Sex x Race/Ethnicity,Female,Other Race / Multi-Racial,54,3,51,insufficient evidence,0.6363081336021423,0.9,43,0.7962962962962963,0.6709769331166456,0.8822594591257861,-0.10370370370370374,True,1.2222222222222223,0.7777777777777778,0.01994925388111181,exploratory uncorrected; exact pre-specified cell,separate imputation result; not pooled
2,44,xgboost,Sex x Age,Male,18-39,379,24,355,exploratory candidate,0.6363081336021423,0.9,346,0.9129287598944591,0.8802411532505846,0.9373296525972618,0.012928759894459074,False,1.1240105540897098,0.8759894459102903,0.44145482924724155,exploratory uncorrected; exact pre-specified cell,separate imputation result; not pooled
2,44,xgboost,Sex x Age,Male,40-59,298,39,259,primary-feasibility candidate,0.6363081336021423,0.9,266,0.8926174496644296,0.8523383418709786,0.9229030743156738,-0.007382550335570448,False,1.3355704697986577,0.6644295302013423,0.6298277274915263,exploratory uncorrected; exact pre-specified cell,separate imputation result; not pooled
2,44,xgboost,Sex x Age,Male,60+,370,59,311,primary-feasibility candidate,0.6363081336021423,0.9,297,0.8027027027027027,0.7591319072468736,0.8400525724698005,-0.0972972972972973,True,1.5297297297297296,0.4702702702702703,1.793067594378396e-08,exploratory uncorrected; exact pre-specified cell,separate imputation result; not pooled
2,44,xgboost,Sex x Age,Female,18-39,361,9,352,exploratory candidate,0.6363081336021423,0.9,352,0.9750692520775623,0.9533048797295692,0.9868295038701073,0.07506925207756232,True,1.0941828254847645,0.9058171745152355,5.308831916136193e-08,exploratory uncorrected; exact pre-specified cell,separate imputation result; not pooled
2,44,xgboost,Sex x Age,Female,40-59,367,27,340,exploratory candidate,0.6363081336021423,0.9,328,0.8937329700272479,0.8580244665603557,0.9212843003694352,-0.006267029972752081,False,1.2452316076294279,0.7547683923705722,0.6635986040279134,exploratory uncorrected; exact pre-specified cell,separate imputation result; not pooled
2,44,xgboost,Sex x Age,Female,60+,371,42,329,primary-feasibility candidate,0.6363081336021423,0.9,312,0.8409703504043127,0.8002899947210882,0.8746620257837272,-0.05902964959568735,True,1.3638814016172507,0.6361185983827493,0.0003619905505710579,exploratory uncorrected; exact pre-specified cell,separate imputation result; not pooled
2,44,xgboost,Sex x BMI,Male,Underweight,12,1,11,insufficient evidence,0.6363081336021423,0.9,10,0.8333333333333334,0.5519691377470266,0.9530348578161463,-0.06666666666666665,False,1.3333333333333333,0.6666666666666666,0.3409977482109998,exploratory uncorrected; exact pre-specified cell,separate imputation result; not pooled
2,44,xgboost,Sex x BMI,Male,Normal,278,18,260,exploratory candidate,0.6363081336021423,0.9,265,0.9532374100719424,0.9216487346040494,0.972470963237569,0.05323741007194238,True,1.2122302158273381,0.7877697841726619,0.001810002916571483,exploratory uncorrected; exact pre-specified cell,separate imputation result; not pooled
2,44,xgboost,Sex x BMI,Male,Overweight,366,22,344,exploratory candidate,0.6363081336021423,0.9,352,0.9617486338797814,0.9368251373799295,0.9770799750370873,0.061748633879781356,True,1.3770491803278688,0.6229508196721312,1.6243117866676604e-05,exploratory uncorrected; exact pre-specified cell,separate imputation result; not pooled
2,44,xgboost,Sex x BMI,Male,Obese,391,81,310,primary-feasibility candidate,0.6363081336021423,0.9,282,0.7212276214833759,0.6747948841225401,0.7633556599381407,-0.1787723785166241,True,1.3631713554987213,0.6368286445012787,2.4283604160246058e-23,exploratory uncorrected; exact pre-specified cell,separate imputation result; not pooled
2,44,xgboost,Sex x BMI,Female,Underweight,16,0,16,insufficient evidence,0.6363081336021423,0.9,15,0.9375,0.7167126242970107,0.9888806552353576,0.03749999999999998,False,1.0625,0.9375,1.0,exploratory uncorrected; exact pre-specified cell,separate imputation result; not pooled
2,44,xgboost,Sex x BMI,Female,Normal,284,4,280,limited precision,0.6363081336021423,0.9,278,0.9788732394366197,0.9546823334445061,0.9902823047782238,0.07887323943661972,True,1.130281690140845,0.8697183098591549,2.8697845127251785e-07,exploratory uncorrected; exact pre-specified cell,separate imputation result; not pooled
2,44,xgboost,Sex x BMI,Female,Overweight,307,15,292,exploratory candidate,0.6363081336021423,0.9,296,0.9641693811074918,0.936989094513881,0.9798770181380978,0.06416938110749182,True,1.1400651465798046,0.8599348534201955,3.636954133746894e-05,exploratory uncorrected; exact pre-specified cell,separate imputation result; not pooled
2,44,xgboost,Sex x BMI,Female,Obese,492,59,433,primary-feasibility candidate,0.6363081336021423,0.9,403,0.8191056910569106,0.7826621660894059,0.8506047671493261,-0.08089430894308947,True,1.3617886178861789,0.6382113821138211,4.4663201376186346e-08,exploratory uncorrected; exact pre-specified cell,separate imputation result; not pooled
2,44,lightgbm,Sex x Race/Ethnicity,Male,Mexican American,124,17,107,exploratory candidate,0.6404176533280209,0.9,104,0.8387096774193549,0.7639684956453251,0.8930953455755063,-0.06129032258064515,True,1.3951612903225807,0.6048387096774194,0.03416733876268805,exploratory uncorrected; exact pre-specified cell,separate imputation result; not pooled
2,44,lightgbm,Sex x Race/Ethnicity,Male,Other Hispanic,120,15,105,exploratory candidate,0.6404176533280209,0.9,99,0.825,0.7472429012735073,0.8825946405543355,-0.07500000000000007,True,1.4583333333333333,0.5416666666666666,0.013559278545325903,exploratory uncorrected; exact pre-specified cell,separate imputation result; not pooled
2,44,lightgbm,Sex x Race/Ethnicity,Male,Non-Hispanic White,366,42,324,primary-feasibility candidate,0.6404176533280209,0.9,331,0.9043715846994536,0.8699071899604046,0.9304357487243201,0.0043715846994535346,False,1.4426229508196722,0.5573770491803278,0.8616717787522563,exploratory uncorrected; exact pre-specified cell,separate imputation result; not pooled
2,44,lightgbm,Sex x Race/Ethnicity,Male,Non-Hispanic Black,267,31,236,exploratory candidate,0.6404176533280209,0.9,234,0.8764044943820225,0.8315076660302457,0.910623914840719,-0.02359550561797752,False,1.3220973782771535,0.6779026217228464,0.21959546169798766,exploratory uncorrected; exact pre-specified cell,separate imputation result; not pooled
2,44,lightgbm,Sex x Race/Ethnicity,Male,Non-Hispanic Asian,111,9,102,exploratory candidate,0.6404176533280209,0.9,105,0.9459459459459459,0.8870643289929536,0.9749936857399668,0.04594594594594592,False,1.3243243243243243,0.6756756756756757,0.11449869239923763,exploratory uncorrected; exact pre-specified cell,separate imputation result; not pooled
2,44,lightgbm,Sex x Race/Ethnicity,Male,Other Race / Multi-Racial,59,8,51,limited precision,0.6404176533280209,0.9,54,0.9152542372881356,0.8164820473258972,0.9632579669823632,0.015254237288135575,False,1.3559322033898304,0.6440677966101694,1.0,exploratory uncorrected; exact pre-specified cell,separate imputation result; not pooled
2,44,lightgbm,Sex x Race/Ethnicity,Female,Mexican American,125,14,111,exploratory candidate,0.6404176533280209,0.9,115,0.92,0.8589881016125887,0.9559669676724172,0.020000000000000018,False,1.288,0.712,0.5514196976742952,exploratory uncorrected; exact pre-specified cell,separate imputation result; not pooled
2,44,lightgbm,Sex x Race/Ethnicity,Female,Other Hispanic,122,11,111,exploratory candidate,0.6404176533280209,0.9,114,0.9344262295081968,0.875928582630944,0.9664011312277827,0.03442622950819674,False,1.2622950819672132,0.7377049180327869,0.288065820691371,exploratory uncorrected; exact pre-specified cell,separate imputation result; not pooled
2,44,lightgbm,Sex x Race/Ethnicity,Female,Non-Hispanic White,385,26,359,exploratory candidate,0.6404176533280209,0.9,347,0.9012987012987013,0.86742483749486,0.9272435112382124,0.0012987012987012436,False,1.2701298701298702,0.7298701298701299,1.0,exploratory uncorrected; exact pre-specified cell,separate imputation result; not pooled
2,44,lightgbm,Sex x Race/Ethnicity,Female,Non-Hispanic Black,283,19,264,exploratory candidate,0.6404176533280209,0.9,256,0.9045936395759717,0.8647489740989581,0.9336014489587802,0.0045936395759716975,False,1.314487632508834,0.6855123674911661,0.9209543601053558,exploratory uncorrected; exact pre-specified cell,separate imputation result; not pooled
2,44,lightgbm,Sex x Race/Ethnicity,Female,Non-Hispanic Asian,130,5,125,limited precision,0.6404176533280209,0.9,126,0.9692307692307692,0.9235555115015023,0.9879707156852621,0.0692307692307692,True,1.123076923076923,0.8769230769230769,0.00498824077922901,exploratory uncorrected; exact pre-specified cell,separate imputation result; not pooled
2,44,lightgbm,Sex x Race/Ethnicity,Female,Other Race / Multi-Racial,54,3,51,insufficient evidence,0.6404176533280209,0.9,44,0.8148148148148148,0.6916405221784752,0.8961731445791086,-0.08518518518518525,True,1.2407407407407407,0.7592592592592593,0.06344498232959447,exploratory uncorrected; exact pre-specified cell,separate imputation result; not pooled
2,44,lightgbm,Sex x Age,Male,18-39,379,24,355,exploratory candidate,0.6404176533280209,0.9,347,0.9155672823218998,0.8832361337389777,0.9395587667149253,0.015567282321899745,False,1.16622691292876,0.8337730870712401,0.3465204975166717,exploratory uncorrected; exact pre-specified cell,separate imputation result; not pooled
2,44,lightgbm,Sex x Age,Male,40-59,298,39,259,primary-feasibility candidate,0.6404176533280209,0.9,268,0.8993288590604027,0.8599237859558929,0.9285696202510442,-0.0006711409395973034,False,1.3825503355704698,0.6174496644295302,0.9231827922000007,exploratory uncorrected; exact pre-specified cell,separate imputation result; not pooled
2,44,lightgbm,Sex x Age,Male,60+,370,59,311,primary-feasibility candidate,0.6404176533280209,0.9,312,0.8432432432432433,0.8026930253268985,0.8767393757804016,-0.05675675675675673,True,1.627027027027027,0.372972972972973,0.0006671123433124528,exploratory uncorrected; exact pre-specified cell,separate imputation result; not pooled
2,44,lightgbm,Sex x Age,Female,18-39,361,9,352,exploratory candidate,0.6404176533280209,0.9,351,0.9722991689750693,0.9497673566207638,0.9848851938383898,0.07229916897506927,True,1.105263157894737,0.8947368421052632,2.3694020538347697e-07,exploratory uncorrected; exact pre-specified cell,separate imputation result; not pooled
2,44,lightgbm,Sex x Age,Female,40-59,367,27,340,exploratory candidate,0.6404176533280209,0.9,324,0.8828337874659401,0.8458950926619183,0.9118411132455949,-0.01716621253405992,False,1.2534059945504088,0.7465940054495913,0.2586866422140258,exploratory uncorrected; exact pre-specified cell,separate imputation result; not pooled
2,44,lightgbm,Sex x Age,Female,60+,371,42,329,primary-feasibility candidate,0.6404176533280209,0.9,327,0.8814016172506739,0.8445300198008194,0.9104558371274918,-0.018598382749326126,False,1.4285714285714286,0.5714285714285714,0.22585069974262276,exploratory uncorrected; exact pre-specified cell,separate imputation result; not pooled
2,44,lightgbm,Sex x BMI,Male,Underweight,12,1,11,insufficient evidence,0.6404176533280209,0.9,9,0.75,0.46769466506643426,0.9110583316059453,-0.15000000000000002,False,1.25,0.75,0.11086997774499993,exploratory uncorrected; exact pre-specified cell,separate imputation result; not pooled
2,44,lightgbm,Sex x BMI,Male,Normal,278,18,260,exploratory candidate,0.6404176533280209,0.9,271,0.9748201438848921,0.9489463651164765,0.9877504611937906,0.07482014388489211,True,1.2661870503597121,0.7338129496402878,2.891777413941883e-06,exploratory uncorrected; exact pre-specified cell,separate imputation result; not pooled
2,44,lightgbm,Sex x BMI,Male,Overweight,366,22,344,exploratory candidate,0.6404176533280209,0.9,354,0.9672131147540983,0.943573731967819,0.981146825566559,0.0672131147540983,True,1.4344262295081966,0.5655737704918032,1.8926157500302243e-06,exploratory uncorrected; exact pre-specified cell,separate imputation result; not pooled
2,44,lightgbm,Sex x BMI,Male,Obese,391,81,310,primary-feasibility candidate,0.6404176533280209,0.9,293,0.7493606138107417,0.7041186517542258,0.789750458603189,-0.15063938618925832,True,1.4424552429667519,0.5575447570332481,1.2279189883073789e-17,exploratory uncorrected; exact pre-specified cell,separate imputation result; not pooled
2,44,lightgbm,Sex x BMI,Female,Underweight,16,0,16,insufficient evidence,0.6404176533280209,0.9,15,0.9375,0.7167126242970107,0.9888806552353576,0.03749999999999998,False,1.0625,0.9375,1.0,exploratory uncorrected; exact pre-specified cell,separate imputation result; not pooled
2,44,lightgbm,Sex x BMI,Female,Normal,284,4,280,limited precision,0.6404176533280209,0.9,281,0.9894366197183099,0.9694083284830466,0.9964011179357728,0.08943661971830985,True,1.1514084507042253,0.8485915492957746,1.0808108715816852e-09,exploratory uncorrected; exact pre-specified cell,separate imputation result; not pooled
2,44,lightgbm,Sex x BMI,Female,Overweight,307,15,292,exploratory candidate,0.6404176533280209,0.9,299,0.9739413680781759,0.9494307834406374,0.9867377736882251,0.07394136807817586,True,1.1791530944625408,0.8208469055374593,8.608127559158541e-07,exploratory uncorrected; exact pre-specified cell,separate imputation result; not pooled
2,44,lightgbm,Sex x BMI,Female,Obese,492,59,433,primary-feasibility candidate,0.6404176533280209,0.9,407,0.8272357723577236,0.7913291093868289,0.8580720132337818,-0.07276422764227641,True,1.3882113821138211,0.6117886178861789,7.996246582621946e-07,exploratory uncorrected; exact pre-specified cell,separate imputation result; not pooled
2,44,mlp,Sex x Race/Ethnicity,Male,Mexican American,124,17,107,exploratory candidate,0.3532000748950197,0.9,105,0.8467741935483871,0.7730507471592929,0.8996574712334628,-0.0532258064516129,True,0.9193548387096774,0.9193548387096774,0.06992761083298975,exploratory uncorrected; exact pre-specified cell,separate imputation result; not pooled
2,44,mlp,Sex x Race/Ethnicity,Male,Other Hispanic,120,15,105,exploratory candidate,0.3532000748950197,0.9,102,0.85,0.775324706432755,0.9029618770741527,-0.050000000000000044,False,0.9666666666666667,0.9666666666666667,0.09133023959542749,exploratory uncorrected; exact pre-specified cell,separate imputation result; not pooled
2,44,mlp,Sex x Race/Ethnicity,Male,Non-Hispanic White,366,42,324,primary-feasibility candidate,0.3532000748950197,0.9,319,0.8715846994535519,0.8334113799951609,0.902038887985397,-0.02841530054644814,False,0.9644808743169399,0.9644808743169399,0.08060341893900407,exploratory uncorrected; exact pre-specified cell,separate imputation result; not pooled
2,44,mlp,Sex x Race/Ethnicity,Male,Non-Hispanic Black,267,31,236,exploratory candidate,0.3532000748950197,0.9,230,0.8614232209737828,0.8148313613171193,0.897762644195797,-0.038576779026217256,True,0.9588014981273408,0.9588014981273408,0.0409217215178279,exploratory uncorrected; exact pre-specified cell,separate imputation result; not pooled
2,44,mlp,Sex x Race/Ethnicity,Male,Non-Hispanic Asian,111,9,102,exploratory candidate,0.3532000748950197,0.9,99,0.8918918918918919,0.8204982036488334,0.9370679305103996,-0.008108108108108136,False,0.972972972972973,0.972972972972973,0.7510908758032926,exploratory uncorrected; exact pre-specified cell,separate imputation result; not pooled
2,44,mlp,Sex x Race/Ethnicity,Male,Other Race / Multi-Racial,59,8,51,limited precision,0.3532000748950197,0.9,51,0.864406779661017,0.7546033919346271,0.9296582532746629,-0.035593220338983045,False,0.9491525423728814,0.9491525423728814,0.38050778132982765,exploratory uncorrected; exact pre-specified cell,separate imputation result; not pooled
2,44,mlp,Sex x Race/Ethnicity,Female,Mexican American,125,14,111,exploratory candidate,0.3532000748950197,0.9,111,0.888,0.8207616439023667,0.9321016105799721,-0.01200000000000001,False,0.992,0.992,0.6535243262556143,exploratory uncorrected; exact pre-specified cell,separate imputation result; not pooled
2,44,mlp,Sex x Race/Ethnicity,Female,Other Hispanic,122,11,111,exploratory candidate,0.3532000748950197,0.9,110,0.9016393442622951,0.8359226807162072,0.942834979266389,0.0016393442622950616,False,0.9918032786885246,0.9918032786885246,1.0,exploratory uncorrected; exact pre-specified cell,separate imputation result; not pooled
2,44,mlp,Sex x Race/Ethnicity,Female,Non-Hispanic White,385,26,359,exploratory candidate,0.3532000748950197,0.9,353,0.9168831168831169,0.8850185680298879,0.9405106874500999,0.016883116883116833,False,0.974025974025974,0.974025974025974,0.3076662113387928,exploratory uncorrected; exact pre-specified cell,separate imputation result; not pooled
2,44,mlp,Sex x Race/Ethnicity,Female,Non-Hispanic Black,283,19,264,exploratory candidate,0.3532000748950197,0.9,257,0.9081272084805654,0.8687908084524013,0.936532107383134,0.008127208480565362,False,0.9575971731448764,0.9575971731448764,0.7659153095864244,exploratory uncorrected; exact pre-specified cell,separate imputation result; not pooled
2,44,mlp,Sex x Race/Ethnicity,Female,Non-Hispanic Asian,130,5,125,limited precision,0.3532000748950197,0.9,125,0.9615384615384616,0.9131216006422269,0.9834615736398364,0.06153846153846154,True,0.9923076923076923,0.9923076923076923,0.018003616786358836,exploratory uncorrected; exact pre-specified cell,separate imputation result; not pooled
2,44,mlp,Sex x Race/Ethnicity,Female,Other Race / Multi-Racial,54,3,51,insufficient evidence,0.3532000748950197,0.9,50,0.9259259259259259,0.8244588416140005,0.9708184722344951,0.025925925925925908,False,0.9814814814814815,0.9814814814814815,0.6545713662586631,exploratory uncorrected; exact pre-specified cell,separate imputation result; not pooled
2,44,mlp,Sex x Age,Male,18-39,379,24,355,exploratory candidate,0.3532000748950197,0.9,348,0.9182058047493403,0.8862388836602229,0.9417801113997366,0.018205804749340304,False,0.9630606860158312,0.9630606860158312,0.2655970917098338,exploratory uncorrected; exact pre-specified cell,separate imputation result; not pooled
2,44,mlp,Sex x Age,Male,40-59,298,39,259,primary-feasibility candidate,0.3532000748950197,0.9,251,0.8422818791946308,0.7965779988833793,0.8792734921511379,-0.0577181208053692,True,0.9328859060402684,0.9328859060402684,0.001860549484647488,exploratory uncorrected; exact pre-specified cell,separate imputation result; not pooled
2,44,mlp,Sex x Age,Male,60+,370,59,311,primary-feasibility candidate,0.3532000748950197,0.9,307,0.8297297297297297,0.7880896941140507,0.8645933998630404,-0.07027027027027033,True,0.972972972972973,0.972972972972973,2.81288813497561e-05,exploratory uncorrected; exact pre-specified cell,separate imputation result; not pooled
2,44,mlp,Sex x Age,Female,18-39,361,9,352,exploratory candidate,0.3532000748950197,0.9,350,0.9695290858725761,0.9462688018481193,0.9829019154705112,0.06952908587257611,True,0.9889196675900277,0.9889196675900277,6.697150819988764e-07,exploratory uncorrected; exact pre-specified cell,separate imputation result; not pooled
2,44,mlp,Sex x Age,Female,40-59,367,27,340,exploratory candidate,0.3532000748950197,0.9,334,0.9100817438692098,0.8764104585266379,0.93525714993657,0.010081743869209792,False,0.9673024523160763,0.9673024523160763,0.6012707099901671,exploratory uncorrected; exact pre-specified cell,separate imputation result; not pooled
2,44,mlp,Sex x Age,Female,60+,371,42,329,primary-feasibility candidate,0.3532000748950197,0.9,322,0.8679245283018868,0.8296722677535676,0.8986356437002451,-0.0320754716981132,True,0.9730458221024259,0.9730458221024259,0.046012447892788896,exploratory uncorrected; exact pre-specified cell,separate imputation result; not pooled
2,44,mlp,Sex x BMI,Male,Underweight,12,1,11,insufficient evidence,0.3532000748950197,0.9,9,0.75,0.46769466506643426,0.9110583316059453,-0.15000000000000002,False,0.8333333333333334,0.8333333333333334,0.11086997774499993,exploratory uncorrected; exact pre-specified cell,separate imputation result; not pooled
2,44,mlp,Sex x BMI,Male,Normal,278,18,260,exploratory candidate,0.3532000748950197,0.9,257,0.9244604316546763,0.8872857898890036,0.9500644033277503,0.024460431654676262,False,0.9856115107913669,0.9856115107913669,0.19372829972603983,exploratory uncorrected; exact pre-specified cell,separate imputation result; not pooled
2,44,mlp,Sex x BMI,Male,Overweight,366,22,344,exploratory candidate,0.3532000748950197,0.9,344,0.9398907103825137,0.9106703188209774,0.959973013126595,0.03989071038251368,True,0.9918032786885246,0.9918032786885246,0.008779621627424445,exploratory uncorrected; exact pre-specified cell,separate imputation result; not pooled
2,44,mlp,Sex x BMI,Male,Obese,391,81,310,primary-feasibility candidate,0.3532000748950197,0.9,296,0.7570332480818415,0.7121560374911005,0.7969090454926964,-0.14296675191815855,True,0.9104859335038363,0.9104859335038363,3.478323276671153e-16,exploratory uncorrected; exact pre-specified cell,separate imputation result; not pooled
2,44,mlp,Sex x BMI,Female,Underweight,16,0,16,insufficient evidence,0.3532000748950197,0.9,16,1.0,0.8063923194655637,1.0,0.09999999999999998,False,1.0,1.0,0.3960526791890295,exploratory uncorrected; exact pre-specified cell,separate imputation result; not pooled
2,44,mlp,Sex x BMI,Female,Normal,284,4,280,limited precision,0.3532000748950197,0.9,277,0.9753521126760564,0.950006024821186,0.9880103440028473,0.07535211267605635,True,0.9894366197183099,0.9894366197183099,1.4111717308148617e-06,exploratory uncorrected; exact pre-specified cell,separate imputation result; not pooled
2,44,mlp,Sex x BMI,Female,Overweight,307,15,292,exploratory candidate,0.3532000748950197,0.9,295,0.9609120521172638,0.9329309568101012,0.9775010076829163,0.060912052117263804,True,1.0,1.0,0.00012120065248861624,exploratory uncorrected; exact pre-specified cell,separate imputation result; not pooled
2,44,mlp,Sex x BMI,Female,Obese,492,59,433,primary-feasibility candidate,0.3532000748950197,0.9,418,0.8495934959349594,0.8153045979606928,0.8784655454600838,-0.05040650406504066,True,0.9532520325203252,0.9532520325203252,0.00039639946248995006,exploratory uncorrected; exact pre-specified cell,separate imputation result; not pooled
3,45,logistic,Sex x Race/Ethnicity,Male,Mexican American,124,17,107,exploratory candidate,0.6749718538392403,0.9,111,0.8951612903225806,0.8288723335275495,0.9377021478967537,-0.004838709677419395,False,1.5806451612903225,0.41935483870967744,0.8805375845598575,exploratory uncorrected; exact pre-specified cell,separate imputation result; not pooled
3,45,logistic,Sex x Race/Ethnicity,Male,Other Hispanic,120,15,105,exploratory candidate,0.6749718538392403,0.9,102,0.85,0.775324706432755,0.9029618770741527,-0.050000000000000044,False,1.5916666666666666,0.4083333333333333,0.09133023959542749,exploratory uncorrected; exact pre-specified cell,separate imputation result; not pooled
3,45,logistic,Sex x Race/Ethnicity,Male,Non-Hispanic White,366,42,324,primary-feasibility candidate,0.6749718538392403,0.9,321,0.8770491803278688,0.8394373989683193,0.9068283141295999,-0.022950819672131195,False,1.5327868852459017,0.4672131147540984,0.1390759169397753,exploratory uncorrected; exact pre-specified cell,separate imputation result; not pooled
3,45,logistic,Sex x Race/Ethnicity,Male,Non-Hispanic Black,267,31,236,exploratory candidate,0.6749718538392403,0.9,232,0.8689138576779026,0.8231486092211437,0.9042141839707969,-0.031086142322097388,False,1.4606741573033708,0.5393258426966292,0.1015620006223755,exploratory uncorrected; exact pre-specified cell,separate imputation result; not pooled
3,45,logistic,Sex x Race/Ethnicity,Male,Non-Hispanic Asian,111,9,102,exploratory candidate,0.6749718538392403,0.9,104,0.9369369369369369,0.8755233588904047,0.9691193424135679,0.03693693693693689,False,1.4144144144144144,0.5855855855855856,0.2654145132155967,exploratory uncorrected; exact pre-specified cell,separate imputation result; not pooled
3,45,logistic,Sex x Race/Ethnicity,Male,Other Race / Multi-Racial,59,8,51,limited precision,0.6749718538392403,0.9,58,0.9830508474576272,0.9100427403585771,0.9970017660816444,0.08305084745762714,True,1.5593220338983051,0.4406779661016949,0.027889961561811047,exploratory uncorrected; exact pre-specified cell,separate imputation result; not pooled
3,45,logistic,Sex x Race/Ethnicity,Female,Mexican American,125,14,111,exploratory candidate,0.6749718538392403,0.9,118,0.944,0.8889121558924442,0.9726117744945619,0.04399999999999993,False,1.392,0.608,0.13329318655282352,exploratory uncorrected; exact pre-specified cell,separate imputation result; not pooled
3,45,logistic,Sex x Race/Ethnicity,Female,Other Hispanic,122,11,111,exploratory candidate,0.6749718538392403,0.9,116,0.9508196721311475,0.8968479109468892,0.9772678298499025,0.050819672131147464,False,1.3360655737704918,0.6639344262295082,0.0684379750404541,exploratory uncorrected; exact pre-specified cell,separate imputation result; not pooled
3,45,logistic,Sex x Race/Ethnicity,Female,Non-Hispanic White,385,26,359,exploratory candidate,0.6749718538392403,0.9,352,0.9142857142857143,0.88206885268361,0.9383169183385587,0.014285714285714235,False,1.405194805194805,0.5948051948051948,0.3955010232095034,exploratory uncorrected; exact pre-specified cell,separate imputation result; not pooled
3,45,logistic,Sex x Race/Ethnicity,Female,Non-Hispanic Black,283,19,264,exploratory candidate,0.6749718538392403,0.9,260,0.9187279151943463,0.8810046809795087,0.9452357131894171,0.018727915194346245,False,1.4381625441696113,0.5618374558303887,0.3227493271444296,exploratory uncorrected; exact pre-specified cell,separate imputation result; not pooled
3,45,logistic,Sex x Race/Ethnicity,Female,Non-Hispanic Asian,130,5,125,limited precision,0.6749718538392403,0.9,126,0.9692307692307692,0.9235555115015023,0.9879707156852621,0.0692307692307692,True,1.2230769230769232,0.7769230769230769,0.00498824077922901,exploratory uncorrected; exact pre-specified cell,separate imputation result; not pooled
3,45,logistic,Sex x Race/Ethnicity,Female,Other Race / Multi-Racial,54,3,51,insufficient evidence,0.6749718538392403,0.9,50,0.9259259259259259,0.8244588416140005,0.9708184722344951,0.025925925925925908,False,1.462962962962963,0.5370370370370371,0.6545713662586631,exploratory uncorrected; exact pre-specified cell,separate imputation result; not pooled
3,45,logistic,Sex x Age,Male,18-39,379,24,355,exploratory candidate,0.6749718538392403,0.9,356,0.9393139841688655,0.910587038118598,0.9592247137898137,0.039313984168865446,True,1.3192612137203166,0.6807387862796834,0.009886088722828864,exploratory uncorrected; exact pre-specified cell,separate imputation result; not pooled
3,45,logistic,Sex x Age,Male,40-59,298,39,259,primary-feasibility candidate,0.6749718538392403,0.9,273,0.9161073825503355,0.8790917643856431,0.9425316168720055,0.016107382550335503,False,1.5906040268456376,0.40939597315436244,0.4389434900901187,exploratory uncorrected; exact pre-specified cell,separate imputation result; not pooled
3,45,logistic,Sex x Age,Male,60+,370,59,311,primary-feasibility candidate,0.6749718538392403,0.9,299,0.8081081081081081,0.7648988712440687,0.8449853313246887,-0.09189189189189195,True,1.6567567567567567,0.34324324324324323,1.2665898511259227e-07,exploratory uncorrected; exact pre-specified cell,separate imputation result; not pooled
3,45,logistic,Sex x Age,Female,18-39,361,9,352,exploratory candidate,0.6749718538392403,0.9,356,0.9861495844875346,0.9679919095714392,0.9940698065903287,0.08614958448753463,True,1.1634349030470914,0.8365650969529086,5.373250828092627e-11,exploratory uncorrected; exact pre-specified cell,separate imputation result; not pooled
3,45,logistic,Sex x Age,Female,40-59,367,27,340,exploratory candidate,0.6749718538392403,0.9,337,0.9182561307901907,0.8857043888131217,0.9421426404167947,0.018256130790190728,False,1.4114441416893733,0.5885558583106267,0.2955767087845227,exploratory uncorrected; exact pre-specified cell,separate imputation result; not pooled
3,45,logistic,Sex x Age,Female,60+,371,42,329,primary-feasibility candidate,0.6749718538392403,0.9,329,0.8867924528301887,0.850509045711929,0.9151479894061817,-0.013207547169811318,False,1.5768194070080863,0.42318059299191374,0.3866860016862411,exploratory uncorrected; exact pre-specified cell,separate imputation result; not pooled
3,45,logistic,Sex x BMI,Male,Underweight,12,1,11,insufficient evidence,0.6749718538392403,0.9,10,0.8333333333333334,0.5519691377470266,0.9530348578161463,-0.06666666666666665,False,1.0833333333333333,0.9166666666666666,0.3409977482109998,exploratory uncorrected; exact pre-specified cell,separate imputation result; not pooled
3,45,logistic,Sex x BMI,Male,Normal,278,18,260,exploratory candidate,0.6749718538392403,0.9,265,0.9532374100719424,0.9216487346040494,0.972470963237569,0.05323741007194238,True,1.2877697841726619,0.7122302158273381,0.001810002916571483,exploratory uncorrected; exact pre-specified cell,separate imputation result; not pooled
3,45,logistic,Sex x BMI,Male,Overweight,366,22,344,exploratory candidate,0.6749718538392403,0.9,352,0.9617486338797814,0.9368251373799295,0.9770799750370873,0.061748633879781356,True,1.6366120218579234,0.3633879781420765,1.6243117866676604e-05,exploratory uncorrected; exact pre-specified cell,separate imputation result; not pooled
3,45,logistic,Sex x BMI,Male,Obese,391,81,310,primary-feasibility candidate,0.6749718538392403,0.9,301,0.7698209718670077,0.7255922685216014,0.8087994355061654,-0.1301790281329923,True,1.578005115089514,0.4219948849104859,7.055644985038132e-14,exploratory uncorrected; exact pre-specified cell,separate imputation result; not pooled
3,45,logistic,Sex x BMI,Female,Underweight,16,0,16,insufficient evidence,0.6749718538392403,0.9,16,1.0,0.8063923194655637,1.0,0.09999999999999998,False,1.0625,0.9375,0.3960526791890295,exploratory uncorrected; exact pre-specified cell,separate imputation result; not pooled
3,45,logistic,Sex x BMI,Female,Normal,284,4,280,limited precision,0.6749718538392403,0.9,279,0.9823943661971831,0.9594558357354881,0.9924570718859382,0.0823943661971831,True,1.1338028169014085,0.8661971830985915,5.1723823360861037e-08,exploratory uncorrected; exact pre-specified cell,separate imputation result; not pooled
3,45,logistic,Sex x BMI,Female,Overweight,307,15,292,exploratory candidate,0.6749718538392403,0.9,302,0.9837133550488599,0.9624472305302499,0.9930237710754964,0.0837133550488599,True,1.3583061889250814,0.6416938110749185,9.202219683227461e-09,exploratory uncorrected; exact pre-specified cell,separate imputation result; not pooled
3,45,logistic,Sex x BMI,Female,Obese,492,59,433,primary-feasibility candidate,0.6749718538392403,0.9,425,0.8638211382113821,0.8306825549230245,0.8913224199160393,-0.036178861788617955,True,1.5589430894308942,0.4410569105691057,0.010382719273293595,exploratory uncorrected; exact pre-specified cell,separate imputation result; not pooled
3,45,random_forest,Sex x Race/Ethnicity,Male,Mexican American,124,17,107,exploratory candidate,0.5950226461397109,0.9,108,0.8709677419354839,0.800649662877178,0.9189916870313515,-0.029032258064516148,False,1.282258064516129,0.717741935483871,0.2924221771858031,exploratory uncorrected; exact pre-specified cell,separate imputation result; not pooled
3,45,random_forest,Sex x Race/Ethnicity,Male,Other Hispanic,120,15,105,exploratory candidate,0.5950226461397109,0.9,99,0.825,0.7472429012735073,0.8825946405543355,-0.07500000000000007,True,1.3583333333333334,0.6416666666666667,0.013559278545325903,exploratory uncorrected; exact pre-specified cell,separate imputation result; not pooled
3,45,random_forest,Sex x Race/Ethnicity,Male,Non-Hispanic White,366,42,324,primary-feasibility candidate,0.5950226461397109,0.9,328,0.8961748633879781,0.8607010720310561,0.9234186989776271,-0.0038251366120218844,False,1.289617486338798,0.7103825136612022,0.7936640119554408,exploratory uncorrected; exact pre-specified cell,separate imputation result; not pooled
3,45,random_forest,Sex x Race/Ethnicity,Male,Non-Hispanic Black,267,31,236,exploratory candidate,0.5950226461397109,0.9,225,0.8426966292134831,0.7942038497337076,0.8814681865816483,-0.05730337078651693,True,1.1910112359550562,0.8089887640449438,0.0030053651587265305,exploratory uncorrected; exact pre-specified cell,separate imputation result; not pooled
3,45,random_forest,Sex x Race/Ethnicity,Male,Non-Hispanic Asian,111,9,102,exploratory candidate,0.5950226461397109,0.9,99,0.8918918918918919,0.8204982036488334,0.9370679305103996,-0.008108108108108136,False,1.1531531531531531,0.8468468468468469,0.7510908758032926,exploratory uncorrected; exact pre-specified cell,separate imputation result; not pooled
3,45,random_forest,Sex x Race/Ethnicity,Male,Other Race / Multi-Racial,59,8,51,limited precision,0.5950226461397109,0.9,54,0.9152542372881356,0.8164820473258972,0.9632579669823632,0.015254237288135575,False,1.2372881355932204,0.7627118644067796,1.0,exploratory uncorrected; exact pre-specified cell,separate imputation result; not pooled
3,45,random_forest,Sex x Race/Ethnicity,Female,Mexican American,125,14,111,exploratory candidate,0.5950226461397109,0.9,113,0.904,0.8396803879985666,0.9442287738851058,0.0040000000000000036,False,1.16,0.84,1.0,exploratory uncorrected; exact pre-specified cell,separate imputation result; not pooled
3,45,random_forest,Sex x Race/Ethnicity,Female,Other Hispanic,122,11,111,exploratory candidate,0.5950226461397109,0.9,113,0.9262295081967213,0.865730505922926,0.960706194466768,0.02622950819672132,False,1.139344262295082,0.860655737704918,0.4486309944662549,exploratory uncorrected; exact pre-specified cell,separate imputation result; not pooled
3,45,random_forest,Sex x Race/Ethnicity,Female,Non-Hispanic White,385,26,359,exploratory candidate,0.5950226461397109,0.9,334,0.8675324675324675,0.8300119239846965,0.8977911267967259,-0.032467532467532534,True,1.174025974025974,0.825974025974026,0.04088615100650948,exploratory uncorrected; exact pre-specified cell,separate imputation result; not pooled
3,45,random_forest,Sex x Race/Ethnicity,Female,Non-Hispanic Black,283,19,264,exploratory candidate,0.5950226461397109,0.9,254,0.8975265017667845,0.8567053130341238,0.927700124468021,-0.002473498233215521,False,1.226148409893993,0.773851590106007,0.8431438083340654,exploratory uncorrected; exact pre-specified cell,separate imputation result; not pooled
3,45,random_forest,Sex x Race/Ethnicity,Female,Non-Hispanic Asian,130,5,125,limited precision,0.5950226461397109,0.9,125,0.9615384615384616,0.9131216006422269,0.9834615736398364,0.06153846153846154,True,1.0846153846153845,0.9153846153846154,0.018003616786358836,exploratory uncorrected; exact pre-specified cell,separate imputation result; not pooled
3,45,random_forest,Sex x Race/Ethnicity,Female,Other Race / Multi-Racial,54,3,51,insufficient evidence,0.5950226461397109,0.9,46,0.8518518518518519,0.7339988471639411,0.9229693686239466,-0.04814814814814816,False,1.1851851851851851,0.8148148148148148,0.25132798765050945,exploratory uncorrected; exact pre-specified cell,separate imputation result; not pooled
3,45,random_forest,Sex x Age,Male,18-39,379,24,355,exploratory candidate,0.5950226461397109,0.9,349,0.920844327176781,0.8892497357127508,0.9439933539532651,0.020844327176780975,False,1.1029023746701847,0.8970976253298153,0.1986421347385584,exploratory uncorrected; exact pre-specified cell,separate imputation result; not pooled
3,45,random_forest,Sex x Age,Male,40-59,298,39,259,primary-feasibility candidate,0.5950226461397109,0.9,266,0.8926174496644296,0.8523383418709786,0.9229030743156738,-0.007382550335570448,False,1.2583892617449663,0.7416107382550335,0.6298277274915263,exploratory uncorrected; exact pre-specified cell,separate imputation result; not pooled
3,45,random_forest,Sex x Age,Male,60+,370,59,311,primary-feasibility candidate,0.5950226461397109,0.9,298,0.8054054054054054,0.7620139262090226,0.8425204149336931,-0.09459459459459463,True,1.4054054054054055,0.5945945945945946,4.6530993218240205e-08,exploratory uncorrected; exact pre-specified cell,separate imputation result; not pooled
3,45,random_forest,Sex x Age,Female,18-39,361,9,352,exploratory candidate,0.5950226461397109,0.9,349,0.9667590027700831,0.9428045629386591,0.9808843212394486,0.06675900277008306,True,1.0692520775623269,0.9307479224376731,2.5405452657177764e-06,exploratory uncorrected; exact pre-specified cell,separate imputation result; not pooled
3,45,random_forest,Sex x Age,Female,40-59,367,27,340,exploratory candidate,0.5950226461397109,0.9,320,0.8719346049046321,0.8338538866933431,0.902309758191892,-0.028065395095367873,False,1.1880108991825613,0.8119891008174387,0.0811640078986081,exploratory uncorrected; exact pre-specified cell,separate imputation result; not pooled
3,45,random_forest,Sex x Age,Female,60+,371,42,329,primary-feasibility candidate,0.5950226461397109,0.9,316,0.8517520215633423,0.8119941359002893,0.8843002409841247,-0.048247978436657735,True,1.256064690026954,0.7439353099730458,0.00314814200412092,exploratory uncorrected; exact pre-specified cell,separate imputation result; not pooled
3,45,random_forest,Sex x BMI,Male,Underweight,12,1,11,insufficient evidence,0.5950226461397109,0.9,10,0.8333333333333334,0.5519691377470266,0.9530348578161463,-0.06666666666666665,False,1.0833333333333333,0.9166666666666666,0.3409977482109998,exploratory uncorrected; exact pre-specified cell,separate imputation result; not pooled
3,45,random_forest,Sex x BMI,Male,Normal,278,18,260,exploratory candidate,0.5950226461397109,0.9,262,0.9424460431654677,0.9085647045871158,0.9642664290201785,0.04244604316546763,True,1.129496402877698,0.8705035971223022,0.01605252693497245,exploratory uncorrected; exact pre-specified cell,separate imputation result; not pooled
3,45,random_forest,Sex x BMI,Male,Overweight,366,22,344,exploratory candidate,0.5950226461397109,0.9,347,0.9480874316939891,0.9203491872765308,0.9665173123470834,0.0480874316939891,True,1.2650273224043715,0.7349726775956285,0.0012053958235550795,exploratory uncorrected; exact pre-specified cell,separate imputation result; not pooled
3,45,random_forest,Sex x BMI,Male,Obese,391,81,310,primary-feasibility candidate,0.5950226461397109,0.9,294,0.7519181585677749,0.7067958007003102,0.7921386338658983,-0.14808184143222514,True,1.3375959079283888,0.6624040920716112,3.4485265867176677e-17,exploratory uncorrected; exact pre-specified cell,separate imputation result; not pooled
3,45,random_forest,Sex x BMI,Female,Underweight,16,0,16,insufficient evidence,0.5950226461397109,0.9,15,0.9375,0.7167126242970107,0.9888806552353576,0.03749999999999998,False,1.0625,0.9375,1.0,exploratory uncorrected; exact pre-specified cell,separate imputation result; not pooled
3,45,random_forest,Sex x BMI,Female,Normal,284,4,280,limited precision,0.5950226461397109,0.9,276,0.971830985915493,0.9454094842517824,0.9856586151735545,0.07183098591549297,True,1.0633802816901408,0.9366197183098591,6.256036900276878e-06,exploratory uncorrected; exact pre-specified cell,separate imputation result; not pooled
3,45,random_forest,Sex x BMI,Female,Overweight,307,15,292,exploratory candidate,0.5950226461397109,0.9,297,0.9674267100977199,0.941087892403805,0.982212368407135,0.06742671009771983,True,1.0684039087947883,0.9315960912052117,1.441166174049662e-05,exploratory uncorrected; exact pre-specified cell,separate imputation result; not pooled
3,45,random_forest,Sex x BMI,Female,Obese,492,59,433,primary-feasibility candidate,0.5950226461397109,0.9,397,0.806910569105691,0.7697084509637104,0.8393571982022039,-0.09308943089430899,True,1.3028455284552845,0.6971544715447154,6.121305593131222e-10,exploratory uncorrected; exact pre-specified cell,separate imputation result; not pooled
3,45,xgboost,Sex x Race/Ethnicity,Male,Mexican American,124,17,107,exploratory candidate,0.655364990234375,0.9,105,0.8467741935483871,0.7730507471592929,0.8996574712334628,-0.0532258064516129,True,1.3709677419354838,0.6290322580645161,0.06992761083298975,exploratory uncorrected; exact pre-specified cell,separate imputation result; not pooled
3,45,xgboost,Sex x Race/Ethnicity,Male,Other Hispanic,120,15,105,exploratory candidate,0.655364990234375,0.9,102,0.85,0.775324706432755,0.9029618770741527,-0.050000000000000044,False,1.4916666666666667,0.5083333333333333,0.09133023959542749,exploratory uncorrected; exact pre-specified cell,separate imputation result; not pooled
3,45,xgboost,Sex x Race/Ethnicity,Male,Non-Hispanic White,366,42,324,primary-feasibility candidate,0.655364990234375,0.9,328,0.8961748633879781,0.8607010720310561,0.9234186989776271,-0.0038251366120218844,False,1.3825136612021858,0.6174863387978142,0.7936640119554408,exploratory uncorrected; exact pre-specified cell,separate imputation result; not pooled
3,45,xgboost,Sex x Race/Ethnicity,Male,Non-Hispanic Black,267,31,236,exploratory candidate,0.655364990234375,0.9,228,0.8539325842696629,0.8065531600386978,0.8912720577951944,-0.046067415730337125,True,1.2846441947565543,0.7153558052434457,0.018292606672525684,exploratory uncorrected; exact pre-specified cell,separate imputation result; not pooled
3,45,xgboost,Sex x Race/Ethnicity,Male,Non-Hispanic Asian,111,9,102,exploratory candidate,0.655364990234375,0.9,104,0.9369369369369369,0.8755233588904047,0.9691193424135679,0.03693693693693689,False,1.3153153153153154,0.6846846846846847,0.2654145132155967,exploratory uncorrected; exact pre-specified cell,separate imputation result; not pooled
3,45,xgboost,Sex x Race/Ethnicity,Male,Other Race / Multi-Racial,59,8,51,limited precision,0.655364990234375,0.9,54,0.9152542372881356,0.8164820473258972,0.9632579669823632,0.015254237288135575,False,1.3389830508474576,0.6610169491525424,1.0,exploratory uncorrected; exact pre-specified cell,separate imputation result; not pooled
3,45,xgboost,Sex x Race/Ethnicity,Female,Mexican American,125,14,111,exploratory candidate,0.655364990234375,0.9,116,0.928,0.8688171613175633,0.9616608616681095,0.028000000000000025,False,1.28,0.72,0.3704692600632006,exploratory uncorrected; exact pre-specified cell,separate imputation result; not pooled
3,45,xgboost,Sex x Race/Ethnicity,Female,Other Hispanic,122,11,111,exploratory candidate,0.655364990234375,0.9,114,0.9344262295081968,0.875928582630944,0.9664011312277827,0.03442622950819674,False,1.2131147540983607,0.7868852459016393,0.288065820691371,exploratory uncorrected; exact pre-specified cell,separate imputation result; not pooled
3,45,xgboost,Sex x Race/Ethnicity,Female,Non-Hispanic White,385,26,359,exploratory candidate,0.655364990234375,0.9,343,0.8909090909090909,0.855820958588939,0.9182734523128565,-0.00909090909090915,False,1.2727272727272727,0.7272727272727273,0.5516474633315769,exploratory uncorrected; exact pre-specified cell,separate imputation result; not pooled
3,45,xgboost,Sex x Race/Ethnicity,Female,Non-Hispanic Black,283,19,264,exploratory candidate,0.655364990234375,0.9,258,0.911660777385159,0.8728468633123021,0.9394485453010302,0.011660777385159027,False,1.3180212014134276,0.6819787985865724,0.619691469797364,exploratory uncorrected; exact pre-specified cell,separate imputation result; not pooled
3,45,xgboost,Sex x Race/Ethnicity,Female,Non-Hispanic Asian,130,5,125,limited precision,0.655364990234375,0.9,126,0.9692307692307692,0.9235555115015023,0.9879707156852621,0.0692307692307692,True,1.1692307692307693,0.8307692307692308,0.00498824077922901,exploratory uncorrected; exact pre-specified cell,separate imputation result; not pooled
3,45,xgboost,Sex x Race/Ethnicity,Female,Other Race / Multi-Racial,54,3,51,insufficient evidence,0.655364990234375,0.9,45,0.8333333333333334,0.7126348577027084,0.9097560835700274,-0.06666666666666665,False,1.2777777777777777,0.7222222222222222,0.10985973626428709,exploratory uncorrected; exact pre-specified cell,separate imputation result; not pooled
3,45,xgboost,Sex x Age,Male,18-39,379,24,355,exploratory candidate,0.655364990234375,0.9,348,0.9182058047493403,0.8862388836602229,0.9417801113997366,0.018205804749340304,False,1.1451187335092348,0.8548812664907651,0.2655970917098338,exploratory uncorrected; exact pre-specified cell,separate imputation result; not pooled
3,45,xgboost,Sex x Age,Male,40-59,298,39,259,primary-feasibility candidate,0.655364990234375,0.9,272,0.912751677852349,0.8752325892328824,0.9397647970146238,0.012751677852348986,False,1.412751677852349,0.587248322147651,0.5616729353989762,exploratory uncorrected; exact pre-specified cell,separate imputation result; not pooled
3,45,xgboost,Sex x Age,Male,60+,370,59,311,primary-feasibility candidate,0.655364990234375,0.9,301,0.8135135135135135,0.7706777263312243,0.8499061990896166,-0.08648648648648649,True,1.5351351351351352,0.4648648648648649,5.380433094219426e-07,exploratory uncorrected; exact pre-specified cell,separate imputation result; not pooled
3,45,xgboost,Sex x Age,Female,18-39,361,9,352,exploratory candidate,0.655364990234375,0.9,352,0.9750692520775623,0.9533048797295692,0.9868295038701073,0.07506925207756232,True,1.1024930747922437,0.8975069252077562,5.308831916136193e-08,exploratory uncorrected; exact pre-specified cell,separate imputation result; not pooled
3,45,xgboost,Sex x Age,Female,40-59,367,27,340,exploratory candidate,0.655364990234375,0.9,328,0.8937329700272479,0.8580244665603557,0.9212843003694352,-0.006267029972752081,False,1.2833787465940054,0.7166212534059946,0.6635986040279134,exploratory uncorrected; exact pre-specified cell,separate imputation result; not pooled
3,45,xgboost,Sex x Age,Female,60+,371,42,329,primary-feasibility candidate,0.655364990234375,0.9,322,0.8679245283018868,0.8296722677535676,0.8986356437002451,-0.0320754716981132,True,1.4097035040431267,0.5902964959568733,0.046012447892788896,exploratory uncorrected; exact pre-specified cell,separate imputation result; not pooled
3,45,xgboost,Sex x BMI,Male,Underweight,12,1,11,insufficient evidence,0.655364990234375,0.9,10,0.8333333333333334,0.5519691377470266,0.9530348578161463,-0.06666666666666665,False,1.25,0.75,0.3409977482109998,exploratory uncorrected; exact pre-specified cell,separate imputation result; not pooled
3,45,xgboost,Sex x BMI,Male,Normal,278,18,260,exploratory candidate,0.655364990234375,0.9,264,0.9496402877697842,0.9172555573329131,0.9697679524305973,0.04964028776978413,True,1.2050359712230216,0.7949640287769785,0.003635551963160161,exploratory uncorrected; exact pre-specified cell,separate imputation result; not pooled
3,45,xgboost,Sex x BMI,Male,Overweight,366,22,344,exploratory candidate,0.655364990234375,0.9,354,0.9672131147540983,0.943573731967819,0.981146825566559,0.0672131147540983,True,1.4098360655737705,0.5901639344262295,1.8926157500302243e-06,exploratory uncorrected; exact pre-specified cell,separate imputation result; not pooled
3,45,xgboost,Sex x BMI,Male,Obese,391,81,310,primary-feasibility candidate,0.655364990234375,0.9,293,0.7493606138107417,0.7041186517542258,0.789750458603189,-0.15063938618925832,True,1.4245524296675192,0.5754475703324808,1.2279189883073789e-17,exploratory uncorrected; exact pre-specified cell,separate imputation result; not pooled
3,45,xgboost,Sex x BMI,Female,Underweight,16,0,16,insufficient evidence,0.655364990234375,0.9,15,0.9375,0.7167126242970107,0.9888806552353576,0.03749999999999998,False,1.0625,0.9375,1.0,exploratory uncorrected; exact pre-specified cell,separate imputation result; not pooled
3,45,xgboost,Sex x BMI,Female,Normal,284,4,280,limited precision,0.655364990234375,0.9,278,0.9788732394366197,0.9546823334445061,0.9902823047782238,0.07887323943661972,True,1.1232394366197183,0.8767605633802817,2.8697845127251785e-07,exploratory uncorrected; exact pre-specified cell,separate imputation result; not pooled
3,45,xgboost,Sex x BMI,Female,Overweight,307,15,292,exploratory candidate,0.655364990234375,0.9,298,0.9706840390879479,0.9452328275145654,0.984501581455336,0.07068403908794785,True,1.1628664495114007,0.8371335504885994,3.6663600441470996e-06,exploratory uncorrected; exact pre-specified cell,separate imputation result; not pooled
3,45,xgboost,Sex x BMI,Female,Obese,492,59,433,primary-feasibility candidate,0.655364990234375,0.9,411,0.8353658536585366,0.8000225478265459,0.865512764175943,-0.06463414634146347,True,1.420731707317073,0.5792682926829268,8.204422823993167e-06,exploratory uncorrected; exact pre-specified cell,separate imputation result; not pooled
3,45,lightgbm,Sex x Race/Ethnicity,Male,Mexican American,124,17,107,exploratory candidate,0.6528322683168373,0.9,106,0.8548387096774194,0.7821891669914196,0.9061634285732607,-0.04516129032258065,False,1.3951612903225807,0.6048387096774194,0.09889703725588558,exploratory uncorrected; exact pre-specified cell,separate imputation result; not pooled
3,45,lightgbm,Sex x Race/Ethnicity,Male,Other Hispanic,120,15,105,exploratory candidate,0.6528322683168373,0.9,102,0.85,0.775324706432755,0.9029618770741527,-0.050000000000000044,False,1.5,0.5,0.09133023959542749,exploratory uncorrected; exact pre-specified cell,separate imputation result; not pooled
3,45,lightgbm,Sex x Race/Ethnicity,Male,Non-Hispanic White,366,42,324,primary-feasibility candidate,0.6528322683168373,0.9,328,0.8961748633879781,0.8607010720310561,0.9234186989776271,-0.0038251366120218844,False,1.407103825136612,0.592896174863388,0.7936640119554408,exploratory uncorrected; exact pre-specified cell,separate imputation result; not pooled
3,45,lightgbm,Sex x Race/Ethnicity,Male,Non-Hispanic Black,267,31,236,exploratory candidate,0.6528322683168373,0.9,229,0.8576779026217228,0.8106875385186731,0.894522073154731,-0.04232209737827719,True,1.2958801498127341,0.704119850187266,0.024739056470482957,exploratory uncorrected; exact pre-specified cell,separate imputation result; not pooled
3,45,lightgbm,Sex x Race/Ethnicity,Male,Non-Hispanic Asian,111,9,102,exploratory candidate,0.6528322683168373,0.9,103,0.9279279279279279,0.8641974721405519,0.9630299157344726,0.027927927927927865,False,1.3333333333333333,0.6666666666666666,0.4275058857763807,exploratory uncorrected; exact pre-specified cell,separate imputation result; not pooled
3,45,lightgbm,Sex x Race/Ethnicity,Male,Other Race / Multi-Racial,59,8,51,limited precision,0.6528322683168373,0.9,54,0.9152542372881356,0.8164820473258972,0.9632579669823632,0.015254237288135575,False,1.3389830508474576,0.6610169491525424,1.0,exploratory uncorrected; exact pre-specified cell,separate imputation result; not pooled
3,45,lightgbm,Sex x Race/Ethnicity,Female,Mexican American,125,14,111,exploratory candidate,0.6528322683168373,0.9,116,0.928,0.8688171613175633,0.9616608616681095,0.028000000000000025,False,1.272,0.728,0.3704692600632006,exploratory uncorrected; exact pre-specified cell,separate imputation result; not pooled
3,45,lightgbm,Sex x Race/Ethnicity,Female,Other Hispanic,122,11,111,exploratory candidate,0.6528322683168373,0.9,114,0.9344262295081968,0.875928582630944,0.9664011312277827,0.03442622950819674,False,1.2295081967213115,0.7704918032786885,0.288065820691371,exploratory uncorrected; exact pre-specified cell,separate imputation result; not pooled
3,45,lightgbm,Sex x Race/Ethnicity,Female,Non-Hispanic White,385,26,359,exploratory candidate,0.6528322683168373,0.9,346,0.8987012987012987,0.8645152186641786,0.9250096456110747,-0.0012987012987013546,False,1.283116883116883,0.7168831168831169,0.9322282914138089,exploratory uncorrected; exact pre-specified cell,separate imputation result; not pooled
3,45,lightgbm,Sex x Race/Ethnicity,Female,Non-Hispanic Black,283,19,264,exploratory candidate,0.6528322683168373,0.9,257,0.9081272084805654,0.8687908084524013,0.936532107383134,0.008127208480565362,False,1.3392226148409894,0.6607773851590106,0.7659153095864244,exploratory uncorrected; exact pre-specified cell,separate imputation result; not pooled
3,45,lightgbm,Sex x Race/Ethnicity,Female,Non-Hispanic Asian,130,5,125,limited precision,0.6528322683168373,0.9,126,0.9692307692307692,0.9235555115015023,0.9879707156852621,0.0692307692307692,True,1.1692307692307693,0.8307692307692308,0.00498824077922901,exploratory uncorrected; exact pre-specified cell,separate imputation result; not pooled
3,45,lightgbm,Sex x Race/Ethnicity,Female,Other Race / Multi-Racial,54,3,51,insufficient evidence,0.6528322683168373,0.9,49,0.9074074074074074,0.8009011740903732,0.9597988652429706,0.007407407407407418,False,1.3888888888888888,0.6111111111111112,1.0,exploratory uncorrected; exact pre-specified cell,separate imputation result; not pooled
3,45,lightgbm,Sex x Age,Male,18-39,379,24,355,exploratory candidate,0.6528322683168373,0.9,348,0.9182058047493403,0.8862388836602229,0.9417801113997366,0.018205804749340304,False,1.16622691292876,0.8337730870712401,0.2655970917098338,exploratory uncorrected; exact pre-specified cell,separate imputation result; not pooled
3,45,lightgbm,Sex x Age,Male,40-59,298,39,259,primary-feasibility candidate,0.6528322683168373,0.9,271,0.9093959731543624,0.8713868203014867,0.9369845709358771,0.009395973154362358,False,1.419463087248322,0.5805369127516778,0.6988781770121157,exploratory uncorrected; exact pre-specified cell,separate imputation result; not pooled
3,45,lightgbm,Sex x Age,Male,60+,370,59,311,primary-feasibility candidate,0.6528322683168373,0.9,303,0.8189189189189189,0.7764688631739924,0.8548147850989318,-0.08108108108108114,True,1.5567567567567568,0.44324324324324327,2.140664840594727e-06,exploratory uncorrected; exact pre-specified cell,separate imputation result; not pooled
3,45,lightgbm,Sex x Age,Female,18-39,361,9,352,exploratory candidate,0.6528322683168373,0.9,350,0.9695290858725761,0.9462688018481193,0.9829019154705112,0.06952908587257611,True,1.10803324099723,0.8919667590027701,6.697150819988764e-07,exploratory uncorrected; exact pre-specified cell,separate imputation result; not pooled
3,45,lightgbm,Sex x Age,Female,40-59,367,27,340,exploratory candidate,0.6528322683168373,0.9,332,0.9046321525885559,0.8702537745585458,0.9306275533935232,0.004632152588555871,False,1.2888283378746594,0.7111716621253406,0.8617561171573028,exploratory uncorrected; exact pre-specified cell,separate imputation result; not pooled
3,45,lightgbm,Sex x Age,Female,60+,371,42,329,primary-feasibility candidate,0.6528322683168373,0.9,326,0.8787061994609164,0.8415484932858226,0.9081017745475888,-0.021293800539083585,False,1.4447439353099731,0.555256064690027,0.16654946574082458,exploratory uncorrected; exact pre-specified cell,separate imputation result; not pooled
3,45,lightgbm,Sex x BMI,Male,Underweight,12,1,11,insufficient evidence,0.6528322683168373,0.9,10,0.8333333333333334,0.5519691377470266,0.9530348578161463,-0.06666666666666665,False,1.1666666666666667,0.8333333333333334,0.3409977482109998,exploratory uncorrected; exact pre-specified cell,separate imputation result; not pooled
3,45,lightgbm,Sex x BMI,Male,Normal,278,18,260,exploratory candidate,0.6528322683168373,0.9,265,0.9532374100719424,0.9216487346040494,0.972470963237569,0.05323741007194238,True,1.2302158273381294,0.7697841726618705,0.001810002916571483,exploratory uncorrected; exact pre-specified cell,separate imputation result; not pooled
3,45,lightgbm,Sex x BMI,Male,Overweight,366,22,344,exploratory candidate,0.6528322683168373,0.9,355,0.9699453551912568,0.9469916522073034,0.9831366278857552,0.06994535519125678,True,1.4262295081967213,0.5737704918032787,4.902490074265973e-07,exploratory uncorrected; exact pre-specified cell,separate imputation result; not pooled
3,45,lightgbm,Sex x BMI,Male,Obese,391,81,310,primary-feasibility candidate,0.6528322683168373,0.9,292,0.7468030690537084,0.7014434557165113,0.7873603304321094,-0.1531969309462916,True,1.4398976982097187,0.5601023017902813,4.877164555039699e-18,exploratory uncorrected; exact pre-specified cell,separate imputation result; not pooled
3,45,lightgbm,Sex x BMI,Female,Underweight,16,0,16,insufficient evidence,0.6528322683168373,0.9,15,0.9375,0.7167126242970107,0.9888806552353576,0.03749999999999998,False,1.0625,0.9375,1.0,exploratory uncorrected; exact pre-specified cell,separate imputation result; not pooled
3,45,lightgbm,Sex x BMI,Female,Normal,284,4,280,limited precision,0.6528322683168373,0.9,280,0.9859154929577465,0.9643516366072407,0.9945095404128823,0.08591549295774648,True,1.147887323943662,0.852112676056338,8.099758753083034e-09,exploratory uncorrected; exact pre-specified cell,separate imputation result; not pooled
3,45,lightgbm,Sex x BMI,Female,Overweight,307,15,292,exploratory candidate,0.6528322683168373,0.9,299,0.9739413680781759,0.9494307834406374,0.9867377736882251,0.07394136807817586,True,1.1628664495114007,0.8371335504885994,8.608127559158541e-07,exploratory uncorrected; exact pre-specified cell,separate imputation result; not pooled
3,45,lightgbm,Sex x BMI,Female,Obese,492,59,433,primary-feasibility candidate,0.6528322683168373,0.9,414,0.8414634146341463,0.8065609400712915,0.8710750139676063,-0.05853658536585371,True,1.4410569105691058,0.5589430894308943,6.040612549177621e-05,exploratory uncorrected; exact pre-specified cell,separate imputation result; not pooled
3,45,mlp,Sex x Race/Ethnicity,Male,Mexican American,124,17,107,exploratory candidate,0.40567343019323765,0.9,107,0.8629032258064516,0.7913874142881933,0.9126095584484116,-0.0370967741935484,False,0.9435483870967742,0.9435483870967742,0.1761018725537009,exploratory uncorrected; exact pre-specified cell,separate imputation result; not pooled
3,45,mlp,Sex x Race/Ethnicity,Male,Other Hispanic,120,15,105,exploratory candidate,0.40567343019323765,0.9,103,0.8583333333333333,0.7848050551014282,0.9096312089651676,-0.04166666666666674,False,0.975,0.975,0.1281042825775741,exploratory uncorrected; exact pre-specified cell,separate imputation result; not pooled
3,45,mlp,Sex x Race/Ethnicity,Male,Non-Hispanic White,366,42,324,primary-feasibility candidate,0.40567343019323765,0.9,317,0.8661202185792349,0.8274050970073367,0.89722972585586,-0.03387978142076509,True,0.9562841530054644,0.9562841530054644,0.03610042718930108,exploratory uncorrected; exact pre-specified cell,separate imputation result; not pooled
3,45,mlp,Sex x Race/Ethnicity,Male,Non-Hispanic Black,267,31,236,exploratory candidate,0.40567343019323765,0.9,234,0.8764044943820225,0.8315076660302457,0.910623914840719,-0.02359550561797752,False,0.9737827715355806,0.9737827715355806,0.21959546169798766,exploratory uncorrected; exact pre-specified cell,separate imputation result; not pooled
3,45,mlp,Sex x Race/Ethnicity,Male,Non-Hispanic Asian,111,9,102,exploratory candidate,0.40567343019323765,0.9,101,0.9099099099099099,0.8420685326403188,0.9503282283768102,0.00990990990990992,False,1.0,1.0,0.8743008922806624,exploratory uncorrected; exact pre-specified cell,separate imputation result; not pooled
3,45,mlp,Sex x Race/Ethnicity,Male,Other Race / Multi-Racial,59,8,51,limited precision,0.40567343019323765,0.9,53,0.8983050847457628,0.795361863737675,0.9525520275375955,-0.0016949152542372614,False,0.9830508474576272,0.9830508474576272,1.0,exploratory uncorrected; exact pre-specified cell,separate imputation result; not pooled
3,45,mlp,Sex x Race/Ethnicity,Female,Mexican American,125,14,111,exploratory candidate,0.40567343019323765,0.9,109,0.872,0.8021643758872008,0.9196529711938044,-0.028000000000000025,False,0.968,0.968,0.2952123904943995,exploratory uncorrected; exact pre-specified cell,separate imputation result; not pooled
3,45,mlp,Sex x Race/Ethnicity,Female,Other Hispanic,122,11,111,exploratory candidate,0.40567343019323765,0.9,109,0.8934426229508197,0.826201642634992,0.9366630038785716,-0.006557377049180357,False,0.9672131147540983,0.9672131147540983,0.7628180618355798,exploratory uncorrected; exact pre-specified cell,separate imputation result; not pooled
3,45,mlp,Sex x Race/Ethnicity,Female,Non-Hispanic White,385,26,359,exploratory candidate,0.40567343019323765,0.9,350,0.9090909090909091,0.8761911256812084,0.9339076764253217,0.009090909090909038,False,0.9688311688311688,0.9688311688311688,0.610476409570445,exploratory uncorrected; exact pre-specified cell,separate imputation result; not pooled
3,45,mlp,Sex x Race/Ethnicity,Female,Non-Hispanic Black,283,19,264,exploratory candidate,0.40567343019323765,0.9,251,0.8869257950530035,0.8447312638373344,0.9187566953314198,-0.013074204946996515,False,0.9399293286219081,0.9399293286219081,0.42911366116281857,exploratory uncorrected; exact pre-specified cell,separate imputation result; not pooled
3,45,mlp,Sex x Race/Ethnicity,Female,Non-Hispanic Asian,130,5,125,limited precision,0.40567343019323765,0.9,125,0.9615384615384616,0.9131216006422269,0.9834615736398364,0.06153846153846154,True,1.0,1.0,0.018003616786358836,exploratory uncorrected; exact pre-specified cell,separate imputation result; not pooled
3,45,mlp,Sex x Race/Ethnicity,Female,Other Race / Multi-Racial,54,3,51,insufficient evidence,0.40567343019323765,0.9,50,0.9259259259259259,0.8244588416140005,0.9708184722344951,0.025925925925925908,False,0.9814814814814815,0.9814814814814815,0.6545713662586631,exploratory uncorrected; exact pre-specified cell,separate imputation result; not pooled
3,45,mlp,Sex x Age,Male,18-39,379,24,355,exploratory candidate,0.40567343019323765,0.9,354,0.9340369393139841,0.9044392377905054,0.9549243249057932,0.034036939313984105,True,0.9841688654353562,0.9841688654353562,0.025707519915146637,exploratory uncorrected; exact pre-specified cell,separate imputation result; not pooled
3,45,mlp,Sex x Age,Male,40-59,298,39,259,primary-feasibility candidate,0.40567343019323765,0.9,257,0.8624161073825504,0.8186711324485049,0.8969363286468665,-0.037583892617449655,True,0.9563758389261745,0.9563758389261745,0.04173215818135745,exploratory uncorrected; exact pre-specified cell,separate imputation result; not pooled
3,45,mlp,Sex x Age,Male,60+,370,59,311,primary-feasibility candidate,0.40567343019323765,0.9,304,0.8216216216216217,0.7793691672547055,0.8572643424442606,-0.07837837837837835,True,0.9594594594594594,0.9594594594594594,5.0937597380097135e-06,exploratory uncorrected; exact pre-specified cell,separate imputation result; not pooled
3,45,mlp,Sex x Age,Female,18-39,361,9,352,exploratory candidate,0.40567343019323765,0.9,347,0.961218836565097,0.9359645985269133,0.9767606193701487,0.06121883656509697,True,0.9806094182825484,0.9806094182825484,2.1531106040113482e-05,exploratory uncorrected; exact pre-specified cell,separate imputation result; not pooled
3,45,mlp,Sex x Age,Female,40-59,367,27,340,exploratory candidate,0.40567343019323765,0.9,329,0.896457765667575,0.8610719008266696,0.9236300063586909,-0.003542234332425065,False,0.9591280653950953,0.9591280653950953,0.7940965829013145,exploratory uncorrected; exact pre-specified cell,separate imputation result; not pooled
3,45,mlp,Sex x Age,Female,60+,371,42,329,primary-feasibility candidate,0.40567343019323765,0.9,318,0.8571428571428571,0.8178698498425505,0.889095705231663,-0.04285714285714293,True,0.9568733153638814,0.9568733153638814,0.009109320943067867,exploratory uncorrected; exact pre-specified cell,separate imputation result; not pooled
3,45,mlp,Sex x BMI,Male,Underweight,12,1,11,insufficient evidence,0.40567343019323765,0.9,9,0.75,0.46769466506643426,0.9110583316059453,-0.15000000000000002,False,0.8333333333333334,0.8333333333333334,0.11086997774499993,exploratory uncorrected; exact pre-specified cell,separate imputation result; not pooled
3,45,mlp,Sex x BMI,Male,Normal,278,18,260,exploratory candidate,0.40567343019323765,0.9,259,0.9316546762589928,0.8957298949449332,0.9558126744280367,0.031654676258992764,False,0.9928057553956835,0.9928057553956835,0.088347534302846,exploratory uncorrected; exact pre-specified cell,separate imputation result; not pooled
3,45,mlp,Sex x BMI,Male,Overweight,366,22,344,exploratory candidate,0.40567343019323765,0.9,346,0.9453551912568307,0.9171080902154171,0.9643506868495165,0.04535519125683063,True,0.994535519125683,0.994535519125683,0.0028903230454770663,exploratory uncorrected; exact pre-specified cell,separate imputation result; not pooled
3,45,mlp,Sex x BMI,Male,Obese,391,81,310,primary-feasibility candidate,0.40567343019323765,0.9,301,0.7698209718670077,0.7255922685216014,0.8087994355061654,-0.1301790281329923,True,0.928388746803069,0.928388746803069,7.055644985038132e-14,exploratory uncorrected; exact pre-specified cell,separate imputation result; not pooled
3,45,mlp,Sex x BMI,Female,Underweight,16,0,16,insufficient evidence,0.40567343019323765,0.9,16,1.0,0.8063923194655637,1.0,0.09999999999999998,False,1.0,1.0,0.3960526791890295,exploratory uncorrected; exact pre-specified cell,separate imputation result; not pooled
3,45,mlp,Sex x BMI,Female,Normal,284,4,280,limited precision,0.40567343019323765,0.9,280,0.9859154929577465,0.9643516366072407,0.9945095404128823,0.08591549295774648,True,1.0,1.0,8.099758753083034e-09,exploratory uncorrected; exact pre-specified cell,separate imputation result; not pooled
3,45,mlp,Sex x BMI,Female,Overweight,307,15,292,exploratory candidate,0.40567343019323765,0.9,294,0.9576547231270358,0.9289090356436982,0.9750887806903581,0.05765472312703579,True,0.996742671009772,0.996742671009772,0.00027370739209670763,exploratory uncorrected; exact pre-specified cell,separate imputation result; not pooled
3,45,mlp,Sex x BMI,Female,Obese,492,59,433,primary-feasibility candidate,0.40567343019323765,0.9,404,0.8211382113821138,0.7848264961477092,0.8524739844364926,-0.07886178861788617,True,0.9247967479674797,0.9247967479674797,1.0198506144872933e-07,exploratory uncorrected; exact pre-specified cell,separate imputation result; not pooled
4,46,logistic,Sex x Race/Ethnicity,Male,Mexican American,124,17,107,exploratory candidate,0.6716336267597436,0.9,110,0.8870967741935484,0.8193861015044891,0.9315440027478895,-0.012903225806451646,False,1.5725806451612903,0.4274193548387097,0.6520039326944845,exploratory uncorrected; exact pre-specified cell,separate imputation result; not pooled
4,46,logistic,Sex x Race/Ethnicity,Male,Other Hispanic,120,15,105,exploratory candidate,0.6716336267597436,0.9,101,0.8416666666666667,0.7659066765413198,0.8962302264058994,-0.05833333333333335,True,1.6,0.4,0.045753684012080485,exploratory uncorrected; exact pre-specified cell,separate imputation result; not pooled
4,46,logistic,Sex x Race/Ethnicity,Male,Non-Hispanic White,366,42,324,primary-feasibility candidate,0.6716336267597436,0.9,320,0.8743169398907104,0.8364218560087366,0.9044361345305019,-0.025683060109289668,False,1.5327868852459017,0.4672131147540984,0.11589033504117519,exploratory uncorrected; exact pre-specified cell,separate imputation result; not pooled
4,46,logistic,Sex x Race/Ethnicity,Male,Non-Hispanic Black,267,31,236,exploratory candidate,0.6716336267597436,0.9,232,0.8689138576779026,0.8231486092211437,0.9042141839707969,-0.031086142322097388,False,1.4794007490636705,0.5205992509363296,0.1015620006223755,exploratory uncorrected; exact pre-specified cell,separate imputation result; not pooled
4,46,logistic,Sex x Race/Ethnicity,Male,Non-Hispanic Asian,111,9,102,exploratory candidate,0.6716336267597436,0.9,104,0.9369369369369369,0.8755233588904047,0.9691193424135679,0.03693693693693689,False,1.4414414414414414,0.5585585585585585,0.2654145132155967,exploratory uncorrected; exact pre-specified cell,separate imputation result; not pooled
4,46,logistic,Sex x Race/Ethnicity,Male,Other Race / Multi-Racial,59,8,51,limited precision,0.6716336267597436,0.9,56,0.9491525423728814,0.8608349778472311,0.9825572825270099,0.04915254237288136,False,1.5254237288135593,0.4745762711864407,0.2776526392578593,exploratory uncorrected; exact pre-specified cell,separate imputation result; not pooled
4,46,logistic,Sex x Race/Ethnicity,Female,Mexican American,125,14,111,exploratory candidate,0.6716336267597436,0.9,118,0.944,0.8889121558924442,0.9726117744945619,0.04399999999999993,False,1.4,0.6,0.13329318655282352,exploratory uncorrected; exact pre-specified cell,separate imputation result; not pooled
4,46,logistic,Sex x Race/Ethnicity,Female,Other Hispanic,122,11,111,exploratory candidate,0.6716336267597436,0.9,117,0.9590163934426229,0.9076394737210987,0.9823692805447255,0.05901639344262288,True,1.3360655737704918,0.6639344262295082,0.032670108080478155,exploratory uncorrected; exact pre-specified cell,separate imputation result; not pooled
4,46,logistic,Sex x Race/Ethnicity,Female,Non-Hispanic White,385,26,359,exploratory candidate,0.6716336267597436,0.9,354,0.9194805194805195,0.8879759157934672,0.9426968241443399,0.01948051948051943,False,1.405194805194805,0.5948051948051948,0.23373971900928173,exploratory uncorrected; exact pre-specified cell,separate imputation result; not pooled
4,46,logistic,Sex x Race/Ethnicity,Female,Non-Hispanic Black,283,19,264,exploratory candidate,0.6716336267597436,0.9,261,0.9222614840989399,0.8851081637946704,0.9481047231520522,0.02226148409893991,False,1.4381625441696113,0.5618374558303887,0.23478878515747686,exploratory uncorrected; exact pre-specified cell,separate imputation result; not pooled
4,46,logistic,Sex x Race/Ethnicity,Female,Non-Hispanic Asian,130,5,125,limited precision,0.6716336267597436,0.9,127,0.9769230769230769,0.9343481004651153,0.99212117962635,0.07692307692307687,True,1.2230769230769232,0.7769230769230769,0.0011506821723915148,exploratory uncorrected; exact pre-specified cell,separate imputation result; not pooled
4,46,logistic,Sex x Race/Ethnicity,Female,Other Race / Multi-Racial,54,3,51,insufficient evidence,0.6716336267597436,0.9,50,0.9259259259259259,0.8244588416140005,0.9708184722344951,0.025925925925925908,False,1.4444444444444444,0.5555555555555556,0.6545713662586631,exploratory uncorrected; exact pre-specified cell,separate imputation result; not pooled
4,46,logistic,Sex x Age,Male,18-39,379,24,355,exploratory candidate,0.6716336267597436,0.9,355,0.9366754617414248,0.9075074393670485,0.9570802179353067,0.036675461741424775,True,1.3192612137203166,0.6807387862796834,0.016157703041409018,exploratory uncorrected; exact pre-specified cell,separate imputation result; not pooled
4,46,logistic,Sex x Age,Male,40-59,298,39,259,primary-feasibility candidate,0.6716336267597436,0.9,273,0.9161073825503355,0.8790917643856431,0.9425316168720055,0.016107382550335503,False,1.604026845637584,0.3959731543624161,0.4389434900901187,exploratory uncorrected; exact pre-specified cell,separate imputation result; not pooled
4,46,logistic,Sex x Age,Male,60+,370,59,311,primary-feasibility candidate,0.6716336267597436,0.9,295,0.7972972972972973,0.7533764702347032,0.8351082866298871,-0.10270270270270276,True,1.662162162162162,0.33783783783783783,3.4251969271807587e-09,exploratory uncorrected; exact pre-specified cell,separate imputation result; not pooled
4,46,logistic,Sex x Age,Female,18-39,361,9,352,exploratory candidate,0.6716336267597436,0.9,357,0.9889196675900277,0.9718606776761723,0.9956828716261185,0.08891966759002767,True,1.1578947368421053,0.8421052631578947,7.216264811365611e-12,exploratory uncorrected; exact pre-specified cell,separate imputation result; not pooled
4,46,logistic,Sex x Age,Female,40-59,367,27,340,exploratory candidate,0.6716336267597436,0.9,339,0.9237057220708447,0.891943642626515,0.9466896671145404,0.023705722070844648,False,1.4087193460490464,0.5912806539509536,0.13916598165970623,exploratory uncorrected; exact pre-specified cell,separate imputation result; not pooled
4,46,logistic,Sex x Age,Female,60+,371,42,329,primary-feasibility candidate,0.6716336267597436,0.9,331,0.8921832884097035,0.8565104555481939,0.9198177577597162,-0.00781671159029651,False,1.5849056603773586,0.41509433962264153,0.6033923190647923,exploratory uncorrected; exact pre-specified cell,separate imputation result; not pooled
4,46,logistic,Sex x BMI,Male,Underweight,12,1,11,insufficient evidence,0.6716336267597436,0.9,10,0.8333333333333334,0.5519691377470266,0.9530348578161463,-0.06666666666666665,False,1.0833333333333333,0.9166666666666666,0.3409977482109998,exploratory uncorrected; exact pre-specified cell,separate imputation result; not pooled
4,46,logistic,Sex x BMI,Male,Normal,278,18,260,exploratory candidate,0.6716336267597436,0.9,267,0.960431654676259,0.9305476776386766,0.9777643963591581,0.060431654676258995,True,1.316546762589928,0.6834532374100719,0.00028290162569328067,exploratory uncorrected; exact pre-specified cell,separate imputation result; not pooled
4,46,logistic,Sex x BMI,Male,Overweight,366,22,344,exploratory candidate,0.6716336267597436,0.9,348,0.9508196721311475,0.9236064944668712,0.9686677277154232,0.050819672131147464,True,1.633879781420765,0.366120218579235,0.0006256839950865864,exploratory uncorrected; exact pre-specified cell,separate imputation result; not pooled
4,46,logistic,Sex x BMI,Male,Obese,391,81,310,primary-feasibility candidate,0.6716336267597436,0.9,298,0.7621483375959079,0.7175243320403754,0.8016713993610095,-0.13785166240409208,True,1.5754475703324808,0.42455242966751916,3.677021715714841e-15,exploratory uncorrected; exact pre-specified cell,separate imputation result; not pooled
4,46,logistic,Sex x BMI,Female,Underweight,16,0,16,insufficient evidence,0.6716336267597436,0.9,16,1.0,0.8063923194655637,1.0,0.09999999999999998,False,1.0625,0.9375,0.3960526791890295,exploratory uncorrected; exact pre-specified cell,separate imputation result; not pooled
4,46,logistic,Sex x BMI,Female,Normal,284,4,280,limited precision,0.6716336267597436,0.9,279,0.9823943661971831,0.9594558357354881,0.9924570718859382,0.0823943661971831,True,1.1338028169014085,0.8661971830985915,5.1723823360861037e-08,exploratory uncorrected; exact pre-specified cell,separate imputation result; not pooled
4,46,logistic,Sex x BMI,Female,Overweight,307,15,292,exploratory candidate,0.6716336267597436,0.9,302,0.9837133550488599,0.9624472305302499,0.9930237710754964,0.0837133550488599,True,1.3583061889250814,0.6416938110749185,9.202219683227461e-09,exploratory uncorrected; exact pre-specified cell,separate imputation result; not pooled
4,46,logistic,Sex x BMI,Female,Obese,492,59,433,primary-feasibility candidate,0.6716336267597436,0.9,430,0.8739837398373984,0.8417323345315427,0.9004403770348693,-0.026016260162601612,False,1.5589430894308942,0.4410569105691057,0.05992473649497141,exploratory uncorrected; exact pre-specified cell,separate imputation result; not pooled
4,46,random_forest,Sex x Race/Ethnicity,Male,Mexican American,124,17,107,exploratory candidate,0.5909762858998076,0.9,106,0.8548387096774194,0.7821891669914196,0.9061634285732607,-0.04516129032258065,False,1.2903225806451613,0.7096774193548387,0.09889703725588558,exploratory uncorrected; exact pre-specified cell,separate imputation result; not pooled
4,46,random_forest,Sex x Race/Ethnicity,Male,Other Hispanic,120,15,105,exploratory candidate,0.5909762858998076,0.9,102,0.85,0.775324706432755,0.9029618770741527,-0.050000000000000044,False,1.3916666666666666,0.6083333333333333,0.09133023959542749,exploratory uncorrected; exact pre-specified cell,separate imputation result; not pooled
4,46,random_forest,Sex x Race/Ethnicity,Male,Non-Hispanic White,366,42,324,primary-feasibility candidate,0.5909762858998076,0.9,335,0.9153005464480874,0.882284185680889,0.9396896432385582,0.015300546448087426,False,1.3087431693989071,0.6912568306010929,0.3831027089783395,exploratory uncorrected; exact pre-specified cell,separate imputation result; not pooled
4,46,random_forest,Sex x Race/Ethnicity,Male,Non-Hispanic Black,267,31,236,exploratory candidate,0.5909762858998076,0.9,228,0.8539325842696629,0.8065531600386978,0.8912720577951944,-0.046067415730337125,True,1.2247191011235956,0.7752808988764045,0.018292606672525684,exploratory uncorrected; exact pre-specified cell,separate imputation result; not pooled
4,46,random_forest,Sex x Race/Ethnicity,Male,Non-Hispanic Asian,111,9,102,exploratory candidate,0.5909762858998076,0.9,103,0.9279279279279279,0.8641974721405519,0.9630299157344726,0.027927927927927865,False,1.1981981981981982,0.8018018018018018,0.4275058857763807,exploratory uncorrected; exact pre-specified cell,separate imputation result; not pooled
4,46,random_forest,Sex x Race/Ethnicity,Male,Other Race / Multi-Racial,59,8,51,limited precision,0.5909762858998076,0.9,55,0.9322033898305084,0.838244756312555,0.9733213810286956,0.03220338983050841,False,1.2372881355932204,0.7627118644067796,0.5190141251728827,exploratory uncorrected; exact pre-specified cell,separate imputation result; not pooled
4,46,random_forest,Sex x Race/Ethnicity,Female,Mexican American,125,14,111,exploratory candidate,0.5909762858998076,0.9,114,0.912,0.8492803613696875,0.9501517542146516,0.01200000000000001,False,1.192,0.808,0.7661984721644589,exploratory uncorrected; exact pre-specified cell,separate imputation result; not pooled
4,46,random_forest,Sex x Race/Ethnicity,Female,Other Hispanic,122,11,111,exploratory candidate,0.5909762858998076,0.9,111,0.9098360655737705,0.8457432172942352,0.9489074561573936,0.00983606557377048,False,1.1557377049180328,0.8442622950819673,0.8797844970947457,exploratory uncorrected; exact pre-specified cell,separate imputation result; not pooled
4,46,random_forest,Sex x Race/Ethnicity,Female,Non-Hispanic White,385,26,359,exploratory candidate,0.5909762858998076,0.9,345,0.8961038961038961,0.8616114906058125,0.9227698892116214,-0.003896103896103953,False,1.1714285714285715,0.8285714285714286,0.7986256791390591,exploratory uncorrected; exact pre-specified cell,separate imputation result; not pooled
4,46,random_forest,Sex x Race/Ethnicity,Female,Non-Hispanic Black,283,19,264,exploratory candidate,0.5909762858998076,0.9,253,0.8939929328621908,0.8527022963572755,0.9247306483670725,-0.0060070671378091856,False,1.2014134275618376,0.7985865724381626,0.6923434649155156,exploratory uncorrected; exact pre-specified cell,separate imputation result; not pooled
4,46,random_forest,Sex x Race/Ethnicity,Female,Non-Hispanic Asian,130,5,125,limited precision,0.5909762858998076,0.9,125,0.9615384615384616,0.9131216006422269,0.9834615736398364,0.06153846153846154,True,1.0923076923076922,0.9076923076923077,0.018003616786358836,exploratory uncorrected; exact pre-specified cell,separate imputation result; not pooled
4,46,random_forest,Sex x Race/Ethnicity,Female,Other Race / Multi-Racial,54,3,51,insufficient evidence,0.5909762858998076,0.9,47,0.8703703703703703,0.7557826977763024,0.9357627925267374,-0.029629629629629672,False,1.2222222222222223,0.7777777777777778,0.4915827099496437,exploratory uncorrected; exact pre-specified cell,separate imputation result; not pooled
4,46,random_forest,Sex x Age,Male,18-39,379,24,355,exploratory candidate,0.5909762858998076,0.9,349,0.920844327176781,0.8892497357127508,0.9439933539532651,0.020844327176780975,False,1.0976253298153034,0.9023746701846965,0.1986421347385584,exploratory uncorrected; exact pre-specified cell,separate imputation result; not pooled
4,46,random_forest,Sex x Age,Male,40-59,298,39,259,primary-feasibility candidate,0.5909762858998076,0.9,266,0.8926174496644296,0.8523383418709786,0.9229030743156738,-0.007382550335570448,False,1.261744966442953,0.738255033557047,0.6298277274915263,exploratory uncorrected; exact pre-specified cell,separate imputation result; not pooled
4,46,random_forest,Sex x Age,Male,60+,370,59,311,primary-feasibility candidate,0.5909762858998076,0.9,314,0.8486486486486486,0.8085601724272922,0.8815719515320912,-0.05135135135135138,True,1.4783783783783784,0.5216216216216216,0.0017433017051148151,exploratory uncorrected; exact pre-specified cell,separate imputation result; not pooled
4,46,random_forest,Sex x Age,Female,18-39,361,9,352,exploratory candidate,0.5909762858998076,0.9,351,0.9722991689750693,0.9497673566207638,0.9848851938383898,0.07229916897506927,True,1.07202216066482,0.9279778393351801,2.3694020538347697e-07,exploratory uncorrected; exact pre-specified cell,separate imputation result; not pooled
4,46,random_forest,Sex x Age,Female,40-59,367,27,340,exploratory candidate,0.5909762858998076,0.9,325,0.885558583106267,0.8489187575200478,0.9142105886430348,-0.014441416893733017,False,1.1852861035422344,0.8147138964577657,0.33897783335315423,exploratory uncorrected; exact pre-specified cell,separate imputation result; not pooled
4,46,random_forest,Sex x Age,Female,60+,371,42,329,primary-feasibility candidate,0.5909762858998076,0.9,319,0.8598382749326146,0.8208139304075159,0.8914872137615975,-0.04016172506738547,True,1.2587601078167117,0.7412398921832885,0.014957652621674377,exploratory uncorrected; exact pre-specified cell,separate imputation result; not pooled
4,46,random_forest,Sex x BMI,Male,Underweight,12,1,11,insufficient evidence,0.5909762858998076,0.9,10,0.8333333333333334,0.5519691377470266,0.9530348578161463,-0.06666666666666665,False,1.0833333333333333,0.9166666666666666,0.3409977482109998,exploratory uncorrected; exact pre-specified cell,separate imputation result; not pooled
4,46,random_forest,Sex x BMI,Male,Normal,278,18,260,exploratory candidate,0.5909762858998076,0.9,266,0.9568345323741008,0.9260780909803076,0.975137794939419,0.056834532374100744,True,1.1510791366906474,0.8489208633093526,0.0008704864698121249,exploratory uncorrected; exact pre-specified cell,separate imputation result; not pooled
4,46,random_forest,Sex x BMI,Male,Overweight,366,22,344,exploratory candidate,0.5909762858998076,0.9,352,0.9617486338797814,0.9368251373799295,0.9770799750370873,0.061748633879781356,True,1.2923497267759563,0.7076502732240437,1.6243117866676604e-05,exploratory uncorrected; exact pre-specified cell,separate imputation result; not pooled
4,46,random_forest,Sex x BMI,Male,Obese,391,81,310,primary-feasibility candidate,0.5909762858998076,0.9,301,0.7698209718670077,0.7255922685216014,0.8087994355061654,-0.1301790281329923,True,1.3631713554987213,0.6368286445012787,7.055644985038132e-14,exploratory uncorrected; exact pre-specified cell,separate imputation result; not pooled
4,46,random_forest,Sex x BMI,Female,Underweight,16,0,16,insufficient evidence,0.5909762858998076,0.9,15,0.9375,0.7167126242970107,0.9888806552353576,0.03749999999999998,False,1.0,1.0,1.0,exploratory uncorrected; exact pre-specified cell,separate imputation result; not pooled
4,46,random_forest,Sex x BMI,Female,Normal,284,4,280,limited precision,0.5909762858998076,0.9,278,0.9788732394366197,0.9546823334445061,0.9902823047782238,0.07887323943661972,True,1.0774647887323943,0.9225352112676056,2.8697845127251785e-07,exploratory uncorrected; exact pre-specified cell,separate imputation result; not pooled
4,46,random_forest,Sex x BMI,Female,Overweight,307,15,292,exploratory candidate,0.5909762858998076,0.9,296,0.9641693811074918,0.936989094513881,0.9798770181380978,0.06416938110749182,True,1.0684039087947883,0.9315960912052117,3.636954133746894e-05,exploratory uncorrected; exact pre-specified cell,separate imputation result; not pooled
4,46,random_forest,Sex x BMI,Female,Obese,492,59,433,primary-feasibility candidate,0.5909762858998076,0.9,406,0.8252032520325203,0.789159946272994,0.8562076290021469,-0.0747967479674797,True,1.298780487804878,0.7012195121951219,3.668093211327219e-07,exploratory uncorrected; exact pre-specified cell,separate imputation result; not pooled
4,46,xgboost,Sex x Race/Ethnicity,Male,Mexican American,124,17,107,exploratory candidate,0.6452430486679077,0.9,104,0.8387096774193549,0.7639684956453251,0.8930953455755063,-0.06129032258064515,True,1.4193548387096775,0.5806451612903226,0.03416733876268805,exploratory uncorrected; exact pre-specified cell,separate imputation result; not pooled
4,46,xgboost,Sex x Race/Ethnicity,Male,Other Hispanic,120,15,105,exploratory candidate,0.6452430486679077,0.9,101,0.8416666666666667,0.7659066765413198,0.8962302264058994,-0.05833333333333335,True,1.4666666666666666,0.5333333333333333,0.045753684012080485,exploratory uncorrected; exact pre-specified cell,separate imputation result; not pooled
4,46,xgboost,Sex x Race/Ethnicity,Male,Non-Hispanic White,366,42,324,primary-feasibility candidate,0.6452430486679077,0.9,327,0.8934426229508197,0.8576455983704632,0.9210664500795394,-0.006557377049180357,False,1.3852459016393444,0.6147540983606558,0.6629045687284194,exploratory uncorrected; exact pre-specified cell,separate imputation result; not pooled
4,46,xgboost,Sex x Race/Ethnicity,Male,Non-Hispanic Black,267,31,236,exploratory candidate,0.6452430486679077,0.9,228,0.8539325842696629,0.8065531600386978,0.8912720577951944,-0.046067415730337125,True,1.2883895131086143,0.7116104868913857,0.018292606672525684,exploratory uncorrected; exact pre-specified cell,separate imputation result; not pooled
4,46,xgboost,Sex x Race/Ethnicity,Male,Non-Hispanic Asian,111,9,102,exploratory candidate,0.6452430486679077,0.9,104,0.9369369369369369,0.8755233588904047,0.9691193424135679,0.03693693693693689,False,1.3333333333333333,0.6666666666666666,0.2654145132155967,exploratory uncorrected; exact pre-specified cell,separate imputation result; not pooled
4,46,xgboost,Sex x Race/Ethnicity,Male,Other Race / Multi-Racial,59,8,51,limited precision,0.6452430486679077,0.9,54,0.9152542372881356,0.8164820473258972,0.9632579669823632,0.015254237288135575,False,1.3728813559322033,0.6271186440677966,1.0,exploratory uncorrected; exact pre-specified cell,separate imputation result; not pooled
4,46,xgboost,Sex x Race/Ethnicity,Female,Mexican American,125,14,111,exploratory candidate,0.6452430486679077,0.9,115,0.92,0.8589881016125887,0.9559669676724172,0.020000000000000018,False,1.272,0.728,0.5514196976742952,exploratory uncorrected; exact pre-specified cell,separate imputation result; not pooled
4,46,xgboost,Sex x Race/Ethnicity,Female,Other Hispanic,122,11,111,exploratory candidate,0.6452430486679077,0.9,113,0.9262295081967213,0.865730505922926,0.960706194466768,0.02622950819672132,False,1.2049180327868851,0.7950819672131147,0.4486309944662549,exploratory uncorrected; exact pre-specified cell,separate imputation result; not pooled
4,46,xgboost,Sex x Race/Ethnicity,Female,Non-Hispanic White,385,26,359,exploratory candidate,0.6452430486679077,0.9,347,0.9012987012987013,0.86742483749486,0.9272435112382124,0.0012987012987012436,False,1.2571428571428571,0.7428571428571429,1.0,exploratory uncorrected; exact pre-specified cell,separate imputation result; not pooled
4,46,xgboost,Sex x Race/Ethnicity,Female,Non-Hispanic Black,283,19,264,exploratory candidate,0.6452430486679077,0.9,257,0.9081272084805654,0.8687908084524013,0.936532107383134,0.008127208480565362,False,1.2968197879858658,0.7031802120141343,0.7659153095864244,exploratory uncorrected; exact pre-specified cell,separate imputation result; not pooled
4,46,xgboost,Sex x Race/Ethnicity,Female,Non-Hispanic Asian,130,5,125,limited precision,0.6452430486679077,0.9,126,0.9692307692307692,0.9235555115015023,0.9879707156852621,0.0692307692307692,True,1.176923076923077,0.823076923076923,0.00498824077922901,exploratory uncorrected; exact pre-specified cell,separate imputation result; not pooled
4,46,xgboost,Sex x Race/Ethnicity,Female,Other Race / Multi-Racial,54,3,51,insufficient evidence,0.6452430486679077,0.9,46,0.8518518518518519,0.7339988471639411,0.9229693686239466,-0.04814814814814816,False,1.2592592592592593,0.7407407407407407,0.25132798765050945,exploratory uncorrected; exact pre-specified cell,separate imputation result; not pooled
4,46,xgboost,Sex x Age,Male,18-39,379,24,355,exploratory candidate,0.6452430486679077,0.9,348,0.9182058047493403,0.8862388836602229,0.9417801113997366,0.018205804749340304,False,1.1609498680738786,0.8390501319261213,0.2655970917098338,exploratory uncorrected; exact pre-specified cell,separate imputation result; not pooled
4,46,xgboost,Sex x Age,Male,40-59,298,39,259,primary-feasibility candidate,0.6452430486679077,0.9,269,0.9026845637583892,0.8637329831697405,0.9313864180473388,0.0026845637583892135,False,1.3825503355704698,0.6174496644295302,1.0,exploratory uncorrected; exact pre-specified cell,separate imputation result; not pooled
4,46,xgboost,Sex x Age,Male,60+,370,59,311,primary-feasibility candidate,0.6452430486679077,0.9,301,0.8135135135135135,0.7706777263312243,0.8499061990896166,-0.08648648648648649,True,1.5675675675675675,0.43243243243243246,5.380433094219426e-07,exploratory uncorrected; exact pre-specified cell,separate imputation result; not pooled
4,46,xgboost,Sex x Age,Female,18-39,361,9,352,exploratory candidate,0.6452430486679077,0.9,354,0.9806094182825484,0.9605219023211607,0.9905761475595615,0.08060941828254842,True,1.110803324099723,0.889196675900277,2.074282900985126e-09,exploratory uncorrected; exact pre-specified cell,separate imputation result; not pooled
4,46,xgboost,Sex x Age,Female,40-59,367,27,340,exploratory candidate,0.6452430486679077,0.9,332,0.9046321525885559,0.8702537745585458,0.9306275533935232,0.004632152588555871,False,1.2724795640326976,0.7275204359673024,0.8617561171573028,exploratory uncorrected; exact pre-specified cell,separate imputation result; not pooled
4,46,xgboost,Sex x Age,Female,60+,371,42,329,primary-feasibility candidate,0.6452430486679077,0.9,318,0.8571428571428571,0.8178698498425505,0.889095705231663,-0.04285714285714293,True,1.3746630727762803,0.6253369272237197,0.009109320943067867,exploratory uncorrected; exact pre-specified cell,separate imputation result; not pooled
4,46,xgboost,Sex x BMI,Male,Underweight,12,1,11,insufficient evidence,0.6452430486679077,0.9,10,0.8333333333333334,0.5519691377470266,0.9530348578161463,-0.06666666666666665,False,1.3333333333333333,0.6666666666666666,0.3409977482109998,exploratory uncorrected; exact pre-specified cell,separate imputation result; not pooled
4,46,xgboost,Sex x BMI,Male,Normal,278,18,260,exploratory candidate,0.6452430486679077,0.9,268,0.9640287769784173,0.9350624060275071,0.9803458560484356,0.06402877697841725,True,1.2302158273381294,0.7697841726618705,0.00012094050078248173,exploratory uncorrected; exact pre-specified cell,separate imputation result; not pooled
4,46,xgboost,Sex x BMI,Male,Overweight,366,22,344,exploratory candidate,0.6452430486679077,0.9,352,0.9617486338797814,0.9368251373799295,0.9770799750370873,0.061748633879781356,True,1.407103825136612,0.592896174863388,1.6243117866676604e-05,exploratory uncorrected; exact pre-specified cell,separate imputation result; not pooled
4,46,xgboost,Sex x BMI,Male,Obese,391,81,310,primary-feasibility candidate,0.6452430486679077,0.9,288,0.7365728900255755,0.690761820736452,0.7777806685769929,-0.16342710997442456,True,1.4296675191815857,0.5703324808184144,3.587566611657892e-20,exploratory uncorrected; exact pre-specified cell,separate imputation result; not pooled
4,46,xgboost,Sex x BMI,Female,Underweight,16,0,16,insufficient evidence,0.6452430486679077,0.9,15,0.9375,0.7167126242970107,0.9888806552353576,0.03749999999999998,False,1.0,1.0,1.0,exploratory uncorrected; exact pre-specified cell,separate imputation result; not pooled
4,46,xgboost,Sex x BMI,Female,Normal,284,4,280,limited precision,0.6452430486679077,0.9,280,0.9859154929577465,0.9643516366072407,0.9945095404128823,0.08591549295774648,True,1.1373239436619718,0.8626760563380281,8.099758753083034e-09,exploratory uncorrected; exact pre-specified cell,separate imputation result; not pooled
4,46,xgboost,Sex x BMI,Female,Overweight,307,15,292,exploratory candidate,0.6452430486679077,0.9,299,0.9739413680781759,0.9494307834406374,0.9867377736882251,0.07394136807817586,True,1.1433224755700326,0.8566775244299675,8.608127559158541e-07,exploratory uncorrected; exact pre-specified cell,separate imputation result; not pooled
4,46,xgboost,Sex x BMI,Female,Obese,492,59,433,primary-feasibility candidate,0.6452430486679077,0.9,410,0.8333333333333334,0.7978466226467884,0.8636551420102312,-0.06666666666666665,True,1.3983739837398375,0.6016260162601627,5.389318344478538e-06,exploratory uncorrected; exact pre-specified cell,separate imputation result; not pooled
4,46,lightgbm,Sex x Race/Ethnicity,Male,Mexican American,124,17,107,exploratory candidate,0.6432330625574039,0.9,103,0.8306451612903226,0.754939184073531,0.8864802799753758,-0.0693548387096774,True,1.4274193548387097,0.5725806451612904,0.015613541361837131,exploratory uncorrected; exact pre-specified cell,separate imputation result; not pooled
4,46,lightgbm,Sex x Race/Ethnicity,Male,Other Hispanic,120,15,105,exploratory candidate,0.6432330625574039,0.9,106,0.8833333333333333,0.8136664838239611,0.9292188219216995,-0.01666666666666672,False,1.525,0.475,0.541248182421898,exploratory uncorrected; exact pre-specified cell,separate imputation result; not pooled
4,46,lightgbm,Sex x Race/Ethnicity,Male,Non-Hispanic White,366,42,324,primary-feasibility candidate,0.6432330625574039,0.9,333,0.9098360655737705,0.8760801485919096,0.9350782352101763,0.00983606557377048,False,1.4426229508196722,0.5573770491803278,0.6010106866685287,exploratory uncorrected; exact pre-specified cell,separate imputation result; not pooled
4,46,lightgbm,Sex x Race/Ethnicity,Male,Non-Hispanic Black,267,31,236,exploratory candidate,0.6432330625574039,0.9,230,0.8614232209737828,0.8148313613171193,0.897762644195797,-0.038576779026217256,True,1.3183520599250935,0.6816479400749064,0.0409217215178279,exploratory uncorrected; exact pre-specified cell,separate imputation result; not pooled
4,46,lightgbm,Sex x Race/Ethnicity,Male,Non-Hispanic Asian,111,9,102,exploratory candidate,0.6432330625574039,0.9,105,0.9459459459459459,0.8870643289929536,0.9749936857399668,0.04594594594594592,False,1.3513513513513513,0.6486486486486487,0.11449869239923763,exploratory uncorrected; exact pre-specified cell,separate imputation result; not pooled
4,46,lightgbm,Sex x Race/Ethnicity,Male,Other Race / Multi-Racial,59,8,51,limited precision,0.6432330625574039,0.9,55,0.9322033898305084,0.838244756312555,0.9733213810286956,0.03220338983050841,False,1.3898305084745763,0.6101694915254238,0.5190141251728827,exploratory uncorrected; exact pre-specified cell,separate imputation result; not pooled
4,46,lightgbm,Sex x Race/Ethnicity,Female,Mexican American,125,14,111,exploratory candidate,0.6432330625574039,0.9,116,0.928,0.8688171613175633,0.9616608616681095,0.028000000000000025,False,1.28,0.72,0.3704692600632006,exploratory uncorrected; exact pre-specified cell,separate imputation result; not pooled
4,46,lightgbm,Sex x Race/Ethnicity,Female,Other Hispanic,122,11,111,exploratory candidate,0.6432330625574039,0.9,113,0.9262295081967213,0.865730505922926,0.960706194466768,0.02622950819672132,False,1.2622950819672132,0.7377049180327869,0.4486309944662549,exploratory uncorrected; exact pre-specified cell,separate imputation result; not pooled
4,46,lightgbm,Sex x Race/Ethnicity,Female,Non-Hispanic White,385,26,359,exploratory candidate,0.6432330625574039,0.9,342,0.8883116883116883,0.8529338074464455,0.9160171189975307,-0.011688311688311748,False,1.2753246753246754,0.7246753246753247,0.4440619445272201,exploratory uncorrected; exact pre-specified cell,separate imputation result; not pooled
4,46,lightgbm,Sex x Race/Ethnicity,Female,Non-Hispanic Black,283,19,264,exploratory candidate,0.6432330625574039,0.9,251,0.8869257950530035,0.8447312638373344,0.9187566953314198,-0.013074204946996515,False,1.3180212014134276,0.6819787985865724,0.42911366116281857,exploratory uncorrected; exact pre-specified cell,separate imputation result; not pooled
4,46,lightgbm,Sex x Race/Ethnicity,Female,Non-Hispanic Asian,130,5,125,limited precision,0.6432330625574039,0.9,126,0.9692307692307692,0.9235555115015023,0.9879707156852621,0.0692307692307692,True,1.1923076923076923,0.8076923076923077,0.00498824077922901,exploratory uncorrected; exact pre-specified cell,separate imputation result; not pooled
4,46,lightgbm,Sex x Race/Ethnicity,Female,Other Race / Multi-Racial,54,3,51,insufficient evidence,0.6432330625574039,0.9,44,0.8148148148148148,0.6916405221784752,0.8961731445791086,-0.08518518518518525,True,1.3148148148148149,0.6851851851851852,0.06344498232959447,exploratory uncorrected; exact pre-specified cell,separate imputation result; not pooled
4,46,lightgbm,Sex x Age,Male,18-39,379,24,355,exploratory candidate,0.6432330625574039,0.9,348,0.9182058047493403,0.8862388836602229,0.9417801113997366,0.018205804749340304,False,1.1715039577836412,0.8284960422163589,0.2655970917098338,exploratory uncorrected; exact pre-specified cell,separate imputation result; not pooled
4,46,lightgbm,Sex x Age,Male,40-59,298,39,259,primary-feasibility candidate,0.6432330625574039,0.9,271,0.9093959731543624,0.8713868203014867,0.9369845709358771,0.009395973154362358,False,1.429530201342282,0.5704697986577181,0.6988781770121157,exploratory uncorrected; exact pre-specified cell,separate imputation result; not pooled
4,46,lightgbm,Sex x Age,Male,60+,370,59,311,primary-feasibility candidate,0.6432330625574039,0.9,313,0.845945945945946,0.8056246788121637,0.879157583721178,-0.05405405405405406,True,1.627027027027027,0.372972972972973,0.0012488370621698307,exploratory uncorrected; exact pre-specified cell,separate imputation result; not pooled
4,46,lightgbm,Sex x Age,Female,18-39,361,9,352,exploratory candidate,0.6432330625574039,0.9,346,0.9584487534626038,0.9325831583130036,0.9746602264435352,0.05844875346260381,True,1.0914127423822715,0.9085872576177285,6.752022715380627e-05,exploratory uncorrected; exact pre-specified cell,separate imputation result; not pooled
4,46,lightgbm,Sex x Age,Female,40-59,367,27,340,exploratory candidate,0.6432330625574039,0.9,326,0.888283378746594,0.8519480883982783,0.9165743980203737,-0.011716621253406001,False,1.2888283378746594,0.7111716621253406,0.4338608059857504,exploratory uncorrected; exact pre-specified cell,separate imputation result; not pooled
4,46,lightgbm,Sex x Age,Female,60+,371,42,329,primary-feasibility candidate,0.6432330625574039,0.9,320,0.862533692722372,0.8237622903430801,0.8938744429209331,-0.03746630727762801,True,1.4474393530997305,0.5525606469002695,0.019320431664938995,exploratory uncorrected; exact pre-specified cell,separate imputation result; not pooled
4,46,lightgbm,Sex x BMI,Male,Underweight,12,1,11,insufficient evidence,0.6432330625574039,0.9,10,0.8333333333333334,0.5519691377470266,0.9530348578161463,-0.06666666666666665,False,1.3333333333333333,0.6666666666666666,0.3409977482109998,exploratory uncorrected; exact pre-specified cell,separate imputation result; not pooled
4,46,lightgbm,Sex x BMI,Male,Normal,278,18,260,exploratory candidate,0.6432330625574039,0.9,267,0.960431654676259,0.9305476776386766,0.9777643963591581,0.060431654676258995,True,1.2446043165467626,0.7553956834532374,0.00028290162569328067,exploratory uncorrected; exact pre-specified cell,separate imputation result; not pooled
4,46,lightgbm,Sex x BMI,Male,Overweight,366,22,344,exploratory candidate,0.6432330625574039,0.9,351,0.9590163934426229,0.9334888270873153,0.9750085627710209,0.05901639344262288,True,1.4398907103825136,0.5601092896174863,5.183959768554421e-05,exploratory uncorrected; exact pre-specified cell,separate imputation result; not pooled
4,46,lightgbm,Sex x BMI,Male,Obese,391,81,310,primary-feasibility candidate,0.6432330625574039,0.9,304,0.7774936061381074,0.7336793672030559,0.8159083094510926,-0.12250639386189266,True,1.4910485933503836,0.5089514066496164,1.1891666376542126e-12,exploratory uncorrected; exact pre-specified cell,separate imputation result; not pooled
4,46,lightgbm,Sex x BMI,Female,Underweight,16,0,16,insufficient evidence,0.6432330625574039,0.9,15,0.9375,0.7167126242970107,0.9888806552353576,0.03749999999999998,False,1.0,1.0,1.0,exploratory uncorrected; exact pre-specified cell,separate imputation result; not pooled
4,46,lightgbm,Sex x BMI,Female,Normal,284,4,280,limited precision,0.6432330625574039,0.9,281,0.9894366197183099,0.9694083284830466,0.9964011179357728,0.08943661971830985,True,1.1725352112676057,0.8274647887323944,1.0808108715816852e-09,exploratory uncorrected; exact pre-specified cell,separate imputation result; not pooled
4,46,lightgbm,Sex x BMI,Female,Overweight,307,15,292,exploratory candidate,0.6432330625574039,0.9,299,0.9739413680781759,0.9494307834406374,0.9867377736882251,0.07394136807817586,True,1.1693811074918568,0.8306188925081434,8.608127559158541e-07,exploratory uncorrected; exact pre-specified cell,separate imputation result; not pooled
4,46,lightgbm,Sex x BMI,Female,Obese,492,59,433,primary-feasibility candidate,0.6432330625574039,0.9,397,0.806910569105691,0.7697084509637104,0.8393571982022039,-0.09308943089430899,True,1.4146341463414633,0.5853658536585366,6.121305593131222e-10,exploratory uncorrected; exact pre-specified cell,separate imputation result; not pooled
4,46,mlp,Sex x Race/Ethnicity,Male,Mexican American,124,17,107,exploratory candidate,0.4085444175115198,0.9,108,0.8709677419354839,0.800649662877178,0.9189916870313515,-0.029032258064516148,False,0.9516129032258065,0.9516129032258065,0.2924221771858031,exploratory uncorrected; exact pre-specified cell,separate imputation result; not pooled
4,46,mlp,Sex x Race/Ethnicity,Male,Other Hispanic,120,15,105,exploratory candidate,0.4085444175115198,0.9,102,0.85,0.775324706432755,0.9029618770741527,-0.050000000000000044,False,0.9666666666666667,0.9666666666666667,0.09133023959542749,exploratory uncorrected; exact pre-specified cell,separate imputation result; not pooled
4,46,mlp,Sex x Race/Ethnicity,Male,Non-Hispanic White,366,42,324,primary-feasibility candidate,0.4085444175115198,0.9,318,0.8688524590163934,0.8304058362821725,0.8996367091397048,-0.031147540983606614,True,0.9617486338797814,0.9617486338797814,0.05463228885983945,exploratory uncorrected; exact pre-specified cell,separate imputation result; not pooled
4,46,mlp,Sex x Race/Ethnicity,Male,Non-Hispanic Black,267,31,236,exploratory candidate,0.4085444175115198,0.9,228,0.8539325842696629,0.8065531600386978,0.8912720577951944,-0.046067415730337125,True,0.9625468164794008,0.9625468164794008,0.018292606672525684,exploratory uncorrected; exact pre-specified cell,separate imputation result; not pooled
4,46,mlp,Sex x Race/Ethnicity,Male,Non-Hispanic Asian,111,9,102,exploratory candidate,0.4085444175115198,0.9,101,0.9099099099099099,0.8420685326403188,0.9503282283768102,0.00990990990990992,False,0.9819819819819819,0.9819819819819819,0.8743008922806624,exploratory uncorrected; exact pre-specified cell,separate imputation result; not pooled
4,46,mlp,Sex x Race/Ethnicity,Male,Other Race / Multi-Racial,59,8,51,limited precision,0.4085444175115198,0.9,52,0.8813559322033898,0.7747635960001831,0.9413241722420971,-0.01864406779661021,False,0.9661016949152542,0.9661016949152542,0.6614289372725322,exploratory uncorrected; exact pre-specified cell,separate imputation result; not pooled
4,46,mlp,Sex x Race/Ethnicity,Female,Mexican American,125,14,111,exploratory candidate,0.4085444175115198,0.9,110,0.88,0.8114261894188212,0.9259141113628507,-0.020000000000000018,False,0.984,0.984,0.4544219546745073,exploratory uncorrected; exact pre-specified cell,separate imputation result; not pooled
4,46,mlp,Sex x Race/Ethnicity,Female,Other Hispanic,122,11,111,exploratory candidate,0.4085444175115198,0.9,110,0.9016393442622951,0.8359226807162072,0.942834979266389,0.0016393442622950616,False,0.9918032786885246,0.9918032786885246,1.0,exploratory uncorrected; exact pre-specified cell,separate imputation result; not pooled
4,46,mlp,Sex x Race/Ethnicity,Female,Non-Hispanic White,385,26,359,exploratory candidate,0.4085444175115198,0.9,356,0.9246753246753247,0.8939148445817151,0.9470448642717304,0.024675324675324628,False,0.9818181818181818,0.9818181818181818,0.1253933901508047,exploratory uncorrected; exact pre-specified cell,separate imputation result; not pooled
4,46,mlp,Sex x Race/Ethnicity,Female,Non-Hispanic Black,283,19,264,exploratory candidate,0.4085444175115198,0.9,260,0.9187279151943463,0.8810046809795087,0.9452357131894171,0.018727915194346245,False,0.9717314487632509,0.9717314487632509,0.3227493271444296,exploratory uncorrected; exact pre-specified cell,separate imputation result; not pooled
4,46,mlp,Sex x Race/Ethnicity,Female,Non-Hispanic Asian,130,5,125,limited precision,0.4085444175115198,0.9,125,0.9615384615384616,0.9131216006422269,0.9834615736398364,0.06153846153846154,True,1.0,1.0,0.018003616786358836,exploratory uncorrected; exact pre-specified cell,separate imputation result; not pooled
4,46,mlp,Sex x Race/Ethnicity,Female,Other Race / Multi-Racial,54,3,51,insufficient evidence,0.4085444175115198,0.9,50,0.9259259259259259,0.8244588416140005,0.9708184722344951,0.025925925925925908,False,0.9814814814814815,0.9814814814814815,0.6545713662586631,exploratory uncorrected; exact pre-specified cell,separate imputation result; not pooled
4,46,mlp,Sex x Age,Male,18-39,379,24,355,exploratory candidate,0.4085444175115198,0.9,354,0.9340369393139841,0.9044392377905054,0.9549243249057932,0.034036939313984105,True,0.9868073878627969,0.9868073878627969,0.025707519915146637,exploratory uncorrected; exact pre-specified cell,separate imputation result; not pooled
4,46,mlp,Sex x Age,Male,40-59,298,39,259,primary-feasibility candidate,0.4085444175115198,0.9,254,0.8523489932885906,0.8075935126692189,0.8881359633957255,-0.04765100671140943,True,0.9496644295302014,0.9496644295302014,0.008856635216243832,exploratory uncorrected; exact pre-specified cell,separate imputation result; not pooled
4,46,mlp,Sex x Age,Male,60+,370,59,311,primary-feasibility candidate,0.4085444175115198,0.9,301,0.8135135135135135,0.7706777263312243,0.8499061990896166,-0.08648648648648649,True,0.9513513513513514,0.9513513513513514,5.380433094219426e-07,exploratory uncorrected; exact pre-specified cell,separate imputation result; not pooled
4,46,mlp,Sex x Age,Female,18-39,361,9,352,exploratory candidate,0.4085444175115198,0.9,352,0.9750692520775623,0.9533048797295692,0.9868295038701073,0.07506925207756232,True,0.9944598337950139,0.9944598337950139,5.308831916136193e-08,exploratory uncorrected; exact pre-specified cell,separate imputation result; not pooled
4,46,mlp,Sex x Age,Female,40-59,367,27,340,exploratory candidate,0.4085444175115198,0.9,338,0.9209809264305178,0.8888194275159915,0.9444207419694945,0.020980926430517743,False,0.9863760217983651,0.9863760217983651,0.19241760070683603,exploratory uncorrected; exact pre-specified cell,separate imputation result; not pooled
4,46,mlp,Sex x Age,Female,60+,371,42,329,primary-feasibility candidate,0.4085444175115198,0.9,321,0.8652291105121294,0.8267150332387629,0.8962572891201499,-0.03477088948787066,True,0.967654986522911,0.967654986522911,0.030175009738766388,exploratory uncorrected; exact pre-specified cell,separate imputation result; not pooled
4,46,mlp,Sex x BMI,Male,Underweight,12,1,11,insufficient evidence,0.4085444175115198,0.9,9,0.75,0.46769466506643426,0.9110583316059453,-0.15000000000000002,False,1.0,1.0,0.11086997774499993,exploratory uncorrected; exact pre-specified cell,separate imputation result; not pooled
4,46,mlp,Sex x BMI,Male,Normal,278,18,260,exploratory candidate,0.4085444175115198,0.9,257,0.9244604316546763,0.8872857898890036,0.9500644033277503,0.024460431654676262,False,0.9892086330935251,0.9892086330935251,0.19372829972603983,exploratory uncorrected; exact pre-specified cell,separate imputation result; not pooled
4,46,mlp,Sex x BMI,Male,Overweight,366,22,344,exploratory candidate,0.4085444175115198,0.9,343,0.9371584699453552,0.9074718247441035,0.9577637846447883,0.03715846994535521,True,0.9890710382513661,0.9890710382513661,0.01817256856971753,exploratory uncorrected; exact pre-specified cell,separate imputation result; not pooled
4,46,mlp,Sex x BMI,Male,Obese,391,81,310,primary-feasibility candidate,0.4085444175115198,0.9,300,0.7672634271099744,0.7229008597159865,0.8064255201029862,-0.1327365728900256,True,0.9207161125319693,0.9207161125319693,2.0177326246407684e-14,exploratory uncorrected; exact pre-specified cell,separate imputation result; not pooled
4,46,mlp,Sex x BMI,Female,Underweight,16,0,16,insufficient evidence,0.4085444175115198,0.9,16,1.0,0.8063923194655637,1.0,0.09999999999999998,False,1.0,1.0,0.3960526791890295,exploratory uncorrected; exact pre-specified cell,separate imputation result; not pooled
4,46,mlp,Sex x BMI,Female,Normal,284,4,280,limited precision,0.4085444175115198,0.9,276,0.971830985915493,0.9454094842517824,0.9856586151735545,0.07183098591549297,True,0.9859154929577465,0.9859154929577465,6.256036900276878e-06,exploratory uncorrected; exact pre-specified cell,separate imputation result; not pooled
4,46,mlp,Sex x BMI,Female,Overweight,307,15,292,exploratory candidate,0.4085444175115198,0.9,295,0.9609120521172638,0.9329309568101012,0.9775010076829163,0.060912052117263804,True,1.0,1.0,0.00012120065248861624,exploratory uncorrected; exact pre-specified cell,separate imputation result; not pooled
4,46,mlp,Sex x BMI,Female,Obese,492,59,433,primary-feasibility candidate,0.4085444175115198,0.9,424,0.8617886178861789,0.8284793912778743,0.8894920362157201,-0.038211382113821135,True,0.9695121951219512,0.9695121951219512,0.006670720417511279,exploratory uncorrected; exact pre-specified cell,separate imputation result; not pooled
