SEQN,true_target,raw_predicted_probability,recalibrated_predicted_probability,platt_intercept,platt_slope
109266,0,0.03879913349314,0.050031177633357675,-0.28085752366898803,0.8296271775833082
109290,0,0.2217977254893375,0.2104487318522583,-0.28085752366898803,0.8296271775833082
109291,0,0.0334466806677915,0.044296414137667606,-0.28085752366898803,0.8296271775833082
109293,0,0.023087484684573,0.0326757799660689,-0.28085752366898803,0.8296271775833082
109303,0,0.0025457381870376,0.005301849744901605,-0.28085752366898803,0.8296271775833082
109307,0,0.0380051053294277,0.0491900702605544,-0.28085752366898803,0.8296271775833082
109313,0,0.0384332210400171,0.049643964711470916,-0.28085752366898803,0.8296271775833082
109315,0,0.0042252285271114,0.008060771010552456,-0.28085752366898803,0.8296271775833082
109317,0,0.0018408606620939,0.004054261020715458,-0.28085752366898803,0.8296271775833082
109319,0,0.0037734159899718,0.007341425651135555,-0.28085752366898803,0.8296271775833082
109321,0,0.0151732897076163,0.023138818559079795,-0.28085752366898803,0.8296271775833082
109322,0,0.0124962401354507,0.019721584125811566,-0.28085752366898803,0.8296271775833082
109326,0,0.0023070695143731,0.004887121678540638,-0.28085752366898803,0.8296271775833082
109327,0,0.0672574059670619,0.07853308152391335,-0.28085752366898803,0.8296271775833082
109330,0,0.0266947190029923,0.03681325465201008,-0.28085752366898803,0.8296271775833082
109333,0,0.0043550928350371,0.008264973169413126,-0.28085752366898803,0.8296271775833082
109336,0,0.0570517056827185,0.06862493397252495,-0.28085752366898803,0.8296271775833082
109348,0,0.0038427610002002,0.0074527753425002495,-0.28085752366898803,0.8296271775833082
109350,0,0.0556045285201137,0.06719519102770044,-0.28085752366898803,0.8296271775833082
109351,0,0.0297681707203447,0.0402579254004203,-0.28085752366898803,0.8296271775833082
109365,0,0.0063492794927761,0.011284232479644206,-0.28085752366898803,0.8296271775833082
109367,0,0.0489926182083359,0.06057366937806318,-0.28085752366898803,0.8296271775833082
109373,0,0.0065585494634054,0.011590371468222822,-0.28085752366898803,0.8296271775833082
109378,0,0.0443402696791802,0.055817347110841076,-0.28085752366898803,0.8296271775833082
109382,1,0.6137402258293814,0.5258047979138173,-0.28085752366898803,0.8296271775833082
109389,0,0.0255426160438665,0.03550360466504827,-0.28085752366898803,0.8296271775833082
109391,1,0.2331144521130045,0.2194654436981707,-0.28085752366898803,0.8296271775833082
109392,0,0.0787586159839883,0.0893833007768777,-0.28085752366898803,0.8296271775833082
109393,0,0.0777406708222286,0.08843483569297496,-0.28085752366898803,0.8296271775833082
109394,0,0.0126242915268785,0.01988786429591689,-0.28085752366898803,0.8296271775833082
109395,0,0.0620491576230004,0.07351321299954032,-0.28085752366898803,0.8296271775833082
109396,0,0.0008126252187574,0.0020596036278029968,-0.28085752366898803,0.8296271775833082
109403,0,0.0040959514100199,0.007856391673261848,-0.28085752366898803,0.8296271775833082
109404,0,0.0070734034663129,0.01233630625432853,-0.28085752366898803,0.8296271775833082
109405,0,0.0006975665629363,0.0018148491425137765,-0.28085752366898803,0.8296271775833082
109411,0,0.0052865325593473,0.009700236335805974,-0.28085752366898803,0.8296271775833082
109413,0,0.0928496790648502,0.10230713233097712,-0.28085752366898803,0.8296271775833082
109414,0,0.1574468105816703,0.1581002093442115,-0.28085752366898803,0.8296271775833082
109429,1,0.9342835780329788,0.8722867514724503,-0.28085752366898803,0.8296271775833082
109431,0,0.0256839080218841,0.03566479020147756,-0.28085752366898803,0.8296271775833082
109432,0,0.0042437221826177,0.00808991768391678,-0.28085752366898803,0.8296271775833082
109435,1,0.9553107104384488,0.905484993421365,-0.28085752366898803,0.8296271775833082
109436,1,0.2177713482386082,0.207230141881191,-0.28085752366898803,0.8296271775833082
109439,0,0.0604141881776852,0.07192203814453048,-0.28085752366898803,0.8296271775833082
109441,0,0.0081267076803628,0.013833239741281058,-0.28085752366898803,0.8296271775833082
109450,0,0.0047300553919857,0.008848694650837041,-0.28085752366898803,0.8296271775833082
109454,0,0.5252823682055338,0.4509368511846431,-0.28085752366898803,0.8296271775833082
109455,0,0.0324476333632025,0.04320803003305054,-0.28085752366898803,0.8296271775833082
109458,0,0.0092456725699596,0.015385980688882772,-0.28085752366898803,0.8296271775833082
109464,0,0.0321509018071249,0.0428835888501253,-0.28085752366898803,0.8296271775833082
109466,0,0.0610598831527761,0.07255135003050098,-0.28085752366898803,0.8296271775833082
109467,0,0.0152682515044785,0.023257921002580492,-0.28085752366898803,0.8296271775833082
109468,0,0.3261125531377607,0.29255277419673953,-0.28085752366898803,0.8296271775833082
109472,0,0.2054340576029028,0.19732939227733556,-0.28085752366898803,0.8296271775833082
109473,0,0.1233870951665018,0.12925748728689374,-0.28085752366898803,0.8296271775833082
109474,0,0.4526885455118398,0.3921384663214627,-0.28085752366898803,0.8296271775833082
109480,0,0.9338666290345836,0.8716596479010883,-0.28085752366898803,0.8296271775833082
109482,0,0.0020395415210283,0.004413213495637774,-0.28085752366898803,0.8296271775833082
109486,0,0.071121331828286,0.08221239666389504,-0.28085752366898803,0.8296271775833082
109488,0,0.038554776719944,0.04977267086445521,-0.28085752366898803,0.8296271775833082
109495,1,0.3206441036987009,0.2882799320511954,-0.28085752366898803,0.8296271775833082
109496,0,0.3976251834909366,0.3485407228357919,-0.28085752366898803,0.8296271775833082
109497,0,0.0158965044604277,0.024042549935787014,-0.28085752366898803,0.8296271775833082
109501,0,0.1403750063334999,0.1437741779809879,-0.28085752366898803,0.8296271775833082
109502,0,0.0055585527730491,0.010110650396217941,-0.28085752366898803,0.8296271775833082
109503,1,0.3736811733229567,0.32974823987096646,-0.28085752366898803,0.8296271775833082
109504,0,0.0703359005160782,0.08146742729750009,-0.28085752366898803,0.8296271775833082
109508,0,0.1651981321505428,0.16453102144771845,-0.28085752366898803,0.8296271775833082
109510,0,0.0111611697663942,0.017968892075885465,-0.28085752366898803,0.8296271775833082
109512,0,0.1957710647990405,0.1895296445427809,-0.28085752366898803,0.8296271775833082
109518,0,0.0017018145924365,0.0037990526116134884,-0.28085752366898803,0.8296271775833082
109520,0,0.0611654671009867,0.07265414100463764,-0.28085752366898803,0.8296271775833082
109526,0,0.0231317181924948,0.032727199028413735,-0.28085752366898803,0.8296271775833082
109527,0,0.0100760904210646,0.016516494857235595,-0.28085752366898803,0.8296271775833082
109530,1,0.0173781964843864,0.025871284668904673,-0.28085752366898803,0.8296271775833082
109531,0,0.1400272280537394,0.14347977911162682,-0.28085752366898803,0.8296271775833082
109536,0,0.0019615400944567,0.004273049060880584,-0.28085752366898803,0.8296271775833082
109538,0,0.112182705544702,0.11951246370894279,-0.28085752366898803,0.8296271775833082
109539,0,0.0191530844545086,0.02802506325360988,-0.28085752366898803,0.8296271775833082
109542,0,0.0076227582218236,0.01312164988753293,-0.28085752366898803,0.8296271775833082
109544,0,0.3589580965040175,0.3182231936543716,-0.28085752366898803,0.8296271775833082
109545,0,0.0471867714662705,0.05873767723422359,-0.28085752366898803,0.8296271775833082
109548,0,0.0515895379490227,0.0631925762692748,-0.28085752366898803,0.8296271775833082
109549,0,0.0549321652340105,0.06652864756047393,-0.28085752366898803,0.8296271775833082
109550,0,0.0585067523159622,0.07005586915432659,-0.28085752366898803,0.8296271775833082
109552,0,0.3097904489599923,0.2797965214823933,-0.28085752366898803,0.8296271775833082
109554,0,0.1054760884492291,0.11360445103116482,-0.28085752366898803,0.8296271775833082
109555,0,0.0004663470933887,0.0012998671773653083,-0.28085752366898803,0.8296271775833082
109558,0,0.1471748557336629,0.14950902714384529,-0.28085752366898803,0.8296271775833082
109560,0,0.0172618451367827,0.02572873625083601,-0.28085752366898803,0.8296271775833082
109562,0,0.0316204036407413,0.04230217973901636,-0.28085752366898803,0.8296271775833082
109564,0,0.0043666577051393,0.008283105659913187,-0.28085752366898803,0.8296271775833082
109565,0,0.1981541525234397,0.19145719201464104,-0.28085752366898803,0.8296271775833082
109568,0,0.0330581756764399,0.04387388540563321,-0.28085752366898803,0.8296271775833082
109574,0,0.1759325246504238,0.17337018200343138,-0.28085752366898803,0.8296271775833082
109579,0,0.0051539285390427,0.009498821597177114,-0.28085752366898803,0.8296271775833082
109580,0,0.0021833052115357,0.004669142605605431,-0.28085752366898803,0.8296271775833082
109581,0,0.0350536933620679,0.04603475998082047,-0.28085752366898803,0.8296271775833082
109585,0,0.0286378871780672,0.03899906243173764,-0.28085752366898803,0.8296271775833082
109587,0,0.182373120556965,0.1786398649804332,-0.28085752366898803,0.8296271775833082
109588,1,0.1475542754921947,0.14982786147142077,-0.28085752366898803,0.8296271775833082
109598,0,0.0099555776943465,0.0163534996242061,-0.28085752366898803,0.8296271775833082
109606,0,0.0022205259491906,0.004734918452502237,-0.28085752366898803,0.8296271775833082
109607,0,0.0335739126165247,0.044434592820151775,-0.28085752366898803,0.8296271775833082
109610,0,0.0670394000771655,0.07832438884900585,-0.28085752366898803,0.8296271775833082
109611,0,0.0684473244742056,0.07967005626503958,-0.28085752366898803,0.8296271775833082
109612,0,0.1421546930304772,0.1452790135242773,-0.28085752366898803,0.8296271775833082
109615,0,0.0860482462243482,0.09611485685889214,-0.28085752366898803,0.8296271775833082
109617,0,0.0275733710498137,0.037805107380612886,-0.28085752366898803,0.8296271775833082
109620,1,0.9883350252009432,0.9677736902896807,-0.28085752366898803,0.8296271775833082
109623,0,0.0019638550457668,0.004277222691053163,-0.28085752366898803,0.8296271775833082
109626,0,0.1205077192071706,0.12676716154398326,-0.28085752366898803,0.8296271775833082
109628,0,0.2625068725338846,0.24271616842306523,-0.28085752366898803,0.8296271775833082
109630,0,0.1397542348300962,0.14324861030585725,-0.28085752366898803,0.8296271775833082
109637,0,0.0391954236965097,0.05044978419971811,-0.28085752366898803,0.8296271775833082
109639,0,0.0150550774582017,0.022990366158373046,-0.28085752366898803,0.8296271775833082
109640,0,0.0431437389178778,0.054579663402831845,-0.28085752366898803,0.8296271775833082
109643,0,0.116057799292343,0.12289974573057531,-0.28085752366898803,0.8296271775833082
109644,0,0.0093201701866036,0.015488121571830347,-0.28085752366898803,0.8296271775833082
109653,0,0.1377510634836577,0.14155025989460127,-0.28085752366898803,0.8296271775833082
109654,0,0.0144609059481823,0.022240958271962732,-0.28085752366898803,0.8296271775833082
109656,0,0.2465648160062831,0.23013198671692076,-0.28085752366898803,0.8296271775833082
109662,0,0.0242478675057683,0.03401882430138184,-0.28085752366898803,0.8296271775833082
109667,0,0.0469372791052422,0.05848302409085698,-0.28085752366898803,0.8296271775833082
109669,0,0.0366745570708317,0.047773369145072846,-0.28085752366898803,0.8296271775833082
109676,0,0.056532833855408,0.06811307463810494,-0.28085752366898803,0.8296271775833082
109677,0,0.1990324347832544,0.19216691351648799,-0.28085752366898803,0.8296271775833082
109678,0,0.0056833258062085,0.010297706635073699,-0.28085752366898803,0.8296271775833082
109679,0,0.0998782308534364,0.10862556127962135,-0.28085752366898803,0.8296271775833082
109685,0,0.0244736212191769,0.03427873519501155,-0.28085752366898803,0.8296271775833082
109687,0,0.0022481104930309,0.004783541455740047,-0.28085752366898803,0.8296271775833082
109691,0,0.0009201313360231,0.0022829242806552894,-0.28085752366898803,0.8296271775833082
109693,0,0.0046484256312982,0.008722334936291598,-0.28085752366898803,0.8296271775833082
109697,0,0.0161141169664129,0.024313007556629518,-0.28085752366898803,0.8296271775833082
109700,0,0.0147343931122003,0.02258657713765147,-0.28085752366898803,0.8296271775833082
109703,0,0.0406685069094969,0.05199911521993491,-0.28085752366898803,0.8296271775833082
109704,0,0.0091160213387452,0.015207868265871716,-0.28085752366898803,0.8296271775833082
109709,0,0.3062310945956761,0.27701321993665584,-0.28085752366898803,0.8296271775833082
109712,0,0.0747724126708744,0.08565659677963698,-0.28085752366898803,0.8296271775833082
109713,0,0.0507162421195929,0.06231461831107861,-0.28085752366898803,0.8296271775833082
109714,0,0.0217330664270193,0.03109243190784092,-0.28085752366898803,0.8296271775833082
109716,0,0.0565079771644007,0.06808853265347087,-0.28085752366898803,0.8296271775833082
109723,0,0.0349497716849694,0.045922793354291724,-0.28085752366898803,0.8296271775833082
109725,0,0.0486035501007934,0.06017916203824499,-0.28085752366898803,0.8296271775833082
109728,0,0.5350411053626395,0.45899669704900026,-0.28085752366898803,0.8296271775833082
109730,0,0.0365315468135367,0.0476205444227327,-0.28085752366898803,0.8296271775833082
109740,0,0.1007220076899443,0.10937895904353144,-0.28085752366898803,0.8296271775833082
109742,0,0.050624213203578,0.062221938993724184,-0.28085752366898803,0.8296271775833082
109746,0,0.2426081847507205,0.22699939833573418,-0.28085752366898803,0.8296271775833082
109747,0,0.0797230359874428,0.09027991725029638,-0.28085752366898803,0.8296271775833082
109754,0,0.0111719717570726,0.017983219242072742,-0.28085752366898803,0.8296271775833082
109758,0,0.0191246096741881,0.027990805106568012,-0.28085752366898803,0.8296271775833082
109761,0,0.0004782599638343,0.0013273323784289454,-0.28085752366898803,0.8296271775833082
109763,0,0.0685190525968184,0.0797384799978732,-0.28085752366898803,0.8296271775833082
109769,1,0.1487154892649578,0.1508029157152576,-0.28085752366898803,0.8296271775833082
109770,0,0.0109845366322179,0.01773425969032509,-0.28085752366898803,0.8296271775833082
109771,0,0.0987492072569119,0.10761579827312973,-0.28085752366898803,0.8296271775833082
109774,0,0.0567361823655455,0.06831377552904558,-0.28085752366898803,0.8296271775833082
109776,1,0.0770250526646016,0.08776676002757383,-0.28085752366898803,0.8296271775833082
109785,0,0.1701597406308278,0.16862577454395142,-0.28085752366898803,0.8296271775833082
109789,0,0.1850839852669673,0.18085086074144194,-0.28085752366898803,0.8296271775833082
109791,0,0.0215105872188658,0.030830650927513553,-0.28085752366898803,0.8296271775833082
109793,0,0.0481668104291832,0.05973563172885888,-0.28085752366898803,0.8296271775833082
109794,0,0.4397644999190502,0.38184485247727523,-0.28085752366898803,0.8296271775833082
109802,0,0.0144410650842857,0.02221583862859325,-0.28085752366898803,0.8296271775833082
109806,0,0.1193411459127865,0.12575553475818801,-0.28085752366898803,0.8296271775833082
109807,0,0.0139249896043437,0.021560234286527532,-0.28085752366898803,0.8296271775833082
109809,0,0.0081051401218924,0.013802950363093704,-0.28085752366898803,0.8296271775833082
109811,1,0.0378071223650266,0.048979850008095786,-0.28085752366898803,0.8296271775833082
109812,0,0.0338268923454285,0.0447090539916675,-0.28085752366898803,0.8296271775833082
109813,0,0.0266309386518066,0.036741026724734796,-0.28085752366898803,0.8296271775833082
109814,0,0.0028246309558344,0.005777982564408264,-0.28085752366898803,0.8296271775833082
109815,0,0.0500605805863561,0.06165365295794631,-0.28085752366898803,0.8296271775833082
109821,0,0.0094237615247444,0.015629909194151574,-0.28085752366898803,0.8296271775833082
109825,0,0.0085656688043469,0.014446657018261208,-0.28085752366898803,0.8296271775833082
109828,0,0.0090283036011506,0.015087106230433026,-0.28085752366898803,0.8296271775833082
109831,0,0.0347696490216971,0.04572858221531773,-0.28085752366898803,0.8296271775833082
109839,0,0.1067437256000995,0.11472576069250941,-0.28085752366898803,0.8296271775833082
109841,1,0.1267083287262072,0.1321186404495279,-0.28085752366898803,0.8296271775833082
109843,0,0.1539370066797835,0.15517394998917808,-0.28085752366898803,0.8296271775833082
109850,0,0.0027171393111793,0.005595488919236796,-0.28085752366898803,0.8296271775833082
109852,0,0.0015352196906666,0.0034884430376493697,-0.28085752366898803,0.8296271775833082
109857,0,0.667220148773201,0.5735288211982137,-0.28085752366898803,0.8296271775833082
109860,0,0.0025261940969708,0.005268151899278114,-0.28085752366898803,0.8296271775833082
109862,0,0.0514575752921768,0.06306008316156518,-0.28085752366898803,0.8296271775833082
109863,0,0.0265653035848257,0.03666666537976177,-0.28085752366898803,0.8296271775833082
109867,0,0.0396553823845899,0.050934675707496366,-0.28085752366898803,0.8296271775833082
109873,0,0.003920357082629,0.007576956422748659,-0.28085752366898803,0.8296271775833082
109874,0,0.0463408738426147,0.05787327981951995,-0.28085752366898803,0.8296271775833082
109876,1,0.0811830456482641,0.09163368980900852,-0.28085752366898803,0.8296271775833082
109877,0,0.055300419623359,0.06689389594262811,-0.28085752366898803,0.8296271775833082
109878,0,0.0061405401471568,0.01097707976196908,-0.28085752366898803,0.8296271775833082
109884,0,0.03741293778791,0.04856069975818497,-0.28085752366898803,0.8296271775833082
109886,1,0.741342137458348,0.6439851975637559,-0.28085752366898803,0.8296271775833082
109887,0,0.0935498164594195,0.1029400721083174,-0.28085752366898803,0.8296271775833082
109893,0,0.0033016969672989,0.00657399222505195,-0.28085752366898803,0.8296271775833082
109898,0,0.2515444568309508,0.23406895107171366,-0.28085752366898803,0.8296271775833082
109900,0,0.0463310259937578,0.05786319976733979,-0.28085752366898803,0.8296271775833082
109901,1,0.1237297125408837,0.12955319684700078,-0.28085752366898803,0.8296271775833082
109902,0,0.1002578038765778,0.10896460861205517,-0.28085752366898803,0.8296271775833082
109903,0,0.6053250384395911,0.5184857025879623,-0.28085752366898803,0.8296271775833082
109905,1,0.7556461817478229,0.6583061776707213,-0.28085752366898803,0.8296271775833082
109915,0,0.0611292327965021,0.07261886878723643,-0.28085752366898803,0.8296271775833082
109917,0,0.0086812295970263,0.01460720117243108,-0.28085752366898803,0.8296271775833082
109918,0,0.2667739940226688,0.24607549380898364,-0.28085752366898803,0.8296271775833082
109919,0,0.0052662857086991,0.009669541325424335,-0.28085752366898803,0.8296271775833082
109921,0,0.0204234199876473,0.029544206319098373,-0.28085752366898803,0.8296271775833082
109922,0,0.0038449634793261,0.007456306124018997,-0.28085752366898803,0.8296271775833082
109926,0,0.0209453965381861,0.030163379832083323,-0.28085752366898803,0.8296271775833082
109931,0,0.0208568546104989,0.0300585505396803,-0.28085752366898803,0.8296271775833082
109934,0,0.0025384681764785,0.005289320112150651,-0.28085752366898803,0.8296271775833082
109939,0,0.0085459432398532,0.014419214489408376,-0.28085752366898803,0.8296271775833082
109940,0,0.0080257657147295,0.01369135303185296,-0.28085752366898803,0.8296271775833082
109941,0,0.0928067797528639,0.10226832405045654,-0.28085752366898803,0.8296271775833082
109945,0,0.0281609810575981,0.038465190001475656,-0.28085752366898803,0.8296271775833082
109957,0,0.0078115761985355,0.013389220618930052,-0.28085752366898803,0.8296271775833082
109960,1,0.0392590303960299,0.050516900538066595,-0.28085752366898803,0.8296271775833082
109963,0,0.1717161845953179,0.16990699594322503,-0.28085752366898803,0.8296271775833082
109971,0,0.0623122615302581,0.07376856192171269,-0.28085752366898803,0.8296271775833082
109977,0,0.0056119180462649,0.010190744154700978,-0.28085752366898803,0.8296271775833082
109978,0,0.0045627221654768,0.008589247324763082,-0.28085752366898803,0.8296271775833082
109979,0,0.0026396380891114,0.005463129410137888,-0.28085752366898803,0.8296271775833082
109980,0,0.0107725719937238,0.017451796383416155,-0.28085752366898803,0.8296271775833082
109981,0,0.0740272747308638,0.0849561382337162,-0.28085752366898803,0.8296271775833082
109987,0,0.0433042454047169,0.05474605048896633,-0.28085752366898803,0.8296271775833082
109990,0,0.0421707692918306,0.05356860870084217,-0.28085752366898803,0.8296271775833082
109991,0,0.0599509161879375,0.07146977602228778,-0.28085752366898803,0.8296271775833082
109997,0,0.0811882030960386,0.09163846441192738,-0.28085752366898803,0.8296271775833082
110004,0,0.0002000802736911,0.000644459735548733,-0.28085752366898803,0.8296271775833082
110005,0,0.0019595756417476,0.004269506673516121,-0.28085752366898803,0.8296271775833082
110006,0,0.010018390454875,0.016438498703985796,-0.28085752366898803,0.8296271775833082
110010,0,0.0146248371725146,0.022448266652927106,-0.28085752366898803,0.8296271775833082
110011,0,0.0354275906008262,0.04643710098301552,-0.28085752366898803,0.8296271775833082
110018,0,0.0006054197874048,0.001613795899245445,-0.28085752366898803,0.8296271775833082
110021,0,0.0037512237181691,0.007305715061293027,-0.28085752366898803,0.8296271775833082
110023,0,0.0298696013906415,0.040370462371445766,-0.28085752366898803,0.8296271775833082
110028,0,0.042707346898182,0.054126710104287074,-0.28085752366898803,0.8296271775833082
110029,0,0.0974137814272651,0.10641892646317551,-0.28085752366898803,0.8296271775833082
110030,0,0.0014355106801503,0.0032997614621344596,-0.28085752366898803,0.8296271775833082
110038,0,0.0138298527331409,0.02143890002497033,-0.28085752366898803,0.8296271775833082
110040,0,0.0015498351980046,0.0035159188379627043,-0.28085752366898803,0.8296271775833082
110041,0,0.5326227411769058,0.4569953516445383,-0.28085752366898803,0.8296271775833082
110042,0,0.0878759809021382,0.09778689130220425,-0.28085752366898803,0.8296271775833082
110052,0,0.0320678460103436,0.04279267902785975,-0.28085752366898803,0.8296271775833082
110054,0,0.0640715242474669,0.07547105295221296,-0.28085752366898803,0.8296271775833082
110056,0,0.0519232237677755,0.06352732962592562,-0.28085752366898803,0.8296271775833082
110057,1,0.5070827651042435,0.4360148217971785,-0.28085752366898803,0.8296271775833082
110059,0,0.0343685081236258,0.0452954018122971,-0.28085752366898803,0.8296271775833082
110061,0,0.166421562373432,0.1655422167838643,-0.28085752366898803,0.8296271775833082
110062,0,0.0033382069891967,0.006634045902078426,-0.28085752366898803,0.8296271775833082
110063,0,0.0067534263555649,0.011873897374883579,-0.28085752366898803,0.8296271775833082
110064,0,0.2215659833785073,0.21026364005950132,-0.28085752366898803,0.8296271775833082
110067,0,0.0139946411478554,0.02164897039848779,-0.28085752366898803,0.8296271775833082
110070,1,0.1233362945786555,0.12921363081909637,-0.28085752366898803,0.8296271775833082
110071,0,0.078292199381933,0.08894898765292611,-0.28085752366898803,0.8296271775833082
110074,0,0.0477551061841928,0.05931685579216091,-0.28085752366898803,0.8296271775833082
110079,0,0.0673097607650615,0.07858318176547482,-0.28085752366898803,0.8296271775833082
110085,0,0.0648972814112162,0.07626726769571619,-0.28085752366898803,0.8296271775833082
110087,0,0.0394232352158943,0.050690073903148634,-0.28085752366898803,0.8296271775833082
110090,0,0.2096563324762866,0.2007246733467586,-0.28085752366898803,0.8296271775833082
110098,0,0.0452363345321327,0.05674024006035886,-0.28085752366898803,0.8296271775833082
110102,0,0.367885178520539,0.3252090207023268,-0.28085752366898803,0.8296271775833082
110107,0,0.0478433421768981,0.05940666250505709,-0.28085752366898803,0.8296271775833082
110112,0,0.0080656762233557,0.013747490158545763,-0.28085752366898803,0.8296271775833082
110114,0,0.0020006361373702,0.004343421399720413,-0.28085752366898803,0.8296271775833082
110117,0,0.0018193805248587,0.004015060783762981,-0.28085752366898803,0.8296271775833082
110120,0,0.2971902385758921,0.2699395949274599,-0.28085752366898803,0.8296271775833082
110123,1,0.2793945971047648,0.2559927693541248,-0.28085752366898803,0.8296271775833082
110125,0,0.0650259208074455,0.0763911413045509,-0.28085752366898803,0.8296271775833082
110129,0,0.5359528569480286,0.4597519237766619,-0.28085752366898803,0.8296271775833082
110130,0,0.0081640895946471,0.013885704767878745,-0.28085752366898803,0.8296271775833082
110134,0,0.3453317754512301,0.3075696452122742,-0.28085752366898803,0.8296271775833082
110137,0,0.0165072324921747,0.024799916797978393,-0.28085752366898803,0.8296271775833082
110139,0,0.0841448372273521,0.09436706326346461,-0.28085752366898803,0.8296271775833082
110142,0,0.3166201801135625,0.28513530377211743,-0.28085752366898803,0.8296271775833082
110144,0,0.0188944194703295,0.027713519747806302,-0.28085752366898803,0.8296271775833082
110147,1,0.7648724040988375,0.6676897686409636,-0.28085752366898803,0.8296271775833082
110153,0,0.0505264185764301,0.06212341968624005,-0.28085752366898803,0.8296271775833082
110155,0,0.0201331752100901,0.029198669887353482,-0.28085752366898803,0.8296271775833082
110159,0,0.0112634099560963,0.018104398302983014,-0.28085752366898803,0.8296271775833082
110161,0,0.0465380936747326,0.05807506789543689,-0.28085752366898803,0.8296271775833082
110167,0,0.0387203461328975,0.049947860538458726,-0.28085752366898803,0.8296271775833082
110169,0,0.048758625114494,0.06033647359712062,-0.28085752366898803,0.8296271775833082
110171,0,0.0020550664438837,0.004440998712225471,-0.28085752366898803,0.8296271775833082
110172,0,0.0138309556557203,0.021440307516879826,-0.28085752366898803,0.8296271775833082
110173,0,0.0094849389020379,0.015713512704176487,-0.28085752366898803,0.8296271775833082
110174,0,0.010798959776222,0.017487014716730247,-0.28085752366898803,0.8296271775833082
110175,0,0.0850763182896852,0.09522323478777338,-0.28085752366898803,0.8296271775833082
110176,0,0.2218910045770381,0.21052322827412603,-0.28085752366898803,0.8296271775833082
110178,0,0.0267718678404923,0.03690057951999076,-0.28085752366898803,0.8296271775833082
110180,0,0.059350542187977,0.07088273358135484,-0.28085752366898803,0.8296271775833082
110185,0,0.2513704376802482,0.2339314696796627,-0.28085752366898803,0.8296271775833082
110186,0,0.0049049868778016,0.009118197709360303,-0.28085752366898803,0.8296271775833082
110187,0,0.1058342163401697,0.11392146348228209,-0.28085752366898803,0.8296271775833082
110190,0,0.0028936689971552,0.005894550121391998,-0.28085752366898803,0.8296271775833082
110194,0,0.2517619783742133,0.23424079097509626,-0.28085752366898803,0.8296271775833082
110196,0,0.0619688590983502,0.07343524262209968,-0.28085752366898803,0.8296271775833082
110200,0,0.0362839519847121,0.04735569847066219,-0.28085752366898803,0.8296271775833082
110207,0,0.0199652401026734,0.02899832900907077,-0.28085752366898803,0.8296271775833082
110208,0,0.1604943085144393,0.16063362622615757,-0.28085752366898803,0.8296271775833082
110213,0,0.0022822035780475,0.004843493699417227,-0.28085752366898803,0.8296271775833082
110218,0,0.0008924905126768,0.0022259577496401258,-0.28085752366898803,0.8296271775833082
110223,0,0.1685350708007223,0.16728673526851645,-0.28085752366898803,0.8296271775833082
110228,0,0.0787177528182195,0.08934526825026046,-0.28085752366898803,0.8296271775833082
110234,0,0.0161384452889497,0.02434320246057347,-0.28085752366898803,0.8296271775833082
110235,0,0.1105899087898388,0.11811469739526649,-0.28085752366898803,0.8296271775833082
110236,0,0.0172921800990585,0.025765918054882493,-0.28085752366898803,0.8296271775833082
110247,0,0.0274063215487043,0.03761698683825788,-0.28085752366898803,0.8296271775833082
110250,0,0.0709356596153664,0.08203642164089413,-0.28085752366898803,0.8296271775833082
110265,0,0.016483421565033,0.02477048514384951,-0.28085752366898803,0.8296271775833082
110266,0,0.0269645705563308,0.03711849924156248,-0.28085752366898803,0.8296271775833082
110270,1,0.2298250809034351,0.21684888081622125,-0.28085752366898803,0.8296271775833082
110272,0,0.0262412600139592,0.03629904515063069,-0.28085752366898803,0.8296271775833082
110273,1,0.0626163728686815,0.07406346884733601,-0.28085752366898803,0.8296271775833082
110276,0,0.0577194397934815,0.0692824100804752,-0.28085752366898803,0.8296271775833082
110286,0,0.0360136579641181,0.047066193789312004,-0.28085752366898803,0.8296271775833082
110287,0,0.2073212182061175,0.19884784723437257,-0.28085752366898803,0.8296271775833082
110290,0,0.0223707554666972,0.031840084001063106,-0.28085752366898803,0.8296271775833082
110291,0,0.0789730117801694,0.08958278861267943,-0.28085752366898803,0.8296271775833082
110292,1,0.3578726690554277,0.31737419324956057,-0.28085752366898803,0.8296271775833082
110293,0,0.0265590250878757,0.03665955038726698,-0.28085752366898803,0.8296271775833082
110295,0,0.060644839821498,0.07214697559969935,-0.28085752366898803,0.8296271775833082
110304,1,0.1666379742520553,0.1657209820559419,-0.28085752366898803,0.8296271775833082
110305,0,0.0010584660945477,0.002563793031371914,-0.28085752366898803,0.8296271775833082
110306,1,0.9271189744050946,0.8616538519193796,-0.28085752366898803,0.8296271775833082
110310,0,0.0926095267920697,0.10208984249851161,-0.28085752366898803,0.8296271775833082
110311,0,0.0609246041540301,0.07241960284855184,-0.28085752366898803,0.8296271775833082
110317,0,0.0181409848102836,0.0268015863166602,-0.28085752366898803,0.8296271775833082
110318,0,0.0556099980248858,0.06720060719445733,-0.28085752366898803,0.8296271775833082
110319,0,0.0391537224639787,0.050405771202263396,-0.28085752366898803,0.8296271775833082
110321,0,0.0325882796713746,0.04336162030079158,-0.28085752366898803,0.8296271775833082
110322,0,0.0441014187168294,0.055570773087418715,-0.28085752366898803,0.8296271775833082
110326,0,0.0770772976796839,0.08781557083984351,-0.28085752366898803,0.8296271775833082
110328,0,0.0668914959075112,0.07818273430210695,-0.28085752366898803,0.8296271775833082
110332,0,0.1582097733374988,0.1587351033526661,-0.28085752366898803,0.8296271775833082
110341,0,0.0305652596740659,0.041140422421017585,-0.28085752366898803,0.8296271775833082
110342,0,0.0050965224850614,0.00941134332222105,-0.28085752366898803,0.8296271775833082
110347,0,0.085738711273231,0.09583108706308703,-0.28085752366898803,0.8296271775833082
110350,0,0.0859159820968948,0.09599362377084589,-0.28085752366898803,0.8296271775833082
110351,0,0.034498782606869,0.045436182428426765,-0.28085752366898803,0.8296271775833082
110353,0,0.0145170940502136,0.02231206174624877,-0.28085752366898803,0.8296271775833082
110356,0,0.0194356189313879,0.028364482055540277,-0.28085752366898803,0.8296271775833082
110359,0,0.3942143898729399,0.34585910512860113,-0.28085752366898803,0.8296271775833082
110366,0,0.0484893513356587,0.060063257903343964,-0.28085752366898803,0.8296271775833082
110372,0,0.1930396666691571,0.1873170128550316,-0.28085752366898803,0.8296271775833082
110374,0,0.3101217918836051,0.2800555837553504,-0.28085752366898803,0.8296271775833082
110376,0,0.0049097577352909,0.00912552377142868,-0.28085752366898803,0.8296271775833082
110378,0,0.2048031858903999,0.19682143884394776,-0.28085752366898803,0.8296271775833082
110379,0,0.0006160504286631,0.0016372459801448456,-0.28085752366898803,0.8296271775833082
110380,0,0.0021925682342908,0.004685530188354468,-0.28085752366898803,0.8296271775833082
110381,0,0.0644015003401803,0.07578944260655934,-0.28085752366898803,0.8296271775833082
110385,0,0.01398901999918,0.02164181201882683,-0.28085752366898803,0.8296271775833082
110386,1,0.0271957815930871,0.03737959087282438,-0.28085752366898803,0.8296271775833082
110387,1,0.3581677807336734,0.3176050163360357,-0.28085752366898803,0.8296271775833082
110389,0,0.0328633369586491,0.043661641557636514,-0.28085752366898803,0.8296271775833082
110390,0,0.0652943350878947,0.0766494706087127,-0.28085752366898803,0.8296271775833082
110391,0,0.0013555306902897,0.0031467704143766442,-0.28085752366898803,0.8296271775833082
110394,0,0.0196501938843923,0.028621658279376006,-0.28085752366898803,0.8296271775833082
110400,0,0.4486103073830548,0.3888855919175074,-0.28085752366898803,0.8296271775833082
110402,0,0.093083642433306,0.1025187304522084,-0.28085752366898803,0.8296271775833082
110408,0,0.001176812959005,0.0027990544712201055,-0.28085752366898803,0.8296271775833082
110409,0,0.0220803726856236,0.031500116702550866,-0.28085752366898803,0.8296271775833082
110410,0,0.0698882128021109,0.08104214302655191,-0.28085752366898803,0.8296271775833082
110411,0,0.0492007790983849,0.06078450631795266,-0.28085752366898803,0.8296271775833082
110412,0,0.077725138314751,0.08842034657667178,-0.28085752366898803,0.8296271775833082
110414,0,0.0184849087052612,0.027218698955057335,-0.28085752366898803,0.8296271775833082
110415,0,0.0288232983435481,0.03920618047233526,-0.28085752366898803,0.8296271775833082
110421,0,0.0526599669077604,0.06426505330681033,-0.28085752366898803,0.8296271775833082
110425,0,0.0201767685984954,0.029250625454181615,-0.28085752366898803,0.8296271775833082
110427,0,0.0125530388497129,0.019795377412822373,-0.28085752366898803,0.8296271775833082
110429,0,0.0318440886465975,0.04254754747655414,-0.28085752366898803,0.8296271775833082
110430,0,0.0285797910881394,0.0389341143377543,-0.28085752366898803,0.8296271775833082
110438,0,0.0329871483434285,0.04379653973316189,-0.28085752366898803,0.8296271775833082
110442,0,0.0120839011733995,0.019184035779828686,-0.28085752366898803,0.8296271775833082
110449,0,0.2981584087022117,0.2706974111634327,-0.28085752366898803,0.8296271775833082
110450,0,0.0357531123841527,0.04678675373957287,-0.28085752366898803,0.8296271775833082
110453,0,0.1104634570842163,0.11800358904363666,-0.28085752366898803,0.8296271775833082
110457,0,0.074775505236178,0.0856595013403012,-0.28085752366898803,0.8296271775833082
110460,0,0.0021364547861892,0.00458607085870919,-0.28085752366898803,0.8296271775833082
110461,0,0.025508478133176,0.03546463579288137,-0.28085752366898803,0.8296271775833082
110464,0,0.0040889845383043,0.00784534551716441,-0.28085752366898803,0.8296271775833082
110465,0,0.0036420468715254,0.00712948811265071,-0.28085752366898803,0.8296271775833082
110467,0,0.0130703672138239,0.02046476113235354,-0.28085752366898803,0.8296271775833082
110474,0,0.025334089295757,0.03526541952040772,-0.28085752366898803,0.8296271775833082
110476,0,0.0077673139324613,0.013326601807670455,-0.28085752366898803,0.8296271775833082
110477,0,0.0490787877535118,0.06066096640536278,-0.28085752366898803,0.8296271775833082
110482,0,0.1206167321703963,0.12686161543511768,-0.28085752366898803,0.8296271775833082
110489,0,0.0559865893448932,0.06757329518362837,-0.28085752366898803,0.8296271775833082
110492,0,0.0196836979324221,0.028661767863325166,-0.28085752366898803,0.8296271775833082
110494,0,0.0455713453286561,0.05708442239908574,-0.28085752366898803,0.8296271775833082
110495,0,0.8623275838307118,0.7757915579409146,-0.28085752366898803,0.8296271775833082
110496,0,0.0596465216736103,0.07117227356420078,-0.28085752366898803,0.8296271775833082
110503,0,0.0345652985523735,0.045508025079027015,-0.28085752366898803,0.8296271775833082
110506,0,0.0634797794242457,0.0748993496255953,-0.28085752366898803,0.8296271775833082
110508,0,0.0050405677447687,0.00932590892296211,-0.28085752366898803,0.8296271775833082
110510,0,0.0248789598803618,0.03474430703550742,-0.28085752366898803,0.8296271775833082
110512,0,0.0049213048232793,0.009143250118956534,-0.28085752366898803,0.8296271775833082
110518,0,0.0204174266019724,0.029537080282720073,-0.28085752366898803,0.8296271775833082
110520,0,0.0091965316357983,0.015318524759126971,-0.28085752366898803,0.8296271775833082
110521,0,0.2740554092558201,0.2518003490609817,-0.28085752366898803,0.8296271775833082
110524,0,0.2367129233736307,0.22232412461639423,-0.28085752366898803,0.8296271775833082
110531,1,0.03871432467223,0.049941491610297074,-0.28085752366898803,0.8296271775833082
110532,1,0.141401842930063,0.1446427757821858,-0.28085752366898803,0.8296271775833082
110538,1,0.4403583288642578,0.3823168911658499,-0.28085752366898803,0.8296271775833082
110541,1,0.0912706371750766,0.10087664586485535,-0.28085752366898803,0.8296271775833082
110544,0,0.108543994859193,0.11631445922550791,-0.28085752366898803,0.8296271775833082
110545,0,0.232773746150067,0.2191945807882856,-0.28085752366898803,0.8296271775833082
110546,0,0.0431507274900964,0.05458691037042434,-0.28085752366898803,0.8296271775833082
110552,0,0.0293189739546589,0.039758695101987186,-0.28085752366898803,0.8296271775833082
110553,0,0.0006381757192467,0.0016858308287882656,-0.28085752366898803,0.8296271775833082
110571,1,0.0284630208384432,0.03880349872613192,-0.28085752366898803,0.8296271775833082
110573,0,0.0448464555704624,0.05633910171195165,-0.28085752366898803,0.8296271775833082
110575,1,0.1854573664147579,0.18115507767628575,-0.28085752366898803,0.8296271775833082
110576,0,0.0061744191111894,0.011027055887853644,-0.28085752366898803,0.8296271775833082
110579,0,0.044973362507368,0.05646974315346393,-0.28085752366898803,0.8296271775833082
110581,0,0.0602933833669926,0.07180416459685221,-0.28085752366898803,0.8296271775833082
110588,0,0.0641567185176214,0.07555328383048131,-0.28085752366898803,0.8296271775833082
110594,0,0.0137917426039919,0.0213902534004536,-0.28085752366898803,0.8296271775833082
110602,0,0.0015363528637027,0.00349057491451706,-0.28085752366898803,0.8296271775833082
110603,0,0.0362651413204137,0.04733556368286425,-0.28085752366898803,0.8296271775833082
110607,0,0.03131623077059,0.041968011297210214,-0.28085752366898803,0.8296271775833082
110610,0,0.0850082398471489,0.09516071558166189,-0.28085752366898803,0.8296271775833082
110613,0,0.0416572056662672,0.05303322869672049,-0.28085752366898803,0.8296271775833082
110614,0,0.1545287860063545,0.155667993286981,-0.28085752366898803,0.8296271775833082
110615,0,0.0141372322404622,0.021830383045504758,-0.28085752366898803,0.8296271775833082
110617,0,0.0299609212493998,0.040471721590332355,-0.28085752366898803,0.8296271775833082
110624,0,0.037499267302211,0.04865256576847315,-0.28085752366898803,0.8296271775833082
110626,0,0.0439136233318389,0.05537673441173915,-0.28085752366898803,0.8296271775833082
110627,0,0.0098130933087461,0.01616032989291213,-0.28085752366898803,0.8296271775833082
110628,0,0.0212539516717395,0.03052806528072583,-0.28085752366898803,0.8296271775833082
110636,0,0.1451527658211706,0.14780779242127098,-0.28085752366898803,0.8296271775833082
110638,1,0.6504333685184466,0.558307278821722,-0.28085752366898803,0.8296271775833082
110639,0,0.1721680214931902,0.17027864864862258,-0.28085752366898803,0.8296271775833082
110645,0,0.0534818941186598,0.06508587119901318,-0.28085752366898803,0.8296271775833082
110651,0,0.0830912143123388,0.09339664273814127,-0.28085752366898803,0.8296271775833082
110655,0,0.2174379176526858,0.20696334086091167,-0.28085752366898803,0.8296271775833082
110658,0,0.0343433828300766,0.04526823903230215,-0.28085752366898803,0.8296271775833082
110662,0,0.0511359881673858,0.0627369447422967,-0.28085752366898803,0.8296271775833082
110665,0,0.0829457128702444,0.09326246401121888,-0.28085752366898803,0.8296271775833082
110672,0,0.0422974672914522,0.053700505303887036,-0.28085752366898803,0.8296271775833082
110682,0,0.0411689847309577,0.05252314906868569,-0.28085752366898803,0.8296271775833082
110684,0,0.000473812129607,0.0013170917640979844,-0.28085752366898803,0.8296271775833082
110686,0,0.0205290466201274,0.029669732203860308,-0.28085752366898803,0.8296271775833082
110688,0,0.0003813672740995,0.0011002061724587507,-0.28085752366898803,0.8296271775833082
110692,0,0.0115332032785526,0.01846091906863712,-0.28085752366898803,0.8296271775833082
110700,0,0.0981577654442928,0.10708605834308907,-0.28085752366898803,0.8296271775833082
110703,0,0.0988605668250668,0.10771548056368897,-0.28085752366898803,0.8296271775833082
110704,0,0.0564724778080341,0.06805347936875691,-0.28085752366898803,0.8296271775833082
110712,0,0.0284986899577536,0.03884340749305324,-0.28085752366898803,0.8296271775833082
110713,0,0.0012339546184266,0.002911163566201752,-0.28085752366898803,0.8296271775833082
110714,0,0.0309405670268597,0.04155448024522139,-0.28085752366898803,0.8296271775833082
110715,0,0.0285341728395552,0.03888309881568166,-0.28085752366898803,0.8296271775833082
110718,1,0.4451164087624555,0.38610228028108184,-0.28085752366898803,0.8296271775833082
110719,0,0.1012314481919414,0.10983332054539213,-0.28085752366898803,0.8296271775833082
110721,0,0.0159321250086297,0.024086866327549285,-0.28085752366898803,0.8296271775833082
110723,0,0.0551546719814434,0.06674939075761875,-0.28085752366898803,0.8296271775833082
110728,0,0.1437359976156793,0.14661376271209836,-0.28085752366898803,0.8296271775833082
110730,0,0.0009835618521676,0.0024125548637502466,-0.28085752366898803,0.8296271775833082
110736,0,0.0109744519400682,0.017720843206548237,-0.28085752366898803,0.8296271775833082
110742,0,0.0425643968915887,0.053978151682320556,-0.28085752366898803,0.8296271775833082
110750,0,0.0513446306201982,0.06294663552261125,-0.28085752366898803,0.8296271775833082
110751,0,0.1134654063690208,0.12063575843316895,-0.28085752366898803,0.8296271775833082
110752,0,0.0382133977969852,0.049411021116333345,-0.28085752366898803,0.8296271775833082
110759,0,0.3145782495424081,0.28353935097218536,-0.28085752366898803,0.8296271775833082
110760,0,0.0358745778235943,0.04691707392970798,-0.28085752366898803,0.8296271775833082
110763,1,0.6140234231118759,0.5260519348184454,-0.28085752366898803,0.8296271775833082
110765,0,0.0360867728521592,0.04714454430402256,-0.28085752366898803,0.8296271775833082
110766,0,0.0135737510461901,0.02111152311496535,-0.28085752366898803,0.8296271775833082
110770,0,0.0234492162124857,0.033095748766981306,-0.28085752366898803,0.8296271775833082
110771,0,0.0043957028859473,0.008328608188629457,-0.28085752366898803,0.8296271775833082
110778,0,0.3867155669255326,0.33996924315033217,-0.28085752366898803,0.8296271775833082
110779,0,0.048191273883192,0.059760494835521545,-0.28085752366898803,0.8296271775833082
110781,0,0.1797816811451091,0.1765224367211434,-0.28085752366898803,0.8296271775833082
110789,0,0.0096331096871527,0.015915600525520622,-0.28085752366898803,0.8296271775833082
110791,0,0.0102611882759438,0.016766163571977653,-0.28085752366898803,0.8296271775833082
110792,0,0.0011013405486476,0.0026495233508695426,-0.28085752366898803,0.8296271775833082
110794,0,0.566921134812174,0.4856442888572604,-0.28085752366898803,0.8296271775833082
110796,0,0.1270686564715079,0.13242834279190596,-0.28085752366898803,0.8296271775833082
110803,0,0.0395209972683186,0.05079311287525699,-0.28085752366898803,0.8296271775833082
110805,0,0.0176603115117134,0.02621620233006608,-0.28085752366898803,0.8296271775833082
110810,1,0.2745835646955006,0.25221525885820767,-0.28085752366898803,0.8296271775833082
110811,0,0.0281348848982281,0.03843592913451546,-0.28085752366898803,0.8296271775833082
110813,0,0.1217250978366071,0.12782118860012173,-0.28085752366898803,0.8296271775833082
110814,0,0.158525399476854,0.15899762442940274,-0.28085752366898803,0.8296271775833082
110819,0,0.0077474396218404,0.013298464491581768,-0.28085752366898803,0.8296271775833082
110820,0,0.0361600084795585,0.047222995082519814,-0.28085752366898803,0.8296271775833082
110821,1,0.5027783300229123,0.4325051313991872,-0.28085752366898803,0.8296271775833082
110822,0,0.1205518722884995,0.1268054194573301,-0.28085752366898803,0.8296271775833082
110830,0,0.0169573427932561,0.02535484348063324,-0.28085752366898803,0.8296271775833082
110836,0,0.196306712247619,0.18996313475814738,-0.28085752366898803,0.8296271775833082
110841,1,0.4723292104910452,0.40787012371471004,-0.28085752366898803,0.8296271775833082
110848,0,0.0300120993509357,0.04052844526194533,-0.28085752366898803,0.8296271775833082
110851,0,0.0001454471614697,0.0004946962589062194,-0.28085752366898803,0.8296271775833082
110852,0,0.0875190471176504,0.09746083825218543,-0.28085752366898803,0.8296271775833082
110859,0,0.2692794675163046,0.24804639115883348,-0.28085752366898803,0.8296271775833082
110861,0,0.0370289127381624,0.048151574762654345,-0.28085752366898803,0.8296271775833082
110865,0,0.0097050298591975,0.01601349013488692,-0.28085752366898803,0.8296271775833082
110867,0,0.1598824301227934,0.16012550493425934,-0.28085752366898803,0.8296271775833082
110868,0,0.0872028918769828,0.09717184455516929,-0.28085752366898803,0.8296271775833082
110870,0,0.1564303584980896,0.15725370682649878,-0.28085752366898803,0.8296271775833082
110871,0,0.0048164674071639,0.00898203868263894,-0.28085752366898803,0.8296271775833082
110875,0,0.0733608518458097,0.0843286212137071,-0.28085752366898803,0.8296271775833082
110882,0,0.1046409644631068,0.11286451162349358,-0.28085752366898803,0.8296271775833082
110884,0,0.0264855271234978,0.036576237248193144,-0.28085752366898803,0.8296271775833082
110886,0,0.0991937280239068,0.10801359363725636,-0.28085752366898803,0.8296271775833082
110887,0,0.0001230795582028,0.00043071933101580464,-0.28085752366898803,0.8296271775833082
110888,0,0.2933976538158129,0.2669701910495954,-0.28085752366898803,0.8296271775833082
110889,0,0.0963969738246647,0.10550576161549058,-0.28085752366898803,0.8296271775833082
110890,0,0.0029886196243464,0.00605407975136573,-0.28085752366898803,0.8296271775833082
110894,0,0.0401757878152374,0.05148205278237409,-0.28085752366898803,0.8296271775833082
110895,0,0.000853122997971,0.00214429356792303,-0.28085752366898803,0.8296271775833082
110897,0,0.044666683909629,0.056153924428381755,-0.28085752366898803,0.8296271775833082
110898,0,0.0530698422722141,0.06467466335177577,-0.28085752366898803,0.8296271775833082
110899,0,0.0200550967270326,0.029105562937577503,-0.28085752366898803,0.8296271775833082
110905,0,0.0018570432535351,0.0040837409928872834,-0.28085752366898803,0.8296271775833082
110910,0,0.0355357480394124,0.046553341125565036,-0.28085752366898803,0.8296271775833082
110916,0,0.0018495178531698,0.004070037479148198,-0.28085752366898803,0.8296271775833082
110917,0,0.1226321541310148,0.12860544805990473,-0.28085752366898803,0.8296271775833082
110920,1,0.4111822009658772,0.3592178854801977,-0.28085752366898803,0.8296271775833082
110925,0,0.2748741962826285,0.2524435553608022,-0.28085752366898803,0.8296271775833082
110929,0,0.7214463574136945,0.6244911223671435,-0.28085752366898803,0.8296271775833082
110934,0,0.0853618923227824,0.09548539490336946,-0.28085752366898803,0.8296271775833082
110940,0,0.0451922824882152,0.056694947509375176,-0.28085752366898803,0.8296271775833082
110942,0,0.0361366577817903,0.04719798472881601,-0.28085752366898803,0.8296271775833082
110949,0,0.0030290393535496,0.006121719974326081,-0.28085752366898803,0.8296271775833082
110950,0,0.1258404059840144,0.13137209421639318,-0.28085752366898803,0.8296271775833082
110953,0,0.011806716503718,0.018820826287073076,-0.28085752366898803,0.8296271775833082
110954,0,0.0006470620373024,0.0017052622881571595,-0.28085752366898803,0.8296271775833082
110956,0,0.3445064721276589,0.3069246587630824,-0.28085752366898803,0.8296271775833082
110957,0,0.0207716896958947,0.02995764287890871,-0.28085752366898803,0.8296271775833082
110958,0,0.0713228031641181,0.08240325363047439,-0.28085752366898803,0.8296271775833082
110959,0,0.4259232553055461,0.370865761668997,-0.28085752366898803,0.8296271775833082
110966,0,0.0020689098621827,0.004465743720347225,-0.28085752366898803,0.8296271775833082
110971,0,0.3652638862724263,0.32315710125897645,-0.28085752366898803,0.8296271775833082
110975,0,0.0215250410668759,0.030847673053833503,-0.28085752366898803,0.8296271775833082
110977,0,0.1005344298277483,0.10921156475129769,-0.28085752366898803,0.8296271775833082
110979,0,0.0214096091903482,0.03071167198906888,-0.28085752366898803,0.8296271775833082
110981,0,0.0161513763177657,0.024359248342614815,-0.28085752366898803,0.8296271775833082
110985,0,0.0550593389885126,0.06665483310999588,-0.28085752366898803,0.8296271775833082
110987,0,0.0109802471171046,0.017728553271298977,-0.28085752366898803,0.8296271775833082
110988,0,0.0239390267478704,0.033662537141779254,-0.28085752366898803,0.8296271775833082
110990,0,0.5186302323863048,0.445466715393241,-0.28085752366898803,0.8296271775833082
110993,0,0.0335241435238814,0.04438055315033224,-0.28085752366898803,0.8296271775833082
110999,0,0.0018874406293197,0.004138995937388797,-0.28085752366898803,0.8296271775833082
111003,0,0.0004128737346604,0.0011750418229887424,-0.28085752366898803,0.8296271775833082
111006,0,0.1134805357487641,0.12064899529711318,-0.28085752366898803,0.8296271775833082
111007,0,0.0074402269658174,0.01286186260716288,-0.28085752366898803,0.8296271775833082
111011,0,0.0274163227886052,0.03762825549316481,-0.28085752366898803,0.8296271775833082
111012,1,0.7535293849543675,0.6561698268566378,-0.28085752366898803,0.8296271775833082
111014,0,0.3665214049141941,0.3241414014871148,-0.28085752366898803,0.8296271775833082
111018,0,0.0780326698657745,0.08870712552482705,-0.28085752366898803,0.8296271775833082
111021,0,0.1455015735634082,0.14810149905055303,-0.28085752366898803,0.8296271775833082
111030,0,0.0097250833207253,0.01604076142164608,-0.28085752366898803,0.8296271775833082
111031,0,0.011318326517191,0.018177091714768456,-0.28085752366898803,0.8296271775833082
111036,0,0.1796926241198767,0.17644960148338998,-0.28085752366898803,0.8296271775833082
111039,0,0.006053976179488,0.010849163013677046,-0.28085752366898803,0.8296271775833082
111045,0,0.023962494866891,0.03368963996873195,-0.28085752366898803,0.8296271775833082
111046,0,0.0472719361381243,0.05882454737937709,-0.28085752366898803,0.8296271775833082
111047,0,0.0198976840068891,0.028917650387094047,-0.28085752366898803,0.8296271775833082
111050,0,0.0982945847111288,0.10720865161506958,-0.28085752366898803,0.8296271775833082
111055,0,0.0462566878243098,0.057787096171221124,-0.28085752366898803,0.8296271775833082
111060,0,0.0025220407180963,0.0052609848077359465,-0.28085752366898803,0.8296271775833082
111064,0,0.1446779309374451,0.1474078007362877,-0.28085752366898803,0.8296271775833082
111067,0,0.1653583609239454,0.16466351189613568,-0.28085752366898803,0.8296271775833082
111068,0,0.0065825846320368,0.011625420271651305,-0.28085752366898803,0.8296271775833082
111069,0,0.005500167618286,0.010022866389259632,-0.28085752366898803,0.8296271775833082
111075,0,0.0687980383771688,0.08000449243864452,-0.28085752366898803,0.8296271775833082
111077,1,0.5484459861008764,0.4701397895380399,-0.28085752366898803,0.8296271775833082
111078,0,0.063680240756846,0.0750931280456186,-0.28085752366898803,0.8296271775833082
111079,0,0.0004455600890815,0.0012516512883944586,-0.28085752366898803,0.8296271775833082
111081,1,0.5620173709747075,0.4815116641407687,-0.28085752366898803,0.8296271775833082
111083,0,0.0762507298716595,0.0870426515973405,-0.28085752366898803,0.8296271775833082
111085,0,0.008155404849121,0.013873519672948453,-0.28085752366898803,0.8296271775833082
111092,0,0.198516535192224,0.1917500692773648,-0.28085752366898803,0.8296271775833082
111094,1,0.8452398007388654,0.7554024916696415,-0.28085752366898803,0.8296271775833082
111096,0,0.0011436603695035,0.00273358085841618,-0.28085752366898803,0.8296271775833082
111097,0,0.1656586215341961,0.1649117455648091,-0.28085752366898803,0.8296271775833082
111098,0,0.1305455031355636,0.13540975991373458,-0.28085752366898803,0.8296271775833082
111102,0,0.097528282513124,0.10652165552324885,-0.28085752366898803,0.8296271775833082
111105,0,0.087664669536911,0.09759388947755773,-0.28085752366898803,0.8296271775833082
111109,0,0.1794720570586517,0.1762691911681529,-0.28085752366898803,0.8296271775833082
111110,0,0.0472393917811699,0.05879135466847678,-0.28085752366898803,0.8296271775833082
111112,0,0.0403447101841908,0.05165945081565807,-0.28085752366898803,0.8296271775833082
111120,1,0.4883223974699083,0.42076914002843613,-0.28085752366898803,0.8296271775833082
111122,0,0.0642402754441512,0.07563391534507025,-0.28085752366898803,0.8296271775833082
111123,1,0.1780688439849065,0.1751207885591248,-0.28085752366898803,0.8296271775833082
111124,0,0.0003390805997188,0.0009980646467374163,-0.28085752366898803,0.8296271775833082
111133,0,0.0134470612249323,0.020949162610120163,-0.28085752366898803,0.8296271775833082
111136,0,0.0141630923648107,0.021863248258033936,-0.28085752366898803,0.8296271775833082
111139,0,0.0214841682513315,0.030799532226951087,-0.28085752366898803,0.8296271775833082
111140,0,0.2039359249967146,0.1961228731771744,-0.28085752366898803,0.8296271775833082
111143,0,0.0706712829956393,0.08178571180155798,-0.28085752366898803,0.8296271775833082
111149,0,0.0045795994062367,0.008615490343684681,-0.28085752366898803,0.8296271775833082
111154,0,0.0027909554926487,0.005720942855993099,-0.28085752366898803,0.8296271775833082
111159,0,0.0275954574120852,0.037829964005342206,-0.28085752366898803,0.8296271775833082
111161,0,0.0038789233128938,0.0075107020923404644,-0.28085752366898803,0.8296271775833082
111163,0,0.0232395817200417,0.03285250935643221,-0.28085752366898803,0.8296271775833082
111171,0,0.035767096522694,0.04680176143565989,-0.28085752366898803,0.8296271775833082
111173,0,0.1161301209199342,0.12296278793992767,-0.28085752366898803,0.8296271775833082
111175,0,0.0111706308239247,0.017981440837621585,-0.28085752366898803,0.8296271775833082
111185,0,0.0730578088719347,0.08404293754439146,-0.28085752366898803,0.8296271775833082
111188,0,0.1172174478776347,0.12390984480897828,-0.28085752366898803,0.8296271775833082
111190,0,0.0011993455246735,0.0028433722053282044,-0.28085752366898803,0.8296271775833082
111191,0,0.0096650731143631,0.015959121646108295,-0.28085752366898803,0.8296271775833082
111192,0,0.0650366003333848,0.07640142320938373,-0.28085752366898803,0.8296271775833082
111194,0,0.0662938788926405,0.07760979907824121,-0.28085752366898803,0.8296271775833082
111196,0,0.0606939640168156,0.07219486291190283,-0.28085752366898803,0.8296271775833082
111198,0,0.1990536324094731,0.1921840384555287,-0.28085752366898803,0.8296271775833082
111199,0,0.0070885369074495,0.012358082685421488,-0.28085752366898803,0.8296271775833082
111201,0,0.0714870072275187,0.08255873610994527,-0.28085752366898803,0.8296271775833082
111203,0,0.0478137642271985,0.05937656138865005,-0.28085752366898803,0.8296271775833082
111206,0,0.0427128146121163,0.0541323905309088,-0.28085752366898803,0.8296271775833082
111207,0,0.836128096959196,0.744821866304137,-0.28085752366898803,0.8296271775833082
111219,0,0.0030150593794396,0.006098343218604021,-0.28085752366898803,0.8296271775833082
111221,0,0.1166077233003739,0.12337895204129994,-0.28085752366898803,0.8296271775833082
111226,0,0.3266467348628891,0.2929701368324237,-0.28085752366898803,0.8296271775833082
111228,0,0.0369821577051399,0.04810171093469327,-0.28085752366898803,0.8296271775833082
111229,0,0.0984265934692248,0.10732690735447575,-0.28085752366898803,0.8296271775833082
111232,0,0.0084205447340419,0.01424449195157614,-0.28085752366898803,0.8296271775833082
111233,0,0.0565738865478897,0.06815360330450691,-0.28085752366898803,0.8296271775833082
111234,0,0.0565082242230659,0.068088776593756,-0.28085752366898803,0.8296271775833082
111238,0,0.0317815897088544,0.04247902211720016,-0.28085752366898803,0.8296271775833082
111242,0,0.0043787152284907,0.008302001573385674,-0.28085752366898803,0.8296271775833082
111244,0,0.024904555024305,0.03477365885312662,-0.28085752366898803,0.8296271775833082
111245,0,0.0455125982495324,0.057024100446194444,-0.28085752366898803,0.8296271775833082
111249,0,0.0031042315405241,0.006247132092896555,-0.28085752366898803,0.8296271775833082
111250,0,0.1275927581026576,0.13287856511617452,-0.28085752366898803,0.8296271775833082
111253,0,0.0646923973968859,0.07606988348397882,-0.28085752366898803,0.8296271775833082
111257,0,0.1456832486873251,0.14825443413096626,-0.28085752366898803,0.8296271775833082
111262,0,0.1466057393949523,0.14903056237026605,-0.28085752366898803,0.8296271775833082
111263,0,0.0599313012358548,0.0714506133924038,-0.28085752366898803,0.8296271775833082
111265,0,0.0012831696644261,0.0030070022124028583,-0.28085752366898803,0.8296271775833082
111266,0,0.166993249471868,0.1660143866042626,-0.28085752366898803,0.8296271775833082
111268,1,0.1416611617989009,0.14486198420139113,-0.28085752366898803,0.8296271775833082
111270,1,0.004589146800629,0.008630328371235558,-0.28085752366898803,0.8296271775833082
111271,0,0.0122659225056642,0.01942173024474888,-0.28085752366898803,0.8296271775833082
111280,1,0.0105828923779624,0.017198182286732765,-0.28085752366898803,0.8296271775833082
111288,0,0.1270155998681036,0.13238274914685844,-0.28085752366898803,0.8296271775833082
111290,0,0.0065045811637614,0.011511589961406454,-0.28085752366898803,0.8296271775833082
111296,0,0.0234176089757156,0.03305910032563351,-0.28085752366898803,0.8296271775833082
111300,0,0.1527970601380602,0.15422151184934765,-0.28085752366898803,0.8296271775833082
111301,0,0.012119581071752,0.019230679311081602,-0.28085752366898803,0.8296271775833082
111302,0,0.0036595942974298,0.00715787403805833,-0.28085752366898803,0.8296271775833082
111303,0,0.0600484615108242,0.07156505520653791,-0.28085752366898803,0.8296271775833082
111304,0,0.1199753323692974,0.12630568153103666,-0.28085752366898803,0.8296271775833082
111305,0,0.0858317932195227,0.09591643959936862,-0.28085752366898803,0.8296271775833082
111307,0,0.0857947285835713,0.09588245468131654,-0.28085752366898803,0.8296271775833082
111309,0,0.0181801352911815,0.026849140289905413,-0.28085752366898803,0.8296271775833082
111311,0,0.1172523268793626,0.12394020085969676,-0.28085752366898803,0.8296271775833082
111315,0,0.0259897532409137,0.03601314389942924,-0.28085752366898803,0.8296271775833082
111320,0,0.0614096868580893,0.07289177854951207,-0.28085752366898803,0.8296271775833082
111321,0,0.0868825709275929,0.09687885894895099,-0.28085752366898803,0.8296271775833082
111322,0,0.0756480401530944,0.0864781518826835,-0.28085752366898803,0.8296271775833082
111324,0,0.0657974975717952,0.07713321792063807,-0.28085752366898803,0.8296271775833082
111325,0,0.0307343589011077,0.041327095691198384,-0.28085752366898803,0.8296271775833082
111328,0,0.1146843638792874,0.12170132642071775,-0.28085752366898803,0.8296271775833082
111332,0,0.003746473495724,0.0072980664476538165,-0.28085752366898803,0.8296271775833082
111336,0,0.0956800539754382,0.1048609395651616,-0.28085752366898803,0.8296271775833082
111337,0,0.0226064350789566,0.03211541515142161,-0.28085752366898803,0.8296271775833082
111338,0,0.0704873014708805,0.08161114299504459,-0.28085752366898803,0.8296271775833082
111343,0,0.0277176027546361,0.037967364228524904,-0.28085752366898803,0.8296271775833082
111348,0,0.0292536740979457,0.0396860057152622,-0.28085752366898803,0.8296271775833082
111352,0,0.0136683588630935,0.021232590014853427,-0.28085752366898803,0.8296271775833082
111354,0,0.2220148210251856,0.21062210833919226,-0.28085752366898803,0.8296271775833082
111357,0,0.0967404186544527,0.1058143802226233,-0.28085752366898803,0.8296271775833082
111358,0,0.0298231261098463,0.040318906910257434,-0.28085752366898803,0.8296271775833082
111360,0,0.2506151445419474,0.23333467848092196,-0.28085752366898803,0.8296271775833082
111361,0,0.0184642988765505,0.02719374325822756,-0.28085752366898803,0.8296271775833082
111364,1,0.1381406664473637,0.1418808659930741,-0.28085752366898803,0.8296271775833082
111365,0,0.0036845892760475,0.007198266424616152,-0.28085752366898803,0.8296271775833082
111366,0,0.0154498924280627,0.02348536475998815,-0.28085752366898803,0.8296271775833082
111372,0,0.0182724888094707,0.02696124342931233,-0.28085752366898803,0.8296271775833082
111378,0,0.3721127058645437,0.3285195583867678,-0.28085752366898803,0.8296271775833082
111380,1,0.691946912567597,0.5964048812511217,-0.28085752366898803,0.8296271775833082
111382,0,0.1897728877147481,0.18466582410650895,-0.28085752366898803,0.8296271775833082
111385,0,0.01268142000844,0.019961949778471575,-0.28085752366898803,0.8296271775833082
111391,0,0.0003700557238094,0.0010730830653920824,-0.28085752366898803,0.8296271775833082
111395,1,0.8125954961232134,0.7183265219453292,-0.28085752366898803,0.8296271775833082
111396,0,0.0170286109544005,0.025442460872477844,-0.28085752366898803,0.8296271775833082
111397,0,0.077634594305486,0.08833587472663525,-0.28085752366898803,0.8296271775833082
111400,0,0.0450304484248378,0.05652848701940614,-0.28085752366898803,0.8296271775833082
111402,0,0.0148251544258239,0.022701019081608417,-0.28085752366898803,0.8296271775833082
111403,0,0.0092985843400977,0.01545854112395679,-0.28085752366898803,0.8296271775833082
111417,0,0.0878204720190555,0.09773619984789425,-0.28085752366898803,0.8296271775833082
111418,0,0.0002517155449501,0.0007796043870633419,-0.28085752366898803,0.8296271775833082
111420,0,0.4741849394971875,0.40936252932233996,-0.28085752366898803,0.8296271775833082
111424,1,0.0947719689866324,0.10404300176801493,-0.28085752366898803,0.8296271775833082
111425,0,0.0366061156009227,0.0477002443280284,-0.28085752366898803,0.8296271775833082
111426,0,0.0048024432480713,0.008960426623714228,-0.28085752366898803,0.8296271775833082
111428,0,0.1181694121067677,0.12473784513648226,-0.28085752366898803,0.8296271775833082
111431,0,0.1651946764972451,0.16452816383528304,-0.28085752366898803,0.8296271775833082
111433,0,0.0510261436761042,0.06262648597192755,-0.28085752366898803,0.8296271775833082
111434,1,0.2570962513238857,0.2384514570627878,-0.28085752366898803,0.8296271775833082
111436,0,0.0051295325446836,0.009461666885499136,-0.28085752366898803,0.8296271775833082
111441,0,0.1302364636242259,0.13514525862362026,-0.28085752366898803,0.8296271775833082
111449,0,0.04077395761127,0.05210962670382249,-0.28085752366898803,0.8296271775833082
111452,0,0.1027214542236214,0.11116005038724723,-0.28085752366898803,0.8296271775833082
111453,0,0.0081595320010394,0.013879310544460814,-0.28085752366898803,0.8296271775833082
111455,0,0.0742739178696619,0.08518812932924455,-0.28085752366898803,0.8296271775833082
111456,0,0.0285426383408773,0.03889256703107105,-0.28085752366898803,0.8296271775833082
111459,0,0.035506144741678,0.04652153199152157,-0.28085752366898803,0.8296271775833082
111461,0,0.024933352382676,0.034806676291608364,-0.28085752366898803,0.8296271775833082
111463,0,0.0701069427364422,0.08124998734493201,-0.28085752366898803,0.8296271775833082
111465,0,9.389537527606923e-05,0.0003441166308109804,-0.28085752366898803,0.8296271775833082
111479,0,0.0259427219176347,0.035959624830149355,-0.28085752366898803,0.8296271775833082
111486,0,0.0393929038323011,0.0506580958253095,-0.28085752366898803,0.8296271775833082
111493,0,0.1585349465073018,0.15900556400792323,-0.28085752366898803,0.8296271775833082
111497,0,0.0014385778521309,0.0033055986725616503,-0.28085752366898803,0.8296271775833082
111501,0,0.0535119006036535,0.06511579376110466,-0.28085752366898803,0.8296271775833082
111502,0,0.642616847881801,0.5512983877606304,-0.28085752366898803,0.8296271775833082
111503,0,0.1735850908050228,0.17144341443290276,-0.28085752366898803,0.8296271775833082
111507,0,0.0338845573393795,0.04477156285191364,-0.28085752366898803,0.8296271775833082
111508,0,0.1231179673083623,0.12902511509247325,-0.28085752366898803,0.8296271775833082
111510,0,0.0129105146219385,0.02025844322771843,-0.28085752366898803,0.8296271775833082
111511,0,0.0336219636192333,0.04448675305922318,-0.28085752366898803,0.8296271775833082
111516,1,0.063078605042043,0.07451121987370248,-0.28085752366898803,0.8296271775833082
111522,0,0.0955118454304066,0.10470952892581345,-0.28085752366898803,0.8296271775833082
111533,0,0.0123841518796662,0.019575780417928894,-0.28085752366898803,0.8296271775833082
111534,0,0.0293679177305611,0.039813158071198604,-0.28085752366898803,0.8296271775833082
111535,1,0.2909022010131138,0.26501559928197854,-0.28085752366898803,0.8296271775833082
111537,0,0.0099981885102731,0.016411171616246483,-0.28085752366898803,0.8296271775833082
111542,0,0.0385592442745833,0.04977739980622046,-0.28085752366898803,0.8296271775833082
111543,0,0.0038147441065988,0.007407830506763965,-0.28085752366898803,0.8296271775833082
111550,1,0.1862907824951923,0.18183384295709534,-0.28085752366898803,0.8296271775833082
111551,0,0.0070348971213189,0.012280859685316057,-0.28085752366898803,0.8296271775833082
111554,0,0.0526007288572149,0.06420580591111172,-0.28085752366898803,0.8296271775833082
111555,1,0.0487926713603494,0.06037099868148452,-0.28085752366898803,0.8296271775833082
111557,0,0.0045616751956131,0.008587618791081147,-0.28085752366898803,0.8296271775833082
111564,1,0.9448338089990116,0.8885317109239748,-0.28085752366898803,0.8296271775833082
111571,0,0.0791126744785152,0.08971268894692608,-0.28085752366898803,0.8296271775833082
111585,0,0.0138015846109067,0.021402818800475846,-0.28085752366898803,0.8296271775833082
111586,0,0.0713351607215079,0.08241495702872664,-0.28085752366898803,0.8296271775833082
111588,0,0.0807157879710131,0.09120089755933158,-0.28085752366898803,0.8296271775833082
111589,0,0.0744399657482745,0.08534423649776349,-0.28085752366898803,0.8296271775833082
111590,0,0.162966773717079,0.16268412742522878,-0.28085752366898803,0.8296271775833082
111595,0,0.0088394747400205,0.014826427040653466,-0.28085752366898803,0.8296271775833082
111598,1,0.3214166748309814,0.2888836288792857,-0.28085752366898803,0.8296271775833082
111602,0,0.0479468632729392,0.05951198800676455,-0.28085752366898803,0.8296271775833082
111608,0,0.0350586395268766,0.04604008752974918,-0.28085752366898803,0.8296271775833082
111610,0,0.0273282047436186,0.03752894470067861,-0.28085752366898803,0.8296271775833082
111613,0,0.0088457949112546,0.014835168075512176,-0.28085752366898803,0.8296271775833082
111618,0,0.0115920658521349,0.01853850302841242,-0.28085752366898803,0.8296271775833082
111620,0,0.0114248977568712,0.018317980078128022,-0.28085752366898803,0.8296271775833082
111625,0,0.080067674720043,0.09059986565144931,-0.28085752366898803,0.8296271775833082
111629,0,0.1476680542268323,0.14992344887469647,-0.28085752366898803,0.8296271775833082
111632,0,0.0526957368879601,0.06430082308070934,-0.28085752366898803,0.8296271775833082
111633,0,0.0559257289649784,0.06751309637297669,-0.28085752366898803,0.8296271775833082
111638,0,0.0262538434679847,0.03631333623655518,-0.28085752366898803,0.8296271775833082
111639,0,0.2294698957375545,0.2165661425870612,-0.28085752366898803,0.8296271775833082
111640,1,0.1771301891452691,0.17435194139031956,-0.28085752366898803,0.8296271775833082
111643,0,0.0753930499910151,0.08623908160627058,-0.28085752366898803,0.8296271775833082
111645,0,0.0424308318415795,0.05383926408388064,-0.28085752366898803,0.8296271775833082
111652,0,0.0002880763741804,0.0008718894705019704,-0.28085752366898803,0.8296271775833082
111655,1,0.0126128056961153,0.019872961920612768,-0.28085752366898803,0.8296271775833082
111659,0,0.0093145052332528,0.015480359717321968,-0.28085752366898803,0.8296271775833082
111660,0,0.0049381800754615,0.009169142721203715,-0.28085752366898803,0.8296271775833082
111664,0,0.091281063354096,0.10088610492920218,-0.28085752366898803,0.8296271775833082
111666,0,0.1302519467750508,0.1351585126712375,-0.28085752366898803,0.8296271775833082
111668,1,0.6939898344362754,0.5983208605578539,-0.28085752366898803,0.8296271775833082
111669,0,0.2702930626368985,0.24884341013822403,-0.28085752366898803,0.8296271775833082
111671,0,0.0062610834968016,0.0111546771885741,-0.28085752366898803,0.8296271775833082
111673,0,0.0189913975041126,0.02783041328005952,-0.28085752366898803,0.8296271775833082
111675,0,0.0243182467353533,0.03409989936793245,-0.28085752366898803,0.8296271775833082
111676,1,0.071797368838616,0.082852440572813,-0.28085752366898803,0.8296271775833082
111679,1,0.0028298727373717,0.005786850404190061,-0.28085752366898803,0.8296271775833082
111683,0,0.0011260357657132,0.0026986405474860517,-0.28085752366898803,0.8296271775833082
111688,0,0.0297979165302447,0.040290935536572044,-0.28085752366898803,0.8296271775833082
111692,0,0.0278802540955614,0.03815015743739355,-0.28085752366898803,0.8296271775833082
111693,0,0.0016382425862732,0.003681176723329947,-0.28085752366898803,0.8296271775833082
111695,0,0.0079472303571232,0.013580741340204844,-0.28085752366898803,0.8296271775833082
111705,0,0.0050829001754082,0.009390559451068772,-0.28085752366898803,0.8296271775833082
111707,0,0.2904304244076578,0.2646460010377799,-0.28085752366898803,0.8296271775833082
111710,0,0.0051426716086468,0.009481681342030023,-0.28085752366898803,0.8296271775833082
111712,1,0.6343063679561609,0.5438987190280312,-0.28085752366898803,0.8296271775833082
111717,0,0.0124626591567717,0.019677927036447634,-0.28085752366898803,0.8296271775833082
111719,0,0.003341004055241,0.006638641906934505,-0.28085752366898803,0.8296271775833082
111724,0,0.0033922049429725,0.006722654245768008,-0.28085752366898803,0.8296271775833082
111726,0,0.012062256605685,0.019155728228807452,-0.28085752366898803,0.8296271775833082
111728,0,0.1587241280371549,0.15916287896164263,-0.28085752366898803,0.8296271775833082
111729,0,0.0239859119480039,0.03371667901911943,-0.28085752366898803,0.8296271775833082
111732,0,0.0132973626158821,0.020756958230769975,-0.28085752366898803,0.8296271775833082
111733,0,0.0369432029100343,0.04806015718149746,-0.28085752366898803,0.8296271775833082
111736,0,0.112034833105953,0.11938283426449643,-0.28085752366898803,0.8296271775833082
111741,0,0.0186683824978402,0.02744063840415375,-0.28085752366898803,0.8296271775833082
111744,0,0.0030674435275684,0.0061858410659674625,-0.28085752366898803,0.8296271775833082
111745,0,0.3035969350783903,0.274952871098806,-0.28085752366898803,0.8296271775833082
111751,0,0.0944246418576535,0.10372980379703753,-0.28085752366898803,0.8296271775833082
111753,0,0.0725462804078994,0.08356023557962758,-0.28085752366898803,0.8296271775833082
111754,0,0.0371958648092312,0.04832953377822945,-0.28085752366898803,0.8296271775833082
111760,1,0.0211251953156495,0.030376004611535175,-0.28085752366898803,0.8296271775833082
111765,0,0.1243359214713212,0.1300760943469078,-0.28085752366898803,0.8296271775833082
111766,0,0.1108631074824861,0.1183546760511361,-0.28085752366898803,0.8296271775833082
111767,0,0.0127785070609261,0.02008771652519707,-0.28085752366898803,0.8296271775833082
111768,0,0.0562987054967049,0.06788183315422301,-0.28085752366898803,0.8296271775833082
111770,0,0.0653398472258312,0.07669325391574441,-0.28085752366898803,0.8296271775833082
111773,0,0.0002534628590179,0.0007840890659751386,-0.28085752366898803,0.8296271775833082
111774,0,0.0010664732376987,0.0025798487108748434,-0.28085752366898803,0.8296271775833082
111776,0,0.0614482751542442,0.07292931127584322,-0.28085752366898803,0.8296271775833082
111778,0,0.0066758044602895,0.011761142050477767,-0.28085752366898803,0.8296271775833082
111779,0,0.0325579093132301,0.043328465190623895,-0.28085752366898803,0.8296271775833082
111783,0,0.0351539852517938,0.046142758217861644,-0.28085752366898803,0.8296271775833082
111787,0,0.1015567877834312,0.11012328555088856,-0.28085752366898803,0.8296271775833082
111789,0,0.0077859884457494,0.013353028796836284,-0.28085752366898803,0.8296271775833082
111791,0,0.204319286203165,0.19643170516237127,-0.28085752366898803,0.8296271775833082
111792,0,0.0241186681917411,0.03386987793188147,-0.28085752366898803,0.8296271775833082
111795,0,0.0216559315335334,0.031001726473311973,-0.28085752366898803,0.8296271775833082
111796,0,0.0046551903380371,0.008732821227740847,-0.28085752366898803,0.8296271775833082
111797,1,0.099413742569334,0.10821037077095129,-0.28085752366898803,0.8296271775833082
111801,0,0.009839517185453,0.01619619120651539,-0.28085752366898803,0.8296271775833082
111802,0,0.001065485856744,0.002577869972964601,-0.28085752366898803,0.8296271775833082
111803,0,0.2891727356425131,0.2636605859425615,-0.28085752366898803,0.8296271775833082
111804,0,0.4110739385871482,0.3591324952466465,-0.28085752366898803,0.8296271775833082
111810,0,0.1155927415942057,0.12249420727453392,-0.28085752366898803,0.8296271775833082
111821,0,0.0723143187167484,0.08334114773034218,-0.28085752366898803,0.8296271775833082
111825,0,0.178727383336974,0.17565988594307638,-0.28085752366898803,0.8296271775833082
111827,1,0.0786160149304921,0.08925056285326467,-0.28085752366898803,0.8296271775833082
111831,0,0.1365042761628934,0.14049132236846226,-0.28085752366898803,0.8296271775833082
111833,0,0.0112548438310788,0.018093053524743295,-0.28085752366898803,0.8296271775833082
111837,0,0.0245172700613235,0.03432893757282807,-0.28085752366898803,0.8296271775833082
111839,0,0.2238016874121162,0.21204850918742457,-0.28085752366898803,0.8296271775833082
111840,0,0.1266506131220567,0.13206902103688387,-0.28085752366898803,0.8296271775833082
111846,0,0.0272180374243847,0.03740470146201991,-0.28085752366898803,0.8296271775833082
111849,0,0.0626636909913954,0.07410933170033604,-0.28085752366898803,0.8296271775833082
111850,0,0.0617498227773651,0.07322246471183651,-0.28085752366898803,0.8296271775833082
111859,0,0.4373284870937537,0.3799093441640415,-0.28085752366898803,0.8296271775833082
111860,0,0.0611634421825027,0.0726521699504528,-0.28085752366898803,0.8296271775833082
111864,0,0.0139116587321229,0.021543241606683153,-0.28085752366898803,0.8296271775833082
111869,0,0.0077763420516582,0.013339379243677384,-0.28085752366898803,0.8296271775833082
111870,0,0.0149775065404809,0.022892836946398997,-0.28085752366898803,0.8296271775833082
111872,0,0.0184047161549476,0.027121568165264086,-0.28085752366898803,0.8296271775833082
111874,0,0.0170558786138395,0.025475966226659538,-0.28085752366898803,0.8296271775833082
111875,0,0.0969720606351057,0.106022428630986,-0.28085752366898803,0.8296271775833082
111876,0,0.5367019078972263,0.46037266878122235,-0.28085752366898803,0.8296271775833082
111878,0,0.017107407717158,0.025539256477031928,-0.28085752366898803,0.8296271775833082
111879,0,0.156963766203111,0.15769802518137283,-0.28085752366898803,0.8296271775833082
111882,0,0.013673444976401,0.02123909426949692,-0.28085752366898803,0.8296271775833082
111883,0,0.359888937869646,0.3189513419971909,-0.28085752366898803,0.8296271775833082
111884,0,0.1081907738908492,0.11600309314152732,-0.28085752366898803,0.8296271775833082
111887,0,0.0247745223533864,0.03462448361505307,-0.28085752366898803,0.8296271775833082
111890,0,0.0979280758063828,0.10688018635559303,-0.28085752366898803,0.8296271775833082
111893,0,0.1353140746035156,0.13947908086737842,-0.28085752366898803,0.8296271775833082
111894,0,0.0064371962058916,0.011413059933995048,-0.28085752366898803,0.8296271775833082
111896,0,0.1248999798447009,0.1305622745092692,-0.28085752366898803,0.8296271775833082
111900,0,0.0395748263805122,0.05084982763254632,-0.28085752366898803,0.8296271775833082
111901,0,0.0275326198048467,0.03775923519567337,-0.28085752366898803,0.8296271775833082
111904,0,0.0096168452224622,0.01589344504077501,-0.28085752366898803,0.8296271775833082
111906,0,0.0507012428252669,0.06229951509534124,-0.28085752366898803,0.8296271775833082
111908,0,0.0060025062220488,0.010772951536703268,-0.28085752366898803,0.8296271775833082
111909,0,0.5459090909782108,0.4680243247588698,-0.28085752366898803,0.8296271775833082
111911,0,0.2069381231170418,0.1985397215531201,-0.28085752366898803,0.8296271775833082
111918,1,0.3391564974254322,0.3027440524885615,-0.28085752366898803,0.8296271775833082
111921,0,0.0520912028275668,0.0636956983488627,-0.28085752366898803,0.8296271775833082
111922,0,0.0361220760926254,0.04718236514268045,-0.28085752366898803,0.8296271775833082
111923,1,0.7454328773489448,0.6480535665566554,-0.28085752366898803,0.8296271775833082
111925,0,0.0160754039865793,0.024264942191426397,-0.28085752366898803,0.8296271775833082
111927,0,0.2768993763010848,0.2540340110972936,-0.28085752366898803,0.8296271775833082
111928,0,0.0058196741853186,0.010501286869997491,-0.28085752366898803,0.8296271775833082
111930,1,0.1485403602222745,0.15065593327242657,-0.28085752366898803,0.8296271775833082
111934,0,0.0250000669141726,0.034883140672146415,-0.28085752366898803,0.8296271775833082
111935,0,0.0049896983706852,0.00924809362529638,-0.28085752366898803,0.8296271775833082
111938,0,0.0074236624919371,0.012838231408282797,-0.28085752366898803,0.8296271775833082
111942,0,0.0248870216568056,0.034753552657604714,-0.28085752366898803,0.8296271775833082
111943,1,0.1589600382982837,0.1593590149223617,-0.28085752366898803,0.8296271775833082
111944,0,0.202899044658996,0.19528725057689866,-0.28085752366898803,0.8296271775833082
111947,0,0.2663954520041524,0.24577762094232794,-0.28085752366898803,0.8296271775833082
111960,0,0.0029909175124555,0.0060579294149403036,-0.28085752366898803,0.8296271775833082
111968,0,0.102890539065835,0.11131040336853781,-0.28085752366898803,0.8296271775833082
111970,0,0.0304220699593871,0.04098220348811783,-0.28085752366898803,0.8296271775833082
111971,0,0.0212023963497407,0.030467198905364035,-0.28085752366898803,0.8296271775833082
111972,0,0.0027904424876177,0.005720072998011166,-0.28085752366898803,0.8296271775833082
111973,0,0.0992697372163732,0.10808158319323186,-0.28085752366898803,0.8296271775833082
111974,0,0.0153962369442207,0.02341823011306712,-0.28085752366898803,0.8296271775833082
111977,0,0.1580277130692236,0.15858364209416373,-0.28085752366898803,0.8296271775833082
111979,0,0.0001435867514147,0.0004894427415116172,-0.28085752366898803,0.8296271775833082
111982,0,0.6494669828876837,0.5574381061993862,-0.28085752366898803,0.8296271775833082
111983,0,0.1804951586367183,0.17710578960505832,-0.28085752366898803,0.8296271775833082
111986,0,0.5415091480369487,0.4643627103526824,-0.28085752366898803,0.8296271775833082
111990,0,0.8960229540715725,0.8184661740195921,-0.28085752366898803,0.8296271775833082
111994,1,0.2609030171583337,0.24145261327292605,-0.28085752366898803,0.8296271775833082
111995,0,0.104889072059578,0.11308444250303887,-0.28085752366898803,0.8296271775833082
112001,0,0.4655287329854342,0.4024102281689375,-0.28085752366898803,0.8296271775833082
112005,1,0.2869937080416345,0.2619528656379368,-0.28085752366898803,0.8296271775833082
112008,0,0.024637834882607,0.03446751950531695,-0.28085752366898803,0.8296271775833082
112011,0,0.0901672190258375,0.09987452987897026,-0.28085752366898803,0.8296271775833082
112012,0,0.0154694416029887,0.02350981450920155,-0.28085752366898803,0.8296271775833082
112015,0,0.0074763550602792,0.012913371169098381,-0.28085752366898803,0.8296271775833082
112018,0,0.0986258086208017,0.10750531727829737,-0.28085752366898803,0.8296271775833082
112023,0,0.0047162195150031,0.008827304497952972,-0.28085752366898803,0.8296271775833082
112028,0,0.0427305215961974,0.05415078546598011,-0.28085752366898803,0.8296271775833082
112031,0,0.0751941922589332,0.08605254049301428,-0.28085752366898803,0.8296271775833082
112038,0,0.0177228239777834,0.026292494916044684,-0.28085752366898803,0.8296271775833082
112047,1,0.1520402428015053,0.15358862395203743,-0.28085752366898803,0.8296271775833082
112052,0,0.1588278557451075,0.1592491232415049,-0.28085752366898803,0.8296271775833082
112055,0,0.0028580655536307,0.005834496808926092,-0.28085752366898803,0.8296271775833082
112060,0,0.052395987220785,0.06400093873352729,-0.28085752366898803,0.8296271775833082
112067,0,0.0412311971401874,0.05258820804168355,-0.28085752366898803,0.8296271775833082
112071,0,0.0850804907665264,0.09522706626172567,-0.28085752366898803,0.8296271775833082
112072,0,0.3732962838815099,0.3294467087774471,-0.28085752366898803,0.8296271775833082
112073,0,0.0164873161105679,0.02477529955020525,-0.28085752366898803,0.8296271775833082
112080,0,0.0449290432475791,0.05642412735331669,-0.28085752366898803,0.8296271775833082
112084,1,0.2120401217813805,0.20263832851318947,-0.28085752366898803,0.8296271775833082
112086,0,0.052274176033087,0.06387898402404282,-0.28085752366898803,0.8296271775833082
112088,0,0.0029465985499634,0.005983589827521195,-0.28085752366898803,0.8296271775833082
112089,0,0.0165139824430215,0.024808258717231118,-0.28085752366898803,0.8296271775833082
112090,0,0.0247777235770137,0.0346281578177508,-0.28085752366898803,0.8296271775833082
112098,0,0.0334486896572086,0.04429859672272396,-0.28085752366898803,0.8296271775833082
112102,0,0.0242892846528704,0.034066540991464736,-0.28085752366898803,0.8296271775833082
112106,0,0.0591483030941671,0.07068474511055922,-0.28085752366898803,0.8296271775833082
112109,0,0.02742759133386,0.037640951152498076,-0.28085752366898803,0.8296271775833082
112110,0,0.0012046116649843,0.0028537089728702374,-0.28085752366898803,0.8296271775833082
112113,0,0.0880134218326947,0.09791238051007754,-0.28085752366898803,0.8296271775833082
112115,0,0.0586731865430727,0.07021913398350657,-0.28085752366898803,0.8296271775833082
112116,0,0.0317962157822053,0.042495060710568945,-0.28085752366898803,0.8296271775833082
112122,0,0.0006062280749871,0.0016155813695425709,-0.28085752366898803,0.8296271775833082
112124,0,0.0436743690212029,0.055129306560797106,-0.28085752366898803,0.8296271775833082
112126,0,0.1997226354304553,0.19272439996330276,-0.28085752366898803,0.8296271775833082
112128,0,0.0722195237061746,0.08325157808231044,-0.28085752366898803,0.8296271775833082
112131,0,0.0448501787893535,0.05634293545335464,-0.28085752366898803,0.8296271775833082
112132,0,0.1019880152179489,0.11050738627462847,-0.28085752366898803,0.8296271775833082
112134,0,0.116932455151785,0.12366175433035748,-0.28085752366898803,0.8296271775833082
112136,0,0.1279585042927612,0.13319258393890754,-0.28085752366898803,0.8296271775833082
112139,0,0.2330273978870299,0.21939623852122167,-0.28085752366898803,0.8296271775833082
112145,0,0.0012682320331145,0.0029779818228763805,-0.28085752366898803,0.8296271775833082
112146,0,0.0314162226627458,0.04207792904782986,-0.28085752366898803,0.8296271775833082
112148,0,0.1959907857035985,0.18970747747139624,-0.28085752366898803,0.8296271775833082
112149,0,0.1996152459872462,0.1926376741248445,-0.28085752366898803,0.8296271775833082
112156,0,0.0026219955741883,0.005432904615046206,-0.28085752366898803,0.8296271775833082
112158,0,0.0045110949110772,0.008508863683772223,-0.28085752366898803,0.8296271775833082
112159,0,0.0361957653439544,0.047261287645995964,-0.28085752366898803,0.8296271775833082
112161,0,0.0530838711134526,0.06468867294429972,-0.28085752366898803,0.8296271775833082
112165,0,0.0070101365282778,0.012245177563610854,-0.28085752366898803,0.8296271775833082
112168,0,0.2580823028246951,0.23922912473361632,-0.28085752366898803,0.8296271775833082
112171,0,0.0103320422738529,0.016861520237508726,-0.28085752366898803,0.8296271775833082
112173,0,0.0064563661655765,0.011441108738042187,-0.28085752366898803,0.8296271775833082
112174,0,0.0093267621476382,0.015497152505398938,-0.28085752366898803,0.8296271775833082
112182,0,0.2402441825596658,0.22512576802979434,-0.28085752366898803,0.8296271775833082
112184,0,0.0893840845918626,0.0991620200589444,-0.28085752366898803,0.8296271775833082
112186,0,0.0290437572131616,0.0394521323372105,-0.28085752366898803,0.8296271775833082
112187,1,0.0548977254928304,0.06649446634809496,-0.28085752366898803,0.8296271775833082
112191,0,0.0215193000913978,0.03084091222443968,-0.28085752366898803,0.8296271775833082
112193,0,0.0286126972006243,0.03897090444717496,-0.28085752366898803,0.8296271775833082
112195,0,0.1524896636985515,0.1539645058662235,-0.28085752366898803,0.8296271775833082
112201,0,0.0008487064756463,0.0021350918583474513,-0.28085752366898803,0.8296271775833082
112208,0,0.0132926832524833,0.020750943918787915,-0.28085752366898803,0.8296271775833082
112210,0,0.0753684063192102,0.08621596898980295,-0.28085752366898803,0.8296271775833082
112212,0,0.684974903086393,0.5898967837544764,-0.28085752366898803,0.8296271775833082
112213,0,0.1443795869642362,0.14715638299409634,-0.28085752366898803,0.8296271775833082
112215,0,0.0417517729148117,0.053131903335224634,-0.28085752366898803,0.8296271775833082
112218,0,0.0638655080553152,0.07527212188710468,-0.28085752366898803,0.8296271775833082
112219,0,0.0033982073129118,0.006732488543281317,-0.28085752366898803,0.8296271775833082
112222,0,0.0089795187136866,0.015019852709981421,-0.28085752366898803,0.8296271775833082
112226,0,0.0960158046857876,0.10516302647617133,-0.28085752366898803,0.8296271775833082
112228,0,0.0003696848949693,0.0010721914973898503,-0.28085752366898803,0.8296271775833082
112230,0,0.0891260635623233,0.09892703388980478,-0.28085752366898803,0.8296271775833082
112231,0,0.1981520411905672,0.19145548545847618,-0.28085752366898803,0.8296271775833082
112235,0,0.0930457907890044,0.10248450330077144,-0.28085752366898803,0.8296271775833082
112238,0,0.0742904694667967,0.0852036927976603,-0.28085752366898803,0.8296271775833082
112239,0,0.0247064806824646,0.03454636827618482,-0.28085752366898803,0.8296271775833082
112240,0,0.0114910344756242,0.01840529455503778,-0.28085752366898803,0.8296271775833082
112242,0,0.0804329577750163,0.09093871711717844,-0.28085752366898803,0.8296271775833082
112243,0,0.0394725500718435,0.050742056467930445,-0.28085752366898803,0.8296271775833082
112248,0,0.0420147228238723,0.053406059912595984,-0.28085752366898803,0.8296271775833082
112251,0,0.0600024043749982,0.07152007152500084,-0.28085752366898803,0.8296271775833082
112252,0,0.0482232288732889,0.0597929684074589,-0.28085752366898803,0.8296271775833082
112256,0,0.0076400292886197,0.0131461731149682,-0.28085752366898803,0.8296271775833082
112265,0,0.0121199714877614,0.0192311895561789,-0.28085752366898803,0.8296271775833082
112271,0,0.0947920853373319,0.10406113547099653,-0.28085752366898803,0.8296271775833082
112275,0,0.0835314208752996,0.09380234512338463,-0.28085752366898803,0.8296271775833082
112280,0,0.0425792520675973,0.053993593913720286,-0.28085752366898803,0.8296271775833082
112284,0,0.0128017666914661,0.020117821450623796,-0.28085752366898803,0.8296271775833082
112285,1,0.4451916226622421,0.38616216406261583,-0.28085752366898803,0.8296271775833082
112289,0,0.0170428118695748,0.025459911575324772,-0.28085752366898803,0.8296271775833082
112294,0,0.0827705110290499,0.09310084187883738,-0.28085752366898803,0.8296271775833082
112296,0,0.0261270654235142,0.03616929643971733,-0.28085752366898803,0.8296271775833082
112299,0,0.019166003541393,0.02804060321172185,-0.28085752366898803,0.8296271775833082
112300,0,0.1887883210593165,0.18386572273137536,-0.28085752366898803,0.8296271775833082
112303,0,0.2809677210824964,0.2572272215926466,-0.28085752366898803,0.8296271775833082
112305,0,0.4798175661866811,0.41389915291390733,-0.28085752366898803,0.8296271775833082
112309,0,0.0137061149576427,0.021280863078595526,-0.28085752366898803,0.8296271775833082
112312,0,0.1049356465662848,0.11312571809417932,-0.28085752366898803,0.8296271775833082
112317,0,0.1217087159634428,0.12780701601956404,-0.28085752366898803,0.8296271775833082
112320,0,0.085162581935759,0.09530244178225783,-0.28085752366898803,0.8296271775833082
112321,0,0.1304335348323891,0.13531393944357728,-0.28085752366898803,0.8296271775833082
112327,0,0.3564021039913932,0.3162240651258426,-0.28085752366898803,0.8296271775833082
112330,1,0.0181807289667434,0.0268498612520837,-0.28085752366898803,0.8296271775833082
112333,0,0.2590563788097346,0.23999714657633342,-0.28085752366898803,0.8296271775833082
112335,0,0.0089754738275634,0.015014273608810077,-0.28085752366898803,0.8296271775833082
112341,0,0.0006201656507881,0.0016463049967224324,-0.28085752366898803,0.8296271775833082
112347,0,0.0473021663023271,0.05885537606727975,-0.28085752366898803,0.8296271775833082
112349,0,0.0695647002240491,0.08073451898453303,-0.28085752366898803,0.8296271775833082
112354,0,0.0197401761701037,0.02872935301155843,-0.28085752366898803,0.8296271775833082
112355,0,0.0141806584180118,0.021885566478911492,-0.28085752366898803,0.8296271775833082
112356,0,0.016565230833394,0.02487157381839458,-0.28085752366898803,0.8296271775833082
112357,0,0.0004160756596792,0.001182591194132924,-0.28085752366898803,0.8296271775833082
112360,0,0.0165028607034163,0.024794513597352432,-0.28085752366898803,0.8296271775833082
112362,1,0.081596276686548,0.09201607900277882,-0.28085752366898803,0.8296271775833082
112363,0,0.0285015686677754,0.038846627968988696,-0.28085752366898803,0.8296271775833082
112365,0,0.0046288946468388,0.008692043913640639,-0.28085752366898803,0.8296271775833082
112368,0,0.1127800005664967,0.12003578847304762,-0.28085752366898803,0.8296271775833082
112371,0,0.0003491402195109,0.001022551941206695,-0.28085752366898803,0.8296271775833082
112375,0,0.0570315908849868,0.06860510672217575,-0.28085752366898803,0.8296271775833082
112377,1,0.0308089776592186,0.04140940953794704,-0.28085752366898803,0.8296271775833082
112383,1,0.2295650501206713,0.21664189231366152,-0.28085752366898803,0.8296271775833082
112385,0,0.0071107744910161,0.012390066697667918,-0.28085752366898803,0.8296271775833082
112389,0,0.0310716184851009,0.041698845695205766,-0.28085752366898803,0.8296271775833082
112391,0,0.0241915267462947,0.03395389019711028,-0.28085752366898803,0.8296271775833082
112399,0,0.0089368126968305,0.01496092567364852,-0.28085752366898803,0.8296271775833082
112406,1,0.4872327586775182,0.4198875718627633,-0.28085752366898803,0.8296271775833082
112412,0,0.0016635294901457,0.0037281573768503658,-0.28085752366898803,0.8296271775833082
112415,1,0.1523544636116724,0.15385144528969158,-0.28085752366898803,0.8296271775833082
112416,0,0.0582124544206859,0.06976697055262492,-0.28085752366898803,0.8296271775833082
112422,0,0.114548463462514,0.121582618275237,-0.28085752366898803,0.8296271775833082
112431,0,0.002837418710569,0.005799611345003574,-0.28085752366898803,0.8296271775833082
112433,0,0.0264202802412651,0.03650224162630896,-0.28085752366898803,0.8296271775833082
112444,0,0.188787835685905,0.18386532817224924,-0.28085752366898803,0.8296271775833082
112446,0,0.1559046259393985,0.15681557353187017,-0.28085752366898803,0.8296271775833082
112448,1,0.6951848424555215,0.5994435339447217,-0.28085752366898803,0.8296271775833082
112450,0,0.0509867189404483,0.06258683024220264,-0.28085752366898803,0.8296271775833082
112451,0,0.0610735108848922,0.07256461906620609,-0.28085752366898803,0.8296271775833082
112454,0,0.1677790956643821,0.16666308160123972,-0.28085752366898803,0.8296271775833082
112456,1,0.9075967292574793,0.8340407608492287,-0.28085752366898803,0.8296271775833082
112464,0,0.0302611486269676,0.040804228988616936,-0.28085752366898803,0.8296271775833082
112466,0,0.2286090214042891,0.21588069319473213,-0.28085752366898803,0.8296271775833082
112467,0,0.1079823937377251,0.11581932670296366,-0.28085752366898803,0.8296271775833082
112468,0,0.0157865261346411,0.023905609352960412,-0.28085752366898803,0.8296271775833082
112475,0,0.2040170580469002,0.1961882384972574,-0.28085752366898803,0.8296271775833082
112480,1,0.0297206297774888,0.040205154737676614,-0.28085752366898803,0.8296271775833082
112488,1,0.4267149358943904,0.37149257514501527,-0.28085752366898803,0.8296271775833082
112499,0,0.0424510997243679,0.05386034477063496,-0.28085752366898803,0.8296271775833082
112501,0,0.1318727466861542,0.136544631260796,-0.28085752366898803,0.8296271775833082
112503,0,0.0715151226404359,0.08258535184859667,-0.28085752366898803,0.8296271775833082
112504,0,0.0515139896808648,0.06311673185346406,-0.28085752366898803,0.8296271775833082
112506,0,0.0279412354265112,0.03821864002016659,-0.28085752366898803,0.8296271775833082
112510,0,0.3063276418494443,0.2770887270557571,-0.28085752366898803,0.8296271775833082
112511,0,0.0507393754110062,0.062337910290023904,-0.28085752366898803,0.8296271775833082
112516,0,0.2359138444970361,0.2216896541438903,-0.28085752366898803,0.8296271775833082
112525,0,0.1656363783842512,0.16489335862999194,-0.28085752366898803,0.8296271775833082
112530,0,0.0574313354298177,0.06899890087845906,-0.28085752366898803,0.8296271775833082
112531,0,0.0166442151247825,0.024969085825734316,-0.28085752366898803,0.8296271775833082
112534,0,0.1343254951968783,0.13863728804073602,-0.28085752366898803,0.8296271775833082
112538,0,0.0063706311902543,0.011315548832657656,-0.28085752366898803,0.8296271775833082
112543,0,0.0961829530574104,0.10531334921835332,-0.28085752366898803,0.8296271775833082
112544,0,0.0010046493644149,0.0024553273597529754,-0.28085752366898803,0.8296271775833082
112546,1,0.4447903665809875,0.38584270880112603,-0.28085752366898803,0.8296271775833082
112547,0,0.0120248101378546,0.019106732747922444,-0.28085752366898803,0.8296271775833082
112551,0,0.0089312054679025,0.014953184914340178,-0.28085752366898803,0.8296271775833082
112553,0,0.021721621956011,0.031078977697274503,-0.28085752366898803,0.8296271775833082
112556,0,0.013483923418443,0.02099643209121503,-0.28085752366898803,0.8296271775833082
112560,1,0.2390645713714911,0.2241902743561651,-0.28085752366898803,0.8296271775833082
112563,0,0.0098588230801355,0.016222381391426406,-0.28085752366898803,0.8296271775833082
112565,1,0.1032576223703893,0.1116366784121939,-0.28085752366898803,0.8296271775833082
112566,0,0.0099096086690087,0.016291232756738664,-0.28085752366898803,0.8296271775833082
112568,0,0.0078331992385523,0.013419788190662725,-0.28085752366898803,0.8296271775833082
112569,0,0.0040195382479676,0.007735054511274776,-0.28085752366898803,0.8296271775833082
112574,0,0.0580041446590437,0.06956232346484445,-0.28085752366898803,0.8296271775833082
112579,0,0.0171689688396267,0.02561482310944132,-0.28085752366898803,0.8296271775833082
112580,0,0.0074100163178732,0.012818756455095831,-0.28085752366898803,0.8296271775833082
112581,1,0.2096156958268354,0.20069203121245502,-0.28085752366898803,0.8296271775833082
112582,0,0.0036151271627471,0.007085894199472039,-0.28085752366898803,0.8296271775833082
112583,1,0.042524086885991,0.05393624372363796,-0.28085752366898803,0.8296271775833082
112586,0,0.0040353130606364,0.007760136475487467,-0.28085752366898803,0.8296271775833082
112587,0,0.0003121997066632,0.0009320057653217468,-0.28085752366898803,0.8296271775833082
112589,0,0.1256495474934076,0.13120781900099168,-0.28085752366898803,0.8296271775833082
112590,0,0.0400032757865893,0.05130074420462258,-0.28085752366898803,0.8296271775833082
112594,0,0.1859090849932019,0.1815230204966483,-0.28085752366898803,0.8296271775833082
112596,0,0.0467442488783345,0.05828583189639365,-0.28085752366898803,0.8296271775833082
112599,0,0.0051543434850977,0.009499453284216667,-0.28085752366898803,0.8296271775833082
112600,0,0.0681858057588397,0.07942047712020724,-0.28085752366898803,0.8296271775833082
112605,0,0.0135034850663724,0.02102150708594121,-0.28085752366898803,0.8296271775833082
112606,0,0.0354514323855424,0.0464627300608925,-0.28085752366898803,0.8296271775833082
112609,0,0.0434775413071028,0.05492556926078226,-0.28085752366898803,0.8296271775833082
112610,0,0.0723751493241423,0.08339861425027502,-0.28085752366898803,0.8296271775833082
112617,0,0.0445965755217998,0.05608167111089526,-0.28085752366898803,0.8296271775833082
112621,0,0.0837372808301651,0.09399194205310259,-0.28085752366898803,0.8296271775833082
112632,1,0.1962086764315529,0.18988380631933327,-0.28085752366898803,0.8296271775833082
112639,0,0.0523024303288152,0.0639072761946327,-0.28085752366898803,0.8296271775833082
112643,0,0.0026103948883019,0.0054130112127224765,-0.28085752366898803,0.8296271775833082
112645,0,0.0009199123830028,0.0022824741985907485,-0.28085752366898803,0.8296271775833082
112648,0,0.1064197255529283,0.11443937113630864,-0.28085752366898803,0.8296271775833082
112659,0,0.0142550577751829,0.021980037838862262,-0.28085752366898803,0.8296271775833082
112660,0,0.0284010794645283,0.03873417321054665,-0.28085752366898803,0.8296271775833082
112661,0,0.0125926139067319,0.01984675799860001,-0.28085752366898803,0.8296271775833082
112664,0,0.0036702847412833,0.007175155919008569,-0.28085752366898803,0.8296271775833082
112666,0,0.0130357913914684,0.020420173741310055,-0.28085752366898803,0.8296271775833082
112667,0,0.06649948531646,0.07780701739915026,-0.28085752366898803,0.8296271775833082
112670,0,0.0153283945658803,0.023333283844357736,-0.28085752366898803,0.8296271775833082
112673,0,0.2698544138496982,0.24849850963850306,-0.28085752366898803,0.8296271775833082
112675,0,0.3135274682712763,0.28271800329640046,-0.28085752366898803,0.8296271775833082
112677,0,0.1644787128201562,0.16393593103298204,-0.28085752366898803,0.8296271775833082
112680,0,0.0475777431851017,0.059136244055666864,-0.28085752366898803,0.8296271775833082
112681,0,0.0565632247208824,0.06814307808324742,-0.28085752366898803,0.8296271775833082
112684,0,0.0251901737961419,0.035100826139431864,-0.28085752366898803,0.8296271775833082
112685,0,0.0384761899349811,0.04968946973349874,-0.28085752366898803,0.8296271775833082
112692,0,0.0613812596178184,0.07286412621839708,-0.28085752366898803,0.8296271775833082
112693,0,0.0170627958646704,0.025484464306242183,-0.28085752366898803,0.8296271775833082
112697,0,0.024752953573282,0.03459972579631083,-0.28085752366898803,0.8296271775833082
112699,0,0.1869722777014892,0.18238860214629796,-0.28085752366898803,0.8296271775833082
112702,0,0.0002109010805236,0.0006732316394076755,-0.28085752366898803,0.8296271775833082
112703,0,0.0356439470040087,0.0466695611165932,-0.28085752366898803,0.8296271775833082
112706,0,0.0011071706864299,0.00266113612708095,-0.28085752366898803,0.8296271775833082
112707,0,0.022936757666778,0.03250043257891325,-0.28085752366898803,0.8296271775833082
112709,0,0.0092577026721776,0.015402484658960795,-0.28085752366898803,0.8296271775833082
112710,0,0.0296490876381301,0.04012571349699692,-0.28085752366898803,0.8296271775833082
112712,0,0.0279793170163868,0.03826139211131922,-0.28085752366898803,0.8296271775833082
112713,0,0.0320809935740746,0.04280707273746799,-0.28085752366898803,0.8296271775833082
112716,0,0.2905762591575324,0.26476025316569946,-0.28085752366898803,0.8296271775833082
112720,0,0.0455465770135231,0.05705899183160844,-0.28085752366898803,0.8296271775833082
112724,0,0.0012258231786547,0.0028952658050605175,-0.28085752366898803,0.8296271775833082
112725,0,0.156025207141494,0.1569160814334476,-0.28085752366898803,0.8296271775833082
112726,0,0.0583168911596927,0.0698695213132764,-0.28085752366898803,0.8296271775833082
112729,0,0.0145557672274635,0.022360971941548433,-0.28085752366898803,0.8296271775833082
112731,0,0.0197630655478597,0.028756733739638763,-0.28085752366898803,0.8296271775833082
112736,0,0.3806306443266502,0.33519528441716456,-0.28085752366898803,0.8296271775833082
112738,0,0.130825337526096,0.13564918184868743,-0.28085752366898803,0.8296271775833082
112739,0,0.1042660895885116,0.11253204594954319,-0.28085752366898803,0.8296271775833082
112744,0,0.0219239423695143,0.031316637213002284,-0.28085752366898803,0.8296271775833082
112747,0,0.0455682131761526,0.057081206638613435,-0.28085752366898803,0.8296271775833082
112749,1,0.3512977331845712,0.3122329068241771,-0.28085752366898803,0.8296271775833082
112751,1,0.014477843785755,0.022262397586819756,-0.28085752366898803,0.8296271775833082
112752,0,0.1544664887887953,0.1556159974745054,-0.28085752366898803,0.8296271775833082
112764,0,0.0813814200396231,0.09181730055382849,-0.28085752366898803,0.8296271775833082
112769,0,0.0354119766920026,0.04642031487075747,-0.28085752366898803,0.8296271775833082
112770,0,0.0809836776948172,0.09144908068766425,-0.28085752366898803,0.8296271775833082
112772,0,0.0440992705601445,0.05556855436825326,-0.28085752366898803,0.8296271775833082
112777,0,0.0145183859494526,0.022313695999246114,-0.28085752366898803,0.8296271775833082
112781,0,0.0163756045287221,0.02463712040269013,-0.28085752366898803,0.8296271775833082
112783,0,0.3960743333974889,0.3473212056708052,-0.28085752366898803,0.8296271775833082
112787,1,0.1594786627685509,0.1597900576417792,-0.28085752366898803,0.8296271775833082
112789,0,0.015548896608601,0.02360912970090158,-0.28085752366898803,0.8296271775833082
112790,0,0.0277161740631564,0.03796575774735963,-0.28085752366898803,0.8296271775833082
112792,0,0.0364627194053327,0.04754695453801548,-0.28085752366898803,0.8296271775833082
112793,0,0.0017782192790803,0.00393971762773337,-0.28085752366898803,0.8296271775833082
112798,0,0.2081090553868114,0.19948131634393088,-0.28085752366898803,0.8296271775833082
112800,0,0.0501075864092032,0.06170109111354307,-0.28085752366898803,0.8296271775833082
112802,1,0.1544034652892529,0.1555633924577468,-0.28085752366898803,0.8296271775833082
112803,0,0.097615121356071,0.10659955278549353,-0.28085752366898803,0.8296271775833082
112805,0,0.0010752728789644,0.0025974694938492304,-0.28085752366898803,0.8296271775833082
112818,0,0.0163330667166077,0.02458445928052841,-0.28085752366898803,0.8296271775833082
112823,0,0.2141136087497559,0.20430104608868635,-0.28085752366898803,0.8296271775833082
112824,0,0.0327954194485621,0.0435876028058317,-0.28085752366898803,0.8296271775833082
112828,0,0.0715755962293489,0.08264259350450386,-0.28085752366898803,0.8296271775833082
112834,0,0.3003534185475666,0.27241521476460195,-0.28085752366898803,0.8296271775833082
112839,0,0.0014982741287926,0.003418785286903243,-0.28085752366898803,0.8296271775833082
112840,0,0.267648931573939,0.2467638786496655,-0.28085752366898803,0.8296271775833082
112842,0,0.0250706757210164,0.03496402782550608,-0.28085752366898803,0.8296271775833082
112845,0,0.0209716902498459,0.030194494721467093,-0.28085752366898803,0.8296271775833082
112847,0,0.013514490043013,0.02103561087176662,-0.28085752366898803,0.8296271775833082
112849,0,0.0027067868224617,0.005577847101717747,-0.28085752366898803,0.8296271775833082
112850,0,0.0458298442748541,0.05734968304045865,-0.28085752366898803,0.8296271775833082
112851,0,0.091401155980465,0.10099504467073726,-0.28085752366898803,0.8296271775833082
112852,0,0.094613327195186,0.10389997267539386,-0.28085752366898803,0.8296271775833082
112855,0,0.0428609826538828,0.05428627234054721,-0.28085752366898803,0.8296271775833082
112860,0,0.0260553380363593,0.036087746242632605,-0.28085752366898803,0.8296271775833082
112861,0,0.0954025912895367,0.10461116111954581,-0.28085752366898803,0.8296271775833082
112864,0,0.0009562086578717,0.002356836646201893,-0.28085752366898803,0.8296271775833082
112866,0,0.2374668509702245,0.22292257547455963,-0.28085752366898803,0.8296271775833082
112874,0,0.0894030688708717,0.09917930491596416,-0.28085752366898803,0.8296271775833082
112877,0,0.0106623992604166,0.017304586806927365,-0.28085752366898803,0.8296271775833082
112882,0,0.006770798555996,0.011899100999937004,-0.28085752366898803,0.8296271775833082
112883,0,0.1054901083942354,0.11361686473706686,-0.28085752366898803,0.8296271775833082
112884,0,0.1666722885983363,0.16574932427320166,-0.28085752366898803,0.8296271775833082
112886,0,0.0344522905580034,0.04538595216388962,-0.28085752366898803,0.8296271775833082
112890,0,0.0174182339685343,0.02592029663903979,-0.28085752366898803,0.8296271775833082
112897,0,0.016551659685147,0.024854810735236023,-0.28085752366898803,0.8296271775833082
112901,0,0.3377604956924883,0.3016532883298723,-0.28085752366898803,0.8296271775833082
112906,0,0.0054210246691358,0.009903608429532099,-0.28085752366898803,0.8296271775833082
112907,0,0.2748195107852108,0.2524005998946216,-0.28085752366898803,0.8296271775833082
112908,0,0.2120721586337286,0.20266403153444887,-0.28085752366898803,0.8296271775833082
112910,0,0.0310989787550451,0.04172897151253579,-0.28085752366898803,0.8296271775833082
112913,1,0.1617579877899696,0.16168217722843814,-0.28085752366898803,0.8296271775833082
112919,1,0.9601975031125228,0.9137273399072858,-0.28085752366898803,0.8296271775833082
112921,0,0.0205230269017983,0.029662581585298317,-0.28085752366898803,0.8296271775833082
112924,0,0.5223910864976216,0.44855698476111394,-0.28085752366898803,0.8296271775833082
112926,0,0.142403938605522,0.14548954213675291,-0.28085752366898803,0.8296271775833082
112927,0,0.0364443366767124,0.04752729552605694,-0.28085752366898803,0.8296271775833082
112931,0,0.0122490170575034,0.019399681007692758,-0.28085752366898803,0.8296271775833082
112937,0,0.0232141659967084,0.0328229922531774,-0.28085752366898803,0.8296271775833082
112938,0,0.0407996624647818,0.05213655726106768,-0.28085752366898803,0.8296271775833082
112939,0,0.1205438708360243,0.12679848649647832,-0.28085752366898803,0.8296271775833082
112940,0,0.0692259657979393,0.08041214831960347,-0.28085752366898803,0.8296271775833082
112942,0,0.0231352561524028,0.03273131093958788,-0.28085752366898803,0.8296271775833082
112944,0,0.0882278227932092,0.09810807014123314,-0.28085752366898803,0.8296271775833082
112948,0,0.0394069162750532,0.05067286956445104,-0.28085752366898803,0.8296271775833082
112949,0,0.1208832714198333,0.12709250036472727,-0.28085752366898803,0.8296271775833082
112951,0,0.7322896917807113,0.6350566391172816,-0.28085752366898803,0.8296271775833082
112953,0,0.0671337098599958,0.0784146845337609,-0.28085752366898803,0.8296271775833082
112956,0,0.0052054000835123,0.00957711021772558,-0.28085752366898803,0.8296271775833082
112957,0,0.043365740548676,0.054809768838164276,-0.28085752366898803,0.8296271775833082
112958,0,0.0025556132083252,0.005318859035466754,-0.28085752366898803,0.8296271775833082
112960,0,0.0102198443512136,0.01671046754666068,-0.28085752366898803,0.8296271775833082
112965,0,0.0014566577342862,0.003339963315024273,-0.28085752366898803,0.8296271775833082
112966,0,0.0530426767497741,0.06464753319501014,-0.28085752366898803,0.8296271775833082
112970,0,0.0273658292329624,0.0375713554073959,-0.28085752366898803,0.8296271775833082
112981,0,0.003114448145531,0.006264130953735014,-0.28085752366898803,0.8296271775833082
112986,0,0.0100883083009029,0.01653300012942902,-0.28085752366898803,0.8296271775833082
112987,0,0.0219154046825635,0.03130661636872923,-0.28085752366898803,0.8296271775833082
112988,0,0.0309582653271403,0.04157398310934781,-0.28085752366898803,0.8296271775833082
112990,0,0.0495221868030935,0.061109727899582585,-0.28085752366898803,0.8296271775833082
112991,0,0.0046987777695371,0.008800323918667318,-0.28085752366898803,0.8296271775833082
112992,0,0.149662403568998,0.15159721026492076,-0.28085752366898803,0.8296271775833082
112994,1,0.1150549367708968,0.12202490420042925,-0.28085752366898803,0.8296271775833082
112997,0,0.069264052984242,0.08044840952607574,-0.28085752366898803,0.8296271775833082
112999,0,0.0325570916741482,0.04332757250142321,-0.28085752366898803,0.8296271775833082
113001,0,0.0017398235363918,0.0038691631201287885,-0.28085752366898803,0.8296271775833082
113008,0,0.0249498659973089,0.034825606731961084,-0.28085752366898803,0.8296271775833082
113009,0,0.0630028406298059,0.07443786945956841,-0.28085752366898803,0.8296271775833082
113010,0,0.1976638373478968,0.1910608222364407,-0.28085752366898803,0.8296271775833082
113013,0,0.2095299591059689,0.20062315940781655,-0.28085752366898803,0.8296271775833082
113020,0,0.1137010125760558,0.12084186053809037,-0.28085752366898803,0.8296271775833082
113023,0,0.0056310074192991,0.010219361819158833,-0.28085752366898803,0.8296271775833082
113026,0,0.2387267401775147,0.22392228495122518,-0.28085752366898803,0.8296271775833082
113027,0,0.0006079312281916,0.0016193422180402466,-0.28085752366898803,0.8296271775833082
113030,0,0.0098927874120838,0.016268434758989998,-0.28085752366898803,0.8296271775833082
113032,0,0.1358548718673436,0.13993918401873137,-0.28085752366898803,0.8296271775833082
113033,0,0.0245021806379308,0.03431158443834631,-0.28085752366898803,0.8296271775833082
113038,0,0.030188922851084,0.040724292993297016,-0.28085752366898803,0.8296271775833082
113045,0,0.0030564255324928,0.006167459444395828,-0.28085752366898803,0.8296271775833082
113047,0,0.0471755879710643,0.05872626766367691,-0.28085752366898803,0.8296271775833082
113049,0,0.1873651966029012,0.18270833880432638,-0.28085752366898803,0.8296271775833082
113055,0,0.3310338468040301,0.29639775279748737,-0.28085752366898803,0.8296271775833082
113056,0,0.0206394236054606,0.029800777648754787,-0.28085752366898803,0.8296271775833082
113057,1,0.3168271493700141,0.28529705991895465,-0.28085752366898803,0.8296271775833082
113058,0,0.0090747767993271,0.015151112454152378,-0.28085752366898803,0.8296271775833082
113059,0,0.0002790488293787,0.0008491735053142077,-0.28085752366898803,0.8296271775833082
113060,0,0.5794023138341928,0.49622230106386706,-0.28085752366898803,0.8296271775833082
113061,0,0.001938604194199,0.004231651408452602,-0.28085752366898803,0.8296271775833082
113066,0,0.0015585423932053,0.0035322661909454006,-0.28085752366898803,0.8296271775833082
113087,0,0.0769341909349971,0.08768185703857356,-0.28085752366898803,0.8296271775833082
113092,1,0.0624555146234661,0.07390751130381236,-0.28085752366898803,0.8296271775833082
113093,0,0.0470934166233084,0.058642420104652856,-0.28085752366898803,0.8296271775833082
113098,0,0.0111400127584546,0.017940823354707907,-0.28085752366898803,0.8296271775833082
113101,0,0.0334992776686962,0.04435354810822998,-0.28085752366898803,0.8296271775833082
113109,0,0.0297480397722835,0.04023558184145321,-0.28085752366898803,0.8296271775833082
113111,0,0.1024213786135074,0.1108931167770854,-0.28085752366898803,0.8296271775833082
113113,0,0.0652790580397356,0.07663477265490158,-0.28085752366898803,0.8296271775833082
113116,0,0.2668468077387553,0.2461327875782916,-0.28085752366898803,0.8296271775833082
113119,0,0.1538175262713415,0.15507416988482994,-0.28085752366898803,0.8296271775833082
113120,1,0.460056167646108,0.39802656858629587,-0.28085752366898803,0.8296271775833082
113122,0,0.0552163396992316,0.06681054119016584,-0.28085752366898803,0.8296271775833082
113123,0,0.0075996761069216,0.013088860067938793,-0.28085752366898803,0.8296271775833082
113125,0,0.0020331552771015,0.0044017732574589095,-0.28085752366898803,0.8296271775833082
113126,0,0.02469050509474,0.03452802178226624,-0.28085752366898803,0.8296271775833082
113128,0,0.1141968922523252,0.12127541742347624,-0.28085752366898803,0.8296271775833082
113129,0,0.0609591536031355,0.07245325528439614,-0.28085752366898803,0.8296271775833082
113131,0,0.1160268370393999,0.12287275424017287,-0.28085752366898803,0.8296271775833082
113136,0,0.2489152289999209,0.2319910017224574,-0.28085752366898803,0.8296271775833082
113144,0,0.1247710395202188,0.13045116710013185,-0.28085752366898803,0.8296271775833082
113145,0,0.0137886482480251,0.021386302466775947,-0.28085752366898803,0.8296271775833082
113151,0,0.0410436301764665,0.052392004244320625,-0.28085752366898803,0.8296271775833082
113152,0,0.0265609032746223,0.03666167884049572,-0.28085752366898803,0.8296271775833082
113153,0,0.0075622714283456,0.013035686277798591,-0.28085752366898803,0.8296271775833082
113161,1,0.4912532411997498,0.4231423991440589,-0.28085752366898803,0.8296271775833082
113162,0,0.1934676960894089,0.18766398897249115,-0.28085752366898803,0.8296271775833082
113166,0,0.2218920105499803,0.21052403166782158,-0.28085752366898803,0.8296271775833082
113169,0,0.0555523771642444,0.06714354340918327,-0.28085752366898803,0.8296271775833082
113175,0,0.0661220537916843,0.07744490020864855,-0.28085752366898803,0.8296271775833082
113178,0,0.121549401445542,0.12766917122412313,-0.28085752366898803,0.8296271775833082
113182,0,0.0063306091965003,0.011256833591630235,-0.28085752366898803,0.8296271775833082
113183,0,0.0219696258413336,0.031370244674487964,-0.28085752366898803,0.8296271775833082
113188,0,0.1265129089556976,0.13195061939513777,-0.28085752366898803,0.8296271775833082
113189,0,0.1741680603019152,0.17192222794847234,-0.28085752366898803,0.8296271775833082
113194,0,0.1370755825224366,0.1409767319114974,-0.28085752366898803,0.8296271775833082
113197,0,0.0017924376211985,0.003965777338616336,-0.28085752366898803,0.8296271775833082
113199,0,0.0171878934119972,0.02563804323369019,-0.28085752366898803,0.8296271775833082
113202,0,0.0355977222011601,0.04661991748029267,-0.28085752366898803,0.8296271775833082
113204,0,0.0180125011995429,0.02664539281003743,-0.28085752366898803,0.8296271775833082
113209,0,0.0850050012215006,0.09515774120412795,-0.28085752366898803,0.8296271775833082
113211,0,0.0367299430630496,0.04783252683606554,-0.28085752366898803,0.8296271775833082
113215,0,0.0026507028704182,0.005482067360542787,-0.28085752366898803,0.8296271775833082
113216,0,0.1174950395782369,0.12415139962436765,-0.28085752366898803,0.8296271775833082
113220,0,0.0063832402673852,0.011334033705345418,-0.28085752366898803,0.8296271775833082
113222,0,0.0323306516503072,0.04308018938526889,-0.28085752366898803,0.8296271775833082
113223,0,0.0242951744043151,0.034073325365220196,-0.28085752366898803,0.8296271775833082
113227,0,0.1899349398300903,0.18479746677358522,-0.28085752366898803,0.8296271775833082
113232,0,0.0982106551012661,0.10713345212248586,-0.28085752366898803,0.8296271775833082
113237,1,0.5445699352618278,0.46690889678601455,-0.28085752366898803,0.8296271775833082
113242,0,0.1006024604016987,0.10927228119980797,-0.28085752366898803,0.8296271775833082
113244,0,0.0207113425346155,0.02988609487793091,-0.28085752366898803,0.8296271775833082
113250,0,0.0200594472012156,0.029110752521993497,-0.28085752366898803,0.8296271775833082
113253,0,0.0993458216566805,0.10814963130843236,-0.28085752366898803,0.8296271775833082
113254,0,0.0666022511468043,0.07790554992872631,-0.28085752366898803,0.8296271775833082
113257,0,0.1467860299476273,0.14918216461751105,-0.28085752366898803,0.8296271775833082
113264,0,0.0284576551582925,0.03879749448693649,-0.28085752366898803,0.8296271775833082
113267,0,0.0507947382072591,0.062393645033372296,-0.28085752366898803,0.8296271775833082
113268,1,0.0529487524461487,0.06455371175960252,-0.28085752366898803,0.8296271775833082
113270,0,0.022351782397365,0.03181789587316168,-0.28085752366898803,0.8296271775833082
113271,0,0.0687190741154382,0.07992921964838226,-0.28085752366898803,0.8296271775833082
113272,0,0.0139098026886254,0.0215408755000723,-0.28085752366898803,0.8296271775833082
113274,0,0.0953525849768889,0.10456613119029948,-0.28085752366898803,0.8296271775833082
113275,0,0.0217188149422253,0.031075677552182785,-0.28085752366898803,0.8296271775833082
113279,0,0.1124180369968929,0.11971870512128721,-0.28085752366898803,0.8296271775833082
113281,0,0.0758568870163351,0.08667385416859204,-0.28085752366898803,0.8296271775833082
113285,0,0.0804188326370593,0.09092561906040218,-0.28085752366898803,0.8296271775833082
113286,0,0.0549560403889441,0.06655234121733457,-0.28085752366898803,0.8296271775833082
113289,0,0.0227199021839105,0.03224778523787778,-0.28085752366898803,0.8296271775833082
113292,1,0.345424630082781,0.30764221388794405,-0.28085752366898803,0.8296271775833082
113294,0,0.0333413823195848,0.04418198337617513,-0.28085752366898803,0.8296271775833082
113298,0,0.121677571368442,0.1277800708149855,-0.28085752366898803,0.8296271775833082
113305,0,0.0815593471066556,0.0919819194362809,-0.28085752366898803,0.8296271775833082
113311,0,0.0961896506272215,0.10531937167123934,-0.28085752366898803,0.8296271775833082
113313,0,0.006273836213379,0.011173430191279032,-0.28085752366898803,0.8296271775833082
113316,1,0.0825499784726593,0.09289731806177318,-0.28085752366898803,0.8296271775833082
113320,0,0.0058460983611169,0.010540642231908435,-0.28085752366898803,0.8296271775833082
113324,0,0.0311829004037643,0.041821345625006355,-0.28085752366898803,0.8296271775833082
113325,0,0.0034354413592101,0.006793425097129465,-0.28085752366898803,0.8296271775833082
113326,0,0.1301581889297124,0.13507824938573998,-0.28085752366898803,0.8296271775833082
113328,0,0.0084349711834101,0.014264616422150319,-0.28085752366898803,0.8296271775833082
113331,0,0.0273612340238037,0.0375661762132112,-0.28085752366898803,0.8296271775833082
113332,0,0.0095619080324996,0.015818559757188027,-0.28085752366898803,0.8296271775833082
113336,0,0.0450350605556374,0.05653323250750058,-0.28085752366898803,0.8296271775833082
113343,0,0.2664178587940849,0.2457952534634441,-0.28085752366898803,0.8296271775833082
113347,0,0.004493974541521,0.008482171533024465,-0.28085752366898803,0.8296271775833082
113349,0,0.3140089331801325,0.28309434839954933,-0.28085752366898803,0.8296271775833082
113357,0,0.0268521860864509,0.03699144294497504,-0.28085752366898803,0.8296271775833082
113362,0,0.0343888000106679,0.045317336576391525,-0.28085752366898803,0.8296271775833082
113364,0,0.0030137066564996,0.006096080243969697,-0.28085752366898803,0.8296271775833082
113365,0,0.0025910149688129,0.0053797431301264974,-0.28085752366898803,0.8296271775833082
113367,0,0.2509675186791131,0.2336131219149668,-0.28085752366898803,0.8296271775833082
113368,0,0.0141983947157866,0.021908095927553793,-0.28085752366898803,0.8296271775833082
113370,0,0.0861693156272309,0.09622580068587987,-0.28085752366898803,0.8296271775833082
113371,0,0.2267756780929892,0.2144201408045194,-0.28085752366898803,0.8296271775833082
113372,1,0.054238354885511,0.06583929404230988,-0.28085752366898803,0.8296271775833082
113373,0,0.0165794883248047,0.024889181987795616,-0.28085752366898803,0.8296271775833082
113374,0,0.0002404350970339,0.000750521553621775,-0.28085752366898803,0.8296271775833082
113376,0,0.0076978600358721,0.013228215339391329,-0.28085752366898803,0.8296271775833082
113378,0,0.051487641359199,0.0630902755020665,-0.28085752366898803,0.8296271775833082
113379,0,0.0774415637298004,0.08815573168457201,-0.28085752366898803,0.8296271775833082
113385,0,0.030999553384741,0.04161947306871066,-0.28085752366898803,0.8296271775833082
113386,0,0.0597921920660875,0.07131467969706863,-0.28085752366898803,0.8296271775833082
113403,0,0.0318148584669833,0.04251550186333176,-0.28085752366898803,0.8296271775833082
113409,0,0.0045188841174915,0.008521001823898937,-0.28085752366898803,0.8296271775833082
113416,0,0.1076598988387505,0.11553480971295026,-0.28085752366898803,0.8296271775833082
113418,0,0.0036274137252788,0.007105798164992851,-0.28085752366898803,0.8296271775833082
113420,1,0.0826476007755662,0.09298742280798002,-0.28085752366898803,0.8296271775833082
113425,0,0.0334652593323214,0.044316597258861286,-0.28085752366898803,0.8296271775833082
113427,0,0.0622156705762919,0.0736748404918491,-0.28085752366898803,0.8296271775833082
113430,0,0.278020308569088,0.25491405954772745,-0.28085752366898803,0.8296271775833082
113432,0,0.0145449086133899,0.022347241365758344,-0.28085752366898803,0.8296271775833082
113435,0,0.0184637784297752,0.027193113002454906,-0.28085752366898803,0.8296271775833082
113436,0,0.0030544561698844,0.006164172682296456,-0.28085752366898803,0.8296271775833082
113437,0,0.1224677439463731,0.12846336385278778,-0.28085752366898803,0.8296271775833082
113439,0,0.0356517176267508,0.04667790530510812,-0.28085752366898803,0.8296271775833082
113440,0,0.049941883121728,0.0615338277458876,-0.28085752366898803,0.8296271775833082
113442,1,0.1151679359896025,0.12212353967354621,-0.28085752366898803,0.8296271775833082
113443,1,0.3022891562543054,0.273929789683601,-0.28085752366898803,0.8296271775833082
113445,0,0.0043085888817715,0.00819197399061834,-0.28085752366898803,0.8296271775833082
113448,0,0.0018226389946716,0.004021012488490601,-0.28085752366898803,0.8296271775833082
113453,0,0.04011935346824,0.051422756486831776,-0.28085752366898803,0.8296271775833082
113455,1,0.2616934125665709,0.24207536921116374,-0.28085752366898803,0.8296271775833082
113461,0,0.0278515026853226,0.038117859838232335,-0.28085752366898803,0.8296271775833082
113462,0,0.0145879781877924,0.022401691380610378,-0.28085752366898803,0.8296271775833082
113463,0,0.0271410344842102,0.03731780533642996,-0.28085752366898803,0.8296271775833082
113464,0,0.0014959725569282,0.003414436082949747,-0.28085752366898803,0.8296271775833082
113468,0,0.0551984622176082,0.06679281494103304,-0.28085752366898803,0.8296271775833082
113472,0,0.0295690645190593,0.04003681328013566,-0.28085752366898803,0.8296271775833082
113475,0,0.0241435722880289,0.0338985997361986,-0.28085752366898803,0.8296271775833082
113477,0,0.0226843794566709,0.03220635763056901,-0.28085752366898803,0.8296271775833082
113478,0,0.1236100572868847,0.1294499382835103,-0.28085752366898803,0.8296271775833082
113479,0,0.0348296545412542,0.04579330154062679,-0.28085752366898803,0.8296271775833082
113480,0,0.0168318171842607,0.025200358853951058,-0.28085752366898803,0.8296271775833082
113486,0,0.1216162786703353,0.12772703934645047,-0.28085752366898803,0.8296271775833082
113487,0,0.2734346666977694,0.25131264797411257,-0.28085752366898803,0.8296271775833082
113492,0,0.0361479239861907,0.04721005205031845,-0.28085752366898803,0.8296271775833082
113493,0,0.0331478472901677,0.04397149044740944,-0.28085752366898803,0.8296271775833082
113499,0,0.0064071169229676,0.011369019071413316,-0.28085752366898803,0.8296271775833082
113500,0,0.0263814771352562,0.03645821969043147,-0.28085752366898803,0.8296271775833082
113505,0,0.0041173824176889,0.007890350399842313,-0.28085752366898803,0.8296271775833082
113509,0,0.0131326123792685,0.02054497601551485,-0.28085752366898803,0.8296271775833082
113510,1,0.0639960657583202,0.07539820286790375,-0.28085752366898803,0.8296271775833082
113514,0,0.265800621073422,0.2453094984069849,-0.28085752366898803,0.8296271775833082
113527,0,0.2643073847993835,0.24413405555936135,-0.28085752366898803,0.8296271775833082
113528,0,0.2145112751202356,0.20461974134780878,-0.28085752366898803,0.8296271775833082
113531,0,0.0072406097432966,0.012576453726072287,-0.28085752366898803,0.8296271775833082
113532,0,0.0129056707555664,0.020252184193153444,-0.28085752366898803,0.8296271775833082
113539,0,0.0675264740941647,0.07879048900678802,-0.28085752366898803,0.8296271775833082
113541,0,0.0648242929884385,0.07619696381261881,-0.28085752366898803,0.8296271775833082
113542,1,0.0625570167990543,0.0740059294890307,-0.28085752366898803,0.8296271775833082
113546,0,0.0690894460317863,0.08028214446065558,-0.28085752366898803,0.8296271775833082
113548,0,0.0794126092784181,0.0899915230627075,-0.28085752366898803,0.8296271775833082
113550,0,0.0321741683477816,0.042909047835787584,-0.28085752366898803,0.8296271775833082
113551,0,0.0072047391139184,0.012525019008163487,-0.28085752366898803,0.8296271775833082
113552,0,0.1999413156906618,0.1929009859892632,-0.28085752366898803,0.8296271775833082
113553,0,0.0901463448750806,0.0998555519884763,-0.28085752366898803,0.8296271775833082
113558,0,0.0299529550215042,0.04046289056089091,-0.28085752366898803,0.8296271775833082
113559,0,0.1460161637077602,0.14853461138613072,-0.28085752366898803,0.8296271775833082
113560,0,0.0134044812444654,0.020894531890249455,-0.28085752366898803,0.8296271775833082
113562,0,0.0136804482334426,0.02124804950214361,-0.28085752366898803,0.8296271775833082
113565,0,0.0033162313778041,0.006597913091067975,-0.28085752366898803,0.8296271775833082
113566,0,0.0043951888597559,0.00832780337037798,-0.28085752366898803,0.8296271775833082
113569,0,0.0362865226693259,0.0473584499629453,-0.28085752366898803,0.8296271775833082
113573,0,0.1665393859146168,0.16563954783772125,-0.28085752366898803,0.8296271775833082
113575,0,0.371127559436149,0.32774795160682163,-0.28085752366898803,0.8296271775833082
113576,0,0.0166581948158773,0.024986336039294735,-0.28085752366898803,0.8296271775833082
113577,0,0.0811071308279724,0.09156340414124334,-0.28085752366898803,0.8296271775833082
113578,0,0.0052694828957392,0.009674389770332364,-0.28085752366898803,0.8296271775833082
113580,0,0.048702471965584,0.06027952111075585,-0.28085752366898803,0.8296271775833082
113581,0,0.0295696910833372,0.04003750952118179,-0.28085752366898803,0.8296271775833082
113583,0,0.0012999011490673,0.003039438351243158,-0.28085752366898803,0.8296271775833082
113587,0,0.0665619703437213,0.07786693167231017,-0.28085752366898803,0.8296271775833082
113593,0,0.0359493167584585,0.04699722113910149,-0.28085752366898803,0.8296271775833082
113597,0,0.217033082005868,0.2066393482138384,-0.28085752366898803,0.8296271775833082
113600,0,0.0137944111090474,0.02139366047075064,-0.28085752366898803,0.8296271775833082
113602,0,0.0651037611477588,0.07646607657426248,-0.28085752366898803,0.8296271775833082
113615,0,0.0092570616888909,0.015401605397665833,-0.28085752366898803,0.8296271775833082
113619,0,0.180229735544957,0.1768888086448564,-0.28085752366898803,0.8296271775833082
113621,0,0.0189130097025633,0.027735936131292032,-0.28085752366898803,0.8296271775833082
113624,0,0.0337946295288801,0.04467407258428197,-0.28085752366898803,0.8296271775833082
113630,0,0.0351878770162374,0.046179241440836336,-0.28085752366898803,0.8296271775833082
113631,0,0.0250189237473515,0.03490474653015913,-0.28085752366898803,0.8296271775833082
113633,0,0.0143498379180992,0.022100259392739765,-0.28085752366898803,0.8296271775833082
113636,0,0.0102337306608982,0.016729178842912223,-0.28085752366898803,0.8296271775833082
113637,0,0.0133753942454955,0.020857194836475856,-0.28085752366898803,0.8296271775833082
113642,0,0.1288596074746487,0.13396565090667242,-0.28085752366898803,0.8296271775833082
113644,0,0.003317018914616,0.006599208700929508,-0.28085752366898803,0.8296271775833082
113646,1,0.0833218145829026,0.09360921453283069,-0.28085752366898803,0.8296271775833082
113648,0,0.0602871215788271,0.07179805359091386,-0.28085752366898803,0.8296271775833082
113649,0,0.3745322368146524,0.3304150350003524,-0.28085752366898803,0.8296271775833082
113651,0,0.5438200818966615,0.46628469776379355,-0.28085752366898803,0.8296271775833082
113661,0,0.0002952765422447,0.000889919812978841,-0.28085752366898803,0.8296271775833082
113663,0,0.0183514149258559,0.027056966086510002,-0.28085752366898803,0.8296271775833082
113666,1,0.1606122501412031,0.16073153752448552,-0.28085752366898803,0.8296271775833082
113668,1,0.218942425327006,0.20816687774148818,-0.28085752366898803,0.8296271775833082
113673,0,0.0018692550591743,0.004105957794792931,-0.28085752366898803,0.8296271775833082
113674,0,0.1220535288341914,0.12810526311375972,-0.28085752366898803,0.8296271775833082
113676,0,0.0014785243476873,0.0033814269084521745,-0.28085752366898803,0.8296271775833082
113677,0,0.0008594332717375,0.002157426630732001,-0.28085752366898803,0.8296271775833082
113678,0,0.0153859091219221,0.023405302905082727,-0.28085752366898803,0.8296271775833082
113681,0,0.0663431548594095,0.07765707466668767,-0.28085752366898803,0.8296271775833082
113683,0,0.0944750676089248,0.1037752867074498,-0.28085752366898803,0.8296271775833082
113684,0,0.2225761537523765,0.21107032250093005,-0.28085752366898803,0.8296271775833082
113690,0,0.0016120663433243,0.003632411028792489,-0.28085752366898803,0.8296271775833082
113692,0,0.0010016817438863,0.0024493174777707612,-0.28085752366898803,0.8296271775833082
113695,1,0.2246508981036852,0.21272602299643395,-0.28085752366898803,0.8296271775833082
113699,0,0.0737753580413437,0.08471904612086412,-0.28085752366898803,0.8296271775833082
113702,0,0.0521781795144341,0.06378283809915417,-0.28085752366898803,0.8296271775833082
113704,1,0.2918935310115327,0.26579214739028145,-0.28085752366898803,0.8296271775833082
113706,0,0.0549894714846567,0.06658551504350299,-0.28085752366898803,0.8296271775833082
113707,0,0.1033709863664536,0.11173740084578918,-0.28085752366898803,0.8296271775833082
113708,0,7.868629044195296e-05,0.00029720130865861676,-0.28085752366898803,0.8296271775833082
113714,0,0.0192512836750315,0.02814313619785427,-0.28085752366898803,0.8296271775833082
113715,1,0.053479731517132,0.06508371452847399,-0.28085752366898803,0.8296271775833082
113716,0,0.0043226719291499,0.008214095314844615,-0.28085752366898803,0.8296271775833082
113717,0,0.032125633690384,0.04285593585470391,-0.28085752366898803,0.8296271775833082
113737,0,0.0683247762506718,0.07955312410770891,-0.28085752366898803,0.8296271775833082
113738,0,0.0332336939168067,0.044064886808639875,-0.28085752366898803,0.8296271775833082
113742,0,0.0012253476613224,0.0028943355587069198,-0.28085752366898803,0.8296271775833082
113747,0,0.0828744303872843,0.09319671371819978,-0.28085752366898803,0.8296271775833082
113750,1,0.2202737217371768,0.20923116553211513,-0.28085752366898803,0.8296271775833082
113751,0,0.1078232104029312,0.1156789067309041,-0.28085752366898803,0.8296271775833082
113757,0,0.0074585374183708,0.012887973748961092,-0.28085752366898803,0.8296271775833082
113762,0,0.0287045367412694,0.039073543121320005,-0.28085752366898803,0.8296271775833082
113763,0,0.0687035053958174,0.07991437693098372,-0.28085752366898803,0.8296271775833082
113767,0,0.1584422167720798,0.1589284445397185,-0.28085752366898803,0.8296271775833082
113768,0,0.0097269675414777,0.01604332330993695,-0.28085752366898803,0.8296271775833082
113769,0,0.0134730029320837,0.020982430865169634,-0.28085752366898803,0.8296271775833082
113770,1,0.2028442468641019,0.1952430758355954,-0.28085752366898803,0.8296271775833082
113773,1,0.3161215066177827,0.284745560574034,-0.28085752366898803,0.8296271775833082
113775,0,0.0138409655977726,0.02145308075202432,-0.28085752366898803,0.8296271775833082
113777,0,0.0658141767292075,0.07714924215596429,-0.28085752366898803,0.8296271775833082
113781,0,0.0100081994002572,0.016424714543043815,-0.28085752366898803,0.8296271775833082
113787,1,0.1319662860217058,0.13662454651943626,-0.28085752366898803,0.8296271775833082
113788,0,0.0095915622903384,0.015858991241368203,-0.28085752366898803,0.8296271775833082
113791,0,0.0002634369351277,0.000809588626718997,-0.28085752366898803,0.8296271775833082
113792,0,0.0025150419302721,0.005248903002022795,-0.28085752366898803,0.8296271775833082
113794,0,0.0012835804574301,0.003007799460306903,-0.28085752366898803,0.8296271775833082
113799,0,0.0307688326675513,0.04136512912062877,-0.28085752366898803,0.8296271775833082
113801,0,0.1562504463387464,0.1571037955394886,-0.28085752366898803,0.8296271775833082
113803,0,0.0559365169583246,0.06752376796039627,-0.28085752366898803,0.8296271775833082
113807,0,0.0053661916747901,0.009820801790605843,-0.28085752366898803,0.8296271775833082
113808,0,0.1079111460817488,0.11575648140658658,-0.28085752366898803,0.8296271775833082
113810,0,0.0547979482221141,0.06639541617231719,-0.28085752366898803,0.8296271775833082
113812,0,0.0014150369318633,0.003260741752799583,-0.28085752366898803,0.8296271775833082
113815,0,0.0629714389974765,0.07440746371128962,-0.28085752366898803,0.8296271775833082
113819,0,0.0538904851363188,0.06549305917297239,-0.28085752366898803,0.8296271775833082
113820,0,0.0649387071259313,0.07630716347113559,-0.28085752366898803,0.8296271775833082
113822,0,0.0235391442877709,0.03319997063752523,-0.28085752366898803,0.8296271775833082
113824,1,0.0275815259982696,0.03781428561733311,-0.28085752366898803,0.8296271775833082
113825,0,0.0218946228548785,0.03128222136715182,-0.28085752366898803,0.8296271775833082
113827,0,0.2294933067172941,0.2165847796766635,-0.28085752366898803,0.8296271775833082
113828,0,0.0072284439261721,0.012559014316154696,-0.28085752366898803,0.8296271775833082
113834,0,0.0214277976366726,0.030733110355437448,-0.28085752366898803,0.8296271775833082
113838,0,0.0324841313326455,0.04324789867549642,-0.28085752366898803,0.8296271775833082
113839,1,0.0585976083298793,0.07014500535570364,-0.28085752366898803,0.8296271775833082
113840,0,0.053916135271734,0.06551860254518047,-0.28085752366898803,0.8296271775833082
113843,1,0.057056383499052,0.06862954473721518,-0.28085752366898803,0.8296271775833082
113844,0,0.0469989779505083,0.058546022073282564,-0.28085752366898803,0.8296271775833082
113847,0,0.0055681851246445,0.010125117231014509,-0.28085752366898803,0.8296271775833082
113849,0,0.0008113713729086,0.00205697011220016,-0.28085752366898803,0.8296271775833082
113851,1,0.2121585909865758,0.20273337379137535,-0.28085752366898803,0.8296271775833082
113852,1,0.5528038097889559,0.47378112572169434,-0.28085752366898803,0.8296271775833082
113854,0,0.0983760696437579,0.1072816503863568,-0.28085752366898803,0.8296271775833082
113856,0,0.238940393353278,0.22409177209842085,-0.28085752366898803,0.8296271775833082
113857,1,0.026073843666604,0.03610879007902402,-0.28085752366898803,0.8296271775833082
113860,0,0.0037269018798948,0.007266535036665771,-0.28085752366898803,0.8296271775833082
113863,0,0.0359601282306737,0.04700881242704438,-0.28085752366898803,0.8296271775833082
113865,0,0.0124317424014269,0.019637714821474125,-0.28085752366898803,0.8296271775833082
113866,0,0.0166337518762363,0.024956172998837636,-0.28085752366898803,0.8296271775833082
113868,1,0.527547643222433,0.4528039834713669,-0.28085752366898803,0.8296271775833082
113869,0,0.0299271067476772,0.04043423327580198,-0.28085752366898803,0.8296271775833082
113872,0,0.1176512487879609,0.12428728957990355,-0.28085752366898803,0.8296271775833082
113874,0,0.0678429931587212,0.0790930573838596,-0.28085752366898803,0.8296271775833082
113889,0,0.4322049888194397,0.37584310562358975,-0.28085752366898803,0.8296271775833082
113891,0,0.0044909543940967,0.008477461001464312,-0.28085752366898803,0.8296271775833082
113895,0,0.4206158990246523,0.3666670719243507,-0.28085752366898803,0.8296271775833082
113897,0,0.0140536238680352,0.021724051980555225,-0.28085752366898803,0.8296271775833082
113899,0,0.1322331961588547,0.13685253325847532,-0.28085752366898803,0.8296271775833082
113900,0,0.0152078794175118,0.023182217061341256,-0.28085752366898803,0.8296271775833082
113906,0,0.0123896843210126,0.019582982550237216,-0.28085752366898803,0.8296271775833082
113914,0,0.0001352590200177,0.00046578113594916725,-0.28085752366898803,0.8296271775833082
113915,0,0.0696671630010182,0.08083197697532932,-0.28085752366898803,0.8296271775833082
113922,0,0.0716181679965567,0.0826828849436114,-0.28085752366898803,0.8296271775833082
113926,0,0.2000125629466074,0.1929585139833953,-0.28085752366898803,0.8296271775833082
113928,0,0.0020486736130961,0.00442956179338905,-0.28085752366898803,0.8296271775833082
113934,0,0.0481246195635328,0.059692746204320954,-0.28085752366898803,0.8296271775833082
113936,0,0.136147851064626,0.1401883309336727,-0.28085752366898803,0.8296271775833082
113943,0,0.0642070914910124,0.0756018954427267,-0.28085752366898803,0.8296271775833082
113945,0,0.111543197337122,0.11895165116976611,-0.28085752366898803,0.8296271775833082
113946,0,0.0836672788355933,0.09392747932507778,-0.28085752366898803,0.8296271775833082
113947,0,0.010636669876173,0.017270168674805454,-0.28085752366898803,0.8296271775833082
113951,0,0.0542443031462635,0.06584521084674307,-0.28085752366898803,0.8296271775833082
113954,0,0.0285533263050728,0.03890452021949403,-0.28085752366898803,0.8296271775833082
113957,0,0.041414920095466,0.05278023279337658,-0.28085752366898803,0.8296271775833082
113958,0,0.0553367387952783,0.06692989478266802,-0.28085752366898803,0.8296271775833082
113965,0,0.0258255638435307,0.03582622810381937,-0.28085752366898803,0.8296271775833082
113968,0,0.0187866391568622,0.02758347735933242,-0.28085752366898803,0.8296271775833082
113971,0,0.1128503327658434,0.12009738093195747,-0.28085752366898803,0.8296271775833082
113972,0,0.0397039886721479,0.050985856521075866,-0.28085752366898803,0.8296271775833082
113973,0,0.1510925766442395,0.15279550360434963,-0.28085752366898803,0.8296271775833082
113976,0,0.1312956980305962,0.1360514374964821,-0.28085752366898803,0.8296271775833082
113978,0,0.1209224184155593,0.1271264039520357,-0.28085752366898803,0.8296271775833082
113979,0,0.0008299936262481,0.002096011905153701,-0.28085752366898803,0.8296271775833082
113983,0,0.0101038696820292,0.01655401698304475,-0.28085752366898803,0.8296271775833082
113987,0,0.0159276299297531,0.024081274881931958,-0.28085752366898803,0.8296271775833082
113994,0,0.0491051917142677,0.06068771026892911,-0.28085752366898803,0.8296271775833082
113998,0,0.0249489147169527,0.03482451629056055,-0.28085752366898803,0.8296271775833082
114001,0,0.0125369403912183,0.01977446831003438,-0.28085752366898803,0.8296271775833082
114005,0,0.0280959562866285,0.0383922703763731,-0.28085752366898803,0.8296271775833082
114008,1,0.192424989417275,0.18681857453143383,-0.28085752366898803,0.8296271775833082
114015,0,0.0388396739736151,0.0500740368549866,-0.28085752366898803,0.8296271775833082
114017,0,0.1209739181096879,0.12717100304649936,-0.28085752366898803,0.8296271775833082
114023,1,0.3002810802420045,0.2723586095297637,-0.28085752366898803,0.8296271775833082
114028,0,0.0463097118014366,0.057841381669084486,-0.28085752366898803,0.8296271775833082
114030,0,0.0028086345972614,0.005750902740845368,-0.28085752366898803,0.8296271775833082
114032,0,0.0456315008883194,0.05714617590632562,-0.28085752366898803,0.8296271775833082
114034,0,0.2285609893947501,0.21584244191409666,-0.28085752366898803,0.8296271775833082
114038,0,0.164294327620769,0.1637833542023881,-0.28085752366898803,0.8296271775833082
114039,0,0.0991206163813841,0.10794818766245744,-0.28085752366898803,0.8296271775833082
114048,0,0.0009905976032164,0.0024268431415436597,-0.28085752366898803,0.8296271775833082
114054,0,0.1698484142317471,0.1683693138780894,-0.28085752366898803,0.8296271775833082
114056,0,0.0603819937058896,0.07189062899841933,-0.28085752366898803,0.8296271775833082
114059,0,0.0929605402585972,0.1024074072748006,-0.28085752366898803,0.8296271775833082
114060,0,0.0087232923265949,0.014665542248299681,-0.28085752366898803,0.8296271775833082
114069,0,0.0293543829011731,0.039798098636755555,-0.28085752366898803,0.8296271775833082
114078,0,0.0018751944766322,0.004116754187482018,-0.28085752366898803,0.8296271775833082
114082,0,0.0294426630933982,0.039896300118926815,-0.28085752366898803,0.8296271775833082
114087,0,0.0610831327463576,0.07257398734977262,-0.28085752366898803,0.8296271775833082
114092,0,0.0662039250878123,0.07752348081393584,-0.28085752366898803,0.8296271775833082
114093,0,0.0027856728004017,0.005711984115773122,-0.28085752366898803,0.8296271775833082
114096,0,0.0669940765110402,0.07828098633360948,-0.28085752366898803,0.8296271775833082
114098,0,0.0142290295827408,0.02194699773762706,-0.28085752366898803,0.8296271775833082
114101,0,0.065315994200959,0.07667030765504984,-0.28085752366898803,0.8296271775833082
114103,0,0.013074471358723,0.02047005223409499,-0.28085752366898803,0.8296271775833082
114105,0,0.1085290506312749,0.1163012891853947,-0.28085752366898803,0.8296271775833082
114106,0,0.0581727494570265,0.06972797390837428,-0.28085752366898803,0.8296271775833082
114108,0,0.0079042970559005,0.013520190328961625,-0.28085752366898803,0.8296271775833082
114114,0,0.0702602225007593,0.08139557021027283,-0.28085752366898803,0.8296271775833082
114117,0,0.0269810259789532,0.03713709478437871,-0.28085752366898803,0.8296271775833082
114118,0,0.2863734529236147,0.2614666651718922,-0.28085752366898803,0.8296271775833082
114123,0,0.0647977813111848,0.07617142374179801,-0.28085752366898803,0.8296271775833082
114124,0,0.0476703796817199,0.059230592621122506,-0.28085752366898803,0.8296271775833082
114125,0,0.0789505413473315,0.08956188510373676,-0.28085752366898803,0.8296271775833082
114128,0,0.1022187913682996,0.11071283072481716,-0.28085752366898803,0.8296271775833082
114130,0,0.0130297677205404,0.02041240370967597,-0.28085752366898803,0.8296271775833082
114133,0,0.0565217660378399,0.06810214718895131,-0.28085752366898803,0.8296271775833082
114135,0,0.0003885225762001,0.0011172919579403146,-0.28085752366898803,0.8296271775833082
114136,0,0.0985065831749414,0.10739855054487894,-0.28085752366898803,0.8296271775833082
114145,0,0.0472888258792952,0.05884177196094883,-0.28085752366898803,0.8296271775833082
114147,0,0.0039483699642383,0.00762168041809822,-0.28085752366898803,0.8296271775833082
114157,0,0.010769460063497,0.017447642038559377,-0.28085752366898803,0.8296271775833082
114162,0,0.1456893169035885,0.14825954190564256,-0.28085752366898803,0.8296271775833082
114165,0,0.0600059951240002,0.07152357880748157,-0.28085752366898803,0.8296271775833082
114167,0,0.0029899474830065,0.0060563043828367495,-0.28085752366898803,0.8296271775833082
114178,0,0.0615745366936658,0.0730520894210418,-0.28085752366898803,0.8296271775833082
114181,0,0.080170650592994,0.09069541752445943,-0.28085752366898803,0.8296271775833082
114182,0,0.0425613914452716,0.05397502734537925,-0.28085752366898803,0.8296271775833082
114195,0,0.0057340754168313,0.010373580313819738,-0.28085752366898803,0.8296271775833082
114199,0,0.1029767923711355,0.11138708536470732,-0.28085752366898803,0.8296271775833082
114213,0,0.2789029205478111,0.2556068725794865,-0.28085752366898803,0.8296271775833082
114222,0,0.0105525355244792,0.017157517693175132,-0.28085752366898803,0.8296271775833082
114228,1,0.0549488751035226,0.06654523059767607,-0.28085752366898803,0.8296271775833082
114229,1,0.2965576853995628,0.26944443112659,-0.28085752366898803,0.8296271775833082
114239,0,0.0540135439435486,0.0656155857478816,-0.28085752366898803,0.8296271775833082
114244,0,0.0125399393868972,0.019778363851653793,-0.28085752366898803,0.8296271775833082
114246,0,0.0148387690625066,0.022718174969057956,-0.28085752366898803,0.8296271775833082
114247,0,0.0380903034565854,0.04928047276920884,-0.28085752366898803,0.8296271775833082
114248,0,0.0425998162308472,0.05401496912022724,-0.28085752366898803,0.8296271775833082
114257,0,0.0434920565460833,0.05494059979322288,-0.28085752366898803,0.8296271775833082
114260,0,0.0289675371396487,0.03936713725712231,-0.28085752366898803,0.8296271775833082
114272,0,0.0011656578782536,0.0027770601455370542,-0.28085752366898803,0.8296271775833082
114273,0,0.0748527943966896,0.08573208503424086,-0.28085752366898803,0.8296271775833082
114276,0,0.0481360842847948,0.05970440036503349,-0.28085752366898803,0.8296271775833082
114279,1,0.0935884474186142,0.10297497185438245,-0.28085752366898803,0.8296271775833082
114291,1,0.1149523530806457,0.12193534676841164,-0.28085752366898803,0.8296271775833082
114294,0,0.0472441146548161,0.05879617189013244,-0.28085752366898803,0.8296271775833082
114298,0,0.0288349375534269,0.039219174183956554,-0.28085752366898803,0.8296271775833082
114300,0,0.0255339335004793,0.035493694331664175,-0.28085752366898803,0.8296271775833082
114303,0,0.0044978645888039,0.008488238027536463,-0.28085752366898803,0.8296271775833082
114305,1,0.1655091381550757,0.16478817116958516,-0.28085752366898803,0.8296271775833082
114306,0,0.0190555156404783,0.027907639097631012,-0.28085752366898803,0.8296271775833082
114312,0,0.0019479409427662,0.00424851378989101,-0.28085752366898803,0.8296271775833082
114314,0,0.1191704131771975,0.125607347315954,-0.28085752366898803,0.8296271775833082
114319,0,0.0010460872711685,0.002538930018918933,-0.28085752366898803,0.8296271775833082
114320,0,0.1177471417433573,0.12437069473544986,-0.28085752366898803,0.8296271775833082
114323,0,0.0284999789544597,0.03884484952925461,-0.28085752366898803,0.8296271775833082
114324,0,0.0840055684470952,0.0942389136139835,-0.28085752366898803,0.8296271775833082
114327,0,0.0510732596362859,0.06267387069688794,-0.28085752366898803,0.8296271775833082
114329,0,0.0470749428040034,0.05862356577246416,-0.28085752366898803,0.8296271775833082
114331,0,0.0301550675600022,0.040686811544556604,-0.28085752366898803,0.8296271775833082
114332,0,0.0840329616048743,0.09426412262580335,-0.28085752366898803,0.8296271775833082
114333,0,0.0015691543154029,0.0035521681903142987,-0.28085752366898803,0.8296271775833082
114334,0,0.0004731430391539,0.0013155498372256975,-0.28085752366898803,0.8296271775833082
114337,0,0.0686384486381321,0.07985234743510966,-0.28085752366898803,0.8296271775833082
114338,0,0.0130123394308781,0.020389919019952612,-0.28085752366898803,0.8296271775833082
114339,0,0.0588035213998421,0.07034692864537624,-0.28085752366898803,0.8296271775833082
114345,0,0.0285311356140592,0.038879701714314846,-0.28085752366898803,0.8296271775833082
114351,0,0.1859562085712099,0.18156139821424602,-0.28085752366898803,0.8296271775833082
114352,0,0.0159333652495923,0.024088409017609717,-0.28085752366898803,0.8296271775833082
114353,0,0.0559319348285033,0.06751923531865837,-0.28085752366898803,0.8296271775833082
114357,0,0.0618876101703871,0.07335633094632753,-0.28085752366898803,0.8296271775833082
114361,0,0.0809147907676856,0.09138527492904204,-0.28085752366898803,0.8296271775833082
114364,0,0.0251825375721402,0.035092087941502155,-0.28085752366898803,0.8296271775833082
114366,0,0.042974681155107,0.05440428951841851,-0.28085752366898803,0.8296271775833082
114369,0,0.2530738178800629,0.23527689920032108,-0.28085752366898803,0.8296271775833082
114374,0,0.012469406538465,0.019686700699146718,-0.28085752366898803,0.8296271775833082
114377,0,0.0050148076346275,0.009286520896826325,-0.28085752366898803,0.8296271775833082
114379,0,0.0127725347724348,0.02007998500100745,-0.28085752366898803,0.8296271775833082
114383,0,0.4155251385234204,0.36264510005780654,-0.28085752366898803,0.8296271775833082
114386,0,0.1359278650599215,0.1400012643839369,-0.28085752366898803,0.8296271775833082
114393,0,0.0134473822860768,0.020949574417303163,-0.28085752366898803,0.8296271775833082
114396,0,0.0474988646870616,0.0590558814026708,-0.28085752366898803,0.8296271775833082
114403,1,0.298033755522347,0.27059984594225034,-0.28085752366898803,0.8296271775833082
114404,0,0.116915150399221,0.12364668716001054,-0.28085752366898803,0.8296271775833082
114405,0,0.0120150082152125,0.01909390323816724,-0.28085752366898803,0.8296271775833082
114407,0,0.0681453820461855,0.07938188376109143,-0.28085752366898803,0.8296271775833082
114410,1,0.0733346217317313,0.0843039018955736,-0.28085752366898803,0.8296271775833082
114412,0,0.0015133518504842,0.0034472486163517747,-0.28085752366898803,0.8296271775833082
114413,0,0.040092312338725,0.05139433862146822,-0.28085752366898803,0.8296271775833082
114417,0,0.1185664675576093,0.12508288064993306,-0.28085752366898803,0.8296271775833082
114419,1,0.0630430448892937,0.07447679470173114,-0.28085752366898803,0.8296271775833082
114422,1,0.1927962149275247,0.18711962164724077,-0.28085752366898803,0.8296271775833082
114423,0,0.0213371184688942,0.030626195549049547,-0.28085752366898803,0.8296271775833082
114430,0,0.0013131866116433,0.003065142478213749,-0.28085752366898803,0.8296271775833082
114431,0,0.0314955898847531,0.042165129184664626,-0.28085752366898803,0.8296271775833082
114438,0,0.0366591374411271,0.0477568965542526,-0.28085752366898803,0.8296271775833082
114445,0,0.0250470145330289,0.03493692698351611,-0.28085752366898803,0.8296271775833082
114446,1,0.032553564520661,0.043323721547659746,-0.28085752366898803,0.8296271775833082
114448,0,0.0022698880809513,0.004821855182182182,-0.28085752366898803,0.8296271775833082
114453,0,0.0077619503618739,0.01331900952846073,-0.28085752366898803,0.8296271775833082
114458,0,0.0109800114576078,0.017728239757622184,-0.28085752366898803,0.8296271775833082
114461,0,0.1762230084061701,0.17360837842864715,-0.28085752366898803,0.8296271775833082
114463,0,0.0837898066632633,0.09404030537504034,-0.28085752366898803,0.8296271775833082
114467,0,0.0227563251253795,0.03229025042230592,-0.28085752366898803,0.8296271775833082
114481,0,0.0496510226149504,0.06123998469710329,-0.28085752366898803,0.8296271775833082
114483,0,0.0819822661801547,0.09237295545716322,-0.28085752366898803,0.8296271775833082
114487,0,0.0955311993045335,0.10472695234895463,-0.28085752366898803,0.8296271775833082
114490,0,0.0437106139906084,0.05516680561459554,-0.28085752366898803,0.8296271775833082
114491,0,0.1395236656736902,0.1430533133489169,-0.28085752366898803,0.8296271775833082
114497,1,0.1077007972528964,0.11557089956448711,-0.28085752366898803,0.8296271775833082
114498,0,0.0374360678693566,0.048585317021196894,-0.28085752366898803,0.8296271775833082
114499,0,0.0291822970868638,0.039606517475507606,-0.28085752366898803,0.8296271775833082
114500,0,0.0309813048708445,0.041599368765373054,-0.28085752366898803,0.8296271775833082
114505,0,0.0039163663236647,0.007570580408495401,-0.28085752366898803,0.8296271775833082
114507,0,0.2531895690992841,0.23536830208135842,-0.28085752366898803,0.8296271775833082
114512,0,0.015350915247647,0.02336148980446001,-0.28085752366898803,0.8296271775833082
114514,0,0.0254150081529192,0.0353578897326951,-0.28085752366898803,0.8296271775833082
114517,0,0.0884825369510912,0.0983404485501863,-0.28085752366898803,0.8296271775833082
114519,0,0.0307045408528329,0.04129419241565983,-0.28085752366898803,0.8296271775833082
114521,0,0.0104471120300041,0.017016133710164073,-0.28085752366898803,0.8296271775833082
114523,0,0.0020231438940115,0.004383826396540735,-0.28085752366898803,0.8296271775833082
114527,0,0.1072411101675999,0.11516512944463089,-0.28085752366898803,0.8296271775833082
114530,0,0.0209889973725403,0.030214971371168804,-0.28085752366898803,0.8296271775833082
114533,0,0.0028578527085496,0.005834137405390143,-0.28085752366898803,0.8296271775833082
114534,0,0.6630241920743536,0.5697017559892608,-0.28085752366898803,0.8296271775833082
114535,0,0.0391801955600309,0.05043371286362693,-0.28085752366898803,0.8296271775833082
114539,0,0.0448666269421738,0.056359871169747555,-0.28085752366898803,0.8296271775833082
114542,0,0.0013515798835571,0.0031391731987379626,-0.28085752366898803,0.8296271775833082
114547,0,0.1109972706204528,0.11847249007505488,-0.28085752366898803,0.8296271775833082
114554,0,0.3919447595595838,0.34407563015788173,-0.28085752366898803,0.8296271775833082
114555,0,0.0007466092811621,0.001919963143921684,-0.28085752366898803,0.8296271775833082
114557,0,0.0030826830771824,0.006211246590730794,-0.28085752366898803,0.8296271775833082
114560,0,0.0323449850989283,0.04309585789694778,-0.28085752366898803,0.8296271775833082
114576,0,0.0076689762523648,0.01318725283019553,-0.28085752366898803,0.8296271775833082
114578,0,0.0020045444073613,0.004350443013848309,-0.28085752366898803,0.8296271775833082
114589,0,0.1496701973457967,0.15160374485734507,-0.28085752366898803,0.8296271775833082
114594,0,0.0151327796142325,0.023087969162232762,-0.28085752366898803,0.8296271775833082
114595,0,0.0150408674488518,0.02297250686522688,-0.28085752366898803,0.8296271775833082
114602,0,0.0072059176093291,0.012526709570086024,-0.28085752366898803,0.8296271775833082
114607,0,0.0257965296016071,0.035793152484377734,-0.28085752366898803,0.8296271775833082
114608,0,0.0880151621508265,0.09791396927578208,-0.28085752366898803,0.8296271775833082
114611,0,0.0158988674158599,0.024045490303513207,-0.28085752366898803,0.8296271775833082
114614,0,0.1345914524790084,0.13886384767121238,-0.28085752366898803,0.8296271775833082
114615,0,0.0011052567809492,0.002657325076562947,-0.28085752366898803,0.8296271775833082
114616,0,0.0708314334997822,0.08193760323486739,-0.28085752366898803,0.8296271775833082
114620,0,0.0301857422727381,0.04072077207863313,-0.28085752366898803,0.8296271775833082
114624,0,0.1166287724056042,0.12339728710284824,-0.28085752366898803,0.8296271775833082
114631,0,0.0044501765342825,0.008413804828241667,-0.28085752366898803,0.8296271775833082
114632,0,0.4786961944153439,0.4129951540338778,-0.28085752366898803,0.8296271775833082
114633,0,0.0076531402420754,0.013164782789177418,-0.28085752366898803,0.8296271775833082
114638,1,0.6157581111862572,0.5275669336821563,-0.28085752366898803,0.8296271775833082
114641,0,0.0013095498196511,0.0030581106655479147,-0.28085752366898803,0.8296271775833082
114643,0,0.0297711474929787,0.04026122911803748,-0.28085752366898803,0.8296271775833082
114645,0,0.0241085567244648,0.03385821486647935,-0.28085752366898803,0.8296271775833082
114647,0,0.0460991139293753,0.05762570638713865,-0.28085752366898803,0.8296271775833082
114650,0,0.0668597132137902,0.07815228728832561,-0.28085752366898803,0.8296271775833082
114651,0,0.2733245952866296,0.25122616134393966,-0.28085752366898803,0.8296271775833082
114652,0,0.1113055443299392,0.11874310966885572,-0.28085752366898803,0.8296271775833082
114657,0,0.0094140044565585,0.015616566446481062,-0.28085752366898803,0.8296271775833082
114658,0,0.0451276216715221,0.0566284512608021,-0.28085752366898803,0.8296271775833082
114659,0,0.0205087637507248,0.02964563734707482,-0.28085752366898803,0.8296271775833082
114661,1,0.1769832611574346,0.1742315463427993,-0.28085752366898803,0.8296271775833082
114663,0,0.0619727554244953,0.07343902639775453,-0.28085752366898803,0.8296271775833082
114664,0,0.0550176379579745,0.06661346193072212,-0.28085752366898803,0.8296271775833082
114672,0,0.0222002221364103,0.03164052943101412,-0.28085752366898803,0.8296271775833082
114673,0,0.0578963510657736,0.0694563731983937,-0.28085752366898803,0.8296271775833082
114677,0,0.3117517585652178,0.2813298974172275,-0.28085752366898803,0.8296271775833082
114682,0,0.0298259120758598,0.040321997822508435,-0.28085752366898803,0.8296271775833082
114687,0,0.0069819025240136,0.012204462584322017,-0.28085752366898803,0.8296271775833082
114688,0,0.0009554815012211,0.0023553517128353167,-0.28085752366898803,0.8296271775833082
114690,0,0.0029785328154262,0.00603717513671106,-0.28085752366898803,0.8296271775833082
114692,0,0.1588970482415139,0.1593066489061055,-0.28085752366898803,0.8296271775833082
114693,1,0.053895217252927,0.06549777175867967,-0.28085752366898803,0.8296271775833082
114695,0,0.0052352911076072,0.009622511842301545,-0.28085752366898803,0.8296271775833082
114699,0,0.0488261967902186,0.06040499134475489,-0.28085752366898803,0.8296271775833082
114700,0,0.0908472659794381,0.10049238963564143,-0.28085752366898803,0.8296271775833082
114701,0,0.0154009739806247,0.023424158877444874,-0.28085752366898803,0.8296271775833082
114703,0,0.0430926982197953,0.054526729027132174,-0.28085752366898803,0.8296271775833082
114708,0,0.0993176673481909,0.10812445178371945,-0.28085752366898803,0.8296271775833082
114712,1,0.8760542602016472,0.792744431813969,-0.28085752366898803,0.8296271775833082
114723,0,0.0018609912822555,0.004090926366648227,-0.28085752366898803,0.8296271775833082
114724,0,0.0786483080624163,0.08928062608896069,-0.28085752366898803,0.8296271775833082
114728,0,0.0078848031853315,0.013492677778162697,-0.28085752366898803,0.8296271775833082
114729,0,0.0145856737892245,0.02239877881936659,-0.28085752366898803,0.8296271775833082
114731,0,0.0357831194895577,0.04681895587018618,-0.28085752366898803,0.8296271775833082
114734,1,0.2967804807253867,0.2696188398528684,-0.28085752366898803,0.8296271775833082
114739,0,0.1165791417008531,0.12335405486433378,-0.28085752366898803,0.8296271775833082
114740,0,0.0539865298079899,0.06558869278145257,-0.28085752366898803,0.8296271775833082
114741,1,0.1550187486289592,0.1560768329761798,-0.28085752366898803,0.8296271775833082
114745,0,0.1796010981464207,0.176374742259829,-0.28085752366898803,0.8296271775833082
114746,0,0.0307213968281833,0.041312793171175054,-0.28085752366898803,0.8296271775833082
114747,0,0.0093194491980529,0.01548713375392691,-0.28085752366898803,0.8296271775833082
114756,0,0.0082109631846943,0.013951430679432827,-0.28085752366898803,0.8296271775833082
114759,0,0.0003397146327349,0.0009996116621351298,-0.28085752366898803,0.8296271775833082
114762,0,0.0068744014059701,0.0120491707305305,-0.28085752366898803,0.8296271775833082
114765,0,0.0220062395155483,0.03141319445882169,-0.28085752366898803,0.8296271775833082
114769,0,0.0033655459083098,0.006678939056561183,-0.28085752366898803,0.8296271775833082
114772,0,0.0130225310799786,0.020403068191083774,-0.28085752366898803,0.8296271775833082
114774,0,0.0648562973543134,0.07622779278755774,-0.28085752366898803,0.8296271775833082
114775,0,0.0027079570831534,0.0055798419490736915,-0.28085752366898803,0.8296271775833082
114785,1,0.25578351683362,0.23741582129242123,-0.28085752366898803,0.8296271775833082
114789,0,0.1114146351030624,0.11883884627035243,-0.28085752366898803,0.8296271775833082
114790,0,0.4493210866168982,0.389452203164057,-0.28085752366898803,0.8296271775833082
114791,0,0.6616343633101395,0.5684374574713686,-0.28085752366898803,0.8296271775833082
114793,0,0.0170201802049983,0.025432099550239715,-0.28085752366898803,0.8296271775833082
114795,1,0.0488828981257554,0.060462473252947145,-0.28085752366898803,0.8296271775833082
114797,0,0.1275877146337552,0.13287423396625303,-0.28085752366898803,0.8296271775833082
114798,0,0.012328446869604,0.01950323125265022,-0.28085752366898803,0.8296271775833082
114799,0,0.2069171184443948,0.19852282558394863,-0.28085752366898803,0.8296271775833082
114801,1,0.5130336225553155,0.4408789786166898,-0.28085752366898803,0.8296271775833082
114803,0,0.0034249565595117,0.0067762776348752754,-0.28085752366898803,0.8296271775833082
114806,0,0.0006880207711131,0.001794243895419524,-0.28085752366898803,0.8296271775833082
114808,0,0.0126028322029332,0.019860019752878755,-0.28085752366898803,0.8296271775833082
114809,0,0.0023178511187622,0.004906012799186475,-0.28085752366898803,0.8296271775833082
114811,0,0.0256876093965172,0.035669010537281706,-0.28085752366898803,0.8296271775833082
114818,0,0.0087422353443427,0.014691799807018287,-0.28085752366898803,0.8296271775833082
114819,0,0.0014581588937321,0.003342813252541594,-0.28085752366898803,0.8296271775833082
114825,0,0.0254920003975357,0.035445822829780975,-0.28085752366898803,0.8296271775833082
114828,0,0.0482648279561893,0.0598352367174755,-0.28085752366898803,0.8296271775833082
114831,0,0.3664816323937475,0.32411026825408584,-0.28085752366898803,0.8296271775833082
114834,0,0.0139808479516101,0.021631404211051457,-0.28085752366898803,0.8296271775833082
114838,0,0.1115999036369754,0.11900140048655014,-0.28085752366898803,0.8296271775833082
114841,0,0.1211538090706825,0.12732676625418896,-0.28085752366898803,0.8296271775833082
114842,0,0.0244689692476848,0.03427338380144848,-0.28085752366898803,0.8296271775833082
114843,0,0.1065184855189533,0.11452668208868663,-0.28085752366898803,0.8296271775833082
114846,0,0.2593767079188513,0.24024967075275955,-0.28085752366898803,0.8296271775833082
114849,0,0.4805194615079561,0.4144652006575949,-0.28085752366898803,0.8296271775833082
114851,0,0.0085960818483668,0.014488946024800563,-0.28085752366898803,0.8296271775833082
114852,0,0.0376506843610367,0.048813600157410424,-0.28085752366898803,0.8296271775833082
114853,0,0.1256366736101352,0.13119673682174077,-0.28085752366898803,0.8296271775833082
114859,0,0.135664029979248,0.13977685001672985,-0.28085752366898803,0.8296271775833082
114861,0,0.145693572365109,0.14826312381916879,-0.28085752366898803,0.8296271775833082
114862,1,0.0919263487496768,0.1014711767448262,-0.28085752366898803,0.8296271775833082
114863,0,0.0304057147006766,0.04096412291228856,-0.28085752366898803,0.8296271775833082
114864,0,0.0261823593905661,0.03623213476636636,-0.28085752366898803,0.8296271775833082
114868,0,0.0169907058371624,0.025395868462801306,-0.28085752366898803,0.8296271775833082
114870,0,0.0362223176442881,0.04728971842392275,-0.28085752366898803,0.8296271775833082
114871,0,0.2431004797570671,0.22738938612420556,-0.28085752366898803,0.8296271775833082
114872,0,0.0246556437785476,0.03448797922860882,-0.28085752366898803,0.8296271775833082
114877,0,0.0640672582814802,0.07546693485919838,-0.28085752366898803,0.8296271775833082
114879,0,0.0166291994627337,0.02495055434765919,-0.28085752366898803,0.8296271775833082
114883,0,0.0411355983080912,0.05248822762595422,-0.28085752366898803,0.8296271775833082
114886,0,0.0394311774239049,0.0506984465512323,-0.28085752366898803,0.8296271775833082
114890,0,0.0053839538344779,0.009847641826503578,-0.28085752366898803,0.8296271775833082
114894,0,0.075745712329416,0.0865696884965135,-0.28085752366898803,0.8296271775833082
114898,0,0.0440767659489063,0.0555453093419133,-0.28085752366898803,0.8296271775833082
114901,0,0.0260672668766669,0.036101311538869585,-0.28085752366898803,0.8296271775833082
114903,0,0.138862280434534,0.14249283776484983,-0.28085752366898803,0.8296271775833082
114905,0,0.0333995174582101,0.044245168681610256,-0.28085752366898803,0.8296271775833082
114907,0,0.0930852618053538,0.10252019470808303,-0.28085752366898803,0.8296271775833082
114908,1,0.3087165517402847,0.2789568470695214,-0.28085752366898803,0.8296271775833082
114910,0,0.0042006556327313,0.008022008457549358,-0.28085752366898803,0.8296271775833082
114913,0,0.020418249678345,0.029538058929487736,-0.28085752366898803,0.8296271775833082
114915,0,0.0135023117962663,0.021020003320981886,-0.28085752366898803,0.8296271775833082
114916,0,0.0160934181250366,0.02428731084276048,-0.28085752366898803,0.8296271775833082
114919,0,0.0670276685322384,0.07831315505027614,-0.28085752366898803,0.8296271775833082
114922,0,0.1266543840457544,0.13207226309308664,-0.28085752366898803,0.8296271775833082
114925,0,0.003533478395808,0.006953320965603299,-0.28085752366898803,0.8296271775833082
114927,0,0.0078048554778831,0.013379716749285389,-0.28085752366898803,0.8296271775833082
114929,0,0.0258102396908588,0.035808771776777645,-0.28085752366898803,0.8296271775833082
114931,0,0.0339464440778838,0.044838626419727544,-0.28085752366898803,0.8296271775833082
114932,0,0.0198577529015053,0.028869939348833293,-0.28085752366898803,0.8296271775833082
114934,0,0.0486555142592593,0.06023188579559978,-0.28085752366898803,0.8296271775833082
114935,0,0.0080043572353425,0.013661219877102846,-0.28085752366898803,0.8296271775833082
114937,1,0.1594985708708197,0.15980659991984267,-0.28085752366898803,0.8296271775833082
114941,1,0.2478646116520296,0.23116020445485905,-0.28085752366898803,0.8296271775833082
114943,0,0.1243610240004427,0.13009773837890878,-0.28085752366898803,0.8296271775833082
114944,0,0.2666593196556841,0.24598525986393177,-0.28085752366898803,0.8296271775833082
114954,0,0.0002831769137771,0.0008595763626014274,-0.28085752366898803,0.8296271775833082
114958,1,0.2981267671195526,0.27067264563348614,-0.28085752366898803,0.8296271775833082
114961,0,0.0461407641064234,0.057668374943864203,-0.28085752366898803,0.8296271775833082
114962,0,0.2335296479508248,0.21979547878459021,-0.28085752366898803,0.8296271775833082
114965,0,0.0301856385092707,0.04072065721085966,-0.28085752366898803,0.8296271775833082
114970,0,0.2012763792528837,0.1939785882078566,-0.28085752366898803,0.8296271775833082
114978,0,0.0021779155346375,0.004659601943530413,-0.28085752366898803,0.8296271775833082
114979,0,0.1040411709961349,0.11233247704120287,-0.28085752366898803,0.8296271775833082
114984,0,0.0030657611401658,0.006183035041772345,-0.28085752366898803,0.8296271775833082
114985,1,0.1540098331532546,0.15523476321801977,-0.28085752366898803,0.8296271775833082
114986,1,0.4418671147930822,0.3835166252460941,-0.28085752366898803,0.8296271775833082
114988,0,0.0679103581970161,0.07915742081809497,-0.28085752366898803,0.8296271775833082
114993,0,0.0972458166307326,0.10626819353950116,-0.28085752366898803,0.8296271775833082
114994,0,0.0340999643704055,0.04500489217103209,-0.28085752366898803,0.8296271775833082
114995,0,0.0239532126542294,0.03367892072062049,-0.28085752366898803,0.8296271775833082
114996,0,0.0188506479984638,0.02766072358162556,-0.28085752366898803,0.8296271775833082
114998,1,0.0953485473043749,0.10456249515276064,-0.28085752366898803,0.8296271775833082
115003,0,0.0084868840569365,0.014336982558538464,-0.28085752366898803,0.8296271775833082
115004,0,0.0029016103924822,0.0059079274213614825,-0.28085752366898803,0.8296271775833082
115005,0,0.0293487410362679,0.039791820879374315,-0.28085752366898803,0.8296271775833082
115006,0,0.0010145833127112,0.0024754228810993906,-0.28085752366898803,0.8296271775833082
115015,0,0.1252503780398899,0.13086412060769131,-0.28085752366898803,0.8296271775833082
115023,0,0.0424581227382182,0.053867649000021375,-0.28085752366898803,0.8296271775833082
115028,0,0.1652646458117857,0.16458602257284247,-0.28085752366898803,0.8296271775833082
115030,0,0.0217849648819016,0.031153427930837543,-0.28085752366898803,0.8296271775833082
115034,0,0.0497432631208677,0.06133320483513212,-0.28085752366898803,0.8296271775833082
115036,0,0.003310415456173,0.006588343403644989,-0.28085752366898803,0.8296271775833082
115042,0,0.2130014515283724,0.2034094227103545,-0.28085752366898803,0.8296271775833082
115044,0,0.0154371340145146,0.02346940505213327,-0.28085752366898803,0.8296271775833082
115047,0,0.0279234311227198,0.038198648456897875,-0.28085752366898803,0.8296271775833082
115051,0,0.2164156726189748,0.2061451136116946,-0.28085752366898803,0.8296271775833082
115052,0,0.0348276382774993,0.04579112721845193,-0.28085752366898803,0.8296271775833082
115053,0,9.837720086803956e-05,0.0003576856751718245,-0.28085752366898803,0.8296271775833082
115055,0,0.0041630510463675,0.00796261163048761,-0.28085752366898803,0.8296271775833082
115057,0,0.2125107465602884,0.20301586782399966,-0.28085752366898803,0.8296271775833082
115058,0,0.0602755927209437,0.07178680204647563,-0.28085752366898803,0.8296271775833082
115060,0,0.3896124525000762,0.34224365733422235,-0.28085752366898803,0.8296271775833082
115065,0,0.0010150396254846,0.0024763451443045328,-0.28085752366898803,0.8296271775833082
115066,0,0.0839695848396399,0.0942057969323768,-0.28085752366898803,0.8296271775833082
115070,0,0.0014664116336078,0.00335847194197791,-0.28085752366898803,0.8296271775833082
115074,0,0.0869366899698098,0.09692837266219552,-0.28085752366898803,0.8296271775833082
115077,0,0.0312219585913053,0.041864322166809936,-0.28085752366898803,0.8296271775833082
115081,0,0.0362575078927382,0.047327392376459734,-0.28085752366898803,0.8296271775833082
115082,0,0.0121556442425144,0.019277798744163053,-0.28085752366898803,0.8296271775833082
115083,0,0.0465852786454877,0.05812332271084765,-0.28085752366898803,0.8296271775833082
115085,0,0.0897131531430297,0.09946154231645359,-0.28085752366898803,0.8296271775833082
115088,0,0.0003796820259137,0.0010961740854715809,-0.28085752366898803,0.8296271775833082
115089,0,0.0254747992314121,0.03542618153903977,-0.28085752366898803,0.8296271775833082
115091,0,0.0386588210760265,0.0498827766513146,-0.28085752366898803,0.8296271775833082
115095,0,0.1739998802653325,0.17178411714871827,-0.28085752366898803,0.8296271775833082
115096,1,0.2243477159548716,0.21248416765358644,-0.28085752366898803,0.8296271775833082
115099,0,0.0284394107915555,0.038777077343515515,-0.28085752366898803,0.8296271775833082
115100,0,0.0894225955946602,0.09919708300302289,-0.28085752366898803,0.8296271775833082
115110,1,0.0237730869144667,0.033470757924850804,-0.28085752366898803,0.8296271775833082
115123,0,0.0770467851136866,0.08778706465078301,-0.28085752366898803,0.8296271775833082
115126,0,0.0287390167141033,0.039112061961444115,-0.28085752366898803,0.8296271775833082
115130,0,6.496025791188479e-05,0.00025351121943842017,-0.28085752366898803,0.8296271775833082
115138,0,0.9802247735455673,0.9506153249151126,-0.28085752366898803,0.8296271775833082
115140,0,0.0538794166404385,0.06548203606765171,-0.28085752366898803,0.8296271775833082
115144,0,0.0161790662404843,0.024393600436375177,-0.28085752366898803,0.8296271775833082
115147,0,0.0250495258264288,0.0349398035684706,-0.28085752366898803,0.8296271775833082
115150,0,0.0571805637351998,0.06875192006213547,-0.28085752366898803,0.8296271775833082
115151,1,0.6561672164775139,0.5634799673384105,-0.28085752366898803,0.8296271775833082
115154,0,0.1197982731362907,0.12615213212017912,-0.28085752366898803,0.8296271775833082
115155,0,0.0007339443134948,0.0018929351176758952,-0.28085752366898803,0.8296271775833082
115156,0,0.0137369494137973,0.02132026865097925,-0.28085752366898803,0.8296271775833082
115159,0,0.0573485070360809,0.0689173461443487,-0.28085752366898803,0.8296271775833082
115161,0,0.0451476374753875,0.05664903707902762,-0.28085752366898803,0.8296271775833082
115164,1,0.261703041368741,0.24208295501831747,-0.28085752366898803,0.8296271775833082
115181,0,0.0380781290698469,0.04926755696936293,-0.28085752366898803,0.8296271775833082
115185,0,0.1504488851525326,0.15225637912672135,-0.28085752366898803,0.8296271775833082
115186,0,0.0003858956896469,0.0011110256696696618,-0.28085752366898803,0.8296271775833082
115189,0,0.0712653721408445,0.08234885805976233,-0.28085752366898803,0.8296271775833082
115190,0,0.273526919213051,0.25138513223275616,-0.28085752366898803,0.8296271775833082
115191,0,0.0010810682412163,0.002609060770140777,-0.28085752366898803,0.8296271775833082
115192,0,0.0896792032989093,0.09943064947162296,-0.28085752366898803,0.8296271775833082
115202,0,0.0611441487431008,0.07263338914270982,-0.28085752366898803,0.8296271775833082
115203,0,0.1548247047907556,0.1559149387779175,-0.28085752366898803,0.8296271775833082
115205,0,0.0017920871143455,0.003965135354119545,-0.28085752366898803,0.8296271775833082
115206,0,0.057491945978296,0.06905856597161308,-0.28085752366898803,0.8296271775833082
115210,0,0.2808552983596722,0.25713901329879674,-0.28085752366898803,0.8296271775833082
115213,0,0.0280347287921707,0.03832358082698218,-0.28085752366898803,0.8296271775833082
115215,0,0.0340950253428603,0.044999545235564424,-0.28085752366898803,0.8296271775833082
115217,0,0.0488013195566433,0.06037976781132244,-0.28085752366898803,0.8296271775833082
115218,0,0.0820479852880514,0.0924336885837317,-0.28085752366898803,0.8296271775833082
115220,0,0.0179920867472871,0.026620556978577174,-0.28085752366898803,0.8296271775833082
115225,0,0.022037778296091,0.03145018066889634,-0.28085752366898803,0.8296271775833082
115229,0,0.0036708979673426,0.007176146975340333,-0.28085752366898803,0.8296271775833082
115230,0,0.0139076059548662,0.021538075003645258,-0.28085752366898803,0.8296271775833082
115232,1,0.0581957246026347,0.06975053977180685,-0.28085752366898803,0.8296271775833082
115238,0,0.0029255602815143,0.005948232387876243,-0.28085752366898803,0.8296271775833082
115240,0,0.0897567553498756,0.09950121544287012,-0.28085752366898803,0.8296271775833082
115242,1,0.2402429505148997,0.22512479115464062,-0.28085752366898803,0.8296271775833082
115243,0,0.0322449575149193,0.04298648686577905,-0.28085752366898803,0.8296271775833082
115244,0,0.0091834444148956,0.01530054901487664,-0.28085752366898803,0.8296271775833082
115245,0,0.0043241717077984,0.008216450383897438,-0.28085752366898803,0.8296271775833082
115247,0,0.0804490394073746,0.09095362891736238,-0.28085752366898803,0.8296271775833082
115250,0,0.0177010498415001,0.026265926493994778,-0.28085752366898803,0.8296271775833082
115253,0,0.4220445290612563,0.3677966971438331,-0.28085752366898803,0.8296271775833082
115255,0,0.0420259668096397,0.05341777610692984,-0.28085752366898803,0.8296271775833082
115257,0,0.0036743151177031,0.007181669020796607,-0.28085752366898803,0.8296271775833082
115260,0,0.0037654165532444,0.007328557658723919,-0.28085752366898803,0.8296271775833082
115261,0,0.0072560223242579,0.012598539805769658,-0.28085752366898803,0.8296271775833082
115263,0,0.0457295994234377,0.057246848480257316,-0.28085752366898803,0.8296271775833082
115273,0,0.0685801111854151,0.0797967156875697,-0.28085752366898803,0.8296271775833082
115276,0,0.0099982884930025,0.016411306886851836,-0.28085752366898803,0.8296271775833082
115279,1,0.2694532773900772,0.24818307542074652,-0.28085752366898803,0.8296271775833082
115280,0,0.0098476576830179,0.01620723564726401,-0.28085752366898803,0.8296271775833082
115281,0,0.1026256476255162,0.11107483932533449,-0.28085752366898803,0.8296271775833082
115283,0,0.0214467963681858,0.030755500244757733,-0.28085752366898803,0.8296271775833082
115284,0,0.0039356297943443,0.007601347026382328,-0.28085752366898803,0.8296271775833082
115287,0,0.0863920867629669,0.09642987023557552,-0.28085752366898803,0.8296271775833082
115288,1,0.6771006112279158,0.5826019950871271,-0.28085752366898803,0.8296271775833082
115289,0,0.0055452194707588,0.010090617775468784,-0.28085752366898803,0.8296271775833082
115290,0,0.0326345502586653,0.04341212270775107,-0.28085752366898803,0.8296271775833082
115292,0,0.1243508594995753,0.13008897437327205,-0.28085752366898803,0.8296271775833082
115295,0,0.0403754261865777,0.051691693389165946,-0.28085752366898803,0.8296271775833082
115304,0,0.0281977048145584,0.0385063588813332,-0.28085752366898803,0.8296271775833082
115309,0,0.0940256099125671,0.10336974024224928,-0.28085752366898803,0.8296271775833082
115310,0,0.0716678497074078,0.0827299001270445,-0.28085752366898803,0.8296271775833082
115317,0,0.0248846228428142,0.034750801642807826,-0.28085752366898803,0.8296271775833082
115323,0,0.0013803992316111,0.003194503988776297,-0.28085752366898803,0.8296271775833082
115326,0,0.0065376554915023,0.01155988470945,-0.28085752366898803,0.8296271775833082
115328,0,0.040225835492099,0.051534625784335486,-0.28085752366898803,0.8296271775833082
115331,0,0.0703268128315852,0.08145879916832657,-0.28085752366898803,0.8296271775833082
115332,0,0.002576313213937,0.005354476734048493,-0.28085752366898803,0.8296271775833082
115333,0,0.0141856946686616,0.021891964270487254,-0.28085752366898803,0.8296271775833082
115334,0,0.0363381620295714,0.04741371379668603,-0.28085752366898803,0.8296271775833082
115335,0,0.0149476082811765,0.022855221728418456,-0.28085752366898803,0.8296271775833082
115337,0,0.0676471939082364,0.07890591777732196,-0.28085752366898803,0.8296271775833082
115338,0,0.0085974131014249,0.014490796506094805,-0.28085752366898803,0.8296271775833082
115346,0,0.0049743695925817,0.009224617645990647,-0.28085752366898803,0.8296271775833082
115350,0,0.0267374157491891,0.03686158885074022,-0.28085752366898803,0.8296271775833082
115355,0,0.0335574774272072,0.044416748986246556,-0.28085752366898803,0.8296271775833082
115358,0,0.1171458427175482,0.12384752054262199,-0.28085752366898803,0.8296271775833082
115359,0,0.0039944113198168,0.007695066881591582,-0.28085752366898803,0.8296271775833082
115363,0,0.0119586419382908,0.01902009005975931,-0.28085752366898803,0.8296271775833082
115365,0,0.0049522138620726,0.00919066361203032,-0.28085752366898803,0.8296271775833082
115374,0,0.0014030700516018,0.003237889549511689,-0.28085752366898803,0.8296271775833082
115375,0,0.0119673530277406,0.019031501557483312,-0.28085752366898803,0.8296271775833082
115379,0,0.1044780845250447,0.11272008241999909,-0.28085752366898803,0.8296271775833082
115380,0,0.0406451872721802,0.05197466936173387,-0.28085752366898803,0.8296271775833082
115390,0,0.0168046499788284,0.02516689662410661,-0.28085752366898803,0.8296271775833082
115394,0,0.1188626384516154,0.12534012873413333,-0.28085752366898803,0.8296271775833082
115395,1,0.0593474264757119,0.07087968427643516,-0.28085752366898803,0.8296271775833082
115396,0,0.1295284482911539,0.13453891562136114,-0.28085752366898803,0.8296271775833082
115398,0,0.2254961582795099,0.21340014220621478,-0.28085752366898803,0.8296271775833082
115401,1,0.0631976935263677,0.07462648208339301,-0.28085752366898803,0.8296271775833082
115402,0,0.0608270622128136,0.07232457489540936,-0.28085752366898803,0.8296271775833082
115407,0,0.0382987980568269,0.04950154760780492,-0.28085752366898803,0.8296271775833082
115409,0,0.1472116276751792,0.14953993259916876,-0.28085752366898803,0.8296271775833082
115410,0,0.0022982938442762,0.004871733921677443,-0.28085752366898803,0.8296271775833082
115411,0,0.0303979897785413,0.04095558246857365,-0.28085752366898803,0.8296271775833082
115418,0,0.01159572733217,0.018543326704760367,-0.28085752366898803,0.8296271775833082
115423,0,0.0052997873606013,0.00972031986722547,-0.28085752366898803,0.8296271775833082
115426,0,0.0193394687289688,0.028249074861302983,-0.28085752366898803,0.8296271775833082
115437,0,0.0984817156923769,0.10737627890463769,-0.28085752366898803,0.8296271775833082
115440,0,0.2645566436037261,0.24433029572830736,-0.28085752366898803,0.8296271775833082
115441,0,0.0183689939237628,0.027078275925624357,-0.28085752366898803,0.8296271775833082
115443,0,0.0490137377977196,0.06059506788637258,-0.28085752366898803,0.8296271775833082
115445,0,0.12091341489141,0.12711860652788087,-0.28085752366898803,0.8296271775833082
115447,0,0.0073837260808178,0.012781218671803332,-0.28085752366898803,0.8296271775833082
115455,0,0.0012062533106955,0.0028569297170382983,-0.28085752366898803,0.8296271775833082
115458,0,0.1235466477697718,0.12939521157113273,-0.28085752366898803,0.8296271775833082
115459,0,0.1639145552176825,0.16346902313213668,-0.28085752366898803,0.8296271775833082
115465,0,0.0395315451838629,0.05080422735040819,-0.28085752366898803,0.8296271775833082
115467,0,0.0239941781207033,0.03372622258609077,-0.28085752366898803,0.8296271775833082
115469,1,0.3382974097085123,0.30207280131553244,-0.28085752366898803,0.8296271775833082
115470,0,0.0507110609033584,0.06230940128889108,-0.28085752366898803,0.8296271775833082
115471,0,0.0026364128204796,0.0054576065874612535,-0.28085752366898803,0.8296271775833082
115472,0,0.0112591517440596,0.01809875901935557,-0.28085752366898803,0.8296271775833082
115474,0,0.0322366226517049,0.04297737065206742,-0.28085752366898803,0.8296271775833082
115478,0,0.0364565510382971,0.04754035811341023,-0.28085752366898803,0.8296271775833082
115479,0,0.0030040736693818,0.006079960042937087,-0.28085752366898803,0.8296271775833082
115480,1,0.5705884251129725,0.48874338229727604,-0.28085752366898803,0.8296271775833082
115485,0,0.0249737596430708,0.034852993242799446,-0.28085752366898803,0.8296271775833082
115487,0,0.0161295583155306,0.024332173422144603,-0.28085752366898803,0.8296271775833082
115489,0,0.0415886482242395,0.05296166797957262,-0.28085752366898803,0.8296271775833082
115490,0,0.1369301719700655,0.14085321308397433,-0.28085752366898803,0.8296271775833082
115493,0,0.1440698188890189,0.14689525720222152,-0.28085752366898803,0.8296271775833082
115494,0,0.0873807694892445,0.09733446248973367,-0.28085752366898803,0.8296271775833082
115495,1,0.1251635346925463,0.13078932285047395,-0.28085752366898803,0.8296271775833082
115498,0,0.0622245922617749,0.07368349822511637,-0.28085752366898803,0.8296271775833082
115499,0,0.0017318337372551,0.00385444756289456,-0.28085752366898803,0.8296271775833082
115501,0,0.0485765722240123,0.06015178576364611,-0.28085752366898803,0.8296271775833082
115504,0,0.3356541159669376,0.30000752874650083,-0.28085752366898803,0.8296271775833082
115509,0,0.0302524709670915,0.04079462682229713,-0.28085752366898803,0.8296271775833082
115511,0,0.0657000038003928,0.07703953781544666,-0.28085752366898803,0.8296271775833082
115518,0,0.0177875003734022,0.026371376977545914,-0.28085752366898803,0.8296271775833082
115521,0,0.0254315359117223,0.0353767702418478,-0.28085752366898803,0.8296271775833082
115526,0,0.1170119468473883,0.12373096279736923,-0.28085752366898803,0.8296271775833082
115530,0,0.0324951707822646,0.04325995602811981,-0.28085752366898803,0.8296271775833082
115532,1,0.4730385455990273,0.4084404531732939,-0.28085752366898803,0.8296271775833082
115538,0,0.0500179223682091,0.06161059539035728,-0.28085752366898803,0.8296271775833082
115539,0,0.0233020682325646,0.03292505437748129,-0.28085752366898803,0.8296271775833082
115545,0,0.0004674853702996,0.001302496642227657,-0.28085752366898803,0.8296271775833082
115546,0,0.0369210952345753,0.048036570975889946,-0.28085752366898803,0.8296271775833082
115547,1,0.3073399549520046,0.27788039540409754,-0.28085752366898803,0.8296271775833082
115551,0,0.0050552292368465,0.00934831092424561,-0.28085752366898803,0.8296271775833082
115558,0,0.0764801228843295,0.08725730264032576,-0.28085752366898803,0.8296271775833082
115560,1,0.1953512506571485,0.18918980005539252,-0.28085752366898803,0.8296271775833082
115563,0,0.0017658415025053,0.0039170018769696,-0.28085752366898803,0.8296271775833082
115569,0,0.1708095949819273,0.16916090377781795,-0.28085752366898803,0.8296271775833082
115574,0,0.0326052829130628,0.04338018015153773,-0.28085752366898803,0.8296271775833082
115578,0,0.0072394782980952,0.012574832046411365,-0.28085752366898803,0.8296271775833082
115579,1,0.1906381221435394,0.18536853964834166,-0.28085752366898803,0.8296271775833082
115581,0,0.1396491573250447,0.1431596134128961,-0.28085752366898803,0.8296271775833082
115584,0,0.0064303431019208,0.011403029118225494,-0.28085752366898803,0.8296271775833082
115585,0,0.2520772814449943,0.2344898577886834,-0.28085752366898803,0.8296271775833082
115587,0,0.0112564966919302,0.018095242656419944,-0.28085752366898803,0.8296271775833082
115588,0,0.0491585245398491,0.06074172168669739,-0.28085752366898803,0.8296271775833082
115592,0,0.0557121084656743,0.06730170420427424,-0.28085752366898803,0.8296271775833082
115598,0,0.0231539328562096,0.03275301559903947,-0.28085752366898803,0.8296271775833082
115604,0,0.1299587441143566,0.1349074809675147,-0.28085752366898803,0.8296271775833082
115605,0,0.6489941793702112,0.5570131378769365,-0.28085752366898803,0.8296271775833082
115608,0,0.0178012377196776,0.02638812490606932,-0.28085752366898803,0.8296271775833082
115609,0,0.0035279887660202,0.006944388280148896,-0.28085752366898803,0.8296271775833082
115611,0,0.0510873286497046,0.06268801842610217,-0.28085752366898803,0.8296271775833082
115614,0,0.0027398830415115,0.0056342056702033735,-0.28085752366898803,0.8296271775833082
115615,0,0.0008875182084966,0.00221567799005992,-0.28085752366898803,0.8296271775833082
115617,1,0.0325088205347852,0.04327486333212278,-0.28085752366898803,0.8296271775833082
115624,0,0.0824474949988792,0.09280270656331441,-0.28085752366898803,0.8296271775833082
115629,0,0.02738521061618,0.03759319813508147,-0.28085752366898803,0.8296271775833082
115632,0,0.5423440611342507,0.46505680685328865,-0.28085752366898803,0.8296271775833082
115636,0,0.0377756319910051,0.048946394679736986,-0.28085752366898803,0.8296271775833082
115643,0,0.0631953836588374,0.07462424680138423,-0.28085752366898803,0.8296271775833082
115645,0,0.0022682103824237,0.0048189058592152025,-0.28085752366898803,0.8296271775833082
115646,0,0.1370229605122479,0.14093203448827832,-0.28085752366898803,0.8296271775833082
115647,0,0.2013840384258716,0.1940654506444852,-0.28085752366898803,0.8296271775833082
115656,0,0.2368107515260208,0.22240178766310958,-0.28085752366898803,0.8296271775833082
115661,0,0.1051531197352357,0.11331840859723466,-0.28085752366898803,0.8296271775833082
115662,0,0.0128188194012279,0.0201398864910248,-0.28085752366898803,0.8296271775833082
115663,0,0.0950466999579252,0.10429059920671055,-0.28085752366898803,0.8296271775833082
115666,1,0.410242993193099,0.35847717109163546,-0.28085752366898803,0.8296271775833082
115668,1,0.1073215283011032,0.11523613591172625,-0.28085752366898803,0.8296271775833082
115670,0,0.1211111720570682,0.12728985121925904,-0.28085752366898803,0.8296271775833082
115671,0,0.0150213276109373,0.022947943994249497,-0.28085752366898803,0.8296271775833082
115673,0,0.0009708738839582,0.002386743288648555,-0.28085752366898803,0.8296271775833082
115674,0,0.3924028840793833,0.34443556518932417,-0.28085752366898803,0.8296271775833082
115676,0,0.0359473148500871,0.04699507476599181,-0.28085752366898803,0.8296271775833082
115680,0,0.0305559028265647,0.041130087627995145,-0.28085752366898803,0.8296271775833082
115683,0,0.0267433888041879,0.036868349429974745,-0.28085752366898803,0.8296271775833082
115692,0,0.0080500726747967,0.013725548512006842,-0.28085752366898803,0.8296271775833082
115698,0,0.0507751733763919,0.06237395001952336,-0.28085752366898803,0.8296271775833082
115705,0,0.0450157108356765,0.05651332270669968,-0.28085752366898803,0.8296271775833082
115710,0,0.059128572058878,0.07066542226044738,-0.28085752366898803,0.8296271775833082
115711,0,0.0568116615122709,0.06838823886940308,-0.28085752366898803,0.8296271775833082
115714,0,0.047167870759727,0.05871839416110551,-0.28085752366898803,0.8296271775833082
115715,0,0.0767041008044366,0.08746677751786436,-0.28085752366898803,0.8296271775833082
115724,0,0.0028432660189184,0.005809495606135303,-0.28085752366898803,0.8296271775833082
115728,0,0.0027091504561927,0.0055818760390710185,-0.28085752366898803,0.8296271775833082
115731,0,0.0022643818093519,0.004812173965935685,-0.28085752366898803,0.8296271775833082
115732,0,0.1923254319005252,0.18673782621468707,-0.28085752366898803,0.8296271775833082
115736,0,0.2043098366177987,0.19642409343867004,-0.28085752366898803,0.8296271775833082
115739,0,0.0412356965946831,0.052592912675487435,-0.28085752366898803,0.8296271775833082
115740,0,0.0722408300178672,0.08327171174162093,-0.28085752366898803,0.8296271775833082
115744,0,0.0699369197651169,0.08108843594922718,-0.28085752366898803,0.8296271775833082
115746,1,0.098490429856957,0.10738408353117247,-0.28085752366898803,0.8296271775833082
115747,0,0.0593553056556724,0.07088739546625611,-0.28085752366898803,0.8296271775833082
115749,1,0.0714105484701818,0.0824863462819773,-0.28085752366898803,0.8296271775833082
115750,0,0.0108942546861063,0.017614071187697127,-0.28085752366898803,0.8296271775833082
115752,0,0.052829562581931,0.06443460900861034,-0.28085752366898803,0.8296271775833082
115757,0,0.2732947031504128,0.25120267380034245,-0.28085752366898803,0.8296271775833082
115759,0,0.0059713167825328,0.010726713036933467,-0.28085752366898803,0.8296271775833082
115764,0,0.0025664027100803,0.005337430370915883,-0.28085752366898803,0.8296271775833082
115766,0,0.0134481216455382,0.02095052274559938,-0.28085752366898803,0.8296271775833082
115767,0,0.0334300405514677,0.04427833523531377,-0.28085752366898803,0.8296271775833082
115770,0,0.1577762255457692,0.15837438222555203,-0.28085752366898803,0.8296271775833082
115772,0,0.0062553938611934,0.011146308333808324,-0.28085752366898803,0.8296271775833082
115780,0,0.0041414874592422,0.007928509156875239,-0.28085752366898803,0.8296271775833082
115782,0,0.0534985430110855,0.06510247390272489,-0.28085752366898803,0.8296271775833082
115788,0,0.0178080755185622,0.026396460354009256,-0.28085752366898803,0.8296271775833082
115792,0,0.0037743919283442,0.007342995229453516,-0.28085752366898803,0.8296271775833082
115793,0,0.067385290360554,0.07865544659929481,-0.28085752366898803,0.8296271775833082
115796,0,0.0472803404067458,0.05883311840327003,-0.28085752366898803,0.8296271775833082
115800,0,0.0854696551166593,0.09558428291926335,-0.28085752366898803,0.8296271775833082
115801,0,0.0278777276858548,0.038147319665560515,-0.28085752366898803,0.8296271775833082
115804,0,0.0509530614783041,0.06255297117325952,-0.28085752366898803,0.8296271775833082
115806,0,0.0033013262808275,0.00657338190482736,-0.28085752366898803,0.8296271775833082
115807,0,0.1643456832650912,0.16382585279838216,-0.28085752366898803,0.8296271775833082
115808,0,0.1252686343189924,0.13087984361951974,-0.28085752366898803,0.8296271775833082
115809,0,0.271905062464884,0.2501106132294158,-0.28085752366898803,0.8296271775833082
115814,1,0.0171737814221675,0.02562072850594933,-0.28085752366898803,0.8296271775833082
115818,0,0.0451598682596361,0.05666161535519237,-0.28085752366898803,0.8296271775833082
115829,0,0.0137108825063956,0.02128695691891077,-0.28085752366898803,0.8296271775833082
115831,0,0.0021724585454094,0.004649937937476541,-0.28085752366898803,0.8296271775833082
115833,0,0.0042608004478629,0.008116813795262029,-0.28085752366898803,0.8296271775833082
115834,1,0.2975036626795583,0.2701849305800911,-0.28085752366898803,0.8296271775833082
115846,0,0.1320360319257359,0.13668412822400766,-0.28085752366898803,0.8296271775833082
115851,0,0.0197678695003448,0.028762479589360755,-0.28085752366898803,0.8296271775833082
115853,0,0.0126127569842358,0.01987289871381575,-0.28085752366898803,0.8296271775833082
115854,0,0.0149733229671509,0.02288757438120471,-0.28085752366898803,0.8296271775833082
115858,0,0.2046286862794068,0.19668090823134127,-0.28085752366898803,0.8296271775833082
115859,0,0.0227079683031863,0.03223386892936638,-0.28085752366898803,0.8296271775833082
115860,0,0.0546750712820582,0.06627338982473775,-0.28085752366898803,0.8296271775833082
115861,0,0.0833505674266938,0.09363571229774756,-0.28085752366898803,0.8296271775833082
115878,0,0.0061829529582407,0.011039636805310457,-0.28085752366898803,0.8296271775833082
115888,0,0.1180655544693539,0.1246475637765189,-0.28085752366898803,0.8296271775833082
115889,0,0.0489029331760947,0.060482781214476034,-0.28085752366898803,0.8296271775833082
115891,0,0.0821409585000707,0.09251959365066005,-0.28085752366898803,0.8296271775833082
115895,0,0.0500517066949688,0.061644696541868486,-0.28085752366898803,0.8296271775833082
115907,0,0.0542153746513774,0.06581643423181366,-0.28085752366898803,0.8296271775833082
115909,0,0.3365118824573544,0.3006777128750729,-0.28085752366898803,0.8296271775833082
115912,0,0.0314268294991635,0.04208958502795248,-0.28085752366898803,0.8296271775833082
115913,0,0.0118747686460881,0.018910139508879778,-0.28085752366898803,0.8296271775833082
115915,0,0.0265695896152369,0.03667152226910128,-0.28085752366898803,0.8296271775833082
115926,0,0.076342478419138,0.08712851750630468,-0.28085752366898803,0.8296271775833082
115928,0,0.0880092413587816,0.09790856406303099,-0.28085752366898803,0.8296271775833082
115929,0,0.0049487298563678,0.00918532187573991,-0.28085752366898803,0.8296271775833082
115936,0,0.0811118733666732,0.09156779535192378,-0.28085752366898803,0.8296271775833082
115939,0,0.4530514659609386,0.3924281548704349,-0.28085752366898803,0.8296271775833082
115942,0,0.0913931534345558,0.10098778607391568,-0.28085752366898803,0.8296271775833082
115943,0,0.1062325388870076,0.11427384789033097,-0.28085752366898803,0.8296271775833082
115953,1,0.7698430310895242,0.6727952979776902,-0.28085752366898803,0.8296271775833082
115955,1,0.3735463659398666,0.3296426270401736,-0.28085752366898803,0.8296271775833082
115957,0,0.0217336338608295,0.03109309895387127,-0.28085752366898803,0.8296271775833082
115959,0,0.0153955327159448,0.023417348689143424,-0.28085752366898803,0.8296271775833082
115961,0,0.1783283608201677,0.17533326602181468,-0.28085752366898803,0.8296271775833082
115965,0,0.0602268007604535,0.07173917943603643,-0.28085752366898803,0.8296271775833082
115972,0,0.1027673979211723,0.11120090834057227,-0.28085752366898803,0.8296271775833082
115978,0,0.1363964088495677,0.14039963867746616,-0.28085752366898803,0.8296271775833082
115983,0,0.0905049416881482,0.10018146861218846,-0.28085752366898803,0.8296271775833082
115985,1,0.0566537158326494,0.068232398396707,-0.28085752366898803,0.8296271775833082
115989,0,0.0821849019210697,0.09256019045562171,-0.28085752366898803,0.8296271775833082
115990,0,0.0187906620954586,0.027588333672784283,-0.28085752366898803,0.8296271775833082
115994,0,0.1482436307215028,0.15040683660286616,-0.28085752366898803,0.8296271775833082
115998,0,0.0021497316544919,0.004609644344981147,-0.28085752366898803,0.8296271775833082
116000,0,0.020343040432192,0.02944860458388848,-0.28085752366898803,0.8296271775833082
116003,0,0.0016538363320237,0.003710163161474829,-0.28085752366898803,0.8296271775833082
116004,0,0.0027388949619235,0.00563252482786161,-0.28085752366898803,0.8296271775833082
116008,1,0.148634827583909,0.15073522102873824,-0.28085752366898803,0.8296271775833082
116013,0,0.3547210404562918,0.3149094660093789,-0.28085752366898803,0.8296271775833082
116014,0,0.0173334834823792,0.02581652489489552,-0.28085752366898803,0.8296271775833082
116018,0,0.2707520395393697,0.24920425917218644,-0.28085752366898803,0.8296271775833082
116021,0,0.0120605538342474,0.01915350089434018,-0.28085752366898803,0.8296271775833082
116022,0,0.0321751214934208,0.0429100907260364,-0.28085752366898803,0.8296271775833082
116026,0,0.0076375402673916,0.013142639557984339,-0.28085752366898803,0.8296271775833082
116027,0,0.0528567356672069,0.06446176651457733,-0.28085752366898803,0.8296271775833082
116028,0,0.0155759828275082,0.023642965215764252,-0.28085752366898803,0.8296271775833082
116029,0,0.1178696430199871,0.12447722728874595,-0.28085752366898803,0.8296271775833082
116031,0,0.0340101893734474,0.04490768061354851,-0.28085752366898803,0.8296271775833082
116035,0,0.0105051621783736,0.01709401659668594,-0.28085752366898803,0.8296271775833082
116038,0,0.0712037564113346,0.08229049032741441,-0.28085752366898803,0.8296271775833082
116042,0,0.00492557092254,0.009149797301927635,-0.28085752366898803,0.8296271775833082
116043,0,0.1492830607358157,0.1512790957336295,-0.28085752366898803,0.8296271775833082
116044,0,0.0535316354269087,0.06513547173318757,-0.28085752366898803,0.8296271775833082
116045,0,0.0127299000057695,0.020024772490260467,-0.28085752366898803,0.8296271775833082
116050,0,0.0205929312114756,0.029745595010635544,-0.28085752366898803,0.8296271775833082
116052,1,0.1726553593712237,0.1706793588854381,-0.28085752366898803,0.8296271775833082
116056,0,0.0518456779747081,0.0634495706365167,-0.28085752366898803,0.8296271775833082
116057,0,0.09169797488483,0.10126419354075687,-0.28085752366898803,0.8296271775833082
116062,0,0.0715321557915616,0.08260147555146626,-0.28085752366898803,0.8296271775833082
116065,1,0.2085801492044356,0.19985998116646808,-0.28085752366898803,0.8296271775833082
116067,0,0.2049080168459062,0.1969058565373566,-0.28085752366898803,0.8296271775833082
116071,0,0.0014364433867506,0.0033015367473997526,-0.28085752366898803,0.8296271775833082
116073,0,0.0598343477497758,0.07135587908505792,-0.28085752366898803,0.8296271775833082
116074,0,0.0100396688554106,0.016467271221127133,-0.28085752366898803,0.8296271775833082
116075,0,0.0057196369715909,0.010352006131988873,-0.28085752366898803,0.8296271775833082
116076,0,0.0203682071021066,0.029478544677375446,-0.28085752366898803,0.8296271775833082
116077,0,0.0431949389213841,0.054632751511964034,-0.28085752366898803,0.8296271775833082
116078,0,0.0157478423488263,0.02385740078145931,-0.28085752366898803,0.8296271775833082
116079,0,0.1476685084271991,0.14992383043451749,-0.28085752366898803,0.8296271775833082
116088,0,0.015727466189711,0.023831998938944707,-0.28085752366898803,0.8296271775833082
116089,0,0.0081394583955269,0.013851140034835261,-0.28085752366898803,0.8296271775833082
116090,0,0.002486184972128,0.005199025881616274,-0.28085752366898803,0.8296271775833082
116094,0,0.2323331966291439,0.21884428923877705,-0.28085752366898803,0.8296271775833082
116097,0,0.2385499801462143,0.2237820547513474,-0.28085752366898803,0.8296271775833082
116099,0,0.1768498680109657,0.1741222308556274,-0.28085752366898803,0.8296271775833082
116104,0,0.0027430248712402,0.005639549597292449,-0.28085752366898803,0.8296271775833082
116107,0,0.0411171987703971,0.05246897991273125,-0.28085752366898803,0.8296271775833082
116109,0,0.2464816337956871,0.23006617011786043,-0.28085752366898803,0.8296271775833082
116110,0,0.0084665368614678,0.014308628180530077,-0.28085752366898803,0.8296271775833082
116112,0,0.0278411475878735,0.03810622605233187,-0.28085752366898803,0.8296271775833082
116116,0,0.1301632989345067,0.13508262413764544,-0.28085752366898803,0.8296271775833082
116118,0,0.0091598260208963,0.01526809673129836,-0.28085752366898803,0.8296271775833082
116120,0,0.0791612577015739,0.08975786682047104,-0.28085752366898803,0.8296271775833082
116121,0,0.0028058453721465,0.005746178177016654,-0.28085752366898803,0.8296271775833082
116127,0,0.3704851039957215,0.3272448037307199,-0.28085752366898803,0.8296271775833082
116129,1,0.0791081480061859,0.0897084795021794,-0.28085752366898803,0.8296271775833082
116131,0,0.0702575055101379,0.08139299014334496,-0.28085752366898803,0.8296271775833082
116133,0,0.0072452260269233,0.012583069693266188,-0.28085752366898803,0.8296271775833082
116140,0,0.2258843770524844,0.21370967733495075,-0.28085752366898803,0.8296271775833082
116141,0,0.088210655218813,0.09809240383876631,-0.28085752366898803,0.8296271775833082
116142,0,0.0236001509049948,0.03327063265645181,-0.28085752366898803,0.8296271775833082
116144,1,0.4108948472022278,0.3589912444416441,-0.28085752366898803,0.8296271775833082
116148,0,0.2210400439515325,0.20984350334579796,-0.28085752366898803,0.8296271775833082
116151,0,0.0910641353241206,0.10068926071076562,-0.28085752366898803,0.8296271775833082
116152,0,0.0014192086378799,0.003268700250088047,-0.28085752366898803,0.8296271775833082
116153,0,0.0280724814018782,0.03836593774926649,-0.28085752366898803,0.8296271775833082
116157,1,0.005752288472152,0.010400780866946454,-0.28085752366898803,0.8296271775833082
116160,1,0.8395126356227627,0.7487297109703867,-0.28085752366898803,0.8296271775833082
116164,0,0.0130347245036406,0.020418797592498903,-0.28085752366898803,0.8296271775833082
116166,0,0.047313340121847,0.058866770208103145,-0.28085752366898803,0.8296271775833082
116169,0,0.0690048120198987,0.08020152700228542,-0.28085752366898803,0.8296271775833082
116171,0,0.0070474765839562,0.012298979198081542,-0.28085752366898803,0.8296271775833082
116174,0,0.0799420845715777,0.0904833008299825,-0.28085752366898803,0.8296271775833082
116178,0,0.0019530033111526,0.004257650665261444,-0.28085752366898803,0.8296271775833082
116181,0,0.0204794837858382,0.029610846806391936,-0.28085752366898803,0.8296271775833082
116182,0,0.001375569847924,0.0031852460256501765,-0.28085752366898803,0.8296271775833082
116190,0,0.0074444550971624,0.012867893038861891,-0.28085752366898803,0.8296271775833082
116196,0,0.5518449455016934,0.4729790972850458,-0.28085752366898803,0.8296271775833082
116201,0,0.0152225113185138,0.02320056981286075,-0.28085752366898803,0.8296271775833082
116202,0,0.0702099760013798,0.08134785303735324,-0.28085752366898803,0.8296271775833082
116203,0,0.4697029535434572,0.4057598958512276,-0.28085752366898803,0.8296271775833082
116206,0,0.0428348300250915,0.054259118261189614,-0.28085752366898803,0.8296271775833082
116207,0,0.0352714397107651,0.0462691661066232,-0.28085752366898803,0.8296271775833082
116208,0,0.0907698832113897,0.1004221231606995,-0.28085752366898803,0.8296271775833082
116210,0,0.1407921811778588,0.14412717853983098,-0.28085752366898803,0.8296271775833082
116211,0,0.0301461746298721,0.04067696483693334,-0.28085752366898803,0.8296271775833082
116216,0,0.020003335636397,0.029043802524048857,-0.28085752366898803,0.8296271775833082
116219,0,0.0267354985886142,0.036859418861372686,-0.28085752366898803,0.8296271775833082
116226,0,0.005510016075534,0.010037685388309589,-0.28085752366898803,0.8296271775833082
116228,0,0.0002889499634848,0.0008740811532948806,-0.28085752366898803,0.8296271775833082
116235,0,0.0156955485525877,0.023792196968582643,-0.28085752366898803,0.8296271775833082
116238,0,0.0069532592666034,0.012163127497258381,-0.28085752366898803,0.8296271775833082
116242,0,0.010840577127771,0.017542527715119414,-0.28085752366898803,0.8296271775833082
116243,0,0.0330180528421331,0.043830197130191,-0.28085752366898803,0.8296271775833082
116247,0,0.152242394060121,0.15375771668764684,-0.28085752366898803,0.8296271775833082
116251,0,0.0009180232972985,0.002278590206752829,-0.28085752366898803,0.8296271775833082
116260,0,0.0204486463296997,0.029574195845491688,-0.28085752366898803,0.8296271775833082
116267,0,0.0747026421332366,0.08559106213889078,-0.28085752366898803,0.8296271775833082
116268,0,0.2510974407757936,0.23371577800258772,-0.28085752366898803,0.8296271775833082
116270,0,0.0779982962058427,0.08867508128399038,-0.28085752366898803,0.8296271775833082
116271,0,0.0075479853237516,0.013015365057814029,-0.28085752366898803,0.8296271775833082
116276,0,0.1392718286161082,0.14283994686795046,-0.28085752366898803,0.8296271775833082
116280,1,0.0900172513817165,0.09973816894939086,-0.28085752366898803,0.8296271775833082
116283,0,0.0289645102532872,0.03936376104913252,-0.28085752366898803,0.8296271775833082
116284,0,0.0580727320846066,0.06962971953309495,-0.28085752366898803,0.8296271775833082
116286,0,0.0530383211071772,0.0646431829887199,-0.28085752366898803,0.8296271775833082
116287,0,0.0230184416449677,0.03259548518402072,-0.28085752366898803,0.8296271775833082
116290,0,0.0037252367279666,0.007263851005532759,-0.28085752366898803,0.8296271775833082
116293,0,0.0003563937239483,0.0010401334366593655,-0.28085752366898803,0.8296271775833082
116295,0,0.0166495245389893,0.024975637677078586,-0.28085752366898803,0.8296271775833082
116296,0,0.0101146248461628,0.01656853927270033,-0.28085752366898803,0.8296271775833082
116299,0,0.0265214876700151,0.0366170053687478,-0.28085752366898803,0.8296271775833082
116300,0,0.0088834588248918,0.014887235553858664,-0.28085752366898803,0.8296271775833082
116305,0,0.007363497454199,0.012752319583474022,-0.28085752366898803,0.8296271775833082
116306,1,0.3842301541074965,0.3380187506022595,-0.28085752366898803,0.8296271775833082
116307,0,0.0822898998744904,0.09265717676227452,-0.28085752366898803,0.8296271775833082
116314,0,0.0010107573776967,0.0024676873837646217,-0.28085752366898803,0.8296271775833082
116315,0,0.050936360469398,0.06253616861916388,-0.28085752366898803,0.8296271775833082
116319,0,0.2285680770295374,0.21584808634489486,-0.28085752366898803,0.8296271775833082
116320,0,0.0268977803050151,0.03704300120909493,-0.28085752366898803,0.8296271775833082
116325,1,0.2244789167974746,0.21258883340312829,-0.28085752366898803,0.8296271775833082
116327,0,0.010616513821712,0.01724319552278602,-0.28085752366898803,0.8296271775833082
116335,1,0.150952028452691,0.15267781549779388,-0.28085752366898803,0.8296271775833082
116338,0,0.0733059432755041,0.08427687346811004,-0.28085752366898803,0.8296271775833082
116341,0,0.0069917063259572,0.012218603517062786,-0.28085752366898803,0.8296271775833082
116345,1,0.0129483132491401,0.02030727043442533,-0.28085752366898803,0.8296271775833082
116347,1,0.632278336210117,0.542100883659754,-0.28085752366898803,0.8296271775833082
116351,0,0.0367837963505543,0.04789003179618775,-0.28085752366898803,0.8296271775833082
116354,1,0.2382590191653678,0.22355120555573874,-0.28085752366898803,0.8296271775833082
116355,0,0.0031960542433764,0.006399563674377904,-0.28085752366898803,0.8296271775833082
116356,0,0.0005427891286752,0.001474148758955574,-0.28085752366898803,0.8296271775833082
116357,0,0.0179747421254245,0.026599451817725214,-0.28085752366898803,0.8296271775833082
116360,0,0.0087415106529567,0.014690795475037573,-0.28085752366898803,0.8296271775833082
116362,0,0.1824036411694816,0.17866478037067013,-0.28085752366898803,0.8296271775833082
116372,1,0.0486750049644336,0.060251658769837846,-0.28085752366898803,0.8296271775833082
116373,0,0.0152081785922399,0.02318259234737408,-0.28085752366898803,0.8296271775833082
116374,0,0.0146144030064029,0.02243508412561644,-0.28085752366898803,0.8296271775833082
116375,1,0.2958561998959277,0.26889526421403476,-0.28085752366898803,0.8296271775833082
116378,1,0.0733135108938074,0.08428400586112592,-0.28085752366898803,0.8296271775833082
116381,0,0.1449232560546471,0.1476144818610236,-0.28085752366898803,0.8296271775833082
116382,0,0.0187137555813934,0.027495462711966574,-0.28085752366898803,0.8296271775833082
116384,0,0.0126350916020683,0.019901874701496403,-0.28085752366898803,0.8296271775833082
116386,0,0.0415452758806332,0.05291638450927991,-0.28085752366898803,0.8296271775833082
116389,0,0.2892274612305031,0.2637034677953647,-0.28085752366898803,0.8296271775833082
116390,0,0.0924727004003019,0.10196599904358451,-0.28085752366898803,0.8296271775833082
116398,0,0.0031878027280706,0.006385897303134236,-0.28085752366898803,0.8296271775833082
116406,0,0.027747508978542,0.03800098857514887,-0.28085752366898803,0.8296271775833082
116410,0,0.0241266740167735,0.033879111611799295,-0.28085752366898803,0.8296271775833082
116415,0,0.0248876584301322,0.03475428291569,-0.28085752366898803,0.8296271775833082
116417,0,0.0331883960075483,0.04401561071180791,-0.28085752366898803,0.8296271775833082
116420,1,0.1411334696682624,0.14441585056380402,-0.28085752366898803,0.8296271775833082
116423,0,0.0123974659788169,0.019593111731220234,-0.28085752366898803,0.8296271775833082
116426,0,0.0686388846859547,0.07985276322726692,-0.28085752366898803,0.8296271775833082
116430,0,0.0211847617316562,0.030446373226489507,-0.28085752366898803,0.8296271775833082
116433,0,0.000967849732505,0.002380582585220307,-0.28085752366898803,0.8296271775833082
116434,0,0.0003656342058888,0.0010624425715091178,-0.28085752366898803,0.8296271775833082
116435,0,0.0580728817268688,0.06962986656039487,-0.28085752366898803,0.8296271775833082
116437,1,0.8104271011938001,0.7159407725245213,-0.28085752366898803,0.8296271775833082
116441,0,0.0749763700407187,0.08584810981830136,-0.28085752366898803,0.8296271775833082
116442,0,0.132747549696829,0.13729168016170576,-0.28085752366898803,0.8296271775833082
116447,0,0.6918860293328926,0.5963478443983593,-0.28085752366898803,0.8296271775833082
116448,0,0.0018895238845738,0.004142777094515567,-0.28085752366898803,0.8296271775833082
116453,1,0.0890860681070313,0.09889059859539029,-0.28085752366898803,0.8296271775833082
116455,0,0.010264978768337,0.01677126787512644,-0.28085752366898803,0.8296271775833082
116456,0,0.0917367594457644,0.1012993515362081,-0.28085752366898803,0.8296271775833082
116457,0,0.0505288379650125,0.06212585742046116,-0.28085752366898803,0.8296271775833082
116459,0,0.1377681717224833,0.14156478041341744,-0.28085752366898803,0.8296271775833082
116461,0,0.0799471182476576,0.0904879733839535,-0.28085752366898803,0.8296271775833082
116464,0,0.0515779291977135,0.06318092332275267,-0.28085752366898803,0.8296271775833082
116467,0,0.0597994494883757,0.07132177285797382,-0.28085752366898803,0.8296271775833082
116472,0,0.1903508866939429,0.18513529867877346,-0.28085752366898803,0.8296271775833082
116474,0,0.0542339500494291,0.06583491242474925,-0.28085752366898803,0.8296271775833082
116487,0,0.102122789836722,0.11062737643563922,-0.28085752366898803,0.8296271775833082
116488,1,0.1173238059127556,0.12400240629327415,-0.28085752366898803,0.8296271775833082
116490,1,0.5076116563505696,0.43644656030346596,-0.28085752366898803,0.8296271775833082
116492,0,0.0118546321790849,0.018883721566451878,-0.28085752366898803,0.8296271775833082
116493,1,0.0555467892776944,0.06713800897724267,-0.28085752366898803,0.8296271775833082
116495,0,0.052505272087045,0.06411030862862437,-0.28085752366898803,0.8296271775833082
116499,0,0.2121907712379113,0.2027591903507569,-0.28085752366898803,0.8296271775833082
116502,0,0.0216073190270398,0.030944531167558496,-0.28085752366898803,0.8296271775833082
116503,0,0.083211532658843,0.09350756727520192,-0.28085752366898803,0.8296271775833082
116505,0,0.0555349696952493,0.06712630213128909,-0.28085752366898803,0.8296271775833082
116507,0,0.0109957814599996,0.017749216985382774,-0.28085752366898803,0.8296271775833082
116510,0,0.1231124791856142,0.12902037566816413,-0.28085752366898803,0.8296271775833082
116511,0,0.0162861758453535,0.02452638029359982,-0.28085752366898803,0.8296271775833082
116518,0,0.0781525848725751,0.08881889483570153,-0.28085752366898803,0.8296271775833082
116528,0,0.0035738028496073,0.007018862276324594,-0.28085752366898803,0.8296271775833082
116529,0,0.0133877852969318,0.020873102199888804,-0.28085752366898803,0.8296271775833082
116532,0,0.0017972942028091,0.003974670358268493,-0.28085752366898803,0.8296271775833082
116533,0,0.1072334731279063,0.11515838574358668,-0.28085752366898803,0.8296271775833082
116534,0,0.0078885023748835,0.013497899537929316,-0.28085752366898803,0.8296271775833082
116537,0,0.0050363501700747,0.009319462556284824,-0.28085752366898803,0.8296271775833082
116542,0,0.1266618459422192,0.13207867842321588,-0.28085752366898803,0.8296271775833082
116546,0,0.0169493446918041,0.025345006410172767,-0.28085752366898803,0.8296271775833082
116547,0,0.0135274797726236,0.021052255612347425,-0.28085752366898803,0.8296271775833082
116557,0,0.0768685987429906,0.08762055546665692,-0.28085752366898803,0.8296271775833082
116560,0,0.0164218391215513,0.024694329934301634,-0.28085752366898803,0.8296271775833082
116561,0,0.0135231193447042,0.021046668582508154,-0.28085752366898803,0.8296271775833082
116562,0,0.2995317637715555,0.2717722390036082,-0.28085752366898803,0.8296271775833082
116563,0,0.0233045881592669,0.032927979193046235,-0.28085752366898803,0.8296271775833082
116565,0,0.0775371038513618,0.08824490297225929,-0.28085752366898803,0.8296271775833082
116569,0,0.0422850738993178,0.0536876065795149,-0.28085752366898803,0.8296271775833082
116574,0,0.0914342052767345,0.10102502042118817,-0.28085752366898803,0.8296271775833082
116580,0,0.0130282991140626,0.020410509231845918,-0.28085752366898803,0.8296271775833082
116582,1,0.0173131532940248,0.025791618137070912,-0.28085752366898803,0.8296271775833082
116583,0,0.0060115289622583,0.010786319842131142,-0.28085752366898803,0.8296271775833082
116587,0,0.126317132360313,0.1317822509340208,-0.28085752366898803,0.8296271775833082
116588,0,0.0827377440963831,0.09307060808455031,-0.28085752366898803,0.8296271775833082
116589,0,0.2281409130706408,0.2155078737233135,-0.28085752366898803,0.8296271775833082
116596,0,0.0808685014494344,0.09134239463938824,-0.28085752366898803,0.8296271775833082
116598,1,0.4276679768330588,0.37224732523033627,-0.28085752366898803,0.8296271775833082
116600,0,0.1152174998932911,0.12216679840318363,-0.28085752366898803,0.8296271775833082
116601,0,0.1087986891151202,0.1165388703266916,-0.28085752366898803,0.8296271775833082
116607,0,0.0644728507573156,0.07585824928863731,-0.28085752366898803,0.8296271775833082
116609,0,0.0248797881764374,0.0347452569894107,-0.28085752366898803,0.8296271775833082
116610,0,0.0086049533002152,0.014501276640014969,-0.28085752366898803,0.8296271775833082
116613,0,0.0124192952118874,0.01962152015850717,-0.28085752366898803,0.8296271775833082
116614,0,0.0040869959978054,0.007842192027313155,-0.28085752366898803,0.8296271775833082
116616,0,0.0582244816574233,0.069778782282688,-0.28085752366898803,0.8296271775833082
116617,0,0.0199361493851103,0.028963593632386705,-0.28085752366898803,0.8296271775833082
116620,0,0.1352409350251406,0.13941683330042468,-0.28085752366898803,0.8296271775833082
116627,0,0.2594694581694366,0.24032278435036122,-0.28085752366898803,0.8296271775833082
116631,0,0.0206226436966681,0.029780863896653558,-0.28085752366898803,0.8296271775833082
116644,0,0.0177224888646103,0.02629208606175763,-0.28085752366898803,0.8296271775833082
116654,0,0.0987356071705476,0.10760362301186441,-0.28085752366898803,0.8296271775833082
116655,0,0.0716014091552651,0.0826670242844913,-0.28085752366898803,0.8296271775833082
116656,0,0.0567751294570831,0.06835220069759308,-0.28085752366898803,0.8296271775833082
116657,0,0.0086609029823323,0.014578990019887828,-0.28085752366898803,0.8296271775833082
116660,0,0.0035534392082985,0.0069857805646789005,-0.28085752366898803,0.8296271775833082
116662,0,0.0901335430158218,0.09984391271007946,-0.28085752366898803,0.8296271775833082
116666,1,0.4760911786801428,0.4108966987268338,-0.28085752366898803,0.8296271775833082
116672,0,0.0665682228195784,0.0778729263571397,-0.28085752366898803,0.8296271775833082
116673,0,0.2598084314540091,0.24058997673688245,-0.28085752366898803,0.8296271775833082
116678,0,0.0011024101593039,0.002651654651740765,-0.28085752366898803,0.8296271775833082
116680,0,0.0089473515822024,0.014975472215994668,-0.28085752366898803,0.8296271775833082
116691,0,0.0339754558904955,0.04487005736375799,-0.28085752366898803,0.8296271775833082
116693,0,0.0490228144758772,0.060604263921951416,-0.28085752366898803,0.8296271775833082
116694,0,0.0242761200518128,0.034051375669453085,-0.28085752366898803,0.8296271775833082
116699,0,0.0321412817956854,0.04287306134320812,-0.28085752366898803,0.8296271775833082
116703,0,0.0033601723433202,0.0066701202056536095,-0.28085752366898803,0.8296271775833082
116704,0,0.0012936779550019,0.0030273823745666797,-0.28085752366898803,0.8296271775833082
116705,0,0.0120273800450216,0.019110096128100395,-0.28085752366898803,0.8296271775833082
116706,0,0.0517491075652414,0.06335270522742795,-0.28085752366898803,0.8296271775833082
116710,0,0.2613629401970423,0.24181500378267703,-0.28085752366898803,0.8296271775833082
116713,0,0.0022086094798312,0.004713880921511103,-0.28085752366898803,0.8296271775833082
116716,0,0.0310097815882878,0.04163074048549435,-0.28085752366898803,0.8296271775833082
116721,0,0.0200349849071739,0.029081569325678538,-0.28085752366898803,0.8296271775833082
116724,1,0.2472044427467617,0.23063802316605386,-0.28085752366898803,0.8296271775833082
116728,0,0.0365867964616856,0.04767959868260737,-0.28085752366898803,0.8296271775833082
116730,0,0.0695707502025697,0.08074027415998622,-0.28085752366898803,0.8296271775833082
116734,0,0.053605124059709,0.06520873711476419,-0.28085752366898803,0.8296271775833082
116739,0,0.0155704470166366,0.023636050869114262,-0.28085752366898803,0.8296271775833082
116741,0,0.2532615034435769,0.23542510345572812,-0.28085752366898803,0.8296271775833082
116745,0,0.0355930594148388,0.04661490917459992,-0.28085752366898803,0.8296271775833082
116747,0,0.0088079064941666,0.014782750210807587,-0.28085752366898803,0.8296271775833082
116749,0,0.1982224294982591,0.1915123780663898,-0.28085752366898803,0.8296271775833082
116750,0,0.0047769435801184,0.008921101554887415,-0.28085752366898803,0.8296271775833082
116760,0,0.1091544772866868,0.11685221114136092,-0.28085752366898803,0.8296271775833082
116761,0,0.0091866829187905,0.015304997637231565,-0.28085752366898803,0.8296271775833082
116762,0,0.2325353706715669,0.21900505006921475,-0.28085752366898803,0.8296271775833082
116766,1,0.0748932227278595,0.08577004677698515,-0.28085752366898803,0.8296271775833082
116767,0,0.0066971185217846,0.01179212643726819,-0.28085752366898803,0.8296271775833082
116770,0,0.0622386907906056,0.07369717918856308,-0.28085752366898803,0.8296271775833082
116773,0,0.0592912686770927,0.07082471846684509,-0.28085752366898803,0.8296271775833082
116776,0,0.3016935921123054,0.273463834765773,-0.28085752366898803,0.8296271775833082
116782,0,0.009364179206801,0.015548391943516633,-0.28085752366898803,0.8296271775833082
116783,1,0.2491452261008029,0.2321728407164853,-0.28085752366898803,0.8296271775833082
116786,0,0.0551082065453936,0.06670330692048031,-0.28085752366898803,0.8296271775833082
116794,1,0.2809046333887737,0.2571777224014782,-0.28085752366898803,0.8296271775833082
116796,0,0.0003409916168096,0.0010027259517516652,-0.28085752366898803,0.8296271775833082
116802,1,0.9151380939732504,0.8444918727723463,-0.28085752366898803,0.8296271775833082
116806,0,0.1056997356347934,0.11380244286798281,-0.28085752366898803,0.8296271775833082
116808,0,0.005453895962652,0.00995317827561651,-0.28085752366898803,0.8296271775833082
116809,0,0.0958526668724597,0.10501626790952556,-0.28085752366898803,0.8296271775833082
116810,0,0.0045828007550292,0.008620466308582292,-0.28085752366898803,0.8296271775833082
116812,0,0.0033754834133854,0.006695241539308367,-0.28085752366898803,0.8296271775833082
116813,0,0.0146391921844362,0.022466399995674607,-0.28085752366898803,0.8296271775833082
116814,0,0.0380912821060504,0.04928151098506525,-0.28085752366898803,0.8296271775833082
116816,0,0.0629738308912382,0.0744097798431343,-0.28085752366898803,0.8296271775833082
116819,0,0.0901989899927876,0.09990341324807575,-0.28085752366898803,0.8296271775833082
116820,0,0.0078077552606371,0.01338381755356077,-0.28085752366898803,0.8296271775833082
116822,0,0.0007076926021935,0.0018366539269066057,-0.28085752366898803,0.8296271775833082
116823,0,0.0114441553732413,0.018343413576064786,-0.28085752366898803,0.8296271775833082
116826,0,0.0833511474619106,0.09363624682461576,-0.28085752366898803,0.8296271775833082
116831,0,0.0436628417926182,0.05511737929745166,-0.28085752366898803,0.8296271775833082
116833,0,0.0098464405398981,0.016205584419279228,-0.28085752366898803,0.8296271775833082
116843,0,0.0029024246829919,0.005909298733552376,-0.28085752366898803,0.8296271775833082
116844,0,0.0021266453537313,0.004568637530763916,-0.28085752366898803,0.8296271775833082
116847,0,0.0819515132368234,0.09234453277188566,-0.28085752366898803,0.8296271775833082
116855,1,0.1317040835740195,0.13640051207591702,-0.28085752366898803,0.8296271775833082
116864,0,0.2443828118324019,0.2284049279725719,-0.28085752366898803,0.8296271775833082
116865,0,0.0747444824496272,0.08563036354655426,-0.28085752366898803,0.8296271775833082
116867,0,0.0061266340560091,0.010956552218971332,-0.28085752366898803,0.8296271775833082
116869,0,0.0265742104361157,0.03667675837928963,-0.28085752366898803,0.8296271775833082
116873,0,0.0348613767315338,0.045827507456318875,-0.28085752366898803,0.8296271775833082
116881,0,0.0135715932609382,0.021108760084251475,-0.28085752366898803,0.8296271775833082
116889,0,0.3635000515317641,0.3217767056132075,-0.28085752366898803,0.8296271775833082
116890,0,0.0993636485355439,0.10816557398043959,-0.28085752366898803,0.8296271775833082
116893,0,0.0307281028790473,0.04132019285293022,-0.28085752366898803,0.8296271775833082
116894,0,0.2119817247234346,0.20259147577214748,-0.28085752366898803,0.8296271775833082
116895,0,0.0913891239013337,0.10098413110134459,-0.28085752366898803,0.8296271775833082
116896,0,0.0042701499946297,0.008131530108010267,-0.28085752366898803,0.8296271775833082
116898,0,0.0416980737486256,0.05307587683940075,-0.28085752366898803,0.8296271775833082
116899,0,0.0815577709510423,0.09198046144502552,-0.28085752366898803,0.8296271775833082
116900,0,0.3297246174390738,0.2953748724945722,-0.28085752366898803,0.8296271775833082
116901,0,0.0490435324257855,0.060625253151361004,-0.28085752366898803,0.8296271775833082
116904,0,0.2720018334933295,0.25018667176190723,-0.28085752366898803,0.8296271775833082
116906,1,0.1089413303339794,0.11666451385521605,-0.28085752366898803,0.8296271775833082
116911,1,0.0554097196052953,0.067002218999633,-0.28085752366898803,0.8296271775833082
116915,0,0.0917127523945945,0.101277589572882,-0.28085752366898803,0.8296271775833082
116916,0,0.2529533902109373,0.23518180031903083,-0.28085752366898803,0.8296271775833082
116920,1,0.2877437804640542,0.2625407651978997,-0.28085752366898803,0.8296271775833082
116928,0,0.0486547756137525,0.06023113642452733,-0.28085752366898803,0.8296271775833082
116935,0,0.0172957126688732,0.025770247183043663,-0.28085752366898803,0.8296271775833082
116941,0,0.0045553560101617,0.008577788066936674,-0.28085752366898803,0.8296271775833082
116947,0,0.0098662343843082,0.016232433049135176,-0.28085752366898803,0.8296271775833082
116956,1,0.1219481774167835,0.12801415319609588,-0.28085752366898803,0.8296271775833082
116959,1,0.0971585213389368,0.10618983673001273,-0.28085752366898803,0.8296271775833082
116961,0,0.0776445753644744,0.08834518727165074,-0.28085752366898803,0.8296271775833082
116962,0,0.1260291783580745,0.13153453556166772,-0.28085752366898803,0.8296271775833082
116964,0,0.0136882436198911,0.021258016675262854,-0.28085752366898803,0.8296271775833082
116966,0,0.0771133887463476,0.08784928615523181,-0.28085752366898803,0.8296271775833082
116967,0,0.0288416851533802,0.03922670658964321,-0.28085752366898803,0.8296271775833082
116968,1,0.0929105474292715,0.1023621908336916,-0.28085752366898803,0.8296271775833082
116972,0,0.1363718975759168,0.1403788033681608,-0.28085752366898803,0.8296271775833082
116978,0,0.084398858706533,0.09460070926854822,-0.28085752366898803,0.8296271775833082
116979,0,0.0237258980153607,0.03341617638138019,-0.28085752366898803,0.8296271775833082
116980,0,0.0094302241125345,0.015638745391886016,-0.28085752366898803,0.8296271775833082
116981,0,0.0398870221771443,0.05117848211637765,-0.28085752366898803,0.8296271775833082
116984,0,0.2327519082800496,0.2191772183687119,-0.28085752366898803,0.8296271775833082
116988,0,0.0225312455463796,0.03202763265543137,-0.28085752366898803,0.8296271775833082
116989,0,0.0316454556275767,0.04232967588702046,-0.28085752366898803,0.8296271775833082
116994,0,0.0704020461120422,0.08153022202087179,-0.28085752366898803,0.8296271775833082
116997,0,0.1041450557855762,0.1124246622728036,-0.28085752366898803,0.8296271775833082
117000,0,0.0640018756090344,0.07540381243302344,-0.28085752366898803,0.8296271775833082
117002,0,0.0443469088384743,0.05582419747599158,-0.28085752366898803,0.8296271775833082
117010,0,0.0782772026327646,0.08893501562871468,-0.28085752366898803,0.8296271775833082
117011,0,0.0187550285924874,0.02754531189507571,-0.28085752366898803,0.8296271775833082
117014,0,0.0153276249748542,0.023332319839755127,-0.28085752366898803,0.8296271775833082
117015,1,0.7200144832547143,0.6231061009537531,-0.28085752366898803,0.8296271775833082
117017,0,0.0487833993390565,0.0603615966893482,-0.28085752366898803,0.8296271775833082
117021,0,0.0221113181309783,0.03153638493287602,-0.28085752366898803,0.8296271775833082
117022,0,0.040050677571757,0.05135057726623957,-0.28085752366898803,0.8296271775833082
117026,0,0.3170503719126467,0.28547151701839885,-0.28085752366898803,0.8296271775833082
117031,1,0.4624070274958144,0.39990858862610146,-0.28085752366898803,0.8296271775833082
117032,0,0.0280466920834204,0.03833700429186705,-0.28085752366898803,0.8296271775833082
117033,0,0.0344930828546069,0.045430025051693405,-0.28085752366898803,0.8296271775833082
117036,0,0.0675209952586032,0.07878524943253776,-0.28085752366898803,0.8296271775833082
117037,0,0.0319065163360359,0.0426159701368574,-0.28085752366898803,0.8296271775833082
117044,0,0.0609810733785665,0.07247460417658673,-0.28085752366898803,0.8296271775833082
117045,1,0.7993681651357982,0.7039080431033495,-0.28085752366898803,0.8296271775833082
117049,0,0.0038382253126605,0.007445503087534921,-0.28085752366898803,0.8296271775833082
117050,0,0.0865946143829965,0.0966153169467979,-0.28085752366898803,0.8296271775833082
117054,0,0.0027634772506837,0.005674310902545329,-0.28085752366898803,0.8296271775833082
117055,0,0.0536406165795016,0.06524411529787384,-0.28085752366898803,0.8296271775833082
117058,0,0.1513628973240649,0.1530218126746674,-0.28085752366898803,0.8296271775833082
117059,0,0.0111920400002092,0.018009830043562026,-0.28085752366898803,0.8296271775833082
117062,0,0.0037349186246803,0.0072794541504843015,-0.28085752366898803,0.8296271775833082
117064,0,0.204542211357658,0.19661126208416807,-0.28085752366898803,0.8296271775833082
117067,0,0.1030874035054398,0.11148540662819734,-0.28085752366898803,0.8296271775833082
117071,0,0.0017016887266172,0.0037988199936235144,-0.28085752366898803,0.8296271775833082
117077,1,0.253607314441295,0.23569814910496048,-0.28085752366898803,0.8296271775833082
117082,0,0.003593421701383,0.007050702765824512,-0.28085752366898803,0.8296271775833082
117086,0,0.0003198660205893,0.0009509414204072824,-0.28085752366898803,0.8296271775833082
117090,0,0.0405176138848956,0.05184088940820527,-0.28085752366898803,0.8296271775833082
117091,0,0.0460029132906198,0.05752712670590758,-0.28085752366898803,0.8296271775833082
117095,0,0.0018645100353863,0.004097328230833837,-0.28085752366898803,0.8296271775833082
117101,0,0.1480532274220038,0.150246959951233,-0.28085752366898803,0.8296271775833082
117102,0,0.0021218084003193,0.004560036144739355,-0.28085752366898803,0.8296271775833082
117108,0,0.0640935450205316,0.07549230962985391,-0.28085752366898803,0.8296271775833082
117116,0,0.1674663736763571,0.16640498685558072,-0.28085752366898803,0.8296271775833082
117117,0,0.1165682146726889,0.12334453616831002,-0.28085752366898803,0.8296271775833082
117118,0,0.0011958841546357,0.002836573700333962,-0.28085752366898803,0.8296271775833082
117124,0,0.0335951004431672,0.044457594275688496,-0.28085752366898803,0.8296271775833082
117129,0,0.0006384159696099,0.0016863567869019511,-0.28085752366898803,0.8296271775833082
117130,0,0.4822454531775026,0.41585783578868524,-0.28085752366898803,0.8296271775833082
117132,0,0.0800524902362006,0.09058577407229394,-0.28085752366898803,0.8296271775833082
117133,0,0.0266536950201966,0.03676680075473215,-0.28085752366898803,0.8296271775833082
117138,1,0.2234994542180056,0.211807323235171,-0.28085752366898803,0.8296271775833082
117139,0,0.1151556757696175,0.12211283865017056,-0.28085752366898803,0.8296271775833082
117147,0,0.0261927727670845,0.03624396623601815,-0.28085752366898803,0.8296271775833082
117150,0,0.2559004211065639,0.23750806397735777,-0.28085752366898803,0.8296271775833082
117156,0,0.0087769665145551,0.014739915453523413,-0.28085752366898803,0.8296271775833082
117161,0,0.0250100282079402,0.03489455453440049,-0.28085752366898803,0.8296271775833082
117164,0,0.1801794771448978,0.1768477183245263,-0.28085752366898803,0.8296271775833082
117165,0,0.3171660921057321,0.2855619561447415,-0.28085752366898803,0.8296271775833082
117172,0,0.0198166344784819,0.028820791394027344,-0.28085752366898803,0.8296271775833082
117174,0,0.0317741366955524,0.04247084880577023,-0.28085752366898803,0.8296271775833082
117177,0,0.0138508840734132,0.0214657356238486,-0.28085752366898803,0.8296271775833082
117178,1,0.2571262750806794,0.23847513890662736,-0.28085752366898803,0.8296271775833082
117181,0,0.0026252403887277,0.005438466223057676,-0.28085752366898803,0.8296271775833082
117182,0,0.0305925176760292,0.041170526034609196,-0.28085752366898803,0.8296271775833082
117186,1,0.0079484255600268,0.013582426159114872,-0.28085752366898803,0.8296271775833082
117187,0,0.2172141610608616,0.20678427451651804,-0.28085752366898803,0.8296271775833082
117190,0,0.0005683808593179,0.001531528251006433,-0.28085752366898803,0.8296271775833082
117193,0,0.0529877387681974,0.06459265904012332,-0.28085752366898803,0.8296271775833082
117200,0,0.2784645694048089,0.2552627995646,-0.28085752366898803,0.8296271775833082
117204,0,0.055726881369678,0.06731632771582269,-0.28085752366898803,0.8296271775833082
117209,0,0.0116699927792372,0.018641105820359678,-0.28085752366898803,0.8296271775833082
117210,1,0.148871727743593,0.15093402253472,-0.28085752366898803,0.8296271775833082
117212,0,0.0090370725599076,0.015099187974474144,-0.28085752366898803,0.8296271775833082
117215,0,0.0480396924294906,0.059606400022052086,-0.28085752366898803,0.8296271775833082
117217,0,0.1128349519321855,0.12008391191011737,-0.28085752366898803,0.8296271775833082
117219,0,0.0775134944934054,0.08822286923897217,-0.28085752366898803,0.8296271775833082
117224,0,0.0215183579636592,0.03083980270126528,-0.28085752366898803,0.8296271775833082
117226,0,0.0110916850782373,0.01787667165843076,-0.28085752366898803,0.8296271775833082
117227,0,0.0187867755697539,0.02758364203403843,-0.28085752366898803,0.8296271775833082
117230,0,0.1117160947303096,0.11910332388482148,-0.28085752366898803,0.8296271775833082
117232,0,0.0454763542774293,0.05698687777888257,-0.28085752366898803,0.8296271775833082
117238,0,0.1556216255355456,0.15657964156677245,-0.28085752366898803,0.8296271775833082
117242,0,0.0446194149361965,0.056105211558609355,-0.28085752366898803,0.8296271775833082
117243,0,0.0039520514228226,0.007627553899745049,-0.28085752366898803,0.8296271775833082
117244,0,0.0208444544553263,0.030043862894008014,-0.28085752366898803,0.8296271775833082
117249,1,0.201495515271355,0.1941553877956622,-0.28085752366898803,0.8296271775833082
117250,0,0.0644995106595084,0.07588395523551145,-0.28085752366898803,0.8296271775833082
117251,0,0.0853573991443445,0.09548127129114387,-0.28085752366898803,0.8296271775833082
117260,0,0.120435942265264,0.1267049632607896,-0.28085752366898803,0.8296271775833082
117261,1,0.0199142211338392,0.028937404397545868,-0.28085752366898803,0.8296271775833082
117263,0,0.1561776901949034,0.15704316480820368,-0.28085752366898803,0.8296271775833082
117265,0,0.0440164577594153,0.05548300629776248,-0.28085752366898803,0.8296271775833082
117270,0,0.0038284637666288,0.007429846872463663,-0.28085752366898803,0.8296271775833082
117274,0,0.0160035475523389,0.02417567077344762,-0.28085752366898803,0.8296271775833082
117275,0,0.0436194559009932,0.05507248261254176,-0.28085752366898803,0.8296271775833082
117278,0,0.0024910181431874,0.005207386672569527,-0.28085752366898803,0.8296271775833082
117280,0,0.0454289468141248,0.05693818200979119,-0.28085752366898803,0.8296271775833082
117282,1,0.173839328760535,0.17165225476511223,-0.28085752366898803,0.8296271775833082
117285,0,0.0206185294843486,0.029775980856452867,-0.28085752366898803,0.8296271775833082
117286,0,0.0036082042573681,0.007074674013698975,-0.28085752366898803,0.8296271775833082
117287,0,0.029168784080964,0.039591464857257584,-0.28085752366898803,0.8296271775833082
117289,0,0.0083143949058964,0.014096225826450676,-0.28085752366898803,0.8296271775833082
117292,1,0.0150398926221305,0.022971281580487384,-0.28085752366898803,0.8296271775833082
117293,0,0.1015658511723249,0.11013136124324152,-0.28085752366898803,0.8296271775833082
117295,0,0.0571661223421042,0.06873769103469154,-0.28085752366898803,0.8296271775833082
117302,0,0.0220216009868764,0.031431210396070636,-0.28085752366898803,0.8296271775833082
117305,0,0.1520940896229958,0.15363366814433785,-0.28085752366898803,0.8296271775833082
117306,0,0.000967580280483,0.0023800335052557705,-0.28085752366898803,0.8296271775833082
117307,0,0.0424828085624077,0.05389332154385326,-0.28085752366898803,0.8296271775833082
117310,0,0.4981239540473824,0.42871809069329064,-0.28085752366898803,0.8296271775833082
117312,0,0.0279531087174458,0.03823197064955538,-0.28085752366898803,0.8296271775833082
117313,0,0.0003042072476383,0.0009121794848245093,-0.28085752366898803,0.8296271775833082
117314,0,0.4133782796417764,0.36095047275626124,-0.28085752366898803,0.8296271775833082
117315,0,0.0845174951312255,0.09470978794012926,-0.28085752366898803,0.8296271775833082
117316,0,0.1117404609099169,0.11912469582839072,-0.28085752366898803,0.8296271775833082
117331,0,0.5696169281644964,0.48792168831676097,-0.28085752366898803,0.8296271775833082
117335,0,0.1463075771251089,0.14877978477375337,-0.28085752366898803,0.8296271775833082
117339,0,0.2435864265204357,0.2277742820435701,-0.28085752366898803,0.8296271775833082
117347,0,0.0031516125342535,0.006325884730055905,-0.28085752366898803,0.8296271775833082
117353,0,0.0525785840879452,0.06418365454367334,-0.28085752366898803,0.8296271775833082
117354,0,0.0408670110153859,0.05220710254594406,-0.28085752366898803,0.8296271775833082
117357,0,0.0007754093139334,0.001981133594038482,-0.28085752366898803,0.8296271775833082
117358,1,0.026629087205718,0.036738929586092435,-0.28085752366898803,0.8296271775833082
117363,1,0.4840738478381486,0.41733418967612884,-0.28085752366898803,0.8296271775833082
117364,0,0.0012719108553064,0.0029851343928811915,-0.28085752366898803,0.8296271775833082
117368,0,0.1892793744114217,0.18426483648781114,-0.28085752366898803,0.8296271775833082
117370,0,0.0165180350062127,0.02481326677561701,-0.28085752366898803,0.8296271775833082
117374,0,0.0025175179841166,0.00525317801220761,-0.28085752366898803,0.8296271775833082
117375,0,0.0952179986120305,0.10444491833057358,-0.28085752366898803,0.8296271775833082
117377,0,0.0031225509037959,0.006277605756498285,-0.28085752366898803,0.8296271775833082
117383,0,0.0287346332782449,0.03910716553431177,-0.28085752366898803,0.8296271775833082
117384,0,0.0213601069661159,0.030653307847646978,-0.28085752366898803,0.8296271775833082
117387,0,0.2572597883845609,0.23858044788400215,-0.28085752366898803,0.8296271775833082
117389,1,0.20294466409222,0.19532402525424455,-0.28085752366898803,0.8296271775833082
117398,1,0.546261920038781,0.4683183530948277,-0.28085752366898803,0.8296271775833082
117405,0,0.0556782009344623,0.06726813691629069,-0.28085752366898803,0.8296271775833082
117407,0,0.0083103602381888,0.014090583706849296,-0.28085752366898803,0.8296271775833082
117409,0,0.0113660258418447,0.018240180131810144,-0.28085752366898803,0.8296271775833082
117414,0,0.052999378208856,0.06460428581834603,-0.28085752366898803,0.8296271775833082
117419,0,0.1155644869046112,0.12246956023615019,-0.28085752366898803,0.8296271775833082
117420,0,0.0844335197628268,0.09463258065587865,-0.28085752366898803,0.8296271775833082
117421,1,0.002125390093579,0.004566405672794486,-0.28085752366898803,0.8296271775833082
117428,0,0.0165413262434619,0.024842045194398935,-0.28085752366898803,0.8296271775833082
117432,0,0.0107196244905484,0.017381083419792328,-0.28085752366898803,0.8296271775833082
117434,1,0.1285426888389117,0.13369385858082883,-0.28085752366898803,0.8296271775833082
117435,0,0.0691244468019357,0.08031547903756088,-0.28085752366898803,0.8296271775833082
117436,0,0.2247357309947883,0.21279369055088038,-0.28085752366898803,0.8296271775833082
117437,0,0.1011770042568421,0.10978478117676475,-0.28085752366898803,0.8296271775833082
117440,0,0.0558376918925815,0.06742599534106271,-0.28085752366898803,0.8296271775833082
117442,0,0.1293761566605157,0.1344084265274247,-0.28085752366898803,0.8296271775833082
117450,0,0.0289460679201944,0.039343188959475126,-0.28085752366898803,0.8296271775833082
117454,0,0.0449684716086657,0.056464709576148554,-0.28085752366898803,0.8296271775833082
117458,0,0.077565158117241,0.08827108344323106,-0.28085752366898803,0.8296271775833082
117463,0,0.0531489229039879,0.06475362671627785,-0.28085752366898803,0.8296271775833082
117464,0,0.0025953424924161,0.0053871756277781855,-0.28085752366898803,0.8296271775833082
117465,1,0.2735192572728339,0.25137911217712644,-0.28085752366898803,0.8296271775833082
117467,0,0.7138838132014632,0.6172020319369719,-0.28085752366898803,0.8296271775833082
117468,0,0.0008167160888783,0.0020681910269705938,-0.28085752366898803,0.8296271775833082
117470,0,0.0056332739302697,0.010222758497165585,-0.28085752366898803,0.8296271775833082
117471,1,0.0793903437606907,0.0899708302769827,-0.28085752366898803,0.8296271775833082
117481,0,0.0710818270947337,0.08217496198569209,-0.28085752366898803,0.8296271775833082
117484,1,0.0109054565413608,0.017628993441921963,-0.28085752366898803,0.8296271775833082
117485,0,0.0772368187833054,0.08796457030344224,-0.28085752366898803,0.8296271775833082
117491,0,0.0073433422261271,0.012723511286780119,-0.28085752366898803,0.8296271775833082
117494,0,0.0273044576975415,0.03750217128945019,-0.28085752366898803,0.8296271775833082
117496,0,0.0207685489839589,0.029953920165421206,-0.28085752366898803,0.8296271775833082
117498,0,0.2507425548151244,0.23343536052238234,-0.28085752366898803,0.8296271775833082
117499,0,0.0035438257983717,0.006970151567202541,-0.28085752366898803,0.8296271775833082
117500,0,0.0370704067988227,0.04819581816140049,-0.28085752366898803,0.8296271775833082
117502,0,0.0300700274837438,0.040592629023939654,-0.28085752366898803,0.8296271775833082
117504,0,0.0368048985716477,0.04791256071009694,-0.28085752366898803,0.8296271775833082
117505,1,0.3913935295039913,0.34364258388625046,-0.28085752366898803,0.8296271775833082
117507,0,0.0738748464790955,0.08481269698241009,-0.28085752366898803,0.8296271775833082
117510,0,0.0030514952858975,0.006159230425270646,-0.28085752366898803,0.8296271775833082
117511,0,0.0054250586518614,0.009909694524210125,-0.28085752366898803,0.8296271775833082
117514,0,0.0345633533101292,0.04550592441812122,-0.28085752366898803,0.8296271775833082
117518,0,0.0395021514257649,0.05077325341666233,-0.28085752366898803,0.8296271775833082
117531,0,0.003904869071682,0.00755220492013899,-0.28085752366898803,0.8296271775833082
117537,1,0.166314287534589,0.16545359167956217,-0.28085752366898803,0.8296271775833082
117540,0,0.0841656393904425,0.0943862014394859,-0.28085752366898803,0.8296271775833082
117543,0,0.0006208236308608,0.0016477524766229364,-0.28085752366898803,0.8296271775833082
117546,0,0.0593638339805693,0.07089574175314295,-0.28085752366898803,0.8296271775833082
117549,0,0.2944060626021881,0.26775985900287624,-0.28085752366898803,0.8296271775833082
117554,0,0.098877807697239,0.10773091185366535,-0.28085752366898803,0.8296271775833082
117556,0,0.0175224024561466,0.026047718949829313,-0.28085752366898803,0.8296271775833082
117559,0,0.0122837473258768,0.019444972656848435,-0.28085752366898803,0.8296271775833082
117570,0,0.0356783356569065,0.0467064855445283,-0.28085752366898803,0.8296271775833082
117571,0,0.3336434354633186,0.29843658696048114,-0.28085752366898803,0.8296271775833082
117573,0,0.1437141020810017,0.14659529595910767,-0.28085752366898803,0.8296271775833082
117575,1,0.0339301246454479,0.04482094404061765,-0.28085752366898803,0.8296271775833082
117577,0,0.0572456206717162,0.06881601227845249,-0.28085752366898803,0.8296271775833082
117580,0,0.0326662723788411,0.04344673849635084,-0.28085752366898803,0.8296271775833082
117581,0,0.0007356538979626,0.001896588163597874,-0.28085752366898803,0.8296271775833082
117587,0,0.0024650721181453,0.005162469904952995,-0.28085752366898803,0.8296271775833082
117589,0,0.063717453570079,0.07512908824409019,-0.28085752366898803,0.8296271775833082
117592,0,0.0167466775898388,0.025095458343419058,-0.28085752366898803,0.8296271775833082
117604,1,0.4749513256414752,0.40997918814609435,-0.28085752366898803,0.8296271775833082
117613,0,0.0763765320283468,0.08716038308755043,-0.28085752366898803,0.8296271775833082
117621,0,0.0175995660644587,0.02614201924368991,-0.28085752366898803,0.8296271775833082
117624,1,0.4447086138275947,0.3857776273502856,-0.28085752366898803,0.8296271775833082
117627,0,0.003309665328721,0.006587108907571365,-0.28085752366898803,0.8296271775833082
117628,0,0.1719514593594608,0.17010053421419144,-0.28085752366898803,0.8296271775833082
117629,0,0.0160355448023966,0.024215431774293566,-0.28085752366898803,0.8296271775833082
117632,0,0.0412223265959579,0.05257893271762961,-0.28085752366898803,0.8296271775833082
117633,1,0.2297130284529629,0.21675968797597697,-0.28085752366898803,0.8296271775833082
117635,0,0.0078030296609924,0.01337713458275371,-0.28085752366898803,0.8296271775833082
117637,1,0.1186825879244432,0.1251837526789459,-0.28085752366898803,0.8296271775833082
117638,0,0.1788229328423443,0.17573808423281587,-0.28085752366898803,0.8296271775833082
117644,0,0.001052950089799,0.0025527203080728342,-0.28085752366898803,0.8296271775833082
117646,0,0.0057692852183906,0.010426151146234882,-0.28085752366898803,0.8296271775833082
117652,0,0.0205183768440513,0.02965705767819914,-0.28085752366898803,0.8296271775833082
117653,0,0.0844423403101403,0.09464069092646417,-0.28085752366898803,0.8296271775833082
117654,1,0.2388390957143155,0.22401141613754896,-0.28085752366898803,0.8296271775833082
117656,0,0.0388048308545668,0.05003720135379096,-0.28085752366898803,0.8296271775833082
117657,0,0.0183013798264814,0.02699629155327332,-0.28085752366898803,0.8296271775833082
117660,0,0.1257540972385991,0.1312978116108902,-0.28085752366898803,0.8296271775833082
117665,0,0.1001056698999902,0.10882874331606407,-0.28085752366898803,0.8296271775833082
117675,0,0.0858002684545195,0.09588753440293417,-0.28085752366898803,0.8296271775833082
117677,0,0.0679583169871499,0.07920323576922958,-0.28085752366898803,0.8296271775833082
117678,0,0.1072616130907134,0.11518323365820259,-0.28085752366898803,0.8296271775833082
117681,0,0.0088572169495208,0.014850962351587683,-0.28085752366898803,0.8296271775833082
117683,0,0.0467321960457557,0.05827351427712988,-0.28085752366898803,0.8296271775833082
117685,0,0.0052520930206042,0.009648012221453508,-0.28085752366898803,0.8296271775833082
117687,0,0.1037291256981068,0.11205548250008834,-0.28085752366898803,0.8296271775833082
117690,0,0.0035140358736936,0.006921673247356671,-0.28085752366898803,0.8296271775833082
117692,1,0.1633190593406229,0.1629759417257073,-0.28085752366898803,0.8296271775833082
117695,0,0.1077428246827245,0.11560798334181893,-0.28085752366898803,0.8296271775833082
117697,0,0.007311863435467,0.012678489783953558,-0.28085752366898803,0.8296271775833082
117701,0,0.0330091234440989,0.043820472915681696,-0.28085752366898803,0.8296271775833082
117703,0,0.0705529199524905,0.08167341361243854,-0.28085752366898803,0.8296271775833082
117704,0,0.1359986128030948,0.14006143018867245,-0.28085752366898803,0.8296271775833082
117710,1,0.1586682689861264,0.1591164317727069,-0.28085752366898803,0.8296271775833082
117711,0,0.0322873017628685,0.0430327940073217,-0.28085752366898803,0.8296271775833082
117712,0,0.0119783693966347,0.01904593082069599,-0.28085752366898803,0.8296271775833082
117714,0,0.0046248710878254,0.008685800892286244,-0.28085752366898803,0.8296271775833082
117719,0,0.0047703704121721,0.008910958550263852,-0.28085752366898803,0.8296271775833082
117728,0,0.2465564132783735,0.23012533827142168,-0.28085752366898803,0.8296271775833082
117730,0,0.0554622376671979,0.06705425391431212,-0.28085752366898803,0.8296271775833082
117733,0,0.1375485339113694,0.14137834345580333,-0.28085752366898803,0.8296271775833082
117737,0,0.0278403755054217,0.03810535859836018,-0.28085752366898803,0.8296271775833082
117738,0,0.0007021690172787,0.0018247664886802345,-0.28085752366898803,0.8296271775833082
117745,1,0.2064850399990231,0.1981752242800666,-0.28085752366898803,0.8296271775833082
117746,0,0.0529876178151333,0.06459253821621393,-0.28085752366898803,0.8296271775833082
117755,0,0.2003903078038361,0.19326348218517486,-0.28085752366898803,0.8296271775833082
117771,0,0.037856554224364,0.04903235606548669,-0.28085752366898803,0.8296271775833082
117774,0,0.0329980635421235,0.04380842789070864,-0.28085752366898803,0.8296271775833082
117775,0,0.0129498091917684,0.020309202321448776,-0.28085752366898803,0.8296271775833082
117778,0,0.0114872456184216,0.01840029490810356,-0.28085752366898803,0.8296271775833082
117780,0,0.0605121768909326,0.07201761809709543,-0.28085752366898803,0.8296271775833082
117784,0,0.073335038916838,0.08430429506396385,-0.28085752366898803,0.8296271775833082
117793,0,0.0329420523694302,0.04374741635606383,-0.28085752366898803,0.8296271775833082
117794,0,0.0890987511628466,0.09890215298376324,-0.28085752366898803,0.8296271775833082
117795,0,0.0206255722627176,0.02978433961921961,-0.28085752366898803,0.8296271775833082
117806,1,0.2022027932322658,0.1947258749438734,-0.28085752366898803,0.8296271775833082
117807,1,0.0919929970107858,0.10153156584706675,-0.28085752366898803,0.8296271775833082
117810,0,0.0245419228117308,0.034357284522855185,-0.28085752366898803,0.8296271775833082
117811,0,0.0121035454128864,0.019209719319861044,-0.28085752366898803,0.8296271775833082
117817,0,0.0456175264600827,0.05713183159079086,-0.28085752366898803,0.8296271775833082
117826,0,0.2866780685116655,0.2617054504853025,-0.28085752366898803,0.8296271775833082
117829,0,0.5488041073618989,0.47043867433926817,-0.28085752366898803,0.8296271775833082
117832,0,0.0432386732965626,0.054678089587482555,-0.28085752366898803,0.8296271775833082
117838,0,0.0290854725822343,0.03949863298806596,-0.28085752366898803,0.8296271775833082
117840,0,0.0030615050369341,0.006175935158599373,-0.28085752366898803,0.8296271775833082
117845,0,0.0655430323728732,0.07688865446828744,-0.28085752366898803,0.8296271775833082
117847,0,0.0478568261525026,0.05942038385773828,-0.28085752366898803,0.8296271775833082
117849,0,0.0082464355252964,0.014001125278797787,-0.28085752366898803,0.8296271775833082
117851,0,0.0014879767891838,0.00339931771935464,-0.28085752366898803,0.8296271775833082
117853,0,0.0144993518944052,0.022289615248671443,-0.28085752366898803,0.8296271775833082
117857,0,0.0150878660965133,0.023031563628262745,-0.28085752366898803,0.8296271775833082
117858,0,0.0708423677300616,0.0819479713583634,-0.28085752366898803,0.8296271775833082
117862,0,0.142555402811996,0.14561745175091456,-0.28085752366898803,0.8296271775833082
117866,0,0.3151836554232741,0.2840125476460469,-0.28085752366898803,0.8296271775833082
117868,0,0.0059439718179302,0.010686138756804126,-0.28085752366898803,0.8296271775833082
117870,0,0.0148039775589035,0.022674328309912128,-0.28085752366898803,0.8296271775833082
117873,1,0.1981683122240151,0.1914686370175207,-0.28085752366898803,0.8296271775833082
117877,0,0.0037638463758192,0.007326031288441104,-0.28085752366898803,0.8296271775833082
117879,0,0.0531888535525056,0.06479349006462924,-0.28085752366898803,0.8296271775833082
117882,0,0.095463096837344,0.10466564010959173,-0.28085752366898803,0.8296271775833082
117884,0,0.0370064216590385,0.048127589665248535,-0.28085752366898803,0.8296271775833082
117886,0,0.0293203612174986,0.03976023902997481,-0.28085752366898803,0.8296271775833082
117887,0,0.0209341430561652,0.030150060751349333,-0.28085752366898803,0.8296271775833082
117888,0,0.0061368452014148,0.010971626255343217,-0.28085752366898803,0.8296271775833082
117890,0,0.1684644786510604,0.16722851499059163,-0.28085752366898803,0.8296271775833082
117894,0,0.1419467670257373,0.14510334419292023,-0.28085752366898803,0.8296271775833082
117897,0,0.0065473409343331,0.011574019056748042,-0.28085752366898803,0.8296271775833082
117901,0,0.0531137616879799,0.0647185202699,-0.28085752366898803,0.8296271775833082
117907,0,0.0022407713244462,0.00477061497371022,-0.28085752366898803,0.8296271775833082
117912,1,0.1502604238140545,0.15209847048257544,-0.28085752366898803,0.8296271775833082
117916,0,0.0415403338404412,0.052911224158790016,-0.28085752366898803,0.8296271775833082
117917,0,0.0182450467372408,0.02692794370708127,-0.28085752366898803,0.8296271775833082
117919,0,0.0166708011763899,0.0250018893807866,-0.28085752366898803,0.8296271775833082
117922,1,0.0519580133351902,0.06356220799516521,-0.28085752366898803,0.8296271775833082
117923,0,0.1020324214851422,0.11054692419791504,-0.28085752366898803,0.8296271775833082
117925,0,0.1122815087008187,0.11959906205862383,-0.28085752366898803,0.8296271775833082
117929,0,0.0459667444216886,0.057490053668310774,-0.28085752366898803,0.8296271775833082
117934,0,0.0019689112265505,0.004286335516294386,-0.28085752366898803,0.8296271775833082
117937,0,0.1263088325756064,0.13177511219460764,-0.28085752366898803,0.8296271775833082
117946,0,0.0207398699892438,0.029919921950489398,-0.28085752366898803,0.8296271775833082
117950,0,0.025370000587396,0.03530646388792015,-0.28085752366898803,0.8296271775833082
117951,0,0.0571238229562049,0.06869600994349676,-0.28085752366898803,0.8296271775833082
117953,1,0.1863642332925552,0.18189364618763493,-0.28085752366898803,0.8296271775833082
117962,0,0.1998726893442149,0.1928455720323504,-0.28085752366898803,0.8296271775833082
117964,0,0.1472078517356366,0.14953675911354417,-0.28085752366898803,0.8296271775833082
117966,0,0.0365968408129275,0.04769033295604683,-0.28085752366898803,0.8296271775833082
117971,0,0.0006130330786012,0.0016305971453506824,-0.28085752366898803,0.8296271775833082
117974,0,0.0023988832546111,0.005047509994214842,-0.28085752366898803,0.8296271775833082
117979,1,0.3928770206096412,0.3448081116558299,-0.28085752366898803,0.8296271775833082
117991,0,0.0425976546111923,0.0540127223356855,-0.28085752366898803,0.8296271775833082
117996,0,0.0888410161755166,0.0986672984080363,-0.28085752366898803,0.8296271775833082
117998,0,0.0219978204577459,0.03140331961224495,-0.28085752366898803,0.8296271775833082
117999,0,0.0076960930812183,0.013225710261101512,-0.28085752366898803,0.8296271775833082
118000,0,0.0006801116393726,0.0017771342118115556,-0.28085752366898803,0.8296271775833082
118003,0,0.1918350697265388,0.18634003489007706,-0.28085752366898803,0.8296271775833082
118006,0,0.0001523537964688,0.0005141005131845119,-0.28085752366898803,0.8296271775833082
118008,0,0.0194044372991797,0.028327066771828436,-0.28085752366898803,0.8296271775833082
118018,0,0.0029857454630153,0.006049263925264266,-0.28085752366898803,0.8296271775833082
118020,0,0.0132544018187308,0.020701727020309927,-0.28085752366898803,0.8296271775833082
118022,0,0.0207076902035142,0.029881763430792,-0.28085752366898803,0.8296271775833082
118023,0,0.0057249053110312,0.01035987929504166,-0.28085752366898803,0.8296271775833082
118025,0,0.0075152757874212,0.012968811648328037,-0.28085752366898803,0.8296271775833082
118026,0,0.0364801173044476,0.047565558674692414,-0.28085752366898803,0.8296271775833082
118029,0,0.0031448871284757,0.006314719029152314,-0.28085752366898803,0.8296271775833082
118031,0,0.0143854472904336,0.022145390062645362,-0.28085752366898803,0.8296271775833082
118033,0,0.0392207391538453,0.05047649887694257,-0.28085752366898803,0.8296271775833082
118035,0,0.053764465727146,0.06536753229986375,-0.28085752366898803,0.8296271775833082
118036,0,0.0072200288134982,0.012546948394674438,-0.28085752366898803,0.8296271775833082
118038,0,0.0433300648492411,0.05477280538166055,-0.28085752366898803,0.8296271775833082
118040,0,0.0052184230362404,0.009596896495553984,-0.28085752366898803,0.8296271775833082
118042,0,0.0116273755732708,0.01858500904753878,-0.28085752366898803,0.8296271775833082
118044,0,0.0273636857913668,0.03756893958499116,-0.28085752366898803,0.8296271775833082
118049,0,0.0009750301016582,0.00239520480189589,-0.28085752366898803,0.8296271775833082
118050,1,0.2690548038865387,0.24786970768735853,-0.28085752366898803,0.8296271775833082
118055,0,0.2437805937947878,0.22792805557126758,-0.28085752366898803,0.8296271775833082
118057,0,0.0856941131126328,0.09579018660871202,-0.28085752366898803,0.8296271775833082
118058,0,0.1176049958077158,0.1242470560702748,-0.28085752366898803,0.8296271775833082
118061,1,0.5838642012137201,0.5000253356501964,-0.28085752366898803,0.8296271775833082
118071,0,0.0437967147733717,0.055255862769557164,-0.28085752366898803,0.8296271775833082
118072,0,0.0221760643389945,0.03161223789395308,-0.28085752366898803,0.8296271775833082
118074,1,0.5655894861598337,0.48452077218075873,-0.28085752366898803,0.8296271775833082
118083,0,0.0774946318888522,0.08820526462807535,-0.28085752366898803,0.8296271775833082
118086,0,0.2514867070686336,0.23402332746615792,-0.28085752366898803,0.8296271775833082
118103,0,0.1067195818762631,0.1147044245618057,-0.28085752366898803,0.8296271775833082
118104,0,0.0409733725630067,0.052318469355922034,-0.28085752366898803,0.8296271775833082
118105,0,0.0071094456571542,0.012388155954701385,-0.28085752366898803,0.8296271775833082
118107,0,0.094248921921745,0.10357127608651709,-0.28085752366898803,0.8296271775833082
118108,0,0.1546367310848913,0.1557580816566889,-0.28085752366898803,0.8296271775833082
118111,0,0.0986077966130433,0.10748918886482331,-0.28085752366898803,0.8296271775833082
118115,0,0.0707232793252647,0.08183503332671675,-0.28085752366898803,0.8296271775833082
118118,0,0.0065091342342873,0.011518240886306383,-0.28085752366898803,0.8296271775833082
118121,0,0.0786348911631839,0.08926813591199712,-0.28085752366898803,0.8296271775833082
118123,0,0.0723770799867002,0.08340043800242632,-0.28085752366898803,0.8296271775833082
118124,0,0.3147469901910369,0.2836712433860158,-0.28085752366898803,0.8296271775833082
118125,1,0.1777068010950634,0.17482430266074717,-0.28085752366898803,0.8296271775833082
118126,0,0.0320955027646219,0.04282295587724211,-0.28085752366898803,0.8296271775833082
118128,0,0.1267926217589967,0.13219110274831677,-0.28085752366898803,0.8296271775833082
118131,0,0.029478613261569,0.039936275062137754,-0.28085752366898803,0.8296271775833082
118135,0,0.0821563790022056,0.09253384019765785,-0.28085752366898803,0.8296271775833082
118136,0,0.1748098181765446,0.17244908575738702,-0.28085752366898803,0.8296271775833082
118138,0,0.1764721516528381,0.17381263542605638,-0.28085752366898803,0.8296271775833082
118142,0,0.403452740288679,0.3531265989541428,-0.28085752366898803,0.8296271775833082
118147,0,0.0019070987110238,0.004174647071876953,-0.28085752366898803,0.8296271775833082
118149,0,0.1997937480047963,0.19278182632701082,-0.28085752366898803,0.8296271775833082
118150,0,0.0156792683953772,0.023771889616943345,-0.28085752366898803,0.8296271775833082
118154,0,0.0881974231398892,0.0980803285225227,-0.28085752366898803,0.8296271775833082
118156,0,0.0832833431495741,0.09357375792334956,-0.28085752366898803,0.8296271775833082
118161,0,0.0280843100207102,0.03837920684228328,-0.28085752366898803,0.8296271775833082
118163,0,0.0485468876899241,0.060121659665714616,-0.28085752366898803,0.8296271775833082
118164,0,0.1540042813069306,0.15523012733180036,-0.28085752366898803,0.8296271775833082
118172,0,0.0084485509965234,0.014283554241624096,-0.28085752366898803,0.8296271775833082
118176,0,0.0056284968725944,0.010215599137490775,-0.28085752366898803,0.8296271775833082
118178,0,0.0171135280638974,0.025546771446458602,-0.28085752366898803,0.8296271775833082
118184,0,0.0145395436603112,0.022340456767874006,-0.28085752366898803,0.8296271775833082
118185,1,0.5115230499774169,0.43964291052478655,-0.28085752366898803,0.8296271775833082
118190,0,0.04259612629655,0.05401113379495472,-0.28085752366898803,0.8296271775833082
118191,0,0.0062914715270924,0.011199351962896906,-0.28085752366898803,0.8296271775833082
118193,0,0.0197220846806139,0.028707707520651642,-0.28085752366898803,0.8296271775833082
118197,0,0.0184265735715865,0.02714804991597928,-0.28085752366898803,0.8296271775833082
118201,0,0.0094267444582642,0.015633987848516107,-0.28085752366898803,0.8296271775833082
118210,0,0.0393618792643699,0.05062538227217752,-0.28085752366898803,0.8296271775833082
118211,0,0.0052275708400107,0.009610789889324473,-0.28085752366898803,0.8296271775833082
118216,0,0.0217882669575413,0.031157307947871662,-0.28085752366898803,0.8296271775833082
118217,0,0.1473774292278246,0.1496792687228339,-0.28085752366898803,0.8296271775833082
118220,0,0.0012810152093568,0.003002820222954144,-0.28085752366898803,0.8296271775833082
118221,1,0.1982817721231484,0.19156034100863606,-0.28085752366898803,0.8296271775833082
118226,0,0.0793535270440806,0.08993661189586637,-0.28085752366898803,0.8296271775833082
118228,1,0.3496267015984716,0.31092660055621324,-0.28085752366898803,0.8296271775833082
118231,1,0.1460724600713409,0.14858198048902468,-0.28085752366898803,0.8296271775833082
118234,0,0.2506285825147085,0.23334529760601547,-0.28085752366898803,0.8296271775833082
118235,0,0.1444105504811235,0.14718247983774727,-0.28085752366898803,0.8296271775833082
118237,1,0.1156050321778053,0.12250492825336542,-0.28085752366898803,0.8296271775833082
118239,0,0.0675322629069074,0.07879602493923465,-0.28085752366898803,0.8296271775833082
118242,0,0.091130541107416,0.1007495269579317,-0.28085752366898803,0.8296271775833082
118246,0,0.0069180163183033,0.012112226803145661,-0.28085752366898803,0.8296271775833082
118247,0,0.1612511458263435,0.1612617558021563,-0.28085752366898803,0.8296271775833082
118248,0,0.0998637372772846,0.10861261085787673,-0.28085752366898803,0.8296271775833082
118250,0,0.0318348982495206,0.04253747244662503,-0.28085752366898803,0.8296271775833082
118253,0,0.0537340897657927,0.06533726709740066,-0.28085752366898803,0.8296271775833082
118254,0,0.0786059581259922,0.0892412000471599,-0.28085752366898803,0.8296271775833082
118258,0,0.0100202729287907,0.016441044614942047,-0.28085752366898803,0.8296271775833082
118259,0,0.0277958419085219,0.038055316531490066,-0.28085752366898803,0.8296271775833082
118262,0,0.0081934558247463,0.013926889806192265,-0.28085752366898803,0.8296271775833082
118265,0,0.0091370124255879,0.015236736035597382,-0.28085752366898803,0.8296271775833082
118266,0,0.091347327462826,0.10094621817958134,-0.28085752366898803,0.8296271775833082
118267,0,0.0166107932514789,0.024927834301531938,-0.28085752366898803,0.8296271775833082
118269,0,0.0036807702036108,0.007192097848700361,-0.28085752366898803,0.8296271775833082
118276,0,0.0347456191071741,0.04570265886944486,-0.28085752366898803,0.8296271775833082
118279,0,0.1369202926639033,0.14084482040097432,-0.28085752366898803,0.8296271775833082
118282,0,0.0360336117514675,0.04708757931792864,-0.28085752366898803,0.8296271775833082
118285,0,0.1588671318600309,0.15928177727632975,-0.28085752366898803,0.8296271775833082
118286,0,0.0291087818508888,0.03952461080775603,-0.28085752366898803,0.8296271775833082
118292,0,0.1493907428775939,0.1513694091474594,-0.28085752366898803,0.8296271775833082
118293,0,0.0782311077620353,0.08889206747677335,-0.28085752366898803,0.8296271775833082
118295,0,0.0299086577014166,0.04041377654356018,-0.28085752366898803,0.8296271775833082
118298,0,0.1172682857403543,0.12395408976511742,-0.28085752366898803,0.8296271775833082
118299,0,0.0592657209731477,0.07079970993053346,-0.28085752366898803,0.8296271775833082
118300,0,0.0655898258336654,0.0769336398048211,-0.28085752366898803,0.8296271775833082
118302,0,0.0154137180005365,0.02344010735565729,-0.28085752366898803,0.8296271775833082
118306,0,0.0045215513614477,0.00852515741750645,-0.28085752366898803,0.8296271775833082
118315,0,0.0041159582357066,0.007888094663787171,-0.28085752366898803,0.8296271775833082
118316,0,0.0695227344788739,0.0806945956974315,-0.28085752366898803,0.8296271775833082
118319,0,0.2520744906089958,0.23448765332958685,-0.28085752366898803,0.8296271775833082
118322,1,0.3442483680033013,0.30672295126662613,-0.28085752366898803,0.8296271775833082
118328,0,0.0532462960548522,0.06485082624555748,-0.28085752366898803,0.8296271775833082
118336,0,0.3142632948976909,0.2832931703717007,-0.28085752366898803,0.8296271775833082
118337,0,0.0029651882579204,0.006014795417369114,-0.28085752366898803,0.8296271775833082
118340,0,0.1197159334090259,0.12608071311294544,-0.28085752366898803,0.8296271775833082
118342,0,0.0086795969358128,0.014604935651019023,-0.28085752366898803,0.8296271775833082
118344,0,0.055538542264275,0.0671298406722309,-0.28085752366898803,0.8296271775833082
118348,0,0.0587717549682736,0.07031578603930887,-0.28085752366898803,0.8296271775833082
118349,0,0.1564813400969706,0.15729618269308823,-0.28085752366898803,0.8296271775833082
118351,0,0.2403206062953711,0.22518636277740348,-0.28085752366898803,0.8296271775833082
118352,0,0.0137499096008303,0.021336826633693677,-0.28085752366898803,0.8296271775833082
118358,0,0.0478555997174246,0.059419135861112235,-0.28085752366898803,0.8296271775833082
118362,0,0.0873790400044192,0.09733288164767276,-0.28085752366898803,0.8296271775833082
118369,0,0.1410423244383234,0.14433876737485138,-0.28085752366898803,0.8296271775833082
118370,0,0.0556152380753386,0.06720579605421959,-0.28085752366898803,0.8296271775833082
118374,0,0.0179745067416988,0.026599165374294482,-0.28085752366898803,0.8296271775833082
118375,0,0.2107301888693938,0.2015870251991008,-0.28085752366898803,0.8296271775833082
118381,0,0.0498624325862317,0.0614535934476871,-0.28085752366898803,0.8296271775833082
118382,0,0.2103103498033715,0.20124993236661945,-0.28085752366898803,0.8296271775833082
118385,0,0.0018871726476918,0.004138509491814127,-0.28085752366898803,0.8296271775833082
118386,1,0.1109128865945447,0.1183983917944233,-0.28085752366898803,0.8296271775833082
118387,0,0.0459352108179788,0.05745772743363854,-0.28085752366898803,0.8296271775833082
118406,0,0.0131540775872928,0.020572622138334565,-0.28085752366898803,0.8296271775833082
118407,0,0.0018954665958887,0.004153559277124967,-0.28085752366898803,0.8296271775833082
118408,1,0.3338154907271609,0.2985710122449573,-0.28085752366898803,0.8296271775833082
118409,0,0.0113907126245958,0.01827281282090183,-0.28085752366898803,0.8296271775833082
118411,0,0.102547249383209,0.11100510152319745,-0.28085752366898803,0.8296271775833082
118412,0,0.0766606660872905,0.08742616369393372,-0.28085752366898803,0.8296271775833082
118416,0,0.0488752200773444,0.06045469021548123,-0.28085752366898803,0.8296271775833082
118418,0,0.0471036157970883,0.05865282877807567,-0.28085752366898803,0.8296271775833082
118423,0,0.153836501652756,0.15509001728002408,-0.28085752366898803,0.8296271775833082
118432,0,0.0055294505964238,0.0100669148207217,-0.28085752366898803,0.8296271775833082
118435,0,0.3496976014978621,0.31098202298282196,-0.28085752366898803,0.8296271775833082
118436,1,0.2529882000751473,0.23520928918559994,-0.28085752366898803,0.8296271775833082
118442,0,0.0202303852365578,0.029314498911251048,-0.28085752366898803,0.8296271775833082
118451,1,0.0623456049761694,0.07380090874997446,-0.28085752366898803,0.8296271775833082
118452,0,0.0167909195613671,0.025149980939338516,-0.28085752366898803,0.8296271775833082
118457,0,0.0459001188647084,0.05742174865240448,-0.28085752366898803,0.8296271775833082
118458,0,0.0062777200333002,0.011179140044566039,-0.28085752366898803,0.8296271775833082
118459,0,0.1082820373598831,0.11608355832335841,-0.28085752366898803,0.8296271775833082
118460,0,0.0183963878410235,0.027111476340043815,-0.28085752366898803,0.8296271775833082
118464,0,0.0891209270937441,0.09892235479655195,-0.28085752366898803,0.8296271775833082
118465,0,0.0121807792993383,0.01931062481592218,-0.28085752366898803,0.8296271775833082
118466,0,0.1465206747947373,0.14895902403551722,-0.28085752366898803,0.8296271775833082
118471,0,0.0422055773889598,0.05360485222537246,-0.28085752366898803,0.8296271775833082
118476,0,0.0341819598932152,0.045093638900127866,-0.28085752366898803,0.8296271775833082
118479,0,0.0657266265320177,0.07706512160664827,-0.28085752366898803,0.8296271775833082
118480,0,0.1734488229994411,0.1713314626874042,-0.28085752366898803,0.8296271775833082
118482,0,0.0281100390607254,0.03840806560073978,-0.28085752366898803,0.8296271775833082
118484,0,0.1903211785554294,0.18511117267158173,-0.28085752366898803,0.8296271775833082
118486,0,0.0162780079487911,0.024516260444032118,-0.28085752366898803,0.8296271775833082
118494,0,0.0030758436153957,0.006199847397130719,-0.28085752366898803,0.8296271775833082
118496,0,0.3930901855146507,0.34497561356691897,-0.28085752366898803,0.8296271775833082
118500,0,0.303941204187732,0.27522217375558194,-0.28085752366898803,0.8296271775833082
118503,0,0.0085479539132031,0.014422012288942706,-0.28085752366898803,0.8296271775833082
118512,0,0.3538735835108526,0.31424681221663636,-0.28085752366898803,0.8296271775833082
118513,0,0.0232837627074715,0.03290380588009604,-0.28085752366898803,0.8296271775833082
118514,0,0.0573141616381847,0.06888352264870197,-0.28085752366898803,0.8296271775833082
118515,0,0.0417703187053026,0.05315124984451591,-0.28085752366898803,0.8296271775833082
118520,1,0.0592883243197161,0.07082183634710446,-0.28085752366898803,0.8296271775833082
118522,0,0.0321412380951991,0.04287301351895783,-0.28085752366898803,0.8296271775833082
118523,0,0.0282534394797887,0.03856882104927568,-0.28085752366898803,0.8296271775833082
118525,0,0.0945075590716501,0.10380459110518957,-0.28085752366898803,0.8296271775833082
118528,0,0.0220831164087584,0.031503332735612635,-0.28085752366898803,0.8296271775833082
118532,0,0.0629296171347305,0.07436696398501016,-0.28085752366898803,0.8296271775833082
118533,0,0.0660725773491777,0.07739740398077397,-0.28085752366898803,0.8296271775833082
118536,0,0.008720652588091,0.014661882408317133,-0.28085752366898803,0.8296271775833082
118537,0,0.0093651406925831,0.015549708131592344,-0.28085752366898803,0.8296271775833082
118541,0,0.3878871299614682,0.3408889319748036,-0.28085752366898803,0.8296271775833082
118544,0,0.2177305032482525,0.20719746117292584,-0.28085752366898803,0.8296271775833082
118548,0,0.0132831681176207,0.020738713086415027,-0.28085752366898803,0.8296271775833082
118550,0,0.0216827258773415,0.031033241486628435,-0.28085752366898803,0.8296271775833082
118552,0,0.051872931972238,0.06347690196564928,-0.28085752366898803,0.8296271775833082
118553,0,0.0100450209688259,0.016474506591828354,-0.28085752366898803,0.8296271775833082
118554,0,0.0068626012562383,0.01203209850105274,-0.28085752366898803,0.8296271775833082
118563,0,0.1528387312204019,0.15425634625910353,-0.28085752366898803,0.8296271775833082
118564,1,0.3695861362309142,0.32654082878625235,-0.28085752366898803,0.8296271775833082
118565,0,0.0555151115873903,0.06710663241842943,-0.28085752366898803,0.8296271775833082
118569,1,0.2563509389387571,0.23786351479825504,-0.28085752366898803,0.8296271775833082
118573,0,0.069232905310056,0.08041875540088897,-0.28085752366898803,0.8296271775833082
118577,0,0.0153503377955225,0.023360766669997927,-0.28085752366898803,0.8296271775833082
118579,0,0.0279497440387401,0.038228193092389326,-0.28085752366898803,0.8296271775833082
118580,0,0.0021039951350821,0.004528329929100851,-0.28085752366898803,0.8296271775833082
118586,0,0.0222354410908463,0.031681764780336706,-0.28085752366898803,0.8296271775833082
118588,1,0.4594487524629443,0.39754055187196785,-0.28085752366898803,0.8296271775833082
118595,0,0.1405874266804639,0.14395394106736495,-0.28085752366898803,0.8296271775833082
118600,0,0.0492835893957114,0.060868336086204476,-0.28085752366898803,0.8296271775833082
118601,0,0.1347326243679661,0.1389840793567186,-0.28085752366898803,0.8296271775833082
118604,1,0.0467409361349539,0.05828244643354646,-0.28085752366898803,0.8296271775833082
118605,0,0.0178557057445657,0.02645450666388159,-0.28085752366898803,0.8296271775833082
118607,0,0.1586083284807432,0.1590665882956736,-0.28085752366898803,0.8296271775833082
118610,0,0.0354949289226623,0.04650947917808023,-0.28085752366898803,0.8296271775833082
118611,0,0.0697497437449613,0.0809105055508695,-0.28085752366898803,0.8296271775833082
118614,0,0.0552356002146658,0.06682963761250872,-0.28085752366898803,0.8296271775833082
118616,0,0.0222290985464002,0.03167433963032624,-0.28085752366898803,0.8296271775833082
118618,1,0.1156793145049433,0.12256972023337655,-0.28085752366898803,0.8296271775833082
118620,0,0.0590895343623691,0.07062718873451318,-0.28085752366898803,0.8296271775833082
118621,0,0.0238426129799828,0.033551139942057,-0.28085752366898803,0.8296271775833082
118622,0,0.0271775616623919,0.037359031070441126,-0.28085752366898803,0.8296271775833082
118623,0,0.0850112545276944,0.09516348426875924,-0.28085752366898803,0.8296271775833082
118624,0,0.0042362967953157,0.00807821769572784,-0.28085752366898803,0.8296271775833082
118628,0,0.051076035496425,0.06267666214390145,-0.28085752366898803,0.8296271775833082
118634,0,0.0207262932278658,0.02990382405818596,-0.28085752366898803,0.8296271775833082
118636,0,0.5998932431518006,0.5137860876618442,-0.28085752366898803,0.8296271775833082
118638,0,0.0083677134901126,0.014170741239130074,-0.28085752366898803,0.8296271775833082
118640,0,0.0517803203265641,0.06338401691927285,-0.28085752366898803,0.8296271775833082
118643,0,0.0068792288778453,0.01205615352139556,-0.28085752366898803,0.8296271775833082
118648,0,0.1550104232847375,0.15606988758246426,-0.28085752366898803,0.8296271775833082
118650,0,0.0528624556767303,0.06446748292226818,-0.28085752366898803,0.8296271775833082
118651,0,0.006958481005367,0.012170665243088066,-0.28085752366898803,0.8296271775833082
118654,0,0.0157384310090318,0.023845668920217028,-0.28085752366898803,0.8296271775833082
118655,0,0.3637423339456889,0.3219663039373543,-0.28085752366898803,0.8296271775833082
118658,0,0.0600795411056118,0.07159540692278779,-0.28085752366898803,0.8296271775833082
118669,0,0.0024578504320832,0.005149953355770795,-0.28085752366898803,0.8296271775833082
118673,0,0.0028675175547889,0.005850452449757922,-0.28085752366898803,0.8296271775833082
118675,0,0.0354511357343632,0.046462411190723675,-0.28085752366898803,0.8296271775833082
118678,0,0.2583659236769168,0.23945276946661048,-0.28085752366898803,0.8296271775833082
118681,0,0.0689909904241275,0.08018835968212414,-0.28085752366898803,0.8296271775833082
118682,0,0.0009850342878784,0.00241554655728177,-0.28085752366898803,0.8296271775833082
118687,0,0.0113261232823505,0.018187407193120946,-0.28085752366898803,0.8296271775833082
118692,0,0.6383638403991977,0.5475049133514783,-0.28085752366898803,0.8296271775833082
118693,0,0.0721287982746184,0.08316583421383208,-0.28085752366898803,0.8296271775833082
118696,0,0.0167078637299087,0.025047603665568345,-0.28085752366898803,0.8296271775833082
118697,0,0.0025066594499096,0.005234424843271366,-0.28085752366898803,0.8296271775833082
118706,0,0.0045435715660979,0.008559448642102955,-0.28085752366898803,0.8296271775833082
118712,0,0.7323492198218537,0.6351150253338183,-0.28085752366898803,0.8296271775833082
118713,0,0.0529711842983164,0.06457612178259466,-0.28085752366898803,0.8296271775833082
118714,1,0.0871156286175937,0.09709204651287558,-0.28085752366898803,0.8296271775833082
118718,0,0.0686635584220486,0.07987629003290635,-0.28085752366898803,0.8296271775833082
118719,0,0.0078079078091118,0.013384033276488565,-0.28085752366898803,0.8296271775833082
118721,0,0.2293818023923211,0.2164960113821879,-0.28085752366898803,0.8296271775833082
118722,0,0.5230783309630443,0.4491223410626829,-0.28085752366898803,0.8296271775833082
118723,0,0.023803548285271,0.033505980880058725,-0.28085752366898803,0.8296271775833082
118724,0,0.0122225083204926,0.01936509545696401,-0.28085752366898803,0.8296271775833082
118727,0,0.3588701820812842,0.31815442581798853,-0.28085752366898803,0.8296271775833082
118729,1,0.0505946379351443,0.062192148213720516,-0.28085752366898803,0.8296271775833082
118731,0,0.0383983757155546,0.049607055899507,-0.28085752366898803,0.8296271775833082
118732,0,0.0049725910707103,0.009221893018352646,-0.28085752366898803,0.8296271775833082
118734,0,0.0117017455401995,0.01868287780799352,-0.28085752366898803,0.8296271775833082
118735,0,0.0327835583646582,0.04357466983261363,-0.28085752366898803,0.8296271775833082
118736,0,0.0661502519052973,0.07747196690124379,-0.28085752366898803,0.8296271775833082
118737,0,0.0676827531172616,0.07893991146207688,-0.28085752366898803,0.8296271775833082
118742,0,0.0182938856380305,0.02698720120867981,-0.28085752366898803,0.8296271775833082
118743,0,0.0292572826581546,0.03969002340593664,-0.28085752366898803,0.8296271775833082
118750,0,0.0124381924366382,0.019646105617462186,-0.28085752366898803,0.8296271775833082
118752,0,0.0513856486686045,0.06298784146401691,-0.28085752366898803,0.8296271775833082
118753,1,0.2586574897999933,0.2396826617356807,-0.28085752366898803,0.8296271775833082
118758,0,0.1599654015879537,0.16019442254804803,-0.28085752366898803,0.8296271775833082
118759,1,0.1474356046709332,0.14972815273326037,-0.28085752366898803,0.8296271775833082
118766,0,0.0147802657936125,0.022644434412568307,-0.28085752366898803,0.8296271775833082
118767,0,0.0022585227493655,0.004801867966074345,-0.28085752366898803,0.8296271775833082
118775,0,0.0265759741432069,0.036678756890367495,-0.28085752366898803,0.8296271775833082
118776,0,0.2306105432425337,0.21747399098939568,-0.28085752366898803,0.8296271775833082
118778,0,0.1034491866737272,0.11180687009858982,-0.28085752366898803,0.8296271775833082
118781,0,0.1762618893327868,0.17364025691785465,-0.28085752366898803,0.8296271775833082
118783,0,0.0429250446736483,0.054352774684269516,-0.28085752366898803,0.8296271775833082
118784,0,0.1034407426290756,0.111799369250887,-0.28085752366898803,0.8296271775833082
118786,0,0.0128308568360113,0.020155458919047433,-0.28085752366898803,0.8296271775833082
118791,0,0.1045733933605232,0.11280459937451623,-0.28085752366898803,0.8296271775833082
118792,0,0.0837276435686567,0.09398306794407438,-0.28085752366898803,0.8296271775833082
118797,1,0.0071197561853077,0.012402979896415242,-0.28085752366898803,0.8296271775833082
118802,0,0.2461049162635725,0.22976807651193815,-0.28085752366898803,0.8296271775833082
118804,0,0.0584075421908538,0.06995850849138645,-0.28085752366898803,0.8296271775833082
118805,0,0.4805332656239567,0.4144763347116804,-0.28085752366898803,0.8296271775833082
118809,0,0.0418837661925165,0.05326956133238608,-0.28085752366898803,0.8296271775833082
118810,0,0.013568803857686,0.021105188152936216,-0.28085752366898803,0.8296271775833082
118811,0,0.0127605391693762,0.020064453924506852,-0.28085752366898803,0.8296271775833082
118813,0,0.1047477384954555,0.11295917027670017,-0.28085752366898803,0.8296271775833082
118815,0,0.1300301595967719,0.13496863289736252,-0.28085752366898803,0.8296271775833082
118816,0,0.0527189286441766,0.06432401235178455,-0.28085752366898803,0.8296271775833082
118834,0,0.0327653859868511,0.043554853550050114,-0.28085752366898803,0.8296271775833082
118836,0,0.0138062999484884,0.021408838350575537,-0.28085752366898803,0.8296271775833082
118839,0,0.0786131354661004,0.08924788211591694,-0.28085752366898803,0.8296271775833082
118840,0,0.0004168014821392,0.0011843011212144077,-0.28085752366898803,0.8296271775833082
118841,0,0.0494430999846964,0.061029738300101326,-0.28085752366898803,0.8296271775833082
118853,0,0.0012227874153712,0.0028893259200297085,-0.28085752366898803,0.8296271775833082
118857,0,0.1102902756215024,0.11785138730662574,-0.28085752366898803,0.8296271775833082
118861,1,0.1100617194661323,0.11765045935154257,-0.28085752366898803,0.8296271775833082
118864,0,0.0283252028169812,0.03864921344344317,-0.28085752366898803,0.8296271775833082
118871,0,0.0755870988503182,0.08642102825622501,-0.28085752366898803,0.8296271775833082
118872,0,0.0821375865401575,0.09251647833440999,-0.28085752366898803,0.8296271775833082
118873,0,0.0654230841409256,0.07677331489368562,-0.28085752366898803,0.8296271775833082
118877,0,0.0558587315845262,0.06744681358638861,-0.28085752366898803,0.8296271775833082
118879,0,0.0004346993120007,0.0012263066092666822,-0.28085752366898803,0.8296271775833082
118887,0,0.0119556338871848,0.01901614917515036,-0.28085752366898803,0.8296271775833082
118890,1,0.2645029729960988,0.24428804212901506,-0.28085752366898803,0.8296271775833082
118894,0,0.0074185100968365,0.012830878987143956,-0.28085752366898803,0.8296271775833082
118895,0,0.0018481060219654,0.004067465501363486,-0.28085752366898803,0.8296271775833082
118897,0,0.125294296924135,0.13090194463827182,-0.28085752366898803,0.8296271775833082
118899,0,0.1045066433246958,0.1127454088287298,-0.28085752366898803,0.8296271775833082
118901,0,0.0140456280346729,0.021713877092457486,-0.28085752366898803,0.8296271775833082
118904,0,0.0649513282912506,0.07631931760603237,-0.28085752366898803,0.8296271775833082
118906,0,0.1951316106254323,0.18901196504211,-0.28085752366898803,0.8296271775833082
118914,0,0.0287489560791239,0.03912316401891824,-0.28085752366898803,0.8296271775833082
118915,0,0.0221310119930439,0.03155946142214667,-0.28085752366898803,0.8296271775833082
118921,0,0.0337482190839527,0.04462374068681647,-0.28085752366898803,0.8296271775833082
118924,0,0.023953997103957,0.033679826645110475,-0.28085752366898803,0.8296271775833082
118926,0,0.0480813961874831,0.05964880407573959,-0.28085752366898803,0.8296271775833082
118929,1,0.0422489809849098,0.05365003806704679,-0.28085752366898803,0.8296271775833082
118935,0,0.0759446958622737,0.08675610812940689,-0.28085752366898803,0.8296271775833082
118937,1,0.6719774561713993,0.5778865244256768,-0.28085752366898803,0.8296271775833082
118939,0,0.0035491845436632,0.006978864461688835,-0.28085752366898803,0.8296271775833082
118942,0,0.0004720026765072,0.0013129209947964227,-0.28085752366898803,0.8296271775833082
118943,0,0.0486147024778943,0.06019047830154242,-0.28085752366898803,0.8296271775833082
118944,0,0.0187360567573534,0.027522400359700053,-0.28085752366898803,0.8296271775833082
118951,0,0.1706689219321003,0.16904508795998505,-0.28085752366898803,0.8296271775833082
118952,0,0.0099904313418132,0.016400675894939543,-0.28085752366898803,0.8296271775833082
118953,0,0.1336474069610945,0.1380593390883454,-0.28085752366898803,0.8296271775833082
118954,1,0.5297820257194803,0.4546478718694492,-0.28085752366898803,0.8296271775833082
118957,0,0.0512193298749894,0.06282072378860705,-0.28085752366898803,0.8296271775833082
118962,0,0.1033108349655119,0.11168395939768848,-0.28085752366898803,0.8296271775833082
118971,0,0.1015726387773796,0.11013740907996693,-0.28085752366898803,0.8296271775833082
118980,0,0.0136508812705806,0.021210235877129925,-0.28085752366898803,0.8296271775833082
118981,0,0.0017304405942796,0.0038518804763044523,-0.28085752366898803,0.8296271775833082
118985,0,0.0652547475642207,0.07661138242939554,-0.28085752366898803,0.8296271775833082
118986,0,0.0641815281610779,0.07557722682318124,-0.28085752366898803,0.8296271775833082
118989,0,0.0036536342321639,0.007148235311187542,-0.28085752366898803,0.8296271775833082
118990,0,0.0474258370769695,0.05898145807005526,-0.28085752366898803,0.8296271775833082
118991,0,0.033982500832005,0.04487768900155071,-0.28085752366898803,0.8296271775833082
118994,0,0.0250581380222544,0.034949668089835934,-0.28085752366898803,0.8296271775833082
118999,0,0.1301717212382658,0.13508983454065837,-0.28085752366898803,0.8296271775833082
119005,0,0.0033732633704121,0.006691600288307224,-0.28085752366898803,0.8296271775833082
119009,0,0.0288786991561809,0.03926801991358658,-0.28085752366898803,0.8296271775833082
119013,0,0.0358135058886445,0.04685156000331323,-0.28085752366898803,0.8296271775833082
119017,1,0.3075101998113147,0.27801352725095246,-0.28085752366898803,0.8296271775833082
119022,0,0.1501420633632114,0.15199928365394222,-0.28085752366898803,0.8296271775833082
119029,0,0.0624187997966706,0.07387190494111236,-0.28085752366898803,0.8296271775833082
119030,0,0.0368858462459906,0.04799895923831685,-0.28085752366898803,0.8296271775833082
119031,0,0.1449712845768107,0.1476549388436253,-0.28085752366898803,0.8296271775833082
119040,0,0.0208640369490512,0.030067057095608307,-0.28085752366898803,0.8296271775833082
119041,0,0.139641435684158,0.14315307306420322,-0.28085752366898803,0.8296271775833082
119044,0,0.084443835465448,0.09464206566948585,-0.28085752366898803,0.8296271775833082
119053,0,0.0603764903128344,0.0718852595494228,-0.28085752366898803,0.8296271775833082
119055,0,0.0094610652922952,0.015680899140432344,-0.28085752366898803,0.8296271775833082
119056,0,0.1872624472481622,0.1826247346895485,-0.28085752366898803,0.8296271775833082
119058,0,0.1791788337463427,0.17602930901190714,-0.28085752366898803,0.8296271775833082
119061,0,0.0402784363942805,0.051589867958828375,-0.28085752366898803,0.8296271775833082
119067,0,0.1060500656752191,0.11411244626120433,-0.28085752366898803,0.8296271775833082
119068,1,0.4274460326322775,0.3720715414063636,-0.28085752366898803,0.8296271775833082
119070,0,0.0013927636556993,0.003218181179769097,-0.28085752366898803,0.8296271775833082
119075,0,0.0033292403433352,0.0066193077852485915,-0.28085752366898803,0.8296271775833082
119076,0,0.2766966102554967,0.2538747987421232,-0.28085752366898803,0.8296271775833082
119077,0,0.066715636032812,0.07801423262704318,-0.28085752366898803,0.8296271775833082
119078,0,0.0158430134540009,0.02397596662188379,-0.28085752366898803,0.8296271775833082
119081,0,0.0135158093810792,0.02103730157305211,-0.28085752366898803,0.8296271775833082
119082,1,0.0609056886881932,0.0724011770361036,-0.28085752366898803,0.8296271775833082
119083,0,0.1238621666608743,0.12966748209198944,-0.28085752366898803,0.8296271775833082
119085,0,0.0026197802363366,0.005429106838499601,-0.28085752366898803,0.8296271775833082
119086,0,0.0012683669566158,0.0029782442119741025,-0.28085752366898803,0.8296271775833082
119092,0,0.0277959632332816,0.038055452883130454,-0.28085752366898803,0.8296271775833082
119094,0,0.0728376758756519,0.08383528328175315,-0.28085752366898803,0.8296271775833082
119096,0,0.0009316400105638,0.0023065557494830434,-0.28085752366898803,0.8296271775833082
119102,0,0.0546226955541772,0.06622136158500565,-0.28085752366898803,0.8296271775833082
119104,0,0.0945496398991115,0.10384254171379774,-0.28085752366898803,0.8296271775833082
119105,0,0.0584751854676929,0.0700248939995513,-0.28085752366898803,0.8296271775833082
119124,0,0.0210305721797797,0.030264147374416045,-0.28085752366898803,0.8296271775833082
119126,0,0.0283606790183223,0.03868894164472475,-0.28085752366898803,0.8296271775833082
119127,0,0.0166066543488111,0.024922724741510843,-0.28085752366898803,0.8296271775833082
119128,0,0.0049866790661484,0.009243470577681266,-0.28085752366898803,0.8296271775833082
119130,0,0.2346750647511107,0.22070569028432976,-0.28085752366898803,0.8296271775833082
119133,0,0.0012083194644719,0.002860982226487227,-0.28085752366898803,0.8296271775833082
119139,0,0.0311365880319749,0.041770374376842286,-0.28085752366898803,0.8296271775833082
119142,0,0.1395386026712791,0.14306596676303718,-0.28085752366898803,0.8296271775833082
119146,0,0.1018055660032885,0.11034490916658704,-0.28085752366898803,0.8296271775833082
119149,0,0.0151376331747865,0.02309406278561291,-0.28085752366898803,0.8296271775833082
119150,0,0.0335845608855062,0.04444615288841569,-0.28085752366898803,0.8296271775833082
119152,0,0.0598932531066192,0.07141343943929374,-0.28085752366898803,0.8296271775833082
119155,1,0.54664878434443,0.46864081434148747,-0.28085752366898803,0.8296271775833082
119156,0,0.0015644308423997,0.003543312502212264,-0.28085752366898803,0.8296271775833082
119158,0,0.050818258457148,0.06241731996258736,-0.28085752366898803,0.8296271775833082
119160,0,0.0856326969865526,0.09573385657522444,-0.28085752366898803,0.8296271775833082
119164,0,0.1824469841023137,0.17870016232128505,-0.28085752366898803,0.8296271775833082
119166,0,0.7872986016746355,0.6910196854778945,-0.28085752366898803,0.8296271775833082
119167,0,0.0010653853644385,0.002577668565938264,-0.28085752366898803,0.8296271775833082
119172,0,0.0351340601553118,0.04612130658784027,-0.28085752366898803,0.8296271775833082
119175,1,0.0382457839189026,0.04944535559747844,-0.28085752366898803,0.8296271775833082
119179,0,0.0765964403612233,0.08736610174026926,-0.28085752366898803,0.8296271775833082
119181,0,0.097582618261788,0.10657039782206662,-0.28085752366898803,0.8296271775833082
119183,0,0.0010434033733373,0.0025335326941507805,-0.28085752366898803,0.8296271775833082
119184,0,0.0138342791097753,0.021444548611829817,-0.28085752366898803,0.8296271775833082
119186,0,0.0070032871781699,0.012235303110507651,-0.28085752366898803,0.8296271775833082
119189,0,0.0762229248451651,0.08701662576152917,-0.28085752366898803,0.8296271775833082
119191,0,0.0673044020828286,0.07857805416333909,-0.28085752366898803,0.8296271775833082
119192,0,0.0801672059558751,0.09069222157333166,-0.28085752366898803,0.8296271775833082
119193,0,0.0445693051469753,0.05605356081877738,-0.28085752366898803,0.8296271775833082
119194,0,0.0440258129054704,0.055492671910252964,-0.28085752366898803,0.8296271775833082
119196,0,0.0257109524756705,0.03569562393403095,-0.28085752366898803,0.8296271775833082
119197,0,0.1211963993110668,0.12736363873675283,-0.28085752366898803,0.8296271775833082
119201,0,0.0489688355399613,0.060549570612761235,-0.28085752366898803,0.8296271775833082
119207,0,0.0031223317310155,0.006277241355068247,-0.28085752366898803,0.8296271775833082
119211,0,0.0523452507015305,0.06395014868729464,-0.28085752366898803,0.8296271775833082
119216,0,0.0302655455756156,0.0408090941899255,-0.28085752366898803,0.8296271775833082
119219,0,0.0264399729538217,0.036524578388339196,-0.28085752366898803,0.8296271775833082
119220,0,0.0542489588775316,0.0658498418750939,-0.28085752366898803,0.8296271775833082
119230,0,0.0114833273525992,0.018395124185748745,-0.28085752366898803,0.8296271775833082
119232,0,0.0169236165529169,0.025313356991142805,-0.28085752366898803,0.8296271775833082
119243,0,0.0584139915441243,0.06996483852156907,-0.28085752366898803,0.8296271775833082
119245,0,0.0322701157994008,0.04301400099359417,-0.28085752366898803,0.8296271775833082
119252,0,0.0167999310545378,0.025161083257656473,-0.28085752366898803,0.8296271775833082
119257,0,0.0505845223919154,0.062181958234126665,-0.28085752366898803,0.8296271775833082
119261,1,0.1482636515841039,0.15042364586535165,-0.28085752366898803,0.8296271775833082
119262,1,0.4860715030913649,0.41894851673296885,-0.28085752366898803,0.8296271775833082
119265,1,0.9849876805323124,0.9604600864284427,-0.28085752366898803,0.8296271775833082
119266,0,0.0603238712832976,0.07183391674230427,-0.28085752366898803,0.8296271775833082
119267,0,0.0382914111525699,0.04949371875748802,-0.28085752366898803,0.8296271775833082
119269,0,0.0534595029441727,0.06506354066801898,-0.28085752366898803,0.8296271775833082
119293,0,0.1584495472852028,0.1589345412516434,-0.28085752366898803,0.8296271775833082
119298,0,0.1618133438279829,0.16172808365141975,-0.28085752366898803,0.8296271775833082
119299,0,0.0275090675100495,0.037732717574466064,-0.28085752366898803,0.8296271775833082
119300,0,0.0312842326797638,0.041932823298097964,-0.28085752366898803,0.8296271775833082
119313,0,0.174862061452506,0.17249196436890982,-0.28085752366898803,0.8296271775833082
119316,0,0.0346703280894575,0.04562141404719539,-0.28085752366898803,0.8296271775833082
119323,1,0.9241594220172344,0.8573459139984886,-0.28085752366898803,0.8296271775833082
119325,0,0.465500530545529,0.4023876146225124,-0.28085752366898803,0.8296271775833082
119326,0,0.0032216082431669,0.006441847748343857,-0.28085752366898803,0.8296271775833082
119328,0,0.0018394871296622,0.004051756776239788,-0.28085752366898803,0.8296271775833082
119334,0,0.0005728206243042,0.0015414370049079969,-0.28085752366898803,0.8296271775833082
119335,0,0.0153464405444568,0.02335588607318853,-0.28085752366898803,0.8296271775833082
119337,0,0.3578815475474918,0.31738113752540903,-0.28085752366898803,0.8296271775833082
119340,0,0.0595084433558741,0.07103723160733118,-0.28085752366898803,0.8296271775833082
119345,0,0.0259392996854662,0.03595572982516129,-0.28085752366898803,0.8296271775833082
119350,0,0.0353770737900518,0.04638278675694319,-0.28085752366898803,0.8296271775833082
119354,0,0.4044247870427065,0.3538920666960813,-0.28085752366898803,0.8296271775833082
119355,0,0.0251801357822331,0.035089339452151834,-0.28085752366898803,0.8296271775833082
119356,0,0.0179170708308784,0.026529249987197846,-0.28085752366898803,0.8296271775833082
119357,0,0.0146420637481469,0.022470026986866978,-0.28085752366898803,0.8296271775833082
119358,1,0.0376518813107071,0.048814872659347676,-0.28085752366898803,0.8296271775833082
119360,0,0.1431540731889813,0.1461228248686724,-0.28085752366898803,0.8296271775833082
119363,0,0.0642313290888089,0.07562528310784832,-0.28085752366898803,0.8296271775833082
119364,0,0.0273611883518803,0.03756612473624405,-0.28085752366898803,0.8296271775833082
119367,1,0.0679639304285298,0.0792085979040475,-0.28085752366898803,0.8296271775833082
119369,0,0.1151436188551454,0.12210231489771234,-0.28085752366898803,0.8296271775833082
119370,0,0.2621903402809936,0.24246683713582703,-0.28085752366898803,0.8296271775833082
119376,0,0.0301635810689648,0.040696237639509296,-0.28085752366898803,0.8296271775833082
119381,0,0.0475947904359434,0.05915360887490074,-0.28085752366898803,0.8296271775833082
119382,0,0.0398785688775079,0.0511695893758813,-0.28085752366898803,0.8296271775833082
119385,0,0.0222522668898853,0.03170146069339728,-0.28085752366898803,0.8296271775833082
119397,0,0.009320363869028,0.01548838693150183,-0.28085752366898803,0.8296271775833082
119399,0,0.0660274811790534,0.07735410718326571,-0.28085752366898803,0.8296271775833082
119405,0,0.1045012926387611,0.1127406638406286,-0.28085752366898803,0.8296271775833082
119406,0,0.1225711820498078,0.12855275915494177,-0.28085752366898803,0.8296271775833082
119407,0,0.043309239113395,0.054751225348620536,-0.28085752366898803,0.8296271775833082
119418,0,0.1030357139955376,0.11143946246333347,-0.28085752366898803,0.8296271775833082
119422,0,0.0057523823626523,0.010400921049520022,-0.28085752366898803,0.8296271775833082
119423,0,0.0884155265581853,0.09827932541730595,-0.28085752366898803,0.8296271775833082
119427,0,0.1928408216375909,0.18715579106469243,-0.28085752366898803,0.8296271775833082
119430,0,0.1953635711127186,0.18919977481711123,-0.28085752366898803,0.8296271775833082
119433,0,0.0975286044399073,0.106521944323603,-0.28085752366898803,0.8296271775833082
119434,0,0.1785817737360054,0.17554070794944837,-0.28085752366898803,0.8296271775833082
119438,0,0.0405323814862847,0.051856379402849616,-0.28085752366898803,0.8296271775833082
119442,0,0.2811004382096024,0.2573313509072399,-0.28085752366898803,0.8296271775833082
119443,0,0.0306890741971094,0.041277123144773345,-0.28085752366898803,0.8296271775833082
119451,0,0.0852697088052961,0.09540078601276739,-0.28085752366898803,0.8296271775833082
119453,0,0.0028251506579601,0.005778861904403797,-0.28085752366898803,0.8296271775833082
119461,0,0.0271952600648761,0.03737900240305534,-0.28085752366898803,0.8296271775833082
119462,1,0.1735408156988711,0.1714070411738812,-0.28085752366898803,0.8296271775833082
119466,0,0.0307718626534941,0.041368471601147636,-0.28085752366898803,0.8296271775833082
119467,0,0.000136103600625,0.0004681919567296194,-0.28085752366898803,0.8296271775833082
119470,0,0.0029506822630123,0.0059904478917798855,-0.28085752366898803,0.8296271775833082
119478,0,0.0878074374346438,0.09772429569222182,-0.28085752366898803,0.8296271775833082
119480,0,0.0041637438516642,0.007963706774952607,-0.28085752366898803,0.8296271775833082
119483,0,0.0518307580653308,0.06343460728914457,-0.28085752366898803,0.8296271775833082
119484,0,0.0067660953189095,0.011892278669707285,-0.28085752366898803,0.8296271775833082
119487,0,0.0371048316499041,0.04823251707719643,-0.28085752366898803,0.8296271775833082
119491,0,0.0584661936670532,0.07001607019133126,-0.28085752366898803,0.8296271775833082
119492,0,0.0590694267105308,0.0706074935230812,-0.28085752366898803,0.8296271775833082
119497,0,0.0191705439148217,0.028046064229367146,-0.28085752366898803,0.8296271775833082
119499,0,0.1095725906085012,0.11722022764602177,-0.28085752366898803,0.8296271775833082
119501,0,0.0276258698190665,0.0378641850423545,-0.28085752366898803,0.8296271775833082
119508,0,0.0038667573281281,0.007491224596649042,-0.28085752366898803,0.8296271775833082
119510,0,0.0816783935856765,0.09209202683676473,-0.28085752366898803,0.8296271775833082
119511,0,0.0128094366494319,0.020127746507685514,-0.28085752366898803,0.8296271775833082
119512,0,0.0571912668963544,0.06876246541132032,-0.28085752366898803,0.8296271775833082
119523,0,0.0011182227727173,0.0026831213254301027,-0.28085752366898803,0.8296271775833082
119532,0,0.0663059266815217,0.07762135836088827,-0.28085752366898803,0.8296271775833082
119537,0,0.0277691271282949,0.03802529029408678,-0.28085752366898803,0.8296271775833082
119540,0,0.3618831236516519,0.32051149114109373,-0.28085752366898803,0.8296271775833082
119543,0,0.0558894300870552,0.06747718644043271,-0.28085752366898803,0.8296271775833082
119544,1,0.6930784910972199,0.5974656359390823,-0.28085752366898803,0.8296271775833082
119547,0,0.1858119519615771,0.18144391102623728,-0.28085752366898803,0.8296271775833082
119551,0,0.0430545338794497,0.054487141261633856,-0.28085752366898803,0.8296271775833082
119559,0,0.1098600307812786,0.11747309443949193,-0.28085752366898803,0.8296271775833082
119562,0,0.1095996378476271,0.11724402625776546,-0.28085752366898803,0.8296271775833082
119563,0,0.0821331157982928,0.09251234783144897,-0.28085752366898803,0.8296271775833082
119565,0,0.0059196567618666,0.010650032436531618,-0.28085752366898803,0.8296271775833082
119567,1,0.4265193344620707,0.3713376950827902,-0.28085752366898803,0.8296271775833082
119569,0,0.0041406625438918,0.007927203946616798,-0.28085752366898803,0.8296271775833082
119575,0,0.0129151687629314,0.020264456708084373,-0.28085752366898803,0.8296271775833082
119580,0,0.0017638746817783,0.003913389817251179,-0.28085752366898803,0.8296271775833082
119581,0,0.0179520011048228,0.026571774637421802,-0.28085752366898803,0.8296271775833082
119583,0,0.0068191812329321,0.011969234215126745,-0.28085752366898803,0.8296271775833082
119584,0,0.05591711726616,0.06750457733025937,-0.28085752366898803,0.8296271775833082
119588,0,0.0461662780306133,0.0576945092376388,-0.28085752366898803,0.8296271775833082
119589,0,0.001361656651126,0.003158542775764855,-0.28085752366898803,0.8296271775833082
119590,0,0.0246192570894158,0.0344461735544918,-0.28085752366898803,0.8296271775833082
119591,0,0.152174418029284,0.15370086060171098,-0.28085752366898803,0.8296271775833082
119592,0,0.2073777000180323,0.1988932706837654,-0.28085752366898803,0.8296271775833082
119594,0,0.0657686021258709,0.0771054553639479,-0.28085752366898803,0.8296271775833082
119597,0,0.0281464893784826,0.03844894151486764,-0.28085752366898803,0.8296271775833082
119600,0,0.004378760952841,0.008302073212711186,-0.28085752366898803,0.8296271775833082
119603,0,0.0056261673914064,0.010212107561952427,-0.28085752366898803,0.8296271775833082
119605,0,0.0185416057024925,0.02728732520533588,-0.28085752366898803,0.8296271775833082
119606,0,0.0139406797255306,0.021580230500874795,-0.28085752366898803,0.8296271775833082
119608,0,0.0175968017253104,0.026138642292790247,-0.28085752366898803,0.8296271775833082
119613,0,0.0083539381351879,0.014151497632223214,-0.28085752366898803,0.8296271775833082
119617,0,0.0187350435114181,0.02752117658390759,-0.28085752366898803,0.8296271775833082
119618,0,0.0607729102824298,0.07227180682850437,-0.28085752366898803,0.8296271775833082
119619,0,0.0402162407590112,0.05152454784324892,-0.28085752366898803,0.8296271775833082
119624,0,0.2984475178622175,0.27092368981133186,-0.28085752366898803,0.8296271775833082
119626,0,0.0177444213490172,0.026318841791697703,-0.28085752366898803,0.8296271775833082
119630,0,0.0136458994636287,0.021203863114298716,-0.28085752366898803,0.8296271775833082
119632,0,0.0422479071265428,0.053648920216030634,-0.28085752366898803,0.8296271775833082
119636,0,0.061885664080398,0.07335444061081103,-0.28085752366898803,0.8296271775833082
119640,0,0.0721377465067688,0.08317429196285668,-0.28085752366898803,0.8296271775833082
119642,0,0.0451914873398714,0.056694129895699844,-0.28085752366898803,0.8296271775833082
119644,0,0.1024662090247178,0.11093300413840139,-0.28085752366898803,0.8296271775833082
119645,1,0.1902147599149467,0.18502474629461702,-0.28085752366898803,0.8296271775833082
119646,0,0.0153655993230997,0.023379876791665352,-0.28085752366898803,0.8296271775833082
119651,0,0.0221771017200875,0.031613452901126576,-0.28085752366898803,0.8296271775833082
119653,0,0.0177086117870686,0.026275154121289605,-0.28085752366898803,0.8296271775833082
119659,0,0.0653454528048277,0.07669864618352046,-0.28085752366898803,0.8296271775833082
119667,0,0.0896541589112569,0.09940785891072958,-0.28085752366898803,0.8296271775833082
119669,0,0.0090637559206121,0.01513593902644956,-0.28085752366898803,0.8296271775833082
119670,0,0.0923892515767522,0.10189045303787432,-0.28085752366898803,0.8296271775833082
119675,0,0.2273183390654032,0.21485257180335082,-0.28085752366898803,0.8296271775833082
119678,0,0.1394134087646394,0.14295990635961559,-0.28085752366898803,0.8296271775833082
119679,0,0.0043088324205753,0.00819235664381301,-0.28085752366898803,0.8296271775833082
119680,0,0.0292941325711214,0.039731046088500255,-0.28085752366898803,0.8296271775833082
119681,0,0.0973481682462328,0.10636004989922396,-0.28085752366898803,0.8296271775833082
119683,0,0.0114792711887538,0.018389771152328583,-0.28085752366898803,0.8296271775833082
119687,0,0.0154092053437259,0.023434460273705177,-0.28085752366898803,0.8296271775833082
119688,0,0.1117897095712959,0.11916789025668388,-0.28085752366898803,0.8296271775833082
119693,0,0.0336618150297235,0.04453000213767081,-0.28085752366898803,0.8296271775833082
119694,0,0.0009018897148141,0.0022453627803575324,-0.28085752366898803,0.8296271775833082
119695,0,0.0874483354508452,0.09739621719476035,-0.28085752366898803,0.8296271775833082
119696,0,0.0232864004858021,0.03290686792115519,-0.28085752366898803,0.8296271775833082
119698,0,0.0006371451675642,0.0016835743498192777,-0.28085752366898803,0.8296271775833082
119700,0,0.0055746328265559,0.010134798563077427,-0.28085752366898803,0.8296271775833082
119702,0,0.0108724636466069,0.017585034927106627,-0.28085752366898803,0.8296271775833082
119703,1,0.0599388305638762,0.0714579692269449,-0.28085752366898803,0.8296271775833082
119707,1,0.1726770584090508,0.17069719732381744,-0.28085752366898803,0.8296271775833082
119708,0,0.0692649560196746,0.0804492692250982,-0.28085752366898803,0.8296271775833082
119712,0,0.2150146069581687,0.20502303118740212,-0.28085752366898803,0.8296271775833082
119716,1,0.2023904960306764,0.19487723768226153,-0.28085752366898803,0.8296271775833082
119727,0,0.0024497332089605,0.005135877010778612,-0.28085752366898803,0.8296271775833082
119734,0,0.290972116175289,0.26507037003020006,-0.28085752366898803,0.8296271775833082
119735,0,0.2405908293292062,0.22540060397021586,-0.28085752366898803,0.8296271775833082
119737,0,0.0518188284885087,0.06342264241838223,-0.28085752366898803,0.8296271775833082
119738,0,0.3820265202426124,0.33629003035539223,-0.28085752366898803,0.8296271775833082
119742,0,0.0175536562427119,0.026085922729956246,-0.28085752366898803,0.8296271775833082
119745,1,0.4745369241155323,0.40964572411262706,-0.28085752366898803,0.8296271775833082
119746,0,0.035176166235932,0.046166635949366104,-0.28085752366898803,0.8296271775833082
119750,0,0.0031666686939698,0.006350866266097685,-0.28085752366898803,0.8296271775833082
119751,0,0.0493010506399552,0.06088600902478658,-0.28085752366898803,0.8296271775833082
119752,0,0.077603566266885,0.0883069235516876,-0.28085752366898803,0.8296271775833082
119753,1,0.5610876654548173,0.480729602742195,-0.28085752366898803,0.8296271775833082
119755,0,0.010731695214432,0.017397209743074207,-0.28085752366898803,0.8296271775833082
119758,0,0.0133705607258057,0.02085098894694097,-0.28085752366898803,0.8296271775833082
119761,0,0.0199587232713394,0.028990548476948843,-0.28085752366898803,0.8296271775833082
119762,0,0.2103249284243172,0.20126163887496304,-0.28085752366898803,0.8296271775833082
119766,0,0.0421448136291855,0.05354157911464291,-0.28085752366898803,0.8296271775833082
119769,0,0.0441566155089436,0.05562777622127293,-0.28085752366898803,0.8296271775833082
119772,0,0.0179061932805762,0.026516004414181997,-0.28085752366898803,0.8296271775833082
119777,0,0.070085201882283,0.08122933363145828,-0.28085752366898803,0.8296271775833082
119779,0,0.0544012572210674,0.06600129252576589,-0.28085752366898803,0.8296271775833082
119780,0,0.2836774239884022,0.2593527755145292,-0.28085752366898803,0.8296271775833082
119781,0,0.1312080925678987,0.1359765335002726,-0.28085752366898803,0.8296271775833082
119787,0,0.0609205835031724,0.07241568636389711,-0.28085752366898803,0.8296271775833082
119788,0,0.0632541758335973,0.07468113602703064,-0.28085752366898803,0.8296271775833082
119791,0,0.0193866866449851,0.028305762619822688,-0.28085752366898803,0.8296271775833082
119795,0,0.0670199521769302,0.07830576589360617,-0.28085752366898803,0.8296271775833082
119798,0,0.0725504765380492,0.08356419768374544,-0.28085752366898803,0.8296271775833082
119800,1,0.2479011642680085,0.23118911373867557,-0.28085752366898803,0.8296271775833082
119801,0,0.0416644836971325,0.053040824290426926,-0.28085752366898803,0.8296271775833082
119802,0,0.0285869377726103,0.03894210522344085,-0.28085752366898803,0.8296271775833082
119806,0,0.1224253095457763,0.12842668691584117,-0.28085752366898803,0.8296271775833082
119810,0,0.0079520449720994,0.013587527991100938,-0.28085752366898803,0.8296271775833082
119814,0,0.0446329143274777,0.05611912426712826,-0.28085752366898803,0.8296271775833082
119815,0,0.0002265626854249,0.0007144331672615023,-0.28085752366898803,0.8296271775833082
119817,0,0.0522171264442846,0.06382184950779368,-0.28085752366898803,0.8296271775833082
119821,0,0.1780554609142144,0.17510983020062534,-0.28085752366898803,0.8296271775833082
119825,0,0.0069207675227455,0.012116201970311317,-0.28085752366898803,0.8296271775833082
119829,0,0.0053617254635723,0.009814050519438842,-0.28085752366898803,0.8296271775833082
119830,0,0.0011429884606279,0.0027322505313777134,-0.28085752366898803,0.8296271775833082
119831,0,0.0005365871253895,0.001460173873287643,-0.28085752366898803,0.8296271775833082
119832,0,0.0090752963885869,0.015151827737633877,-0.28085752366898803,0.8296271775833082
119834,0,0.0751353944586142,0.08599736782031495,-0.28085752366898803,0.8296271775833082
119839,0,0.1112478295143441,0.11869245373726506,-0.28085752366898803,0.8296271775833082
119841,0,0.0494444407794294,0.06103109459375676,-0.28085752366898803,0.8296271775833082
119842,0,0.1713815884810306,0.1696316953489094,-0.28085752366898803,0.8296271775833082
119843,0,0.1605252095900535,0.16065928025298498,-0.28085752366898803,0.8296271775833082
119846,0,0.0681404830481401,0.07937720630909235,-0.28085752366898803,0.8296271775833082
119852,0,0.0248220402733108,0.03467901337207191,-0.28085752366898803,0.8296271775833082
119854,0,0.0095372155530584,0.015784876159930843,-0.28085752366898803,0.8296271775833082
119855,0,0.024919334565426,0.034790605118668445,-0.28085752366898803,0.8296271775833082
119859,0,0.0181501343324025,0.026812701416505522,-0.28085752366898803,0.8296271775833082
119864,0,0.0932222163150916,0.10264401496617058,-0.28085752366898803,0.8296271775833082
119870,0,0.5633661549850324,0.482647064474544,-0.28085752366898803,0.8296271775833082
119871,1,0.3812509325381394,0.33568173075433405,-0.28085752366898803,0.8296271775833082
119873,0,0.0173629097271899,0.025852565942499607,-0.28085752366898803,0.8296271775833082
119875,1,0.0953583345619364,0.10457130880818125,-0.28085752366898803,0.8296271775833082
119880,0,0.0005171039322008,0.0014160901846590264,-0.28085752366898803,0.8296271775833082
119882,0,0.3022850921735439,0.2739266101367647,-0.28085752366898803,0.8296271775833082
119885,0,0.1503124020696752,0.15214202504742913,-0.28085752366898803,0.8296271775833082
119886,0,0.1380793626071951,0.1418288545845879,-0.28085752366898803,0.8296271775833082
119887,0,0.0014250964766935,0.003279925778911356,-0.28085752366898803,0.8296271775833082
119890,0,0.0155848594581088,0.023654051388265783,-0.28085752366898803,0.8296271775833082
119892,0,0.008809904683973,0.014785515672330387,-0.28085752366898803,0.8296271775833082
119896,0,0.2560987478454888,0.23766454580124466,-0.28085752366898803,0.8296271775833082
119897,0,0.0465762441922178,0.0581140841049275,-0.28085752366898803,0.8296271775833082
119898,0,0.0008017385003939,0.0020367142195750524,-0.28085752366898803,0.8296271775833082
119901,0,0.0005855569323512,0.0015697893494708906,-0.28085752366898803,0.8296271775833082
119905,0,0.2429373403130483,0.2272601569392646,-0.28085752366898803,0.8296271775833082
119907,0,0.0073011647077704,0.012663180427413247,-0.28085752366898803,0.8296271775833082
119908,0,0.0199904278618569,0.02902839666318279,-0.28085752366898803,0.8296271775833082
119911,0,0.3208072364446058,0.2884074073189822,-0.28085752366898803,0.8296271775833082
119913,0,0.0376344931170125,0.04879638618387102,-0.28085752366898803,0.8296271775833082
119918,0,0.0554344310923211,0.06702670425973997,-0.28085752366898803,0.8296271775833082
119927,0,0.0033068801364628,0.006582524845451842,-0.28085752366898803,0.8296271775833082
119928,0,0.006105194548678,0.010924887982831798,-0.28085752366898803,0.8296271775833082
119929,0,0.000265737382213,0.0008154462564094178,-0.28085752366898803,0.8296271775833082
119935,0,0.0140261668863802,0.021689107939256984,-0.28085752366898803,0.8296271775833082
119937,1,0.7804642366194213,0.6838279503621555,-0.28085752366898803,0.8296271775833082
119939,0,0.0993207111742803,0.10812717405693495,-0.28085752366898803,0.8296271775833082
119941,0,0.0429041831080228,0.05433112042654897,-0.28085752366898803,0.8296271775833082
119942,1,0.1119184923658019,0.1192808269045475,-0.28085752366898803,0.8296271775833082
119944,1,0.5872381298723643,0.5029088363541997,-0.28085752366898803,0.8296271775833082
119947,0,0.0285481320520251,0.03889871118133238,-0.28085752366898803,0.8296271775833082
119948,0,0.0609353343143758,0.07243005478681304,-0.28085752366898803,0.8296271775833082
119949,0,0.0457297737471324,0.05724702734303357,-0.28085752366898803,0.8296271775833082
119951,0,0.0693466707698949,0.0805270542708385,-0.28085752366898803,0.8296271775833082
119958,0,0.500670467606233,0.43078905163824105,-0.28085752366898803,0.8296271775833082
119959,0,0.1424127779225607,0.14549700738177113,-0.28085752366898803,0.8296271775833082
119965,0,0.0053718107204802,0.009829294312487098,-0.28085752366898803,0.8296271775833082
119966,0,0.0443103234055853,0.055786445856642386,-0.28085752366898803,0.8296271775833082
119972,0,0.2253929800219848,0.21331786748243625,-0.28085752366898803,0.8296271775833082
119980,0,0.0161302457243978,0.02433302655942577,-0.28085752366898803,0.8296271775833082
119982,0,0.0295468030028064,0.040012074429764996,-0.28085752366898803,0.8296271775833082
119987,0,0.1476807867231091,0.14993414499037733,-0.28085752366898803,0.8296271775833082
119988,0,0.0020780280977313,0.004482026756377428,-0.28085752366898803,0.8296271775833082
119989,0,0.0003869007704076,0.0011134240940285215,-0.28085752366898803,0.8296271775833082
119994,0,0.0031969134123961,0.006400986296650021,-0.28085752366898803,0.8296271775833082
119995,0,0.0032568968783305,0.006500143258306629,-0.28085752366898803,0.8296271775833082
119996,1,0.028494491556072,0.03883871054241006,-0.28085752366898803,0.8296271775833082
119997,0,0.1203109719375905,0.126596656211606,-0.28085752366898803,0.8296271775833082
120000,0,0.1927084990793174,0.18704849423987718,-0.28085752366898803,0.8296271775833082
120003,0,0.2322219695984724,0.21875584054155545,-0.28085752366898803,0.8296271775833082
120004,0,0.2744079078251666,0.2520772707221307,-0.28085752366898803,0.8296271775833082
120005,0,0.0591443116957228,0.0706808363776765,-0.28085752366898803,0.8296271775833082
120010,0,0.448465398574785,0.3887700914171852,-0.28085752366898803,0.8296271775833082
120011,0,0.0571179788798237,0.0686902508528906,-0.28085752366898803,0.8296271775833082
120013,0,0.1964272276879038,0.19006064693945904,-0.28085752366898803,0.8296271775833082
120016,1,0.1457793590848051,0.14833532908341482,-0.28085752366898803,0.8296271775833082
120020,0,0.0016670235078704,0.0037346391472468173,-0.28085752366898803,0.8296271775833082
120021,0,0.0923405186455111,0.10184632986307346,-0.28085752366898803,0.8296271775833082
120025,0,0.000802430626453,0.0020381710068361303,-0.28085752366898803,0.8296271775833082
120026,0,0.0032914341777882,0.006557090517133828,-0.28085752366898803,0.8296271775833082
120027,0,0.0180739783259455,0.02672015381970329,-0.28085752366898803,0.8296271775833082
120039,0,0.0260748637817538,0.03610995003226687,-0.28085752366898803,0.8296271775833082
120040,0,0.1979464277894959,0.19128928150206362,-0.28085752366898803,0.8296271775833082
120041,0,0.0389686008332841,0.05021028344967299,-0.28085752366898803,0.8296271775833082
120043,0,0.1228089000981332,0.12875815938622776,-0.28085752366898803,0.8296271775833082
120048,0,0.0002701278556625,0.0008266017113101618,-0.28085752366898803,0.8296271775833082
120049,0,0.0774161798393022,0.08813203667619593,-0.28085752366898803,0.8296271775833082
120055,0,0.0500600178310864,0.061653084977775975,-0.28085752366898803,0.8296271775833082
120056,0,0.0472614384775565,0.05881384103735668,-0.28085752366898803,0.8296271775833082
120062,0,0.0342283455434189,0.04514382650719179,-0.28085752366898803,0.8296271775833082
120064,1,0.2614373286815546,0.24187361326997334,-0.28085752366898803,0.8296271775833082
120068,0,0.001587441833744,0.003586410662215864,-0.28085752366898803,0.8296271775833082
120076,0,0.3844786870996048,0.3382137584732763,-0.28085752366898803,0.8296271775833082
120078,0,0.0993463289198502,0.10815008496320155,-0.28085752366898803,0.8296271775833082
120079,0,0.0013316402147874,0.003100771203425141,-0.28085752366898803,0.8296271775833082
120080,0,0.2901976187712985,0.26446360802496716,-0.28085752366898803,0.8296271775833082
120082,0,0.0162277933932581,0.024454025415802966,-0.28085752366898803,0.8296271775833082
120084,0,0.0004432739623237,0.0012463252837943903,-0.28085752366898803,0.8296271775833082
120089,0,0.0729702572264203,0.08396036221598863,-0.28085752366898803,0.8296271775833082
120097,0,0.054542583912269,0.066141763983272,-0.28085752366898803,0.8296271775833082
120099,0,0.1283061970988731,0.13349097341305757,-0.28085752366898803,0.8296271775833082
120103,0,0.1507789040409616,0.15253282806426935,-0.28085752366898803,0.8296271775833082
120104,0,0.0042952247522853,0.00817097014819855,-0.28085752366898803,0.8296271775833082
120119,0,0.0850507797854474,0.09519978275375392,-0.28085752366898803,0.8296271775833082
120124,0,0.0215055096300026,0.03082467061578453,-0.28085752366898803,0.8296271775833082
120126,1,0.9572512334375712,0.9087299829998213,-0.28085752366898803,0.8296271775833082
120129,0,0.0006868107518806,0.0017916284846416855,-0.28085752366898803,0.8296271775833082
120131,0,0.0120314743541694,0.019115454310293992,-0.28085752366898803,0.8296271775833082
120136,0,0.1452584933777746,0.14789682912042604,-0.28085752366898803,0.8296271775833082
120137,0,0.0098532230684329,0.016214785418984076,-0.28085752366898803,0.8296271775833082
120142,0,0.0191207436887693,0.02798615320497519,-0.28085752366898803,0.8296271775833082
120145,0,0.0317413575553939,0.04243489754965061,-0.28085752366898803,0.8296271775833082
120147,0,0.0147502621482369,0.022606595766853206,-0.28085752366898803,0.8296271775833082
120149,0,0.0139185651138558,0.021552045444051295,-0.28085752366898803,0.8296271775833082
120150,0,0.0642289210904669,0.07562295962071186,-0.28085752366898803,0.8296271775833082
120153,0,0.0072210898557795,0.012548469896963857,-0.28085752366898803,0.8296271775833082
120154,0,0.0005478642476411,0.0014855640432143553,-0.28085752366898803,0.8296271775833082
120156,0,0.0230053177088706,0.03258021750688447,-0.28085752366898803,0.8296271775833082
120160,0,0.0129514965411839,0.020311381346270772,-0.28085752366898803,0.8296271775833082
120165,0,0.0165740219809014,0.024882431313868067,-0.28085752366898803,0.8296271775833082
120169,1,0.309423019069063,0.279509237350284,-0.28085752366898803,0.8296271775833082
120173,0,0.2398463150962157,0.22481028138186923,-0.28085752366898803,0.8296271775833082
120177,0,0.0368196061851793,0.04792826128772864,-0.28085752366898803,0.8296271775833082
120178,0,0.2707432197454699,0.24919732535927838,-0.28085752366898803,0.8296271775833082
120179,0,0.0014501365362148,0.003327576964988414,-0.28085752366898803,0.8296271775833082
120180,1,0.1993650352160557,0.19243558773681205,-0.28085752366898803,0.8296271775833082
120183,0,0.1542428797229262,0.1554293397217857,-0.28085752366898803,0.8296271775833082
120188,0,0.0490206572153726,0.06060207832172818,-0.28085752366898803,0.8296271775833082
120193,0,0.0244947390691572,0.03430302576836264,-0.28085752366898803,0.8296271775833082
120194,0,0.003761889022687,0.007322881704328614,-0.28085752366898803,0.8296271775833082
120196,0,0.0259496332428726,0.03596749065117853,-0.28085752366898803,0.8296271775833082
120197,0,0.0055053943533257,0.010030731655227521,-0.28085752366898803,0.8296271775833082
120198,0,0.0765482053294131,0.08732098798501278,-0.28085752366898803,0.8296271775833082
120203,0,0.0098609957616869,0.01622532825354573,-0.28085752366898803,0.8296271775833082
120204,0,0.033869518072209,0.04475526216329849,-0.28085752366898803,0.8296271775833082
120209,0,0.1172316101869459,0.12392217078874689,-0.28085752366898803,0.8296271775833082
120211,0,0.0137787426497292,0.021373653728847822,-0.28085752366898803,0.8296271775833082
120212,0,0.0553321391920612,0.06692533598378465,-0.28085752366898803,0.8296271775833082
120214,0,0.0381313647055389,0.049324029057698976,-0.28085752366898803,0.8296271775833082
120223,0,0.0783166648363463,0.08897178038189452,-0.28085752366898803,0.8296271775833082
120224,0,0.232958821216289,0.2193417207559191,-0.28085752366898803,0.8296271775833082
120229,0,0.0291652411884958,0.03958751809202202,-0.28085752366898803,0.8296271775833082
120241,0,0.0676255070060388,0.07888518409753326,-0.28085752366898803,0.8296271775833082
120246,0,0.049877761541486,0.06146907542699289,-0.28085752366898803,0.8296271775833082
120251,0,0.1261424613102296,0.13163199891571803,-0.28085752366898803,0.8296271775833082
120257,0,0.3221884596670439,0.28948669661493226,-0.28085752366898803,0.8296271775833082
120258,0,0.0239824442924691,0.03371267531836278,-0.28085752366898803,0.8296271775833082
120259,0,0.2041528760044993,0.19629765461462967,-0.28085752366898803,0.8296271775833082
120268,0,0.1660231570123773,0.1652130353844304,-0.28085752366898803,0.8296271775833082
120273,0,0.038766060034844,0.049996206449098565,-0.28085752366898803,0.8296271775833082
120278,0,0.0468933921950388,0.05843820391649664,-0.28085752366898803,0.8296271775833082
120279,0,0.0250773250885877,0.03497164297738266,-0.28085752366898803,0.8296271775833082
120283,0,0.0026647373953514,0.005506068337860648,-0.28085752366898803,0.8296271775833082
120285,0,0.1692423245722778,0.16786985776688748,-0.28085752366898803,0.8296271775833082
120286,0,0.0152618167242339,0.023249854657103542,-0.28085752366898803,0.8296271775833082
120287,0,0.0765272196753195,0.08730135874897002,-0.28085752366898803,0.8296271775833082
120291,0,0.0008350088200031,0.0021065004054481896,-0.28085752366898803,0.8296271775833082
120296,0,0.0238884573587808,0.033604119129025195,-0.28085752366898803,0.8296271775833082
120300,1,0.2009737526949575,0.19373439265989634,-0.28085752366898803,0.8296271775833082
120307,0,0.054193999831157,0.06579516984836435,-0.28085752366898803,0.8296271775833082
120311,0,0.0675711717566329,0.07883323189033323,-0.28085752366898803,0.8296271775833082
120319,0,0.0139455403227132,0.02158642424441902,-0.28085752366898803,0.8296271775833082
120322,0,0.0681827288276267,0.0794175396531506,-0.28085752366898803,0.8296271775833082
120325,0,0.0077139398563488,0.013251007599351716,-0.28085752366898803,0.8296271775833082
120327,0,0.1329365319154869,0.1374529647277205,-0.28085752366898803,0.8296271775833082
120329,0,0.0088559046592254,0.014849147915511647,-0.28085752366898803,0.8296271775833082
120332,0,0.0385667690908448,0.04978536465695362,-0.28085752366898803,0.8296271775833082
120334,0,0.0075934849885169,0.013080062117397488,-0.28085752366898803,0.8296271775833082
120336,0,0.1329854140542892,0.13749467688291886,-0.28085752366898803,0.8296271775833082
120338,0,0.142951508823002,0.14595186332100898,-0.28085752366898803,0.8296271775833082
120340,0,0.0157361129491522,0.023842779109131275,-0.28085752366898803,0.8296271775833082
120343,0,0.0597462451043641,0.0712697690843735,-0.28085752366898803,0.8296271775833082
120345,0,0.0356249460431075,0.046649156252612595,-0.28085752366898803,0.8296271775833082
120346,1,0.1065033303623314,0.1145132847018008,-0.28085752366898803,0.8296271775833082
120350,0,0.0329210857166515,0.043724573033854325,-0.28085752366898803,0.8296271775833082
120352,0,0.0580680140874203,0.06962508394675182,-0.28085752366898803,0.8296271775833082
120353,0,0.3644924329215125,0.32255332352431315,-0.28085752366898803,0.8296271775833082
120355,0,0.000590432514295,0.0015806147468398,-0.28085752366898803,0.8296271775833082
120358,0,0.1344753660694276,0.13876496613627318,-0.28085752366898803,0.8296271775833082
120361,0,0.0226106838006694,0.03212037386887005,-0.28085752366898803,0.8296271775833082
120363,0,0.0103480357045959,0.01688302823740255,-0.28085752366898803,0.8296271775833082
120364,0,0.1179270687778587,0.12452716117821637,-0.28085752366898803,0.8296271775833082
120368,0,0.0254965769716562,0.03545104821973566,-0.28085752366898803,0.8296271775833082
120369,0,0.0282394013440689,0.03855309055433024,-0.28085752366898803,0.8296271775833082
120371,0,0.0995718135517401,0.1083517015647884,-0.28085752366898803,0.8296271775833082
120373,0,0.0068279432307586,0.011981925710623773,-0.28085752366898803,0.8296271775833082
120376,0,0.1287793859733356,0.13389686201334086,-0.28085752366898803,0.8296271775833082
120379,0,0.0187764480065003,0.0275711742065014,-0.28085752366898803,0.8296271775833082
120380,0,0.0715880309377224,0.08265436259453678,-0.28085752366898803,0.8296271775833082
120381,0,0.1120770258945539,0.11941982457148675,-0.28085752366898803,0.8296271775833082
120382,0,0.0334801856481144,0.044332811127567325,-0.28085752366898803,0.8296271775833082
120384,0,0.3316165266703818,0.2968529908740438,-0.28085752366898803,0.8296271775833082
120386,0,0.1191293068333181,0.12557166401925954,-0.28085752366898803,0.8296271775833082
120387,0,0.0806917606560191,0.09117863073962522,-0.28085752366898803,0.8296271775833082
120393,0,0.0245600124937076,0.03437808162185471,-0.28085752366898803,0.8296271775833082
120395,0,0.0288286101802581,0.03921211058800708,-0.28085752366898803,0.8296271775833082
120398,0,0.1343830116125932,0.13868629002655236,-0.28085752366898803,0.8296271775833082
120400,0,0.0144842904917131,0.02227055640603532,-0.28085752366898803,0.8296271775833082
120401,0,0.0278747110450519,0.03814393118346322,-0.28085752366898803,0.8296271775833082
120403,0,0.1769464984090496,0.1742014203795113,-0.28085752366898803,0.8296271775833082
120405,0,0.0118035912539165,0.01881672241291388,-0.28085752366898803,0.8296271775833082
120407,0,0.0306894542749068,0.04127754262413182,-0.28085752366898803,0.8296271775833082
120410,0,0.0043135333617874,0.00819974211363573,-0.28085752366898803,0.8296271775833082
120411,1,0.3391269688057193,0.30272097996816427,-0.28085752366898803,0.8296271775833082
120412,1,0.216739532348636,0.2064043802722161,-0.28085752366898803,0.8296271775833082
120413,0,0.1490427986887381,0.1510775531370321,-0.28085752366898803,0.8296271775833082
120414,0,0.0010796533230323,0.002606231791485564,-0.28085752366898803,0.8296271775833082
120416,0,0.1054448828458915,0.11357681961631877,-0.28085752366898803,0.8296271775833082
120418,0,0.0715039781034507,0.08257480198213073,-0.28085752366898803,0.8296271775833082
120419,0,0.1944764849747156,0.18848139353782245,-0.28085752366898803,0.8296271775833082
120420,0,0.0647804025875157,0.07615468090437193,-0.28085752366898803,0.8296271775833082
120422,1,0.267780002447702,0.24686699097921344,-0.28085752366898803,0.8296271775833082
120427,0,0.0006526614597687,0.0017174827911027885,-0.28085752366898803,0.8296271775833082
120428,0,0.0322611760804806,0.0430042246017661,-0.28085752366898803,0.8296271775833082
120432,0,0.0521547206732949,0.06375933787303986,-0.28085752366898803,0.8296271775833082
120440,0,0.0124259282217794,0.019630150531763983,-0.28085752366898803,0.8296271775833082
120441,0,0.0038750349227695,0.007504478027338459,-0.28085752366898803,0.8296271775833082
120443,0,0.0113350938541488,0.018199274090960782,-0.28085752366898803,0.8296271775833082
120447,0,0.0266167965478119,0.03672500724391307,-0.28085752366898803,0.8296271775833082
120451,0,0.002313412142824,0.004898236851554413,-0.28085752366898803,0.8296271775833082
120454,0,0.0075960512646604,0.013083709104789799,-0.28085752366898803,0.8296271775833082
120455,0,0.0432386871522575,0.05467810394992671,-0.28085752366898803,0.8296271775833082
120456,0,0.069447289673476,0.08062281200002526,-0.28085752366898803,0.8296271775833082
120458,0,0.0420963535842214,0.05349110588185763,-0.28085752366898803,0.8296271775833082
120460,0,0.0337538082027057,0.04462980272928703,-0.28085752366898803,0.8296271775833082
120461,0,0.0183259912404853,0.02702614008932565,-0.28085752366898803,0.8296271775833082
120462,0,0.0288862968358751,0.039276498894103895,-0.28085752366898803,0.8296271775833082
120467,0,0.1461718194147984,0.14866557730330518,-0.28085752366898803,0.8296271775833082
120468,0,0.0687355257919849,0.07994490349896156,-0.28085752366898803,0.8296271775833082
120471,0,0.0143659462624958,0.022120677322097663,-0.28085752366898803,0.8296271775833082
120476,0,0.0451021155837846,0.05660221639295259,-0.28085752366898803,0.8296271775833082
120478,0,0.1617139741588903,0.16164567545421218,-0.28085752366898803,0.8296271775833082
120480,0,0.1419563429741699,0.1451114354108644,-0.28085752366898803,0.8296271775833082
120481,0,0.0067366872683872,0.0118496013669566,-0.28085752366898803,0.8296271775833082
120484,0,0.0213006248127227,0.030583144516038756,-0.28085752366898803,0.8296271775833082
120485,0,0.0176855823734911,0.026247049750055363,-0.28085752366898803,0.8296271775833082
120491,0,0.0300232294464284,0.040540779049790907,-0.28085752366898803,0.8296271775833082
120494,0,0.0015917505034727,0.0035944684506544347,-0.28085752366898803,0.8296271775833082
120498,0,0.0134000512868456,0.02088884639265713,-0.28085752366898803,0.8296271775833082
120500,0,0.0819774186584193,0.09236847537224185,-0.28085752366898803,0.8296271775833082
120510,0,0.1459462878344677,0.1484758124474283,-0.28085752366898803,0.8296271775833082
120512,0,0.001333876184838,0.003105082408376665,-0.28085752366898803,0.8296271775833082
120519,0,0.1379956165182539,0.1417577971121082,-0.28085752366898803,0.8296271775833082
120521,0,0.1932861071131797,0.18751679743192126,-0.28085752366898803,0.8296271775833082
120522,0,0.0672696715468684,0.07854481953359856,-0.28085752366898803,0.8296271775833082
120523,0,0.0009999700115805,0.0024458495627946142,-0.28085752366898803,0.8296271775833082
120529,0,0.0019162009311209,0.004191132842727151,-0.28085752366898803,0.8296271775833082
120531,0,0.1009536326723124,0.10958558901913898,-0.28085752366898803,0.8296271775833082
120535,0,0.1805819641304113,0.17717674357723412,-0.28085752366898803,0.8296271775833082
120538,0,0.0234668684489015,0.033116212523973974,-0.28085752366898803,0.8296271775833082
120541,0,0.0084162734572854,0.014238532465139443,-0.28085752366898803,0.8296271775833082
120542,0,0.0179382138130802,0.02655499157613164,-0.28085752366898803,0.8296271775833082
120544,0,0.0444401119411236,0.05592034583919172,-0.28085752366898803,0.8296271775833082
120545,0,0.0369779042749936,0.048097174116914485,-0.28085752366898803,0.8296271775833082
120553,0,0.0029079260135467,0.005918561529941173,-0.28085752366898803,0.8296271775833082
120556,0,0.0456672853937782,0.05718290393809529,-0.28085752366898803,0.8296271775833082
120557,0,0.0220495964037516,0.03146403753068305,-0.28085752366898803,0.8296271775833082
120561,0,0.0372235863368852,0.04835906878774323,-0.28085752366898803,0.8296271775833082
120563,0,0.1410677828076899,0.14436029872927922,-0.28085752366898803,0.8296271775833082
120571,0,0.0171207828013877,0.025555678664159212,-0.28085752366898803,0.8296271775833082
120573,0,0.1242098977092999,0.12996742311337617,-0.28085752366898803,0.8296271775833082
120577,0,0.3192699089496391,0.28720607894670985,-0.28085752366898803,0.8296271775833082
120581,0,0.0075400329981252,0.013004050330455076,-0.28085752366898803,0.8296271775833082
120584,1,0.0436699035965262,0.05512468623858358,-0.28085752366898803,0.8296271775833082
120590,0,0.0299679461833491,0.04047950878368808,-0.28085752366898803,0.8296271775833082
120591,0,0.0373441884911943,0.048487513679723926,-0.28085752366898803,0.8296271775833082
120596,0,0.0006490376430119,0.0017095760331762935,-0.28085752366898803,0.8296271775833082
120597,0,0.0176811026318197,0.02624158204175474,-0.28085752366898803,0.8296271775833082
120598,0,0.1012246641695101,0.10982727250327586,-0.28085752366898803,0.8296271775833082
120603,0,0.0375271853869936,0.048682266016093115,-0.28085752366898803,0.8296271775833082
120607,0,0.2253126302152578,0.21325379377351675,-0.28085752366898803,0.8296271775833082
120609,0,0.014242169217459,0.0219636785117336,-0.28085752366898803,0.8296271775833082
120610,0,0.0497962121140163,0.06138670197718932,-0.28085752366898803,0.8296271775833082
120611,0,0.3463054849768767,0.30833064349120914,-0.28085752366898803,0.8296271775833082
120623,0,0.0115519900700044,0.018485688773290865,-0.28085752366898803,0.8296271775833082
120629,0,0.0013542448561086,0.00314429823698535,-0.28085752366898803,0.8296271775833082
120631,0,0.0034134614517336,0.006757467271971651,-0.28085752366898803,0.8296271775833082
120635,0,0.008394008858574,0.014207459091283743,-0.28085752366898803,0.8296271775833082
120641,0,0.0220997439523965,0.03152282101776954,-0.28085752366898803,0.8296271775833082
120647,0,0.3317524533353799,0.2969591881484764,-0.28085752366898803,0.8296271775833082
120652,0,0.1348745465766932,0.1391049307665963,-0.28085752366898803,0.8296271775833082
120653,0,0.0352597429759315,0.046256581200744044,-0.28085752366898803,0.8296271775833082
120654,0,0.0089111061342895,0.014925430707308377,-0.28085752366898803,0.8296271775833082
120661,0,0.0015696698035161,0.0035531343606509105,-0.28085752366898803,0.8296271775833082
120662,0,0.0596176342358167,0.07114402602177407,-0.28085752366898803,0.8296271775833082
120676,0,0.0050291822451381,0.009308504528257178,-0.28085752366898803,0.8296271775833082
120677,0,0.0721217474609446,0.08315916974858145,-0.28085752366898803,0.8296271775833082
120678,0,0.029873685758223,0.04037499249602554,-0.28085752366898803,0.8296271775833082
120683,0,0.0414153581899618,0.05278069049758845,-0.28085752366898803,0.8296271775833082
120684,0,0.0014174912462717,0.003265424418412263,-0.28085752366898803,0.8296271775833082
120687,0,0.0219802366213247,0.03138269302627542,-0.28085752366898803,0.8296271775833082
120691,0,0.0050349917141376,0.009317386016575032,-0.28085752366898803,0.8296271775833082
120694,0,0.0896082523150487,0.09936608076682713,-0.28085752366898803,0.8296271775833082
120696,0,0.0612429324671523,0.07272953694158264,-0.28085752366898803,0.8296271775833082
120700,1,0.3388635678204519,0.30251516937903183,-0.28085752366898803,0.8296271775833082
120709,0,0.3433545155260706,0.3060244247147598,-0.28085752366898803,0.8296271775833082
120710,0,0.2838748290536224,0.25950758698096216,-0.28085752366898803,0.8296271775833082
120717,0,0.0235726952575939,0.03323883579046744,-0.28085752366898803,0.8296271775833082
120720,0,0.0204718310080316,0.029601752259093762,-0.28085752366898803,0.8296271775833082
120723,0,0.1230891636238859,0.12900024048115685,-0.28085752366898803,0.8296271775833082
120727,1,0.0606060791328748,0.07210918593498397,-0.28085752366898803,0.8296271775833082
120731,0,0.001744338063183,0.0038774727550518516,-0.28085752366898803,0.8296271775833082
120734,0,0.0224504914649428,0.03193329405522299,-0.28085752366898803,0.8296271775833082
120738,0,0.0719818088856488,0.08302687523058636,-0.28085752366898803,0.8296271775833082
120742,0,0.06481903664607,0.0761919002543825,-0.28085752366898803,0.8296271775833082
120743,0,0.1101875116928707,0.11776105405785257,-0.28085752366898803,0.8296271775833082
120745,0,0.0260204647056919,0.03604808230282921,-0.28085752366898803,0.8296271775833082
120747,0,0.8491650355254007,0.7600208906971664,-0.28085752366898803,0.8296271775833082
120748,0,0.1798019875012403,0.17653904362422007,-0.28085752366898803,0.8296271775833082
120749,0,0.0416671256501665,0.05304358146002817,-0.28085752366898803,0.8296271775833082
120752,0,0.095405169327155,0.10461348249515047,-0.28085752366898803,0.8296271775833082
120754,0,0.0971835194334789,0.10621227639132562,-0.28085752366898803,0.8296271775833082
120762,0,0.1318298278888412,0.13650796070948065,-0.28085752366898803,0.8296271775833082
120769,0,0.0168920258725029,0.025274483823952063,-0.28085752366898803,0.8296271775833082
120770,1,0.1878433659620614,0.18309733786064825,-0.28085752366898803,0.8296271775833082
120774,0,0.0758807027199727,0.0866961649178469,-0.28085752366898803,0.8296271775833082
120778,0,0.0201831679912989,0.02925825066965951,-0.28085752366898803,0.8296271775833082
120779,0,0.3126430577415558,0.28202666154894135,-0.28085752366898803,0.8296271775833082
120780,0,0.00156739711868,0.0035488742935825147,-0.28085752366898803,0.8296271775833082
120784,0,0.0727270007978299,0.08373084020039938,-0.28085752366898803,0.8296271775833082
120792,0,0.0922978673076675,0.10180770975375272,-0.28085752366898803,0.8296271775833082
120793,0,0.1668223139633386,0.16587322975082092,-0.28085752366898803,0.8296271775833082
120794,0,0.0088370266924969,0.014823040998384161,-0.28085752366898803,0.8296271775833082
120802,0,0.0322576995551637,0.043000422572688636,-0.28085752366898803,0.8296271775833082
120804,0,0.0074802791559465,0.01291896315897128,-0.28085752366898803,0.8296271775833082
120817,1,0.1774836131745898,0.1746414901106563,-0.28085752366898803,0.8296271775833082
120821,1,0.1181489579136659,0.12472006572068124,-0.28085752366898803,0.8296271775833082
120825,0,0.2499163652195673,0.23278242107345987,-0.28085752366898803,0.8296271775833082
120828,0,0.0227644743491621,0.03229974983047849,-0.28085752366898803,0.8296271775833082
120832,0,0.1678663171175569,0.1667350554537273,-0.28085752366898803,0.8296271775833082
120838,1,0.011835637348821,0.018858793979271142,-0.28085752366898803,0.8296271775833082
120842,0,0.0023719044044834,0.005000493809940209,-0.28085752366898803,0.8296271775833082
120846,0,0.0193361623558076,0.028245104431207233,-0.28085752366898803,0.8296271775833082
120862,0,0.0256872069586724,0.03566855167994683,-0.28085752366898803,0.8296271775833082
120870,0,0.0233167154421627,0.03294205421756104,-0.28085752366898803,0.8296271775833082
120873,0,0.0107172240381717,0.017377876059104205,-0.28085752366898803,0.8296271775833082
120874,0,0.0384521205517438,0.04966398086336285,-0.28085752366898803,0.8296271775833082
120876,0,0.0043383637155345,0.008238728664822875,-0.28085752366898803,0.8296271775833082
120880,0,0.0112157640050979,0.018041277373912284,-0.28085752366898803,0.8296271775833082
120881,0,0.052062445619881,0.06366688142573437,-0.28085752366898803,0.8296271775833082
120882,0,0.066678177745151,0.0779783314184494,-0.28085752366898803,0.8296271775833082
120885,0,0.1562195690214617,0.15707806466693172,-0.28085752366898803,0.8296271775833082
120888,1,0.2239879000981764,0.21219709369703393,-0.28085752366898803,0.8296271775833082
120894,0,0.0405511593315683,0.05187607432277333,-0.28085752366898803,0.8296271775833082
120897,0,0.0566565642487018,0.06823520954091082,-0.28085752366898803,0.8296271775833082
120899,0,0.053971415543989,0.06557364524837314,-0.28085752366898803,0.8296271775833082
120904,1,0.5946985891244961,0.5093092215451612,-0.28085752366898803,0.8296271775833082
120905,0,0.1089719183260288,0.1166914533486433,-0.28085752366898803,0.8296271775833082
120908,0,0.0010148431680741,0.002475948088935491,-0.28085752366898803,0.8296271775833082
120911,0,0.6291292905436444,0.5393153132314098,-0.28085752366898803,0.8296271775833082
120917,0,0.140853542654771,0.1441790875860458,-0.28085752366898803,0.8296271775833082
120921,0,0.0186722371476636,0.02744529692014359,-0.28085752366898803,0.8296271775833082
120922,0,0.3062699449472408,0.27704360386767524,-0.28085752366898803,0.8296271775833082
120927,0,0.0748885347195912,0.08576564497558241,-0.28085752366898803,0.8296271775833082
120928,0,0.0063426192928225,0.011274460197937163,-0.28085752366898803,0.8296271775833082
120933,0,0.0461103837660006,0.0576372524730013,-0.28085752366898803,0.8296271775833082
120936,1,0.1999417684440426,0.19290135156847477,-0.28085752366898803,0.8296271775833082
120939,0,0.3546711819152345,0.3148704789048393,-0.28085752366898803,0.8296271775833082
120948,0,0.3352116009426212,0.29966178926499076,-0.28085752366898803,0.8296271775833082
120953,0,0.4250691693864841,0.3701896891536067,-0.28085752366898803,0.8296271775833082
120956,0,0.0078538569291833,0.013448977033856266,-0.28085752366898803,0.8296271775833082
120960,0,0.1116431817043448,0.11903936623769644,-0.28085752366898803,0.8296271775833082
120962,0,0.079436874067481,0.09001407274617357,-0.28085752366898803,0.8296271775833082
120967,0,0.2779885466443781,0.25488912567607264,-0.28085752366898803,0.8296271775833082
120969,1,0.2591926379355943,0.24010456595623372,-0.28085752366898803,0.8296271775833082
120971,0,0.0765534337667023,0.087325878332633,-0.28085752366898803,0.8296271775833082
120973,0,0.0415277249695573,0.052898057793961506,-0.28085752366898803,0.8296271775833082
120983,0,0.0483943272000212,0.0599667768953602,-0.28085752366898803,0.8296271775833082
120984,0,0.081649311703795,0.09206513126349433,-0.28085752366898803,0.8296271775833082
120987,0,0.1514953735319319,0.15313269894367518,-0.28085752366898803,0.8296271775833082
120991,0,0.0113027644048598,0.018156498501342887,-0.28085752366898803,0.8296271775833082
120994,0,0.3146503688440269,0.283595721583659,-0.28085752366898803,0.8296271775833082
120995,0,0.2619957824557668,0.24231357488190125,-0.28085752366898803,0.8296271775833082
121000,0,0.0212736983515921,0.030551371137980912,-0.28085752366898803,0.8296271775833082
121001,0,0.0413806875539304,0.05274446522014878,-0.28085752366898803,0.8296271775833082
121005,0,0.423323393744792,0.36880825807273954,-0.28085752366898803,0.8296271775833082
121008,0,0.626319000261829,0.5368355208379809,-0.28085752366898803,0.8296271775833082
121015,0,0.0616558403156534,0.07313112605966708,-0.28085752366898803,0.8296271775833082
121022,0,0.0024798943375953,0.005188139609439561,-0.28085752366898803,0.8296271775833082
121023,0,0.0756940804694418,0.08652130263017531,-0.28085752366898803,0.8296271775833082
121032,0,0.025050198218337,0.03494057375724037,-0.28085752366898803,0.8296271775833082
121038,0,0.0351966835345399,0.0461887202769037,-0.28085752366898803,0.8296271775833082
121041,1,0.6809339393504447,0.5861459799933113,-0.28085752366898803,0.8296271775833082
121043,0,0.1127960550401711,0.12004984850703454,-0.28085752366898803,0.8296271775833082
121045,0,0.0698596694108458,0.08101501165730995,-0.28085752366898803,0.8296271775833082
121047,0,0.041422931909313,0.052788603087291996,-0.28085752366898803,0.8296271775833082
121052,0,0.0553721200561989,0.06696495987749114,-0.28085752366898803,0.8296271775833082
121057,0,0.0269523386640233,0.037104675177585936,-0.28085752366898803,0.8296271775833082
121058,0,0.0552500255118954,0.0668439392226769,-0.28085752366898803,0.8296271775833082
121060,0,0.0197393865601701,0.028728408361320453,-0.28085752366898803,0.8296271775833082
121061,1,0.0084787315345418,0.014325623253926775,-0.28085752366898803,0.8296271775833082
121063,0,0.0308673543607952,0.04147378090970726,-0.28085752366898803,0.8296271775833082
121064,0,0.1341010416018943,0.13844603081512752,-0.28085752366898803,0.8296271775833082
121069,0,0.1087769872369012,0.11651975216338739,-0.28085752366898803,0.8296271775833082
121071,0,0.009836725357692,0.0161924030783983,-0.28085752366898803,0.8296271775833082
121073,1,0.0643223140439139,0.07571306344089883,-0.28085752366898803,0.8296271775833082
121077,0,0.0428700726706447,0.05429570972871858,-0.28085752366898803,0.8296271775833082
121081,0,0.0211946100682188,0.03045800405200997,-0.28085752366898803,0.8296271775833082
121082,0,0.0056752518239036,0.010285624512436994,-0.28085752366898803,0.8296271775833082
121083,0,0.0366176525006572,0.047712572432621836,-0.28085752366898803,0.8296271775833082
121088,0,0.1422311655461115,0.1453436128686834,-0.28085752366898803,0.8296271775833082
121089,0,0.0295625540362807,0.04002957864250724,-0.28085752366898803,0.8296271775833082
121091,0,0.0056488896320305,0.01024615420045107,-0.28085752366898803,0.8296271775833082
121095,0,0.020361340055021,0.02947037580996276,-0.28085752366898803,0.8296271775833082
121098,0,0.066483169394693,0.0777913710930614,-0.28085752366898803,0.8296271775833082
121101,0,0.1004159980487887,0.10910584944149304,-0.28085752366898803,0.8296271775833082
121102,0,0.0571191348082325,0.06869138997998175,-0.28085752366898803,0.8296271775833082
121105,0,0.0737040174675149,0.08465187780637408,-0.28085752366898803,0.8296271775833082
121106,0,0.0857208191769656,0.09581467887118818,-0.28085752366898803,0.8296271775833082
121110,0,0.0388679167684892,0.05010389018096164,-0.28085752366898803,0.8296271775833082
121117,0,0.0375259627172381,0.04868096538135841,-0.28085752366898803,0.8296271775833082
121120,1,0.9370944951050928,0.8765427244641242,-0.28085752366898803,0.8296271775833082
121122,0,0.0265035512746293,0.03659667231727816,-0.28085752366898803,0.8296271775833082
121123,0,0.179250961707669,0.17608832056450716,-0.28085752366898803,0.8296271775833082
121126,0,0.0092067283189492,0.015332527076831342,-0.28085752366898803,0.8296271775833082
121134,0,0.2955705018636228,0.26867158874824515,-0.28085752366898803,0.8296271775833082
121135,0,0.0288493399368755,0.039235251301820796,-0.28085752366898803,0.8296271775833082
121136,0,0.0423888544018932,0.053795597371795206,-0.28085752366898803,0.8296271775833082
121139,1,0.8313987269745456,0.7394039955094366,-0.28085752366898803,0.8296271775833082
121142,0,0.1149950275575146,0.1219726039302251,-0.28085752366898803,0.8296271775833082
121146,0,0.0116176259292178,0.018572170450168065,-0.28085752366898803,0.8296271775833082
121147,0,0.0055965524112517,0.010167696378525961,-0.28085752366898803,0.8296271775833082
121149,0,0.0295493600669916,0.04001491622581698,-0.28085752366898803,0.8296271775833082
121154,0,0.0269374153281998,0.03708780778204396,-0.28085752366898803,0.8296271775833082
121156,1,0.0141047820480913,0.02178912723346956,-0.28085752366898803,0.8296271775833082
121162,0,0.0058329729861802,0.010521097647429683,-0.28085752366898803,0.8296271775833082
121169,0,0.0071480100656971,0.012443582298720642,-0.28085752366898803,0.8296271775833082
121172,0,0.2331317029901379,0.21947915729104106,-0.28085752366898803,0.8296271775833082
121174,0,0.1050136532927455,0.11319484297728019,-0.28085752366898803,0.8296271775833082
121175,0,0.0318264167717913,0.04252817410137519,-0.28085752366898803,0.8296271775833082
121176,0,0.0724224523462969,0.08344329539282834,-0.28085752366898803,0.8296271775833082
121177,0,0.0016107924469572,0.003630034302421515,-0.28085752366898803,0.8296271775833082
121178,0,0.1014065968250076,0.1099894443522957,-0.28085752366898803,0.8296271775833082
121182,0,0.0223390306446676,0.031802981355795394,-0.28085752366898803,0.8296271775833082
121185,0,0.0063932006089772,0.011348630955846926,-0.28085752366898803,0.8296271775833082
121187,0,0.2053100219071228,0.19722953706119015,-0.28085752366898803,0.8296271775833082
121188,0,0.0004776954317436,0.00132603351881274,-0.28085752366898803,0.8296271775833082
121192,0,0.0163938235030079,0.024659667602010625,-0.28085752366898803,0.8296271775833082
121197,0,0.0596514297116817,0.07117707263803379,-0.28085752366898803,0.8296271775833082
121199,0,0.000462340215396,0.001290602341281591,-0.28085752366898803,0.8296271775833082
121201,0,0.3619132636503177,0.32053507332226555,-0.28085752366898803,0.8296271775833082
121203,0,0.0114951812499848,0.01841076615718255,-0.28085752366898803,0.8296271775833082
121204,0,0.0386059639840809,0.04982684698570018,-0.28085752366898803,0.8296271775833082
121205,0,0.0424052440769257,0.05381264754565574,-0.28085752366898803,0.8296271775833082
121207,0,0.0105854113276629,0.01720155560940807,-0.28085752366898803,0.8296271775833082
121211,1,0.3629076210758834,0.3213131175515397,-0.28085752366898803,0.8296271775833082
121213,0,0.0011717702377845,0.002789116288140126,-0.28085752366898803,0.8296271775833082
121215,0,0.0028138701148191,0.0057597687742407255,-0.28085752366898803,0.8296271775833082
121219,0,0.0366840844948551,0.047783546535316315,-0.28085752366898803,0.8296271775833082
121220,0,0.0307080963375215,0.0412981160879645,-0.28085752366898803,0.8296271775833082
121228,0,0.0005524155313078,0.0014957856354178573,-0.28085752366898803,0.8296271775833082
121235,0,0.009324378623688,0.015493887228756732,-0.28085752366898803,0.8296271775833082
121237,0,0.0362260516383575,0.04729371627836427,-0.28085752366898803,0.8296271775833082
121240,0,0.0259694194589091,0.03599000734502447,-0.28085752366898803,0.8296271775833082
121242,0,0.0121595126656866,0.019282851652704235,-0.28085752366898803,0.8296271775833082
121245,0,0.0136049797295815,0.02115150237215107,-0.28085752366898803,0.8296271775833082
121246,0,0.0303292074376607,0.040879521226223084,-0.28085752366898803,0.8296271775833082
121249,0,0.1875295848177343,0.18284208504859556,-0.28085752366898803,0.8296271775833082
121253,0,0.018326354858599,0.02702658102793228,-0.28085752366898803,0.8296271775833082
121254,0,0.0207920736067083,0.029981801614058248,-0.28085752366898803,0.8296271775833082
121260,0,0.0160300019844189,0.02420854508900275,-0.28085752366898803,0.8296271775833082
121261,0,0.0132769679398319,0.020730742475554998,-0.28085752366898803,0.8296271775833082
121269,0,0.1128367745116342,0.12008550796155673,-0.28085752366898803,0.8296271775833082
121272,1,0.1397142794381261,0.14321477069505015,-0.28085752366898803,0.8296271775833082
121277,0,0.3502996650698099,0.31145266502102004,-0.28085752366898803,0.8296271775833082
121284,0,0.2127508252649885,0.20320842741327605,-0.28085752366898803,0.8296271775833082
121286,0,0.0027670235036069,0.005680333609376227,-0.28085752366898803,0.8296271775833082
121287,0,0.0513005425316166,0.06290233881716215,-0.28085752366898803,0.8296271775833082
121291,0,0.0644579877509821,0.07584391729113578,-0.28085752366898803,0.8296271775833082
121293,0,0.1011626536875935,0.10977198623217152,-0.28085752366898803,0.8296271775833082
121294,0,0.1313501200400027,0.13609796526929108,-0.28085752366898803,0.8296271775833082
121295,0,0.0376694894411742,0.048833591371727283,-0.28085752366898803,0.8296271775833082
121296,0,0.0375382584792429,0.04869404484410631,-0.28085752366898803,0.8296271775833082
121299,0,0.0534828747940659,0.06508684917968816,-0.28085752366898803,0.8296271775833082
121303,0,0.0161851371107888,0.02440113052658,-0.28085752366898803,0.8296271775833082
121304,0,0.0414740901141081,0.0528420433408571,-0.28085752366898803,0.8296271775833082
121309,0,0.041426317911771,0.05279214050390786,-0.28085752366898803,0.8296271775833082
121311,0,0.0075362110313876,0.012998611603438435,-0.28085752366898803,0.8296271775833082
121313,0,0.0332059868164375,0.04403474785582181,-0.28085752366898803,0.8296271775833082
121315,0,0.1205010443593106,0.12676137770520382,-0.28085752366898803,0.8296271775833082
121317,0,0.1317572443982148,0.13644593996971274,-0.28085752366898803,0.8296271775833082
121319,0,0.013633234251782,0.021187659791575435,-0.28085752366898803,0.8296271775833082
121321,1,0.3685518094532454,0.3257309457845451,-0.28085752366898803,0.8296271775833082
121322,0,0.062757920200325,0.0742006444060731,-0.28085752366898803,0.8296271775833082
121325,0,0.1224762574811426,0.1284707220365894,-0.28085752366898803,0.8296271775833082
121326,0,0.0283078613205905,0.03862979016847388,-0.28085752366898803,0.8296271775833082
121329,1,0.0828709002262974,0.09319345727570312,-0.28085752366898803,0.8296271775833082
121334,0,0.007870984728376,0.013473167837211888,-0.28085752366898803,0.8296271775833082
121335,0,0.0476946418901129,0.05925529771740742,-0.28085752366898803,0.8296271775833082
121336,1,0.048985603977597,0.060566562141921396,-0.28085752366898803,0.8296271775833082
121340,0,0.001545670369913,0.0035080939413446,-0.28085752366898803,0.8296271775833082
121341,0,0.1240059759518363,0.12979154314550365,-0.28085752366898803,0.8296271775833082
121345,0,0.0119707018871701,0.019035888153704054,-0.28085752366898803,0.8296271775833082
121346,0,0.040843773275021,0.052182764216246375,-0.28085752366898803,0.8296271775833082
121348,0,0.1439662855681445,0.14680796310668826,-0.28085752366898803,0.8296271775833082
121349,0,0.1206178140972549,0.12686255279880576,-0.28085752366898803,0.8296271775833082
121350,0,0.0029957885550273,0.006066088186732304,-0.28085752366898803,0.8296271775833082
121351,0,0.0143700516771591,0.022125880426238854,-0.28085752366898803,0.8296271775833082
121353,0,0.0767958392217231,0.08755254466448674,-0.28085752366898803,0.8296271775833082
121358,0,0.6332056992833112,0.5429226039625503,-0.28085752366898803,0.8296271775833082
121361,0,0.0007539203523273,0.0019355295483271771,-0.28085752366898803,0.8296271775833082
121364,0,0.0175127214664204,0.026035882659599375,-0.28085752366898803,0.8296271775833082
121367,0,0.2009634791203858,0.19372610197766948,-0.28085752366898803,0.8296271775833082
121368,0,0.0247732287326952,0.034622998837978765,-0.28085752366898803,0.8296271775833082
121371,0,0.0149678370558059,0.022880673186402193,-0.28085752366898803,0.8296271775833082
121378,0,0.0074189245631335,0.012831470460433774,-0.28085752366898803,0.8296271775833082
121381,0,0.6288030089949005,0.5390271085796718,-0.28085752366898803,0.8296271775833082
121382,0,0.0233576730257729,0.03298958004804372,-0.28085752366898803,0.8296271775833082
121383,0,0.1294630133454357,0.134482851451015,-0.28085752366898803,0.8296271775833082
121391,0,0.125325853780288,0.1309291209022073,-0.28085752366898803,0.8296271775833082
121395,1,0.1175563995589711,0.12420478152040638,-0.28085752366898803,0.8296271775833082
121398,0,0.0867095130608365,0.09672049196702392,-0.28085752366898803,0.8296271775833082
121405,0,0.002271292682027,0.004824324119304514,-0.28085752366898803,0.8296271775833082
121406,0,0.0365464913303947,0.04763651966338311,-0.28085752366898803,0.8296271775833082
121410,0,0.1846848187357286,0.18052555129972397,-0.28085752366898803,0.8296271775833082
121414,0,0.0143017418659945,0.022039271146022846,-0.28085752366898803,0.8296271775833082
121415,0,0.1710735575108424,0.16937818960273088,-0.28085752366898803,0.8296271775833082
121417,0,0.0295438142133362,0.04000875277827846,-0.28085752366898803,0.8296271775833082
121422,0,0.0353621412080271,0.0463667289551366,-0.28085752366898803,0.8296271775833082
121424,0,0.0060913506937414,0.010904431368710776,-0.28085752366898803,0.8296271775833082
121425,0,0.0469885448971832,0.058535370398898806,-0.28085752366898803,0.8296271775833082
121428,0,0.0369988515657299,0.048119516112278306,-0.28085752366898803,0.8296271775833082
121432,0,0.0254651833000022,0.03541520045318227,-0.28085752366898803,0.8296271775833082
121435,0,0.0309792172629083,0.04159706871917385,-0.28085752366898803,0.8296271775833082
121441,0,0.000448945238206,0.0012595290901471017,-0.28085752366898803,0.8296271775833082
121442,1,0.4692369084512378,0.40538564687800366,-0.28085752366898803,0.8296271775833082
121443,0,0.0202188233538702,0.029300727861483758,-0.28085752366898803,0.8296271775833082
121453,0,0.0028622915858429,0.005841631786208119,-0.28085752366898803,0.8296271775833082
121457,0,0.1733354341333979,0.17123829855075906,-0.28085752366898803,0.8296271775833082
121460,1,0.074802669577304,0.08568501338545387,-0.28085752366898803,0.8296271775833082
121461,0,0.0166152234651305,0.02493330323484585,-0.28085752366898803,0.8296271775833082
121462,1,0.0960406069401341,0.10518533485844868,-0.28085752366898803,0.8296271775833082
121464,0,0.0291552635179065,0.03957640254308956,-0.28085752366898803,0.8296271775833082
121465,0,0.4873162898826255,0.41995513782307575,-0.28085752366898803,0.8296271775833082
121468,0,0.1861161309729322,0.18169163107592334,-0.28085752366898803,0.8296271775833082
121473,1,0.0354461460596548,0.046457047719266134,-0.28085752366898803,0.8296271775833082
121475,0,0.0032978696244798,0.006567690082109656,-0.28085752366898803,0.8296271775833082
121476,0,0.006966720579332,0.012182557283861372,-0.28085752366898803,0.8296271775833082
121480,1,0.0707626217864324,0.08187234765456156,-0.28085752366898803,0.8296271775833082
121481,0,0.013637490996475,0.021193105989506328,-0.28085752366898803,0.8296271775833082
121483,0,0.0017814622760891,0.003945664644334223,-0.28085752366898803,0.8296271775833082
121484,0,0.2501514661931819,0.23296823843596096,-0.28085752366898803,0.8296271775833082
121485,0,0.0116096535517602,0.01856167076426594,-0.28085752366898803,0.8296271775833082
121488,0,0.0024764726282863,0.005182216140037313,-0.28085752366898803,0.8296271775833082
121489,0,0.2661989358161079,0.2456229729971946,-0.28085752366898803,0.8296271775833082
121490,0,0.0020026732659494,0.004347081610787379,-0.28085752366898803,0.8296271775833082
121494,0,0.0846167641756713,0.09480103916490547,-0.28085752366898803,0.8296271775833082
121505,0,0.1275543233510465,0.1328455580604028,-0.28085752366898803,0.8296271775833082
121506,0,0.1465910855728858,0.14901823910882545,-0.28085752366898803,0.8296271775833082
121508,0,0.0173842410049932,0.02587868539535118,-0.28085752366898803,0.8296271775833082
121519,0,0.003545635991618,0.00697309505613911,-0.28085752366898803,0.8296271775833082
121520,0,0.1078208477708432,0.11567682233202428,-0.28085752366898803,0.8296271775833082
121521,0,0.0026365866347141,0.0054579042501592765,-0.28085752366898803,0.8296271775833082
121525,0,0.0431763263192897,0.05461345386122493,-0.28085752366898803,0.8296271775833082
121530,0,0.0333174528798297,0.044155969340169715,-0.28085752366898803,0.8296271775833082
121533,0,0.0096487180223187,0.015936855925531936,-0.28085752366898803,0.8296271775833082
121534,0,0.0048461676467921,0.009027771897566459,-0.28085752366898803,0.8296271775833082
121540,0,0.0309020612375672,0.04151204124840531,-0.28085752366898803,0.8296271775833082
121543,0,0.4870414532395738,0.4197328396008708,-0.28085752366898803,0.8296271775833082
121544,0,0.1205883080430789,0.12683698875898802,-0.28085752366898803,0.8296271775833082
121550,0,0.0070828944085012,0.01234996431791045,-0.28085752366898803,0.8296271775833082
121551,0,0.0316770991650033,0.04236440098476262,-0.28085752366898803,0.8296271775833082
121554,0,0.0146731587084055,0.02250929391457626,-0.28085752366898803,0.8296271775833082
121556,0,0.0806132309689538,0.09110584690245424,-0.28085752366898803,0.8296271775833082
121558,0,0.0178898637884839,0.026496117274657033,-0.28085752366898803,0.8296271775833082
121565,0,0.0311770032195027,0.04181485597344619,-0.28085752366898803,0.8296271775833082
121569,0,0.044334441649368,0.05581133352473831,-0.28085752366898803,0.8296271775833082
121570,0,0.0049575818947152,0.009198892671471524,-0.28085752366898803,0.8296271775833082
121571,0,0.0162814021941544,0.02452046595347827,-0.28085752366898803,0.8296271775833082
121576,0,0.0040453972261069,0.007776161268446065,-0.28085752366898803,0.8296271775833082
121578,0,0.0584967921044196,0.07004609596358087,-0.28085752366898803,0.8296271775833082
121579,0,0.0025845027425331,0.005368554331631419,-0.28085752366898803,0.8296271775833082
121580,0,0.0352272513676203,0.04622161838805484,-0.28085752366898803,0.8296271775833082
121581,0,0.0058244605456595,0.010508417873450939,-0.28085752366898803,0.8296271775833082
121585,0,0.0116070784808882,0.01855827909766865,-0.28085752366898803,0.8296271775833082
121587,0,0.0090573887769838,0.015127171306484142,-0.28085752366898803,0.8296271775833082
121588,0,0.059951293469537,0.07147014459269317,-0.28085752366898803,0.8296271775833082
121592,0,0.0424077323716954,0.0538152360127149,-0.28085752366898803,0.8296271775833082
121597,1,0.0426675151799548,0.05408532478861305,-0.28085752366898803,0.8296271775833082
121604,0,0.0309321812609358,0.041545238732027034,-0.28085752366898803,0.8296271775833082
121606,0,0.1727215066557058,0.1707337366140287,-0.28085752366898803,0.8296271775833082
121607,0,0.0672401221109649,0.07851654043793999,-0.28085752366898803,0.8296271775833082
121610,0,0.0005154816746517,0.0014124068414168016,-0.28085752366898803,0.8296271775833082
121618,0,0.1629621061033137,0.16268026044926134,-0.28085752366898803,0.8296271775833082
121621,0,0.0452155314670357,0.056718852182673245,-0.28085752366898803,0.8296271775833082
121623,1,0.6701848169242148,0.5762421111539502,-0.28085752366898803,0.8296271775833082
121625,0,0.2662945346980455,0.24569820519236454,-0.28085752366898803,0.8296271775833082
121631,0,0.0017443203343179,0.0038774401298380685,-0.28085752366898803,0.8296271775833082
121634,0,0.0210111859224783,0.030241218901251834,-0.28085752366898803,0.8296271775833082
121635,0,0.0099560818156158,0.016354182190169857,-0.28085752366898803,0.8296271775833082
121638,0,0.0022725914502654,0.004826606792087539,-0.28085752366898803,0.8296271775833082
121644,0,0.046287553794532,0.0578186978675381,-0.28085752366898803,0.8296271775833082
121645,0,0.0301170715551561,0.04064473670302831,-0.28085752366898803,0.8296271775833082
121647,0,0.0457904245416359,0.05730924983933541,-0.28085752366898803,0.8296271775833082
121648,0,0.071137516034428,0.08222773175095895,-0.28085752366898803,0.8296271775833082
121649,0,0.1779675953049642,0.17503788125949568,-0.28085752366898803,0.8296271775833082
121650,0,0.0916194856619201,0.10119303571737295,-0.28085752366898803,0.8296271775833082
121653,0,0.0431863517895113,0.05462384851386477,-0.28085752366898803,0.8296271775833082
121657,0,0.0175170998779545,0.026041235993976446,-0.28085752366898803,0.8296271775833082
121662,0,0.0541149199159435,0.06571648531262933,-0.28085752366898803,0.8296271775833082
121664,0,0.0293370531172648,0.03977881491639944,-0.28085752366898803,0.8296271775833082
121669,0,0.0135208285563566,0.02104373325785805,-0.28085752366898803,0.8296271775833082
121670,1,0.3615120283650405,0.32022114365728604,-0.28085752366898803,0.8296271775833082
121671,0,0.2228611170103767,0.21129781855470434,-0.28085752366898803,0.8296271775833082
121673,0,0.0042280706115785,0.00806525169719,-0.28085752366898803,0.8296271775833082
121674,0,0.0044198818853957,0.008366446903990313,-0.28085752366898803,0.8296271775833082
121675,0,0.0490852888604661,0.06066755144486901,-0.28085752366898803,0.8296271775833082
121682,0,0.131831873371257,0.13650970844605684,-0.28085752366898803,0.8296271775833082
121687,0,0.2773303880529037,0.25437242213001443,-0.28085752366898803,0.8296271775833082
121693,0,0.005179673773141,0.009537997487890923,-0.28085752366898803,0.8296271775833082
121694,0,0.1027087369680567,0.1111487403325995,-0.28085752366898803,0.8296271775833082
121695,0,0.1388655703921277,0.1424956267511793,-0.28085752366898803,0.8296271775833082
121696,0,0.0240535718997673,0.03379477699693592,-0.28085752366898803,0.8296271775833082
121700,1,0.310721657271214,0.2805245767297986,-0.28085752366898803,0.8296271775833082
121710,0,0.0231944993487607,0.03280014791293388,-0.28085752366898803,0.8296271775833082
121711,0,0.005759072784431,0.010410909095287283,-0.28085752366898803,0.8296271775833082
121719,1,0.4292207620184467,0.37347746063019477,-0.28085752366898803,0.8296271775833082
121728,1,0.1377413984402354,0.1415420566249155,-0.28085752366898803,0.8296271775833082
121730,0,0.0932400904490376,0.10266017264596347,-0.28085752366898803,0.8296271775833082
121731,0,0.2708731464929113,0.2492994678892428,-0.28085752366898803,0.8296271775833082
121737,0,0.0047999611900264,0.008956600466101717,-0.28085752366898803,0.8296271775833082
121738,0,0.0030525789895713,0.006161039422289921,-0.28085752366898803,0.8296271775833082
121747,0,0.0186846603869089,0.027460309767462776,-0.28085752366898803,0.8296271775833082
121753,0,0.0341741445898318,0.045085181795593725,-0.28085752366898803,0.8296271775833082
121758,0,0.0119579315907532,0.019019159440856637,-0.28085752366898803,0.8296271775833082
121763,0,0.0098997134194252,0.016277822479127697,-0.28085752366898803,0.8296271775833082
121764,0,0.0019322633950118,0.004220191731249427,-0.28085752366898803,0.8296271775833082
121773,0,0.0378596859164374,0.049035682096797685,-0.28085752366898803,0.8296271775833082
121774,0,0.3237926356703899,0.2907401476850132,-0.28085752366898803,0.8296271775833082
121775,0,0.0442296574248124,0.055703188493999606,-0.28085752366898803,0.8296271775833082
121776,0,0.0452539639891809,0.056758363710471355,-0.28085752366898803,0.8296271775833082
121778,0,0.0058043839194128,0.010478499557424295,-0.28085752366898803,0.8296271775833082
121780,0,0.1097809444235879,0.11740353141400235,-0.28085752366898803,0.8296271775833082
121782,1,0.0872788353289586,0.09724127998785223,-0.28085752366898803,0.8296271775833082
121783,0,0.1333945660951737,0.13784372312808452,-0.28085752366898803,0.8296271775833082
121785,0,0.3192705794430767,0.28720660291158534,-0.28085752366898803,0.8296271775833082
121786,0,0.8225541907757856,0.7294003658872419,-0.28085752366898803,0.8296271775833082
121789,0,0.0285962777078576,0.038952547886182604,-0.28085752366898803,0.8296271775833082
121791,0,0.0209812921838048,0.030205855478843958,-0.28085752366898803,0.8296271775833082
121796,0,0.0567634381485241,0.0683406665620194,-0.28085752366898803,0.8296271775833082
121809,0,0.0040370016659556,0.007762820336368407,-0.28085752366898803,0.8296271775833082
121812,0,0.057133637098408,0.06870568112726676,-0.28085752366898803,0.8296271775833082
121814,0,0.2577546434114287,0.2389707329892694,-0.28085752366898803,0.8296271775833082
121816,1,0.1567469756863834,0.15751746843416511,-0.28085752366898803,0.8296271775833082
121818,0,0.0309689170843396,0.04158571996274623,-0.28085752366898803,0.8296271775833082
121827,0,0.0294890982106304,0.03994793216458382,-0.28085752366898803,0.8296271775833082
121828,0,0.0211161651841385,0.030365333734926975,-0.28085752366898803,0.8296271775833082
121830,0,0.0104182662881266,0.016977403979413924,-0.28085752366898803,0.8296271775833082
121836,0,0.0013449471738178,0.003126410156193437,-0.28085752366898803,0.8296271775833082
121838,0,0.0493216852599773,0.0609068923455856,-0.28085752366898803,0.8296271775833082
121840,0,0.0620357033167587,0.07350015004567328,-0.28085752366898803,0.8296271775833082
121841,0,0.2918472065906008,0.2657558619453615,-0.28085752366898803,0.8296271775833082
121842,0,0.0079958186459931,0.013649197514735823,-0.28085752366898803,0.8296271775833082
121846,1,0.1696008812742269,0.16816535973217236,-0.28085752366898803,0.8296271775833082
121847,0,0.0870660198017048,0.09704667550538808,-0.28085752366898803,0.8296271775833082
121848,0,0.0206113308538223,0.029767436581722647,-0.28085752366898803,0.8296271775833082
121850,0,0.0090255110783552,0.015083258292265644,-0.28085752366898803,0.8296271775833082
121854,0,0.0014888101236208,0.0034008940405378927,-0.28085752366898803,0.8296271775833082
121864,1,0.1268935438322737,0.13227785028380337,-0.28085752366898803,0.8296271775833082
121865,0,0.0369325462370283,0.04804878812776657,-0.28085752366898803,0.8296271775833082
121866,0,0.0066573887795543,0.011734356898995,-0.28085752366898803,0.8296271775833082
121872,0,0.2402304288225335,0.2251148628145968,-0.28085752366898803,0.8296271775833082
121876,0,0.016694018812216,0.025030529003020684,-0.28085752366898803,0.8296271775833082
121877,0,0.0296127838367727,0.040085387905564575,-0.28085752366898803,0.8296271775833082
121883,0,0.099137006275839,0.10796285083323433,-0.28085752366898803,0.8296271775833082
121891,0,0.1645911814695626,0.16402898626454607,-0.28085752366898803,0.8296271775833082
121893,0,0.0247180292116633,0.03455962934992764,-0.28085752366898803,0.8296271775833082
121894,0,0.0439649774868107,0.05542981085657405,-0.28085752366898803,0.8296271775833082
121897,0,0.0249350062288381,0.03480857228724771,-0.28085752366898803,0.8296271775833082
121899,0,0.0859024121364499,0.09598118374507594,-0.28085752366898803,0.8296271775833082
121906,0,0.0234315472138739,0.033075262759794034,-0.28085752366898803,0.8296271775833082
121907,0,0.0907804144563984,0.10043168653064483,-0.28085752366898803,0.8296271775833082
121913,0,0.0011131109558094,0.002672957408601179,-0.28085752366898803,0.8296271775833082
121917,0,0.0348586315679904,0.0458245475823245,-0.28085752366898803,0.8296271775833082
121919,0,0.0017857886307919,0.00395359539919543,-0.28085752366898803,0.8296271775833082
121920,0,0.00725960402529,0.01260367115208873,-0.28085752366898803,0.8296271775833082
121923,0,0.1152386303385758,0.12218523986839812,-0.28085752366898803,0.8296271775833082
121927,0,0.3798985946256143,0.334621248895272,-0.28085752366898803,0.8296271775833082
121928,0,0.2331285128099379,0.21947662126260442,-0.28085752366898803,0.8296271775833082
121931,0,0.0872548199927412,0.09721932378540057,-0.28085752366898803,0.8296271775833082
121944,0,0.0346009405093374,0.045546510884994416,-0.28085752366898803,0.8296271775833082
121945,0,0.079663035462515,0.09022419057599793,-0.28085752366898803,0.8296271775833082
121948,0,0.0019519345494543,0.0042557220413406375,-0.28085752366898803,0.8296271775833082
121961,0,0.0319647173501558,0.04267973815355492,-0.28085752366898803,0.8296271775833082
121962,1,0.7723014347928263,0.6753337992081235,-0.28085752366898803,0.8296271775833082
121964,0,0.0198846065010702,0.02890202686242571,-0.28085752366898803,0.8296271775833082
121972,0,0.0436740388795205,0.05512896497004548,-0.28085752366898803,0.8296271775833082
121974,0,0.0369512726342593,0.04806876595397536,-0.28085752366898803,0.8296271775833082
121975,1,0.0295818370493536,0.04005100563971658,-0.28085752366898803,0.8296271775833082
121976,0,0.2175725717341891,0.2070710919205701,-0.28085752366898803,0.8296271775833082
121979,0,0.0132558467912307,0.020703585229112503,-0.28085752366898803,0.8296271775833082
121981,0,0.0449395920656876,0.056434985516116684,-0.28085752366898803,0.8296271775833082
121982,0,0.0242832796720053,0.03405962357600132,-0.28085752366898803,0.8296271775833082
121985,1,0.2632760892489325,0.24332199610161578,-0.28085752366898803,0.8296271775833082
121987,0,0.0968157987649656,0.105882091814469,-0.28085752366898803,0.8296271775833082
121989,0,0.0273403644070982,0.037542652364778356,-0.28085752366898803,0.8296271775833082
121993,0,0.0279228131617834,0.03819795453755089,-0.28085752366898803,0.8296271775833082
121995,0,0.0380634161031271,0.04925194698333389,-0.28085752366898803,0.8296271775833082
121997,0,0.0701073468127124,0.08125037120481063,-0.28085752366898803,0.8296271775833082
122001,0,0.0300524436612493,0.04057314872843041,-0.28085752366898803,0.8296271775833082
122004,0,0.0557727791017948,0.06736175683504833,-0.28085752366898803,0.8296271775833082
122012,0,0.2810234955696584,0.25727098232021844,-0.28085752366898803,0.8296271775833082
122013,0,0.0518361505472897,0.06344001556097481,-0.28085752366898803,0.8296271775833082
122018,0,0.0003673094384755,0.0010664766427989083,-0.28085752366898803,0.8296271775833082
122021,0,0.0689682877532349,0.08016673067462222,-0.28085752366898803,0.8296271775833082
122023,0,0.0598334023226137,0.07135495516202127,-0.28085752366898803,0.8296271775833082
122033,0,0.027860144626228,0.03812756831424212,-0.28085752366898803,0.8296271775833082
122035,0,0.0051019669534226,0.009419647326207335,-0.28085752366898803,0.8296271775833082
122036,0,0.0264410295125791,0.03652577672031588,-0.28085752366898803,0.8296271775833082
122037,1,0.5186914647029869,0.44551698166838766,-0.28085752366898803,0.8296271775833082
122038,0,0.0132880845443297,0.020745032899133767,-0.28085752366898803,0.8296271775833082
122039,0,0.1290715308871128,0.1341473405852132,-0.28085752366898803,0.8296271775833082
122041,0,0.026980385251621,0.037136370765689125,-0.28085752366898803,0.8296271775833082
122043,0,0.0535428879433093,0.06514669124579368,-0.28085752366898803,0.8296271775833082
122047,0,0.1999774105592473,0.1929301307754645,-0.28085752366898803,0.8296271775833082
122052,0,0.0479876254772559,0.05955344935179246,-0.28085752366898803,0.8296271775833082
122054,0,0.0267184526323592,0.03684012368868461,-0.28085752366898803,0.8296271775833082
122056,0,0.033987900744224,0.044883538417406756,-0.28085752366898803,0.8296271775833082
122062,0,0.0235295780311443,0.033188887315115836,-0.28085752366898803,0.8296271775833082
122063,0,0.0066885401946216,0.011779658178985318,-0.28085752366898803,0.8296271775833082
122074,0,0.0384961978528695,0.04971065539447506,-0.28085752366898803,0.8296271775833082
122077,0,0.0635376546460976,0.0749553066571573,-0.28085752366898803,0.8296271775833082
122078,0,0.0636308882507625,0.07504543098320644,-0.28085752366898803,0.8296271775833082
122093,0,0.0003652711616503,0.0010615679194720846,-0.28085752366898803,0.8296271775833082
122095,0,0.002810161619534,0.0057534889591902795,-0.28085752366898803,0.8296271775833082
122097,0,0.0069677972674127,0.012184111065065352,-0.28085752366898803,0.8296271775833082
122101,0,0.0527190988952419,0.06432418257777012,-0.28085752366898803,0.8296271775833082
122107,0,0.0539571839583186,0.065559475799284,-0.28085752366898803,0.8296271775833082
122111,0,0.020472499408792,0.029602546610043586,-0.28085752366898803,0.8296271775833082
122112,0,0.0131023968391688,0.020506046066870783,-0.28085752366898803,0.8296271775833082
122113,0,0.0244578238677441,0.03426056196150564,-0.28085752366898803,0.8296271775833082
122116,0,0.0029508120469483,0.005990665819766619,-0.28085752366898803,0.8296271775833082
122121,1,0.127854459247623,0.1331032681647068,-0.28085752366898803,0.8296271775833082
122127,0,0.0030025752164794,0.006077451663490485,-0.28085752366898803,0.8296271775833082
122128,0,0.0002496407271771,0.0007742722033068773,-0.28085752366898803,0.8296271775833082
122129,0,0.048885797127958,0.060465411838081476,-0.28085752366898803,0.8296271775833082
122136,0,0.0159520970464821,0.02411170616265152,-0.28085752366898803,0.8296271775833082
122139,0,0.0545067444312514,0.06610614762214176,-0.28085752366898803,0.8296271775833082
122143,0,0.0133785260481077,0.020861215628127074,-0.28085752366898803,0.8296271775833082
122150,0,0.0906757898939043,0.10033666907517073,-0.28085752366898803,0.8296271775833082
122152,0,0.0026501241829546,0.005481077249337093,-0.28085752366898803,0.8296271775833082
122153,0,0.4487312576645619,0.38898200034618385,-0.28085752366898803,0.8296271775833082
122154,1,0.1080923545884015,0.11591630630947197,-0.28085752366898803,0.8296271775833082
122156,1,0.5638984074397172,0.4830953783852009,-0.28085752366898803,0.8296271775833082
122158,0,0.0034320029370131,0.006787802710587216,-0.28085752366898803,0.8296271775833082
122159,0,0.2449167173357555,0.22882762758854688,-0.28085752366898803,0.8296271775833082
122179,0,0.005892250751454,0.010609304713578387,-0.28085752366898803,0.8296271775833082
122187,0,0.0517847486774183,0.06338845902868047,-0.28085752366898803,0.8296271775833082
122188,0,0.0078576841253884,0.013454383269786752,-0.28085752366898803,0.8296271775833082
122193,0,0.0756121323338821,0.08644449449367558,-0.28085752366898803,0.8296271775833082
122196,0,0.0007938234626265,0.0020200391821272555,-0.28085752366898803,0.8296271775833082
122199,0,0.141414394920596,0.14465338765321947,-0.28085752366898803,0.8296271775833082
122207,0,0.0212204414075786,0.030488506024777623,-0.28085752366898803,0.8296271775833082
122209,0,0.0190285609467969,0.02787517982327761,-0.28085752366898803,0.8296271775833082
122210,0,0.0014718177634773,0.0033687212145102983,-0.28085752366898803,0.8296271775833082
122214,0,0.0335852103253223,0.044446857917316465,-0.28085752366898803,0.8296271775833082
122215,0,0.007401800726464,0.012807028603918625,-0.28085752366898803,0.8296271775833082
122216,0,0.0379561061388435,0.04913806113421941,-0.28085752366898803,0.8296271775833082
122217,0,0.0127447329240345,0.02004398506852296,-0.28085752366898803,0.8296271775833082
122219,0,0.0928513725745511,0.10230866427891307,-0.28085752366898803,0.8296271775833082
122222,0,0.048239486289169,0.05980948815449233,-0.28085752366898803,0.8296271775833082
122227,0,0.0253964127081621,0.03533664451518974,-0.28085752366898803,0.8296271775833082
122233,0,0.0002587902960539,0.0007977300593617404,-0.28085752366898803,0.8296271775833082
122234,0,0.0592150176104464,0.07075007088132468,-0.28085752366898803,0.8296271775833082
122237,0,0.0427449646356465,0.05416578861531416,-0.28085752366898803,0.8296271775833082
122239,0,0.0149669570615273,0.022879566124068024,-0.28085752366898803,0.8296271775833082
122241,0,0.0118640241534202,0.018896044327692135,-0.28085752366898803,0.8296271775833082
122252,0,0.2799141473471543,0.2564005058360526,-0.28085752366898803,0.8296271775833082
122254,0,0.0085530695941752,0.014429130095350204,-0.28085752366898803,0.8296271775833082
122258,0,0.5864377639662143,0.5022241975029791,-0.28085752366898803,0.8296271775833082
122260,0,0.0323320930353119,0.0430817650829797,-0.28085752366898803,0.8296271775833082
122264,0,0.0017154913828958,0.0038243115348181255,-0.28085752366898803,0.8296271775833082
122265,0,0.0018452399662816,0.004062243266303304,-0.28085752366898803,0.8296271775833082
122266,0,0.0201789556822511,0.029253231529883822,-0.28085752366898803,0.8296271775833082
122269,0,0.069393757348687,0.08057186903785364,-0.28085752366898803,0.8296271775833082
122271,0,0.0323476225592472,0.04309874088020726,-0.28085752366898803,0.8296271775833082
122276,0,0.0134104126253802,0.020902143813526588,-0.28085752366898803,0.8296271775833082
122283,0,0.0435696058017049,0.05502088656025198,-0.28085752366898803,0.8296271775833082
122289,0,0.0201174143412191,0.029179880690592533,-0.28085752366898803,0.8296271775833082
122291,1,0.0299971924654375,0.04051192492152645,-0.28085752366898803,0.8296271775833082
122294,0,0.0072848317157035,0.012639801005757343,-0.28085752366898803,0.8296271775833082
122295,0,0.278835575533487,0.2555540135516176,-0.28085752366898803,0.8296271775833082
122297,0,0.0206100708912445,0.02976594103766861,-0.28085752366898803,0.8296271775833082
122301,0,0.0045828407632459,0.00862052849083073,-0.28085752366898803,0.8296271775833082
122302,0,0.0007929110666999,0.0020181151518802506,-0.28085752366898803,0.8296271775833082
122303,0,0.0800142500903634,0.09055028419741712,-0.28085752366898803,0.8296271775833082
122305,1,0.4596574451452334,0.39770752313304836,-0.28085752366898803,0.8296271775833082
122310,1,0.0186852096325449,0.027460973460702753,-0.28085752366898803,0.8296271775833082
122314,0,0.0192844517301655,0.028182992064471394,-0.28085752366898803,0.8296271775833082
122315,0,0.2581896621213276,0.23931378319626445,-0.28085752366898803,0.8296271775833082
122322,1,0.9510902176592914,0.8985458007264747,-0.28085752366898803,0.8296271775833082
122323,0,0.0940325468664715,0.10337600196442813,-0.28085752366898803,0.8296271775833082
122325,0,0.0812768052271065,0.091720481231443,-0.28085752366898803,0.8296271775833082
122328,0,0.1911714086301061,0.18580146782053839,-0.28085752366898803,0.8296271775833082
122333,0,0.0369623650376371,0.04808059875564765,-0.28085752366898803,0.8296271775833082
122334,0,0.001393697695684,0.0032199683325899154,-0.28085752366898803,0.8296271775833082
122337,0,0.1259676140163532,0.1314815627408853,-0.28085752366898803,0.8296271775833082
122338,0,0.5982580623667259,0.5123750211048086,-0.28085752366898803,0.8296271775833082
122339,0,0.0730385791922492,0.08402480235220348,-0.28085752366898803,0.8296271775833082
122340,0,0.0016706843119582,0.0037414277955346246,-0.28085752366898803,0.8296271775833082
122343,0,0.561669471572863,0.48121896033193684,-0.28085752366898803,0.8296271775833082
122350,0,0.0010556304659512,0.002558102092209753,-0.28085752366898803,0.8296271775833082
122355,0,0.1116924194303984,0.1190825571955848,-0.28085752366898803,0.8296271775833082
122356,0,0.0029754493069648,0.006032005447005746,-0.28085752366898803,0.8296271775833082
122359,0,0.0647584719198746,0.07613355153234252,-0.28085752366898803,0.8296271775833082
122360,0,0.002615514563025,0.0054217925708080076,-0.28085752366898803,0.8296271775833082
122361,0,0.3447799447687355,0.30713837906202035,-0.28085752366898803,0.8296271775833082
122363,0,0.028862533304011,0.039249977527462024,-0.28085752366898803,0.8296271775833082
122364,0,0.0044218451655848,0.008369517719011236,-0.28085752366898803,0.8296271775833082
122373,0,0.0052086530137104,0.009582053339990577,-0.28085752366898803,0.8296271775833082
122375,0,0.0123558542463254,0.019538933478388663,-0.28085752366898803,0.8296271775833082
122376,0,0.0248952550843746,0.03476299457212146,-0.28085752366898803,0.8296271775833082
122378,0,0.0054906504273467,0.010008541385168828,-0.28085752366898803,0.8296271775833082
122379,0,0.002387791439001,0.005028191447473208,-0.28085752366898803,0.8296271775833082
122383,0,0.0029295268452868,0.005954902086899466,-0.28085752366898803,0.8296271775833082
122384,0,0.0928414629574822,0.10229969997729071,-0.28085752366898803,0.8296271775833082
122387,0,0.3694158513485145,0.3264074882729031,-0.28085752366898803,0.8296271775833082
122389,1,0.0357931894009482,0.046829761289564786,-0.28085752366898803,0.8296271775833082
122392,0,0.0434710955502179,0.054918894384829296,-0.28085752366898803,0.8296271775833082
122394,0,0.0265947314781209,0.0367000099061117,-0.28085752366898803,0.8296271775833082
122395,0,0.1073208743343187,0.11523555851670715,-0.28085752366898803,0.8296271775833082
122396,0,0.056465145470742,0.06804623867124229,-0.28085752366898803,0.8296271775833082
122404,0,0.0093115031011098,0.015476245993342392,-0.28085752366898803,0.8296271775833082
122405,0,0.1847457595788669,0.1805752219636887,-0.28085752366898803,0.8296271775833082
122407,1,0.1852522423246858,0.18098795960268838,-0.28085752366898803,0.8296271775833082
122408,0,0.0030429778736076,0.006145008622354953,-0.28085752366898803,0.8296271775833082
122414,0,0.0282953905056332,0.03861582093489899,-0.28085752366898803,0.8296271775833082
122416,0,0.0147516752897684,0.022608378241536258,-0.28085752366898803,0.8296271775833082
122417,0,0.3238678549711928,0.29079892035178884,-0.28085752366898803,0.8296271775833082
122419,0,0.0725826448175927,0.08359457053290824,-0.28085752366898803,0.8296271775833082
122421,0,0.0002838222147377,0.0008612001783281338,-0.28085752366898803,0.8296271775833082
122423,0,0.4601241421746619,0.3980809642683803,-0.28085752366898803,0.8296271775833082
122430,0,0.0006215677322672,0.0016493890956411493,-0.28085752366898803,0.8296271775833082
122431,0,0.0203525222788024,0.029459885667574594,-0.28085752366898803,0.8296271775833082
122435,0,0.0718203055726632,0.08287413736213303,-0.28085752366898803,0.8296271775833082
122442,0,0.0017042556402992,0.003803563426073994,-0.28085752366898803,0.8296271775833082
122448,0,0.0169302608309952,0.02532153127302382,-0.28085752366898803,0.8296271775833082
122453,0,0.0745134298824834,0.08541328300282869,-0.28085752366898803,0.8296271775833082
122454,0,0.0076002722558446,0.013089707163865354,-0.28085752366898803,0.8296271775833082
122459,0,0.0032315315255211,0.006458251896171407,-0.28085752366898803,0.8296271775833082
122460,0,0.0019837369582181,0.004313032729916042,-0.28085752366898803,0.8296271775833082
122462,0,0.0014733517117152,0.0033716281787747977,-0.28085752366898803,0.8296271775833082
122463,0,0.0984748201408402,0.10737010299172017,-0.28085752366898803,0.8296271775833082
122468,0,0.057248123083222,0.06881847731953503,-0.28085752366898803,0.8296271775833082
122473,0,0.1401034331976021,0.1435442970894687,-0.28085752366898803,0.8296271775833082
122474,0,0.1084754779135648,0.11625407420721058,-0.28085752366898803,0.8296271775833082
122477,0,0.0043756562927745,0.00829720863965274,-0.28085752366898803,0.8296271775833082
122478,0,0.0064365644378641,0.01141213530119732,-0.28085752366898803,0.8296271775833082
122481,0,0.0510189476351404,0.06261924818352915,-0.28085752366898803,0.8296271775833082
122487,0,0.0025828231044999,0.0053656677108106015,-0.28085752366898803,0.8296271775833082
122490,0,0.0247131022706548,0.03455397192577969,-0.28085752366898803,0.8296271775833082
122493,0,0.1270325142055495,0.13239728463041364,-0.28085752366898803,0.8296271775833082
122496,0,0.247471039356376,0.23084890913129752,-0.28085752366898803,0.8296271775833082
122500,0,0.000384523995043,0.0011077506647491082,-0.28085752366898803,0.8296271775833082
122503,0,0.0027516089166197,0.0056541447218387475,-0.28085752366898803,0.8296271775833082
122504,0,0.0573743788092669,0.06894282236515253,-0.28085752366898803,0.8296271775833082
122511,0,0.0465112427392814,0.05804760417954207,-0.28085752366898803,0.8296271775833082
122512,0,0.0003411823336865,0.0010031908974724166,-0.28085752366898803,0.8296271775833082
122513,0,0.0537604278076543,0.06536350928214818,-0.28085752366898803,0.8296271775833082
122514,0,0.0379738872973658,0.04915693597766907,-0.28085752366898803,0.8296271775833082
122517,0,0.0966750049072001,0.1057556138851845,-0.28085752366898803,0.8296271775833082
122520,0,0.0470468533637183,0.058594895180719066,-0.28085752366898803,0.8296271775833082
122526,0,0.0148969646472146,0.02279147549257636,-0.28085752366898803,0.8296271775833082
122528,0,0.0079118856365715,0.013530897149640552,-0.28085752366898803,0.8296271775833082
122535,0,0.0464964520181607,0.05803247467757094,-0.28085752366898803,0.8296271775833082
122536,0,0.1285165266037149,0.13367141697022375,-0.28085752366898803,0.8296271775833082
122537,1,0.0944240561433937,0.10372927547154637,-0.28085752366898803,0.8296271775833082
122543,0,0.1743517411709592,0.17207304836218348,-0.28085752366898803,0.8296271775833082
122546,0,0.0434496612047542,0.05489669684102441,-0.28085752366898803,0.8296271775833082
122555,0,0.0675803904861376,0.07884204682745534,-0.28085752366898803,0.8296271775833082
122556,0,0.0298672484657825,0.04036785260314896,-0.28085752366898803,0.8296271775833082
122559,0,0.0723792639308022,0.08340250100029303,-0.28085752366898803,0.8296271775833082
122560,0,0.0334317492462634,0.044280191748136674,-0.28085752366898803,0.8296271775833082
122563,0,0.0997597053511495,0.10851964612932126,-0.28085752366898803,0.8296271775833082
122574,0,0.0173242910309012,0.025805263769983624,-0.28085752366898803,0.8296271775833082
122576,0,0.0051740426191606,0.009529431645459297,-0.28085752366898803,0.8296271775833082
122578,0,0.0242589693395193,0.03403161618288083,-0.28085752366898803,0.8296271775833082
122581,0,0.0013660111663907,0.0031669053445312688,-0.28085752366898803,0.8296271775833082
122585,0,0.1789568243012316,0.1758476528789678,-0.28085752366898803,0.8296271775833082
122586,1,0.0210920509471367,0.03033683394075058,-0.28085752366898803,0.8296271775833082
122587,0,0.0200665758949035,0.02911925573968695,-0.28085752366898803,0.8296271775833082
122592,0,0.0021636193660781,0.004634275296624094,-0.28085752366898803,0.8296271775833082
122594,0,0.0195191103690656,0.028464610861893728,-0.28085752366898803,0.8296271775833082
122595,0,0.0461635226206772,0.05769168695683445,-0.28085752366898803,0.8296271775833082
122596,0,0.0912502017093523,0.1008581054228495,-0.28085752366898803,0.8296271775833082
122597,0,0.0568395305356037,0.06841572831415597,-0.28085752366898803,0.8296271775833082
122602,0,0.0087646032002877,0.014722791554246207,-0.28085752366898803,0.8296271775833082
122608,1,0.1661989045221952,0.1653582594141236,-0.28085752366898803,0.8296271775833082
122609,0,0.0031921594738375,0.006393113828259462,-0.28085752366898803,0.8296271775833082
122611,0,0.3244619595918478,0.29126312095535495,-0.28085752366898803,0.8296271775833082
122612,0,0.0096773581443548,0.015975841967541156,-0.28085752366898803,0.8296271775833082
122617,0,0.0037387605821513,0.007285643800280959,-0.28085752366898803,0.8296271775833082
122619,0,0.1961911709723754,0.18986964080199434,-0.28085752366898803,0.8296271775833082
122621,0,0.1678519896494903,0.16672323298253525,-0.28085752366898803,0.8296271775833082
122629,0,0.0728307018538563,0.0838287027879056,-0.28085752366898803,0.8296271775833082
122630,0,0.0341821169137305,0.045093808811709275,-0.28085752366898803,0.8296271775833082
122637,0,0.0135633343479287,0.02109818386350932,-0.28085752366898803,0.8296271775833082
122643,0,0.2918462118439779,0.26575508276804616,-0.28085752366898803,0.8296271775833082
122644,0,0.0186721396541542,0.027445179097052495,-0.28085752366898803,0.8296271775833082
122647,0,0.1973306166235509,0.19079138292936704,-0.28085752366898803,0.8296271775833082
122651,0,0.0950801399838148,0.10432072827611039,-0.28085752366898803,0.8296271775833082
122652,0,0.0500419976705155,0.061634896895780694,-0.28085752366898803,0.8296271775833082
122654,0,0.1004990409505449,0.10917997789652824,-0.28085752366898803,0.8296271775833082
122656,0,0.0180790978064425,0.026726377422074357,-0.28085752366898803,0.8296271775833082
122657,0,0.1579989803283148,0.15855973626445208,-0.28085752366898803,0.8296271775833082
122659,0,0.0423930408065847,0.053799952601749176,-0.28085752366898803,0.8296271775833082
122660,0,0.0479083485376039,0.059472806785519514,-0.28085752366898803,0.8296271775833082
122662,0,0.5070548799623412,0.4359920619676666,-0.28085752366898803,0.8296271775833082
122663,0,0.0010132419205064,0.0024727113507274252,-0.28085752366898803,0.8296271775833082
122664,0,0.0479013118166322,0.05946564767711005,-0.28085752366898803,0.8296271775833082
122670,1,0.1250359872229764,0.13067945208524442,-0.28085752366898803,0.8296271775833082
122672,0,0.0440407566569963,0.05550811081835981,-0.28085752366898803,0.8296271775833082
122676,0,0.2788300540923572,0.255549679749703,-0.28085752366898803,0.8296271775833082
122684,0,0.0874992671480981,0.09744276289674793,-0.28085752366898803,0.8296271775833082
122685,0,0.0452171367527749,0.05672050265982054,-0.28085752366898803,0.8296271775833082
122687,0,0.0083806164198772,0.014188760971195728,-0.28085752366898803,0.8296271775833082
122691,1,0.4367570161181436,0.37945549409998414,-0.28085752366898803,0.8296271775833082
122692,0,0.0004188153788488,0.0011890428831055444,-0.28085752366898803,0.8296271775833082
122694,1,0.1565227584517829,0.1573306894100386,-0.28085752366898803,0.8296271775833082
122698,0,0.0180450833871667,0.026685021075740795,-0.28085752366898803,0.8296271775833082
122699,0,0.0060842954777029,0.010894002934171353,-0.28085752366898803,0.8296271775833082
122703,0,0.0053030262013024,0.009725225972519819,-0.28085752366898803,0.8296271775833082
122707,0,0.0126035580458112,0.019860961709891965,-0.28085752366898803,0.8296271775833082
122709,0,0.0451592761532911,0.056661006440669646,-0.28085752366898803,0.8296271775833082
122713,0,0.027851957532691,0.03811837083380419,-0.28085752366898803,0.8296271775833082
122717,0,0.0036729490759299,0.00717946163331649,-0.28085752366898803,0.8296271775833082
122720,0,0.0993833104114811,0.10818315714346578,-0.28085752366898803,0.8296271775833082
122724,0,0.0244347533856267,0.034234017881557596,-0.28085752366898803,0.8296271775833082
122732,0,0.0508832571657787,0.06248273579088815,-0.28085752366898803,0.8296271775833082
122734,0,0.1791720749909372,0.17602377917611775,-0.28085752366898803,0.8296271775833082
122737,0,0.0019469187687332,0.004246668406343742,-0.28085752366898803,0.8296271775833082
122742,1,0.3115695195134069,0.2811874290686697,-0.28085752366898803,0.8296271775833082
122746,0,0.0136732330059801,0.02123882320491526,-0.28085752366898803,0.8296271775833082
122749,0,0.076808169188797,0.08756407070021921,-0.28085752366898803,0.8296271775833082
122753,0,0.5184939505340559,0.4453548457901067,-0.28085752366898803,0.8296271775833082
122759,0,0.0267501443358918,0.03687599531955233,-0.28085752366898803,0.8296271775833082
122766,0,0.0438514518000537,0.0553124626459605,-0.28085752366898803,0.8296271775833082
122769,0,0.0909538340966442,0.10058914076513874,-0.28085752366898803,0.8296271775833082
122771,0,0.0494668147313957,0.061053726191305606,-0.28085752366898803,0.8296271775833082
122780,0,0.0225390664366861,0.03203676590069081,-0.28085752366898803,0.8296271775833082
122781,0,0.1274068982626714,0.13271893776138363,-0.28085752366898803,0.8296271775833082
122784,0,0.0027830337623962,0.005707507548019696,-0.28085752366898803,0.8296271775833082
122787,1,0.0318739575775523,0.04258028780164134,-0.28085752366898803,0.8296271775833082
122789,0,0.1639293743422681,0.1634812905218049,-0.28085752366898803,0.8296271775833082
122790,0,0.0037998033344379,0.007383838752285656,-0.28085752366898803,0.8296271775833082
122791,0,0.1964580316869061,0.19008557014732486,-0.28085752366898803,0.8296271775833082
122796,0,0.0427941894051142,0.05421691540168916,-0.28085752366898803,0.8296271775833082
122800,0,0.0092200445454621,0.015350809042698631,-0.28085752366898803,0.8296271775833082
122803,0,0.0489018251768205,0.06048165816190274,-0.28085752366898803,0.8296271775833082
122806,0,0.0197490663767281,0.028739988339754857,-0.28085752366898803,0.8296271775833082
122807,0,0.0279569559513796,0.038236289874145006,-0.28085752366898803,0.8296271775833082
122816,0,0.0372461619389165,0.048383118263068056,-0.28085752366898803,0.8296271775833082
122820,0,0.0663250750845539,0.07763972957550523,-0.28085752366898803,0.8296271775833082
122824,0,0.0301894445567196,0.040724870517319246,-0.28085752366898803,0.8296271775833082
122828,0,0.0070485797749279,0.012300567964551378,-0.28085752366898803,0.8296271775833082
122833,0,0.0270419212855679,0.03720589183231871,-0.28085752366898803,0.8296271775833082
122840,0,0.0047456258063393,0.008872753188110353,-0.28085752366898803,0.8296271775833082
122842,0,0.0041670310044858,0.007968902469208334,-0.28085752366898803,0.8296271775833082
122843,0,0.0083034693162427,0.014080946241176272,-0.28085752366898803,0.8296271775833082
122848,1,0.2835319008560812,0.2592386483353621,-0.28085752366898803,0.8296271775833082
122851,0,0.2579550066787232,0.2391287418681604,-0.28085752366898803,0.8296271775833082
122852,0,0.0012556176261163,0.0029534288574742337,-0.28085752366898803,0.8296271775833082
122855,0,0.0259719753434161,0.035992915710127374,-0.28085752366898803,0.8296271775833082
122856,0,0.1021740498082376,0.11067300637747687,-0.28085752366898803,0.8296271775833082
122864,0,0.0379820792511477,0.04916563125874692,-0.28085752366898803,0.8296271775833082
122867,0,0.0009255833107819,0.002294125472171979,-0.28085752366898803,0.8296271775833082
122874,0,0.0006804449732071,0.0017778559954968022,-0.28085752366898803,0.8296271775833082
122876,0,0.0677680633097269,0.07902145284084094,-0.28085752366898803,0.8296271775833082
122878,1,0.0770529343822674,0.08779280972888492,-0.28085752366898803,0.8296271775833082
122881,1,0.0540504797639217,0.06565235195714798,-0.28085752366898803,0.8296271775833082
122886,0,0.0083645784554142,0.014166362221743374,-0.28085752366898803,0.8296271775833082
122889,0,0.0670686590392925,0.07835240488517926,-0.28085752366898803,0.8296271775833082
122893,0,0.5020138228776755,0.43188252557773654,-0.28085752366898803,0.8296271775833082
122896,0,0.2781227014608329,0.2549944394188357,-0.28085752366898803,0.8296271775833082
122901,0,0.1159765344888808,0.12282890028336718,-0.28085752366898803,0.8296271775833082
122906,0,0.0476589291256906,0.05921893224926438,-0.28085752366898803,0.8296271775833082
122912,0,0.0336339909132412,0.04449980676962979,-0.28085752366898803,0.8296271775833082
122913,0,0.1289979931676048,0.13408429925060683,-0.28085752366898803,0.8296271775833082
122916,0,0.0192637255206314,0.028158088208193613,-0.28085752366898803,0.8296271775833082
122919,0,0.0222704452313994,0.03172273680847361,-0.28085752366898803,0.8296271775833082
122923,0,0.0696499121307611,0.08081557050496146,-0.28085752366898803,0.8296271775833082
122925,0,0.0882717682881475,0.09814817029901794,-0.28085752366898803,0.8296271775833082
122928,0,0.0420433136820524,0.05343585036526873,-0.28085752366898803,0.8296271775833082
122929,0,0.0316491350903552,0.04233371399554595,-0.28085752366898803,0.8296271775833082
122930,0,0.1028630125144648,0.11128592911712967,-0.28085752366898803,0.8296271775833082
122931,0,0.1510892606494793,0.15279272713516973,-0.28085752366898803,0.8296271775833082
122933,1,0.0368174036030995,0.047925910074457095,-0.28085752366898803,0.8296271775833082
122934,0,0.0707185906375501,0.08183058609903841,-0.28085752366898803,0.8296271775833082
122937,0,0.1514086555740529,0.1530601151725283,-0.28085752366898803,0.8296271775833082
122938,0,0.0095832230634114,0.015847623562038015,-0.28085752366898803,0.8296271775833082
122940,0,0.0255969976120814,0.03556566227546398,-0.28085752366898803,0.8296271775833082
122949,0,0.0022964696601266,0.004868534009605589,-0.28085752366898803,0.8296271775833082
122950,0,0.3154736648015337,0.28423921912762623,-0.28085752366898803,0.8296271775833082
122951,0,0.0002162737522662,0.0006874228631929053,-0.28085752366898803,0.8296271775833082
122952,0,0.1779708291559463,0.17504052938555467,-0.28085752366898803,0.8296271775833082
122955,0,0.0062401200455958,0.011123835474430554,-0.28085752366898803,0.8296271775833082
122960,0,0.2892416294226802,0.26371456964648443,-0.28085752366898803,0.8296271775833082
122962,0,0.1980764085951296,0.19139435148406664,-0.28085752366898803,0.8296271775833082
122963,0,0.006317626110148,0.011237772298982361,-0.28085752366898803,0.8296271775833082
122970,0,0.1797455149185617,0.17649285874355589,-0.28085752366898803,0.8296271775833082
122972,0,0.1092422672828446,0.11692950157831032,-0.28085752366898803,0.8296271775833082
122974,1,0.1433655253847557,0.1463012495226817,-0.28085752366898803,0.8296271775833082
122977,1,0.2237861579034329,0.2120361172049931,-0.28085752366898803,0.8296271775833082
122984,0,0.0004062814274209,0.0011594669907491124,-0.28085752366898803,0.8296271775833082
122985,0,0.0152655159513129,0.023254491913843236,-0.28085752366898803,0.8296271775833082
122987,0,0.0035936445882436,0.007051064325327595,-0.28085752366898803,0.8296271775833082
122988,0,0.0541557909735953,0.06575715462159602,-0.28085752366898803,0.8296271775833082
122991,0,0.0543738773426754,0.06597407070591546,-0.28085752366898803,0.8296271775833082
122995,0,0.008222082316158,0.013967012026302395,-0.28085752366898803,0.8296271775833082
122996,0,0.0008835475791779,0.0022074619651366602,-0.28085752366898803,0.8296271775833082
122997,0,0.001708661825035,0.0038117027812561025,-0.28085752366898803,0.8296271775833082
122998,0,0.0987839825725099,0.10764692904080991,-0.28085752366898803,0.8296271775833082
123003,0,0.5760556966473662,0.4933773993418214,-0.28085752366898803,0.8296271775833082
123004,0,0.0283346918540583,0.03865984068078858,-0.28085752366898803,0.8296271775833082
123005,0,0.804917503698166,0.7099183233271347,-0.28085752366898803,0.8296271775833082
123011,0,0.1509593292797297,0.152683929236259,-0.28085752366898803,0.8296271775833082
123015,0,0.0005163309774871,0.0014143354353677723,-0.28085752366898803,0.8296271775833082
123021,0,0.0395108300567438,0.0507823990394455,-0.28085752366898803,0.8296271775833082
123023,0,0.0095977205551722,0.015867384788929035,-0.28085752366898803,0.8296271775833082
123024,0,0.2780833436025038,0.2549635431230196,-0.28085752366898803,0.8296271775833082
123025,0,0.0192943254984028,0.028194854309662357,-0.28085752366898803,0.8296271775833082
123026,0,0.0932335442731755,0.10265425516091013,-0.28085752366898803,0.8296271775833082
123029,0,0.0416908448661317,0.05306833364993084,-0.28085752366898803,0.8296271775833082
123032,0,0.0966968110975077,0.10577520485445281,-0.28085752366898803,0.8296271775833082
123033,0,0.0200288729303954,0.029074276803977187,-0.28085752366898803,0.8296271775833082
123035,0,0.0028015444457418,0.005738891389761835,-0.28085752366898803,0.8296271775833082
123038,0,0.1669480663328708,0.1659770767023417,-0.28085752366898803,0.8296271775833082
123040,0,0.0981899375097973,0.10711488785205253,-0.28085752366898803,0.8296271775833082
123042,0,0.0512560838244963,0.06285766274390474,-0.28085752366898803,0.8296271775833082
123043,1,0.8570443520649886,0.7694073162550794,-0.28085752366898803,0.8296271775833082
123045,0,0.1815427679084188,0.17796180937816616,-0.28085752366898803,0.8296271775833082
123048,0,0.1499998902809572,0.15188012680796253,-0.28085752366898803,0.8296271775833082
123050,0,0.0441430159532837,0.055613732820918436,-0.28085752366898803,0.8296271775833082
123052,0,0.8513267409157907,0.7625804592586798,-0.28085752366898803,0.8296271775833082
123054,0,0.0226005875657418,0.03210859019323676,-0.28085752366898803,0.8296271775833082
123063,0,0.0458048617518971,0.05732405896118471,-0.28085752366898803,0.8296271775833082
123064,1,0.0456888965714804,0.057205082395091866,-0.28085752366898803,0.8296271775833082
123075,0,0.0330789988960441,0.04389655521445546,-0.28085752366898803,0.8296271775833082
123077,0,0.0517554044990489,0.06335902239546305,-0.28085752366898803,0.8296271775833082
123083,0,0.0186132679433798,0.02737401084694445,-0.28085752366898803,0.8296271775833082
123084,1,0.1153375573413636,0.12227157054946643,-0.28085752366898803,0.8296271775833082
123089,0,0.0140515313791514,0.021721389339855846,-0.28085752366898803,0.8296271775833082
123090,1,0.1953764093213879,0.18921016867898732,-0.28085752366898803,0.8296271775833082
123091,0,0.0747216998564059,0.08560896390263956,-0.28085752366898803,0.8296271775833082
123096,0,0.0298185787782583,0.04031386172333097,-0.28085752366898803,0.8296271775833082
123099,0,0.0005954621873348,0.0015917661858364561,-0.28085752366898803,0.8296271775833082
123103,0,0.4929236405219308,0.42449637706635684,-0.28085752366898803,0.8296271775833082
123104,0,0.1045660244802395,0.11279806533282964,-0.28085752366898803,0.8296271775833082
123105,0,0.0863161589558887,0.09636032676033861,-0.28085752366898803,0.8296271775833082
123107,0,0.2050784312603076,0.1970430768026528,-0.28085752366898803,0.8296271775833082
123109,0,0.1941058339675128,0.18818111918196812,-0.28085752366898803,0.8296271775833082
123112,1,0.9319356196710896,0.8687690901238662,-0.28085752366898803,0.8296271775833082
123113,0,0.1040540414977456,0.11234389888897454,-0.28085752366898803,0.8296271775833082
123116,0,0.0789980868162985,0.08960611387098556,-0.28085752366898803,0.8296271775833082
123120,0,0.0056334915958306,0.01022308468616937,-0.28085752366898803,0.8296271775833082
123125,0,0.0323013818880702,0.04304818939243683,-0.28085752366898803,0.8296271775833082
123128,0,0.0255871781301279,0.035554458543613825,-0.28085752366898803,0.8296271775833082
123129,0,0.0476524245093319,0.05921230821761067,-0.28085752366898803,0.8296271775833082
123130,0,0.0570790048553023,0.06865184087749936,-0.28085752366898803,0.8296271775833082
123135,0,0.0642705372163027,0.07566311299352384,-0.28085752366898803,0.8296271775833082
123138,0,0.0316275872272552,0.04231006458963371,-0.28085752366898803,0.8296271775833082
123139,0,0.0069567153743491,0.012168116611239687,-0.28085752366898803,0.8296271775833082
123153,0,0.0209795667076626,0.030203814010446937,-0.28085752366898803,0.8296271775833082
123155,0,0.069201751240012,0.08038909281574534,-0.28085752366898803,0.8296271775833082
123159,0,0.0310002994528643,0.04162029496239339,-0.28085752366898803,0.8296271775833082
123160,0,0.343429801449543,0.3060832581117762,-0.28085752366898803,0.8296271775833082
123162,0,0.1529981578394446,0.15438960442753422,-0.28085752366898803,0.8296271775833082
123163,1,0.9593052730118392,0.9122046880410524,-0.28085752366898803,0.8296271775833082
123165,0,0.0032696553024456,0.006521192412489151,-0.28085752366898803,0.8296271775833082
123167,0,0.0095741457331674,0.01583524771629522,-0.28085752366898803,0.8296271775833082
123169,0,0.0440121178084049,0.055478522190842025,-0.28085752366898803,0.8296271775833082
123172,0,0.1711966495402433,0.16947950005463883,-0.28085752366898803,0.8296271775833082
123173,1,0.3376325557389361,0.3015533242881235,-0.28085752366898803,0.8296271775833082
123175,0,0.0522984612062784,0.06390330191880082,-0.28085752366898803,0.8296271775833082
123179,1,0.5059013531368317,0.43505082145084445,-0.28085752366898803,0.8296271775833082
123183,0,0.0468622021362052,0.058406345951728236,-0.28085752366898803,0.8296271775833082
123185,0,0.028168878838352,0.03847404457563972,-0.28085752366898803,0.8296271775833082
123186,0,0.0119325236918555,0.01898586626267177,-0.28085752366898803,0.8296271775833082
123190,0,0.047107896912068,0.05865719770850494,-0.28085752366898803,0.8296271775833082
123196,0,0.1324409395219782,0.13702993268189556,-0.28085752366898803,0.8296271775833082
123198,0,0.0604104459749526,0.07191838738059365,-0.28085752366898803,0.8296271775833082
123203,0,0.0215820567672172,0.030914799451940745,-0.28085752366898803,0.8296271775833082
123204,0,0.005700371270429,0.01032320394709571,-0.28085752366898803,0.8296271775833082
123210,0,0.0335408133707443,0.04439865503538839,-0.28085752366898803,0.8296271775833082
123216,1,0.0478991782033636,0.059463476916781936,-0.28085752366898803,0.8296271775833082
123220,0,0.0171194595067586,0.025554054001319722,-0.28085752366898803,0.8296271775833082
123221,0,0.1105599915213491,0.11808841209193376,-0.28085752366898803,0.8296271775833082
123223,0,0.3361099483776343,0.30036367543656656,-0.28085752366898803,0.8296271775833082
123226,0,0.0062098596901544,0.011079283574188711,-0.28085752366898803,0.8296271775833082
123227,0,0.014080616747198,0.021758393332577605,-0.28085752366898803,0.8296271775833082
123231,1,0.1261538777010227,0.13164182028583138,-0.28085752366898803,0.8296271775833082
123235,1,0.215794585350137,0.20564779035571398,-0.28085752366898803,0.8296271775833082
123237,0,0.0014618776790514,0.00334987114462153,-0.28085752366898803,0.8296271775833082
123239,0,0.0202243622920011,0.02930732532182342,-0.28085752366898803,0.8296271775833082
123243,0,0.0211533917006383,0.03040931883457691,-0.28085752366898803,0.8296271775833082
123244,0,0.0109281983863602,0.0176592799156877,-0.28085752366898803,0.8296271775833082
123245,0,0.0386438125887214,0.04986689714586601,-0.28085752366898803,0.8296271775833082
123251,0,0.0058373389485147,0.01052759972927336,-0.28085752366898803,0.8296271775833082
123252,0,0.0376191693879491,0.04878009327436337,-0.28085752366898803,0.8296271775833082
123254,1,0.075473126494872,0.0863141739652316,-0.28085752366898803,0.8296271775833082
123258,0,0.046687219382479,0.05822754441987454,-0.28085752366898803,0.8296271775833082
123260,0,0.0122523912146311,0.019404082251230335,-0.28085752366898803,0.8296271775833082
123261,1,0.1500545393845228,0.15192593075379626,-0.28085752366898803,0.8296271775833082
123265,0,0.0006896238648503,0.0017977077032613957,-0.28085752366898803,0.8296271775833082
123266,0,0.0335620361189085,0.04442169855945136,-0.28085752366898803,0.8296271775833082
123268,0,0.0332294936482367,0.04406031817841953,-0.28085752366898803,0.8296271775833082
123271,0,0.1730358145576583,0.170992082664798,-0.28085752366898803,0.8296271775833082
123274,0,0.0661967128557049,0.07751655916308853,-0.28085752366898803,0.8296271775833082
123275,0,0.0654715851899042,0.07681995697673796,-0.28085752366898803,0.8296271775833082
123277,0,0.1568579490327005,0.15760989837071385,-0.28085752366898803,0.8296271775833082
123278,0,0.090290024498036,0.09998616417338654,-0.28085752366898803,0.8296271775833082
123279,0,0.0557233941553849,0.06731287582949265,-0.28085752366898803,0.8296271775833082
123280,0,0.0751881201450272,0.08604684310173949,-0.28085752366898803,0.8296271775833082
123282,0,0.0876016676034857,0.09753633100404203,-0.28085752366898803,0.8296271775833082
123284,0,0.2521896708572175,0.2345786317903611,-0.28085752366898803,0.8296271775833082
123286,0,0.0023503265963205,0.004962822937167042,-0.28085752366898803,0.8296271775833082
123287,0,0.0602260152207427,0.07173841266588249,-0.28085752366898803,0.8296271775833082
123290,0,0.5200946900613529,0.44666933746784615,-0.28085752366898803,0.8296271775833082
123294,0,0.1036970807653253,0.11202702921492053,-0.28085752366898803,0.8296271775833082
123295,0,0.0099170088075532,0.01630126003077391,-0.28085752366898803,0.8296271775833082
123298,0,0.1999219419408836,0.1928853424176821,-0.28085752366898803,0.8296271775833082
123304,0,0.0190574186072148,0.027909930364701956,-0.28085752366898803,0.8296271775833082
123306,0,0.1041094836462792,0.11239309800440195,-0.28085752366898803,0.8296271775833082
123315,0,0.0225736524601451,0.03207714856773949,-0.28085752366898803,0.8296271775833082
123317,0,0.0444192553671539,0.05589883338480547,-0.28085752366898803,0.8296271775833082
123318,0,0.0092455259488228,0.015385779517185186,-0.28085752366898803,0.8296271775833082
123319,0,0.0963004579275314,0.10541899928444108,-0.28085752366898803,0.8296271775833082
123322,0,0.0023794583319056,0.00501366743351873,-0.28085752366898803,0.8296271775833082
123323,0,0.1807134464178638,0.1772842077507317,-0.28085752366898803,0.8296271775833082
123326,1,0.1382677599454712,0.14198868362223285,-0.28085752366898803,0.8296271775833082
123327,0,0.0382571320727092,0.04945738520134492,-0.28085752366898803,0.8296271775833082
123328,0,0.0269551972889245,0.037107905999895954,-0.28085752366898803,0.8296271775833082
123332,0,0.0897944106559381,0.09953547489820988,-0.28085752366898803,0.8296271775833082
123335,0,0.0846460486665488,0.09482795484882092,-0.28085752366898803,0.8296271775833082
123346,1,0.0971996469708186,0.10622675283722538,-0.28085752366898803,0.8296271775833082
123347,0,0.1743336782702538,0.17205821782437072,-0.28085752366898803,0.8296271775833082
123349,0,0.0246274179942226,0.03445555082578925,-0.28085752366898803,0.8296271775833082
123353,0,0.0113550032817738,0.01822560563533927,-0.28085752366898803,0.8296271775833082
123362,0,0.0456300274879828,0.05714466354450904,-0.28085752366898803,0.8296271775833082
123363,0,0.0009048702598868,0.0022515089388226456,-0.28085752366898803,0.8296271775833082
123364,0,0.0081386309195006,0.013849978521479223,-0.28085752366898803,0.8296271775833082
123366,1,0.0726172174865217,0.08362721092124932,-0.28085752366898803,0.8296271775833082
123367,0,0.1520946293579043,0.15363411963434964,-0.28085752366898803,0.8296271775833082
123372,0,0.0767165297257425,0.0874783984925016,-0.28085752366898803,0.8296271775833082
123374,1,0.1511628680746518,0.15285435628358568,-0.28085752366898803,0.8296271775833082
123375,0,0.038985188717608,0.05022780710948957,-0.28085752366898803,0.8296271775833082
123380,0,0.0198772250217252,0.0288932074794202,-0.28085752366898803,0.8296271775833082
123382,0,0.004895230264234,0.009103211670810851,-0.28085752366898803,0.8296271775833082
123386,0,0.0195585241404575,0.028511851514367654,-0.28085752366898803,0.8296271775833082
123388,1,0.0664643189347556,0.0777732934151919,-0.28085752366898803,0.8296271775833082
123389,0,0.0014418048305396,0.0033117376877225373,-0.28085752366898803,0.8296271775833082
123396,0,0.0156085283816443,0.023683606310138723,-0.28085752366898803,0.8296271775833082
123399,0,0.1766711962604398,0.17397579304471802,-0.28085752366898803,0.8296271775833082
123400,0,0.2619720407962415,0.24229487196078162,-0.28085752366898803,0.8296271775833082
123405,0,0.0680628948340368,0.07930311886411823,-0.28085752366898803,0.8296271775833082
123409,0,0.0129821635516075,0.020350975471137876,-0.28085752366898803,0.8296271775833082
123416,0,0.1775630092324341,0.1747065265465278,-0.28085752366898803,0.8296271775833082
123423,0,0.0123580906658954,0.01954184612036941,-0.28085752366898803,0.8296271775833082
123427,0,0.1355435777364707,0.13967437307342798,-0.28085752366898803,0.8296271775833082
123429,0,0.0905564929396007,0.10022830363318339,-0.28085752366898803,0.8296271775833082
123431,0,0.0007878603462374,0.002007457446020476,-0.28085752366898803,0.8296271775833082
123434,0,0.0101020677966529,0.016551583694423517,-0.28085752366898803,0.8296271775833082
123436,0,0.0348164055206896,0.045779013484457974,-0.28085752366898803,0.8296271775833082
123438,0,0.0015977066532382,0.00360560102211947,-0.28085752366898803,0.8296271775833082
123440,0,0.0550951426744248,0.06669034907197337,-0.28085752366898803,0.8296271775833082
123446,0,0.0589747549767639,0.07051474743155528,-0.28085752366898803,0.8296271775833082
123447,0,0.0063449860594559,0.011277933081553166,-0.28085752366898803,0.8296271775833082
123453,0,0.0079995194743064,0.013654408574551333,-0.28085752366898803,0.8296271775833082
123454,0,0.0889437521880237,0.09876092803180749,-0.28085752366898803,0.8296271775833082
123460,0,0.0069704045081035,0.012187873427778977,-0.28085752366898803,0.8296271775833082
123466,0,0.0176209511265924,0.026168140243976425,-0.28085752366898803,0.8296271775833082
123467,0,0.421320531476436,0.3672241763999063,-0.28085752366898803,0.8296271775833082
123472,0,0.020312341772177,0.029412074092653877,-0.28085752366898803,0.8296271775833082
123474,0,0.0332122781963943,0.044041591834205515,-0.28085752366898803,0.8296271775833082
123479,0,0.0893193139577742,0.09910304278048418,-0.28085752366898803,0.8296271775833082
123484,0,0.0029757772696224,0.006032555340900391,-0.28085752366898803,0.8296271775833082
123488,1,0.2899564119281646,0.2642746267742828,-0.28085752366898803,0.8296271775833082
123489,1,0.4173643978707564,0.36409762486394776,-0.28085752366898803,0.8296271775833082
123490,0,0.1217151144654548,0.1278125516425633,-0.28085752366898803,0.8296271775833082
123494,0,0.0348885454170125,0.04585679881541823,-0.28085752366898803,0.8296271775833082
123496,1,0.6052670698670618,0.518435447058477,-0.28085752366898803,0.8296271775833082
123498,0,0.0048483513810278,0.009031132513572036,-0.28085752366898803,0.8296271775833082
123505,0,0.0056908709047773,0.010308994574576296,-0.28085752366898803,0.8296271775833082
123506,0,0.039328540475586,0.05059022325570192,-0.28085752366898803,0.8296271775833082
123507,0,0.2098758771301356,0.200901014980898,-0.28085752366898803,0.8296271775833082
123509,0,0.0094560194559532,0.015674004173819887,-0.28085752366898803,0.8296271775833082
123511,0,0.0052633360868732,0.009665067844668161,-0.28085752366898803,0.8296271775833082
123513,0,0.1447954239992903,0.14750679252260615,-0.28085752366898803,0.8296271775833082
123515,0,0.0491727059153995,0.060756081709025446,-0.28085752366898803,0.8296271775833082
123519,0,0.046835046391019,0.05837860554735903,-0.28085752366898803,0.8296271775833082
123521,0,0.0116134267337,0.018566640237295103,-0.28085752366898803,0.8296271775833082
123525,0,0.0100190013579994,0.016439324916052458,-0.28085752366898803,0.8296271775833082
123526,1,0.0849415739232944,0.09509948515656601,-0.28085752366898803,0.8296271775833082
123527,0,0.0273358575142077,0.03753757184659478,-0.28085752366898803,0.8296271775833082
123533,0,0.1235557878697419,0.1294031003697834,-0.28085752366898803,0.8296271775833082
123534,0,0.0002736733886088,0.0008355876558689694,-0.28085752366898803,0.8296271775833082
123535,0,0.2042008716012607,0.1963363183606981,-0.28085752366898803,0.8296271775833082
123537,0,0.0052484775916114,0.009642526279334034,-0.28085752366898803,0.8296271775833082
123539,0,0.3210496239130768,0.288596812566467,-0.28085752366898803,0.8296271775833082
123542,0,0.0692488791491022,0.08043396358108583,-0.28085752366898803,0.8296271775833082
123545,0,0.0488159837548929,0.060394636423189464,-0.28085752366898803,0.8296271775833082
123548,0,0.0082291594165955,0.013976927276098592,-0.28085752366898803,0.8296271775833082
123549,1,0.0468732580702347,0.058417639079851924,-0.28085752366898803,0.8296271775833082
123552,0,0.4086651534049119,0.3572331510559874,-0.28085752366898803,0.8296271775833082
123553,0,0.0950803588337403,0.10432092545140156,-0.28085752366898803,0.8296271775833082
123554,0,0.0011046259705842,0.002656068730222315,-0.28085752366898803,0.8296271775833082
123562,0,0.01386462413787,0.02148326371160733,-0.28085752366898803,0.8296271775833082
123564,0,0.0070932718433272,0.012364894373403932,-0.28085752366898803,0.8296271775833082
123566,0,0.016305349138764,0.024550131977990348,-0.28085752366898803,0.8296271775833082
123568,1,0.0216881677272804,0.031039641221872083,-0.28085752366898803,0.8296271775833082
123569,0,0.154246171300545,0.15543208764516878,-0.28085752366898803,0.8296271775833082
123571,0,0.0702694399466431,0.08140432300789496,-0.28085752366898803,0.8296271775833082
123576,0,0.0435710121165779,0.055022342277592264,-0.28085752366898803,0.8296271775833082
123577,1,0.564063195626352,0.4832342093958666,-0.28085752366898803,0.8296271775833082
123580,0,0.0017025863542601,0.003800478872282971,-0.28085752366898803,0.8296271775833082
123582,0,0.0197939679744536,0.028793690674075913,-0.28085752366898803,0.8296271775833082
123583,0,0.0765641641360785,0.08733591465380836,-0.28085752366898803,0.8296271775833082
123584,1,0.1156055494976644,0.12250537950335955,-0.28085752366898803,0.8296271775833082
123587,0,0.0081145787711394,0.01381620772625036,-0.28085752366898803,0.8296271775833082
123593,0,0.0306120563525467,0.041192101438264565,-0.28085752366898803,0.8296271775833082
123597,0,0.1310260010755992,0.13582081790691986,-0.28085752366898803,0.8296271775833082
123604,0,0.569083493267435,0.48747072871891967,-0.28085752366898803,0.8296271775833082
123606,0,0.0088418505894766,0.01482971306102918,-0.28085752366898803,0.8296271775833082
123607,0,0.0605101429355235,0.07201563442327298,-0.28085752366898803,0.8296271775833082
123608,0,0.0102194766529344,0.016709972024634583,-0.28085752366898803,0.8296271775833082
123609,0,0.0066446682955109,0.01171584758190579,-0.28085752366898803,0.8296271775833082
123610,0,0.0035734725968981,0.0070183260293276255,-0.28085752366898803,0.8296271775833082
123614,0,0.0171081489313037,0.025540166615122095,-0.28085752366898803,0.8296271775833082
123622,1,0.5030312682973925,0.4327111706512906,-0.28085752366898803,0.8296271775833082
123624,0,0.1352814631411112,0.13945132656390732,-0.28085752366898803,0.8296271775833082
123626,0,0.0346800784583407,0.045631937267425114,-0.28085752366898803,0.8296271775833082
123627,0,0.0784062747629563,0.0890552529553899,-0.28085752366898803,0.8296271775833082
123628,0,0.0007631891381628,0.0019552269304328623,-0.28085752366898803,0.8296271775833082
123632,0,0.0005271242173716,0.0014387975793874945,-0.28085752366898803,0.8296271775833082
123635,0,0.1460977976982369,0.14860329930207736,-0.28085752366898803,0.8296271775833082
123636,0,0.2566765096230632,0.23812035708136972,-0.28085752366898803,0.8296271775833082
123641,0,0.1183624821587141,0.1249056433566187,-0.28085752366898803,0.8296271775833082
123646,0,0.0048403598902044,0.009018832860502679,-0.28085752366898803,0.8296271775833082
123648,1,0.0506759285037541,0.062274023545644354,-0.28085752366898803,0.8296271775833082
123651,0,0.0157643798617208,0.023878012812723698,-0.28085752366898803,0.8296271775833082
123654,1,0.2048343926715177,0.19684656936433828,-0.28085752366898803,0.8296271775833082
123656,0,0.0861798711620334,0.09623547213863774,-0.28085752366898803,0.8296271775833082
123657,0,0.01155231969531,0.01848612330756322,-0.28085752366898803,0.8296271775833082
123660,0,0.0368769219101737,0.04798943565870581,-0.28085752366898803,0.8296271775833082
123662,0,0.0323436364099879,0.043094383641020056,-0.28085752366898803,0.8296271775833082
123668,0,0.0615509093706434,0.07302911738532863,-0.28085752366898803,0.8296271775833082
123669,0,0.1617921457705559,0.16171050448719054,-0.28085752366898803,0.8296271775833082
123672,0,0.0541638134542363,0.06576513684921781,-0.28085752366898803,0.8296271775833082
123675,0,0.0083608341212652,0.01416113175046974,-0.28085752366898803,0.8296271775833082
123677,0,0.045644947083636,0.05715997725146697,-0.28085752366898803,0.8296271775833082
123681,0,0.0012366058458572,0.002916343054172062,-0.28085752366898803,0.8296271775833082
123686,0,0.0301818107851287,0.040716419810130786,-0.28085752366898803,0.8296271775833082
123688,0,0.0092971573859648,0.015456585245564345,-0.28085752366898803,0.8296271775833082
123692,0,0.0135918491782308,0.021134694538231493,-0.28085752366898803,0.8296271775833082
123698,0,0.0451146989774333,0.05661515966721766,-0.28085752366898803,0.8296271775833082
123704,0,0.0033093428491985,0.006586578183080534,-0.28085752366898803,0.8296271775833082
123706,0,0.0001879921719501,0.0006120009372760454,-0.28085752366898803,0.8296271775833082
123709,0,0.0182179303602329,0.026895030252108553,-0.28085752366898803,0.8296271775833082
123713,0,0.0331015547878944,0.04392110839972416,-0.28085752366898803,0.8296271775833082
123719,0,0.0145170329180231,0.0223119844133538,-0.28085752366898803,0.8296271775833082
123720,0,0.1656360154086427,0.16489305857939737,-0.28085752366898803,0.8296271775833082
123726,0,0.0005344154699432,0.0014552739654069527,-0.28085752366898803,0.8296271775833082
123728,0,0.0180019043108335,0.02663250147748224,-0.28085752366898803,0.8296271775833082
123736,0,0.013336661178303,0.020807452982593493,-0.28085752366898803,0.8296271775833082
123744,0,0.0107394396225027,0.01740755445053969,-0.28085752366898803,0.8296271775833082
123745,0,0.0189350804633505,0.02776254418271847,-0.28085752366898803,0.8296271775833082
123748,0,0.0141534656235617,0.02185101505802712,-0.28085752366898803,0.8296271775833082
123749,0,0.1085670116457436,0.11633474286319231,-0.28085752366898803,0.8296271775833082
123753,0,0.0650315991937138,0.07639660831017527,-0.28085752366898803,0.8296271775833082
123754,0,0.1822956928221639,0.17857665479780216,-0.28085752366898803,0.8296271775833082
123760,1,0.094314555857151,0.10363049434051876,-0.28085752366898803,0.8296271775833082
123761,0,0.0380508450230935,0.04923860859596033,-0.28085752366898803,0.8296271775833082
123766,0,0.0411141548710253,0.05246579554504748,-0.28085752366898803,0.8296271775833082
123767,0,0.0796321693011064,0.09019552016261734,-0.28085752366898803,0.8296271775833082
123769,0,0.0056961578074222,0.010316902532337455,-0.28085752366898803,0.8296271775833082
123770,0,0.1394067611902872,0.1429542743421051,-0.28085752366898803,0.8296271775833082
123773,0,0.0033316433805217,0.00662325824298709,-0.28085752366898803,0.8296271775833082
123774,0,0.0127224824280133,0.020015163237336018,-0.28085752366898803,0.8296271775833082
123775,0,0.1125772851361064,0.11985822831843941,-0.28085752366898803,0.8296271775833082
123782,0,0.0347221696760998,0.04567735858161591,-0.28085752366898803,0.8296271775833082
123784,0,0.3065836033651459,0.2772889050652869,-0.28085752366898803,0.8296271775833082
123785,0,0.4086478358529308,0.3572194997949424,-0.28085752366898803,0.8296271775833082
123787,0,0.1140648776543278,0.12116002438696465,-0.28085752366898803,0.8296271775833082
123791,0,0.0031894405116821,0.006388610334721447,-0.28085752366898803,0.8296271775833082
123795,0,0.1293246542560744,0.1343642919918701,-0.28085752366898803,0.8296271775833082
123796,0,0.0011987966275787,0.002842294338652537,-0.28085752366898803,0.8296271775833082
123799,0,0.050411728376457,0.062007835479485615,-0.28085752366898803,0.8296271775833082
123800,1,0.8976591249330427,0.8206359922089627,-0.28085752366898803,0.8296271775833082
123801,0,0.0683448510896347,0.07957228152221975,-0.28085752366898803,0.8296271775833082
123811,0,0.0903152686909652,0.1000091087705477,-0.28085752366898803,0.8296271775833082
123812,0,0.0973282873860723,0.10634220892058376,-0.28085752366898803,0.8296271775833082
123821,0,0.0807855500596717,0.09126554159280373,-0.28085752366898803,0.8296271775833082
123825,0,0.0030556970853445,0.00616624374781731,-0.28085752366898803,0.8296271775833082
123827,1,0.3330106103700448,0.2979421676605432,-0.28085752366898803,0.8296271775833082
123830,0,0.2118660914001665,0.20249869761868156,-0.28085752366898803,0.8296271775833082
123838,0,0.0271273967262817,0.037302410727242274,-0.28085752366898803,0.8296271775833082
123841,0,0.0412550086480527,0.05261310431144375,-0.28085752366898803,0.8296271775833082
123842,0,0.1351944180522409,0.1393772410193521,-0.28085752366898803,0.8296271775833082
123843,0,0.1625782907900547,0.16236222927803975,-0.28085752366898803,0.8296271775833082
123846,0,0.001782621220288,0.003947789463172537,-0.28085752366898803,0.8296271775833082
123847,0,0.1059625736711653,0.11403504136998874,-0.28085752366898803,0.8296271775833082
123852,0,0.0088172406498681,0.014795667565589045,-0.28085752366898803,0.8296271775833082
123853,0,0.04083935428173,0.05217813564363195,-0.28085752366898803,0.8296271775833082
123854,1,0.4901783924116049,0.42227168443002117,-0.28085752366898803,0.8296271775833082
123858,0,0.01928813656886,0.028187419121683266,-0.28085752366898803,0.8296271775833082
123860,0,0.028021360009533,0.03830857908369295,-0.28085752366898803,0.8296271775833082
123861,0,0.0977963303624454,0.1067620655712938,-0.28085752366898803,0.8296271775833082
123862,0,0.1295410420946825,0.13454970539524222,-0.28085752366898803,0.8296271775833082
123863,1,0.087243630272913,0.09720909314418949,-0.28085752366898803,0.8296271775833082
123866,0,0.0221020751309666,0.03152555305742064,-0.28085752366898803,0.8296271775833082
123867,1,0.0769227824934337,0.08767119552315734,-0.28085752366898803,0.8296271775833082
123870,0,0.0262359555597761,0.03629302048234442,-0.28085752366898803,0.8296271775833082
123873,0,0.0002957879610645,0.0008911976009972427,-0.28085752366898803,0.8296271775833082
123876,0,0.0334374919380977,0.044286431109032395,-0.28085752366898803,0.8296271775833082
123877,0,0.0486214978931378,0.06019737334516876,-0.28085752366898803,0.8296271775833082
123879,0,0.0575836593912994,0.06914882719774827,-0.28085752366898803,0.8296271775833082
123881,0,0.0126451166413861,0.01991487775785354,-0.28085752366898803,0.8296271775833082
123885,0,0.0525405894898042,0.06414564468477091,-0.28085752366898803,0.8296271775833082
123891,0,0.0265192560490567,0.03661447569628383,-0.28085752366898803,0.8296271775833082
123892,0,0.0416616978299969,0.05303791689598347,-0.28085752366898803,0.8296271775833082
123899,0,0.0004945796541694,0.0013647679062361842,-0.28085752366898803,0.8296271775833082
123900,0,0.208300014318321,0.19963482005580543,-0.28085752366898803,0.8296271775833082
123903,1,0.1584130075691561,0.15890415115772194,-0.28085752366898803,0.8296271775833082
123912,0,0.0540530767717894,0.06565493686829219,-0.28085752366898803,0.8296271775833082
123913,0,0.0806381785333594,0.09112897044602437,-0.28085752366898803,0.8296271775833082
123914,0,0.0327709556092131,0.043560927223922324,-0.28085752366898803,0.8296271775833082
123915,0,0.0006883086106673,0.0017948659331331618,-0.28085752366898803,0.8296271775833082
123919,0,0.0716698060118942,0.08273175131426669,-0.28085752366898803,0.8296271775833082
123920,0,0.0758667903451802,0.08668313183897235,-0.28085752366898803,0.8296271775833082
123926,0,0.0200385477268974,0.02908582012669319,-0.28085752366898803,0.8296271775833082
123927,0,0.0115619633119463,0.018498835184773122,-0.28085752366898803,0.8296271775833082
123930,0,0.0648292125392068,0.07620170286509989,-0.28085752366898803,0.8296271775833082
123931,0,0.1755886093631126,0.1730881062397747,-0.28085752366898803,0.8296271775833082
123935,0,0.0427503501853562,0.05417138278302974,-0.28085752366898803,0.8296271775833082
123936,0,0.1935897923404098,0.18776294804550828,-0.28085752366898803,0.8296271775833082
123937,0,0.006594560648575,0.011642875567715113,-0.28085752366898803,0.8296271775833082
123940,0,0.3130958654814014,0.2823806248742375,-0.28085752366898803,0.8296271775833082
123941,1,0.3480691257713556,0.309709099156978,-0.28085752366898803,0.8296271775833082
123943,0,0.0461670621501801,0.057695312381344316,-0.28085752366898803,0.8296271775833082
123948,0,0.1462843498766309,0.1487602457266798,-0.28085752366898803,0.8296271775833082
123949,1,0.1170649426372837,0.12377709873933995,-0.28085752366898803,0.8296271775833082
123950,0,0.5194061502972558,0.4461037914999422,-0.28085752366898803,0.8296271775833082
123951,0,0.0122290457092696,0.019373625944901204,-0.28085752366898803,0.8296271775833082
123953,0,0.0728447215396541,0.08384193126216934,-0.28085752366898803,0.8296271775833082
123960,0,0.0333917200583877,0.04423669509613203,-0.28085752366898803,0.8296271775833082
123962,0,0.0057661383740341,0.01042145499298067,-0.28085752366898803,0.8296271775833082
123963,0,0.0599063269054488,0.07142621333942577,-0.28085752366898803,0.8296271775833082
123964,0,0.0111824489394794,0.017997113220096037,-0.28085752366898803,0.8296271775833082
123966,0,0.0221988942912144,0.03163897451878322,-0.28085752366898803,0.8296271775833082
123968,0,0.0020046375831838,0.004350610384841687,-0.28085752366898803,0.8296271775833082
123969,0,0.0182967423750945,0.026990666470206277,-0.28085752366898803,0.8296271775833082
123970,0,0.0451669625879297,0.05666891095765925,-0.28085752366898803,0.8296271775833082
123971,0,0.3135609460932709,0.2827441721310389,-0.28085752366898803,0.8296271775833082
123972,0,0.0577761402192082,0.06933817607017165,-0.28085752366898803,0.8296271775833082
123975,1,0.2306950856807186,0.21754126250552205,-0.28085752366898803,0.8296271775833082
123982,0,0.0273451380321651,0.0375480333969765,-0.28085752366898803,0.8296271775833082
123984,0,0.0539208203643835,0.06552326789952366,-0.28085752366898803,0.8296271775833082
123988,0,0.140671940680893,0.1440254507238807,-0.28085752366898803,0.8296271775833082
123994,0,0.0613761713649852,0.07285917642565196,-0.28085752366898803,0.8296271775833082
123995,0,0.0322232970579506,0.04296279495583429,-0.28085752366898803,0.8296271775833082
123998,0,0.0014366478933266,0.003301925972277449,-0.28085752366898803,0.8296271775833082
124004,0,0.0453465012331745,0.056853473886747156,-0.28085752366898803,0.8296271775833082
124008,0,0.0055459026254766,0.010091644388385659,-0.28085752366898803,0.8296271775833082
124009,0,0.0447792566478208,0.05626989802965603,-0.28085752366898803,0.8296271775833082
124010,0,0.0597539233991224,0.07127727462486651,-0.28085752366898803,0.8296271775833082
124011,0,0.0780747926086878,0.08874639034099704,-0.28085752366898803,0.8296271775833082
124012,0,0.0060632168821904,0.010862833515867632,-0.28085752366898803,0.8296271775833082
124014,0,0.0182584400617407,0.026944197042094165,-0.28085752366898803,0.8296271775833082
124015,0,0.0335511070428763,0.04440983217199002,-0.28085752366898803,0.8296271775833082
124020,0,0.0302041358865213,0.040741132953371534,-0.28085752366898803,0.8296271775833082
124024,0,0.0280812251789406,0.038375746431011264,-0.28085752366898803,0.8296271775833082
124025,0,0.1149081289972697,0.12189673436044857,-0.28085752366898803,0.8296271775833082
124030,0,0.0438299047240856,0.055290183803710626,-0.28085752366898803,0.8296271775833082
124039,0,0.0478377906269463,0.05940101301900198,-0.28085752366898803,0.8296271775833082
124041,0,0.001950131800707,0.004252468491833589,-0.28085752366898803,0.8296271775833082
124045,0,0.1837513209307978,0.17976443776284723,-0.28085752366898803,0.8296271775833082
124047,0,0.0013003976648812,0.0030403998032323735,-0.28085752366898803,0.8296271775833082
124048,0,0.0219673520363604,0.03136757694989212,-0.28085752366898803,0.8296271775833082
124051,0,0.1247529797795567,0.13043560364984091,-0.28085752366898803,0.8296271775833082
124052,0,0.0014510871059874,0.003329383075066686,-0.28085752366898803,0.8296271775833082
124053,0,0.0545228580000006,0.0661221613993489,-0.28085752366898803,0.8296271775833082
124056,0,0.08026318881695,0.09078126597562713,-0.28085752366898803,0.8296271775833082
124057,1,0.1566234493679067,0.1574145723079954,-0.28085752366898803,0.8296271775833082
124059,0,0.0067818091030499,0.011915069171794102,-0.28085752366898803,0.8296271775833082
124061,0,0.0133332009574072,0.020803008022314412,-0.28085752366898803,0.8296271775833082
124062,0,0.0301713655184599,0.04070485609882132,-0.28085752366898803,0.8296271775833082
124063,0,0.0368690542592583,0.04798103936757842,-0.28085752366898803,0.8296271775833082
124068,0,0.0028372491618549,0.005799324687603745,-0.28085752366898803,0.8296271775833082
124069,0,0.0738372868502068,0.08477734381511397,-0.28085752366898803,0.8296271775833082
124071,0,0.0071124573737781,0.012392486439746365,-0.28085752366898803,0.8296271775833082
124074,0,0.0013519347980504,0.0031398558396365894,-0.28085752366898803,0.8296271775833082
124078,1,0.4847993716701704,0.4179203352956929,-0.28085752366898803,0.8296271775833082
124086,0,0.2073360085218747,0.1988597419387953,-0.28085752366898803,0.8296271775833082
124088,0,0.0370763435530556,0.04820214753539174,-0.28085752366898803,0.8296271775833082
124089,0,0.0013852924633208,0.003203878630864258,-0.28085752366898803,0.8296271775833082
124091,0,0.1088858583211435,0.1166156553131655,-0.28085752366898803,0.8296271775833082
124092,0,0.0147553538022204,0.022613018010667257,-0.28085752366898803,0.8296271775833082
124094,0,0.0032260552754624,0.006449200216858016,-0.28085752366898803,0.8296271775833082
124097,0,0.0145842598995217,0.02239699174337268,-0.28085752366898803,0.8296271775833082
124100,0,0.1048055049160355,0.1130103754237125,-0.28085752366898803,0.8296271775833082
124101,0,0.0489999772418116,0.06058112579001325,-0.28085752366898803,0.8296271775833082
124102,1,0.0462530988845137,0.05778342143564088,-0.28085752366898803,0.8296271775833082
124104,0,0.0739262507013791,0.08486107629675825,-0.28085752366898803,0.8296271775833082
124106,0,0.0005653195065682,0.0015246881174731976,-0.28085752366898803,0.8296271775833082
124107,0,0.0074918089920343,0.012935390603731195,-0.28085752366898803,0.8296271775833082
124108,0,0.0626127991733854,0.07406000480884006,-0.28085752366898803,0.8296271775833082
124110,0,0.0012715995302982,0.002984529236303374,-0.28085752366898803,0.8296271775833082
124111,0,0.0150520410791691,0.02298655026103448,-0.28085752366898803,0.8296271775833082
124119,0,0.1203058204329138,0.12659219121409326,-0.28085752366898803,0.8296271775833082
124121,0,0.0118244321683522,0.018844085645959865,-0.28085752366898803,0.8296271775833082
124129,0,0.0025987200848168,0.005392975120625372,-0.28085752366898803,0.8296271775833082
124135,0,0.0193619928052959,0.028276119419097363,-0.28085752366898803,0.8296271775833082
124138,0,0.0468239538611286,0.05836727335446543,-0.28085752366898803,0.8296271775833082
124144,1,0.1284603320282157,0.13362321163007881,-0.28085752366898803,0.8296271775833082
124153,0,0.001061674676762,0.0025702292925097385,-0.28085752366898803,0.8296271775833082
124157,0,0.0955776775252084,0.1047687921626685,-0.28085752366898803,0.8296271775833082
124158,0,0.2001432958882716,0.19306406716225955,-0.28085752366898803,0.8296271775833082
124160,0,0.0051541168304531,0.009499108240957392,-0.28085752366898803,0.8296271775833082
124161,0,0.034091887586222,0.044996148261982026,-0.28085752366898803,0.8296271775833082
124163,0,0.0068548934318978,0.012020944150755034,-0.28085752366898803,0.8296271775833082
124167,0,0.0230813206681721,0.032668613202518515,-0.28085752366898803,0.8296271775833082
124168,0,0.0044259798089324,0.008375984031250684,-0.28085752366898803,0.8296271775833082
124170,0,0.0380301179289228,0.04921661461122044,-0.28085752366898803,0.8296271775833082
124172,0,0.0006386587918038,0.0016868883406968532,-0.28085752366898803,0.8296271775833082
124174,0,0.0839828379629128,0.09421799442415496,-0.28085752366898803,0.8296271775833082
124175,0,0.0421624511032861,0.05355994667557201,-0.28085752366898803,0.8296271775833082
124178,0,0.0898303872039765,0.0995682046910442,-0.28085752366898803,0.8296271775833082
124179,0,0.0388464768677711,0.05008122804360357,-0.28085752366898803,0.8296271775833082
124180,0,0.0087512642699778,0.01470431152533331,-0.28085752366898803,0.8296271775833082
124182,0,0.0231262694267082,0.03272086610310979,-0.28085752366898803,0.8296271775833082
124183,0,0.0271518017139148,0.03732995862864671,-0.28085752366898803,0.8296271775833082
124189,0,0.0395478454772921,0.050821402114294964,-0.28085752366898803,0.8296271775833082
124194,0,0.0111554235535978,0.017961269599152042,-0.28085752366898803,0.8296271775833082
124197,0,0.0084023267547673,0.014219069604386968,-0.28085752366898803,0.8296271775833082
124199,0,0.0868747444694968,0.09687169805349144,-0.28085752366898803,0.8296271775833082
124205,0,0.0556129586445086,0.06720353890228374,-0.28085752366898803,0.8296271775833082
124208,0,0.086445725754792,0.09647899267865725,-0.28085752366898803,0.8296271775833082
124210,0,0.0678902273291074,0.07913818811831147,-0.28085752366898803,0.8296271775833082
124211,0,0.0109725633896428,0.01771833046838681,-0.28085752366898803,0.8296271775833082
124215,0,0.0534504443471842,0.06505450612383543,-0.28085752366898803,0.8296271775833082
124218,0,0.1080151261888938,0.11584819667483988,-0.28085752366898803,0.8296271775833082
124223,0,0.0544497090975955,0.0660494586261031,-0.28085752366898803,0.8296271775833082
124224,1,0.873727774526838,0.7898321880008337,-0.28085752366898803,0.8296271775833082
124226,0,0.1255703707266176,0.13113965873162,-0.28085752366898803,0.8296271775833082
124236,0,0.0370270776192009,0.04814961784187361,-0.28085752366898803,0.8296271775833082
124237,0,0.0318043552743496,0.042503985692934725,-0.28085752366898803,0.8296271775833082
124238,0,0.0965978528232007,0.10568629344364622,-0.28085752366898803,0.8296271775833082
124239,0,0.0054690619694614,0.009976030749434022,-0.28085752366898803,0.8296271775833082
124240,0,0.1473886797043669,0.14968872255955523,-0.28085752366898803,0.8296271775833082
124245,0,0.0092074904010573,0.015333573473801923,-0.28085752366898803,0.8296271775833082
124248,0,0.0021485423115525,0.004607533665898406,-0.28085752366898803,0.8296271775833082
124249,0,0.0028156577437803,0.0057627953555805566,-0.28085752366898803,0.8296271775833082
124256,0,0.2923924972316205,0.26618296835368355,-0.28085752366898803,0.8296271775833082
124262,0,0.0094180082913337,0.015622041972435864,-0.28085752366898803,0.8296271775833082
124266,0,0.146079919363933,0.14858825671554826,-0.28085752366898803,0.8296271775833082
124271,0,0.0097884423208957,0.016126859050504573,-0.28085752366898803,0.8296271775833082
124272,0,0.0230444868066507,0.03262578000918425,-0.28085752366898803,0.8296271775833082
124273,0,0.0084344980429524,0.014263956502786333,-0.28085752366898803,0.8296271775833082
124276,1,0.9453983248517616,0.8894228240705034,-0.28085752366898803,0.8296271775833082
124279,0,0.0403108176007293,0.05162386857930915,-0.28085752366898803,0.8296271775833082
124281,0,0.0098370175093124,0.016192799497188024,-0.28085752366898803,0.8296271775833082
124283,1,0.0174368837460903,0.025943119812747033,-0.28085752366898803,0.8296271775833082
124287,0,0.1216696499829804,0.12777321733766875,-0.28085752366898803,0.8296271775833082
124290,0,0.048680274523425,0.060257004396570654,-0.28085752366898803,0.8296271775833082
124295,0,0.0013637878919146,0.0031626362653121914,-0.28085752366898803,0.8296271775833082
124296,0,0.283190179603925,0.2589706411194173,-0.28085752366898803,0.8296271775833082
124297,0,0.0085946288524231,0.01448692625880811,-0.28085752366898803,0.8296271775833082
124298,0,0.0267229374353901,0.03684520048039885,-0.28085752366898803,0.8296271775833082
124303,1,0.1411125768527153,0.14439818178161493,-0.28085752366898803,0.8296271775833082
124308,0,0.057220657639016,0.068791420973492,-0.28085752366898803,0.8296271775833082
124312,0,0.0964214076495755,0.10552772391342281,-0.28085752366898803,0.8296271775833082
124314,0,0.0051909715962781,0.00955517823524552,-0.28085752366898803,0.8296271775833082
124317,0,0.0537824415768846,0.06538544114676186,-0.28085752366898803,0.8296271775833082
124322,0,0.0601554292594414,0.07166950593085307,-0.28085752366898803,0.8296271775833082
124323,0,0.0130165139031081,0.020395305110028725,-0.28085752366898803,0.8296271775833082
124330,0,0.0223836099471658,0.03185511476985176,-0.28085752366898803,0.8296271775833082
124331,1,0.1535010263583781,0.1548098022851473,-0.28085752366898803,0.8296271775833082
124334,0,0.0411376330183368,0.052490356034965116,-0.28085752366898803,0.8296271775833082
124335,0,0.004728936212512,0.008846964819252125,-0.28085752366898803,0.8296271775833082
124338,0,0.0033567180118544,0.006664449808259431,-0.28085752366898803,0.8296271775833082
124340,0,0.0358734161336101,0.04691582793620622,-0.28085752366898803,0.8296271775833082
124345,0,0.0105712340203897,0.0171825677884039,-0.28085752366898803,0.8296271775833082
124346,0,0.0095330712673824,0.015779221310837806,-0.28085752366898803,0.8296271775833082
124347,0,0.0841611427550139,0.09438206456411712,-0.28085752366898803,0.8296271775833082
124356,0,0.1428039667867289,0.14582731733556972,-0.28085752366898803,0.8296271775833082
124365,0,0.3502021970341121,0.31137647168725385,-0.28085752366898803,0.8296271775833082
124368,0,0.0099116913852899,0.016294054997355385,-0.28085752366898803,0.8296271775833082
124370,0,0.0245802691454587,0.03440136669036912,-0.28085752366898803,0.8296271775833082
124372,0,0.0686745057517829,0.07988672800710754,-0.28085752366898803,0.8296271775833082
124373,0,0.0711102759740662,0.08220192050974391,-0.28085752366898803,0.8296271775833082
124374,0,0.3778355581111346,0.33300384771549024,-0.28085752366898803,0.8296271775833082
124375,0,0.0537432474856162,0.0653463917517911,-0.28085752366898803,0.8296271775833082
124376,0,0.0030541372405293,0.0061636403711686485,-0.28085752366898803,0.8296271775833082
124380,0,0.0013014772248481,0.0030424900413055897,-0.28085752366898803,0.8296271775833082
124381,0,0.0121111530758339,0.019219663815991026,-0.28085752366898803,0.8296271775833082
124382,0,0.0024222553856366,0.005088166223630159,-0.28085752366898803,0.8296271775833082
124383,1,0.0858744311246748,0.09595553156685274,-0.28085752366898803,0.8296271775833082
124387,0,0.3218260826895359,0.2892035393132226,-0.28085752366898803,0.8296271775833082
124388,0,0.00129144095351,0.003023046259622206,-0.28085752366898803,0.8296271775833082
124394,0,0.013012267760319,0.020389826544680262,-0.28085752366898803,0.8296271775833082
124396,0,0.0440084847423071,0.05547476838671181,-0.28085752366898803,0.8296271775833082
124398,0,0.0418099811510688,0.05319261946121427,-0.28085752366898803,0.8296271775833082
124401,0,0.0085448056581327,0.014417631521997128,-0.28085752366898803,0.8296271775833082
124406,0,0.0045069410817224,0.008502389144189226,-0.28085752366898803,0.8296271775833082
124409,0,0.3939279774050901,0.34563400150474133,-0.28085752366898803,0.8296271775833082
124417,0,0.0006010529501621,0.0016041426496251475,-0.28085752366898803,0.8296271775833082
124418,0,0.1079436236081054,0.11578512964741307,-0.28085752366898803,0.8296271775833082
124421,0,0.0136150241475559,0.02116435780520442,-0.28085752366898803,0.8296271775833082
124422,1,0.1303582161145618,0.13524947590079828,-0.28085752366898803,0.8296271775833082
124423,0,0.0500492498148838,0.061642216762507945,-0.28085752366898803,0.8296271775833082
124426,0,0.4201784658054312,0.36632127419138905,-0.28085752366898803,0.8296271775833082
124428,0,0.0210373282827079,0.030272137032337342,-0.28085752366898803,0.8296271775833082
124434,0,0.0098513431576439,0.016212235295297226,-0.28085752366898803,0.8296271775833082
124437,1,0.1133104883324848,0.12050020244401821,-0.28085752366898803,0.8296271775833082
124443,0,0.0888460320015824,0.09867187006905169,-0.28085752366898803,0.8296271775833082
124450,0,0.0034921389592264,0.0068859935618470584,-0.28085752366898803,0.8296271775833082
124452,0,0.1387558341035586,0.14240259497482755,-0.28085752366898803,0.8296271775833082
124453,0,0.0162950328752355,0.024537352923958148,-0.28085752366898803,0.8296271775833082
124458,0,0.0150848955808323,0.0230278319756106,-0.28085752366898803,0.8296271775833082
124460,0,0.0017350455022822,0.0038603643833583566,-0.28085752366898803,0.8296271775833082
124462,0,0.0090462723984313,0.015111861123350364,-0.28085752366898803,0.8296271775833082
124463,0,0.0150163641124723,0.0229417036262734,-0.28085752366898803,0.8296271775833082
124464,0,0.080555973752908,0.09105277128177029,-0.28085752366898803,0.8296271775833082
124467,0,0.183310936203919,0.1794052105542886,-0.28085752366898803,0.8296271775833082
124468,0,0.0097825955488824,0.01611891815081475,-0.28085752366898803,0.8296271775833082
124471,0,0.0871691947256046,0.09714103176610941,-0.28085752366898803,0.8296271775833082
124472,0,0.0115319820722364,0.018459308701001497,-0.28085752366898803,0.8296271775833082
124477,0,0.031632267721833,0.04231520181920534,-0.28085752366898803,0.8296271775833082
124482,0,0.107229283358709,0.11515468603682018,-0.28085752366898803,0.8296271775833082
124486,1,0.0157115683576403,0.023812175837691726,-0.28085752366898803,0.8296271775833082
124488,0,0.0116842361807555,0.01865984609497879,-0.28085752366898803,0.8296271775833082
124492,0,0.0593227453849262,0.07085552821273639,-0.28085752366898803,0.8296271775833082
124498,0,0.0181711360339824,0.026838211028433617,-0.28085752366898803,0.8296271775833082
124502,0,0.2247828680359522,0.21283128869091023,-0.28085752366898803,0.8296271775833082
124504,0,0.0258791254497813,0.03588722730042611,-0.28085752366898803,0.8296271775833082
124507,0,0.0374752451204883,0.04862700688228746,-0.28085752366898803,0.8296271775833082
124514,0,0.0090321483757483,0.015092403763462192,-0.28085752366898803,0.8296271775833082
124516,0,0.0331030789131291,0.04392276737364859,-0.28085752366898803,0.8296271775833082
124517,1,0.2524739666301489,0.23480317793353586,-0.28085752366898803,0.8296271775833082
124520,0,0.0480906583696156,0.05965822088155485,-0.28085752366898803,0.8296271775833082
124524,0,0.0001869809402539,0.0006092696844007358,-0.28085752366898803,0.8296271775833082
124525,0,0.0269735820047095,0.037128682936553525,-0.28085752366898803,0.8296271775833082
124529,0,0.0169496496542495,0.025345381506775906,-0.28085752366898803,0.8296271775833082
124531,0,0.089627156648411,0.0993832854479302,-0.28085752366898803,0.8296271775833082
124533,0,0.000902896615942,0.0022474394944466515,-0.28085752366898803,0.8296271775833082
124535,0,0.036031488067325,0.04708530335646802,-0.28085752366898803,0.8296271775833082
124539,0,0.0327079433239041,0.04349220128252532,-0.28085752366898803,0.8296271775833082
124547,1,0.2316518676086363,0.21830243070165045,-0.28085752366898803,0.8296271775833082
124553,1,0.155855448854987,0.1567745798778281,-0.28085752366898803,0.8296271775833082
124554,0,0.0096916150901942,0.01599524136076684,-0.28085752366898803,0.8296271775833082
124557,0,0.0301410583750919,0.040671299616653625,-0.28085752366898803,0.8296271775833082
124558,0,0.0409114541666444,0.05225364357887493,-0.28085752366898803,0.8296271775833082
124559,0,0.084173453475264,0.09439339025565925,-0.28085752366898803,0.8296271775833082
124561,0,0.0115341998924394,0.018462233250318844,-0.28085752366898803,0.8296271775833082
124563,0,0.2847787018927611,0.2602163700140868,-0.28085752366898803,0.8296271775833082
124565,0,0.0041877741054053,0.008001672533989578,-0.28085752366898803,0.8296271775833082
124566,0,0.1030185054031788,0.1114241657740565,-0.28085752366898803,0.8296271775833082
124567,0,0.0172349622221894,0.02569577572677327,-0.28085752366898803,0.8296271775833082
124568,0,0.4745861291753852,0.4096853159723414,-0.28085752366898803,0.8296271775833082
124574,0,0.0381541104421732,0.04934815321973908,-0.28085752366898803,0.8296271775833082
124577,0,0.0005255700302757,0.0014352804626929121,-0.28085752366898803,0.8296271775833082
124579,0,0.0022721795747531,0.004825882917709753,-0.28085752366898803,0.8296271775833082
124580,1,0.0519566679951549,0.06356085929983056,-0.28085752366898803,0.8296271775833082
124582,0,0.0130780272152191,0.02047463623487611,-0.28085752366898803,0.8296271775833082
124588,1,0.2210903434322184,0.20988368836444105,-0.28085752366898803,0.8296271775833082
124589,0,0.011701574639515,0.018682653036197643,-0.28085752366898803,0.8296271775833082
124590,0,0.0094446756435513,0.01565850082603807,-0.28085752366898803,0.8296271775833082
124593,0,0.0566877548745076,0.06826599036503735,-0.28085752366898803,0.8296271775833082
124596,0,0.0835208823395625,0.09379263695777361,-0.28085752366898803,0.8296271775833082
124605,0,0.0391236768342293,0.050374054639068216,-0.28085752366898803,0.8296271775833082
124609,0,0.0759869504343634,0.08679568367141283,-0.28085752366898803,0.8296271775833082
124610,0,0.0112098359313514,0.018033420544237955,-0.28085752366898803,0.8296271775833082
124615,0,0.0172584328672592,0.025724553062566064,-0.28085752366898803,0.8296271775833082
124616,0,0.1153276416565903,0.12226291796181532,-0.28085752366898803,0.8296271775833082
124618,0,0.08806244500829,0.09795713252547968,-0.28085752366898803,0.8296271775833082
124624,0,0.008166829224017,0.013889548112842362,-0.28085752366898803,0.8296271775833082
124632,0,0.0068123132139384,0.011959284064952527,-0.28085752366898803,0.8296271775833082
124636,0,0.0114291290719496,0.018323569029007107,-0.28085752366898803,0.8296271775833082
124637,0,0.0346217442148345,0.04556897115010242,-0.28085752366898803,0.8296271775833082
124638,0,0.0519321013066855,0.06353623022775422,-0.28085752366898803,0.8296271775833082
124643,1,0.0071622026742673,0.012463967085731172,-0.28085752366898803,0.8296271775833082
124653,0,0.3199747570146978,0.28775688331641125,-0.28085752366898803,0.8296271775833082
124654,0,0.0094537450171048,0.01567089601368169,-0.28085752366898803,0.8296271775833082
124662,0,0.129447542266691,0.134469595306619,-0.28085752366898803,0.8296271775833082
124665,0,0.1272054965072448,0.13254592118449737,-0.28085752366898803,0.8296271775833082
124668,0,0.0181539933512228,0.026817389156837238,-0.28085752366898803,0.8296271775833082
124683,0,0.1019496603471606,0.11047323401089017,-0.28085752366898803,0.8296271775833082
124684,0,0.0152731939245739,0.023264116175544323,-0.28085752366898803,0.8296271775833082
124685,0,0.1081600487709161,0.11597600090780828,-0.28085752366898803,0.8296271775833082
124688,0,0.0324972712093521,0.043262250042156045,-0.28085752366898803,0.8296271775833082
124689,1,0.0449479463743017,0.05644358448555353,-0.28085752366898803,0.8296271775833082
124691,0,0.1013888508443117,0.10997362801008463,-0.28085752366898803,0.8296271775833082
124701,0,0.0168047916766013,0.025167071180720726,-0.28085752366898803,0.8296271775833082
124702,0,0.0017909090732975,0.003962977507243744,-0.28085752366898803,0.8296271775833082
124706,0,0.0825374866463705,0.09288578685222336,-0.28085752366898803,0.8296271775833082
124710,0,0.0002216184855541,0.0007014805526927719,-0.28085752366898803,0.8296271775833082
124711,1,0.0653600056990996,0.0767126449053348,-0.28085752366898803,0.8296271775833082
124712,0,0.0056909997615304,0.010309187329312209,-0.28085752366898803,0.8296271775833082
124715,0,0.002766148942619,0.0056788484418024395,-0.28085752366898803,0.8296271775833082
124718,0,0.0480645668309105,0.05963169292373294,-0.28085752366898803,0.8296271775833082
124720,0,0.0595708251873916,0.07109824862758078,-0.28085752366898803,0.8296271775833082
124722,0,0.1535954891160046,0.15488871369513246,-0.28085752366898803,0.8296271775833082
124723,0,0.0072198177694413,0.012546645759183427,-0.28085752366898803,0.8296271775833082
124728,0,0.0777500102043776,0.08844354746090294,-0.28085752366898803,0.8296271775833082
124735,0,0.0457193738141408,0.05723635639669659,-0.28085752366898803,0.8296271775833082
124737,0,0.0291986323253714,0.03962471217565261,-0.28085752366898803,0.8296271775833082
124740,0,0.0173375623719955,0.025821521352094316,-0.28085752366898803,0.8296271775833082
124741,0,0.6785813206552667,0.5839693293405228,-0.28085752366898803,0.8296271775833082
124742,0,0.0312930155949111,0.04194248244309191,-0.28085752366898803,0.8296271775833082
124743,1,0.1360113558893085,0.14007226675214451,-0.28085752366898803,0.8296271775833082
124745,0,0.0254271828447429,0.03537179772720456,-0.28085752366898803,0.8296271775833082
124752,0,0.082843098947751,0.09316781078604097,-0.28085752366898803,0.8296271775833082
124756,0,0.0126757363451727,0.019954581779240456,-0.28085752366898803,0.8296271775833082
124757,0,0.0464313753607823,0.057965897024009554,-0.28085752366898803,0.8296271775833082
124769,0,0.0011907950244722,0.0028265719154321406,-0.28085752366898803,0.8296271775833082
124770,0,0.4947837330173156,0.4260052990686812,-0.28085752366898803,0.8296271775833082
124779,0,0.0065916635638557,0.011638653522589922,-0.28085752366898803,0.8296271775833082
124781,0,0.0081188733393491,0.013822238890984969,-0.28085752366898803,0.8296271775833082
124785,1,0.3512796740706724,0.31221878865224817,-0.28085752366898803,0.8296271775833082
124786,0,0.0003015010185479,0.0009054462143134974,-0.28085752366898803,0.8296271775833082
124788,1,0.0703555187766682,0.08148605280779006,-0.28085752366898803,0.8296271775833082
124792,0,0.0102810298951981,0.01679287868488653,-0.28085752366898803,0.8296271775833082
124794,0,0.2512045212397107,0.23380038311602025,-0.28085752366898803,0.8296271775833082
124796,0,0.0744582680766124,0.08536143937222956,-0.28085752366898803,0.8296271775833082
124798,0,0.0361198490977154,0.04717997953292307,-0.28085752366898803,0.8296271775833082
124802,0,0.0094054273345668,0.015604835223839335,-0.28085752366898803,0.8296271775833082
124810,0,0.2023093522766145,0.19481180562683229,-0.28085752366898803,0.8296271775833082
124812,0,0.4258205834682231,0.37078448104434625,-0.28085752366898803,0.8296271775833082
124814,0,0.1324415655406777,0.13703046719701373,-0.28085752366898803,0.8296271775833082
124815,0,0.0336004303507158,0.044463379992799416,-0.28085752366898803,0.8296271775833082
124817,0,0.121198383503381,0.12736535650032507,-0.28085752366898803,0.8296271775833082
124821,0,0.0864748481953147,0.09650566072851643,-0.28085752366898803,0.8296271775833082
