SEQN,RIDAGEYR,LBXSASSI,LBXSATSI,LBXPLTSI,BMXBMI,fib4,outcome_primary_8.2kPa,LUXSMED,bmi_group_final,age_group_final,RIAGENDR,RIDRETH3,split
109266,29.0,14.0,15.0,314.0,37.8,0.3338495198641637,0,6.4,Obese,18-39,2.0,6.0,proper_train
109271,49.0,14.0,8.0,254.0,29.7,0.9548725430983693,0,5.5,Overweight,40-59,1.0,3.0,test
109273,36.0,27.0,35.0,188.0,21.9,0.8739254634001257,0,2.7,Normal,18-39,1.0,3.0,test
109274,68.0,20.0,19.0,173.0,30.2,1.803499410774358,0,4.4,Obese,60+,1.0,7.0,test
109282,76.0,19.0,17.0,154.0,26.6,2.274165211379642,0,4.6,Overweight,60+,1.0,3.0,test
109284,44.0,15.0,16.0,383.0,39.1,0.4308093994778068,0,4.4,Obese,40-59,2.0,1.0,test
109290,68.0,18.0,19.0,289.0,28.1,0.9716431081576733,0,5.1,Overweight,60+,2.0,4.0,proper_train
109291,42.0,25.0,11.0,349.0,31.3,0.9071258217955639,0,5.0,Obese,40-59,2.0,6.0,proper_train
109293,44.0,21.0,19.0,280.0,30.1,0.7570719217728538,0,4.5,Obese,40-59,1.0,3.0,conformal_calibration
109297,30.0,14.0,17.0,316.0,23.2,0.32235747631411343,0,4.0,Normal,18-39,2.0,6.0,test
109300,54.0,24.0,32.0,213.0,29.6,1.0755990474386918,0,5.1,Overweight,40-59,2.0,6.0,test
109303,18.0,17.0,13.0,351.0,17.9,0.24179239322638194,0,4.8,Underweight,18-39,1.0,6.0,conformal_calibration
109307,47.0,22.0,14.0,235.0,24.6,1.1759494644146673,0,4.5,Normal,40-59,1.0,6.0,conformal_calibration
109312,48.0,20.0,18.0,306.0,23.9,0.7394580718290694,0,3.4,Normal,40-59,2.0,3.0,test
109313,63.0,28.0,24.0,252.0,25.2,1.4288690166235207,0,5.0,Overweight,60+,1.0,3.0,proper_train
109315,30.0,20.0,18.0,229.0,31.8,0.6175605075865045,0,3.9,Obese,18-39,2.0,4.0,proper_train
109316,62.0,10.0,9.0,274.0,30.5,0.754257907542579,0,4.3,Obese,60+,2.0,4.0,test
109317,28.0,11.0,9.0,243.0,30.1,0.4224965706447188,0,5.2,Obese,18-39,2.0,4.0,proper_train
109319,22.0,22.0,21.0,207.0,30.5,0.5102292699237696,0,5.3,Obese,18-39,1.0,4.0,conformal_calibration
109321,19.0,15.0,10.0,410.0,33.2,0.21981686174341175,0,5.1,Obese,18-39,2.0,4.0,proper_train
109322,45.0,14.0,13.0,244.0,29.3,0.716108859880931,0,4.5,Overweight,40-59,2.0,1.0,proper_train
109324,49.0,15.0,8.0,326.0,24.0,0.7971219082394362,0,8.0,Normal,40-59,2.0,3.0,test
109326,44.0,16.0,9.0,217.0,21.6,1.0814132104454686,0,4.0,Normal,40-59,2.0,3.0,proper_train
109327,58.0,27.0,48.0,151.0,23.7,1.4969048370048907,0,3.5,Normal,40-59,2.0,1.0,proper_train
109330,76.0,31.0,26.0,379.0,23.3,1.2191282701466006,0,4.3,Normal,60+,1.0,6.0,proper_train
109333,41.0,17.0,14.0,304.0,26.4,0.6127667289899994,0,6.0,Overweight,40-59,2.0,2.0,proper_train
109336,35.0,17.0,40.0,259.0,33.5,0.3632345961004219,0,4.8,Obese,18-39,1.0,1.0,conformal_calibration
109337,48.0,16.0,18.0,235.0,38.5,0.7702950467393881,0,6.3,Obese,40-59,2.0,4.0,test
109340,44.0,44.0,70.0,281.0,46.2,0.8234742304880378,1,24.7,Obese,40-59,1.0,7.0,test
109342,43.0,12.0,9.0,237.0,35.5,0.7257383966244726,0,5.0,Obese,40-59,2.0,3.0,test
109348,63.0,24.0,12.0,181.0,19.6,2.411474052526835,0,4.8,Normal,60+,2.0,3.0,proper_train
109349,47.0,14.0,22.0,306.0,40.5,0.4584512136012799,1,11.7,Obese,40-59,2.0,1.0,test
109350,59.0,23.0,16.0,313.0,36.6,1.0838658146964857,0,4.4,Obese,40-59,1.0,3.0,proper_train
109351,58.0,24.0,25.0,112.0,23.6,2.4857142857142858,0,5.2,Normal,40-59,1.0,4.0,proper_train
109365,49.0,13.0,10.0,257.0,32.0,0.7838018947576878,0,4.9,Obese,40-59,2.0,2.0,proper_train
109367,80.0,20.0,15.0,274.0,28.3,1.5077307430491158,0,6.8,Overweight,60+,1.0,3.0,proper_train
109369,80.0,15.0,16.0,269.0,25.1,1.1152416356877324,0,2.6,Overweight,60+,2.0,2.0,test
109371,62.0,24.0,25.0,187.0,29.3,1.5914438502673798,1,21.5,Overweight,60+,1.0,6.0,test
109373,30.0,17.0,8.0,261.0,27.2,0.6908514528834084,0,4.2,Overweight,18-39,2.0,3.0,proper_train
109377,41.0,22.0,32.0,369.0,29.4,0.4321208107251124,0,4.4,Overweight,40-59,1.0,3.0,test
109378,36.0,24.0,42.0,250.0,29.9,0.5332723774689896,0,5.0,Overweight,18-39,1.0,3.0,proper_train
109379,66.0,12.0,8.0,314.0,33.4,0.8917652399677478,0,5.1,Obese,60+,2.0,3.0,test
109382,70.0,20.0,20.0,120.0,35.8,2.608745973749754,1,12.0,Obese,60+,2.0,1.0,proper_train
109389,56.0,30.0,25.0,195.0,26.3,1.7230769230769232,0,4.9,Overweight,40-59,1.0,7.0,proper_train
109390,44.0,10.0,9.0,340.0,38.2,0.43137254901960786,0,4.1,Obese,40-59,2.0,4.0,test
109391,56.0,33.0,46.0,296.0,34.1,0.9205159965346281,1,9.7,Obese,40-59,2.0,2.0,conformal_calibration
109392,79.0,17.0,10.0,152.0,24.8,2.7940387484250873,0,4.8,Normal,60+,1.0,1.0,proper_train
109393,76.0,18.0,15.0,457.0,21.5,0.7729017093525523,0,3.7,Normal,60+,1.0,4.0,proper_train
109394,29.0,17.0,10.0,205.0,31.7,0.7604892129087859,0,4.5,Obese,18-39,2.0,4.0,conformal_calibration
109395,56.0,23.0,27.0,292.0,24.0,0.8488894368906826,0,4.1,Normal,40-59,1.0,4.0,proper_train
109396,37.0,17.0,15.0,243.0,21.5,0.6683419821027339,0,3.2,Normal,18-39,2.0,6.0,proper_train
109397,47.0,24.0,26.0,248.0,49.0,0.8920120985317403,0,7.8,Obese,40-59,2.0,3.0,test
109403,30.0,12.0,9.0,147.0,27.1,0.8163265306122449,0,4.7,Overweight,18-39,1.0,7.0,proper_train
109404,23.0,17.0,19.0,293.0,30.7,0.30614864144501586,0,5.6,Obese,18-39,2.0,2.0,proper_train
109405,32.0,17.0,17.0,222.0,24.2,0.5943215316205637,0,3.1,Normal,18-39,2.0,1.0,proper_train
109408,51.0,19.0,18.0,173.0,40.0,1.3202051463771958,1,10.2,Obese,40-59,1.0,4.0,test
109411,55.0,22.0,17.0,272.0,20.2,1.0789268613748637,0,2.5,Normal,40-59,2.0,4.0,proper_train
109413,59.0,28.0,45.0,443.0,28.7,0.5559043339096542,0,5.8,Overweight,40-59,2.0,6.0,conformal_calibration
109414,62.0,26.0,34.0,326.0,36.4,0.8480236786801357,0,6.1,Obese,60+,2.0,1.0,proper_train
109415,61.0,27.0,36.0,267.0,42.8,1.0280898876404494,0,6.9,Obese,60+,2.0,4.0,test
109423,28.0,13.0,13.0,292.0,25.7,0.3457377935376428,0,3.7,Overweight,18-39,2.0,1.0,test
109426,61.0,19.0,20.0,182.0,27.9,1.4239575746825583,0,4.4,Overweight,60+,2.0,6.0,test
109429,27.0,107.0,98.0,224.0,19.6,1.302826205897918,1,8.4,Normal,18-39,1.0,3.0,proper_train
109431,45.0,24.0,25.0,199.0,30.3,1.085427135678392,0,5.6,Obese,40-59,2.0,2.0,proper_train
109432,44.0,24.0,37.0,279.0,19.8,0.6222413282955459,0,3.9,Normal,40-59,2.0,4.0,proper_train
109435,62.0,36.0,19.0,77.0,41.7,6.650076857131088,1,26.0,Obese,60+,1.0,7.0,proper_train
109436,80.0,31.0,34.0,250.0,25.5,1.7012659646136876,1,8.2,Overweight,60+,1.0,6.0,conformal_calibration
109439,59.0,21.0,19.0,294.0,32.6,0.9668234498830817,0,5.1,Obese,40-59,2.0,4.0,conformal_calibration
109441,20.0,22.0,20.0,191.0,18.0,0.515115136177962,0,6.6,Underweight,18-39,2.0,3.0,proper_train
109444,21.0,14.0,10.0,223.0,21.7,0.41691014891905986,0,5.4,Normal,18-39,1.0,4.0,test
109450,29.0,18.0,13.0,239.0,21.5,0.6057604653338277,0,6.2,Normal,18-39,1.0,7.0,conformal_calibration
109454,25.0,22.0,29.0,357.0,50.9,0.2860852548946177,0,7.8,Obese,18-39,2.0,4.0,proper_train
109455,40.0,20.0,26.0,289.0,25.9,0.5428820349845925,0,5.7,Overweight,40-59,1.0,3.0,conformal_calibration
109457,76.0,12.0,17.0,314.0,32.7,0.70443468163419,0,3.8,Obese,60+,1.0,3.0,test
109458,18.0,18.0,26.0,283.0,21.0,0.22452872008753227,0,4.3,Normal,18-39,1.0,6.0,proper_train
109459,32.0,21.0,34.0,373.0,43.3,0.3089733222942786,0,6.0,Obese,18-39,1.0,6.0,test
109464,30.0,18.0,20.0,243.0,31.8,0.4969039949999533,0,5.4,Obese,18-39,1.0,6.0,proper_train
109466,40.0,50.0,81.0,209.0,26.2,1.063264221158958,0,6.6,Overweight,40-59,1.0,1.0,proper_train
109467,21.0,18.0,16.0,181.0,36.3,0.5220994475138122,0,5.8,Obese,18-39,1.0,3.0,proper_train
109468,60.0,14.0,16.0,236.0,43.0,0.8898305084745762,0,4.5,Obese,60+,1.0,3.0,conformal_calibration
109472,34.0,33.0,64.0,191.0,35.7,0.7342931937172775,0,5.7,Obese,18-39,1.0,1.0,proper_train
109473,19.0,31.0,56.0,269.0,33.9,0.2925964154022639,0,4.7,Obese,18-39,1.0,3.0,proper_train
109474,80.0,33.0,28.0,220.0,27.6,2.2677868380553634,0,5.6,Overweight,60+,2.0,3.0,conformal_calibration
109478,27.0,16.0,10.0,291.0,26.1,0.469451528932213,0,4.8,Overweight,18-39,2.0,3.0,test
109480,30.0,29.0,59.0,262.0,61.9,0.43230668913479686,0,7.8,Obese,18-39,1.0,4.0,proper_train
109481,60.0,16.0,10.0,212.0,27.7,1.4319747895102093,1,75.0,Overweight,60+,1.0,2.0,test
109482,48.0,21.0,17.0,257.0,27.8,0.9512681324382243,0,4.6,Overweight,40-59,2.0,3.0,proper_train
109483,76.0,15.0,11.0,250.0,38.7,1.374891731274602,0,7.3,Obese,60+,2.0,3.0,test
109486,65.0,22.0,27.0,190.0,27.4,1.4484401490195875,0,7.0,Overweight,60+,1.0,2.0,proper_train
109488,40.0,21.0,19.0,192.0,26.6,1.0036938356837075,0,2.6,Overweight,40-59,1.0,4.0,proper_train
109495,52.0,34.0,48.0,219.0,34.9,1.1652457487754093,1,9.2,Obese,40-59,1.0,3.0,proper_train
109496,50.0,25.0,32.0,219.0,38.5,1.0089994023780644,0,4.7,Obese,40-59,1.0,3.0,conformal_calibration
109497,48.0,17.0,11.0,283.0,29.6,0.8693754670510782,0,5.5,Overweight,40-59,2.0,4.0,proper_train
109501,45.0,33.0,51.0,172.0,34.6,1.2089627469660433,0,7.2,Obese,40-59,1.0,1.0,proper_train
109502,29.0,15.0,13.0,220.0,30.0,0.5483967849044878,0,3.3,Obese,18-39,2.0,1.0,proper_train
109503,71.0,35.0,36.0,131.0,27.4,3.1615776081424936,1,11.4,Overweight,60+,1.0,3.0,proper_train
109504,53.0,26.0,24.0,159.0,29.0,1.7690759253434065,0,6.1,Overweight,40-59,1.0,4.0,proper_train
109508,39.0,36.0,48.0,421.0,38.2,0.4813537873766239,0,8.1,Obese,18-39,2.0,3.0,conformal_calibration
109510,28.0,23.0,18.0,242.0,24.7,0.6272407260112075,0,4.8,Normal,18-39,1.0,6.0,proper_train
109512,42.0,39.0,24.0,262.0,38.5,1.2761654575950527,0,3.8,Obese,40-59,1.0,4.0,conformal_calibration
109513,48.0,14.0,14.0,261.0,46.0,0.6881208987170467,1,10.4,Obese,40-59,2.0,3.0,test
109518,25.0,15.0,12.0,254.0,26.1,0.4261936042246253,0,3.9,Overweight,18-39,2.0,6.0,proper_train
109519,55.0,14.0,22.0,158.0,42.4,1.0390161493279748,0,5.3,Obese,40-59,1.0,4.0,test
109520,80.0,14.0,11.0,168.0,29.0,2.010075630518424,0,5.6,Overweight,60+,1.0,4.0,conformal_calibration
109526,31.0,13.0,12.0,182.0,38.9,0.6392092266028,0,5.3,Obese,18-39,2.0,4.0,proper_train
109527,69.0,20.0,17.0,312.0,22.9,1.072753726122242,0,2.6,Normal,60+,2.0,4.0,conformal_calibration
109530,49.0,19.0,18.0,499.0,32.8,0.4397571231026559,1,8.3,Obese,40-59,2.0,1.0,conformal_calibration
109531,32.0,20.0,29.0,300.0,39.8,0.39615005477771065,0,6.9,Obese,18-39,1.0,6.0,proper_train
109532,70.0,26.0,23.0,198.0,29.1,1.9166476443630107,0,5.9,Overweight,60+,1.0,3.0,test
109536,48.0,15.0,13.0,214.0,24.0,0.9331405170144041,0,6.1,Normal,40-59,2.0,3.0,conformal_calibration
109538,66.0,24.0,23.0,234.0,30.2,1.4114821874632755,0,6.3,Obese,60+,2.0,3.0,proper_train
109539,19.0,15.0,12.0,258.0,35.9,0.31888532309892126,0,5.3,Obese,18-39,2.0,3.0,proper_train
109541,35.0,13.0,13.0,361.0,32.7,0.3495686832167303,0,5.6,Obese,18-39,2.0,4.0,test
109542,18.0,18.0,14.0,172.0,38.9,0.5034455952303808,0,3.6,Obese,18-39,2.0,1.0,proper_train
109544,76.0,17.0,13.0,155.0,42.1,2.3118472694290197,0,5.6,Obese,60+,2.0,3.0,proper_train
109545,36.0,22.0,31.0,198.0,31.8,0.7184212081070996,0,4.5,Obese,18-39,2.0,6.0,proper_train
109548,25.0,15.0,18.0,267.0,42.1,0.33104250055549983,0,4.1,Obese,18-39,2.0,4.0,conformal_calibration
109549,22.0,23.0,31.0,239.0,35.7,0.3802522293955988,0,6.3,Obese,18-39,1.0,3.0,proper_train
109550,64.0,14.0,21.0,243.0,37.3,0.8046223442446468,0,3.9,Obese,60+,2.0,3.0,proper_train
109551,65.0,12.0,6.0,161.0,23.1,1.9778488606323799,0,4.5,Normal,60+,1.0,7.0,test
109552,74.0,31.0,39.0,208.0,34.0,1.7660287732157207,0,6.1,Obese,60+,1.0,3.0,proper_train
109554,21.0,49.0,17.0,242.0,19.5,1.0312775130677134,0,7.3,Normal,18-39,1.0,4.0,proper_train
109555,22.0,15.0,12.0,253.0,19.6,0.3765327842541038,0,6.0,Normal,18-39,2.0,6.0,conformal_calibration
109558,57.0,21.0,22.0,195.0,29.1,1.3087243973213625,0,4.3,Overweight,40-59,1.0,3.0,proper_train
109560,34.0,26.0,22.0,308.0,27.0,0.6119137443453234,0,5.7,Overweight,18-39,1.0,1.0,proper_train
109562,80.0,21.0,20.0,327.0,29.0,1.1488055664219101,0,2.6,Overweight,60+,2.0,3.0,conformal_calibration
109564,19.0,14.0,11.0,195.0,23.8,0.41129239824453906,0,4.4,Normal,18-39,1.0,3.0,proper_train
109565,80.0,13.0,10.0,163.0,33.2,2.0176495500460825,0,5.4,Obese,60+,1.0,3.0,proper_train
109567,49.0,14.0,13.0,203.0,29.5,0.9372520556909044,0,4.3,Overweight,40-59,1.0,3.0,test
109568,32.0,14.0,16.0,279.0,43.6,0.4014336917562724,0,4.9,Obese,18-39,2.0,4.0,proper_train
109570,78.0,18.0,15.0,251.0,25.5,1.4442678932470685,0,6.2,Overweight,60+,2.0,3.0,test
109571,28.0,22.0,29.0,256.0,35.6,0.44682940748853106,0,3.1,Obese,18-39,2.0,7.0,test
109574,55.0,59.0,77.0,374.0,22.4,0.9887755898703879,0,8.0,Normal,40-59,2.0,6.0,proper_train
109577,74.0,17.0,14.0,194.0,39.4,1.7330651666279893,0,3.5,Obese,60+,2.0,2.0,test
109579,42.0,10.0,6.0,297.0,27.2,0.5773208147973822,0,2.5,Overweight,40-59,2.0,3.0,proper_train
109580,39.0,13.0,9.0,360.0,23.4,0.46944444444444444,0,5.0,Normal,18-39,2.0,4.0,proper_train
109581,43.0,19.0,23.0,206.0,27.9,0.8269722149739326,0,3.3,Overweight,40-59,1.0,3.0,conformal_calibration
109585,20.0,20.0,18.0,220.0,28.2,0.42854956435548336,0,3.2,Overweight,18-39,1.0,4.0,conformal_calibration
109587,74.0,15.0,15.0,248.0,40.2,1.1556482565296324,0,5.6,Obese,60+,2.0,3.0,proper_train
109588,71.0,37.0,25.0,161.0,21.3,3.2633540372670806,1,8.4,Normal,60+,1.0,3.0,proper_train
109591,68.0,19.0,20.0,269.0,29.8,1.073977630828895,0,7.0,Overweight,60+,1.0,1.0,test
109592,62.0,18.0,18.0,203.0,26.9,1.2957818847359395,1,8.3,Overweight,60+,2.0,1.0,test
109593,52.0,26.0,28.0,207.0,25.0,1.2343187620977663,0,4.6,Overweight,40-59,1.0,7.0,test
109597,70.0,19.0,15.0,231.0,32.0,1.4865996682412306,0,5.8,Obese,60+,2.0,7.0,test
109598,25.0,15.0,20.0,257.0,25.9,0.32627451033557237,0,5.4,Overweight,18-39,1.0,3.0,conformal_calibration
109601,30.0,23.0,23.0,305.0,33.5,0.4717211334405954,0,4.8,Obese,18-39,1.0,3.0,test
109602,43.0,15.0,10.0,272.0,30.8,0.7498783422090458,0,3.1,Obese,40-59,2.0,2.0,test
109606,32.0,20.0,20.0,254.0,22.2,0.563418702992073,0,3.7,Normal,18-39,2.0,4.0,proper_train
109607,63.0,16.0,18.0,207.0,23.2,1.147767528882512,0,4.1,Normal,60+,1.0,1.0,proper_train
109608,54.0,27.0,22.0,223.0,19.5,1.3939311410156054,0,3.9,Normal,40-59,2.0,3.0,test
109610,78.0,15.0,13.0,252.0,32.6,1.287696884094282,0,7.0,Obese,60+,1.0,4.0,proper_train
109611,55.0,34.0,33.0,234.0,21.2,1.3911334044322863,0,4.6,Normal,40-59,1.0,4.0,proper_train
109612,75.0,14.0,10.0,210.0,29.8,1.5811388300841895,0,5.4,Overweight,60+,1.0,4.0,proper_train
109614,80.0,24.0,24.0,170.0,29.0,2.305402110854756,0,7.2,Overweight,60+,1.0,3.0,test
109615,65.0,25.0,19.0,219.0,28.0,1.7022856965281408,0,3.9,Overweight,60+,2.0,4.0,conformal_calibration
109617,64.0,18.0,19.0,302.0,25.6,0.875122269598964,0,3.9,Overweight,60+,1.0,1.0,proper_train
109620,59.0,53.0,36.0,54.0,33.1,9.651234567901234,1,75.0,Obese,40-59,2.0,2.0,proper_train
109623,31.0,19.0,11.0,239.0,18.8,0.7430551546288818,0,3.4,Normal,18-39,2.0,6.0,proper_train
109626,61.0,17.0,24.0,284.0,31.9,0.7453406288926514,0,4.8,Obese,60+,1.0,2.0,proper_train
109628,39.0,18.0,20.0,481.0,43.0,0.32634505617564497,0,6.4,Obese,18-39,2.0,2.0,proper_train
109629,40.0,20.0,15.0,245.0,19.6,0.8430984155009342,0,5.3,Normal,40-59,1.0,4.0,test
109630,56.0,20.0,24.0,227.0,35.7,1.0071323465187811,0,5.4,Obese,40-59,2.0,3.0,proper_train
109634,62.0,20.0,15.0,229.0,23.3,1.3981075252684707,0,2.5,Normal,60+,2.0,1.0,test
109635,40.0,18.0,16.0,229.0,33.6,0.7860262008733624,0,5.0,Obese,40-59,2.0,1.0,test
109637,46.0,19.0,13.0,222.0,29.7,1.0919098457226357,0,2.8,Overweight,40-59,2.0,4.0,proper_train
109638,48.0,14.0,7.0,286.0,43.6,0.8880843561615409,0,6.5,Obese,40-59,2.0,3.0,test
109639,42.0,18.0,8.0,348.0,28.3,0.7680642623233188,0,4.3,Overweight,40-59,2.0,3.0,proper_train
109640,50.0,17.0,17.0,253.0,30.6,0.8148430090153479,0,5.1,Obese,40-59,2.0,6.0,conformal_calibration
109643,80.0,22.0,19.0,236.0,34.5,1.7108969983567315,0,8.1,Obese,60+,2.0,3.0,proper_train
109644,24.0,34.0,45.0,320.0,25.0,0.3801315561749642,0,5.0,Overweight,18-39,1.0,2.0,proper_train
109645,62.0,16.0,12.0,218.0,29.9,1.31360428219291,0,3.3,Overweight,60+,2.0,2.0,test
109649,80.0,15.0,9.0,245.0,31.6,1.6326530612244898,0,6.0,Obese,60+,1.0,3.0,test
109653,80.0,45.0,31.0,309.0,34.2,2.0924889556517465,0,3.9,Obese,60+,2.0,3.0,proper_train
109654,18.0,17.0,21.0,221.0,26.6,0.30214784801906636,0,3.9,Overweight,18-39,1.0,6.0,conformal_calibration
109656,60.0,28.0,37.0,252.0,40.8,1.095993248702382,0,6.3,Obese,60+,2.0,1.0,proper_train
109657,33.0,17.0,13.0,287.0,26.2,0.542137299795041,0,3.5,Overweight,18-39,2.0,3.0,test
109662,32.0,18.0,29.0,226.0,25.5,0.473276614114964,0,4.2,Overweight,18-39,1.0,2.0,proper_train
109664,22.0,22.0,21.0,210.0,28.4,0.5029402803534301,0,5.9,Overweight,18-39,1.0,4.0,test
109665,42.0,14.0,21.0,214.0,37.0,0.5995893432652502,0,6.0,Obese,40-59,2.0,3.0,test
109667,64.0,19.0,13.0,168.0,27.6,2.0074864244341626,0,4.7,Overweight,60+,1.0,1.0,proper_train
109669,59.0,19.0,14.0,300.0,22.1,0.9986661739460925,0,6.9,Normal,40-59,1.0,4.0,conformal_calibration
109673,34.0,19.0,14.0,245.0,28.6,0.7046969888792904,0,4.3,Overweight,18-39,1.0,1.0,test
109675,51.0,22.0,17.0,263.0,25.7,1.0346957083299073,0,4.0,Overweight,40-59,2.0,6.0,test
109676,64.0,25.0,22.0,199.0,24.6,1.7141766139144556,0,3.1,Normal,60+,2.0,3.0,proper_train
109677,76.0,19.0,11.0,180.0,36.6,2.418791008723837,0,2.4,Obese,60+,2.0,2.0,conformal_calibration
109678,32.0,15.0,9.0,225.0,19.0,0.7111111111111111,0,3.2,Normal,18-39,2.0,3.0,proper_train
109679,28.0,132.0,39.0,187.0,26.6,3.164885863441722,0,5.2,Overweight,18-39,1.0,7.0,proper_train
109685,38.0,21.0,22.0,187.0,23.0,0.9098084045549578,0,5.3,Normal,18-39,1.0,6.0,conformal_calibration
109686,60.0,30.0,31.0,159.0,28.9,2.033267570114433,0,4.6,Overweight,60+,1.0,6.0,test
109687,37.0,15.0,11.0,190.0,21.3,0.8807305065297831,0,4.9,Normal,18-39,2.0,3.0,proper_train
109691,26.0,14.0,9.0,260.0,30.6,0.4666666666666667,0,3.2,Obese,18-39,2.0,6.0,proper_train
109693,25.0,15.0,14.0,293.0,30.5,0.3420579034715329,0,4.8,Obese,18-39,2.0,1.0,proper_train
109697,35.0,15.0,18.0,337.0,26.9,0.3671919486873763,0,4.9,Overweight,18-39,2.0,1.0,proper_train
109700,42.0,17.0,21.0,162.0,29.2,0.9617751458549295,0,3.6,Overweight,40-59,2.0,2.0,proper_train
109703,34.0,52.0,30.0,229.0,27.0,1.4095683867090738,0,4.4,Overweight,18-39,1.0,4.0,conformal_calibration
109704,31.0,17.0,28.0,234.0,25.6,0.42561384033304,0,5.7,Overweight,18-39,1.0,6.0,proper_train
109709,52.0,15.0,19.0,187.0,42.1,0.956921242882557,0,6.4,Obese,40-59,1.0,1.0,conformal_calibration
109712,46.0,19.0,15.0,237.0,32.6,0.952176496367168,0,5.9,Obese,40-59,1.0,4.0,proper_train
109713,50.0,16.0,20.0,286.0,30.7,0.6254735601398013,0,4.2,Obese,40-59,2.0,6.0,proper_train
109714,30.0,16.0,10.0,251.0,29.8,0.6047383573230367,0,5.1,Overweight,18-39,1.0,6.0,conformal_calibration
109716,25.0,21.0,23.0,476.0,33.1,0.22997913315118543,0,5.5,Obese,18-39,2.0,4.0,proper_train
109721,50.0,20.0,40.0,216.0,34.9,0.7320087176315693,1,11.1,Obese,40-59,1.0,2.0,test
109723,29.0,20.0,24.0,265.0,26.8,0.4467622801302652,0,6.5,Overweight,18-39,1.0,4.0,proper_train
109725,62.0,18.0,15.0,237.0,27.8,1.2158226200752396,0,3.4,Overweight,60+,2.0,1.0,conformal_calibration
109727,42.0,17.0,12.0,343.0,31.0,0.6009155862994064,0,5.4,Obese,40-59,2.0,3.0,test
109728,34.0,18.0,17.0,358.0,59.1,0.41461397352579826,0,8.0,Obese,18-39,2.0,3.0,proper_train
109730,29.0,14.0,8.0,293.0,39.0,0.4899067460097922,0,3.7,Obese,18-39,2.0,4.0,proper_train
109731,21.0,13.0,10.0,247.0,24.3,0.3495148992817682,0,4.5,Normal,18-39,2.0,2.0,test
109735,33.0,35.0,28.0,258.0,22.1,0.8460251285380957,0,4.9,Normal,18-39,1.0,6.0,test
109740,46.0,33.0,57.0,221.0,28.0,0.9097919086084781,0,6.0,Overweight,40-59,1.0,4.0,proper_train
109742,80.0,13.0,6.0,325.0,27.6,1.3063945294843617,0,6.6,Overweight,60+,1.0,3.0,conformal_calibration
109746,47.0,15.0,19.0,211.0,35.2,0.7665312435011661,0,5.1,Obese,40-59,1.0,4.0,proper_train
109747,74.0,29.0,18.0,207.0,30.7,2.443560631926459,0,7.9,Obese,60+,2.0,3.0,proper_train
109754,47.0,20.0,18.0,284.0,30.4,0.7801412844076933,0,4.6,Obese,40-59,2.0,3.0,proper_train
109758,26.0,28.0,19.0,245.0,20.3,0.6816924663582407,0,5.1,Normal,18-39,1.0,4.0,proper_train
109760,53.0,19.0,21.0,246.0,27.4,0.8932740466164404,0,5.1,Overweight,40-59,1.0,2.0,test
109761,19.0,16.0,11.0,204.0,20.8,0.4493110232923537,0,4.0,Normal,18-39,2.0,4.0,proper_train
109763,78.0,19.0,10.0,144.0,26.5,3.254510758589957,0,5.3,Overweight,60+,1.0,4.0,conformal_calibration
109764,69.0,22.0,24.0,167.0,26.9,1.8554518111501321,0,6.3,Overweight,60+,1.0,6.0,test
109765,51.0,16.0,14.0,314.0,28.9,0.6945387687915232,0,4.2,Overweight,40-59,2.0,3.0,test
109768,32.0,20.0,22.0,257.0,25.0,0.5309278539594967,0,5.5,Overweight,18-39,1.0,3.0,test
109769,44.0,86.0,134.0,188.0,27.8,1.7387649587233331,1,8.7,Overweight,40-59,1.0,3.0,proper_train
109770,47.0,19.0,22.0,306.0,26.1,0.6221837898874513,0,3.7,Overweight,40-59,2.0,4.0,proper_train
109771,79.0,27.0,16.0,237.0,21.7,2.25,0,7.0,Normal,60+,2.0,4.0,proper_train
109774,80.0,17.0,7.0,242.0,32.6,2.1240978648452438,0,3.8,Obese,60+,2.0,3.0,conformal_calibration
109776,80.0,16.0,11.0,216.0,29.5,1.7867338937941548,1,13.1,Overweight,60+,2.0,3.0,proper_train
109782,63.0,13.0,11.0,282.0,26.3,0.8756659262737178,0,3.1,Overweight,60+,2.0,3.0,test
109783,61.0,17.0,18.0,212.0,32.3,1.152939830330896,0,6.6,Obese,60+,1.0,4.0,test
109785,48.0,30.0,83.0,285.0,32.2,0.5545983662636985,0,6.2,Obese,40-59,1.0,4.0,proper_train
109789,32.0,16.0,17.0,196.0,44.7,0.6335624490745024,0,4.5,Obese,18-39,2.0,3.0,proper_train
109791,28.0,17.0,13.0,185.0,33.5,0.7136143064951597,0,4.4,Obese,18-39,1.0,4.0,proper_train
109793,80.0,14.0,15.0,302.0,28.5,0.9575587964133127,0,4.8,Overweight,60+,2.0,3.0,proper_train
109794,63.0,46.0,68.0,166.0,34.9,2.1170730161304006,0,5.8,Obese,60+,1.0,3.0,proper_train
109800,31.0,16.0,18.0,285.0,30.9,0.41020463563570475,0,5.9,Obese,18-39,1.0,7.0,test
109802,25.0,17.0,14.0,336.0,30.6,0.33805365420470346,0,5.3,Obese,18-39,1.0,3.0,proper_train
109805,43.0,11.0,7.0,457.0,51.3,0.3911973648432483,0,6.7,Obese,40-59,2.0,4.0,test
109806,25.0,12.0,14.0,280.0,47.5,0.2863513306204547,0,5.0,Obese,18-39,2.0,4.0,proper_train
109807,31.0,20.0,14.0,220.0,23.2,0.7531907726622868,0,5.3,Normal,18-39,1.0,3.0,conformal_calibration
109809,20.0,17.0,10.0,227.0,22.1,0.4736451120957043,0,4.6,Normal,18-39,2.0,3.0,proper_train
109811,52.0,20.0,23.0,288.0,26.8,0.7529687174283256,1,8.2,Overweight,40-59,1.0,6.0,proper_train
109812,72.0,23.0,27.0,277.0,26.4,1.1505319443778823,0,6.1,Overweight,60+,2.0,4.0,proper_train
109813,32.0,22.0,30.0,303.0,31.7,0.4241987684088415,0,5.6,Obese,18-39,1.0,1.0,proper_train
109814,29.0,14.0,9.0,288.0,22.9,0.4699074074074074,0,3.6,Normal,18-39,2.0,4.0,proper_train
109815,52.0,17.0,13.0,237.0,38.2,1.034504163424267,0,4.2,Obese,40-59,2.0,4.0,proper_train
109816,55.0,22.0,16.0,339.0,19.7,0.8923303834808259,0,5.8,Normal,40-59,2.0,3.0,test
109817,36.0,19.0,6.0,197.0,19.4,1.417471221712093,0,5.5,Normal,18-39,2.0,6.0,test
109820,29.0,13.0,10.0,225.0,34.6,0.5298571901704351,0,4.6,Obese,18-39,2.0,1.0,test
109821,19.0,20.0,23.0,276.0,31.1,0.2870850628322044,0,3.4,Obese,18-39,1.0,4.0,conformal_calibration
109825,22.0,13.0,13.0,204.0,26.9,0.38883396107944984,0,5.5,Overweight,18-39,1.0,2.0,conformal_calibration
109828,34.0,18.0,14.0,81.0,22.4,2.0193071611160955,0,6.8,Normal,18-39,1.0,7.0,proper_train
109831,50.0,23.0,45.0,242.0,24.8,0.7083961912189416,0,4.2,Normal,40-59,1.0,3.0,proper_train
109839,66.0,10.0,6.0,278.0,45.3,0.9692225600940634,0,8.1,Obese,60+,2.0,4.0,proper_train
109841,54.0,20.0,19.0,286.0,39.5,0.8663251488818415,1,10.9,Obese,40-59,2.0,3.0,proper_train
109843,35.0,19.0,35.0,154.0,34.1,0.729905947265537,0,6.3,Obese,18-39,1.0,1.0,conformal_calibration
109844,59.0,20.0,29.0,211.0,46.2,1.038485777483039,0,7.3,Obese,40-59,1.0,2.0,test
109850,50.0,15.0,15.0,266.0,26.8,0.7280043883848528,0,7.7,Overweight,40-59,2.0,1.0,proper_train
109852,20.0,17.0,15.0,312.0,20.4,0.2813705849808807,0,3.0,Normal,18-39,2.0,2.0,proper_train
109854,67.0,18.0,15.0,193.0,19.0,1.6134086063993591,0,5.0,Normal,60+,1.0,7.0,test
109855,29.0,20.0,19.0,243.0,23.2,0.5475766487445507,0,5.6,Normal,18-39,1.0,1.0,test
109857,74.0,28.0,24.0,173.0,34.1,2.4447701093674112,0,6.9,Obese,60+,1.0,3.0,proper_train
109860,25.0,16.0,17.0,271.0,24.0,0.35798616241525166,0,3.2,Normal,18-39,2.0,4.0,proper_train
109862,41.0,16.0,12.0,323.0,35.9,0.5862875798581959,0,5.0,Obese,40-59,2.0,2.0,proper_train
109863,64.0,20.0,16.0,335.0,25.4,0.9552238805970149,0,4.4,Overweight,60+,2.0,7.0,proper_train
109864,75.0,18.0,16.0,238.0,26.2,1.4180672268907564,0,2.6,Overweight,60+,2.0,3.0,test
109866,28.0,21.0,25.0,220.0,31.7,0.5345454545454545,0,4.5,Obese,18-39,2.0,3.0,test
109867,55.0,18.0,10.0,312.0,26.9,1.0034150267841973,0,6.5,Overweight,40-59,1.0,3.0,conformal_calibration
109868,55.0,22.0,19.0,428.0,45.7,0.6485818644471488,0,6.7,Obese,40-59,2.0,1.0,test
109873,18.0,26.0,21.0,230.0,23.5,0.4440259679584541,0,3.9,Normal,18-39,2.0,3.0,proper_train
109874,55.0,29.0,36.0,237.0,26.4,1.1216596343178622,0,4.8,Overweight,40-59,1.0,2.0,proper_train
109876,80.0,17.0,13.0,226.0,32.1,1.669009439969716,1,8.2,Obese,60+,2.0,3.0,proper_train
109877,41.0,31.0,18.0,173.0,29.2,1.7316622714606975,0,3.8,Overweight,40-59,1.0,4.0,proper_train
109878,19.0,19.0,15.0,246.0,20.5,0.3789016227590454,0,5.2,Normal,18-39,1.0,3.0,proper_train
109879,60.0,16.0,14.0,236.0,25.8,1.0871643738810484,0,5.1,Overweight,60+,2.0,2.0,test
109881,48.0,23.0,40.0,295.0,27.9,0.5917211079365916,0,5.0,Overweight,40-59,1.0,6.0,test
109884,45.0,30.0,34.0,272.0,25.6,0.8511878306705402,0,4.1,Overweight,40-59,2.0,1.0,proper_train
109886,64.0,17.0,14.0,169.0,50.7,1.7205930840279156,1,12.8,Obese,60+,1.0,3.0,conformal_calibration
109887,25.0,24.0,38.0,215.0,37.2,0.4527109426905001,0,5.8,Obese,18-39,1.0,7.0,proper_train
109891,80.0,18.0,20.0,299.0,31.3,1.0769023035450491,0,3.6,Obese,60+,2.0,3.0,test
109893,20.0,16.0,11.0,230.0,30.3,0.419494044629932,0,5.8,Obese,18-39,2.0,4.0,proper_train
109895,21.0,15.0,25.0,338.0,43.7,0.1863905325443787,0,6.3,Obese,18-39,1.0,1.0,test
109898,48.0,24.0,32.0,243.0,42.8,0.8380524814062784,0,6.5,Obese,40-59,2.0,2.0,proper_train
109900,80.0,28.0,9.0,235.0,20.6,3.1773049645390072,0,5.8,Normal,60+,2.0,3.0,proper_train
109901,80.0,25.0,14.0,150.0,28.2,3.5634832254989917,1,13.4,Overweight,60+,1.0,3.0,proper_train
109902,75.0,31.0,23.0,314.0,42.7,1.5439363461232447,0,4.5,Obese,60+,2.0,4.0,proper_train
109903,53.0,31.0,41.0,224.0,43.2,1.1455066552811597,0,7.8,Obese,40-59,1.0,4.0,proper_train
109905,52.0,34.0,56.0,377.0,48.6,0.6266815327601676,1,13.5,Obese,40-59,2.0,3.0,proper_train
109908,80.0,43.0,31.0,197.0,19.7,3.1362550201629733,1,8.6,Normal,60+,1.0,3.0,test
109913,52.0,14.0,16.0,251.0,42.3,0.7250996015936255,0,4.6,Obese,40-59,2.0,4.0,test
109915,58.0,15.0,16.0,236.0,31.5,0.9216101694915254,0,7.9,Obese,40-59,1.0,1.0,proper_train
109916,25.0,23.0,28.0,263.0,41.6,0.41317409121731113,0,4.1,Obese,18-39,1.0,4.0,test
109917,54.0,22.0,18.0,202.0,22.3,1.3862093334152121,0,2.5,Normal,40-59,2.0,3.0,proper_train
109918,66.0,22.0,32.0,178.0,32.3,1.442021132419757,0,4.1,Obese,60+,1.0,1.0,proper_train
109919,45.0,13.0,16.0,285.0,25.8,0.5131578947368421,0,3.4,Overweight,40-59,2.0,1.0,proper_train
109921,58.0,21.0,19.0,250.0,18.4,1.1177134554173769,0,4.6,Underweight,40-59,2.0,6.0,proper_train
109922,42.0,13.0,8.0,204.0,24.7,0.9462752512937621,0,7.4,Normal,40-59,2.0,3.0,conformal_calibration
109926,45.0,19.0,13.0,265.0,31.8,0.8948465429671149,0,4.4,Obese,40-59,2.0,4.0,conformal_calibration
109930,51.0,18.0,21.0,166.0,45.2,1.2067712243171147,0,6.3,Obese,40-59,1.0,4.0,test
109931,40.0,10.0,9.0,251.0,30.6,0.5312084993359893,0,4.6,Obese,40-59,2.0,4.0,proper_train
109932,72.0,22.0,14.0,156.0,33.5,2.713729533264617,0,7.1,Obese,60+,1.0,3.0,test
109934,35.0,15.0,13.0,276.0,22.4,0.5275681214098646,0,3.6,Normal,18-39,2.0,4.0,proper_train
109938,34.0,14.0,11.0,327.0,26.2,0.43889724776457334,0,4.2,Overweight,18-39,2.0,2.0,test
109939,37.0,15.0,10.0,306.0,23.5,0.5735503599325001,0,3.3,Normal,18-39,2.0,2.0,proper_train
109940,57.0,21.0,20.0,259.0,23.1,1.0334260112228757,0,4.3,Normal,40-59,2.0,2.0,proper_train
109941,57.0,26.0,29.0,289.0,31.0,0.9522508345273041,0,4.7,Obese,40-59,2.0,6.0,proper_train
109942,79.0,19.0,16.0,213.0,24.1,1.761737089201878,0,5.0,Normal,60+,2.0,3.0,test
109945,32.0,28.0,25.0,229.0,24.3,0.7825327510917031,0,4.6,Normal,18-39,1.0,7.0,proper_train
109957,64.0,20.0,19.0,177.0,19.0,1.659051634770164,0,4.6,Normal,60+,2.0,6.0,conformal_calibration
109959,80.0,14.0,11.0,289.0,39.4,1.1684868717200527,0,6.0,Obese,60+,2.0,4.0,test
109960,59.0,24.0,29.0,244.0,26.4,1.0776417986012519,1,8.4,Overweight,40-59,1.0,6.0,proper_train
109962,76.0,19.0,12.0,274.0,29.2,1.5213390304923715,0,3.3,Overweight,60+,1.0,3.0,test
109963,48.0,72.0,42.0,204.0,24.2,2.6140802817107334,0,7.3,Normal,40-59,2.0,4.0,proper_train
109971,58.0,39.0,47.0,199.0,28.1,1.6580231696896357,0,4.2,Overweight,40-59,2.0,4.0,proper_train
109975,39.0,12.0,11.0,297.0,27.4,0.4751087853952639,0,2.6,Overweight,18-39,2.0,4.0,test
109976,58.0,29.0,20.0,253.0,26.7,1.486587485436619,0,5.1,Overweight,40-59,1.0,4.0,test
109977,53.0,19.0,17.0,269.0,24.7,0.9079307598943767,0,3.8,Normal,40-59,2.0,6.0,conformal_calibration
109978,30.0,18.0,12.0,338.0,21.7,0.4611969605952632,0,5.8,Normal,18-39,2.0,7.0,proper_train
109979,31.0,13.0,13.0,279.0,27.1,0.4006168083848877,0,4.6,Overweight,18-39,2.0,6.0,conformal_calibration
109980,18.0,19.0,25.0,258.0,24.7,0.2651162790697674,0,2.5,Normal,18-39,1.0,3.0,proper_train
109981,68.0,21.0,35.0,203.0,25.8,1.1890446066525335,0,5.0,Overweight,60+,2.0,2.0,conformal_calibration
109987,59.0,26.0,14.0,191.0,23.2,2.146485576406592,0,5.6,Normal,40-59,2.0,3.0,proper_train
109990,66.0,18.0,11.0,274.0,26.4,1.3072827640816904,0,3.3,Overweight,60+,1.0,4.0,conformal_calibration
109991,50.0,25.0,33.0,326.0,29.1,0.6674756746767555,0,4.8,Overweight,40-59,1.0,3.0,proper_train
109992,55.0,25.0,17.0,172.0,28.2,1.9388749094474294,0,4.9,Overweight,40-59,1.0,4.0,test
109997,27.0,59.0,78.0,374.0,34.1,0.4822773570567756,0,6.8,Obese,18-39,1.0,6.0,proper_train
110004,20.0,15.0,10.0,307.0,22.1,0.30901736092850607,0,4.5,Normal,18-39,2.0,6.0,proper_train
110005,45.0,12.0,11.0,239.0,24.5,0.6812390212217253,0,5.8,Normal,40-59,2.0,4.0,proper_train
110006,80.0,20.0,14.0,262.0,25.6,1.6321297216025916,0,3.9,Overweight,60+,2.0,3.0,proper_train
110010,55.0,19.0,15.0,170.0,23.8,1.5871637634457845,0,5.5,Normal,40-59,2.0,3.0,proper_train
110011,25.0,34.0,24.0,193.0,28.9,0.898992349467056,0,4.6,Overweight,18-39,1.0,1.0,proper_train
110015,52.0,23.0,31.0,226.0,31.3,0.9504776160354991,0,3.3,Obese,40-59,2.0,1.0,test
110016,29.0,15.0,11.0,205.0,19.7,0.6397923653235472,0,3.2,Normal,18-39,2.0,4.0,test
110018,20.0,18.0,11.0,206.0,17.2,0.5269130293591986,0,4.3,Underweight,18-39,2.0,3.0,proper_train
110021,25.0,20.0,15.0,238.0,17.9,0.5424346423259687,0,4.8,Underweight,18-39,2.0,4.0,proper_train
110023,62.0,19.0,13.0,269.0,28.1,1.2145666006567286,0,2.5,Overweight,60+,2.0,3.0,conformal_calibration
110027,22.0,15.0,13.0,239.0,24.8,0.3829520183144887,0,4.2,Normal,18-39,2.0,3.0,test
110028,23.0,36.0,62.0,303.0,19.2,0.3470498520005206,0,6.1,Normal,18-39,2.0,2.0,proper_train
110029,42.0,37.0,88.0,287.0,31.9,0.5772019394017746,0,4.6,Obese,40-59,1.0,1.0,proper_train
110030,27.0,17.0,8.0,217.0,21.3,0.7478387386281689,0,3.5,Normal,18-39,2.0,4.0,proper_train
110035,27.0,13.0,15.0,343.0,53.7,0.26422102128645353,0,8.1,Obese,18-39,2.0,3.0,test
110037,69.0,25.0,30.0,224.0,39.2,1.4059842435958505,0,4.1,Obese,60+,1.0,4.0,test
110038,58.0,17.0,8.0,229.0,25.7,1.5222866512007334,0,5.1,Overweight,40-59,2.0,6.0,proper_train
110040,28.0,17.0,12.0,175.0,18.8,0.7851963660978911,0,3.8,Normal,18-39,1.0,3.0,proper_train
110041,44.0,24.0,32.0,387.0,53.2,0.4823674166233813,0,5.3,Obese,40-59,2.0,7.0,proper_train
110042,62.0,21.0,28.0,159.0,34.8,1.5475149177924963,0,3.1,Obese,60+,2.0,2.0,conformal_calibration
110043,37.0,20.0,17.0,372.0,28.9,0.4824633401260387,0,5.4,Overweight,18-39,1.0,4.0,test
110045,69.0,16.0,11.0,192.0,34.7,1.733690231322141,0,3.4,Obese,60+,2.0,3.0,test
110052,42.0,18.0,20.0,250.0,30.9,0.6761869563959364,0,4.3,Obese,40-59,1.0,1.0,proper_train
110054,44.0,20.0,30.0,167.0,29.4,0.9620675660769384,0,3.8,Overweight,40-59,1.0,2.0,conformal_calibration
110055,70.0,19.0,19.0,236.0,29.2,1.29289375444003,0,6.4,Overweight,60+,1.0,2.0,test
110056,63.0,15.0,15.0,236.0,28.5,1.0338896220807934,0,4.5,Overweight,60+,1.0,3.0,proper_train
110057,69.0,27.0,66.0,231.0,38.4,0.9927248817943587,1,36.7,Obese,60+,1.0,4.0,proper_train
110059,38.0,27.0,25.0,202.0,25.5,1.0158415841584159,0,4.4,Overweight,18-39,1.0,3.0,proper_train
110061,61.0,31.0,43.0,248.0,29.4,1.1628015987861107,0,6.2,Overweight,60+,1.0,2.0,conformal_calibration
110062,40.0,14.0,11.0,202.0,25.8,0.8358730344730081,0,3.2,Overweight,40-59,2.0,4.0,proper_train
110063,18.0,12.0,7.0,302.0,27.1,0.27033220586090423,0,3.0,Overweight,18-39,2.0,4.0,proper_train
110064,65.0,50.0,50.0,180.0,23.6,2.553441154284755,0,6.5,Normal,60+,1.0,3.0,proper_train
110065,60.0,24.0,17.0,217.0,26.8,1.6094529956328085,0,4.7,Overweight,60+,1.0,3.0,test
110067,25.0,19.0,15.0,192.0,22.8,0.6387732949474038,0,3.1,Normal,18-39,1.0,3.0,conformal_calibration
110068,77.0,15.0,11.0,266.0,23.3,1.309193996192921,0,5.5,Normal,60+,2.0,3.0,test
110070,41.0,18.0,18.0,325.0,40.2,0.5352254405288945,1,9.7,Obese,40-59,2.0,3.0,proper_train
110071,59.0,22.0,27.0,349.0,26.2,0.7157599325770145,0,4.3,Overweight,40-59,1.0,4.0,proper_train
110074,41.0,19.0,25.0,184.0,29.1,0.8467391304347827,0,4.8,Overweight,40-59,1.0,1.0,proper_train
110079,54.0,12.0,12.0,234.0,37.2,0.7994080650317896,0,6.0,Obese,40-59,2.0,4.0,conformal_calibration
110085,60.0,22.0,20.0,281.0,29.8,1.0503949218148478,0,6.1,Overweight,60+,1.0,2.0,proper_train
110087,62.0,17.0,17.0,303.0,24.6,0.8436717781791913,0,5.0,Normal,60+,1.0,2.0,proper_train
110088,30.0,29.0,49.0,198.0,44.6,0.6277056277056277,0,6.9,Obese,18-39,1.0,2.0,test
110090,56.0,18.0,17.0,224.0,34.7,1.0914103126634984,0,4.9,Obese,40-59,1.0,2.0,proper_train
110091,39.0,13.0,12.0,315.0,29.3,0.46462950234784167,0,3.1,Overweight,18-39,2.0,1.0,test
110093,30.0,12.0,12.0,202.0,19.9,0.5144705369016468,0,3.7,Normal,18-39,2.0,4.0,test
110098,21.0,22.0,20.0,207.0,30.6,0.49906444715212694,0,4.2,Obese,18-39,1.0,1.0,proper_train
110102,45.0,36.0,55.0,185.0,35.6,1.1807608402058942,0,7.0,Obese,40-59,2.0,1.0,proper_train
110103,80.0,35.0,14.0,131.0,23.0,5.712454025609071,0,5.8,Normal,60+,1.0,3.0,test
110107,72.0,13.0,13.0,253.0,30.9,1.0260857384719655,0,3.5,Obese,60+,2.0,4.0,conformal_calibration
110112,36.0,17.0,21.0,319.0,28.6,0.41864999631481925,0,4.8,Overweight,18-39,2.0,6.0,conformal_calibration
110114,44.0,11.0,10.0,195.0,27.0,0.7848935320623054,0,4.5,Overweight,40-59,2.0,3.0,proper_train
110116,35.0,14.0,14.0,239.0,31.7,0.5479414583141755,0,3.7,Obese,18-39,2.0,3.0,test
110117,24.0,18.0,11.0,319.0,19.6,0.40831630362882093,0,4.2,Normal,18-39,1.0,4.0,proper_train
110120,34.0,35.0,58.0,301.0,37.8,0.5191184554919264,0,4.1,Obese,18-39,2.0,3.0,proper_train
110123,28.0,21.0,41.0,295.0,43.3,0.31128871861186563,1,9.6,Obese,18-39,2.0,3.0,conformal_calibration
110125,60.0,18.0,20.0,234.0,32.5,1.032031374230672,0,6.8,Obese,60+,2.0,7.0,proper_train
110129,52.0,21.0,26.0,309.0,42.7,0.6930706134980484,0,6.7,Obese,40-59,1.0,4.0,proper_train
110130,54.0,14.0,15.0,255.0,27.7,0.7654837672504071,0,2.8,Overweight,40-59,2.0,3.0,conformal_calibration
110131,69.0,16.0,11.0,104.0,19.1,3.2006588885947216,1,8.8,Normal,60+,1.0,4.0,test
110134,49.0,41.0,50.0,223.0,25.4,1.2740605591065237,0,4.8,Overweight,40-59,1.0,3.0,conformal_calibration
110136,38.0,21.0,22.0,198.0,23.0,0.8592634931907935,0,3.6,Normal,18-39,1.0,3.0,test
110137,52.0,17.0,17.0,200.0,24.5,1.0720074626605918,0,4.0,Normal,40-59,1.0,2.0,proper_train
110139,41.0,15.0,22.0,358.0,36.3,0.3662526272589397,0,4.8,Obese,40-59,1.0,2.0,proper_train
110142,61.0,21.0,38.0,239.0,31.9,0.8694796672322461,0,6.3,Obese,60+,1.0,7.0,proper_train
110144,50.0,16.0,20.0,178.0,29.8,1.0049743719100177,0,5.2,Overweight,40-59,2.0,6.0,conformal_calibration
110147,60.0,56.0,37.0,137.0,37.3,4.031975163109493,1,18.3,Obese,60+,2.0,1.0,proper_train
110151,63.0,19.0,24.0,208.0,32.8,1.174695201166452,0,4.4,Obese,60+,2.0,6.0,test
110153,70.0,20.0,13.0,323.0,23.4,1.2021366481661313,0,3.4,Normal,60+,1.0,6.0,proper_train
110155,22.0,17.0,12.0,302.0,25.7,0.3574983454915895,0,4.3,Overweight,18-39,1.0,4.0,conformal_calibration
110159,45.0,21.0,14.0,258.0,22.8,0.9789219907257405,0,4.6,Normal,40-59,1.0,3.0,proper_train
110161,52.0,16.0,9.0,339.0,35.2,0.8180924287118977,0,3.4,Obese,40-59,2.0,4.0,proper_train
110165,54.0,19.0,20.0,189.0,55.0,1.2138654734998857,0,6.5,Obese,40-59,1.0,3.0,test
110167,29.0,13.0,10.0,183.0,40.5,0.6514637584062727,0,4.2,Obese,18-39,2.0,4.0,proper_train
110168,54.0,20.0,24.0,225.0,31.1,0.9797958971132714,0,5.2,Obese,40-59,2.0,4.0,test
110169,30.0,23.0,36.0,261.0,34.7,0.44061302681992337,0,6.0,Obese,18-39,1.0,3.0,proper_train
110171,22.0,28.0,32.0,290.0,21.3,0.37549808380251143,0,4.0,Normal,18-39,2.0,4.0,proper_train
110172,53.0,15.0,17.0,272.0,28.1,0.7088816981760468,0,3.5,Overweight,40-59,2.0,2.0,proper_train
110173,27.0,20.0,22.0,222.0,23.7,0.5185963370812146,0,5.4,Normal,18-39,1.0,1.0,conformal_calibration
110174,25.0,22.0,19.0,215.0,26.8,0.5868774587386464,0,3.5,Overweight,18-39,1.0,2.0,proper_train
110175,30.0,20.0,20.0,224.0,34.5,0.5989467796874436,0,5.3,Obese,18-39,1.0,1.0,proper_train
110176,38.0,52.0,45.0,323.0,32.9,0.9119649790587377,0,6.1,Obese,18-39,2.0,3.0,proper_train
110178,57.0,18.0,29.0,252.0,25.4,0.7560453054351398,0,5.6,Overweight,40-59,2.0,3.0,proper_train
110180,80.0,22.0,22.0,219.0,23.4,1.713393884867006,0,5.7,Normal,60+,1.0,3.0,conformal_calibration
110182,61.0,24.0,36.0,259.0,48.6,0.9420849420849421,0,6.7,Obese,60+,2.0,3.0,test
110184,59.0,25.0,24.0,210.0,26.9,1.433729115319519,0,4.7,Overweight,40-59,2.0,6.0,test
110185,80.0,19.0,18.0,187.0,30.0,1.9158686406480434,0,3.7,Obese,60+,2.0,3.0,proper_train
110186,27.0,15.0,11.0,289.0,31.9,0.4225331991487691,0,5.8,Obese,18-39,2.0,4.0,proper_train
110187,58.0,12.0,12.0,190.0,44.0,1.0574625983052093,0,6.2,Obese,40-59,2.0,4.0,proper_train
110188,63.0,19.0,19.0,256.0,28.3,1.0726977868869625,0,5.9,Overweight,60+,2.0,4.0,test
110190,19.0,20.0,12.0,241.0,23.9,0.4551724113943108,0,3.8,Normal,18-39,2.0,3.0,proper_train
110191,80.0,27.0,21.0,100.0,19.1,4.713506429097436,1,12.4,Normal,60+,1.0,3.0,test
110194,74.0,20.0,17.0,261.0,38.5,1.375297797140892,0,4.3,Obese,60+,2.0,3.0,proper_train
110196,67.0,16.0,8.0,199.0,28.2,1.904569018673314,0,5.3,Overweight,60+,1.0,4.0,proper_train
110200,60.0,20.0,16.0,384.0,28.6,0.78125,0,5.8,Overweight,60+,2.0,4.0,proper_train
110204,70.0,33.0,30.0,181.0,26.8,2.330090438005403,0,6.8,Overweight,60+,1.0,3.0,test
110206,37.0,62.0,43.0,258.0,32.9,1.3559369005542445,0,6.1,Obese,18-39,1.0,2.0,test
110207,52.0,13.0,14.0,219.0,26.8,0.8249707741223694,0,3.8,Overweight,40-59,2.0,6.0,proper_train
110208,57.0,19.0,23.0,251.0,37.9,0.8996856988996493,0,5.6,Obese,40-59,2.0,7.0,proper_train
110211,43.0,18.0,19.0,191.0,21.2,0.929674230449292,0,7.4,Normal,40-59,2.0,3.0,test
110213,25.0,16.0,22.0,349.0,25.2,0.24435612189754777,0,4.5,Overweight,18-39,2.0,7.0,proper_train
110214,32.0,19.0,11.0,280.0,20.8,0.654710348226001,0,4.3,Normal,18-39,2.0,4.0,test
110217,60.0,21.0,26.0,229.0,26.6,1.0790669444284362,0,4.1,Overweight,60+,2.0,2.0,test
110218,28.0,16.0,14.0,276.0,23.5,0.43381534919118164,0,4.9,Normal,18-39,2.0,2.0,proper_train
110223,71.0,21.0,29.0,199.0,31.1,1.3913153227235393,0,4.3,Obese,60+,1.0,3.0,proper_train
110224,34.0,13.0,13.0,336.0,36.2,0.3648474504933799,0,3.7,Obese,18-39,2.0,1.0,test
110226,26.0,14.0,14.0,315.0,29.4,0.30883521287657933,0,4.6,Overweight,18-39,2.0,4.0,test
110228,44.0,20.0,23.0,167.0,36.1,1.0987585890432683,0,4.9,Obese,40-59,1.0,4.0,conformal_calibration
110234,40.0,14.0,13.0,310.0,35.8,0.5010195320744005,0,5.8,Obese,40-59,2.0,4.0,proper_train
110235,41.0,21.0,23.0,184.0,31.6,0.9757114701257683,0,5.1,Obese,40-59,1.0,7.0,proper_train
110236,39.0,17.0,13.0,228.0,22.2,0.8065048905643135,0,3.4,Normal,18-39,1.0,6.0,proper_train
110240,37.0,30.0,60.0,275.0,35.4,0.5210923047624525,0,5.3,Obese,18-39,1.0,1.0,test
110247,31.0,15.0,15.0,258.0,37.4,0.46535846407918574,0,4.0,Obese,18-39,2.0,2.0,proper_train
110250,34.0,10.0,10.0,254.0,40.9,0.42329700962883815,0,5.1,Obese,18-39,1.0,1.0,proper_train
110251,60.0,24.0,14.0,382.0,24.5,1.0074769328635893,0,5.5,Normal,60+,2.0,4.0,test
110252,70.0,24.0,25.0,188.0,21.5,1.7872340425531914,0,4.8,Normal,60+,1.0,7.0,test
110264,63.0,15.0,8.0,259.0,25.1,1.2899921008132962,1,8.6,Overweight,60+,1.0,7.0,test
110265,42.0,21.0,37.0,337.0,25.9,0.43026678576654337,0,4.4,Overweight,40-59,1.0,1.0,proper_train
110266,29.0,19.0,18.0,318.0,34.1,0.4084023442702177,0,3.6,Obese,18-39,2.0,4.0,proper_train
110270,60.0,12.0,15.0,249.0,41.5,0.7465991992688996,1,9.7,Obese,60+,1.0,7.0,proper_train
110272,45.0,16.0,25.0,184.0,27.2,0.782608695652174,0,4.0,Overweight,40-59,1.0,1.0,proper_train
110273,75.0,18.0,22.0,311.0,35.2,0.925469347524354,1,9.8,Obese,60+,2.0,3.0,proper_train
110276,46.0,18.0,30.0,286.0,26.3,0.5285714191308596,0,5.3,Overweight,40-59,1.0,3.0,proper_train
110279,70.0,31.0,36.0,333.0,36.8,1.0860860860860861,0,6.7,Obese,60+,2.0,7.0,test
110286,43.0,20.0,35.0,362.0,31.0,0.4015650050091294,0,7.2,Obese,40-59,1.0,1.0,proper_train
110287,68.0,33.0,35.0,173.0,26.5,2.1925157775847297,0,3.7,Overweight,60+,1.0,3.0,proper_train
110289,36.0,20.0,21.0,213.0,34.8,0.7376379388258898,0,4.6,Obese,18-39,1.0,7.0,test
110290,63.0,19.0,13.0,196.0,16.4,1.6938166706163247,0,3.2,Underweight,60+,1.0,6.0,proper_train
110291,64.0,15.0,26.0,262.0,30.0,0.7185934722620484,0,3.8,Obese,60+,1.0,3.0,proper_train
110292,79.0,47.0,60.0,213.0,27.8,2.250451825425374,1,10.9,Overweight,60+,1.0,3.0,proper_train
110293,21.0,28.0,18.0,208.0,24.0,0.666312159195016,0,5.3,Normal,18-39,1.0,1.0,proper_train
110295,77.0,22.0,32.0,198.0,24.8,1.512422837537893,0,4.8,Normal,60+,2.0,3.0,proper_train
110296,48.0,18.0,18.0,203.0,20.8,1.003185975279437,0,5.0,Normal,40-59,1.0,4.0,test
110304,36.0,29.0,58.0,313.0,34.2,0.4379677824458478,1,9.3,Obese,18-39,1.0,6.0,proper_train
110305,19.0,18.0,17.0,276.0,20.8,0.300533274501543,0,4.6,Normal,18-39,2.0,1.0,proper_train
110306,53.0,83.0,62.0,258.0,61.7,2.1654013902086744,1,20.1,Obese,40-59,2.0,4.0,conformal_calibration
110309,19.0,19.0,23.0,169.0,24.5,0.4454065294355266,0,3.8,Normal,18-39,1.0,3.0,test
110310,74.0,19.0,9.0,229.0,34.6,2.046579330422125,0,5.2,Obese,60+,2.0,2.0,proper_train
110311,79.0,31.0,17.0,251.0,22.3,2.3664133295377665,0,4.5,Normal,60+,2.0,3.0,proper_train
110317,64.0,18.0,14.0,320.0,26.3,0.9621404708847278,0,4.2,Overweight,60+,2.0,4.0,proper_train
110318,61.0,24.0,28.0,279.0,27.2,0.9916487248844241,0,5.4,Overweight,60+,1.0,4.0,proper_train
110319,34.0,19.0,23.0,237.0,32.1,0.5683557446450225,0,4.2,Obese,18-39,2.0,1.0,conformal_calibration
110321,46.0,16.0,13.0,207.0,31.3,0.9861336821781852,0,5.6,Obese,40-59,1.0,3.0,conformal_calibration
110322,46.0,21.0,19.0,172.0,30.2,1.2884627844125733,0,3.2,Obese,40-59,1.0,3.0,proper_train
110323,48.0,19.0,15.0,218.0,30.4,1.080171502061518,0,6.4,Obese,40-59,2.0,3.0,test
110326,39.0,18.0,24.0,183.0,28.9,0.7830336062995406,0,5.1,Overweight,18-39,1.0,2.0,proper_train
110328,63.0,18.0,10.0,208.0,27.8,1.72404945511103,0,5.4,Overweight,60+,1.0,3.0,proper_train
110332,49.0,20.0,17.0,209.0,46.2,1.1372483853378292,0,3.7,Obese,40-59,2.0,4.0,proper_train
110336,61.0,17.0,12.0,292.0,25.4,1.0251921732014417,0,4.2,Overweight,60+,2.0,3.0,test
110341,49.0,29.0,18.0,230.0,24.5,1.4562300522696872,0,3.4,Normal,40-59,1.0,7.0,proper_train
110342,34.0,14.0,7.0,241.0,31.9,0.7465190421261085,0,5.9,Obese,18-39,2.0,4.0,proper_train
110347,32.0,29.0,54.0,210.0,30.3,0.6013562119848649,0,5.4,Obese,18-39,1.0,6.0,proper_train
110350,67.0,17.0,18.0,218.0,35.7,1.2314902504151035,0,3.9,Obese,60+,2.0,1.0,proper_train
110351,49.0,21.0,22.0,290.0,29.1,0.7564949556204246,0,4.9,Overweight,40-59,1.0,3.0,proper_train
110353,71.0,14.0,12.0,183.0,26.7,1.567994993372918,0,3.3,Overweight,60+,1.0,7.0,proper_train
110356,43.0,23.0,24.0,252.0,23.6,0.801106268390398,0,4.8,Normal,40-59,1.0,2.0,proper_train
110359,65.0,31.0,26.0,197.0,36.1,2.0059594533169585,0,7.4,Obese,60+,2.0,4.0,proper_train
110366,61.0,18.0,20.0,279.0,19.9,0.8800009459837882,0,3.4,Normal,60+,1.0,4.0,proper_train
110367,18.0,192.0,52.0,182.0,18.2,2.633302030431857,0,4.0,Underweight,18-39,1.0,1.0,test
110372,78.0,16.0,21.0,194.0,31.8,1.4037934382191675,0,5.9,Obese,60+,1.0,3.0,proper_train
110374,45.0,20.0,16.0,327.0,49.7,0.6880733944954128,0,5.7,Obese,40-59,2.0,4.0,proper_train
110376,37.0,19.0,12.0,139.0,23.9,1.4599900692097372,0,3.8,Normal,18-39,2.0,1.0,proper_train
110378,44.0,13.0,12.0,261.0,49.1,0.6326520191120037,0,5.0,Obese,40-59,2.0,1.0,proper_train
110379,20.0,16.0,13.0,254.0,23.4,0.34941744644108924,0,3.7,Normal,18-39,2.0,3.0,proper_train
110380,21.0,17.0,8.0,179.0,18.2,0.7051316225798812,0,4.2,Underweight,18-39,1.0,4.0,proper_train
110381,40.0,12.0,11.0,300.0,42.8,0.4824181513244218,0,5.6,Obese,40-59,2.0,7.0,proper_train
110385,36.0,17.0,21.0,241.0,24.6,0.5541466756200305,0,4.0,Normal,18-39,1.0,4.0,proper_train
110386,75.0,18.0,9.0,176.0,25.9,2.5568181818181817,1,11.1,Overweight,60+,2.0,3.0,proper_train
110387,54.0,21.0,27.0,211.0,42.8,1.034305221581415,1,10.5,Obese,40-59,1.0,6.0,proper_train
110389,70.0,20.0,17.0,216.0,25.5,1.5719901622725285,0,4.6,Overweight,60+,1.0,3.0,proper_train
110390,61.0,23.0,26.0,218.0,30.1,1.2621602642150103,0,3.4,Obese,60+,1.0,2.0,proper_train
110391,33.0,12.0,10.0,269.0,26.2,0.46552488974969447,0,6.0,Overweight,18-39,2.0,1.0,proper_train
110394,40.0,15.0,15.0,195.0,24.4,0.7944581222989573,0,5.6,Normal,40-59,1.0,2.0,proper_train
110396,47.0,15.0,21.0,183.0,29.0,0.8406754787780035,0,4.1,Overweight,40-59,1.0,1.0,test
110399,36.0,42.0,49.0,208.0,18.1,1.0384615384615385,0,5.7,Underweight,18-39,1.0,7.0,test
110400,44.0,28.0,44.0,202.0,37.2,0.9194603379203089,0,6.6,Obese,40-59,1.0,2.0,proper_train
110402,50.0,19.0,14.0,231.0,34.7,1.0991263195532603,0,6.4,Obese,40-59,1.0,4.0,proper_train
110406,31.0,13.0,10.0,332.0,51.9,0.38385478826742675,0,5.8,Obese,18-39,2.0,4.0,test
110408,35.0,13.0,9.0,227.0,25.2,0.6681350954478708,0,7.3,Overweight,18-39,2.0,4.0,proper_train
110409,52.0,19.0,13.0,328.0,27.7,0.8354326126075097,0,4.5,Overweight,40-59,2.0,3.0,proper_train
110410,65.0,15.0,13.0,269.0,31.5,1.0052652255011123,0,6.3,Obese,60+,2.0,4.0,proper_train
110411,39.0,13.0,11.0,211.0,45.1,0.7244846052176594,0,6.6,Obese,18-39,2.0,3.0,proper_train
110412,74.0,20.0,13.0,277.0,25.7,1.4818705603128866,0,5.0,Overweight,60+,1.0,1.0,proper_train
110414,28.0,28.0,35.0,201.0,22.5,0.6593044136389622,0,4.1,Normal,18-39,1.0,4.0,conformal_calibration
110415,50.0,20.0,14.0,297.0,26.3,0.8998695013886343,0,4.4,Overweight,40-59,1.0,6.0,conformal_calibration
110418,62.0,29.0,28.0,202.0,37.1,1.6821290160163131,0,7.0,Obese,60+,2.0,1.0,test
110419,35.0,13.0,11.0,286.0,31.7,0.4796771391009876,0,4.5,Obese,18-39,2.0,4.0,test
110421,74.0,14.0,10.0,297.0,33.5,1.1030705912237175,0,5.3,Obese,60+,2.0,3.0,conformal_calibration
110425,31.0,14.0,14.0,414.0,27.4,0.2801724130193048,0,4.1,Overweight,18-39,2.0,6.0,proper_train
110426,62.0,26.0,36.0,318.0,25.9,0.8448637316561844,0,4.5,Overweight,60+,1.0,3.0,test
110427,28.0,11.0,12.0,307.0,33.6,0.28961544447948656,0,6.5,Obese,18-39,2.0,7.0,proper_train
110429,80.0,16.0,10.0,189.0,33.3,2.141648362442077,0,3.6,Obese,60+,2.0,3.0,proper_train
110430,46.0,13.0,7.0,202.0,29.5,1.118924529007514,0,3.8,Overweight,40-59,2.0,3.0,proper_train
110431,65.0,26.0,14.0,278.0,21.4,1.6247176216978316,0,6.7,Normal,60+,2.0,3.0,test
110434,53.0,21.0,32.0,154.0,42.3,1.2776133887347847,1,8.9,Obese,40-59,1.0,1.0,test
110438,61.0,22.0,16.0,201.0,33.4,1.6691542288557213,0,4.0,Obese,60+,2.0,7.0,proper_train
110440,80.0,20.0,20.0,203.0,32.7,1.762418110344662,1,11.6,Obese,60+,1.0,3.0,test
110442,38.0,15.0,12.0,377.0,28.4,0.43645842631045983,0,4.6,Overweight,18-39,2.0,2.0,proper_train
110446,56.0,24.0,32.0,230.0,30.9,1.0329907759942607,0,4.4,Obese,40-59,1.0,3.0,test
110449,53.0,13.0,18.0,396.0,45.1,0.4100981247790667,0,7.7,Obese,40-59,2.0,3.0,proper_train
110450,39.0,23.0,32.0,352.0,29.1,0.45047924909398657,0,4.6,Overweight,18-39,1.0,1.0,proper_train
110453,69.0,19.0,18.0,206.0,31.1,1.5000274921287442,0,5.4,Obese,60+,2.0,2.0,proper_train
110454,60.0,17.0,13.0,233.0,23.7,1.214150644098141,0,4.3,Normal,60+,2.0,3.0,test
110457,29.0,29.0,44.0,256.0,34.5,0.4952559390427719,0,3.4,Obese,18-39,1.0,3.0,proper_train
110460,31.0,20.0,12.0,240.0,26.6,0.7457440977032667,0,4.9,Overweight,18-39,2.0,3.0,proper_train
110461,50.0,22.0,20.0,258.0,23.2,0.9533623159882825,0,4.2,Normal,40-59,1.0,3.0,proper_train
110464,47.0,24.0,24.0,301.0,21.7,0.7649569296399295,0,7.2,Normal,40-59,2.0,3.0,proper_train
110465,58.0,17.0,11.0,255.0,21.5,1.165843865700686,0,3.4,Normal,40-59,2.0,6.0,proper_train
110467,33.0,17.0,14.0,202.0,33.1,0.742245330261733,0,7.7,Obese,18-39,2.0,4.0,proper_train
110473,44.0,24.0,42.0,192.0,24.7,0.8486684247915055,0,4.1,Normal,40-59,1.0,6.0,test
110474,56.0,18.0,21.0,332.0,33.8,0.6625410643309649,0,5.5,Obese,40-59,2.0,4.0,proper_train
110476,22.0,25.0,12.0,309.0,29.0,0.5138230551040358,0,5.4,Overweight,18-39,2.0,7.0,proper_train
110477,23.0,23.0,35.0,151.0,29.1,0.5921676831144176,0,6.2,Overweight,18-39,1.0,4.0,proper_train
110478,18.0,19.0,18.0,221.0,27.8,0.36475191427722364,0,6.0,Overweight,18-39,1.0,3.0,test
110482,77.0,12.0,9.0,116.0,31.8,2.6551724137931036,0,5.4,Obese,60+,1.0,3.0,proper_train
110488,71.0,22.0,15.0,269.0,37.9,1.4992812854463407,1,75.0,Obese,60+,1.0,4.0,test
110489,80.0,12.0,10.0,350.0,20.4,0.8673675867890411,0,4.3,Normal,60+,1.0,4.0,conformal_calibration
110492,39.0,16.0,13.0,339.0,30.7,0.510520534578972,0,3.4,Obese,18-39,2.0,4.0,proper_train
110494,49.0,17.0,11.0,236.0,27.6,1.0642328391240554,0,5.0,Overweight,40-59,1.0,4.0,conformal_calibration
110495,54.0,19.0,18.0,291.0,62.1,0.8310327119099631,0,7.7,Obese,40-59,2.0,3.0,proper_train
110496,52.0,25.0,23.0,261.0,32.0,1.0385775412804492,0,5.0,Obese,40-59,2.0,3.0,proper_train
110498,54.0,20.0,14.0,233.0,26.1,1.2388074732421388,0,3.8,Overweight,40-59,2.0,6.0,test
110503,34.0,13.0,17.0,319.0,33.9,0.3360524961318469,0,5.6,Obese,18-39,2.0,3.0,proper_train
110506,65.0,29.0,31.0,155.0,22.3,2.1842322214223917,0,3.9,Normal,60+,1.0,3.0,proper_train
110507,19.0,17.0,17.0,239.0,27.1,0.32777827149261735,0,5.3,Overweight,18-39,2.0,3.0,test
110508,61.0,17.0,14.0,395.0,25.2,0.7016453363624914,0,5.1,Overweight,60+,2.0,4.0,conformal_calibration
110509,60.0,39.0,52.0,209.0,26.0,1.5526297358457373,0,6.6,Overweight,60+,1.0,3.0,test
110510,59.0,13.0,11.0,274.0,31.1,0.8440116835443237,0,3.5,Obese,40-59,2.0,4.0,proper_train
110512,19.0,18.0,21.0,254.0,27.3,0.2938209388216905,0,4.4,Overweight,18-39,1.0,3.0,proper_train
110518,57.0,32.0,31.0,318.0,25.5,1.0301889021913126,0,5.9,Overweight,40-59,2.0,3.0,proper_train
110520,25.0,20.0,13.0,291.0,23.8,0.47654656033095283,0,4.8,Normal,18-39,1.0,1.0,proper_train
110521,19.0,198.0,420.0,170.0,24.1,1.07980472777423,0,6.1,Normal,18-39,2.0,3.0,proper_train
110522,64.0,19.0,16.0,370.0,33.8,0.8216216216216217,0,7.5,Obese,60+,1.0,4.0,test
110524,58.0,25.0,27.0,148.0,33.2,1.8854907439751292,0,5.6,Obese,40-59,1.0,4.0,proper_train
110526,23.0,17.0,17.0,210.0,26.4,0.45157823518669615,0,5.3,Overweight,18-39,1.0,3.0,test
110527,39.0,15.0,13.0,255.0,38.0,0.6362737544936452,0,4.3,Obese,18-39,2.0,4.0,test
110531,68.0,12.0,11.0,305.0,36.9,0.8066664169687053,1,12.3,Obese,60+,2.0,4.0,proper_train
110532,57.0,18.0,20.0,216.0,37.3,1.0621322893124,1,14.6,Obese,40-59,2.0,3.0,proper_train
110538,63.0,22.0,19.0,314.0,56.1,1.0126439717980846,1,8.7,Obese,60+,2.0,4.0,proper_train
110540,28.0,17.0,11.0,269.0,24.3,0.5335293681004293,0,3.8,Normal,18-39,2.0,6.0,test
110541,18.0,16.0,21.0,229.0,40.7,0.274439966759676,1,9.7,Obese,18-39,1.0,7.0,proper_train
110543,27.0,20.0,16.0,248.0,20.6,0.5443548387096774,0,3.3,Normal,18-39,2.0,6.0,test
110544,61.0,25.0,32.0,181.0,29.8,1.4894169078860289,0,4.6,Overweight,60+,1.0,3.0,proper_train
110545,37.0,25.0,32.0,306.0,42.9,0.5343739972202258,0,6.1,Obese,18-39,1.0,3.0,conformal_calibration
110546,40.0,21.0,29.0,242.0,27.7,0.644562330862494,0,5.0,Overweight,40-59,1.0,6.0,conformal_calibration
110548,55.0,21.0,17.0,226.0,36.0,1.2395072872432062,0,4.1,Obese,40-59,2.0,1.0,test
110551,47.0,20.0,26.0,225.0,27.4,0.819329631243969,0,2.4,Overweight,40-59,1.0,2.0,test
110552,34.0,15.0,11.0,338.0,33.5,0.45494315306112265,0,4.8,Obese,18-39,2.0,1.0,proper_train
110553,24.0,14.0,8.0,250.0,22.8,0.4751757569573599,0,3.4,Normal,18-39,2.0,6.0,proper_train
110555,49.0,19.0,15.0,244.0,36.4,0.9851769112893729,0,8.1,Obese,40-59,2.0,4.0,test
110558,61.0,21.0,32.0,298.0,19.9,0.7599025056207779,0,4.6,Normal,60+,2.0,4.0,test
110560,31.0,38.0,63.0,245.0,31.4,0.6057716315712512,0,7.9,Obese,18-39,1.0,7.0,test
110571,59.0,16.0,14.0,290.0,24.7,0.8699814219494091,1,8.8,Normal,40-59,2.0,4.0,proper_train
110572,39.0,22.0,19.0,208.0,37.6,0.9463399022160671,0,4.4,Obese,18-39,2.0,2.0,test
110573,61.0,26.0,20.0,210.0,24.1,1.688763720149841,0,6.0,Normal,60+,1.0,3.0,proper_train
110575,80.0,14.0,14.0,110.0,32.5,2.72120537219923,1,9.0,Obese,60+,1.0,7.0,proper_train
110576,37.0,19.0,17.0,259.0,29.7,0.6583109822414752,0,4.3,Overweight,18-39,2.0,3.0,proper_train
110578,66.0,13.0,9.0,164.0,31.7,1.7439024390243902,0,5.1,Obese,60+,1.0,4.0,test
110579,48.0,16.0,20.0,297.0,37.5,0.5782155578181274,0,5.8,Obese,40-59,1.0,4.0,proper_train
110581,40.0,16.0,18.0,258.0,38.8,0.5846877777253107,0,7.3,Obese,40-59,2.0,3.0,conformal_calibration
110588,65.0,22.0,27.0,200.0,31.0,1.3760181415686081,0,4.4,Obese,60+,2.0,4.0,proper_train
110594,19.0,17.0,21.0,210.0,23.0,0.33563989783916925,0,3.7,Normal,18-39,1.0,1.0,proper_train
110602,30.0,22.0,7.0,298.0,20.0,0.8371025241143959,0,4.2,Normal,18-39,2.0,6.0,proper_train
110603,56.0,20.0,18.0,202.0,24.3,1.3068640180345434,0,5.4,Normal,40-59,1.0,7.0,proper_train
110604,19.0,19.0,15.0,328.0,21.9,0.28417621706928403,0,3.9,Normal,18-39,1.0,3.0,test
110606,33.0,11.0,8.0,407.0,39.0,0.315331402421028,0,5.4,Obese,18-39,2.0,3.0,test
110607,58.0,19.0,21.0,233.0,31.8,1.0320863306440498,0,7.3,Obese,40-59,2.0,3.0,conformal_calibration
110608,60.0,23.0,32.0,215.0,42.0,1.1346597186481808,0,7.7,Obese,60+,1.0,2.0,test
110610,29.0,11.0,12.0,288.0,42.0,0.319747805332449,0,5.9,Obese,18-39,2.0,2.0,proper_train
110613,53.0,30.0,31.0,205.0,24.8,1.3930362449881566,0,6.3,Normal,40-59,1.0,6.0,proper_train
110614,44.0,25.0,57.0,217.0,27.8,0.6714219321527871,0,5.4,Overweight,40-59,1.0,1.0,proper_train
110615,75.0,21.0,16.0,191.0,23.2,2.06151832460733,0,3.9,Normal,60+,2.0,4.0,conformal_calibration
110617,75.0,22.0,22.0,213.0,23.5,1.6515548450082498,0,4.0,Normal,60+,1.0,3.0,conformal_calibration
110621,62.0,16.0,17.0,157.0,27.5,1.5324543951340273,0,4.1,Overweight,60+,1.0,3.0,test
110622,66.0,12.0,6.0,286.0,24.6,1.13053372743839,1,10.9,Normal,60+,1.0,6.0,test
110624,43.0,29.0,35.0,210.0,27.3,1.0037212910918667,0,4.9,Overweight,40-59,1.0,6.0,proper_train
110626,33.0,14.0,28.0,364.0,35.7,0.23986206940970187,0,6.0,Obese,18-39,2.0,1.0,conformal_calibration
110627,31.0,18.0,14.0,470.0,28.1,0.31730164465347405,0,4.8,Overweight,18-39,1.0,2.0,proper_train
110628,63.0,29.0,27.0,237.0,24.6,1.483570944879671,0,3.3,Normal,60+,2.0,3.0,proper_train
110636,56.0,11.0,9.0,297.0,43.9,0.691358024691358,0,4.2,Obese,40-59,2.0,2.0,proper_train
110638,60.0,18.0,22.0,328.0,56.3,0.702002358731888,1,12.7,Obese,60+,1.0,1.0,proper_train
110639,52.0,33.0,60.0,234.0,32.6,0.9467292624062574,0,5.2,Obese,40-59,1.0,3.0,conformal_calibration
110640,59.0,15.0,14.0,405.0,32.2,0.5840153064012237,0,5.6,Obese,40-59,2.0,3.0,test
110645,43.0,16.0,14.0,269.0,41.5,0.6835529161180222,0,3.6,Obese,40-59,2.0,4.0,proper_train
110651,63.0,20.0,34.0,220.0,26.1,0.9822191694525506,0,5.8,Overweight,60+,1.0,4.0,proper_train
110655,39.0,15.0,20.0,366.0,41.3,0.35740430787906474,0,4.8,Obese,18-39,1.0,3.0,proper_train
110657,28.0,15.0,14.0,194.0,22.8,0.5786068123877229,0,4.5,Normal,18-39,1.0,4.0,test
110658,61.0,15.0,17.0,287.0,29.1,0.773240755777856,0,5.4,Overweight,60+,2.0,4.0,proper_train
110662,76.0,15.0,12.0,296.0,33.5,1.111789369723266,0,7.0,Obese,60+,2.0,3.0,proper_train
110663,59.0,14.0,15.0,209.0,29.9,1.0204415451251438,0,6.7,Overweight,40-59,1.0,3.0,test
110665,58.0,19.0,19.0,335.0,35.8,0.754675040971221,0,5.9,Obese,40-59,2.0,2.0,proper_train
110672,80.0,15.0,10.0,145.0,29.1,2.6170573739324516,0,4.4,Overweight,60+,2.0,3.0,proper_train
110675,80.0,12.0,9.0,225.0,28.3,1.4222222222222223,0,3.9,Overweight,60+,2.0,3.0,test
110681,28.0,20.0,20.0,242.0,20.6,0.5174372179338356,0,4.8,Normal,18-39,1.0,3.0,test
110682,54.0,28.0,17.0,144.0,25.8,2.546624062881496,0,7.1,Overweight,40-59,1.0,4.0,proper_train
110684,23.0,13.0,8.0,293.0,23.6,0.36079339176583225,0,6.9,Normal,18-39,2.0,4.0,conformal_calibration
110686,38.0,19.0,10.0,140.0,22.2,1.6308317647439783,0,5.2,Normal,18-39,1.0,4.0,proper_train
110688,34.0,15.0,11.0,395.0,18.7,0.3892931284421758,0,3.8,Normal,18-39,2.0,6.0,proper_train
110690,52.0,63.0,35.0,175.0,23.5,3.164257529703566,1,15.0,Normal,40-59,1.0,4.0,test
110692,27.0,24.0,15.0,220.0,18.9,0.7605130934370927,0,5.6,Normal,18-39,1.0,7.0,proper_train
110698,67.0,19.0,18.0,162.0,30.2,1.852154181996862,0,4.8,Obese,60+,2.0,4.0,test
110699,56.0,13.0,12.0,305.0,39.9,0.6890344196230289,1,8.9,Obese,40-59,2.0,4.0,test
110700,68.0,15.0,15.0,156.0,28.7,1.6882235098852842,0,4.8,Overweight,60+,1.0,4.0,proper_train
110702,39.0,18.0,18.0,182.0,31.0,0.9091372900969897,0,4.3,Obese,18-39,1.0,4.0,test
110703,78.0,22.0,13.0,251.0,25.5,1.8961464874950065,0,4.8,Overweight,60+,1.0,4.0,proper_train
110704,63.0,24.0,23.0,227.0,24.1,1.3888713394462424,0,3.0,Normal,60+,1.0,4.0,proper_train
110705,40.0,15.0,15.0,184.0,23.5,0.8419529013494383,0,4.5,Normal,40-59,1.0,6.0,test
110709,70.0,26.0,14.0,178.0,34.3,2.7326711251719797,1,20.3,Obese,60+,1.0,3.0,test
110711,40.0,13.0,10.0,237.0,32.7,0.6938330731171127,0,2.7,Obese,40-59,2.0,1.0,test
110712,59.0,18.0,21.0,253.0,25.9,0.9159976262079997,0,4.5,Overweight,40-59,2.0,1.0,proper_train
110713,26.0,21.0,16.0,294.0,22.3,0.4642857142857143,0,6.0,Normal,18-39,2.0,6.0,conformal_calibration
110714,67.0,22.0,14.0,326.0,27.0,1.2084143269291827,0,3.9,Overweight,60+,2.0,6.0,proper_train
110715,55.0,23.0,27.0,192.0,22.5,1.267965434939022,0,4.2,Normal,40-59,1.0,6.0,proper_train
110717,61.0,83.0,25.0,147.0,18.8,6.88843537414966,0,6.1,Normal,60+,2.0,4.0,test
110718,32.0,37.0,81.0,202.0,45.0,0.6512651265126512,1,8.8,Obese,18-39,1.0,4.0,proper_train
110719,18.0,31.0,36.0,236.0,35.6,0.3940677966101695,0,5.1,Obese,18-39,1.0,2.0,proper_train
110721,80.0,21.0,11.0,302.0,23.2,1.6772816519557712,0,4.3,Normal,60+,2.0,6.0,proper_train
110722,25.0,29.0,43.0,256.0,47.6,0.4318807167622593,0,5.9,Obese,18-39,1.0,1.0,test
110723,73.0,23.0,20.0,336.0,24.5,1.11736849232802,0,5.9,Normal,60+,1.0,7.0,conformal_calibration
110726,62.0,18.0,14.0,436.0,25.4,0.6840907017758386,1,9.6,Overweight,60+,1.0,4.0,test
110728,72.0,18.0,21.0,159.0,28.4,1.7786816713575229,0,3.2,Overweight,60+,1.0,3.0,proper_train
110730,29.0,31.0,8.0,261.0,22.2,1.2177950120434984,0,5.1,Normal,18-39,2.0,3.0,proper_train
110736,49.0,14.0,12.0,289.0,31.0,0.6852288662008361,0,6.1,Obese,40-59,2.0,1.0,proper_train
110739,40.0,17.0,13.0,273.0,26.3,0.6908354092182342,0,4.6,Overweight,40-59,2.0,3.0,test
110742,55.0,21.0,17.0,216.0,22.6,1.296891883874836,0,5.1,Normal,40-59,1.0,6.0,proper_train
110747,80.0,23.0,33.0,239.0,34.4,1.3401794433409373,0,7.2,Obese,60+,1.0,3.0,test
110749,80.0,21.0,18.0,205.0,23.8,1.9316087681193495,0,6.6,Normal,60+,2.0,4.0,test
110750,52.0,20.0,23.0,301.0,31.5,0.7204484738184643,0,7.4,Obese,40-59,1.0,2.0,proper_train
110751,69.0,14.0,17.0,231.0,41.4,1.0142398865155742,0,5.1,Obese,60+,2.0,3.0,proper_train
110752,28.0,18.0,11.0,250.0,31.6,0.6078468706687714,0,4.9,Obese,18-39,1.0,3.0,proper_train
110753,36.0,24.0,25.0,217.0,29.4,0.7963133640552995,0,4.5,Overweight,18-39,1.0,2.0,test
110759,54.0,22.0,14.0,155.0,37.9,2.048428099302969,0,4.4,Obese,40-59,1.0,4.0,proper_train
110760,28.0,18.0,18.0,240.0,31.3,0.4949747468305833,0,6.8,Obese,18-39,1.0,1.0,proper_train
110762,66.0,19.0,26.0,169.0,41.1,1.455204931735401,1,11.1,Obese,60+,1.0,3.0,test
110763,71.0,37.0,50.0,146.0,36.9,2.5446157728452876,1,15.6,Obese,60+,1.0,3.0,proper_train
110765,59.0,17.0,13.0,266.0,31.0,1.045797550402077,0,3.2,Obese,40-59,2.0,4.0,proper_train
110766,20.0,17.0,19.0,231.0,32.6,0.33766817972290475,0,4.1,Obese,18-39,2.0,1.0,proper_train
110769,18.0,15.0,11.0,396.0,24.4,0.20557591675756612,0,4.4,Normal,18-39,2.0,4.0,test
110770,67.0,20.0,7.0,190.0,24.1,2.6656441780650764,0,4.9,Normal,60+,1.0,6.0,proper_train
110771,34.0,17.0,9.0,199.0,30.8,0.9681742043551089,0,6.0,Obese,18-39,2.0,4.0,proper_train
110773,18.0,16.0,11.0,191.0,20.0,0.45463490700730846,0,3.6,Normal,18-39,2.0,2.0,test
110775,71.0,32.0,38.0,100.0,33.4,3.6856706880909247,1,14.0,Obese,60+,1.0,2.0,test
110778,80.0,18.0,13.0,179.0,36.9,2.231196320012095,0,3.9,Obese,60+,1.0,3.0,proper_train
110779,70.0,24.0,17.0,267.0,24.3,1.5260668541611964,0,3.1,Normal,60+,2.0,3.0,proper_train
110780,37.0,18.0,21.0,264.0,34.6,0.5505042230953444,0,3.6,Obese,18-39,2.0,4.0,test
110781,62.0,19.0,20.0,214.0,35.3,1.2308822792031553,0,5.4,Obese,60+,1.0,3.0,proper_train
110784,32.0,13.0,12.0,125.0,25.3,0.9607108479315374,0,5.0,Overweight,18-39,2.0,4.0,test
110785,26.0,29.0,49.0,217.0,42.3,0.49637919684002635,0,5.9,Obese,18-39,1.0,6.0,test
110789,36.0,13.0,10.0,297.0,32.9,0.49829829796592645,0,4.2,Obese,18-39,2.0,1.0,conformal_calibration
110791,56.0,14.0,13.0,308.0,24.5,0.705982067923019,0,4.4,Normal,40-59,2.0,6.0,proper_train
110792,44.0,13.0,9.0,268.0,19.4,0.7114427860696517,0,3.7,Normal,40-59,2.0,6.0,proper_train
110794,58.0,17.0,26.0,199.0,44.6,0.9717111017399471,0,7.8,Obese,40-59,2.0,2.0,conformal_calibration
110795,47.0,15.0,9.0,373.0,38.5,0.6300268096514745,0,6.5,Obese,40-59,2.0,4.0,test
110796,50.0,23.0,28.0,213.0,33.1,1.0203266290155193,0,6.3,Obese,40-59,2.0,1.0,proper_train
110800,22.0,18.0,15.0,171.0,25.3,0.5979342709934257,0,5.5,Overweight,18-39,1.0,3.0,test
110803,80.0,22.0,18.0,230.0,24.5,1.8036346882439473,0,4.1,Normal,60+,2.0,3.0,proper_train
110805,64.0,16.0,11.0,287.0,27.8,1.075775668458641,0,3.5,Overweight,60+,2.0,1.0,proper_train
110806,53.0,14.0,13.0,306.0,37.6,0.672528669279608,0,4.3,Obese,40-59,2.0,3.0,test
110810,70.0,20.0,32.0,306.0,35.6,0.8087822660630445,1,9.9,Obese,60+,1.0,4.0,conformal_calibration
110811,45.0,22.0,36.0,345.0,27.2,0.4782608695652174,0,3.5,Overweight,40-59,2.0,2.0,proper_train
110813,66.0,16.0,11.0,253.0,34.7,1.258482133889796,0,4.8,Obese,60+,1.0,4.0,proper_train
110814,21.0,16.0,29.0,161.0,42.5,0.38753809706515174,0,6.2,Obese,18-39,1.0,3.0,proper_train
110816,29.0,12.0,7.0,278.0,30.7,0.4731353834791765,0,4.4,Obese,18-39,2.0,4.0,test
110819,35.0,14.0,17.0,256.0,27.1,0.4642283447961061,0,4.6,Overweight,18-39,2.0,1.0,proper_train
110820,63.0,13.0,18.0,198.0,34.3,0.9749502589087247,0,6.3,Obese,60+,1.0,1.0,proper_train
110821,79.0,31.0,18.0,178.0,31.9,3.242892335441676,1,30.7,Obese,60+,2.0,3.0,proper_train
110822,73.0,40.0,36.0,241.0,25.7,2.0193637621023512,0,2.4,Overweight,60+,1.0,3.0,conformal_calibration
110830,33.0,20.0,14.0,222.0,26.9,0.7945604489288293,0,5.3,Overweight,18-39,1.0,4.0,proper_train
110833,68.0,35.0,49.0,404.0,25.7,0.8415841584158416,0,4.1,Overweight,60+,2.0,3.0,test
110835,50.0,15.0,13.0,308.0,34.2,0.6753654986508472,0,3.3,Obese,40-59,2.0,4.0,test
110836,45.0,14.0,20.0,322.0,41.9,0.43749156081517626,0,6.4,Obese,40-59,1.0,4.0,conformal_calibration
110841,54.0,16.0,20.0,273.0,44.4,0.707678656615318,1,8.9,Obese,40-59,1.0,3.0,proper_train
110848,19.0,44.0,69.0,241.0,28.1,0.41760403809005414,0,4.5,Overweight,18-39,1.0,1.0,proper_train
110851,26.0,15.0,8.0,165.0,18.0,0.8356716504931925,0,4.2,Underweight,18-39,2.0,3.0,proper_train
110852,61.0,17.0,14.0,294.0,33.1,0.9426867614394017,0,5.3,Obese,60+,1.0,4.0,proper_train
110853,42.0,21.0,38.0,319.0,26.7,0.4485244308380331,0,5.0,Overweight,40-59,1.0,2.0,test
110857,40.0,22.0,29.0,319.0,27.4,0.5122630018677293,0,5.3,Overweight,40-59,1.0,6.0,test
110859,65.0,21.0,12.0,158.0,39.4,2.4939339159615166,0,6.6,Obese,60+,1.0,4.0,proper_train
110861,67.0,18.0,22.0,310.0,25.0,0.8294195610479554,0,6.0,Overweight,60+,2.0,1.0,proper_train
110862,26.0,14.0,10.0,225.0,22.5,0.5115862525783511,0,3.9,Normal,18-39,1.0,7.0,test
110865,24.0,22.0,18.0,229.0,25.5,0.5434532466761239,0,5.1,Overweight,18-39,1.0,3.0,proper_train
110867,80.0,28.0,20.0,167.0,23.6,2.9992768081434305,0,6.7,Normal,60+,1.0,3.0,conformal_calibration
110868,40.0,23.0,34.0,172.0,37.5,0.9173180135529542,0,6.1,Obese,40-59,1.0,4.0,proper_train
110870,78.0,21.0,17.0,139.0,27.4,2.85808168208283,0,6.8,Overweight,60+,1.0,1.0,proper_train
110871,18.0,14.0,10.0,233.0,21.5,0.3420145795546916,0,5.5,Normal,18-39,1.0,6.0,proper_train
110875,63.0,16.0,18.0,190.0,25.2,1.250462518308842,0,4.7,Overweight,60+,1.0,3.0,proper_train
110876,56.0,20.0,15.0,173.0,30.7,1.6715766272648582,0,5.0,Obese,40-59,1.0,2.0,test
110881,29.0,13.0,9.0,172.0,29.1,0.7306201550387597,0,3.2,Overweight,18-39,2.0,3.0,test
110882,70.0,10.0,2.0,202.0,25.1,2.4503700338147683,0,7.1,Overweight,60+,1.0,4.0,proper_train
110884,79.0,15.0,7.0,156.0,23.7,2.8710762853585527,0,5.1,Normal,60+,1.0,3.0,proper_train
110886,64.0,16.0,16.0,199.0,32.0,1.2864321608040201,0,5.3,Obese,60+,1.0,3.0,proper_train
110887,20.0,13.0,10.0,220.0,18.8,0.3737237234744448,0,2.9,Normal,18-39,2.0,3.0,proper_train
110888,68.0,18.0,27.0,136.0,35.2,1.7320508075688772,0,5.3,Obese,60+,2.0,4.0,proper_train
110889,71.0,13.0,13.0,205.0,29.8,1.2487519051606988,0,5.6,Overweight,60+,2.0,4.0,proper_train
110890,41.0,15.0,11.0,293.0,26.4,0.6328651089260225,0,3.4,Overweight,40-59,2.0,4.0,conformal_calibration
110894,50.0,11.0,9.0,249.0,39.2,0.7362784471218207,0,6.5,Obese,40-59,2.0,4.0,conformal_calibration
110895,18.0,16.0,13.0,267.0,19.5,0.29916415077315733,0,4.0,Normal,18-39,2.0,6.0,proper_train
110897,50.0,26.0,25.0,207.0,27.4,1.2560386473429952,0,7.2,Overweight,40-59,1.0,6.0,proper_train
110898,41.0,14.0,18.0,218.0,34.6,0.6206105388395693,0,4.0,Obese,40-59,1.0,6.0,conformal_calibration
110899,29.0,17.0,16.0,294.0,34.5,0.4192176870748299,0,3.1,Obese,18-39,2.0,3.0,proper_train
110900,62.0,29.0,28.0,262.0,37.9,1.296908630669066,1,12.1,Obese,60+,2.0,2.0,test
110904,26.0,21.0,34.0,171.0,31.9,0.547591973612923,0,5.1,Obese,18-39,1.0,1.0,test
110905,42.0,16.0,11.0,345.0,22.9,0.5872916624819048,0,5.6,Normal,40-59,2.0,3.0,proper_train
110909,61.0,18.0,16.0,269.0,30.9,1.020446096654275,0,4.0,Obese,60+,2.0,4.0,test
110910,46.0,24.0,16.0,213.0,25.9,1.295774647887324,0,4.8,Overweight,40-59,1.0,3.0,conformal_calibration
110915,80.0,14.0,6.0,260.0,24.7,1.7586080204597176,0,4.2,Normal,60+,2.0,4.0,test
110916,33.0,10.0,11.0,213.0,23.0,0.4671302521627324,0,3.6,Normal,18-39,2.0,1.0,conformal_calibration
110917,47.0,37.0,41.0,228.0,23.9,1.1911674207205525,0,6.6,Normal,40-59,1.0,4.0,conformal_calibration
110918,65.0,15.0,11.0,227.0,27.6,1.2950377134947997,0,5.4,Overweight,60+,1.0,4.0,test
110920,67.0,46.0,53.0,220.0,35.6,1.92429662768118,1,8.4,Obese,60+,2.0,1.0,proper_train
110921,33.0,15.0,12.0,299.0,25.2,0.4779069953994394,0,5.7,Overweight,18-39,2.0,3.0,test
110925,80.0,13.0,11.0,216.0,37.9,1.4517212887077509,0,8.1,Obese,60+,1.0,4.0,proper_train
110929,80.0,23.0,15.0,201.0,31.7,2.363611727038689,0,5.3,Obese,60+,1.0,3.0,proper_train
110934,27.0,18.0,30.0,269.0,30.9,0.32985522050496996,0,6.1,Obese,18-39,1.0,6.0,proper_train
110935,61.0,22.0,36.0,259.0,37.5,0.8635778635778636,0,5.0,Obese,60+,1.0,2.0,test
110940,55.0,14.0,9.0,237.0,38.1,1.0829817158931083,0,4.1,Obese,40-59,2.0,4.0,proper_train
110941,59.0,22.0,22.0,208.0,29.6,1.3304544703345305,0,4.8,Overweight,40-59,2.0,3.0,test
110942,68.0,19.0,10.0,180.0,25.3,2.2698126316319702,0,7.1,Overweight,60+,2.0,4.0,proper_train
110944,73.0,27.0,30.0,171.0,34.0,2.1044077209409013,0,5.7,Obese,60+,1.0,3.0,test
110949,26.0,14.0,8.0,375.0,25.0,0.343182491135871,0,4.2,Overweight,18-39,2.0,6.0,proper_train
110950,57.0,28.0,31.0,266.0,32.8,1.0776318121606494,0,5.0,Obese,40-59,1.0,3.0,proper_train
110952,80.0,29.0,24.0,186.0,29.3,2.5460646071939848,1,8.6,Overweight,60+,1.0,3.0,test
110953,64.0,17.0,9.0,261.0,25.8,1.3895274584929758,0,4.2,Overweight,60+,2.0,6.0,proper_train
110954,24.0,19.0,13.0,174.0,19.7,0.726848532984783,0,5.7,Normal,18-39,2.0,4.0,conformal_calibration
110956,76.0,31.0,26.0,230.0,40.2,2.008911366893746,0,5.9,Obese,60+,2.0,3.0,proper_train
110957,31.0,22.0,25.0,224.0,26.3,0.6089285714285714,0,3.8,Overweight,18-39,1.0,6.0,proper_train
110958,51.0,13.0,8.0,197.0,18.1,1.1898776546362462,0,3.6,Underweight,40-59,1.0,4.0,conformal_calibration
110959,63.0,19.0,21.0,259.0,40.8,1.0085205197393161,0,4.7,Obese,60+,1.0,4.0,conformal_calibration
110961,60.0,19.0,17.0,258.0,33.0,1.0716690408582155,1,25.3,Obese,60+,1.0,6.0,test
110966,29.0,12.0,9.0,397.0,25.2,0.29219143576826195,0,6.3,Overweight,18-39,2.0,3.0,proper_train
110971,68.0,17.0,17.0,190.0,35.1,1.4756378028526365,0,4.1,Obese,60+,1.0,2.0,proper_train
110973,72.0,20.0,21.0,197.0,27.6,1.5950952382732437,0,5.8,Overweight,60+,2.0,3.0,test
110975,58.0,15.0,24.0,285.0,28.0,0.6231158117606331,0,7.3,Overweight,40-59,2.0,6.0,proper_train
110976,22.0,9.0,7.0,535.0,35.3,0.13988217879593828,0,6.7,Obese,18-39,2.0,4.0,test
110977,41.0,21.0,23.0,279.0,36.8,0.6434799659610803,0,5.8,Obese,40-59,1.0,1.0,conformal_calibration
110979,51.0,18.0,17.0,248.0,29.1,0.897772999126426,0,5.6,Overweight,40-59,1.0,6.0,proper_train
110981,39.0,14.0,13.0,281.0,35.7,0.5389080198202404,0,4.3,Obese,18-39,2.0,3.0,proper_train
110984,44.0,15.0,13.0,307.0,30.3,0.5962575399163701,0,4.9,Obese,40-59,2.0,3.0,test
110985,25.0,21.0,21.0,233.0,32.6,0.4916926711326009,0,4.0,Obese,18-39,1.0,3.0,proper_train
110986,68.0,18.0,14.0,263.0,42.8,1.2438317874555416,1,11.0,Obese,60+,2.0,3.0,test
110987,51.0,19.0,17.0,173.0,21.8,1.358479888209287,0,6.8,Normal,40-59,1.0,4.0,proper_train
110988,18.0,17.0,15.0,258.0,30.6,0.306235892490819,0,3.6,Obese,18-39,1.0,1.0,proper_train
110990,71.0,41.0,44.0,146.0,33.4,3.0058202878968148,0,5.2,Obese,60+,1.0,3.0,proper_train
110993,60.0,13.0,10.0,229.0,26.4,1.0771076746425048,0,5.2,Overweight,60+,1.0,3.0,conformal_calibration
110995,28.0,18.0,12.0,104.0,21.3,1.3989641138056317,0,2.9,Normal,18-39,2.0,3.0,test
110997,40.0,16.0,25.0,260.0,36.1,0.49230769230769234,0,4.0,Obese,40-59,1.0,3.0,test
110999,25.0,18.0,13.0,199.0,22.6,0.6271735886968671,0,6.0,Normal,18-39,2.0,7.0,proper_train
111003,23.0,15.0,14.0,329.0,18.4,0.28025874911789184,0,4.8,Underweight,18-39,2.0,3.0,proper_train
111006,64.0,21.0,17.0,71.0,32.3,4.5910969020962185,0,5.2,Obese,60+,1.0,4.0,conformal_calibration
111007,26.0,17.0,24.0,261.0,22.0,0.3456815026533093,0,4.1,Normal,18-39,1.0,3.0,proper_train
111008,80.0,21.0,15.0,202.0,24.9,2.1473967068080726,0,5.0,Normal,60+,2.0,3.0,test
111011,47.0,21.0,20.0,265.0,29.9,0.8328298467140726,0,3.9,Overweight,40-59,2.0,1.0,conformal_calibration
111012,65.0,52.0,42.0,141.0,25.8,3.698902999091281,1,22.1,Overweight,60+,2.0,6.0,proper_train
111014,54.0,13.0,15.0,336.0,52.9,0.5394512517931759,0,5.4,Obese,40-59,2.0,7.0,proper_train
111018,80.0,23.0,14.0,201.0,24.1,2.4465705727306513,0,6.7,Normal,60+,1.0,4.0,proper_train
111021,69.0,25.0,39.0,174.0,27.0,1.5874773868607774,0,6.2,Overweight,60+,1.0,1.0,proper_train
111023,61.0,13.0,22.0,259.0,39.0,0.652772849691116,0,5.4,Obese,60+,2.0,3.0,test
111030,69.0,17.0,14.0,192.0,25.2,1.6327991498087178,0,4.8,Overweight,60+,2.0,3.0,proper_train
111031,30.0,18.0,28.0,219.0,27.1,0.4659835968606911,0,4.1,Overweight,18-39,1.0,6.0,proper_train
111036,75.0,19.0,23.0,238.0,33.8,1.2484581513921496,0,5.1,Obese,60+,1.0,3.0,conformal_calibration
111037,34.0,23.0,20.0,205.0,23.4,0.8529781260511392,0,3.5,Normal,18-39,1.0,3.0,test
111039,44.0,15.0,11.0,288.0,22.3,0.6909634979907083,0,3.2,Normal,40-59,2.0,6.0,proper_train
111040,48.0,20.0,30.0,301.0,27.8,0.5822964066500105,0,5.8,Overweight,40-59,2.0,4.0,test
111042,41.0,17.0,19.0,220.0,38.7,0.7268307568535525,0,3.8,Obese,40-59,1.0,3.0,test
111043,77.0,27.0,42.0,158.0,21.8,2.0303586365265134,0,3.6,Normal,60+,1.0,6.0,test
111045,38.0,19.0,13.0,308.0,28.6,0.6501518533678823,0,4.1,Overweight,18-39,1.0,1.0,conformal_calibration
111046,50.0,11.0,12.0,341.0,43.3,0.46560505579808537,0,4.2,Obese,40-59,2.0,4.0,proper_train
111047,74.0,15.0,14.0,252.0,23.8,1.1772221369952027,0,3.7,Normal,60+,2.0,1.0,proper_train
111050,46.0,29.0,40.0,234.0,27.6,0.9013842732189354,0,5.6,Overweight,40-59,1.0,6.0,proper_train
111053,64.0,10.0,5.0,289.0,19.0,0.9903692080275884,0,6.8,Normal,60+,2.0,7.0,test
111054,64.0,40.0,31.0,232.0,26.1,1.9818516085713094,0,6.3,Overweight,60+,1.0,2.0,test
111055,18.0,17.0,17.0,252.0,35.0,0.29450754468697576,0,6.3,Obese,18-39,1.0,1.0,proper_train
111058,32.0,27.0,68.0,382.0,41.6,0.27428112569553886,1,10.5,Obese,18-39,2.0,1.0,test
111060,23.0,9.0,7.0,188.0,35.0,0.41616301017505336,0,5.3,Obese,18-39,2.0,4.0,conformal_calibration
111062,55.0,15.0,17.0,375.0,24.9,0.5335783750799326,0,5.4,Normal,40-59,1.0,7.0,test
111064,45.0,15.0,23.0,195.0,34.1,0.7217806640437203,0,7.6,Obese,40-59,1.0,3.0,proper_train
111065,48.0,17.0,16.0,263.0,50.3,0.7756653992395437,0,5.6,Obese,40-59,2.0,1.0,test
111067,80.0,20.0,11.0,200.0,28.3,2.412090756622109,0,2.7,Overweight,60+,2.0,3.0,proper_train
111068,29.0,20.0,15.0,238.0,23.2,0.6292241850981237,0,5.1,Normal,18-39,1.0,3.0,proper_train
111069,42.0,23.0,11.0,241.0,21.5,1.2085475471457248,0,6.7,Normal,40-59,1.0,4.0,proper_train
111071,22.0,22.0,44.0,269.0,35.9,0.27124812411828547,0,7.3,Obese,18-39,1.0,1.0,test
111075,51.0,31.0,27.0,231.0,29.1,1.3171584063330424,0,4.9,Overweight,40-59,1.0,4.0,proper_train
111077,67.0,37.0,41.0,123.0,27.9,3.147599640015077,1,14.9,Overweight,60+,2.0,1.0,proper_train
111078,67.0,43.0,44.0,170.0,23.3,2.5548652462604027,0,4.4,Normal,60+,2.0,3.0,conformal_calibration
111079,31.0,16.0,8.0,244.0,21.2,0.7186986956322287,0,3.8,Normal,18-39,2.0,6.0,conformal_calibration
111081,67.0,91.0,81.0,179.0,21.0,3.7846058348851646,1,8.3,Normal,60+,1.0,4.0,proper_train
111083,28.0,110.0,51.0,238.0,31.0,1.8121271675656596,0,4.0,Obese,18-39,1.0,2.0,conformal_calibration
111085,22.0,15.0,8.0,251.0,27.9,0.4648311509792045,0,4.0,Overweight,18-39,2.0,4.0,proper_train
111089,39.0,15.0,10.0,260.0,24.5,0.7115124735378854,0,5.9,Normal,18-39,2.0,4.0,test
111092,66.0,14.0,17.0,336.0,39.3,0.6669729688499156,0,6.3,Obese,60+,2.0,3.0,proper_train
111094,35.0,16.0,11.0,250.0,86.2,0.6753854118541905,1,21.6,Obese,18-39,1.0,4.0,proper_train
111095,65.0,22.0,17.0,289.0,26.5,1.2000897709410248,0,4.3,Overweight,60+,2.0,4.0,test
111096,32.0,21.0,16.0,133.0,23.0,1.263157894736842,0,6.5,Normal,18-39,2.0,4.0,proper_train
111097,77.0,17.0,16.0,280.0,26.1,1.16875,0,4.0,Overweight,60+,1.0,3.0,proper_train
111098,45.0,22.0,22.0,170.0,30.5,1.241580642306202,0,4.1,Obese,40-59,1.0,3.0,proper_train
111102,67.0,18.0,19.0,224.0,33.2,1.2351579243209707,0,7.6,Obese,60+,1.0,4.0,proper_train
111105,66.0,19.0,26.0,276.0,33.2,0.891049396606097,0,6.5,Obese,60+,1.0,7.0,proper_train
111109,49.0,32.0,51.0,197.0,31.9,1.1145376506375224,0,5.1,Obese,40-59,1.0,1.0,proper_train
111110,45.0,16.0,9.0,143.0,42.6,1.6783216783216783,0,4.6,Obese,40-59,2.0,3.0,proper_train
111112,45.0,25.0,22.0,236.0,21.8,1.016316974152804,0,3.1,Normal,40-59,1.0,6.0,proper_train
111115,80.0,35.0,37.0,282.0,23.0,1.632330370407803,0,6.2,Normal,60+,1.0,3.0,test
111117,60.0,14.0,16.0,281.0,45.0,0.7473309608540926,0,6.2,Obese,60+,2.0,7.0,test
111120,50.0,174.0,138.0,304.0,30.4,2.4361617821056294,1,20.7,Obese,40-59,1.0,1.0,proper_train
111122,29.0,13.0,23.0,155.0,31.5,0.5071608651581754,0,4.5,Obese,18-39,1.0,2.0,conformal_calibration
111123,80.0,18.0,19.0,161.0,29.6,2.051917122817447,1,13.5,Overweight,60+,1.0,3.0,proper_train
111124,24.0,12.0,9.0,238.0,21.0,0.40336134453781514,0,3.9,Normal,18-39,2.0,3.0,conformal_calibration
111126,26.0,15.0,13.0,203.0,27.9,0.5328400899700477,0,3.2,Overweight,18-39,2.0,4.0,test
111130,34.0,19.0,16.0,320.0,32.5,0.5046875,0,5.0,Obese,18-39,1.0,3.0,test
111133,48.0,16.0,9.0,312.0,30.3,0.8205128205128205,0,5.6,Obese,40-59,2.0,4.0,proper_train
111136,80.0,17.0,12.0,230.0,22.3,1.706948621951937,0,2.9,Normal,60+,1.0,3.0,conformal_calibration
111139,48.0,18.0,21.0,171.0,23.7,1.1025746032976458,0,3.4,Normal,40-59,1.0,6.0,proper_train
111140,80.0,22.0,14.0,184.0,33.6,2.5564118791623205,0,3.2,Obese,60+,2.0,3.0,conformal_calibration
111143,80.0,19.0,12.0,202.0,26.0,2.1722089335847308,0,4.0,Overweight,60+,1.0,3.0,proper_train
111145,46.0,20.0,20.0,273.0,27.0,0.7535467176922368,0,4.9,Overweight,40-59,1.0,1.0,test
111149,43.0,20.0,11.0,403.0,29.3,0.6434237129947313,0,5.3,Overweight,40-59,2.0,4.0,proper_train
111152,31.0,15.0,14.0,394.0,53.2,0.31542253169867346,0,6.9,Obese,18-39,2.0,4.0,test
111154,26.0,17.0,8.0,317.0,33.1,0.49296718814582646,0,6.5,Obese,18-39,2.0,4.0,proper_train
111159,60.0,15.0,14.0,268.0,27.9,0.8975190959745596,0,6.4,Overweight,60+,2.0,4.0,proper_train
111161,19.0,18.0,9.0,313.0,20.6,0.36421725239616615,0,4.4,Normal,18-39,2.0,7.0,proper_train
111162,43.0,10.0,4.0,245.0,23.6,0.8775510204081632,0,3.9,Normal,40-59,2.0,4.0,test
111163,22.0,17.0,17.0,263.0,30.1,0.34489856944330244,0,3.2,Obese,18-39,1.0,3.0,proper_train
111164,64.0,27.0,35.0,196.0,29.9,1.490231175684568,0,4.1,Overweight,60+,1.0,1.0,test
111165,40.0,22.0,13.0,156.0,25.5,1.564539014994236,0,6.1,Overweight,40-59,1.0,3.0,test
111168,44.0,12.0,8.0,274.0,19.1,0.6812999643549217,0,4.7,Normal,40-59,2.0,3.0,test
111171,35.0,67.0,57.0,244.0,26.3,1.2729624497202983,0,2.9,Overweight,18-39,2.0,3.0,proper_train
111173,58.0,37.0,38.0,267.0,20.0,1.3038470777026832,0,5.8,Normal,40-59,2.0,3.0,proper_train
111175,46.0,14.0,19.0,281.0,29.1,0.52577840787417,0,5.4,Overweight,40-59,2.0,2.0,proper_train
111181,18.0,27.0,13.0,194.0,24.5,0.6948048849625293,0,6.8,Normal,18-39,1.0,4.0,test
111183,55.0,23.0,41.0,145.0,23.3,1.3624814399247358,0,6.1,Normal,40-59,2.0,1.0,test
111185,69.0,16.0,12.0,157.0,29.2,2.029919417787729,0,4.2,Overweight,60+,1.0,2.0,proper_train
111188,74.0,21.0,18.0,217.0,31.7,1.6879323163807909,0,6.0,Obese,60+,1.0,3.0,proper_train
111189,36.0,18.0,15.0,231.0,28.9,0.7242981842258026,0,4.5,Overweight,18-39,2.0,2.0,test
111190,51.0,17.0,11.0,326.0,18.7,0.8018721955488376,0,3.8,Normal,40-59,2.0,3.0,proper_train
111191,41.0,17.0,14.0,313.0,29.6,0.5951472383800632,0,4.4,Overweight,40-59,2.0,2.0,proper_train
111192,54.0,18.0,37.0,209.0,26.2,0.764573280673719,0,3.6,Overweight,40-59,1.0,6.0,proper_train
111194,63.0,21.0,18.0,200.0,28.8,1.5591704525163375,0,6.2,Overweight,60+,2.0,1.0,proper_train
111196,80.0,25.0,32.0,216.0,24.6,1.6368212527466377,0,4.6,Normal,60+,1.0,3.0,proper_train
111197,27.0,16.0,6.0,250.0,22.8,0.7054530459215553,0,3.3,Normal,18-39,2.0,4.0,test
111198,56.0,14.0,11.0,301.0,49.1,0.7853318742490588,0,5.9,Obese,40-59,2.0,4.0,proper_train
111199,47.0,21.0,16.0,217.0,22.8,1.1370967741935485,0,3.9,Normal,40-59,2.0,3.0,conformal_calibration
111201,50.0,40.0,38.0,294.0,25.8,1.1035470825221942,0,5.8,Overweight,40-59,1.0,4.0,proper_train
111203,62.0,26.0,19.0,421.0,30.6,0.8784279406160227,0,7.0,Obese,60+,2.0,7.0,proper_train
111206,61.0,13.0,12.0,174.0,25.5,1.3156286306533713,0,4.4,Overweight,60+,1.0,2.0,conformal_calibration
111207,77.0,39.0,64.0,158.0,30.0,2.3757911392405062,0,6.5,Obese,60+,1.0,1.0,conformal_calibration
111210,71.0,20.0,19.0,171.0,36.1,1.905089719860805,0,7.0,Obese,60+,2.0,1.0,test
111215,67.0,16.0,16.0,183.0,27.3,1.46448087431694,0,5.0,Overweight,60+,1.0,1.0,test
111216,76.0,32.0,23.0,109.0,27.1,4.652358302631246,0,4.6,Overweight,60+,1.0,4.0,test
111219,31.0,17.0,16.0,175.0,24.5,0.7528571428571429,0,4.4,Normal,18-39,2.0,1.0,proper_train
111220,24.0,19.0,23.0,296.0,32.4,0.32122490814198007,0,3.6,Obese,18-39,1.0,3.0,test
111221,80.0,22.0,23.0,174.0,28.3,2.1091113146002964,0,4.1,Overweight,60+,1.0,3.0,proper_train
111222,53.0,18.0,16.0,321.0,26.6,0.7429906542056075,0,5.2,Overweight,40-59,2.0,2.0,test
111226,80.0,29.0,16.0,232.0,29.9,2.5,0,7.5,Overweight,60+,1.0,1.0,proper_train
111228,40.0,18.0,13.0,273.0,33.4,0.7314727862310714,0,6.2,Obese,40-59,1.0,4.0,proper_train
111229,64.0,20.0,24.0,265.0,29.3,0.9859581354598956,0,7.8,Overweight,60+,1.0,3.0,proper_train
111232,59.0,19.0,15.0,248.0,24.3,1.1671006266393855,0,2.8,Normal,40-59,2.0,2.0,conformal_calibration
111233,32.0,21.0,23.0,175.0,32.6,0.8006953499791671,0,6.6,Obese,18-39,1.0,6.0,proper_train
111234,80.0,17.0,13.0,209.0,30.2,1.8047661886753867,0,6.8,Obese,60+,2.0,3.0,proper_train
111236,40.0,31.0,37.0,214.0,30.7,0.9525922628908553,0,3.6,Obese,40-59,1.0,4.0,test
111238,38.0,85.0,89.0,316.0,27.6,1.0834788457027036,0,6.2,Overweight,18-39,1.0,1.0,proper_train
111240,61.0,22.0,33.0,273.0,28.2,0.8557223966759945,0,4.3,Overweight,60+,1.0,2.0,test
111242,20.0,17.0,8.0,230.0,20.4,0.5226441426161438,0,5.6,Normal,18-39,1.0,4.0,proper_train
111244,22.0,23.0,19.0,335.0,32.5,0.34652048160747534,0,5.7,Obese,18-39,2.0,3.0,conformal_calibration
111245,75.0,15.0,14.0,251.0,29.7,1.1978840523963243,0,5.7,Overweight,60+,2.0,3.0,proper_train
111249,18.0,14.0,9.0,213.0,21.0,0.39436619718309857,0,8.0,Normal,18-39,1.0,4.0,proper_train
111250,57.0,59.0,73.0,316.0,29.2,1.2455992975335035,0,4.5,Overweight,40-59,2.0,3.0,conformal_calibration
111253,71.0,17.0,18.0,160.0,27.9,1.778078926858673,0,5.9,Overweight,60+,1.0,4.0,proper_train
111254,39.0,33.0,37.0,141.0,28.0,1.5005779905106016,0,5.1,Overweight,18-39,1.0,3.0,test
111255,78.0,13.0,7.0,262.0,20.2,1.4628090672952536,0,3.4,Normal,60+,1.0,3.0,test
111256,63.0,21.0,19.0,194.0,26.1,1.5645207005708928,0,2.7,Overweight,60+,2.0,4.0,test
111257,70.0,24.0,18.0,254.0,31.5,1.5589755805687664,0,5.7,Obese,60+,1.0,4.0,proper_train
111262,71.0,18.0,20.0,207.0,46.1,1.3805289252390005,0,7.3,Obese,60+,2.0,7.0,conformal_calibration
111263,57.0,16.0,17.0,273.0,27.1,0.8102289012202772,0,3.6,Overweight,40-59,1.0,2.0,proper_train
111265,18.0,15.0,7.0,311.0,20.5,0.32813635920415224,0,3.7,Normal,18-39,2.0,1.0,proper_train
111266,76.0,24.0,30.0,206.0,31.6,1.616579198850199,0,4.6,Obese,60+,1.0,3.0,proper_train
111268,79.0,14.0,10.0,161.0,21.6,2.1723472622026256,1,8.2,Normal,60+,1.0,3.0,proper_train
111270,24.0,20.0,28.0,215.0,19.2,0.4219138303358815,1,8.9,Normal,18-39,1.0,4.0,proper_train
111271,28.0,12.0,13.0,321.0,34.2,0.290310383071148,0,3.1,Obese,18-39,2.0,6.0,proper_train
111274,69.0,24.0,18.0,144.0,33.5,2.7105759945484325,1,12.1,Obese,60+,1.0,4.0,test
111279,40.0,19.0,30.0,184.0,34.1,0.7541107675795765,0,6.0,Obese,40-59,1.0,3.0,test
111280,22.0,49.0,35.0,254.0,22.1,0.7173829028325518,1,8.6,Normal,18-39,1.0,3.0,proper_train
111282,54.0,11.0,11.0,268.0,33.4,0.6682751443253419,0,6.8,Obese,40-59,2.0,3.0,test
111283,42.0,17.0,19.0,281.0,24.2,0.5829282348170146,0,3.6,Normal,40-59,2.0,3.0,test
111284,65.0,35.0,34.0,192.0,32.3,2.032079589579206,0,6.7,Obese,60+,1.0,1.0,test
111286,33.0,24.0,22.0,221.0,27.7,0.7640496260345858,0,4.6,Overweight,18-39,1.0,1.0,test
111287,50.0,14.0,30.0,212.0,30.8,0.602839292851598,0,4.8,Obese,40-59,1.0,1.0,test
111288,56.0,35.0,26.0,208.0,30.7,1.8480174272636574,0,6.7,Obese,40-59,1.0,4.0,proper_train
111290,66.0,21.0,15.0,208.0,19.5,1.7204983711036794,0,5.4,Normal,60+,2.0,4.0,proper_train
111294,47.0,23.0,38.0,224.0,29.9,0.7828631975105104,0,5.6,Overweight,40-59,1.0,2.0,test
111296,40.0,17.0,14.0,225.0,34.3,0.8077228644464381,0,5.3,Obese,40-59,2.0,4.0,proper_train
111297,70.0,17.0,26.0,177.0,32.4,1.3185209085561527,0,4.9,Obese,60+,1.0,3.0,test
111300,63.0,16.0,11.0,310.0,45.1,0.9803981784980186,0,5.1,Obese,60+,2.0,4.0,proper_train
111301,35.0,15.0,14.0,435.0,30.6,0.32255667127361565,0,3.0,Obese,18-39,2.0,3.0,proper_train
111302,18.0,12.0,10.0,258.0,19.5,0.26474882736293404,0,3.4,Normal,18-39,1.0,3.0,proper_train
111303,27.0,20.0,27.0,299.0,32.9,0.347568723926865,0,6.0,Obese,18-39,1.0,1.0,proper_train
111304,79.0,29.0,35.0,283.0,28.6,1.3683734258537323,0,4.3,Overweight,60+,1.0,3.0,proper_train
111305,68.0,25.0,27.0,279.0,27.5,1.172634955343326,0,3.4,Overweight,60+,1.0,4.0,proper_train
111307,42.0,20.0,17.0,263.0,31.2,0.7746384982149038,0,4.2,Obese,40-59,1.0,4.0,proper_train
111309,35.0,18.0,17.0,244.0,29.6,0.6262190318561056,0,3.0,Overweight,18-39,1.0,3.0,conformal_calibration
111311,58.0,21.0,20.0,245.0,33.0,1.1116452230998954,0,4.4,Obese,40-59,2.0,2.0,proper_train
111312,61.0,41.0,42.0,320.0,55.5,1.2059771195474747,1,8.9,Obese,60+,2.0,3.0,test
111315,63.0,17.0,22.0,175.0,27.0,1.304788384096336,0,4.6,Overweight,60+,2.0,2.0,proper_train
111316,39.0,18.0,18.0,248.0,53.3,0.6671894628937587,1,35.4,Obese,18-39,1.0,3.0,test
111318,58.0,26.0,20.0,262.0,42.8,1.2870192786525507,1,18.3,Obese,40-59,2.0,1.0,test
111320,43.0,24.0,27.0,275.0,32.0,0.7222127003681137,0,5.9,Obese,40-59,2.0,3.0,proper_train
111321,43.0,17.0,17.0,294.0,42.2,0.6030392581685694,0,4.2,Obese,40-59,2.0,1.0,proper_train
111322,62.0,25.0,22.0,199.0,26.7,1.660608594729629,0,5.2,Overweight,60+,2.0,6.0,conformal_calibration
111323,43.0,30.0,46.0,217.0,33.3,0.8764982646996189,0,6.1,Obese,40-59,1.0,1.0,test
111324,64.0,15.0,16.0,228.0,24.7,1.0526315789473684,0,5.4,Normal,60+,1.0,3.0,proper_train
111325,33.0,17.0,18.0,232.0,25.6,0.5699524486288121,0,4.4,Overweight,18-39,1.0,2.0,proper_train
111326,50.0,52.0,35.0,215.0,25.4,2.044094011436412,0,4.3,Overweight,40-59,2.0,7.0,test
111328,68.0,21.0,18.0,163.0,28.3,2.0649253242012064,0,3.8,Overweight,60+,1.0,3.0,conformal_calibration
111330,19.0,12.0,10.0,206.0,23.1,0.34999966335844196,0,4.6,Normal,18-39,2.0,3.0,test
111332,57.0,20.0,13.0,281.0,20.5,1.125192568855447,0,3.7,Normal,40-59,2.0,3.0,proper_train
111333,73.0,11.0,7.0,211.0,29.2,1.438414558419002,0,4.9,Overweight,60+,2.0,3.0,test
111335,55.0,18.0,13.0,196.0,32.6,1.4009010057729,0,5.1,Obese,40-59,2.0,4.0,test
111336,77.0,25.0,25.0,191.0,26.5,2.0157068062827226,0,3.9,Overweight,60+,1.0,3.0,proper_train
111337,67.0,15.0,6.0,164.0,21.5,2.5017654385133072,0,4.9,Normal,60+,2.0,3.0,conformal_calibration
111338,60.0,18.0,18.0,206.0,29.1,1.2357205884813454,0,5.1,Overweight,60+,1.0,2.0,proper_train
111343,67.0,11.0,9.0,254.0,34.3,0.9671916010498688,0,4.3,Obese,60+,2.0,4.0,conformal_calibration
111348,37.0,23.0,33.0,248.0,28.4,0.5973390532995922,0,4.1,Overweight,18-39,1.0,2.0,proper_train
111351,22.0,105.0,35.0,229.0,21.3,1.7050710291902824,0,4.4,Normal,18-39,1.0,6.0,test
111352,80.0,20.0,10.0,263.0,22.1,1.9238191088476833,0,3.7,Normal,60+,2.0,2.0,proper_train
111354,58.0,18.0,24.0,137.0,33.1,1.5555153841031863,0,4.8,Obese,40-59,1.0,6.0,proper_train
111355,62.0,31.0,31.0,176.0,34.8,1.9613715369060307,0,7.6,Obese,60+,2.0,1.0,test
111357,60.0,26.0,14.0,216.0,33.5,1.9302200804786205,0,7.7,Obese,60+,2.0,3.0,proper_train
111358,48.0,25.0,33.0,292.0,23.3,0.7153876272151966,0,3.4,Normal,40-59,1.0,7.0,proper_train
111360,53.0,30.0,37.0,182.0,34.8,1.436232911074275,0,3.6,Obese,40-59,1.0,4.0,proper_train
111361,23.0,25.0,25.0,214.0,27.7,0.5373831775700935,0,4.1,Overweight,18-39,1.0,4.0,proper_train
111364,67.0,14.0,17.0,230.0,32.5,0.9891235490612188,1,10.5,Obese,60+,1.0,4.0,proper_train
111365,34.0,22.0,13.0,242.0,28.3,0.8572639396208086,0,3.8,Overweight,18-39,2.0,1.0,conformal_calibration
111366,22.0,20.0,13.0,170.0,19.0,0.7178473127620613,0,6.1,Normal,18-39,1.0,2.0,proper_train
111370,34.0,17.0,10.0,338.0,37.4,0.5407681915909239,0,3.9,Obese,18-39,2.0,7.0,test
111372,18.0,31.0,30.0,250.0,24.7,0.4075055827838436,0,4.6,Normal,18-39,1.0,1.0,proper_train
111377,51.0,19.0,21.0,341.0,53.4,0.6200971719609285,0,6.4,Obese,40-59,1.0,2.0,test
111378,63.0,38.0,33.0,213.0,32.6,1.9565347810231952,0,7.5,Obese,60+,2.0,1.0,proper_train
111380,67.0,36.0,40.0,399.0,48.8,0.9558162551787132,1,32.2,Obese,60+,1.0,3.0,conformal_calibration
111382,60.0,15.0,20.0,241.0,36.7,0.83504613267627,0,4.5,Obese,60+,1.0,1.0,proper_train
111385,63.0,14.0,13.0,258.0,28.9,0.9481503354082406,0,4.5,Overweight,60+,2.0,4.0,proper_train
111389,65.0,18.0,17.0,258.0,33.1,1.0998708577229053,0,6.7,Obese,60+,2.0,2.0,test
111391,27.0,22.0,16.0,283.0,20.0,0.5247349823321554,0,5.3,Normal,18-39,2.0,6.0,conformal_calibration
111394,62.0,18.0,17.0,156.0,39.4,1.7350625483368434,0,5.4,Obese,60+,1.0,3.0,test
111395,34.0,26.0,38.0,199.0,60.6,0.7206217903497191,1,14.6,Obese,18-39,1.0,6.0,proper_train
111396,47.0,13.0,12.0,448.0,38.2,0.3937064893692649,0,5.5,Obese,40-59,2.0,4.0,conformal_calibration
111397,29.0,19.0,19.0,280.0,39.2,0.4514573905809983,0,4.7,Obese,18-39,2.0,2.0,conformal_calibration
111400,28.0,15.0,13.0,320.0,39.3,0.36402200377280663,0,4.7,Obese,18-39,2.0,4.0,proper_train
111402,54.0,23.0,16.0,254.0,21.8,1.2224409448818898,0,3.9,Normal,40-59,2.0,6.0,proper_train
111403,18.0,18.0,11.0,271.0,23.1,0.3604785079084702,0,4.7,Normal,18-39,1.0,4.0,proper_train
111405,44.0,16.0,17.0,281.0,35.8,0.6076337367458307,1,8.5,Obese,40-59,1.0,1.0,test
111408,36.0,24.0,22.0,346.0,28.8,0.5323856038475359,0,4.2,Overweight,18-39,1.0,6.0,test
111411,50.0,15.0,24.0,200.0,26.7,0.7654655446197433,0,5.5,Overweight,40-59,2.0,1.0,test
111416,52.0,15.0,10.0,294.0,42.2,0.8389716241263047,0,6.5,Obese,40-59,2.0,7.0,test
111417,80.0,21.0,16.0,188.0,27.9,2.234042553191489,0,4.9,Overweight,60+,2.0,4.0,proper_train
111418,19.0,16.0,13.0,235.0,16.3,0.358784807771212,0,4.6,Underweight,18-39,2.0,2.0,proper_train
111420,42.0,32.0,50.0,206.0,40.1,0.9226713727327378,0,5.3,Obese,40-59,1.0,4.0,proper_train
111424,61.0,50.0,69.0,148.0,23.6,2.480924675078352,1,21.3,Normal,60+,1.0,4.0,proper_train
111425,36.0,23.0,24.0,276.0,26.7,0.6123724356957946,0,3.8,Overweight,18-39,1.0,3.0,proper_train
111426,28.0,22.0,13.0,183.0,22.0,0.9335937728818063,0,5.6,Normal,18-39,1.0,4.0,proper_train
111427,54.0,31.0,33.0,199.0,27.2,1.464351739044413,0,5.7,Overweight,40-59,1.0,6.0,test
111428,44.0,19.0,24.0,221.0,33.1,0.77216192494975,0,6.0,Obese,40-59,1.0,3.0,proper_train
111429,29.0,22.0,13.0,213.0,22.6,0.8307481812011648,0,4.8,Normal,18-39,1.0,3.0,test
111430,28.0,19.0,12.0,277.0,22.2,0.5544230021820955,0,4.0,Normal,18-39,2.0,3.0,test
111431,40.0,16.0,17.0,246.0,44.9,0.6309869919644435,0,6.6,Obese,40-59,2.0,3.0,proper_train
111433,51.0,34.0,43.0,243.0,25.1,1.0881996747190803,0,6.7,Overweight,40-59,1.0,1.0,conformal_calibration
111434,66.0,16.0,16.0,207.0,42.0,1.2753623188405796,1,12.0,Obese,60+,2.0,2.0,proper_train
111436,44.0,17.0,11.0,300.0,20.6,0.7517682858138907,0,3.1,Normal,40-59,2.0,4.0,proper_train
111439,80.0,18.0,17.0,210.0,27.7,1.663101428820569,0,4.6,Overweight,60+,1.0,3.0,test
111440,48.0,23.0,49.0,273.0,41.4,0.5777080062794349,1,12.9,Obese,40-59,2.0,3.0,test
111441,64.0,26.0,20.0,236.0,26.1,1.5766174214235804,0,4.1,Overweight,60+,1.0,6.0,proper_train
111442,79.0,24.0,21.0,261.0,32.1,1.5852150187258296,0,6.8,Obese,60+,1.0,4.0,test
111443,60.0,23.0,24.0,258.0,29.2,1.0918268233335873,0,3.3,Overweight,60+,1.0,1.0,test
111449,59.0,31.0,24.0,225.0,23.2,1.6593024961297902,0,5.1,Normal,40-59,1.0,3.0,conformal_calibration
111452,62.0,29.0,28.0,237.0,23.8,1.4337133385455496,0,3.4,Normal,60+,1.0,1.0,proper_train
111453,26.0,17.0,16.0,307.0,25.0,0.35993485342019543,0,5.3,Overweight,18-39,1.0,1.0,proper_train
111454,23.0,31.0,15.0,174.0,23.6,1.058021887297275,0,4.5,Normal,18-39,2.0,3.0,test
111455,62.0,30.0,35.0,233.0,25.2,1.3493449903820092,0,3.6,Overweight,60+,1.0,1.0,proper_train
111456,35.0,20.0,28.0,258.0,30.4,0.5127425021443005,0,4.8,Obese,18-39,1.0,3.0,proper_train
111459,54.0,16.0,14.0,227.0,30.0,1.0172410264860559,0,3.8,Obese,40-59,1.0,3.0,proper_train
111461,80.0,17.0,9.0,200.0,24.2,2.2666666666666666,0,2.8,Normal,60+,2.0,3.0,proper_train
111463,63.0,18.0,17.0,263.0,29.1,1.0457619725901202,0,5.7,Overweight,60+,1.0,3.0,conformal_calibration
111465,19.0,12.0,6.0,241.0,15.7,0.3862265984471402,0,4.8,Underweight,18-39,2.0,6.0,conformal_calibration
111471,24.0,19.0,8.0,246.0,20.3,0.6553672606119221,0,8.1,Normal,18-39,1.0,2.0,test
111476,47.0,13.0,16.0,384.0,42.7,0.3977864583333333,0,6.5,Obese,40-59,2.0,4.0,test
111479,43.0,19.0,24.0,229.0,28.1,0.7282507714169785,0,4.0,Overweight,40-59,1.0,1.0,proper_train
111486,32.0,18.0,16.0,384.0,36.4,0.375,0,4.9,Obese,18-39,1.0,3.0,proper_train
111488,21.0,27.0,11.0,194.0,22.8,0.8812213009051133,0,7.0,Normal,18-39,1.0,4.0,test
111489,35.0,19.0,19.0,230.0,34.7,0.6633107087996677,0,3.6,Obese,18-39,2.0,4.0,test
111491,58.0,22.0,15.0,370.0,29.7,0.8904372522091285,0,3.8,Overweight,40-59,2.0,3.0,test
111492,42.0,22.0,23.0,397.0,36.4,0.4853081072764159,0,2.6,Obese,40-59,2.0,1.0,test
111493,74.0,18.0,13.0,233.0,38.5,1.5855378999399254,0,6.4,Obese,60+,2.0,3.0,proper_train
111494,58.0,41.0,60.0,129.0,41.0,2.379833177592051,0,8.0,Obese,40-59,1.0,3.0,test
111497,36.0,16.0,10.0,177.0,28.4,1.0290801877158116,0,4.1,Overweight,18-39,2.0,4.0,proper_train
111500,53.0,16.0,19.0,301.0,28.0,0.6463273831303533,0,3.6,Overweight,40-59,2.0,3.0,test
111501,56.0,18.0,22.0,247.0,27.0,0.8700660813216814,0,7.0,Overweight,40-59,1.0,3.0,proper_train
111502,64.0,42.0,55.0,169.0,44.4,2.1446736453268573,0,8.0,Obese,60+,2.0,4.0,conformal_calibration
111503,46.0,62.0,99.0,140.0,29.9,2.0474056065137662,0,6.2,Overweight,40-59,1.0,3.0,proper_train
111504,32.0,13.0,16.0,163.0,31.7,0.6380368098159509,0,5.0,Obese,18-39,2.0,3.0,test
111507,58.0,19.0,19.0,230.0,24.3,1.099200603153735,0,2.9,Normal,40-59,1.0,6.0,proper_train
111508,48.0,21.0,18.0,233.0,36.9,1.0196904655737338,0,5.1,Obese,40-59,2.0,4.0,proper_train
111510,39.0,19.0,18.0,186.0,25.6,0.9390073922208455,0,5.4,Overweight,18-39,1.0,3.0,proper_train
111511,32.0,21.0,17.0,187.0,28.3,0.8715718717883196,0,4.6,Overweight,18-39,1.0,2.0,proper_train
111512,39.0,23.0,33.0,320.0,23.0,0.4879614293508155,0,4.2,Normal,18-39,1.0,3.0,test
111513,66.0,22.0,21.0,147.0,31.8,2.155458344371843,0,6.9,Obese,60+,1.0,2.0,test
111514,64.0,20.0,16.0,256.0,29.4,1.25,0,4.7,Overweight,60+,2.0,3.0,test
111516,61.0,15.0,18.0,285.0,33.5,0.7567283096908667,1,19.8,Obese,60+,1.0,2.0,proper_train
111519,32.0,16.0,13.0,225.0,30.6,0.6311255565940385,0,3.0,Obese,18-39,2.0,2.0,test
111522,50.0,25.0,24.0,243.0,36.2,1.0500213232095243,0,5.1,Obese,40-59,2.0,1.0,proper_train
111525,61.0,18.0,16.0,248.0,23.5,1.1068548387096775,0,5.6,Normal,60+,1.0,1.0,test
111528,36.0,18.0,19.0,176.0,21.9,0.8446670201597956,0,6.4,Normal,18-39,1.0,3.0,test
111533,25.0,16.0,18.0,254.0,35.3,0.37118466204018247,0,6.8,Obese,18-39,2.0,3.0,conformal_calibration
111534,32.0,18.0,16.0,212.0,39.3,0.6792452830188679,0,3.7,Obese,18-39,2.0,2.0,proper_train
111535,64.0,46.0,33.0,186.0,26.2,2.755293651255777,1,8.5,Overweight,60+,2.0,3.0,conformal_calibration
111537,19.0,14.0,14.0,288.0,23.2,0.24684545259966975,0,7.2,Normal,18-39,1.0,3.0,proper_train
111541,27.0,15.0,11.0,208.0,20.2,0.587077377663434,0,2.5,Normal,18-39,2.0,6.0,test
111542,53.0,27.0,25.0,216.0,24.4,1.325,0,6.6,Normal,40-59,1.0,3.0,proper_train
111543,30.0,18.0,17.0,227.0,19.1,0.5769569934785014,0,4.6,Normal,18-39,2.0,3.0,conformal_calibration
111546,58.0,32.0,30.0,140.0,28.0,2.420412063641877,0,4.8,Overweight,40-59,1.0,4.0,test
111550,76.0,20.0,28.0,257.0,30.5,1.1177159513113333,1,9.0,Obese,60+,2.0,3.0,proper_train
111551,39.0,14.0,17.0,278.0,28.0,0.47634694701380503,0,3.0,Overweight,18-39,2.0,1.0,proper_train
111554,79.0,15.0,12.0,208.0,23.9,1.6446155504560254,0,6.0,Normal,60+,1.0,4.0,proper_train
111555,29.0,13.0,12.0,305.0,41.6,0.35682139587621137,1,10.3,Obese,18-39,2.0,6.0,conformal_calibration
111557,48.0,18.0,11.0,155.0,32.4,1.680682591710889,0,3.1,Obese,40-59,2.0,3.0,conformal_calibration
111558,80.0,17.0,10.0,232.0,24.2,1.8537489732021533,0,4.4,Normal,60+,1.0,3.0,test
111561,28.0,11.0,10.0,356.0,32.8,0.273590314419062,0,6.0,Obese,18-39,2.0,7.0,test
111564,61.0,188.0,166.0,169.0,33.6,5.2668013188167,1,39.4,Obese,60+,1.0,4.0,conformal_calibration
111571,64.0,16.0,11.0,199.0,33.0,1.551495562048392,0,4.8,Obese,60+,2.0,3.0,conformal_calibration
111572,26.0,21.0,14.0,234.0,29.0,0.6236095644623235,0,5.3,Overweight,18-39,2.0,3.0,test
111574,71.0,18.0,24.0,176.0,29.4,1.4822196454909573,0,6.0,Overweight,60+,1.0,1.0,test
111575,37.0,14.0,23.0,255.0,28.7,0.42357045679044997,0,3.0,Overweight,18-39,2.0,6.0,test
111579,80.0,18.0,8.0,169.0,27.2,3.0125259316823323,0,4.2,Overweight,60+,1.0,7.0,test
111585,38.0,12.0,13.0,266.0,23.3,0.47545731105019645,0,6.3,Normal,18-39,1.0,6.0,proper_train
111586,55.0,31.0,29.0,309.0,30.6,1.0246296168021796,0,6.0,Obese,40-59,2.0,7.0,proper_train
111587,46.0,22.0,18.0,309.0,25.5,0.7719439725574824,0,4.1,Overweight,40-59,1.0,4.0,test
111588,49.0,20.0,26.0,168.0,30.2,1.1440107883060735,0,5.7,Obese,40-59,1.0,3.0,proper_train
111589,33.0,22.0,27.0,318.0,37.1,0.4393671859870737,0,5.6,Obese,18-39,2.0,1.0,conformal_calibration
111590,40.0,16.0,27.0,270.0,44.2,0.4561779904708154,0,6.6,Obese,40-59,2.0,3.0,proper_train
111593,19.0,35.0,52.0,220.0,25.1,0.41917685282929246,0,4.0,Overweight,18-39,1.0,4.0,test
111595,43.0,16.0,9.0,370.0,22.6,0.6198198198198198,0,3.9,Normal,40-59,1.0,3.0,conformal_calibration
111598,36.0,16.0,20.0,293.0,47.4,0.43958196417743306,1,14.2,Obese,18-39,1.0,4.0,conformal_calibration
111602,79.0,16.0,10.0,229.0,20.4,1.7454667958309307,0,7.1,Normal,60+,1.0,3.0,proper_train
111605,25.0,20.0,29.0,168.0,29.2,0.5526646969555116,0,6.9,Overweight,18-39,1.0,6.0,test
111608,34.0,16.0,17.0,219.0,32.9,0.602462922464681,0,4.5,Obese,18-39,2.0,4.0,conformal_calibration
111609,43.0,15.0,19.0,236.0,35.6,0.6270048658750521,0,5.0,Obese,40-59,1.0,4.0,test
111610,63.0,17.0,13.0,267.0,20.1,1.1125166856876787,0,4.3,Normal,60+,1.0,4.0,proper_train
111613,40.0,15.0,8.0,296.0,28.8,0.7166622782296089,0,4.6,Overweight,40-59,2.0,4.0,proper_train
111614,58.0,17.0,14.0,543.0,40.9,0.48530310225718315,0,7.3,Obese,40-59,2.0,4.0,test
111616,63.0,19.0,22.0,224.0,49.3,1.1392913280252932,1,17.3,Obese,60+,2.0,4.0,test
111618,48.0,12.0,11.0,378.0,21.0,0.45944585840421126,0,4.3,Normal,40-59,1.0,4.0,proper_train
111620,19.0,30.0,23.0,166.0,22.4,0.7159832289911603,0,3.6,Normal,18-39,1.0,6.0,proper_train
111621,60.0,28.0,21.0,215.0,29.0,1.7051444446347312,0,3.9,Overweight,60+,1.0,1.0,test
111623,27.0,16.0,9.0,264.0,23.7,0.5454545454545454,0,4.8,Normal,18-39,2.0,4.0,test
111625,80.0,15.0,11.0,177.0,26.9,2.0441447090017872,0,5.6,Overweight,60+,1.0,7.0,proper_train
111629,57.0,21.0,19.0,237.0,21.7,1.1586946558779003,0,6.5,Normal,40-59,1.0,3.0,conformal_calibration
111632,50.0,20.0,17.0,188.0,31.9,1.2900831118953882,0,5.8,Obese,40-59,1.0,6.0,proper_train
111633,42.0,12.0,10.0,430.0,34.6,0.37064835830810766,0,4.2,Obese,40-59,2.0,3.0,proper_train
111635,64.0,29.0,36.0,164.0,27.4,1.886178861788618,0,5.6,Overweight,60+,1.0,4.0,test
111638,33.0,29.0,27.0,220.0,29.2,0.8371578903249574,0,3.5,Overweight,18-39,1.0,2.0,conformal_calibration
111639,71.0,16.0,15.0,186.0,33.5,1.5769566599611562,0,4.9,Obese,60+,1.0,3.0,proper_train
111640,51.0,43.0,46.0,324.0,32.6,0.9979636106410167,1,10.1,Obese,40-59,1.0,2.0,conformal_calibration
111641,74.0,17.0,11.0,168.0,29.0,2.257745663564444,0,5.7,Overweight,60+,2.0,6.0,test
111642,80.0,16.0,9.0,200.0,21.8,2.1333333333333333,0,5.7,Normal,60+,1.0,4.0,test
111643,80.0,23.0,16.0,162.0,23.3,2.8395061728395063,0,4.3,Normal,60+,1.0,3.0,proper_train
111645,49.0,14.0,14.0,254.0,38.0,0.7218157950863116,0,4.6,Obese,40-59,2.0,3.0,proper_train
111646,30.0,14.0,9.0,179.0,16.5,0.7821229050279329,0,3.7,Underweight,18-39,2.0,6.0,test
111649,74.0,15.0,15.0,183.0,24.7,1.5661244132204855,0,4.9,Normal,60+,1.0,1.0,test
111650,32.0,13.0,12.0,230.0,20.2,0.5221254608323572,0,4.0,Normal,18-39,2.0,6.0,test
111652,23.0,16.0,8.0,237.0,17.7,0.548977416617404,0,4.4,Underweight,18-39,2.0,4.0,conformal_calibration
111655,55.0,31.0,32.0,245.0,21.4,1.2302214917582281,1,8.5,Normal,40-59,2.0,1.0,proper_train
111656,78.0,23.0,17.0,311.0,20.8,1.3990640235214833,0,4.9,Normal,60+,2.0,4.0,test
111658,50.0,18.0,12.0,197.0,25.2,1.318820411854475,0,2.5,Overweight,40-59,2.0,2.0,test
111659,32.0,14.0,16.0,178.0,19.7,0.6292134831460674,0,5.5,Normal,18-39,1.0,4.0,proper_train
111660,58.0,18.0,16.0,166.0,23.6,1.572289156626506,0,6.2,Normal,40-59,2.0,1.0,proper_train
111663,68.0,29.0,32.0,253.0,34.3,1.3778800123516517,0,5.1,Obese,60+,2.0,1.0,test
111664,60.0,26.0,17.0,284.0,34.8,1.3322379403404205,0,4.0,Obese,60+,1.0,4.0,proper_train
111666,41.0,58.0,40.0,355.0,29.5,1.059140320546536,0,7.1,Overweight,40-59,2.0,4.0,proper_train
111668,52.0,40.0,64.0,195.0,44.9,1.3333333333333333,1,12.0,Obese,40-59,1.0,3.0,proper_train
111669,45.0,23.0,41.0,178.0,38.1,0.9080890087343105,0,7.1,Obese,40-59,1.0,4.0,proper_train
111671,39.0,19.0,8.0,155.0,18.3,1.6902133059975215,0,5.3,Underweight,18-39,1.0,4.0,proper_train
111673,25.0,17.0,21.0,290.0,31.6,0.3198020805182647,0,5.3,Obese,18-39,2.0,3.0,proper_train
111675,35.0,15.0,7.0,395.0,36.3,0.5023578438730234,0,5.3,Obese,18-39,2.0,4.0,proper_train
111676,24.0,20.0,12.0,295.0,40.6,0.46970869357800066,1,9.9,Obese,18-39,2.0,4.0,proper_train
111679,49.0,15.0,14.0,250.0,24.7,0.7857480512225278,1,11.6,Normal,40-59,2.0,4.0,proper_train
111682,59.0,21.0,32.0,239.0,32.0,0.9164281400524398,1,8.5,Obese,40-59,2.0,1.0,test
111683,20.0,14.0,5.0,310.0,24.4,0.4039348604515749,0,4.0,Normal,18-39,2.0,2.0,proper_train
111688,36.0,16.0,13.0,305.0,34.9,0.5237824803700525,0,3.3,Obese,18-39,2.0,4.0,conformal_calibration
111692,38.0,19.0,20.0,301.0,30.4,0.5363591627092518,0,4.1,Obese,18-39,2.0,2.0,conformal_calibration
111693,26.0,21.0,16.0,192.0,21.9,0.7109375,0,6.6,Normal,18-39,2.0,7.0,proper_train
111695,30.0,20.0,34.0,298.0,26.7,0.3452991647164607,0,3.9,Overweight,18-39,2.0,2.0,proper_train
111700,46.0,13.0,11.0,189.0,19.7,0.953988275436522,0,4.1,Normal,40-59,2.0,3.0,test
111703,48.0,23.0,43.0,284.0,27.9,0.5928113438281534,0,5.1,Overweight,40-59,1.0,2.0,test
111705,54.0,11.0,7.0,380.0,20.2,0.5908181499144236,0,4.8,Normal,40-59,2.0,1.0,proper_train
111707,80.0,35.0,47.0,183.0,29.9,2.2318140775634143,0,6.9,Overweight,60+,1.0,3.0,proper_train
111710,22.0,17.0,15.0,192.0,22.2,0.5029499206533242,0,5.8,Normal,18-39,2.0,4.0,proper_train
111712,60.0,92.0,72.0,132.0,24.8,4.928319990088059,1,8.9,Normal,60+,1.0,4.0,proper_train
111716,55.0,16.0,9.0,304.0,27.1,0.9649122807017544,0,3.4,Overweight,40-59,2.0,6.0,test
111717,56.0,12.0,9.0,317.0,22.6,0.7066246056782335,0,3.2,Normal,40-59,2.0,1.0,proper_train
111719,23.0,14.0,15.0,265.0,20.0,0.31373600942862595,0,4.1,Normal,18-39,1.0,2.0,proper_train
111720,35.0,15.0,14.0,189.0,37.2,0.7423923386456233,0,3.7,Obese,18-39,2.0,3.0,test
111723,66.0,20.0,17.0,378.0,25.3,0.8469498017141787,0,5.4,Overweight,60+,2.0,6.0,test
111724,31.0,19.0,16.0,299.0,26.5,0.49247491638795987,0,3.8,Overweight,18-39,2.0,3.0,proper_train
111726,43.0,15.0,14.0,236.0,35.5,0.7304385637013294,0,6.4,Obese,40-59,2.0,4.0,conformal_calibration
111728,80.0,15.0,10.0,129.0,30.2,2.941653637365934,0,7.7,Obese,60+,1.0,3.0,conformal_calibration
111729,31.0,25.0,22.0,208.0,27.4,0.7943776691134523,0,2.2,Overweight,18-39,1.0,6.0,proper_train
111731,21.0,17.0,19.0,352.0,19.8,0.23267448009031405,0,3.7,Normal,18-39,2.0,3.0,test
111732,46.0,17.0,16.0,198.0,31.2,0.9873737373737373,0,5.5,Obese,40-59,2.0,3.0,proper_train
111733,31.0,29.0,54.0,234.0,29.6,0.5228136939131237,0,5.8,Overweight,18-39,1.0,6.0,proper_train
111734,45.0,13.0,19.0,284.0,32.5,0.47256409969816415,1,9.8,Obese,40-59,1.0,1.0,test
111736,54.0,31.0,33.0,256.0,29.4,1.1383046721478054,0,5.7,Overweight,40-59,2.0,2.0,conformal_calibration
111741,69.0,24.0,14.0,273.0,20.1,1.6211890718204205,0,2.6,Normal,60+,2.0,3.0,proper_train
111744,41.0,15.0,6.0,145.0,26.1,1.7315358526570743,0,5.6,Overweight,40-59,2.0,4.0,proper_train
111745,63.0,27.0,40.0,146.0,35.2,1.8421350342282234,0,5.2,Obese,60+,1.0,3.0,conformal_calibration
111749,63.0,23.0,17.0,214.0,33.8,1.642215517185264,0,5.9,Obese,60+,1.0,3.0,test
111751,55.0,15.0,14.0,270.0,38.6,0.8166315725101856,0,7.9,Obese,40-59,2.0,3.0,conformal_calibration
111752,54.0,16.0,13.0,199.0,44.3,1.204173290297985,1,9.3,Obese,40-59,1.0,2.0,test
111753,51.0,19.0,16.0,168.0,27.2,1.4419642857142858,0,5.0,Overweight,40-59,1.0,2.0,proper_train
111754,66.0,20.0,31.0,231.0,26.6,1.0263160115815708,0,3.4,Overweight,60+,2.0,1.0,proper_train
111760,47.0,19.0,8.0,194.0,17.4,1.6274390608236777,1,8.3,Underweight,40-59,1.0,4.0,conformal_calibration
111765,30.0,27.0,25.0,291.0,43.5,0.5567010309278351,0,5.3,Obese,18-39,1.0,2.0,proper_train
111766,33.0,16.0,9.0,250.0,43.6,0.704,0,5.9,Obese,18-39,2.0,4.0,proper_train
111767,26.0,20.0,20.0,137.0,23.1,0.8487265316057595,0,4.0,Normal,18-39,1.0,7.0,proper_train
111768,25.0,17.0,25.0,271.0,34.9,0.31365313653136534,0,6.2,Obese,18-39,1.0,2.0,proper_train
111770,60.0,22.0,14.0,208.0,33.6,1.6960809582903855,0,7.3,Obese,60+,2.0,4.0,proper_train
111773,18.0,16.0,7.0,237.0,19.5,0.4592986001124786,0,4.8,Normal,18-39,2.0,2.0,conformal_calibration
111774,19.0,17.0,15.0,171.0,28.4,0.48770901396685984,0,3.9,Overweight,18-39,2.0,1.0,proper_train
111776,70.0,13.0,8.0,263.0,32.8,1.2233216176421258,0,7.5,Obese,60+,2.0,4.0,proper_train
111777,23.0,16.0,13.0,272.0,26.2,0.37523836803471383,0,3.6,Overweight,18-39,1.0,6.0,test
111778,32.0,17.0,10.0,252.0,28.5,0.682650415528412,0,3.8,Overweight,18-39,2.0,1.0,conformal_calibration
111779,53.0,17.0,16.0,319.0,31.8,0.7061128526645768,0,5.0,Obese,40-59,2.0,4.0,proper_train
111781,72.0,15.0,12.0,272.0,46.0,1.14621009324411,0,6.1,Obese,60+,2.0,3.0,test
111783,78.0,19.0,14.0,269.0,26.9,1.4724206710565537,0,5.4,Overweight,60+,2.0,3.0,proper_train
111786,61.0,17.0,14.0,238.0,40.5,1.1644954111898491,0,3.5,Obese,60+,2.0,2.0,test
111787,57.0,24.0,21.0,221.0,30.5,1.3507786146734733,0,4.5,Obese,40-59,1.0,7.0,proper_train
111789,38.0,18.0,12.0,308.0,27.9,0.6410837404638053,0,5.5,Overweight,18-39,2.0,3.0,conformal_calibration
111790,72.0,27.0,33.0,257.0,28.9,1.3167586115870684,1,10.1,Overweight,60+,1.0,3.0,test
111791,52.0,18.0,14.0,214.0,37.4,1.1689557122898562,0,3.9,Obese,40-59,2.0,3.0,proper_train
111792,69.0,15.0,13.0,388.0,22.3,0.7398385349138044,0,3.3,Normal,60+,2.0,3.0,proper_train
111794,35.0,40.0,51.0,231.0,37.5,0.8486545963806119,0,5.3,Obese,18-39,1.0,1.0,test
111795,59.0,19.0,16.0,142.0,28.4,1.9735915492957747,0,3.7,Overweight,40-59,1.0,3.0,proper_train
111796,34.0,17.0,14.0,227.0,27.0,0.6805154089223845,0,3.6,Overweight,18-39,1.0,2.0,proper_train
111797,61.0,38.0,56.0,182.0,25.6,1.7019548317390103,1,10.3,Overweight,60+,1.0,3.0,proper_train
111798,80.0,19.0,15.0,184.0,29.4,2.132947350085244,1,11.2,Overweight,60+,2.0,3.0,test
111801,35.0,14.0,11.0,278.0,30.0,0.5314408591478568,0,4.9,Obese,18-39,2.0,6.0,proper_train
111802,20.0,12.0,9.0,246.0,24.7,0.3252032520325203,0,4.5,Normal,18-39,2.0,4.0,proper_train
111803,36.0,27.0,24.0,171.0,42.5,1.1602846150025583,0,6.2,Obese,18-39,1.0,4.0,conformal_calibration
111804,60.0,12.0,22.0,200.0,45.4,0.7675225788801975,0,4.7,Obese,60+,2.0,4.0,conformal_calibration
111810,80.0,18.0,23.0,250.0,30.1,1.201043024968751,0,6.9,Obese,60+,1.0,4.0,proper_train
111811,26.0,12.0,9.0,441.0,28.4,0.23582766439909297,0,3.3,Overweight,18-39,2.0,2.0,test
111814,54.0,31.0,45.0,232.0,27.5,1.0756258029697263,0,6.8,Overweight,40-59,1.0,6.0,test
111820,19.0,15.0,14.0,210.0,23.7,0.3627116854525759,0,4.5,Normal,18-39,2.0,2.0,test
111821,59.0,30.0,23.0,164.0,22.1,2.2504299565915997,0,3.1,Normal,40-59,2.0,3.0,proper_train
111823,80.0,18.0,16.0,232.0,24.8,1.5517241379310345,0,5.8,Normal,60+,1.0,3.0,test
111824,63.0,24.0,32.0,306.0,24.0,0.8734848473480881,0,4.1,Normal,60+,1.0,6.0,test
111825,34.0,31.0,25.0,244.0,38.5,0.8639344262295082,0,5.5,Obese,18-39,1.0,4.0,proper_train
111827,40.0,53.0,115.0,188.0,21.6,1.0515479752497157,1,10.5,Normal,40-59,1.0,3.0,proper_train
111828,39.0,24.0,34.0,273.0,33.4,0.5879951490600303,0,3.9,Obese,18-39,2.0,1.0,test
111829,61.0,19.0,36.0,234.0,49.6,0.8254985754985755,1,10.7,Obese,60+,2.0,2.0,test
111830,18.0,17.0,15.0,189.0,30.9,0.4180362976858799,0,4.9,Obese,18-39,2.0,3.0,test
111831,41.0,28.0,48.0,204.0,32.3,0.8122525845952089,0,5.9,Obese,40-59,1.0,4.0,proper_train
111833,26.0,19.0,13.0,259.0,31.7,0.5289998010333267,0,3.4,Obese,18-39,2.0,4.0,proper_train
111835,72.0,19.0,12.0,180.0,20.9,2.193931022920578,0,5.1,Normal,60+,1.0,3.0,test
111837,19.0,15.0,18.0,255.0,32.0,0.263431938089106,0,4.9,Obese,18-39,1.0,4.0,proper_train
111839,61.0,31.0,25.0,192.0,23.5,1.9697916666666666,0,4.6,Normal,60+,2.0,6.0,proper_train
111840,80.0,11.0,8.0,226.0,30.7,1.3766680695667295,0,5.8,Obese,60+,1.0,1.0,proper_train
111846,23.0,17.0,17.0,279.0,30.6,0.3398975963770831,0,2.7,Obese,18-39,2.0,7.0,proper_train
111849,41.0,27.0,35.0,301.0,32.0,0.621651667763766,0,4.6,Obese,40-59,1.0,2.0,proper_train
111850,42.0,14.0,10.0,431.0,36.3,0.43141978287215943,0,4.4,Obese,40-59,2.0,3.0,proper_train
111857,53.0,31.0,28.0,247.0,30.7,1.2570761723768427,0,6.0,Obese,40-59,2.0,4.0,test
111858,23.0,22.0,17.0,157.0,23.7,0.7816753265502195,0,4.8,Normal,18-39,1.0,2.0,test
111859,39.0,47.0,65.0,261.0,32.9,0.8710945153334065,0,6.5,Obese,18-39,2.0,1.0,proper_train
111860,80.0,17.0,13.0,276.0,29.6,1.3666526573665065,0,4.6,Overweight,60+,2.0,3.0,conformal_calibration
111864,34.0,16.0,14.0,247.0,29.6,0.5886239497990238,0,6.1,Overweight,18-39,1.0,3.0,proper_train
111866,77.0,15.0,12.0,191.0,25.9,1.745653300822036,0,5.2,Overweight,60+,1.0,3.0,test
111868,48.0,24.0,29.0,196.0,47.1,1.0914338243875703,0,5.5,Obese,40-59,2.0,4.0,test
111869,44.0,18.0,17.0,157.0,25.6,1.2234918154699088,0,4.0,Overweight,40-59,2.0,6.0,proper_train
111870,70.0,21.0,13.0,283.0,27.0,1.440652453093793,0,5.1,Overweight,60+,2.0,3.0,proper_train
111872,38.0,15.0,11.0,258.0,34.5,0.6661297147648266,0,5.3,Obese,18-39,2.0,3.0,proper_train
111874,61.0,21.0,13.0,471.0,23.8,0.7543216044209327,0,3.8,Normal,60+,1.0,4.0,conformal_calibration
111875,56.0,35.0,46.0,231.0,28.0,1.2510226582839756,0,5.9,Overweight,40-59,2.0,7.0,proper_train
111876,54.0,28.0,38.0,274.0,42.8,0.8951780611303394,0,4.7,Obese,40-59,1.0,7.0,conformal_calibration
111878,37.0,16.0,16.0,250.0,25.6,0.592,0,4.6,Overweight,18-39,1.0,7.0,proper_train
111879,70.0,13.0,19.0,175.0,31.3,1.192961816126921,0,2.5,Obese,60+,1.0,2.0,conformal_calibration
111882,64.0,18.0,9.0,263.0,22.6,1.4600760456273765,0,5.7,Normal,60+,2.0,2.0,conformal_calibration
111883,72.0,21.0,22.0,174.0,38.2,1.852640707641856,0,6.3,Obese,60+,1.0,4.0,proper_train
111884,60.0,33.0,20.0,221.0,29.2,2.0033550205654223,0,6.8,Overweight,60+,1.0,4.0,proper_train
111887,29.0,20.0,15.0,203.0,19.3,0.7377111135633174,0,2.4,Normal,18-39,2.0,4.0,conformal_calibration
111890,60.0,19.0,17.0,231.0,31.3,1.196929058620864,0,3.8,Obese,60+,1.0,4.0,proper_train
111893,66.0,31.0,33.0,212.0,25.3,1.680013604176216,0,5.3,Overweight,60+,2.0,3.0,proper_train
111894,21.0,16.0,16.0,282.0,24.4,0.2978723404255319,0,4.0,Normal,18-39,1.0,6.0,conformal_calibration
111895,66.0,17.0,20.0,369.0,32.8,0.6799101004755458,0,6.1,Obese,60+,1.0,3.0,test
111896,65.0,30.0,42.0,203.0,27.3,1.482224297665415,0,6.6,Overweight,60+,1.0,4.0,conformal_calibration
111898,74.0,14.0,13.0,219.0,29.9,1.3120306011172087,1,8.2,Overweight,60+,2.0,7.0,test
111900,55.0,16.0,20.0,197.0,31.1,0.998852700609043,0,4.6,Obese,40-59,2.0,4.0,proper_train
111901,57.0,20.0,20.0,263.0,25.9,0.9692461955702509,0,6.7,Overweight,40-59,1.0,1.0,proper_train
111904,53.0,20.0,13.0,256.0,29.7,1.1484027499975447,0,6.3,Overweight,40-59,2.0,4.0,proper_train
111906,45.0,18.0,23.0,216.0,30.9,0.7819290527140303,0,5.8,Obese,40-59,1.0,4.0,proper_train
111908,64.0,18.0,14.0,293.0,26.5,1.0508018794645493,0,5.4,Overweight,60+,2.0,3.0,conformal_calibration
111909,56.0,84.0,165.0,183.0,41.0,2.0011251548283084,0,7.3,Obese,40-59,2.0,4.0,proper_train
111911,40.0,17.0,23.0,215.0,39.7,0.6594874491107482,0,4.9,Obese,40-59,1.0,3.0,proper_train
111913,48.0,21.0,25.0,275.0,34.1,0.7330909090909091,0,5.5,Obese,40-59,1.0,7.0,test
111917,41.0,28.0,47.0,256.0,36.2,0.654113321248371,1,10.4,Obese,40-59,1.0,2.0,test
111918,80.0,23.0,20.0,206.0,49.5,1.9972646012619482,1,10.8,Obese,60+,2.0,3.0,proper_train
111921,80.0,26.0,18.0,216.0,21.3,2.269725470475338,0,4.4,Normal,60+,1.0,3.0,proper_train
111922,30.0,19.0,23.0,150.0,23.4,0.7923547734168841,0,3.7,Normal,18-39,1.0,6.0,proper_train
111923,40.0,19.0,31.0,287.0,60.4,0.47560985902560604,1,29.0,Obese,40-59,2.0,4.0,conformal_calibration
111925,22.0,23.0,13.0,208.0,25.8,0.6747074502162643,0,5.4,Overweight,18-39,1.0,7.0,proper_train
111927,54.0,32.0,47.0,237.0,33.6,1.063521963326421,0,4.0,Obese,40-59,2.0,2.0,proper_train
111928,46.0,16.0,10.0,246.0,29.0,0.9461123406032224,0,4.5,Overweight,40-59,2.0,4.0,proper_train
111930,73.0,16.0,11.0,236.0,34.0,1.4922256375713048,1,19.7,Obese,60+,1.0,2.0,proper_train
111934,63.0,20.0,12.0,230.0,28.4,1.5814376938672359,0,4.1,Overweight,60+,2.0,1.0,proper_train
111935,48.0,14.0,10.0,236.0,26.2,0.900445164251335,0,4.1,Overweight,40-59,2.0,3.0,conformal_calibration
111938,57.0,15.0,11.0,199.0,22.5,1.2954381890150146,0,6.2,Normal,40-59,2.0,3.0,proper_train
111942,27.0,12.0,15.0,160.0,31.8,0.5228527517380013,0,5.6,Obese,18-39,1.0,3.0,proper_train
111943,80.0,18.0,16.0,138.0,29.1,2.608695652173913,1,20.0,Overweight,60+,1.0,3.0,proper_train
111944,32.0,15.0,15.0,237.0,46.5,0.5229344602474149,0,7.9,Obese,18-39,2.0,3.0,proper_train
111945,74.0,23.0,12.0,155.0,19.1,3.169839219873365,0,6.7,Normal,60+,1.0,3.0,test
111947,45.0,21.0,40.0,219.0,40.9,0.6822722348993421,0,6.2,Obese,40-59,1.0,4.0,proper_train
111951,19.0,11.0,6.0,342.0,23.0,0.24948506639458298,0,3.9,Normal,18-39,2.0,7.0,test
111960,41.0,19.0,14.0,304.0,25.9,0.6848569324005875,0,4.4,Overweight,40-59,2.0,3.0,proper_train
111963,20.0,10.0,10.0,422.0,33.1,0.1498709791548995,0,4.6,Obese,18-39,2.0,1.0,test
111966,33.0,34.0,46.0,201.0,36.6,0.8230342030139035,1,8.5,Obese,18-39,1.0,3.0,test
111968,70.0,24.0,33.0,185.0,26.4,1.5808133081382292,0,5.8,Overweight,60+,1.0,6.0,proper_train
111970,35.0,17.0,21.0,353.0,33.8,0.36781769034112033,0,4.6,Obese,18-39,2.0,3.0,proper_train
111971,45.0,18.0,15.0,274.0,27.4,0.7632886886686149,0,3.8,Overweight,40-59,1.0,3.0,proper_train
111972,37.0,15.0,17.0,264.0,24.4,0.5098760299059273,0,3.6,Normal,18-39,2.0,1.0,proper_train
111973,51.0,18.0,9.0,322.0,34.6,0.9503105590062112,0,6.6,Obese,40-59,2.0,1.0,proper_train
111974,26.0,21.0,28.0,249.0,28.9,0.41439478366071897,0,4.2,Overweight,18-39,1.0,1.0,proper_train
111977,80.0,18.0,17.0,133.0,29.1,2.62594962445353,0,6.0,Overweight,60+,1.0,1.0,conformal_calibration
111979,20.0,16.0,7.0,299.0,17.8,0.40451047278579505,0,3.5,Underweight,18-39,2.0,4.0,conformal_calibration
111980,47.0,20.0,31.0,180.0,43.6,0.937938799473158,0,7.3,Obese,40-59,2.0,3.0,test
111982,25.0,9.0,8.0,278.0,66.2,0.2861493269190165,0,6.0,Obese,18-39,2.0,4.0,proper_train
111983,63.0,15.0,21.0,246.0,29.1,0.8382760417602146,0,4.5,Overweight,60+,1.0,4.0,proper_train
111986,60.0,56.0,44.0,187.0,30.1,2.708765020805577,0,3.9,Obese,60+,1.0,4.0,proper_train
111990,61.0,78.0,115.0,196.0,39.1,2.2637029987792925,0,3.6,Obese,60+,2.0,2.0,proper_train
111993,38.0,22.0,21.0,269.0,33.3,0.6781790194694782,0,4.3,Obese,18-39,1.0,4.0,test
111994,63.0,24.0,30.0,172.0,31.7,1.6049544708290915,1,10.2,Obese,60+,1.0,2.0,proper_train
111995,22.0,36.0,56.0,373.0,38.0,0.28374115763356583,0,5.9,Obese,18-39,1.0,3.0,proper_train
112001,59.0,46.0,63.0,108.0,29.7,3.1660357399600083,0,5.0,Overweight,40-59,1.0,3.0,proper_train
112004,19.0,19.0,15.0,223.0,24.2,0.4179811623261218,0,5.6,Normal,18-39,1.0,4.0,test
112005,77.0,17.0,23.0,188.0,36.4,1.4518370638335687,1,8.2,Obese,60+,1.0,3.0,proper_train
112008,77.0,27.0,23.0,230.0,22.7,1.8847889861941671,0,5.5,Normal,60+,1.0,6.0,conformal_calibration
112010,29.0,31.0,13.0,259.0,22.0,0.9626939698966814,0,5.4,Normal,18-39,1.0,4.0,test
112011,60.0,18.0,18.0,215.0,25.8,1.1839927498937541,0,3.3,Overweight,60+,1.0,3.0,proper_train
112012,32.0,16.0,22.0,352.0,28.6,0.3101101328808879,0,6.5,Overweight,18-39,1.0,4.0,proper_train
112015,79.0,12.0,7.0,286.0,29.4,1.2528332881564594,0,6.0,Overweight,60+,2.0,4.0,proper_train
112016,55.0,16.0,14.0,319.0,35.1,0.7372723914825501,0,2.8,Obese,40-59,2.0,4.0,test
112018,29.0,28.0,45.0,194.0,30.2,0.6239474906288073,0,6.1,Obese,18-39,1.0,4.0,proper_train
112019,74.0,27.0,25.0,284.0,34.0,1.4070422535211267,0,5.2,Obese,60+,2.0,3.0,test
112021,52.0,14.0,17.0,304.0,43.1,0.5808089967975343,0,6.3,Obese,40-59,2.0,3.0,test
112023,41.0,19.0,11.0,198.0,29.5,1.1862491789195853,0,7.7,Overweight,40-59,2.0,3.0,proper_train
112027,20.0,24.0,22.0,204.0,24.2,0.5016487443661422,0,4.7,Normal,18-39,1.0,4.0,test
112028,55.0,25.0,20.0,202.0,30.4,1.5220759747832726,0,5.3,Obese,40-59,2.0,3.0,proper_train
112031,18.0,31.0,20.0,165.0,27.5,0.7561975342090197,0,3.3,Overweight,18-39,1.0,7.0,proper_train
112038,33.0,20.0,29.0,345.0,26.4,0.35524325564305576,0,2.8,Overweight,18-39,1.0,4.0,proper_train
112040,23.0,17.0,25.0,251.0,31.7,0.3115537848605578,1,13.7,Obese,18-39,1.0,3.0,test
112041,30.0,19.0,18.0,205.0,38.9,0.6553672606119221,0,3.8,Obese,18-39,1.0,2.0,test
112045,67.0,20.0,21.0,228.0,37.6,1.282508653141359,0,4.0,Obese,60+,1.0,3.0,test
112047,63.0,18.0,26.0,295.0,37.1,0.7538837194803414,1,8.4,Obese,60+,1.0,1.0,conformal_calibration
112050,61.0,12.0,19.0,310.0,35.4,0.5417171522362941,0,5.4,Obese,60+,2.0,3.0,test
112052,44.0,26.0,39.0,253.0,27.5,0.7240577389447419,0,5.2,Overweight,40-59,1.0,7.0,proper_train
112055,39.0,13.0,10.0,370.0,24.1,0.4333175064068563,0,3.7,Normal,18-39,2.0,3.0,conformal_calibration
112060,43.0,20.0,17.0,193.0,27.3,1.0807286918717427,0,5.1,Overweight,40-59,1.0,4.0,conformal_calibration
112063,41.0,11.0,10.0,662.0,42.2,0.21543613666706027,0,3.8,Obese,40-59,2.0,4.0,test
112067,63.0,27.0,24.0,355.0,25.6,0.9780709043366634,0,4.9,Overweight,60+,1.0,2.0,proper_train
112071,57.0,18.0,24.0,303.0,32.1,0.691192650191293,0,6.7,Obese,40-59,2.0,1.0,proper_train
112072,62.0,10.0,12.0,202.0,47.5,0.8860325913306139,0,6.1,Obese,60+,1.0,3.0,proper_train
112073,28.0,20.0,13.0,221.0,21.6,0.7027875789278921,0,4.1,Normal,18-39,1.0,1.0,proper_train
112077,25.0,15.0,14.0,189.0,35.4,0.5302802418897309,0,6.0,Obese,18-39,2.0,7.0,test
112078,61.0,20.0,14.0,220.0,24.7,1.4820850687870806,0,5.1,Normal,60+,1.0,6.0,test
112079,70.0,31.0,38.0,251.0,24.8,1.4024720472261145,0,6.6,Normal,60+,2.0,6.0,test
112080,56.0,25.0,21.0,253.0,27.2,1.2075298273928434,0,5.1,Overweight,40-59,1.0,6.0,proper_train
112081,74.0,25.0,16.0,281.0,29.1,1.6459074733096086,0,6.2,Overweight,60+,1.0,3.0,test
112084,74.0,27.0,23.0,196.0,31.2,2.1255704045205888,1,24.6,Obese,60+,1.0,3.0,proper_train
112086,50.0,18.0,8.0,208.0,29.5,1.5297983246824343,0,4.1,Overweight,40-59,1.0,1.0,proper_train
112088,26.0,12.0,8.0,272.0,32.7,0.40554653626875514,0,5.9,Obese,18-39,2.0,4.0,proper_train
112089,54.0,17.0,14.0,241.0,27.2,1.0180324484464962,0,5.4,Overweight,40-59,2.0,3.0,conformal_calibration
112090,74.0,22.0,16.0,229.0,24.2,1.777292576419214,0,5.1,Normal,60+,2.0,4.0,proper_train
112098,62.0,21.0,18.0,255.0,24.5,1.2034680119018104,0,5.0,Normal,60+,2.0,6.0,conformal_calibration
112099,72.0,20.0,19.0,200.0,28.3,1.6517932838680445,1,32.8,Overweight,60+,2.0,1.0,test
112102,38.0,17.0,20.0,207.0,28.8,0.6978260451521082,0,4.9,Overweight,18-39,1.0,1.0,proper_train
112106,30.0,13.0,21.0,176.0,33.9,0.48355100677293766,0,6.1,Obese,18-39,1.0,6.0,proper_train
112109,38.0,21.0,15.0,283.0,19.6,0.7280661272729138,0,6.5,Normal,18-39,1.0,4.0,conformal_calibration
112110,37.0,16.0,18.0,195.0,26.9,0.7155678879699763,0,4.9,Overweight,18-39,2.0,3.0,proper_train
112113,70.0,18.0,15.0,169.0,35.5,1.9250331424936273,0,6.4,Obese,60+,2.0,4.0,conformal_calibration
112115,46.0,14.0,18.0,226.0,36.2,0.671647149091647,0,7.1,Obese,40-59,1.0,4.0,proper_train
112116,45.0,18.0,15.0,164.0,25.2,1.275250613995125,0,4.1,Overweight,40-59,1.0,6.0,proper_train
112120,20.0,22.0,19.0,162.0,19.1,0.6231044623644887,0,6.7,Normal,18-39,2.0,6.0,test
112122,22.0,12.0,12.0,229.0,24.2,0.33279578835384543,0,5.9,Normal,18-39,2.0,1.0,proper_train
112123,79.0,22.0,30.0,257.0,32.1,1.2346845719117752,0,3.8,Obese,60+,1.0,3.0,test
112124,71.0,15.0,15.0,285.0,21.3,0.9648484827393916,0,5.4,Normal,60+,1.0,1.0,proper_train
112126,68.0,34.0,40.0,178.0,29.9,2.053703918626206,0,7.9,Overweight,60+,2.0,3.0,proper_train
112128,80.0,19.0,22.0,194.0,28.0,1.6704386023738549,0,4.7,Overweight,60+,2.0,3.0,proper_train
112131,43.0,21.0,18.0,243.0,28.0,0.8758812392475342,0,4.7,Overweight,40-59,1.0,1.0,proper_train
112132,63.0,19.0,24.0,277.0,25.3,0.8820815950997185,0,6.0,Overweight,60+,1.0,3.0,proper_train
112134,77.0,19.0,20.0,184.0,28.5,1.777917092979452,0,5.1,Overweight,60+,1.0,4.0,proper_train
112135,65.0,19.0,18.0,195.0,22.1,1.4927809825049336,0,3.2,Normal,60+,2.0,6.0,test
112136,61.0,14.0,14.0,255.0,35.7,0.8950631395812173,0,4.0,Obese,60+,1.0,1.0,proper_train
112139,33.0,28.0,49.0,323.0,37.5,0.4086687306501548,0,4.1,Obese,18-39,2.0,1.0,proper_train
112145,41.0,13.0,8.0,239.0,27.1,0.7884684401096859,0,4.6,Overweight,40-59,2.0,7.0,proper_train
112146,31.0,9.0,8.0,302.0,42.3,0.32662713899179924,0,5.2,Obese,18-39,2.0,4.0,proper_train
112148,32.0,14.0,14.0,354.0,43.5,0.3382289163185484,0,5.0,Obese,18-39,2.0,3.0,proper_train
112149,64.0,37.0,52.0,215.0,28.8,1.5273605403038868,0,3.9,Overweight,60+,1.0,4.0,proper_train
112156,43.0,18.0,16.0,330.0,25.0,0.5863636363636363,0,4.1,Overweight,40-59,2.0,6.0,proper_train
112158,33.0,13.0,8.0,250.0,22.8,0.6066976182580578,0,3.7,Normal,18-39,2.0,3.0,proper_train
112159,64.0,16.0,10.0,354.0,24.6,0.914737944636277,0,4.8,Normal,60+,1.0,4.0,proper_train
112161,45.0,18.0,14.0,198.0,29.5,1.0933414441871907,0,5.4,Overweight,40-59,2.0,4.0,proper_train
112164,40.0,18.0,15.0,158.0,39.0,1.1766025355566834,0,4.6,Obese,40-59,2.0,3.0,test
112165,19.0,20.0,26.0,197.0,20.2,0.3782950830076646,0,4.8,Normal,18-39,1.0,4.0,proper_train
112168,55.0,18.0,20.0,287.0,48.9,0.7713265845730982,0,8.1,Obese,40-59,2.0,4.0,conformal_calibration
112169,61.0,18.0,18.0,273.0,47.0,0.9479893110413057,1,46.0,Obese,60+,1.0,3.0,test
112170,57.0,31.0,58.0,272.0,31.4,0.8530090693497416,0,5.6,Obese,40-59,2.0,3.0,test
112171,66.0,21.0,19.0,226.0,23.7,1.4069478192238873,0,3.1,Normal,60+,2.0,6.0,conformal_calibration
112173,26.0,15.0,15.0,298.0,25.6,0.33791129866239206,0,7.8,Overweight,18-39,1.0,2.0,conformal_calibration
112174,60.0,17.0,11.0,264.0,24.7,1.1649301949595412,0,4.4,Normal,60+,2.0,4.0,conformal_calibration
112182,41.0,23.0,46.0,229.0,36.5,0.6071518107164542,0,4.9,Obese,40-59,1.0,3.0,proper_train
112184,60.0,25.0,35.0,332.0,28.6,0.7636936036703463,0,5.6,Overweight,60+,1.0,3.0,proper_train
112186,51.0,24.0,15.0,267.0,27.0,1.1836533372678846,0,5.6,Overweight,40-59,2.0,4.0,proper_train
112187,58.0,14.0,16.0,231.0,32.2,0.8787878787878788,1,8.2,Obese,40-59,2.0,1.0,conformal_calibration
112191,41.0,22.0,34.0,338.0,27.0,0.45766782188918037,0,4.3,Overweight,40-59,1.0,2.0,proper_train
112193,65.0,10.0,13.0,153.0,21.0,1.1782847305437874,0,5.6,Normal,60+,1.0,2.0,proper_train
112194,69.0,30.0,47.0,212.0,32.7,1.42424779434265,0,4.4,Obese,60+,2.0,3.0,test
112195,60.0,17.0,14.0,227.0,42.8,1.2009095451571492,0,7.7,Obese,60+,2.0,2.0,conformal_calibration
112201,24.0,19.0,12.0,235.0,18.8,0.5601526015967433,0,4.2,Normal,18-39,2.0,1.0,proper_train
112205,49.0,44.0,46.0,250.0,31.7,1.2715394298798328,0,6.7,Obese,40-59,1.0,4.0,test
112206,22.0,23.0,19.0,306.0,20.9,0.37936065796896806,0,3.8,Normal,18-39,1.0,4.0,test
112208,22.0,13.0,12.0,277.0,27.7,0.29805447109789346,0,7.0,Overweight,18-39,1.0,4.0,proper_train
112210,53.0,21.0,19.0,159.0,24.6,1.6059101370939324,0,5.0,Normal,40-59,1.0,6.0,conformal_calibration
112212,65.0,89.0,57.0,239.0,31.9,3.206033341264133,0,4.3,Obese,60+,1.0,7.0,proper_train
112213,39.0,14.0,22.0,284.0,44.6,0.40988588426113837,0,4.1,Obese,18-39,2.0,3.0,proper_train
112215,63.0,18.0,14.0,279.0,25.6,1.0862876284182412,0,5.9,Overweight,60+,1.0,4.0,proper_train
112218,42.0,20.0,17.0,254.0,33.1,0.802086319017794,0,4.3,Obese,40-59,1.0,4.0,proper_train
112219,23.0,27.0,26.0,232.0,20.7,0.5249487927621219,0,4.6,Normal,18-39,1.0,7.0,conformal_calibration
112222,21.0,13.0,11.0,274.0,31.0,0.3004109382106915,0,7.1,Obese,18-39,1.0,2.0,proper_train
112226,76.0,25.0,23.0,188.0,29.2,2.107326525044905,0,5.6,Overweight,60+,1.0,3.0,conformal_calibration
112228,27.0,20.0,17.0,221.0,20.0,0.5926209842516733,0,2.8,Normal,18-39,2.0,3.0,proper_train
112230,60.0,16.0,18.0,271.0,33.8,0.8349600368254436,0,4.9,Obese,60+,1.0,3.0,proper_train
112231,19.0,22.0,22.0,297.0,46.4,0.3000602674634517,0,5.2,Obese,18-39,2.0,3.0,proper_train
112233,63.0,15.0,10.0,272.0,39.0,1.098658966492323,1,8.3,Obese,60+,2.0,4.0,test
112235,40.0,9.0,10.0,335.0,47.1,0.33982685303301985,0,7.8,Obese,40-59,2.0,4.0,proper_train
112238,66.0,22.0,26.0,308.0,28.1,0.9245474942228676,0,3.7,Overweight,60+,2.0,1.0,proper_train
112239,38.0,18.0,14.0,316.0,32.0,0.5785021818610705,0,5.5,Obese,18-39,2.0,4.0,conformal_calibration
112240,80.0,19.0,11.0,270.0,23.1,1.697397199104447,0,5.7,Normal,60+,2.0,3.0,proper_train
112241,42.0,19.0,31.0,316.0,41.8,0.4535602247385012,1,11.1,Obese,40-59,1.0,3.0,test
112242,28.0,16.0,22.0,254.0,39.6,0.37603905876895066,0,6.1,Obese,18-39,1.0,2.0,conformal_calibration
112243,69.0,20.0,15.0,254.0,29.2,1.4028128655554424,0,2.9,Overweight,60+,2.0,3.0,proper_train
112248,32.0,19.0,17.0,260.0,35.0,0.5671602308541941,0,7.5,Obese,18-39,2.0,7.0,conformal_calibration
112251,27.0,14.0,15.0,262.0,40.9,0.37251595543674393,0,6.4,Obese,18-39,2.0,1.0,proper_train
112252,32.0,33.0,92.0,246.0,28.7,0.44754313261030687,0,6.5,Overweight,18-39,1.0,3.0,conformal_calibration
112254,19.0,20.0,13.0,182.0,25.0,0.5790826224329315,0,5.1,Overweight,18-39,1.0,4.0,test
112256,30.0,23.0,23.0,217.0,22.0,0.663018182946459,0,5.5,Normal,18-39,1.0,4.0,proper_train
112265,61.0,38.0,20.0,349.0,23.5,1.4851591896402614,0,3.9,Normal,60+,1.0,1.0,proper_train
112268,78.0,25.0,27.0,157.0,34.8,2.390303662250043,1,10.5,Obese,60+,1.0,3.0,test
112270,58.0,21.0,23.0,207.0,21.9,1.226910900103947,0,4.6,Normal,40-59,1.0,1.0,test
112271,70.0,22.0,13.0,189.0,25.5,2.259889688325008,0,5.4,Overweight,60+,2.0,1.0,proper_train
112273,21.0,16.0,13.0,286.0,32.3,0.3258378775029318,0,6.7,Obese,18-39,2.0,1.0,test
112275,46.0,29.0,13.0,301.0,35.9,1.2291861491103917,0,4.7,Obese,40-59,2.0,4.0,proper_train
112276,61.0,23.0,14.0,210.0,30.0,1.785559630491102,0,3.2,Obese,60+,2.0,4.0,test
112277,37.0,22.0,12.0,239.0,32.5,0.9831864416743836,0,5.4,Obese,18-39,1.0,2.0,test
112280,58.0,13.0,10.0,268.0,25.3,0.8896855805100589,0,4.5,Overweight,40-59,2.0,4.0,proper_train
112282,50.0,30.0,39.0,191.0,30.6,1.2575509461132497,0,4.2,Obese,40-59,2.0,4.0,test
112284,30.0,15.0,16.0,246.0,36.6,0.4573170731707317,0,5.3,Obese,18-39,2.0,3.0,proper_train
112285,65.0,19.0,14.0,254.0,46.1,1.2994788730781266,1,8.3,Obese,60+,1.0,4.0,proper_train
112287,75.0,24.0,22.0,163.0,29.4,2.3543637388963115,0,8.0,Overweight,60+,2.0,4.0,test
112289,29.0,19.0,12.0,190.0,26.5,0.8371578903249575,0,6.1,Overweight,18-39,1.0,3.0,proper_train
112291,65.0,307.0,338.0,143.0,23.7,7.590272091757695,1,26.3,Normal,60+,1.0,3.0,test
112292,21.0,14.0,13.0,243.0,27.3,0.33555937796341023,0,3.8,Overweight,18-39,1.0,4.0,test
112294,56.0,24.0,30.0,183.0,28.8,1.3408727090836854,0,6.2,Overweight,40-59,1.0,1.0,proper_train
112295,49.0,20.0,14.0,180.0,23.6,1.4550889837454217,0,3.7,Normal,40-59,2.0,3.0,test
112296,41.0,12.0,10.0,239.0,27.1,0.6509793342271308,0,5.6,Overweight,40-59,1.0,4.0,proper_train
112299,56.0,16.0,10.0,229.0,25.8,1.2372929185636978,0,5.0,Overweight,40-59,2.0,3.0,proper_train
112300,64.0,33.0,29.0,164.0,31.6,2.3913936233532533,0,7.8,Obese,60+,1.0,3.0,proper_train
112303,63.0,18.0,12.0,243.0,45.0,1.347150628109127,0,4.9,Obese,60+,2.0,7.0,conformal_calibration
112305,67.0,19.0,16.0,267.0,53.3,1.1919475655430711,0,5.8,Obese,60+,2.0,4.0,conformal_calibration
112308,29.0,14.0,13.0,276.0,21.9,0.4079860138902954,0,5.0,Normal,18-39,2.0,3.0,test
112309,39.0,23.0,24.0,200.0,31.5,0.9154967913652129,0,3.6,Obese,18-39,2.0,3.0,proper_train
112312,45.0,23.0,42.0,144.0,29.0,1.1090553278525357,0,4.2,Overweight,40-59,1.0,1.0,proper_train
112313,26.0,20.0,21.0,205.0,40.8,0.5535283069400783,0,4.9,Obese,18-39,1.0,4.0,test
112314,70.0,11.0,10.0,274.0,34.4,0.8886692694633767,0,4.5,Obese,60+,2.0,1.0,test
112315,55.0,24.0,21.0,287.0,35.0,1.0036502268693728,0,5.5,Obese,40-59,2.0,4.0,test
112317,75.0,24.0,6.0,245.0,29.9,2.999375195244708,0,4.4,Overweight,60+,1.0,3.0,proper_train
112319,33.0,77.0,53.0,233.0,25.6,1.4979965364532997,0,6.1,Overweight,18-39,2.0,3.0,test
112320,48.0,13.0,18.0,273.0,36.5,0.5387480237611791,0,5.6,Obese,40-59,2.0,3.0,conformal_calibration
112321,47.0,25.0,44.0,270.0,31.4,0.6560663516275412,0,6.8,Obese,40-59,1.0,3.0,proper_train
112327,57.0,27.0,38.0,250.0,37.4,0.9986350684809743,0,4.1,Obese,40-59,1.0,3.0,proper_train
112328,55.0,18.0,35.0,194.0,25.2,0.862580115650754,0,4.6,Overweight,40-59,1.0,1.0,test
112329,32.0,13.0,8.0,225.0,23.0,0.6536809354968972,0,5.3,Normal,18-39,2.0,4.0,test
112330,37.0,13.0,12.0,219.0,40.3,0.6340307750689727,1,15.3,Obese,18-39,2.0,4.0,proper_train
112331,56.0,19.0,32.0,288.0,31.0,0.6530916798459084,0,4.5,Obese,40-59,1.0,3.0,test
112332,59.0,14.0,18.0,303.0,36.0,0.6425414755336505,0,3.5,Obese,40-59,2.0,3.0,test
112333,55.0,18.0,20.0,252.0,51.2,0.8784552768749174,0,7.7,Obese,40-59,2.0,4.0,proper_train
112335,58.0,11.0,11.0,224.0,25.0,0.8587689189313088,0,7.2,Overweight,40-59,2.0,2.0,proper_train
112337,19.0,15.0,12.0,294.0,22.9,0.27983814067864515,0,4.2,Normal,18-39,1.0,6.0,test
112340,45.0,15.0,17.0,289.0,30.5,0.5664759408288054,0,7.2,Obese,40-59,2.0,2.0,test
112341,29.0,16.0,12.0,217.0,21.6,0.6172592739723188,0,3.1,Normal,18-39,2.0,7.0,proper_train
112345,58.0,18.0,14.0,348.0,21.5,0.8017837257372731,0,4.6,Normal,40-59,1.0,3.0,test
112347,56.0,19.0,16.0,202.0,24.6,1.316831683168317,0,5.3,Normal,40-59,1.0,1.0,proper_train
112349,80.0,16.0,13.0,275.0,35.4,1.290938638487806,0,4.6,Obese,60+,2.0,3.0,proper_train
112350,48.0,21.0,29.0,362.0,40.0,0.5170743118300228,0,4.6,Obese,40-59,2.0,3.0,test
112354,38.0,20.0,19.0,152.0,31.1,1.1470786693528086,0,5.6,Obese,18-39,1.0,3.0,proper_train
112355,21.0,21.0,28.0,203.0,20.8,0.41054761723416056,0,7.6,Normal,18-39,1.0,3.0,proper_train
112356,21.0,11.0,7.0,245.0,41.9,0.3563665031229857,0,4.8,Obese,18-39,2.0,4.0,proper_train
112357,28.0,13.0,10.0,235.0,24.2,0.4898166248090596,0,2.3,Normal,18-39,2.0,6.0,proper_train
112358,29.0,34.0,84.0,190.0,34.5,0.5662179994018118,0,4.0,Obese,18-39,1.0,2.0,test
112359,62.0,18.0,25.0,200.0,31.1,1.116,0,7.0,Obese,60+,1.0,4.0,test
112360,32.0,19.0,24.0,238.0,25.5,0.5214600012647662,0,6.9,Overweight,18-39,1.0,6.0,proper_train
112362,40.0,15.0,19.0,241.0,42.8,0.571159503412187,1,12.3,Obese,40-59,2.0,4.0,proper_train
112363,59.0,16.0,20.0,246.0,24.7,0.8580683620974803,0,3.0,Normal,40-59,1.0,6.0,proper_train
112365,58.0,14.0,12.0,248.0,24.1,0.9451782632701131,0,4.3,Normal,40-59,2.0,2.0,proper_train
112368,47.0,25.0,26.0,223.0,30.2,1.0333473488222702,0,6.1,Obese,40-59,1.0,6.0,proper_train
112370,40.0,13.0,14.0,247.0,35.2,0.5626552461314198,0,5.2,Obese,40-59,2.0,2.0,test
112371,23.0,19.0,9.0,311.0,19.1,0.4683815648445874,0,3.1,Normal,18-39,2.0,4.0,proper_train
112375,50.0,17.0,21.0,218.0,28.8,0.8508495720210711,0,4.0,Overweight,40-59,1.0,6.0,proper_train
112377,44.0,12.0,8.0,258.0,43.3,0.7235511249350718,1,9.4,Obese,40-59,2.0,4.0,proper_train
112383,30.0,68.0,117.0,150.0,26.2,1.257320444777186,1,12.2,Overweight,18-39,1.0,1.0,proper_train
112385,21.0,20.0,20.0,164.0,24.7,0.5726515552133608,0,3.3,Normal,18-39,1.0,3.0,proper_train
112386,63.0,16.0,14.0,186.0,26.8,1.4483835045576547,0,4.0,Overweight,60+,1.0,3.0,test
112387,59.0,17.0,23.0,325.0,33.2,0.6435075609207569,0,6.0,Obese,40-59,1.0,4.0,test
112389,44.0,15.0,21.0,228.0,29.5,0.6316833664726096,0,5.1,Overweight,40-59,1.0,6.0,conformal_calibration
112391,80.0,26.0,21.0,208.0,22.7,2.182178902359924,0,4.7,Normal,60+,2.0,3.0,conformal_calibration
112394,49.0,12.0,10.0,314.0,20.2,0.5921717401843971,0,3.5,Normal,40-59,2.0,6.0,test
112399,78.0,19.0,28.0,437.0,22.4,0.6408962803199939,0,3.1,Normal,60+,2.0,6.0,proper_train
112403,46.0,36.0,34.0,205.0,28.5,1.3853739365658273,0,4.1,Overweight,40-59,1.0,1.0,test
112406,37.0,45.0,54.0,204.0,48.3,1.1106754961149214,1,10.4,Obese,18-39,1.0,3.0,proper_train
112408,42.0,20.0,18.0,200.0,19.3,0.9899494936611666,0,4.3,Normal,40-59,1.0,6.0,test
112410,73.0,31.0,18.0,258.0,39.1,2.0674194390505907,0,5.3,Obese,60+,2.0,4.0,test
112412,40.0,15.0,12.0,255.0,22.9,0.6792356108113246,0,2.9,Normal,40-59,2.0,2.0,proper_train
112415,47.0,21.0,26.0,359.0,37.4,0.5391828005052581,1,8.4,Obese,40-59,2.0,2.0,proper_train
112416,80.0,17.0,15.0,275.0,27.5,1.276910872931415,0,5.8,Overweight,60+,1.0,3.0,proper_train
112420,18.0,28.0,29.0,368.0,38.7,0.2543218761990058,0,5.3,Obese,18-39,2.0,6.0,test
112421,65.0,20.0,21.0,243.0,25.8,1.1674208119620992,0,3.7,Overweight,60+,1.0,6.0,test
112422,60.0,11.0,10.0,383.0,47.0,0.5449355759036894,0,5.4,Obese,60+,2.0,4.0,proper_train
112427,52.0,11.0,9.0,354.0,19.7,0.5386064030131826,0,6.0,Normal,40-59,2.0,3.0,test
112431,22.0,9.0,8.0,378.0,27.6,0.1851946331679053,0,4.6,Overweight,18-39,2.0,4.0,conformal_calibration
112432,33.0,21.0,20.0,196.0,40.2,0.7906097491874257,0,6.0,Obese,18-39,2.0,3.0,test
112433,57.0,26.0,22.0,282.0,23.4,1.1204378072305483,0,6.2,Normal,40-59,1.0,4.0,proper_train
112436,24.0,17.0,13.0,214.0,26.9,0.5287796263081623,0,4.6,Overweight,18-39,2.0,3.0,test
112444,57.0,20.0,16.0,324.0,41.7,0.8796296296296297,0,6.7,Obese,40-59,2.0,1.0,proper_train
112446,55.0,24.0,24.0,149.0,26.6,1.8083481322560375,0,5.1,Overweight,40-59,1.0,6.0,proper_train
112448,69.0,27.0,31.0,158.0,44.5,2.1177511245308964,1,17.8,Obese,60+,1.0,3.0,proper_train
112450,69.0,13.0,10.0,255.0,31.0,1.112377671047465,0,4.8,Obese,60+,2.0,4.0,conformal_calibration
112451,50.0,37.0,68.0,231.0,27.7,0.9711924379160519,0,5.8,Overweight,40-59,1.0,6.0,proper_train
112454,62.0,27.0,34.0,137.0,28.0,2.095537456412845,0,3.5,Overweight,60+,1.0,3.0,proper_train
112456,66.0,79.0,47.0,184.0,24.8,4.1333699221196865,1,25.9,Normal,60+,1.0,4.0,proper_train
112462,31.0,24.0,49.0,180.0,40.0,0.5904761904761905,0,5.6,Obese,18-39,1.0,7.0,test
112464,69.0,19.0,19.0,249.0,27.4,1.2078876590534395,0,3.9,Overweight,60+,2.0,4.0,proper_train
112466,29.0,26.0,50.0,205.0,37.9,0.5201546468435676,0,5.8,Obese,18-39,1.0,1.0,proper_train
112467,80.0,23.0,20.0,185.0,25.9,2.2239811235673583,0,5.8,Overweight,60+,1.0,3.0,conformal_calibration
112468,18.0,20.0,10.0,163.0,19.9,0.6984171519390285,0,5.9,Normal,18-39,1.0,3.0,proper_train
112469,45.0,23.0,22.0,257.0,30.5,0.8586098888251237,0,3.9,Obese,40-59,2.0,1.0,test
112475,73.0,19.0,15.0,231.0,44.5,1.5503110825944262,0,4.1,Obese,60+,2.0,3.0,proper_train
112479,18.0,18.0,11.0,238.0,20.3,0.4104608220302329,0,6.1,Normal,18-39,2.0,3.0,test
112480,30.0,20.0,30.0,265.0,29.0,0.41337551509823856,1,9.3,Overweight,18-39,1.0,2.0,proper_train
112486,79.0,22.0,28.0,176.0,34.0,1.8661995854830593,0,4.9,Obese,60+,1.0,3.0,test
112488,61.0,23.0,23.0,188.0,40.8,1.556094270862106,1,8.2,Obese,60+,1.0,4.0,proper_train
112494,56.0,18.0,10.0,251.0,26.8,1.269950550378377,0,6.0,Overweight,40-59,2.0,4.0,test
112499,57.0,22.0,21.0,168.0,21.7,1.628840680690086,0,3.7,Normal,40-59,1.0,6.0,proper_train
112501,55.0,19.0,23.0,296.0,41.8,0.7361404144920377,0,5.0,Obese,40-59,2.0,2.0,proper_train
112503,67.0,12.0,12.0,222.0,37.3,1.0454721090731063,0,3.7,Obese,60+,2.0,3.0,proper_train
112504,41.0,25.0,34.0,241.0,31.3,0.729402696145525,0,6.3,Obese,40-59,1.0,1.0,proper_train
112506,48.0,25.0,25.0,214.0,28.7,1.1214953271028036,0,5.8,Overweight,40-59,1.0,4.0,proper_train
112510,68.0,25.0,27.0,278.0,39.6,1.1768530666934818,0,6.1,Obese,60+,2.0,3.0,proper_train
112511,66.0,15.0,12.0,221.0,25.1,1.2931601051984831,0,5.4,Overweight,60+,1.0,7.0,proper_train
112512,55.0,16.0,18.0,231.0,28.3,0.8979133729352985,0,5.1,Overweight,40-59,2.0,1.0,test
112515,78.0,20.0,7.0,231.0,29.0,2.552487350192184,0,7.0,Overweight,60+,2.0,4.0,test
112516,55.0,28.0,31.0,171.0,35.1,1.6174980416446394,0,5.6,Obese,40-59,1.0,3.0,proper_train
112525,65.0,30.0,18.0,307.0,41.4,1.4971316214047425,0,6.0,Obese,60+,2.0,4.0,proper_train
112530,70.0,27.0,22.0,161.0,20.0,2.5027910180876005,0,6.7,Normal,60+,2.0,6.0,proper_train
112531,53.0,26.0,19.0,314.0,22.5,1.0067989849478793,0,3.9,Normal,40-59,2.0,6.0,proper_train
112534,41.0,25.0,61.0,345.0,36.5,0.3803994258875895,0,5.0,Obese,40-59,1.0,1.0,proper_train
112535,53.0,22.0,25.0,254.0,30.6,0.9181102362204724,0,5.3,Obese,40-59,1.0,4.0,test
112538,46.0,12.0,8.0,265.0,22.9,0.7364583834244797,0,4.2,Normal,40-59,2.0,3.0,proper_train
112543,55.0,17.0,18.0,146.0,30.3,1.5094631059575843,0,3.4,Obese,40-59,1.0,3.0,proper_train
112544,28.0,15.0,12.0,183.0,28.9,0.6625330957913738,0,3.9,Overweight,18-39,2.0,1.0,proper_train
112546,37.0,17.0,29.0,376.0,48.8,0.3106445949823554,1,10.7,Obese,18-39,2.0,3.0,proper_train
112547,19.0,26.0,33.0,399.0,32.0,0.21552471689753067,0,5.6,Obese,18-39,1.0,3.0,proper_train
112550,44.0,22.0,24.0,229.0,26.4,0.8628479152161996,0,3.7,Overweight,40-59,1.0,3.0,test
112551,23.0,25.0,14.0,246.0,22.9,0.6246959922749757,0,7.1,Normal,18-39,1.0,7.0,proper_train
112552,60.0,20.0,31.0,201.0,46.9,1.0722704598613428,0,6.4,Obese,60+,2.0,3.0,test
112553,37.0,17.0,16.0,294.0,30.1,0.5348639455782312,0,3.8,Obese,18-39,2.0,4.0,conformal_calibration
112556,29.0,23.0,36.0,343.0,27.5,0.3241010689990282,0,4.8,Overweight,18-39,2.0,4.0,conformal_calibration
112560,64.0,17.0,17.0,172.0,33.9,1.5341788374391296,1,22.1,Obese,60+,2.0,4.0,conformal_calibration
112562,49.0,19.0,17.0,274.0,49.9,0.8240900252146935,0,6.9,Obese,40-59,2.0,4.0,test
112563,44.0,16.0,13.0,226.0,31.5,0.8639578277490294,0,2.9,Obese,40-59,2.0,4.0,proper_train
112565,50.0,25.0,25.0,244.0,35.2,1.0245901639344261,1,8.4,Obese,40-59,2.0,2.0,proper_train
112566,48.0,15.0,14.0,380.0,28.2,0.5063897215182778,0,4.8,Overweight,40-59,2.0,6.0,conformal_calibration
112567,76.0,19.0,20.0,136.0,30.9,2.374178058463012,1,20.4,Obese,60+,1.0,3.0,test
112568,53.0,16.0,14.0,290.0,21.1,0.7815087349715031,0,4.0,Normal,40-59,1.0,6.0,proper_train
112569,46.0,17.0,14.0,249.0,28.7,0.8393505669699433,0,6.3,Overweight,40-59,2.0,1.0,proper_train
112571,47.0,18.0,10.0,305.0,19.2,0.8771432460663766,0,3.6,Normal,40-59,1.0,4.0,test
112574,64.0,17.0,17.0,231.0,31.6,1.1423322945434211,0,6.4,Obese,60+,1.0,2.0,conformal_calibration
112578,36.0,28.0,39.0,243.0,23.8,0.664235304672954,0,3.6,Normal,18-39,1.0,2.0,test
112579,24.0,16.0,16.0,332.0,30.8,0.2891566265060241,0,4.4,Obese,18-39,2.0,2.0,proper_train
112580,58.0,13.0,10.0,281.0,25.9,0.8485257493832591,0,3.6,Overweight,40-59,2.0,2.0,proper_train
112581,49.0,15.0,11.0,179.0,48.8,1.2380493757802027,1,8.9,Obese,40-59,2.0,4.0,conformal_calibration
112582,49.0,19.0,14.0,325.0,23.9,0.7656006652937449,0,5.2,Normal,40-59,2.0,4.0,proper_train
112583,60.0,21.0,26.0,345.0,27.3,0.7162502326785851,1,10.3,Overweight,60+,2.0,4.0,proper_train
112585,75.0,26.0,24.0,171.0,32.6,2.3277314807150087,0,5.0,Obese,60+,1.0,7.0,test
112586,46.0,16.0,15.0,316.0,21.5,0.6013746292845271,0,2.4,Normal,40-59,2.0,6.0,proper_train
112587,21.0,14.0,12.0,214.0,19.3,0.3965910727610981,0,2.7,Normal,18-39,2.0,6.0,proper_train
112589,75.0,23.0,21.0,204.0,31.0,1.8452248071425827,0,6.4,Obese,60+,1.0,4.0,proper_train
112590,43.0,20.0,25.0,289.0,33.9,0.5951557093425606,0,4.2,Obese,40-59,2.0,4.0,proper_train
112594,56.0,31.0,40.0,259.0,38.1,1.0597903509753486,0,7.6,Obese,40-59,2.0,3.0,conformal_calibration
112596,69.0,22.0,23.0,254.0,25.1,1.2461609470025177,0,6.5,Overweight,60+,2.0,1.0,proper_train
112599,18.0,19.0,12.0,293.0,23.2,0.33695186358848467,0,4.5,Normal,18-39,2.0,3.0,proper_train
112600,62.0,18.0,16.0,212.0,35.7,1.3160377358490567,0,4.1,Obese,60+,2.0,3.0,proper_train
112605,35.0,16.0,5.0,362.0,29.3,0.6918221366850177,0,3.8,Overweight,18-39,2.0,2.0,conformal_calibration
112606,48.0,20.0,26.0,203.0,30.0,0.9274457622298359,0,5.8,Obese,40-59,2.0,3.0,proper_train
112608,44.0,13.0,14.0,325.0,42.2,0.4703797857658669,0,4.2,Obese,40-59,2.0,4.0,test
112609,62.0,14.0,12.0,342.0,36.5,0.7326608679189988,0,5.7,Obese,60+,2.0,6.0,proper_train
112610,49.0,15.0,15.0,225.0,35.8,0.8434497065073929,0,5.5,Obese,40-59,1.0,3.0,proper_train
112617,35.0,24.0,17.0,231.0,26.0,0.8819477274048472,0,6.5,Overweight,18-39,1.0,7.0,conformal_calibration
112620,56.0,25.0,28.0,256.0,44.6,1.0334966058846056,0,7.7,Obese,40-59,2.0,1.0,test
112621,62.0,20.0,20.0,230.0,29.5,1.20553230091293,0,5.8,Overweight,60+,2.0,4.0,proper_train
112622,43.0,12.0,16.0,212.0,30.8,0.6084905660377359,0,6.5,Obese,40-59,2.0,2.0,test
112630,33.0,21.0,35.0,295.0,30.4,0.3970792532385505,0,5.7,Obese,18-39,1.0,3.0,test
112631,18.0,35.0,46.0,211.0,19.7,0.44022953733452697,0,3.7,Normal,18-39,1.0,1.0,test
112632,19.0,18.0,30.0,286.0,44.4,0.21832297746709417,1,25.4,Obese,18-39,2.0,3.0,proper_train
112634,42.0,55.0,126.0,212.0,34.2,0.9707130012856923,0,6.1,Obese,40-59,1.0,6.0,test
112637,57.0,24.0,33.0,289.0,36.3,0.8240077278456562,0,7.3,Obese,40-59,1.0,2.0,test
112639,79.0,15.0,16.0,220.0,28.5,1.3465909090909092,0,6.2,Overweight,60+,2.0,3.0,proper_train
112643,35.0,13.0,8.0,274.0,24.1,0.5871050829194875,0,3.4,Normal,18-39,2.0,3.0,proper_train
112645,19.0,10.0,7.0,278.0,30.2,0.2583210427041481,0,4.9,Obese,18-39,2.0,3.0,proper_train
112646,70.0,12.0,9.0,368.0,27.9,0.7608695652173914,0,5.1,Overweight,60+,1.0,3.0,test
112648,33.0,24.0,27.0,212.0,35.8,0.718964486160666,0,5.5,Obese,18-39,1.0,2.0,conformal_calibration
112650,43.0,15.0,22.0,278.0,39.5,0.4946563383070818,0,3.6,Obese,40-59,2.0,7.0,test
112659,32.0,18.0,15.0,313.0,23.9,0.47515195046122943,0,4.9,Normal,18-39,1.0,4.0,proper_train
112660,43.0,17.0,19.0,323.0,32.5,0.5192040292860082,0,6.6,Obese,40-59,1.0,1.0,proper_train
112661,45.0,16.0,18.0,416.0,27.4,0.4079462199153159,0,4.9,Overweight,40-59,2.0,3.0,proper_train
112664,45.0,18.0,12.0,248.0,21.4,0.9428502379911228,0,3.8,Normal,40-59,2.0,6.0,proper_train
112666,36.0,21.0,19.0,379.0,23.8,0.457620830623073,0,4.1,Normal,18-39,2.0,2.0,proper_train
112667,56.0,20.0,32.0,217.0,28.8,0.9123958466923193,0,4.7,Overweight,40-59,1.0,4.0,proper_train
112670,68.0,20.0,20.0,266.0,20.0,1.1432528005262081,0,3.4,Normal,60+,2.0,6.0,proper_train
112673,24.0,20.0,28.0,335.0,41.2,0.2707805179767598,0,4.0,Obese,18-39,1.0,1.0,proper_train
112675,47.0,18.0,22.0,232.0,42.1,0.7774474398139932,0,7.1,Obese,40-59,1.0,3.0,proper_train
112677,23.0,33.0,39.0,271.0,38.8,0.44847700641350974,0,5.5,Obese,18-39,1.0,7.0,proper_train
112680,67.0,14.0,18.0,233.0,26.8,0.948878627686669,0,6.4,Overweight,60+,1.0,3.0,conformal_calibration
112681,71.0,34.0,44.0,400.0,20.8,0.9098104822634017,0,4.0,Normal,60+,1.0,4.0,proper_train
112683,33.0,24.0,17.0,219.0,22.4,0.8771151371176973,0,4.4,Normal,18-39,1.0,3.0,test
112684,39.0,19.0,24.0,233.0,31.4,0.6491673459951127,0,6.3,Obese,18-39,2.0,6.0,proper_train
112685,48.0,16.0,13.0,349.0,34.5,0.6103291557320573,0,2.4,Obese,40-59,2.0,6.0,proper_train
112692,56.0,23.0,15.0,180.0,23.3,1.8475564999685752,0,8.0,Normal,40-59,1.0,4.0,conformal_calibration
112693,20.0,19.0,30.0,277.0,28.8,0.2504627820119893,0,6.1,Overweight,18-39,1.0,1.0,proper_train
112697,21.0,28.0,30.0,240.0,28.3,0.44730675529588565,0,3.1,Overweight,18-39,1.0,3.0,proper_train
112699,80.0,26.0,22.0,156.0,29.4,2.8426762180748053,0,4.3,Overweight,60+,1.0,3.0,proper_train
112702,25.0,16.0,15.0,270.0,21.2,0.38251687369949794,0,3.5,Normal,18-39,2.0,3.0,proper_train
112703,52.0,12.0,9.0,206.0,28.1,1.0097087378640777,0,4.8,Overweight,40-59,1.0,4.0,proper_train
112704,73.0,15.0,7.0,236.0,24.3,1.7536910929877279,0,6.1,Normal,60+,1.0,3.0,test
112706,37.0,15.0,12.0,169.0,21.8,0.94801597455693,0,3.6,Normal,18-39,2.0,3.0,proper_train
112707,57.0,16.0,20.0,239.0,24.9,0.8532610859748151,0,4.5,Normal,40-59,1.0,7.0,proper_train
112709,24.0,23.0,16.0,239.0,17.2,0.5774058577405857,0,4.8,Underweight,18-39,1.0,3.0,proper_train
112710,80.0,14.0,12.0,281.0,34.5,1.150591283794272,0,5.5,Obese,60+,2.0,4.0,proper_train
112711,72.0,10.0,10.0,370.0,31.8,0.6153621392760089,1,10.2,Obese,60+,2.0,2.0,test
112712,61.0,18.0,16.0,224.0,25.6,1.2254464285714286,0,4.1,Overweight,60+,1.0,4.0,proper_train
112713,78.0,21.0,16.0,201.0,20.1,2.037313432835821,0,4.9,Normal,60+,1.0,6.0,proper_train
112716,33.0,11.0,8.0,314.0,51.1,0.40872573498521775,0,5.1,Obese,18-39,2.0,4.0,proper_train
112718,59.0,60.0,82.0,193.0,32.0,2.0255316181603975,1,15.1,Obese,40-59,1.0,3.0,test
112720,29.0,18.0,15.0,207.0,39.1,0.6511102437102324,0,4.9,Obese,18-39,2.0,4.0,proper_train
112724,19.0,13.0,10.0,191.0,30.9,0.40894376024166995,0,4.4,Obese,18-39,2.0,3.0,proper_train
112725,58.0,29.0,34.0,251.0,30.1,1.1492454988434258,0,4.6,Obese,40-59,2.0,1.0,proper_train
112726,59.0,28.0,24.0,253.0,26.6,1.332858055032217,0,6.2,Overweight,40-59,1.0,4.0,proper_train
112729,26.0,25.0,37.0,236.0,24.0,0.4527938209681451,0,4.2,Normal,18-39,1.0,6.0,conformal_calibration
112731,55.0,14.0,11.0,277.0,25.7,0.8381362286096679,0,4.5,Overweight,40-59,2.0,1.0,proper_train
112736,63.0,24.0,22.0,209.0,37.0,1.5423898714338897,0,7.6,Obese,60+,1.0,2.0,proper_train
112738,76.0,19.0,14.0,211.0,28.5,1.8290295418082503,0,5.3,Overweight,60+,1.0,3.0,conformal_calibration
112739,57.0,38.0,47.0,269.0,26.8,1.1745114185295153,0,5.4,Overweight,40-59,2.0,4.0,conformal_calibration
112740,48.0,12.0,9.0,296.0,44.9,0.6486486486486487,0,3.0,Obese,40-59,2.0,3.0,test
112744,45.0,19.0,16.0,250.0,24.1,0.855,0,4.3,Normal,40-59,1.0,3.0,proper_train
112747,66.0,21.0,26.0,216.0,22.8,1.2584118671366809,0,5.1,Normal,60+,1.0,6.0,proper_train
112749,55.0,35.0,35.0,195.0,40.8,1.6686378875409174,1,9.2,Obese,40-59,1.0,4.0,proper_train
112751,20.0,20.0,16.0,226.0,21.7,0.4424778761061947,1,9.4,Normal,18-39,1.0,3.0,proper_train
112752,47.0,42.0,46.0,263.0,29.8,1.106655594866034,0,5.8,Overweight,40-59,1.0,6.0,conformal_calibration
112760,24.0,19.0,15.0,147.0,25.7,0.8009434947258876,0,4.5,Overweight,18-39,1.0,2.0,test
112764,60.0,28.0,34.0,235.0,29.6,1.226032438465595,0,3.9,Overweight,60+,1.0,6.0,proper_train
112767,63.0,15.0,10.0,251.0,24.7,1.1905786409797285,0,3.9,Normal,60+,2.0,2.0,test
112769,42.0,18.0,19.0,190.0,25.6,0.9128331305586561,0,4.7,Overweight,40-59,1.0,3.0,conformal_calibration
112770,72.0,22.0,17.0,277.0,28.5,1.3869185200633625,0,5.4,Overweight,60+,1.0,3.0,proper_train
112772,23.0,19.0,19.0,290.0,33.0,0.345705778280812,0,6.1,Obese,18-39,1.0,3.0,proper_train
112773,42.0,18.0,14.0,325.0,29.8,0.6216907658024394,0,5.2,Overweight,40-59,2.0,1.0,test
112775,61.0,11.0,15.0,167.0,37.6,1.037433862397276,1,15.7,Obese,60+,1.0,2.0,test
112777,28.0,21.0,15.0,283.0,28.1,0.536469777990568,0,4.7,Overweight,18-39,1.0,2.0,proper_train
112781,80.0,11.0,10.0,260.0,24.4,1.0703093619031439,0,4.4,Normal,60+,2.0,3.0,proper_train
112783,55.0,28.0,50.0,188.0,31.0,1.1584515351354077,0,5.9,Obese,40-59,1.0,2.0,conformal_calibration
112787,42.0,29.0,40.0,227.0,35.8,0.8483819801949528,1,11.0,Obese,40-59,1.0,1.0,proper_train
112789,27.0,21.0,22.0,159.0,34.2,0.760281799834158,0,5.2,Obese,18-39,1.0,4.0,proper_train
112790,44.0,21.0,22.0,210.0,26.6,0.9380831519646858,0,5.0,Overweight,40-59,1.0,2.0,conformal_calibration
112792,45.0,22.0,13.0,178.0,21.8,1.5425651524240922,0,4.4,Normal,40-59,1.0,3.0,proper_train
112793,19.0,14.0,7.0,240.0,27.4,0.4189106242518935,0,5.0,Overweight,18-39,2.0,4.0,conformal_calibration
112797,48.0,14.0,13.0,272.0,26.9,0.6852178894546949,0,2.6,Overweight,40-59,2.0,4.0,test
112798,44.0,31.0,52.0,185.0,34.5,1.0224473887178547,0,6.1,Obese,40-59,1.0,4.0,conformal_calibration
112800,28.0,34.0,39.0,199.0,24.3,0.7660402131781053,0,4.1,Normal,18-39,1.0,4.0,proper_train
112802,71.0,12.0,12.0,190.0,36.8,1.2944800772356873,1,16.0,Obese,60+,1.0,3.0,proper_train
112803,33.0,24.0,40.0,215.0,30.1,0.582447420198455,0,6.3,Obese,18-39,1.0,3.0,proper_train
112805,78.0,16.0,20.0,362.0,17.0,0.770887523734734,0,3.7,Underweight,60+,2.0,6.0,proper_train
112817,20.0,15.0,10.0,264.0,20.3,0.35934973411004306,0,4.6,Normal,18-39,2.0,3.0,test
112818,67.0,20.0,15.0,273.0,22.3,1.2673498617626224,0,2.9,Normal,60+,2.0,6.0,conformal_calibration
112820,59.0,34.0,37.0,192.0,31.1,1.7176269194507643,0,6.4,Obese,40-59,1.0,3.0,test
112823,80.0,15.0,16.0,120.0,32.3,2.5,0,8.0,Obese,60+,1.0,3.0,proper_train
112824,64.0,16.0,6.0,308.0,35.1,1.3572930176460902,0,5.8,Obese,60+,2.0,3.0,proper_train
112826,22.0,17.0,14.0,251.0,23.9,0.39822989830775585,0,5.4,Normal,18-39,1.0,4.0,test
112828,64.0,20.0,18.0,220.0,27.3,1.3713586059375469,0,5.5,Overweight,60+,1.0,6.0,proper_train
112834,45.0,15.0,22.0,275.0,44.8,0.5233108492364984,0,4.5,Obese,40-59,2.0,3.0,proper_train
112835,63.0,19.0,23.0,394.0,32.9,0.6334816081886256,0,5.1,Obese,60+,1.0,3.0,test
112839,28.0,17.0,14.0,203.0,18.4,0.6266815327601675,0,5.1,Underweight,18-39,2.0,3.0,proper_train
112840,54.0,30.0,17.0,115.0,29.4,3.416588804859647,0,4.5,Overweight,40-59,2.0,4.0,proper_train
112842,73.0,15.0,11.0,347.0,20.5,0.951455107529254,0,5.3,Normal,60+,2.0,3.0,proper_train
112844,71.0,195.0,208.0,151.0,20.0,6.357470378094618,0,5.6,Normal,60+,1.0,4.0,test
112845,41.0,18.0,18.0,253.0,26.1,0.6875425619442321,0,5.3,Overweight,40-59,1.0,3.0,proper_train
112847,23.0,10.0,9.0,367.0,30.8,0.2089009990917348,0,4.6,Obese,18-39,2.0,3.0,proper_train
112849,32.0,19.0,21.0,227.0,24.5,0.5844778734074157,0,2.7,Normal,18-39,2.0,4.0,conformal_calibration
112850,53.0,18.0,19.0,180.0,24.6,1.2159033895139773,0,2.9,Normal,40-59,1.0,3.0,proper_train
112851,73.0,19.0,15.0,225.0,26.3,1.591652711463611,0,4.4,Overweight,60+,1.0,3.0,proper_train
112852,80.0,12.0,10.0,192.0,32.9,1.5811388300841895,0,5.9,Obese,60+,2.0,3.0,proper_train
112853,62.0,45.0,40.0,277.0,27.2,1.5925549949223425,1,8.5,Overweight,60+,1.0,2.0,test
112855,57.0,14.0,14.0,199.0,27.3,1.0717310102819833,0,6.6,Overweight,40-59,1.0,6.0,conformal_calibration
112859,41.0,71.0,134.0,350.0,33.5,0.7184917105335255,0,5.7,Obese,40-59,1.0,3.0,test
112860,80.0,15.0,9.0,251.0,22.5,1.593625498007968,0,4.7,Normal,60+,2.0,3.0,proper_train
112861,48.0,19.0,18.0,193.0,30.5,1.1137847745114533,0,5.4,Obese,40-59,1.0,3.0,proper_train
112863,28.0,23.0,61.0,273.0,29.9,0.3020357167647803,0,3.7,Overweight,18-39,1.0,7.0,test
112864,28.0,12.0,9.0,146.0,24.1,0.7671232876712328,0,6.1,Normal,18-39,2.0,1.0,proper_train
112866,62.0,26.0,24.0,224.0,43.2,1.4689648308655072,0,4.1,Obese,60+,2.0,4.0,proper_train
112869,24.0,15.0,17.0,267.0,32.0,0.32701432589168494,0,3.9,Obese,18-39,2.0,3.0,test
112874,57.0,15.0,25.0,265.0,34.0,0.6452830188679245,0,4.1,Obese,40-59,1.0,4.0,proper_train
112877,37.0,17.0,13.0,367.0,32.5,0.47534935071617046,0,3.9,Obese,18-39,2.0,4.0,proper_train
112882,26.0,20.0,16.0,238.0,20.7,0.5462184873949579,0,4.0,Normal,18-39,2.0,3.0,proper_train
112883,51.0,19.0,32.0,217.0,32.3,0.7893853352186226,0,4.8,Obese,40-59,1.0,3.0,proper_train
112884,27.0,22.0,20.0,342.0,40.8,0.38836970135522664,0,2.8,Obese,18-39,2.0,4.0,proper_train
112886,52.0,20.0,24.0,279.0,28.0,0.7608928711154437,0,4.6,Overweight,40-59,1.0,6.0,conformal_calibration
112889,45.0,9.0,13.0,189.0,48.5,0.5943216388127456,1,8.5,Obese,40-59,1.0,7.0,test
112890,19.0,36.0,53.0,225.0,26.6,0.41757611440401465,0,4.1,Overweight,18-39,1.0,1.0,conformal_calibration
112897,70.0,16.0,10.0,135.0,24.2,2.6235192439915442,0,3.7,Normal,60+,2.0,4.0,proper_train
112899,18.0,16.0,12.0,274.0,25.4,0.3034249589901683,0,4.5,Overweight,18-39,2.0,1.0,test
112901,61.0,24.0,31.0,216.0,43.2,1.217324824848141,0,5.7,Obese,60+,2.0,3.0,conformal_calibration
112902,35.0,16.0,13.0,327.0,35.9,0.4749726450858231,0,5.4,Obese,18-39,2.0,3.0,test
112906,29.0,16.0,18.0,189.0,24.3,0.5786552847805257,0,4.1,Normal,18-39,1.0,3.0,conformal_calibration
112907,49.0,30.0,65.0,201.0,30.1,0.907119700727047,0,5.0,Obese,40-59,1.0,3.0,proper_train
112908,77.0,18.0,21.0,146.0,32.2,2.0715753141581192,0,4.7,Obese,60+,1.0,3.0,proper_train
112910,53.0,17.0,20.0,371.0,29.6,0.5430450802499489,0,4.6,Overweight,40-59,2.0,2.0,conformal_calibration
112913,64.0,27.0,49.0,194.0,29.7,1.272459499263623,1,12.0,Overweight,60+,2.0,6.0,proper_train
112915,46.0,12.0,25.0,188.0,33.8,0.5872340425531914,0,5.7,Obese,40-59,1.0,1.0,test
112919,61.0,113.0,53.0,100.0,23.3,9.468263672983134,1,11.8,Normal,60+,2.0,4.0,conformal_calibration
112921,80.0,18.0,12.0,207.0,22.3,2.0081748493552203,0,6.2,Normal,60+,2.0,3.0,proper_train
112924,31.0,22.0,32.0,252.0,56.0,0.47841946901708865,0,5.9,Obese,18-39,1.0,2.0,proper_train
112926,67.0,21.0,17.0,183.0,31.5,1.8647411170826256,0,6.1,Obese,60+,1.0,3.0,conformal_calibration
112927,64.0,21.0,13.0,294.0,29.2,1.2678861628005236,0,3.3,Overweight,60+,2.0,4.0,proper_train
112929,48.0,13.0,18.0,388.0,47.8,0.3790675528010358,1,9.3,Obese,40-59,2.0,4.0,test
112931,42.0,25.0,11.0,161.0,26.8,1.966378334202806,0,5.1,Overweight,40-59,2.0,4.0,proper_train
112937,50.0,23.0,17.0,393.0,26.5,0.7097098442539005,0,3.4,Overweight,40-59,1.0,3.0,proper_train
112938,64.0,11.0,12.0,242.0,29.9,0.8397822097303648,0,7.3,Overweight,60+,2.0,3.0,proper_train
112939,63.0,17.0,16.0,195.0,30.6,1.373076923076923,0,4.6,Obese,60+,2.0,1.0,proper_train
112940,46.0,19.0,17.0,167.0,25.1,1.2693181813278744,0,4.9,Overweight,40-59,1.0,6.0,proper_train
112942,39.0,24.0,22.0,166.0,22.8,1.2021437982460925,0,6.1,Normal,18-39,1.0,2.0,conformal_calibration
112944,60.0,24.0,31.0,231.0,29.7,1.1196174671798955,0,4.0,Overweight,60+,1.0,4.0,conformal_calibration
112948,30.0,21.0,18.0,223.0,26.0,0.665885309637556,0,4.4,Overweight,18-39,1.0,6.0,proper_train
112949,47.0,14.0,13.0,301.0,40.6,0.6063002144787388,0,4.1,Obese,40-59,2.0,1.0,conformal_calibration
112951,62.0,33.0,52.0,181.0,42.4,1.5675643666806889,0,6.7,Obese,60+,1.0,3.0,proper_train
112953,64.0,12.0,10.0,270.0,20.4,0.8994923122256723,0,5.6,Normal,60+,1.0,3.0,conformal_calibration
112955,54.0,13.0,11.0,264.0,30.8,0.8017460753545078,0,5.4,Obese,40-59,2.0,1.0,test
112956,19.0,21.0,13.0,225.0,20.4,0.4918341739863698,0,5.2,Normal,18-39,1.0,7.0,conformal_calibration
112957,51.0,15.0,20.0,280.0,33.9,0.6109257152811924,0,6.5,Obese,40-59,2.0,1.0,proper_train
112958,31.0,15.0,9.0,282.0,28.8,0.549645390070922,0,5.3,Overweight,18-39,2.0,4.0,proper_train
112960,38.0,13.0,11.0,346.0,29.3,0.43048151509079546,0,5.8,Overweight,18-39,2.0,1.0,proper_train
112962,24.0,12.0,11.0,267.0,22.6,0.32522571999399225,0,5.2,Normal,18-39,2.0,2.0,test
112965,30.0,13.0,8.0,321.0,20.6,0.42955084838435126,0,7.7,Normal,18-39,2.0,4.0,proper_train
112966,35.0,24.0,50.0,242.0,27.6,0.4908840464435536,0,4.5,Overweight,18-39,1.0,1.0,proper_train
112967,53.0,21.0,17.0,331.0,50.9,0.8155351983850109,0,5.9,Obese,40-59,2.0,4.0,test
112968,52.0,26.0,39.0,227.0,18.8,0.9537148191386687,0,3.8,Normal,40-59,2.0,2.0,test
112970,53.0,30.0,27.0,229.0,18.6,1.3362255138449852,0,4.0,Normal,40-59,1.0,7.0,proper_train
112972,26.0,13.0,10.0,225.0,42.6,0.47504437739418315,0,3.9,Obese,18-39,2.0,4.0,test
112974,68.0,14.0,9.0,261.0,62.1,1.2158365261813537,0,6.6,Obese,60+,2.0,4.0,test
112977,80.0,21.0,13.0,229.0,28.4,2.034708143358919,0,4.7,Overweight,60+,1.0,3.0,test
112978,75.0,22.0,16.0,263.0,43.7,1.5684410646387832,1,22.8,Obese,60+,2.0,3.0,test
112981,36.0,21.0,15.0,377.0,20.6,0.5177675348775963,0,2.8,Normal,18-39,2.0,3.0,proper_train
112983,28.0,15.0,15.0,334.0,34.5,0.3246812386042146,0,4.9,Obese,18-39,2.0,3.0,test
112986,22.0,18.0,21.0,303.0,27.5,0.2851956585262475,0,5.1,Overweight,18-39,1.0,4.0,proper_train
112987,47.0,17.0,21.0,163.0,25.0,1.069669290175202,0,4.9,Overweight,40-59,1.0,6.0,proper_train
112988,51.0,13.0,15.0,223.0,24.7,0.7676496139119633,0,6.5,Normal,40-59,1.0,3.0,proper_train
112990,60.0,16.0,20.0,219.0,24.8,0.980194181917716,0,3.3,Normal,60+,1.0,3.0,proper_train
112991,18.0,13.0,16.0,221.0,22.2,0.2647058823529412,0,3.5,Normal,18-39,1.0,3.0,proper_train
112992,80.0,20.0,22.0,164.0,29.5,2.0800069888352235,0,3.8,Overweight,60+,1.0,3.0,proper_train
112994,63.0,25.0,17.0,211.0,39.4,1.8103962532332911,1,9.4,Obese,60+,2.0,4.0,proper_train
112997,33.0,26.0,41.0,248.0,32.3,0.5403108375017097,0,3.9,Obese,18-39,1.0,6.0,proper_train
112999,69.0,22.0,18.0,455.0,24.3,0.7863649039129518,0,4.4,Normal,60+,1.0,3.0,proper_train
113000,79.0,20.0,10.0,279.0,27.5,1.7908239079089747,0,6.5,Overweight,60+,1.0,3.0,test
113001,51.0,24.0,21.0,241.0,19.0,1.108293351240061,0,4.4,Normal,40-59,2.0,1.0,proper_train
113007,62.0,16.0,17.0,231.0,29.1,1.0415382685542958,0,5.3,Overweight,60+,1.0,6.0,test
113008,75.0,17.0,12.0,244.0,22.9,1.5084458877392888,0,5.5,Normal,60+,1.0,4.0,proper_train
113009,44.0,16.0,14.0,374.0,35.6,0.5030799847763283,0,4.9,Obese,40-59,2.0,6.0,proper_train
113010,53.0,28.0,34.0,345.0,36.5,0.7376924647869075,0,7.3,Obese,40-59,1.0,3.0,conformal_calibration
113013,73.0,20.0,22.0,178.0,34.2,1.7487249768493889,0,4.4,Obese,60+,2.0,2.0,proper_train
113014,60.0,18.0,15.0,277.0,40.6,1.0066960322271985,0,3.2,Obese,60+,2.0,4.0,test
113020,71.0,17.0,21.0,227.0,31.4,1.1603039361887348,0,5.1,Obese,60+,2.0,4.0,proper_train
113023,38.0,13.0,12.0,266.0,32.8,0.5361109642475096,0,5.4,Obese,18-39,2.0,6.0,proper_train
113026,53.0,46.0,62.0,224.0,25.7,1.3822603108324305,0,8.1,Overweight,40-59,1.0,6.0,proper_train
113027,24.0,19.0,10.0,280.0,20.4,0.5149995046559932,0,4.3,Normal,18-39,2.0,3.0,proper_train
113030,44.0,17.0,13.0,200.0,26.4,1.0372893669411785,0,4.9,Overweight,40-59,2.0,6.0,proper_train
113032,19.0,18.0,28.0,330.0,45.3,0.1958543178320541,0,6.7,Obese,18-39,1.0,1.0,proper_train
113033,28.0,13.0,13.0,261.0,44.1,0.38680243568196054,0,5.4,Obese,18-39,2.0,7.0,proper_train
113037,54.0,15.0,16.0,294.0,36.1,0.6887755102040817,0,3.1,Obese,40-59,2.0,3.0,test
113038,65.0,18.0,11.0,393.0,25.0,0.8976291937811284,0,6.2,Overweight,60+,1.0,4.0,proper_train
113045,21.0,20.0,25.0,227.0,21.9,0.3700440528634361,0,4.9,Normal,18-39,1.0,2.0,proper_train
113047,80.0,28.0,18.0,292.0,21.3,1.8081269290614914,0,4.3,Normal,60+,1.0,3.0,proper_train
113049,58.0,18.0,31.0,154.0,28.9,1.2175839955581365,0,5.0,Overweight,40-59,2.0,1.0,proper_train
113052,18.0,31.0,26.0,206.0,31.3,0.5312272010053724,0,6.5,Obese,18-39,1.0,4.0,test
113055,27.0,20.0,30.0,360.0,43.4,0.27386127875258304,0,4.2,Obese,18-39,2.0,1.0,proper_train
113056,19.0,14.0,10.0,231.0,38.5,0.36414106389817696,0,3.3,Obese,18-39,2.0,4.0,proper_train
113057,56.0,24.0,31.0,285.0,47.6,0.8469807927157386,1,15.8,Obese,40-59,2.0,4.0,proper_train
113058,18.0,17.0,12.0,216.0,20.6,0.40895644067598497,0,5.6,Normal,18-39,1.0,6.0,proper_train
113059,32.0,15.0,8.0,160.0,22.3,1.0606601717798212,0,3.4,Normal,18-39,2.0,6.0,proper_train
113060,35.0,121.0,135.0,161.0,29.1,2.2639178014062677,0,6.8,Overweight,18-39,1.0,1.0,proper_train
113061,33.0,15.0,12.0,264.0,27.4,0.5412658773652742,0,3.8,Overweight,18-39,2.0,6.0,proper_train
113063,57.0,19.0,14.0,236.0,20.9,1.2264573092845577,0,3.8,Normal,40-59,2.0,2.0,test
113064,68.0,31.0,27.0,200.0,25.0,2.028423945752885,0,5.3,Overweight,60+,1.0,4.0,test
113066,23.0,16.0,10.0,251.0,23.5,0.46363274061432813,0,3.8,Normal,18-39,2.0,2.0,proper_train
113068,25.0,14.0,7.0,276.0,32.5,0.47930277374358526,0,4.0,Obese,18-39,2.0,4.0,test
113078,32.0,18.0,19.0,246.0,27.0,0.5371685475993642,0,3.9,Overweight,18-39,2.0,3.0,test
113083,43.0,17.0,9.0,270.0,42.1,0.9024691358024691,1,13.9,Obese,40-59,2.0,1.0,test
113087,55.0,18.0,14.0,243.0,35.4,1.0888420966802475,0,7.0,Obese,40-59,2.0,3.0,proper_train
113088,78.0,22.0,19.0,193.0,27.4,2.0397792710978444,0,5.7,Overweight,60+,1.0,4.0,test
113091,47.0,20.0,12.0,245.0,24.9,1.1075699041596903,0,4.2,Normal,40-59,2.0,1.0,test
113092,44.0,15.0,11.0,356.0,37.0,0.5589817062396741,1,9.1,Obese,40-59,2.0,2.0,proper_train
113093,57.0,19.0,18.0,264.0,31.9,0.9669149545770593,0,7.3,Obese,40-59,2.0,7.0,conformal_calibration
113094,78.0,25.0,25.0,239.0,24.4,1.6317991631799162,0,3.5,Normal,60+,2.0,6.0,test
113098,42.0,16.0,18.0,286.0,23.9,0.5538178985517016,0,3.3,Normal,40-59,1.0,3.0,proper_train
113101,47.0,22.0,34.0,219.0,23.7,0.8097239134125759,0,5.4,Normal,40-59,1.0,6.0,proper_train
113104,57.0,20.0,23.0,296.0,28.2,0.8030622703549503,0,4.0,Overweight,40-59,2.0,3.0,test
113109,57.0,18.0,25.0,297.0,28.5,0.6909090909090909,0,4.3,Overweight,40-59,2.0,6.0,proper_train
113110,39.0,24.0,27.0,246.0,32.2,0.7322491218990376,0,6.4,Obese,18-39,1.0,2.0,test
113111,57.0,20.0,22.0,270.0,32.4,0.9001808023903551,0,4.1,Obese,40-59,1.0,6.0,proper_train
113113,41.0,26.0,20.0,153.0,29.2,1.5579401725586768,0,2.0,Overweight,40-59,2.0,6.0,proper_train
113116,68.0,15.0,17.0,316.0,37.9,0.7828681567628469,0,7.9,Obese,60+,1.0,4.0,proper_train
113117,48.0,14.0,15.0,343.0,32.4,0.5058590493005606,0,5.9,Obese,40-59,2.0,7.0,test
113119,52.0,28.0,19.0,197.0,31.9,1.695580246271766,0,4.5,Obese,40-59,1.0,3.0,proper_train
113120,48.0,62.0,43.0,199.0,25.4,2.2805816347227714,1,35.7,Overweight,40-59,1.0,4.0,proper_train
113122,54.0,17.0,26.0,257.0,27.5,0.700523782322385,0,5.4,Overweight,40-59,2.0,2.0,proper_train
113123,33.0,17.0,12.0,335.0,24.0,0.4834231358438509,0,5.2,Normal,18-39,2.0,3.0,proper_train
113125,44.0,13.0,7.0,398.0,30.9,0.5432052225157737,0,6.6,Obese,40-59,2.0,7.0,proper_train
113126,55.0,28.0,27.0,202.0,23.2,1.4671937533861776,0,4.1,Normal,40-59,2.0,3.0,proper_train
113127,62.0,18.0,16.0,181.0,33.3,1.5414364640883977,0,5.2,Obese,60+,2.0,1.0,test
113128,72.0,35.0,28.0,155.0,22.7,3.0724853934943632,0,3.6,Normal,60+,1.0,3.0,proper_train
113129,79.0,19.0,14.0,165.0,24.4,2.431267418851812,0,5.4,Normal,60+,1.0,3.0,proper_train
113131,66.0,18.0,13.0,328.0,36.5,1.0045485260908114,0,5.2,Obese,60+,2.0,1.0,proper_train
113136,52.0,23.0,27.0,231.0,37.1,0.9964082567832503,0,6.5,Obese,40-59,2.0,3.0,proper_train
113141,28.0,34.0,53.0,202.0,27.9,0.647362657817584,0,4.6,Overweight,18-39,1.0,4.0,test
113142,46.0,12.0,14.0,361.0,30.3,0.40866538929545226,0,4.6,Obese,40-59,2.0,1.0,test
113144,33.0,78.0,203.0,490.0,36.7,0.3686926191690647,0,7.1,Obese,18-39,1.0,2.0,proper_train
113145,80.0,15.0,13.0,256.0,26.5,1.3000785849028809,0,3.8,Overweight,60+,2.0,6.0,conformal_calibration
113151,41.0,23.0,20.0,274.0,33.7,0.7695664608694531,0,5.6,Obese,40-59,1.0,1.0,conformal_calibration
113152,65.0,24.0,22.0,209.0,23.5,1.5913546292571878,0,4.4,Normal,60+,2.0,3.0,proper_train
113153,25.0,19.0,23.0,224.0,20.9,0.4421622619513863,0,5.4,Normal,18-39,1.0,3.0,proper_train
113154,30.0,17.0,19.0,217.0,24.6,0.539179835363993,0,4.5,Normal,18-39,1.0,3.0,test
113155,54.0,17.0,22.0,443.0,41.7,0.44180193592426725,0,4.5,Obese,40-59,2.0,3.0,test
113158,48.0,12.0,13.0,352.0,26.9,0.4538456150933693,0,4.1,Overweight,40-59,1.0,3.0,test
113161,46.0,24.0,46.0,318.0,42.2,0.5118739609905862,1,14.0,Obese,40-59,1.0,3.0,proper_train
113162,69.0,15.0,15.0,409.0,38.5,0.6533883884799798,0,4.3,Obese,60+,2.0,4.0,proper_train
113163,72.0,20.0,25.0,216.0,29.8,1.3333333333333333,0,3.9,Overweight,60+,2.0,2.0,test
113166,54.0,34.0,54.0,153.0,31.0,1.632993161855452,0,5.9,Obese,40-59,1.0,1.0,conformal_calibration
113169,27.0,38.0,69.0,250.0,30.5,0.4940635410639968,0,5.9,Obese,18-39,2.0,3.0,conformal_calibration
113175,71.0,28.0,30.0,166.0,28.9,2.1864908520487356,0,2.5,Overweight,60+,2.0,3.0,proper_train
113178,46.0,15.0,11.0,319.0,46.4,0.652171873851589,0,5.4,Obese,40-59,2.0,4.0,conformal_calibration
113179,55.0,20.0,27.0,186.0,31.7,1.1381456919508752,1,8.4,Obese,40-59,2.0,1.0,test
113182,28.0,17.0,12.0,288.0,30.3,0.47711584745531577,0,5.6,Obese,18-39,2.0,1.0,conformal_calibration
113183,80.0,16.0,13.0,225.0,20.9,1.577813891485096,0,6.1,Normal,60+,1.0,3.0,proper_train
113188,49.0,24.0,43.0,211.0,32.6,0.8499446384414365,0,7.2,Obese,40-59,1.0,3.0,conformal_calibration
113189,52.0,39.0,52.0,300.0,32.4,0.9374433316206373,0,5.9,Obese,40-59,1.0,4.0,proper_train
113194,46.0,39.0,61.0,180.0,25.7,1.2761009033311965,0,6.1,Overweight,40-59,1.0,1.0,proper_train
113197,24.0,20.0,18.0,238.0,17.2,0.4753659033186875,0,3.2,Underweight,18-39,2.0,1.0,proper_train
113199,80.0,33.0,18.0,427.0,22.4,1.4572692445999107,0,3.0,Normal,60+,2.0,3.0,conformal_calibration
113201,70.0,21.0,16.0,286.0,24.6,1.284965034965035,0,4.7,Normal,60+,2.0,3.0,test
113202,66.0,17.0,16.0,216.0,29.9,1.2986111111111112,0,4.3,Overweight,60+,2.0,4.0,conformal_calibration
113204,18.0,21.0,19.0,303.0,25.2,0.2862018066107998,0,4.3,Overweight,18-39,1.0,2.0,conformal_calibration
113207,54.0,16.0,18.0,234.0,27.5,0.8702852691526739,0,7.0,Overweight,40-59,1.0,1.0,test
113209,52.0,35.0,42.0,263.0,26.7,1.0678026499277842,0,4.3,Overweight,40-59,2.0,4.0,proper_train
113211,51.0,30.0,16.0,202.0,20.4,1.8935643564356435,0,3.6,Normal,40-59,1.0,4.0,proper_train
113213,43.0,19.0,22.0,262.0,28.0,0.6648281880249378,0,5.7,Overweight,40-59,2.0,3.0,test
113215,25.0,17.0,6.0,326.0,24.3,0.5322255320464472,0,4.9,Normal,18-39,2.0,4.0,proper_train
113216,18.0,20.0,47.0,242.0,39.0,0.21698924355058696,0,7.7,Obese,18-39,1.0,3.0,conformal_calibration
113220,37.0,18.0,17.0,215.0,24.5,0.7512964012753384,0,3.3,Normal,18-39,2.0,6.0,proper_train
113222,60.0,26.0,24.0,205.0,25.3,1.5533349588381131,0,4.3,Overweight,60+,2.0,4.0,proper_train
113223,60.0,26.0,15.0,272.0,25.1,1.4808465735498946,0,4.1,Overweight,60+,2.0,3.0,proper_train
113224,73.0,26.0,50.0,202.0,22.8,1.3288006640515515,0,4.1,Normal,60+,1.0,4.0,test
113227,38.0,27.0,47.0,159.0,36.1,0.9412420206090555,0,6.9,Obese,18-39,1.0,3.0,proper_train
113231,62.0,12.0,10.0,247.0,32.2,0.9525241211195442,0,5.1,Obese,60+,2.0,3.0,test
113232,41.0,23.0,12.0,211.0,32.7,1.2901452697768179,0,2.9,Obese,40-59,1.0,4.0,proper_train
113236,55.0,16.0,11.0,280.0,32.1,0.9476070829586857,0,4.8,Obese,40-59,2.0,7.0,test
113237,59.0,26.0,42.0,221.0,41.0,1.0710467820898144,1,9.7,Obese,40-59,1.0,3.0,conformal_calibration
113240,60.0,28.0,25.0,280.0,29.2,1.2,0,6.3,Overweight,60+,2.0,4.0,test
113242,71.0,22.0,16.0,231.0,33.7,1.6904761904761905,0,4.1,Obese,60+,1.0,4.0,conformal_calibration
113244,61.0,17.0,12.0,174.0,33.4,1.7204374400851778,0,4.3,Obese,60+,2.0,7.0,conformal_calibration
113246,77.0,19.0,8.0,206.0,26.2,2.510915584650289,0,5.0,Overweight,60+,2.0,4.0,test
113249,43.0,12.0,11.0,302.0,35.8,0.5151650788149869,0,4.6,Obese,40-59,2.0,2.0,test
113250,31.0,17.0,15.0,209.0,29.4,0.6510565306064781,0,3.3,Overweight,18-39,1.0,3.0,conformal_calibration
113253,44.0,37.0,50.0,240.0,27.7,0.9593081998097495,0,4.1,Overweight,40-59,1.0,3.0,conformal_calibration
113254,66.0,25.0,12.0,226.0,22.1,2.1075839472630147,0,5.5,Normal,60+,2.0,2.0,proper_train
113256,50.0,25.0,20.0,114.0,31.4,2.4518289226971377,1,43.5,Obese,40-59,1.0,2.0,test
113257,61.0,22.0,13.0,183.0,28.6,2.033900719492507,0,4.4,Overweight,60+,2.0,4.0,proper_train
113259,61.0,25.0,19.0,293.0,25.9,1.1940580005208419,0,4.7,Overweight,60+,2.0,6.0,test
113263,22.0,17.0,13.0,238.0,24.5,0.43583586846268,0,4.1,Normal,18-39,1.0,3.0,test
113264,20.0,25.0,29.0,197.0,28.3,0.47130796491637533,0,5.5,Overweight,18-39,1.0,1.0,conformal_calibration
113266,44.0,18.0,14.0,299.0,24.5,0.7079294434603348,0,3.4,Normal,40-59,2.0,6.0,test
113267,67.0,24.0,22.0,220.0,27.3,1.5583034177264614,0,6.9,Overweight,60+,2.0,2.0,proper_train
113268,63.0,15.0,10.0,233.0,35.3,1.2825546733300937,1,12.1,Obese,60+,2.0,4.0,proper_train
113270,18.0,22.0,23.0,259.0,32.2,0.3188096832687321,0,7.5,Obese,18-39,1.0,1.0,proper_train
113271,49.0,14.0,17.0,263.0,36.6,0.6326214402088381,0,4.0,Obese,40-59,2.0,4.0,proper_train
113272,18.0,21.0,15.0,303.0,19.7,0.3221095060212109,0,4.6,Normal,18-39,1.0,2.0,proper_train
113274,76.0,18.0,11.0,208.0,31.0,1.9830169201075993,0,3.3,Obese,60+,2.0,3.0,proper_train
113275,70.0,21.0,18.0,305.0,23.2,1.1360076156767485,0,4.7,Normal,60+,1.0,3.0,proper_train
113276,55.0,23.0,17.0,229.0,28.9,1.339771029130835,0,3.6,Overweight,40-59,2.0,6.0,test
113279,71.0,22.0,21.0,209.0,30.7,1.630891600711101,0,2.8,Obese,60+,1.0,4.0,proper_train
113281,52.0,24.0,37.0,264.0,30.9,0.7771588490798709,0,4.9,Obese,40-59,1.0,1.0,proper_train
113285,57.0,29.0,35.0,282.0,33.3,0.9908084986285375,0,7.4,Obese,40-59,2.0,1.0,proper_train
113286,75.0,18.0,16.0,276.0,29.3,1.2228260869565217,0,5.8,Overweight,60+,1.0,3.0,proper_train
113289,66.0,13.0,12.0,213.0,27.8,1.1628322323115,0,7.4,Overweight,60+,2.0,3.0,proper_train
113292,59.0,25.0,19.0,223.0,36.9,1.5174359078882447,1,10.1,Obese,40-59,1.0,2.0,proper_train
113294,46.0,24.0,24.0,193.0,23.9,1.1676324162489762,0,5.6,Normal,40-59,1.0,6.0,conformal_calibration
113298,58.0,18.0,16.0,388.0,35.1,0.6726804123711341,0,7.5,Obese,40-59,2.0,4.0,proper_train
113300,47.0,15.0,15.0,323.0,37.6,0.5635610441849801,0,4.4,Obese,40-59,2.0,3.0,test
113302,18.0,23.0,26.0,275.0,18.2,0.2952439270807571,0,4.4,Underweight,18-39,2.0,6.0,test
113305,66.0,25.0,21.0,190.0,25.5,1.8950500994178288,0,4.3,Overweight,60+,1.0,3.0,proper_train
113311,70.0,17.0,15.0,215.0,27.9,1.429100831623822,0,4.0,Overweight,60+,1.0,3.0,proper_train
113313,32.0,18.0,20.0,233.0,22.6,0.552779036497802,0,5.2,Normal,18-39,1.0,4.0,proper_train
113314,22.0,49.0,118.0,264.0,39.6,0.375901302308482,0,5.5,Obese,18-39,1.0,3.0,test
113316,46.0,62.0,121.0,231.0,27.7,1.122392758756395,1,9.9,Overweight,40-59,1.0,3.0,proper_train
113320,65.0,19.0,13.0,240.0,21.0,1.4271973798711624,0,3.9,Normal,60+,2.0,4.0,proper_train
113324,66.0,12.0,13.0,236.0,25.5,0.9307681258694523,0,4.3,Overweight,60+,1.0,7.0,proper_train
113325,28.0,16.0,12.0,230.0,18.7,0.5622889578194616,0,8.1,Normal,18-39,1.0,3.0,conformal_calibration
113326,59.0,19.0,22.0,235.0,33.0,1.0170127788708054,0,4.7,Obese,40-59,1.0,4.0,proper_train
113327,32.0,21.0,31.0,251.0,41.0,0.4808556293306484,0,4.3,Obese,18-39,1.0,4.0,test
113328,18.0,17.0,12.0,329.0,36.5,0.26849419813377734,0,4.4,Obese,18-39,2.0,4.0,proper_train
113331,43.0,18.0,23.0,236.0,26.9,0.6838565952549825,0,4.8,Overweight,40-59,1.0,4.0,proper_train
113332,26.0,13.0,11.0,369.0,25.3,0.2761811232175721,0,3.6,Overweight,18-39,2.0,3.0,proper_train
113336,61.0,25.0,23.0,280.0,22.5,1.1356588622751393,0,6.3,Normal,60+,1.0,3.0,proper_train
113337,40.0,11.0,10.0,380.0,56.0,0.36615846591423334,0,7.6,Obese,40-59,2.0,4.0,test
113341,53.0,15.0,11.0,216.0,28.2,1.1097292543487134,0,5.0,Overweight,40-59,2.0,6.0,test
113342,66.0,20.0,38.0,373.0,33.9,0.5740811686128862,0,4.1,Obese,60+,2.0,4.0,test
113343,60.0,20.0,19.0,190.0,35.1,1.448941477077232,0,5.5,Obese,60+,2.0,2.0,proper_train
113344,23.0,19.0,32.0,172.0,21.5,0.4491361386315716,0,4.5,Normal,18-39,1.0,6.0,test
113347,47.0,16.0,15.0,214.0,29.6,0.9073157247189961,0,3.5,Overweight,40-59,2.0,6.0,proper_train
113349,34.0,30.0,46.0,218.0,39.6,0.6898660333852985,0,6.9,Obese,18-39,1.0,3.0,proper_train
113350,26.0,16.0,18.0,190.0,40.2,0.5160638964449189,0,6.0,Obese,18-39,2.0,3.0,test
113353,60.0,22.0,10.0,308.0,19.6,1.3552618543578767,0,2.8,Normal,60+,2.0,7.0,test
113355,67.0,13.0,13.0,132.0,34.3,1.8300904201218733,0,4.6,Obese,60+,2.0,2.0,test
113357,74.0,18.0,11.0,297.0,23.7,1.3522326968942127,0,4.1,Normal,60+,2.0,1.0,proper_train
113362,74.0,17.0,14.0,210.0,20.3,1.6010221063134755,0,3.3,Normal,60+,1.0,3.0,proper_train
113363,64.0,14.0,14.0,276.0,30.9,0.8676306983823633,0,6.6,Obese,60+,2.0,7.0,test
113364,38.0,11.0,10.0,322.0,26.4,0.41050685153738586,0,2.7,Overweight,18-39,2.0,2.0,proper_train
113365,34.0,16.0,11.0,248.0,20.5,0.6613797235899331,0,3.7,Normal,18-39,2.0,6.0,proper_train
113366,26.0,12.0,7.0,306.0,36.8,0.3853755411074473,0,4.9,Obese,18-39,2.0,1.0,test
113367,68.0,18.0,21.0,186.0,37.0,1.4360145034884662,0,7.1,Obese,60+,1.0,3.0,proper_train
113368,45.0,17.0,13.0,272.0,22.0,0.7800471509417285,0,3.6,Normal,40-59,1.0,4.0,conformal_calibration
113369,51.0,19.0,18.0,307.0,32.0,0.7439592518672797,0,6.1,Obese,40-59,1.0,2.0,test
113370,67.0,50.0,41.0,229.0,24.6,2.2846380014272065,0,4.3,Normal,60+,1.0,2.0,proper_train
113371,62.0,28.0,20.0,254.0,46.5,1.5282732318659977,0,5.9,Obese,60+,2.0,4.0,proper_train
113372,62.0,20.0,15.0,244.0,33.2,1.312158292157704,1,8.7,Obese,60+,1.0,4.0,proper_train
113373,33.0,18.0,21.0,251.0,22.8,0.5164200270923486,0,5.6,Normal,18-39,1.0,3.0,proper_train
113374,22.0,17.0,10.0,183.0,24.0,0.6462796966682918,0,4.7,Normal,18-39,2.0,3.0,proper_train
113376,56.0,20.0,16.0,177.0,21.1,1.5819209039548023,0,4.0,Normal,40-59,2.0,4.0,proper_train
113378,80.0,23.0,19.0,191.0,28.7,2.2100782739363014,0,5.3,Overweight,60+,1.0,2.0,proper_train
113379,76.0,28.0,24.0,216.0,30.7,2.011000838210881,0,6.9,Obese,60+,1.0,4.0,proper_train
113384,40.0,12.0,11.0,269.0,38.1,0.5380128081685002,0,3.7,Obese,40-59,2.0,4.0,test
113385,62.0,23.0,15.0,328.0,26.4,1.1225354170105235,0,6.9,Overweight,60+,1.0,1.0,proper_train
113386,24.0,13.0,8.0,215.0,47.4,0.51306352495396,0,5.9,Obese,18-39,2.0,4.0,conformal_calibration
113394,50.0,27.0,20.0,230.0,24.3,1.3124746824455287,0,4.7,Normal,40-59,1.0,4.0,test
113398,49.0,17.0,16.0,166.0,27.9,1.2545180722891567,0,5.9,Overweight,40-59,2.0,4.0,test
113401,21.0,21.0,13.0,188.0,21.3,0.6505925173811864,0,5.1,Normal,18-39,2.0,6.0,test
113403,67.0,14.0,12.0,254.0,29.6,1.0660522687005294,0,4.8,Overweight,60+,2.0,4.0,conformal_calibration
113404,60.0,13.0,9.0,233.0,29.1,1.1158798283261802,0,4.3,Overweight,60+,1.0,4.0,test
113405,59.0,29.0,35.0,195.0,29.5,1.483137363938966,0,7.9,Overweight,40-59,2.0,2.0,test
113406,26.0,24.0,32.0,295.0,65.3,0.37392765378000475,0,6.8,Obese,18-39,2.0,3.0,test
113409,30.0,21.0,22.0,280.0,25.8,0.47970161180012344,0,5.2,Overweight,18-39,2.0,3.0,proper_train
113413,32.0,14.0,11.0,229.0,31.4,0.5898562548944895,0,4.2,Obese,18-39,2.0,4.0,test
113415,30.0,20.0,15.0,173.0,28.1,0.8954874788918883,0,5.4,Overweight,18-39,2.0,2.0,test
113416,63.0,16.0,16.0,219.0,39.2,1.1506849315068493,0,4.1,Obese,60+,2.0,4.0,conformal_calibration
113418,29.0,17.0,13.0,273.0,23.3,0.5008556716832198,0,3.7,Normal,18-39,2.0,3.0,conformal_calibration
113420,65.0,20.0,21.0,259.0,32.0,1.0953021517636683,1,9.2,Obese,60+,2.0,1.0,proper_train
113423,22.0,18.0,11.0,188.0,17.1,0.6350983641106085,0,4.6,Underweight,18-39,1.0,4.0,test
113425,55.0,19.0,17.0,226.0,26.0,1.1214589741724246,0,4.3,Overweight,40-59,2.0,2.0,proper_train
113427,63.0,16.0,10.0,164.0,31.8,1.943643830152272,0,3.7,Obese,60+,2.0,1.0,proper_train
113429,80.0,24.0,12.0,223.0,24.8,2.4854540736414386,0,5.0,Normal,60+,2.0,3.0,test
113430,63.0,27.0,28.0,71.0,26.6,4.527588511187996,0,3.7,Overweight,60+,1.0,6.0,proper_train
113431,26.0,20.0,15.0,187.0,25.1,0.7179862174787368,0,4.3,Overweight,18-39,1.0,4.0,test
113432,18.0,21.0,22.0,245.0,22.0,0.32893824809151323,0,5.6,Normal,18-39,1.0,3.0,proper_train
113435,21.0,19.0,22.0,249.0,38.2,0.34163488283489385,0,5.5,Obese,18-39,2.0,2.0,proper_train
113436,47.0,17.0,10.0,253.0,23.5,0.9986797827962589,0,5.0,Normal,40-59,2.0,4.0,conformal_calibration
113437,62.0,39.0,37.0,324.0,26.6,1.2269035534084998,0,5.4,Overweight,60+,1.0,6.0,proper_train
113439,66.0,25.0,15.0,260.0,26.8,1.6385698772415995,0,4.5,Overweight,60+,1.0,3.0,proper_train
113440,58.0,17.0,16.0,280.0,32.9,0.8803571428571428,0,4.7,Obese,40-59,2.0,2.0,proper_train
113442,22.0,26.0,39.0,222.0,41.2,0.4125824503446389,1,9.4,Obese,18-39,1.0,1.0,proper_train
113443,46.0,42.0,50.0,217.0,35.3,1.2591062684354006,1,24.0,Obese,40-59,1.0,6.0,proper_train
113445,37.0,13.0,10.0,309.0,26.5,0.49225098852459237,0,4.3,Overweight,18-39,2.0,1.0,proper_train
113446,57.0,37.0,62.0,224.0,52.8,1.1957288743009007,1,24.6,Obese,40-59,1.0,4.0,test
113448,51.0,16.0,9.0,252.0,25.6,1.0793650793650793,0,3.6,Overweight,40-59,2.0,4.0,proper_train
113450,60.0,12.0,11.0,341.0,34.7,0.6366221938298822,0,5.1,Obese,60+,2.0,4.0,test
113451,45.0,16.0,19.0,290.0,49.8,0.5695838909889809,0,8.0,Obese,40-59,2.0,4.0,test
113452,80.0,19.0,13.0,247.0,28.6,1.7067698345391666,1,9.8,Overweight,60+,1.0,3.0,test
113453,27.0,27.0,36.0,132.0,20.9,0.9204545454545454,0,3.1,Normal,18-39,1.0,6.0,proper_train
113455,61.0,20.0,19.0,172.0,32.0,1.6272511355935193,1,15.3,Obese,60+,1.0,1.0,proper_train
113456,80.0,12.0,10.0,467.0,23.5,0.6500613605485319,1,8.3,Normal,60+,2.0,3.0,test
113461,51.0,22.0,21.0,234.0,26.7,1.046326807028989,0,4.5,Overweight,40-59,1.0,6.0,proper_train
113462,38.0,20.0,16.0,251.0,28.8,0.7569721115537849,0,4.9,Overweight,18-39,1.0,1.0,proper_train
113463,51.0,16.0,19.0,214.0,27.7,0.8747814898989644,0,4.1,Overweight,40-59,2.0,2.0,proper_train
113464,20.0,18.0,15.0,223.0,23.5,0.4168233197712018,0,5.4,Normal,18-39,2.0,3.0,proper_train
113468,22.0,20.0,21.0,135.0,37.1,0.711228679287679,0,5.7,Obese,18-39,1.0,1.0,proper_train
113472,48.0,36.0,26.0,313.0,24.0,1.0827114425520192,0,4.3,Normal,40-59,2.0,4.0,proper_train
113473,80.0,20.0,17.0,151.0,23.8,2.5699139076697533,0,5.3,Normal,60+,2.0,4.0,test
113475,80.0,17.0,16.0,261.0,22.6,1.3026819923371646,0,4.4,Normal,60+,2.0,3.0,proper_train
113477,62.0,15.0,16.0,257.0,33.6,0.9046692607003891,0,7.8,Obese,60+,2.0,4.0,proper_train
113478,31.0,16.0,13.0,273.0,46.9,0.5039034749591825,0,5.4,Obese,18-39,2.0,4.0,proper_train
113479,60.0,28.0,19.0,211.0,23.8,1.826627644087885,0,8.1,Normal,60+,2.0,3.0,conformal_calibration
113480,41.0,22.0,35.0,257.0,25.2,0.5932522472880326,0,2.8,Overweight,40-59,1.0,6.0,proper_train
113486,27.0,46.0,29.0,273.0,31.0,0.8448117582999942,0,5.6,Obese,18-39,2.0,6.0,proper_train
113487,52.0,15.0,18.0,306.0,46.6,0.600809683361119,0,8.1,Obese,40-59,2.0,4.0,conformal_calibration
113488,80.0,15.0,13.0,213.0,28.5,1.56253576401473,0,3.5,Overweight,60+,2.0,3.0,test
113492,61.0,25.0,27.0,192.0,24.0,1.528574931448228,0,5.8,Normal,60+,1.0,4.0,proper_train
113493,46.0,27.0,25.0,216.0,25.8,1.15,0,4.5,Overweight,40-59,1.0,3.0,proper_train
113494,25.0,27.0,35.0,399.0,39.6,0.28595444708859585,0,4.4,Obese,18-39,2.0,3.0,test
113499,23.0,17.0,14.0,185.0,23.0,0.5648602464203132,0,7.2,Normal,18-39,1.0,3.0,conformal_calibration
113500,80.0,16.0,15.0,232.0,27.9,1.4245455986050268,0,3.4,Overweight,60+,2.0,3.0,proper_train
113505,29.0,13.0,11.0,390.0,29.4,0.2914609664251715,0,4.7,Overweight,18-39,2.0,4.0,proper_train
113507,19.0,17.0,10.0,258.0,22.3,0.3958975520288319,0,4.5,Normal,18-39,2.0,3.0,test
113509,26.0,24.0,22.0,191.0,24.2,0.6965300890361305,0,3.4,Normal,18-39,1.0,3.0,proper_train
113510,68.0,19.0,18.0,338.0,31.5,0.900968403642031,1,8.2,Obese,60+,2.0,4.0,proper_train
113513,18.0,18.0,17.0,323.0,19.6,0.24328650932437115,0,3.7,Normal,18-39,2.0,1.0,test
113514,42.0,40.0,69.0,289.0,38.4,0.6998208760695234,0,6.3,Obese,40-59,1.0,2.0,conformal_calibration
113516,65.0,13.0,11.0,199.0,37.3,1.280286865166886,0,6.1,Obese,60+,2.0,3.0,test
113519,64.0,18.0,15.0,192.0,21.0,1.5491933384829666,0,4.2,Normal,60+,2.0,6.0,test
113521,72.0,25.0,19.0,153.0,28.2,2.6990086337713146,0,3.5,Overweight,60+,1.0,3.0,test
113527,40.0,36.0,67.0,244.0,34.3,0.7209999994798341,0,4.0,Obese,40-59,1.0,1.0,proper_train
113528,79.0,17.0,21.0,174.0,31.7,1.6842909573961942,0,3.3,Obese,60+,1.0,3.0,conformal_calibration
113531,25.0,16.0,19.0,247.0,28.5,0.3715234556608287,0,4.0,Overweight,18-39,2.0,2.0,proper_train
113532,43.0,26.0,14.0,268.0,27.1,1.1149181658883973,0,7.0,Overweight,40-59,2.0,6.0,conformal_calibration
113539,42.0,20.0,30.0,209.0,31.8,0.733790986131323,0,6.6,Obese,40-59,1.0,3.0,proper_train
113541,79.0,21.0,17.0,349.0,29.3,1.1529128995280125,0,4.7,Overweight,60+,1.0,4.0,conformal_calibration
113542,52.0,19.0,28.0,278.0,28.1,0.6716347110307851,1,8.4,Overweight,40-59,1.0,2.0,conformal_calibration
113546,73.0,25.0,19.0,183.0,17.1,2.287889149255602,0,3.8,Underweight,60+,1.0,2.0,proper_train
113547,74.0,10.0,6.0,222.0,39.8,1.3608276348795434,0,3.7,Obese,60+,2.0,4.0,test
113548,80.0,24.0,13.0,279.0,21.9,1.9086458364739067,0,4.0,Normal,60+,2.0,6.0,proper_train
113550,27.0,24.0,20.0,206.0,25.5,0.7033844900096425,0,6.4,Overweight,18-39,1.0,7.0,proper_train
113551,37.0,17.0,12.0,237.0,26.9,0.7661462432917187,0,3.5,Overweight,18-39,2.0,1.0,proper_train
113552,80.0,19.0,15.0,169.0,33.3,2.3222622036431058,0,6.4,Obese,60+,1.0,3.0,proper_train
113553,50.0,18.0,22.0,329.0,33.6,0.5832238441338887,0,3.4,Obese,40-59,2.0,3.0,conformal_calibration
113558,33.0,18.0,11.0,202.0,26.2,0.8866224687088693,0,4.9,Overweight,18-39,1.0,2.0,proper_train
113559,63.0,23.0,25.0,338.0,31.2,0.857396449704142,0,6.7,Obese,60+,1.0,1.0,proper_train
113560,61.0,14.0,10.0,168.0,28.5,1.6074911439189263,0,3.0,Overweight,60+,2.0,1.0,proper_train
113562,36.0,23.0,16.0,246.0,29.0,0.8414634146341463,0,6.8,Overweight,18-39,1.0,3.0,proper_train
113565,46.0,16.0,15.0,195.0,25.2,0.9745352966867209,0,5.7,Overweight,40-59,2.0,6.0,conformal_calibration
113566,52.0,15.0,12.0,227.0,23.5,0.9919233699733658,0,4.4,Normal,40-59,2.0,6.0,proper_train
113569,46.0,27.0,34.0,216.0,26.2,0.9861168645694257,0,5.4,Overweight,40-59,1.0,3.0,proper_train
113573,53.0,60.0,109.0,322.0,30.2,0.9459278220507022,0,5.9,Obese,40-59,2.0,3.0,proper_train
113574,33.0,19.0,16.0,263.0,39.5,0.5960076045627376,0,4.6,Obese,18-39,1.0,3.0,test
113575,58.0,60.0,62.0,224.0,26.2,1.973037687324388,0,7.1,Overweight,40-59,1.0,3.0,proper_train
113576,43.0,19.0,33.0,210.0,25.7,0.6772449757895482,0,3.8,Overweight,40-59,1.0,6.0,proper_train
113577,42.0,14.0,11.0,393.0,38.5,0.45111621020795173,0,7.7,Obese,40-59,2.0,4.0,proper_train
113578,26.0,15.0,13.0,262.0,24.5,0.41284938268671634,0,4.2,Normal,18-39,1.0,4.0,proper_train
113580,77.0,13.0,10.0,187.0,33.4,1.6927486298548382,0,5.8,Obese,60+,2.0,4.0,conformal_calibration
113581,75.0,15.0,14.0,222.0,26.1,1.3543644015832317,0,5.3,Overweight,60+,2.0,2.0,conformal_calibration
113582,55.0,21.0,15.0,183.0,24.6,1.6296159434861808,0,4.4,Normal,40-59,1.0,4.0,test
113583,33.0,24.0,14.0,242.0,23.3,0.8746731553497525,0,3.7,Normal,18-39,2.0,6.0,proper_train
113586,70.0,19.0,21.0,220.0,31.5,1.3192263364266812,0,6.0,Obese,60+,1.0,1.0,test
113587,60.0,10.0,14.0,195.0,25.8,0.8223422828074596,0,7.6,Overweight,60+,1.0,4.0,proper_train
113588,61.0,12.0,15.0,262.0,34.8,0.7213801041790914,0,7.2,Obese,60+,1.0,1.0,test
113590,65.0,24.0,6.0,429.0,17.5,1.4845392380504112,0,6.8,Underweight,60+,1.0,3.0,test
113593,18.0,18.0,16.0,242.0,29.7,0.3347107438016529,0,5.6,Overweight,18-39,2.0,3.0,proper_train
113597,72.0,22.0,17.0,229.0,36.6,1.6776263321290454,0,5.2,Obese,60+,2.0,3.0,conformal_calibration
113599,31.0,87.0,156.0,204.0,36.9,1.058494193167451,1,13.5,Obese,18-39,1.0,3.0,test
113600,80.0,23.0,14.0,153.0,25.1,3.2141221249598746,0,3.9,Overweight,60+,2.0,3.0,proper_train
113602,45.0,19.0,24.0,263.0,25.7,0.663597506362363,0,5.8,Overweight,40-59,1.0,2.0,conformal_calibration
113614,30.0,55.0,63.0,320.0,25.4,0.6496264379846093,0,5.7,Overweight,18-39,1.0,3.0,test
113615,54.0,15.0,14.0,180.0,27.2,1.2026755886059097,0,5.5,Overweight,40-59,2.0,3.0,proper_train
113616,66.0,19.0,22.0,199.0,28.7,1.3434859211554546,0,5.1,Overweight,60+,1.0,1.0,test
113619,80.0,19.0,17.0,317.0,34.5,1.1629468456000822,0,5.9,Obese,60+,2.0,3.0,proper_train
113620,48.0,13.0,8.0,329.0,20.7,0.6705693487240207,0,3.6,Normal,40-59,2.0,6.0,test
113621,58.0,25.0,15.0,324.0,24.1,1.1555197226339,0,3.8,Normal,40-59,2.0,3.0,proper_train
113624,45.0,19.0,25.0,247.0,25.3,0.6923076923076923,0,3.2,Overweight,40-59,1.0,1.0,proper_train
113627,33.0,26.0,28.0,261.0,44.3,0.6212519498887298,0,4.9,Obese,18-39,1.0,4.0,test
113628,37.0,18.0,10.0,308.0,40.5,0.6837912083351105,0,4.4,Obese,18-39,2.0,3.0,test
113630,39.0,16.0,21.0,303.0,32.0,0.44939921949590517,0,5.4,Obese,18-39,1.0,6.0,proper_train
113631,64.0,13.0,11.0,283.0,32.4,0.8864220448363934,0,7.0,Obese,60+,2.0,1.0,proper_train
113633,29.0,23.0,34.0,225.0,24.4,0.5083980279557929,0,3.4,Normal,18-39,1.0,6.0,proper_train
113636,24.0,16.0,19.0,241.0,20.6,0.36554208218379963,0,3.6,Normal,18-39,1.0,6.0,proper_train
113637,35.0,16.0,12.0,261.0,28.2,0.6193795991306331,0,4.0,Overweight,18-39,2.0,2.0,conformal_calibration
113639,67.0,22.0,32.0,273.0,29.8,0.954464647865358,0,3.8,Overweight,60+,1.0,2.0,test
113642,47.0,34.0,86.0,179.0,32.6,0.96266352837483,0,5.4,Obese,40-59,1.0,6.0,proper_train
113644,19.0,16.0,4.0,313.0,16.9,0.48562300319488816,0,4.1,Underweight,18-39,2.0,6.0,proper_train
113646,47.0,12.0,18.0,222.0,43.9,0.5988111480318511,1,9.6,Obese,40-59,2.0,4.0,proper_train
113647,58.0,18.0,14.0,434.0,28.4,0.642904922941408,0,3.2,Overweight,40-59,1.0,1.0,test
113648,61.0,13.0,16.0,254.0,27.5,0.780511811023622,0,4.4,Overweight,60+,1.0,4.0,proper_train
113649,55.0,15.0,29.0,220.0,41.3,0.6963575181639445,0,6.1,Obese,40-59,1.0,3.0,proper_train
113651,62.0,24.0,13.0,205.0,44.6,2.0131558341052216,0,5.9,Obese,60+,2.0,6.0,conformal_calibration
113652,26.0,34.0,66.0,304.0,24.3,0.3579370987688491,0,5.0,Normal,18-39,1.0,6.0,test
113658,37.0,14.0,22.0,238.0,32.2,0.4640250885386815,0,5.8,Obese,18-39,2.0,1.0,test
113661,24.0,17.0,10.0,247.0,19.8,0.5223519373881371,0,3.1,Normal,18-39,2.0,3.0,proper_train
113663,55.0,15.0,11.0,238.0,24.7,1.0451548709103151,0,6.5,Normal,40-59,1.0,6.0,proper_train
113664,80.0,87.0,51.0,79.0,21.9,12.336644790930313,0,4.2,Normal,60+,1.0,4.0,test
113666,34.0,19.0,33.0,284.0,36.7,0.3959653723499324,1,9.0,Obese,18-39,1.0,3.0,proper_train
113668,75.0,27.0,26.0,218.0,32.8,1.821720980067994,1,12.9,Obese,60+,1.0,4.0,proper_train
113669,63.0,17.0,26.0,234.0,26.3,0.8976084646709193,1,8.3,Overweight,60+,1.0,1.0,test
113672,54.0,21.0,20.0,215.0,37.7,1.1793958541789589,0,4.8,Obese,40-59,2.0,1.0,test
113673,18.0,15.0,7.0,252.0,33.0,0.4049619353670292,0,7.5,Obese,18-39,2.0,2.0,proper_train
113674,80.0,20.0,20.0,206.0,32.3,1.7367518271843028,0,5.5,Obese,60+,1.0,3.0,conformal_calibration
113676,34.0,16.0,11.0,242.0,25.0,0.6777775679764604,0,2.7,Overweight,18-39,2.0,2.0,proper_train
113677,33.0,15.0,10.0,300.0,25.3,0.5217758139277826,0,5.2,Overweight,18-39,2.0,3.0,proper_train
113678,47.0,19.0,15.0,241.0,30.6,0.956728666158568,0,4.3,Obese,40-59,2.0,4.0,proper_train
113680,36.0,15.0,11.0,248.0,31.2,0.656516637387066,0,3.5,Obese,18-39,2.0,3.0,test
113681,62.0,21.0,20.0,199.0,25.1,1.4629952294998623,0,5.1,Overweight,60+,1.0,4.0,proper_train
113683,25.0,34.0,54.0,281.0,34.9,0.4116382525436341,0,5.1,Obese,18-39,1.0,4.0,conformal_calibration
113684,71.0,21.0,27.0,244.0,37.7,1.1759962450296886,0,5.4,Obese,60+,1.0,3.0,conformal_calibration
113687,45.0,14.0,14.0,395.0,34.1,0.4262647655818414,0,4.1,Obese,40-59,2.0,4.0,test
113690,24.0,13.0,8.0,291.0,19.8,0.37906755280103577,0,3.3,Normal,18-39,2.0,6.0,proper_train
113692,23.0,18.0,10.0,230.0,24.5,0.5692099788303082,0,6.6,Normal,18-39,2.0,6.0,proper_train
113695,25.0,32.0,58.0,237.0,34.4,0.4432284653492744,1,8.8,Obese,18-39,1.0,3.0,proper_train
113696,39.0,20.0,20.0,122.0,21.8,1.429617231516259,0,5.6,Normal,18-39,1.0,3.0,test
113699,61.0,14.0,11.0,240.0,32.4,1.0728778677892088,0,4.2,Obese,60+,2.0,2.0,proper_train
113701,27.0,40.0,54.0,145.0,24.7,1.0135819625309703,0,3.8,Normal,18-39,1.0,1.0,test
113702,57.0,20.0,20.0,251.0,26.3,1.01558465910349,0,4.8,Overweight,40-59,1.0,6.0,proper_train
113704,43.0,28.0,49.0,210.0,39.0,0.819047619047619,1,8.3,Obese,40-59,1.0,3.0,proper_train
113706,48.0,16.0,10.0,287.0,32.4,0.8462122797941865,0,6.1,Obese,40-59,1.0,4.0,proper_train
113707,73.0,17.0,9.0,241.0,26.7,1.7164591977869985,0,3.8,Overweight,60+,1.0,1.0,conformal_calibration
113708,30.0,12.0,11.0,268.0,19.1,0.40501523898505565,0,3.1,Normal,18-39,2.0,7.0,proper_train
113709,38.0,26.0,34.0,234.0,27.9,0.7241051372683707,0,4.9,Overweight,18-39,1.0,6.0,test
113714,37.0,44.0,40.0,345.0,25.4,0.7461142073556698,0,4.4,Overweight,18-39,1.0,2.0,proper_train
113715,80.0,19.0,14.0,308.0,29.0,1.3189515834639125,1,72.0,Overweight,60+,1.0,3.0,proper_train
113716,47.0,24.0,21.0,154.0,24.5,1.598375196014282,0,3.7,Normal,40-59,2.0,6.0,proper_train
113717,51.0,13.0,15.0,270.0,25.6,0.6340217181569179,0,5.0,Overweight,40-59,1.0,6.0,proper_train
113723,38.0,17.0,18.0,232.0,28.1,0.6563088802392382,0,3.5,Overweight,18-39,1.0,1.0,test
113727,41.0,16.0,9.0,283.0,21.4,0.7726737338044759,0,3.6,Normal,40-59,2.0,7.0,test
113730,80.0,24.0,14.0,151.0,24.2,3.3982886388864557,0,3.3,Normal,60+,1.0,3.0,test
113731,26.0,23.0,25.0,260.0,22.3,0.46,0,3.5,Normal,18-39,2.0,3.0,test
113733,68.0,18.0,23.0,197.0,33.8,1.295541334039896,0,4.8,Obese,60+,1.0,2.0,test
113734,74.0,16.0,14.0,227.0,30.5,1.393996962221632,1,12.3,Obese,60+,1.0,3.0,test
113735,50.0,44.0,46.0,228.0,30.6,1.4226855418454987,0,3.7,Obese,40-59,1.0,3.0,test
113737,56.0,18.0,20.0,206.0,34.7,1.0941536511261107,0,3.1,Obese,40-59,2.0,1.0,proper_train
113738,55.0,15.0,14.0,287.0,26.9,0.7682596675182932,0,4.6,Overweight,40-59,2.0,2.0,proper_train
113742,21.0,28.0,19.0,258.0,22.0,0.5228544632398849,0,4.6,Normal,18-39,2.0,6.0,proper_train
113747,29.0,28.0,45.0,312.0,34.9,0.38796734994227117,0,5.5,Obese,18-39,1.0,3.0,proper_train
113750,60.0,23.0,28.0,243.0,37.0,1.0732324542237317,1,12.9,Obese,60+,1.0,6.0,proper_train
113751,61.0,17.0,14.0,209.0,31.3,1.3260761141779143,0,5.2,Obese,60+,1.0,3.0,proper_train
113754,49.0,16.0,13.0,258.0,23.8,0.8428002981406583,0,4.2,Normal,40-59,2.0,3.0,test
113757,21.0,16.0,15.0,287.0,26.9,0.3022816270210667,0,4.4,Overweight,18-39,1.0,3.0,proper_train
113761,25.0,16.0,22.0,306.0,25.5,0.278693746870079,0,4.5,Overweight,18-39,1.0,7.0,test
113762,64.0,28.0,23.0,245.0,22.2,1.5251339999603184,0,3.7,Normal,60+,1.0,6.0,proper_train
113763,25.0,17.0,17.0,327.0,38.7,0.3152221426313196,0,5.2,Obese,18-39,2.0,7.0,conformal_calibration
113766,58.0,14.0,8.0,398.0,26.2,0.7213199828184379,0,3.3,Overweight,40-59,2.0,3.0,test
113767,23.0,13.0,20.0,415.0,44.0,0.16110465669215351,0,7.3,Obese,18-39,1.0,2.0,proper_train
113768,66.0,23.0,12.0,206.0,15.4,2.1272274481307085,0,3.9,Underweight,60+,2.0,4.0,proper_train
113769,36.0,11.0,12.0,391.0,30.3,0.29236663247965705,0,5.3,Obese,18-39,2.0,3.0,proper_train
113770,52.0,37.0,45.0,124.0,28.3,2.313007950919137,1,13.4,Overweight,40-59,1.0,3.0,proper_train
113773,68.0,31.0,30.0,129.0,31.7,2.9834603390720678,1,17.2,Obese,60+,1.0,3.0,conformal_calibration
113775,67.0,26.0,20.0,208.0,23.5,1.8727069311560738,0,4.9,Normal,60+,2.0,2.0,proper_train
113777,69.0,27.0,26.0,217.0,26.7,1.683706727015838,0,7.9,Overweight,60+,1.0,4.0,conformal_calibration
113781,19.0,24.0,26.0,262.0,25.8,0.341331899324473,0,5.8,Overweight,18-39,1.0,7.0,proper_train
113785,50.0,21.0,22.0,285.0,29.4,0.7854763234154069,0,4.9,Overweight,40-59,2.0,1.0,test
113787,71.0,19.0,17.0,217.0,31.7,1.5077445077143463,1,75.0,Obese,60+,1.0,3.0,proper_train
113788,25.0,15.0,13.0,287.0,39.1,0.36239124317850335,0,4.8,Obese,18-39,2.0,4.0,conformal_calibration
113791,24.0,15.0,9.0,193.0,19.1,0.6217616580310881,0,4.6,Normal,18-39,2.0,3.0,proper_train
113792,25.0,12.0,7.0,252.0,33.7,0.44995770596336576,0,3.9,Obese,18-39,2.0,2.0,proper_train
113794,35.0,14.0,11.0,272.0,25.3,0.5431638192761183,0,4.9,Overweight,18-39,2.0,6.0,proper_train
113799,71.0,20.0,14.0,202.0,20.3,1.8787671461170425,0,3.4,Normal,60+,1.0,3.0,conformal_calibration
113801,45.0,14.0,16.0,322.0,40.1,0.4891304347826087,0,4.4,Obese,40-59,2.0,3.0,proper_train
113803,55.0,21.0,19.0,162.0,26.1,1.6356492137067828,0,4.3,Overweight,40-59,1.0,4.0,proper_train
113807,28.0,14.0,21.0,248.0,31.8,0.34492505230850407,0,5.8,Obese,18-39,2.0,2.0,proper_train
113808,32.0,15.0,16.0,353.0,40.7,0.33994334277620397,0,5.4,Obese,18-39,2.0,4.0,proper_train
113810,40.0,22.0,30.0,144.0,29.9,1.1157311356586717,0,6.3,Overweight,40-59,1.0,6.0,proper_train
113812,32.0,14.0,9.0,212.0,22.2,0.7044025157232704,0,5.0,Normal,18-39,2.0,2.0,proper_train
113813,20.0,23.0,17.0,235.0,29.4,0.47475058517750285,0,6.1,Overweight,18-39,1.0,4.0,test
113815,71.0,17.0,16.0,340.0,25.2,0.8875,0,8.1,Overweight,60+,1.0,1.0,proper_train
113816,49.0,20.0,35.0,310.0,36.9,0.5343555933122234,1,8.4,Obese,40-59,1.0,3.0,test
113819,60.0,14.0,11.0,201.0,28.2,1.2600474101757286,0,4.4,Overweight,60+,1.0,4.0,proper_train
113820,35.0,16.0,14.0,266.0,39.1,0.5626552461314197,0,4.7,Obese,18-39,2.0,3.0,proper_train
113822,51.0,21.0,22.0,252.0,24.1,0.9061030445113444,0,4.0,Normal,40-59,2.0,6.0,proper_train
113824,36.0,27.0,23.0,192.0,28.6,1.0556042211639411,1,8.4,Overweight,18-39,1.0,2.0,proper_train
113825,66.0,28.0,12.0,235.0,26.7,2.270092122260486,0,3.9,Overweight,60+,2.0,3.0,proper_train
113827,80.0,22.0,12.0,148.0,21.4,3.4328934924788563,0,3.4,Normal,60+,1.0,3.0,proper_train
113828,42.0,17.0,11.0,164.0,31.4,1.3126774391983125,0,6.3,Obese,40-59,2.0,1.0,conformal_calibration
113831,80.0,17.0,18.0,161.0,28.0,1.9910253052043576,0,7.8,Overweight,60+,1.0,3.0,test
113834,42.0,15.0,16.0,219.0,24.6,0.7191780821917808,0,3.4,Normal,40-59,1.0,6.0,proper_train
113838,59.0,22.0,20.0,256.0,17.0,1.1337563417166903,0,4.4,Underweight,40-59,1.0,6.0,proper_train
113839,42.0,34.0,63.0,127.0,28.6,1.4166227492314343,1,8.3,Overweight,40-59,1.0,3.0,proper_train
113840,62.0,25.0,29.0,175.0,23.6,1.6447301381396024,0,6.8,Normal,60+,1.0,6.0,proper_train
113841,57.0,17.0,21.0,205.0,33.1,1.031478710432569,0,5.6,Obese,40-59,1.0,3.0,test
113843,80.0,24.0,26.0,240.0,25.7,1.5689290811054724,1,19.0,Overweight,60+,2.0,3.0,proper_train
113844,41.0,18.0,17.0,278.0,36.9,0.6438535657439343,0,5.8,Obese,40-59,2.0,2.0,proper_train
113846,58.0,30.0,25.0,201.0,24.2,1.7313432835820894,0,6.6,Normal,40-59,2.0,3.0,test
113847,51.0,15.0,14.0,282.0,28.5,0.7250171988049811,0,3.6,Overweight,40-59,2.0,1.0,conformal_calibration
113849,18.0,18.0,13.0,275.0,19.5,0.3267688428672259,0,5.8,Normal,18-39,2.0,3.0,proper_train
113851,67.0,17.0,18.0,174.0,37.5,1.5429015781062791,1,25.1,Obese,60+,1.0,4.0,proper_train
113852,78.0,42.0,25.0,164.0,27.9,3.995121951219512,1,14.8,Overweight,60+,2.0,1.0,proper_train
113854,70.0,24.0,25.0,220.0,36.2,1.5272727272727273,0,3.4,Obese,60+,2.0,2.0,proper_train
113856,63.0,13.0,14.0,341.0,49.1,0.6418972349744152,0,7.2,Obese,60+,2.0,3.0,proper_train
113857,49.0,25.0,41.0,216.0,24.6,0.8857076773775113,1,11.8,Normal,40-59,2.0,6.0,proper_train
113859,75.0,29.0,23.0,284.0,26.5,1.5968973611765411,0,6.4,Overweight,60+,1.0,6.0,test
113860,51.0,15.0,16.0,288.0,28.9,0.6640625,0,3.6,Overweight,40-59,2.0,6.0,proper_train
113862,61.0,17.0,13.0,498.0,18.8,0.577534240447352,0,3.1,Normal,60+,2.0,2.0,test
113863,66.0,18.0,17.0,315.0,29.8,0.9147057858513129,0,4.1,Overweight,60+,2.0,4.0,conformal_calibration
113865,52.0,14.0,12.0,312.0,34.0,0.6735753140545634,0,4.1,Obese,40-59,2.0,3.0,proper_train
113866,58.0,20.0,19.0,155.0,21.5,1.7169177502571071,0,4.1,Normal,40-59,2.0,3.0,proper_train
113868,37.0,37.0,31.0,166.0,50.7,1.4812027618955113,1,23.5,Obese,18-39,2.0,3.0,proper_train
113869,80.0,18.0,15.0,127.0,24.5,2.927609458550488,0,7.5,Normal,60+,1.0,3.0,proper_train
113870,69.0,14.0,16.0,223.0,23.3,1.0829596412556053,0,4.5,Normal,60+,1.0,6.0,test
113871,71.0,19.0,13.0,128.0,29.8,2.923010018389977,0,4.3,Overweight,60+,1.0,4.0,test
113872,62.0,29.0,31.0,125.0,25.6,2.5834426643531305,0,7.8,Overweight,60+,1.0,4.0,proper_train
113874,43.0,24.0,36.0,212.0,32.0,0.8113207547169812,0,4.6,Obese,40-59,1.0,2.0,conformal_calibration
113888,73.0,18.0,17.0,406.0,25.1,0.7849552002407427,0,6.3,Overweight,60+,1.0,3.0,test
113889,60.0,42.0,47.0,217.0,34.3,1.6939160302981304,0,5.9,Obese,60+,1.0,3.0,proper_train
113891,40.0,18.0,13.0,267.0,26.9,0.7479103769328933,0,3.9,Overweight,40-59,2.0,7.0,conformal_calibration
113894,18.0,20.0,24.0,275.0,31.9,0.26721706284907404,0,2.6,Obese,18-39,1.0,3.0,test
113895,69.0,22.0,14.0,215.0,38.1,1.886988675456094,0,2.7,Obese,60+,2.0,1.0,proper_train
113897,69.0,18.0,12.0,236.0,25.8,1.5192140557913458,0,5.1,Overweight,60+,1.0,3.0,proper_train
113898,46.0,47.0,48.0,244.0,30.9,1.2789254938401342,1,12.2,Obese,40-59,1.0,6.0,test
113899,37.0,33.0,51.0,309.0,33.7,0.5533145574751456,0,4.9,Obese,18-39,2.0,7.0,proper_train
113900,58.0,14.0,17.0,350.0,30.2,0.5626826500842924,0,3.8,Obese,40-59,1.0,3.0,conformal_calibration
113903,65.0,21.0,15.0,289.0,23.3,1.219520707629325,0,3.3,Normal,60+,2.0,3.0,test
113906,33.0,16.0,20.0,185.0,25.3,0.6381858876323724,0,2.4,Overweight,18-39,1.0,3.0,proper_train
113910,38.0,20.0,28.0,253.0,27.1,0.5676936748755191,0,6.7,Overweight,18-39,1.0,4.0,test
113914,18.0,13.0,10.0,143.0,16.3,0.517463617118462,0,5.7,Underweight,18-39,2.0,4.0,conformal_calibration
113915,36.0,10.0,6.0,287.0,42.9,0.5120884479686086,0,4.2,Obese,18-39,2.0,4.0,proper_train
113917,31.0,30.0,41.0,221.0,28.4,0.6572018034226409,0,4.4,Overweight,18-39,1.0,2.0,test
113921,55.0,37.0,32.0,244.0,28.2,1.4743466185600658,0,4.5,Overweight,40-59,2.0,6.0,test
113922,58.0,23.0,25.0,225.0,29.9,1.1857777777777778,0,3.6,Overweight,40-59,1.0,1.0,proper_train
113925,19.0,21.0,16.0,235.0,26.2,0.42446808510638295,0,5.3,Overweight,18-39,2.0,3.0,test
113926,77.0,17.0,25.0,154.0,32.4,1.7,0,6.1,Obese,60+,1.0,3.0,proper_train
113928,34.0,11.0,8.0,228.0,22.4,0.5799516143942297,0,3.7,Normal,18-39,2.0,6.0,proper_train
113934,41.0,23.0,29.0,242.0,27.5,0.7235979500039665,0,5.1,Overweight,40-59,1.0,3.0,proper_train
113936,80.0,16.0,15.0,201.0,31.7,1.644251636200827,0,4.0,Obese,60+,1.0,3.0,proper_train
113938,19.0,47.0,60.0,232.0,20.9,0.4969215701383941,1,9.4,Normal,18-39,1.0,4.0,test
113943,62.0,24.0,22.0,249.0,26.6,1.2740669314744912,0,3.7,Overweight,60+,1.0,3.0,proper_train
113944,57.0,21.0,28.0,210.0,31.1,1.0771987480762975,0,3.9,Obese,40-59,1.0,3.0,test
113945,55.0,32.0,24.0,260.0,25.8,1.3817634446469211,0,6.7,Overweight,40-59,1.0,6.0,proper_train
113946,22.0,37.0,54.0,297.0,29.1,0.37296757400402303,0,6.4,Overweight,18-39,2.0,7.0,proper_train
113947,31.0,15.0,13.0,424.0,32.7,0.3041693292980325,0,8.0,Obese,18-39,2.0,4.0,proper_train
113951,36.0,13.0,11.0,193.0,43.7,0.7311259547274268,0,5.2,Obese,18-39,2.0,4.0,proper_train
113953,45.0,17.0,14.0,260.0,29.1,0.7863648079346333,0,4.3,Overweight,40-59,2.0,3.0,test
113954,47.0,23.0,32.0,358.0,24.0,0.5337866134515766,0,3.8,Normal,40-59,2.0,1.0,proper_train
113957,51.0,22.0,26.0,286.0,24.9,0.7693786840036451,0,4.6,Normal,40-59,1.0,3.0,conformal_calibration
113958,43.0,25.0,37.0,100.0,27.2,1.7672891135325908,0,6.3,Overweight,40-59,1.0,4.0,proper_train
113965,39.0,15.0,14.0,256.0,41.4,0.6107336973389386,0,6.8,Obese,18-39,2.0,4.0,proper_train
113967,36.0,13.0,14.0,360.0,20.7,0.34743961448615174,0,3.3,Normal,18-39,1.0,3.0,test
113968,77.0,22.0,20.0,304.0,23.4,1.2460194585146853,0,3.7,Normal,60+,2.0,3.0,proper_train
113971,71.0,22.0,21.0,156.0,27.8,2.1849765676193598,0,4.9,Overweight,60+,1.0,3.0,conformal_calibration
113972,35.0,15.0,27.0,183.0,28.5,0.5521109131594781,0,5.8,Overweight,18-39,1.0,1.0,proper_train
113973,62.0,42.0,28.0,407.0,30.6,1.2091148497739896,0,5.5,Obese,60+,2.0,4.0,proper_train
113976,21.0,16.0,33.0,378.0,38.7,0.15473569418284253,0,6.4,Obese,18-39,1.0,4.0,proper_train
113977,60.0,17.0,16.0,202.0,29.4,1.2623762376237624,0,4.3,Overweight,60+,1.0,3.0,test
113978,77.0,25.0,24.0,212.0,25.5,1.8534857526956048,0,6.5,Overweight,60+,2.0,3.0,proper_train
113979,27.0,20.0,21.0,199.0,21.4,0.5921490488815874,0,2.9,Normal,18-39,2.0,1.0,proper_train
113980,43.0,20.0,40.0,439.0,25.3,0.3097447366451943,0,5.6,Overweight,40-59,2.0,1.0,test
113982,57.0,21.0,25.0,347.0,35.4,0.6899135446685879,0,6.5,Obese,40-59,1.0,2.0,test
113983,66.0,14.0,13.0,228.0,27.3,1.1239977660353329,0,7.0,Overweight,60+,2.0,3.0,proper_train
113987,33.0,24.0,20.0,183.0,24.8,0.9677408951802369,0,4.6,Normal,18-39,1.0,3.0,proper_train
113992,35.0,21.0,33.0,195.0,43.8,0.6561388570637842,1,9.0,Obese,18-39,1.0,3.0,test
113994,43.0,23.0,30.0,314.0,30.0,0.5750505407352541,0,4.8,Obese,40-59,1.0,2.0,conformal_calibration
113998,53.0,20.0,24.0,243.0,27.6,0.8904180820816766,0,4.6,Overweight,40-59,2.0,3.0,proper_train
114001,19.0,15.0,12.0,268.0,33.9,0.30698661701314056,0,3.0,Obese,18-39,2.0,3.0,proper_train
114005,41.0,17.0,20.0,279.0,27.3,0.5586162653467216,0,3.9,Overweight,40-59,1.0,2.0,proper_train
114008,66.0,16.0,17.0,195.0,28.1,1.3134236925044493,1,21.5,Overweight,60+,1.0,3.0,conformal_calibration
114015,62.0,15.0,13.0,218.0,29.0,1.1831907855262915,0,4.5,Overweight,60+,1.0,3.0,proper_train
114017,61.0,21.0,30.0,297.0,35.2,0.7874664378946328,0,4.5,Obese,60+,1.0,1.0,proper_train
114019,74.0,25.0,18.0,201.0,24.0,2.1693989140880814,0,5.0,Normal,60+,1.0,3.0,test
114021,63.0,18.0,16.0,194.0,26.9,1.461340206185567,0,7.8,Overweight,60+,1.0,3.0,test
114023,63.0,47.0,58.0,120.0,30.4,3.239986230813654,1,12.7,Obese,60+,1.0,3.0,proper_train
114027,57.0,18.0,16.0,235.0,31.0,1.0914893617021277,0,3.9,Obese,40-59,1.0,4.0,test
114028,75.0,17.0,14.0,148.0,21.2,2.302419482691494,0,5.7,Normal,60+,1.0,3.0,proper_train
114030,28.0,16.0,10.0,211.0,25.9,0.6714219866139497,0,4.4,Overweight,18-39,2.0,4.0,proper_train
114032,65.0,17.0,15.0,166.0,31.3,1.7187335733169462,0,5.4,Obese,60+,2.0,3.0,proper_train
114034,45.0,20.0,29.0,266.0,45.4,0.6282924975915289,0,5.9,Obese,40-59,2.0,3.0,proper_train
114035,34.0,26.0,29.0,251.0,31.1,0.6540027049741588,0,4.7,Obese,18-39,1.0,3.0,test
114036,56.0,14.0,15.0,291.0,38.4,0.695628623923623,0,6.9,Obese,40-59,2.0,4.0,test
114037,76.0,14.0,10.0,321.0,25.5,1.048181754024659,0,3.0,Overweight,60+,2.0,3.0,test
114038,70.0,20.0,15.0,207.0,28.7,1.746272684280317,0,7.3,Overweight,60+,2.0,2.0,proper_train
114039,62.0,21.0,18.0,191.0,34.6,1.6067243090835688,0,7.7,Obese,60+,1.0,4.0,proper_train
114040,59.0,34.0,37.0,106.0,40.1,3.111173288061762,0,3.5,Obese,40-59,2.0,4.0,test
114045,70.0,15.0,12.0,296.0,36.8,1.0240165247451134,0,7.7,Obese,60+,1.0,3.0,test
114046,40.0,20.0,30.0,342.0,25.2,0.4270741189124102,0,4.9,Overweight,40-59,1.0,3.0,test
114048,30.0,15.0,11.0,188.0,30.0,0.7217026864893279,0,4.9,Obese,18-39,2.0,3.0,proper_train
114049,66.0,17.0,25.0,347.0,39.9,0.646685878962536,0,6.5,Obese,60+,2.0,3.0,test
114052,73.0,17.0,13.0,236.0,26.7,1.4584384396515029,0,3.2,Overweight,60+,1.0,3.0,test
114053,26.0,44.0,37.0,293.0,26.0,0.6418854657929309,0,5.5,Overweight,18-39,1.0,6.0,test
114054,77.0,17.0,15.0,178.0,32.1,1.8987772285338982,0,2.2,Obese,60+,1.0,4.0,conformal_calibration
114056,50.0,29.0,41.0,275.0,29.9,0.8234616535944683,0,5.0,Overweight,40-59,1.0,2.0,proper_train
114057,25.0,19.0,31.0,257.0,27.5,0.3319553247576579,0,4.4,Overweight,18-39,2.0,2.0,test
114058,80.0,14.0,12.0,226.0,25.1,1.4306024369300463,0,5.9,Overweight,60+,1.0,3.0,test
114059,68.0,32.0,39.0,269.0,25.6,1.2953117571742365,0,3.3,Overweight,60+,2.0,4.0,proper_train
114060,25.0,14.0,13.0,302.0,35.5,0.32143223291197054,0,5.5,Obese,18-39,2.0,4.0,proper_train
114062,33.0,13.0,8.0,319.0,40.0,0.47546835286681643,0,3.2,Obese,18-39,2.0,7.0,test
114068,32.0,15.0,14.0,199.0,24.4,0.6446502317485613,0,3.5,Normal,18-39,2.0,3.0,test
114069,27.0,19.0,15.0,337.0,40.4,0.3930446007130376,0,4.2,Obese,18-39,2.0,4.0,proper_train
114071,63.0,21.0,12.0,358.0,33.8,1.0668078298015014,0,4.4,Obese,60+,2.0,4.0,test
114074,18.0,23.0,11.0,168.0,21.9,0.7430100991380604,0,5.6,Normal,18-39,1.0,3.0,test
114075,24.0,19.0,12.0,260.0,18.7,0.5062917745201334,0,3.7,Normal,18-39,2.0,3.0,test
114078,32.0,12.0,9.0,238.0,24.0,0.5378151260504201,0,3.5,Normal,18-39,2.0,6.0,proper_train
114081,48.0,37.0,71.0,212.0,37.6,0.9942095400718318,0,6.9,Obese,40-59,1.0,3.0,test
114082,80.0,20.0,11.0,258.0,28.8,1.8698377958310923,0,4.5,Overweight,60+,2.0,4.0,proper_train
114087,44.0,19.0,31.0,190.0,32.1,0.7902633289178096,0,5.2,Obese,40-59,1.0,2.0,proper_train
114092,39.0,20.0,22.0,266.0,30.9,0.6251750329224666,0,4.0,Obese,18-39,1.0,3.0,proper_train
114093,44.0,17.0,11.0,168.0,26.6,1.3424433675248046,0,3.6,Overweight,40-59,2.0,4.0,proper_train
114096,78.0,20.0,17.0,231.0,26.6,1.6379029223232875,0,5.3,Overweight,60+,1.0,3.0,proper_train
114098,54.0,21.0,17.0,283.0,25.8,0.971856532831101,0,6.0,Overweight,40-59,2.0,4.0,proper_train
114101,46.0,23.0,17.0,204.0,27.9,1.2578563298452956,0,4.3,Overweight,40-59,1.0,2.0,proper_train
114103,74.0,16.0,11.0,211.0,31.3,1.6918930425595835,0,4.7,Obese,60+,2.0,7.0,proper_train
114105,69.0,12.0,10.0,340.0,40.4,0.7701076184174759,0,7.4,Obese,60+,2.0,4.0,proper_train
114106,75.0,12.0,9.0,226.0,34.4,1.3274336283185841,0,3.5,Obese,60+,2.0,3.0,proper_train
114108,63.0,19.0,17.0,238.0,18.8,1.2198115259180276,0,3.8,Normal,60+,2.0,3.0,proper_train
114110,26.0,19.0,27.0,196.0,23.7,0.48505277717631823,0,5.5,Normal,18-39,1.0,1.0,test
114111,19.0,78.0,62.0,183.0,27.0,1.0284928317720345,0,4.5,Overweight,18-39,2.0,1.0,test
114114,49.0,20.0,22.0,287.0,31.6,0.7280024460923283,0,4.9,Obese,40-59,2.0,1.0,proper_train
114117,54.0,22.0,17.0,272.0,24.6,1.0593100093498662,0,2.2,Normal,40-59,2.0,3.0,proper_train
114118,62.0,18.0,16.0,134.0,36.1,2.082089552238806,0,5.8,Obese,60+,1.0,3.0,conformal_calibration
114122,33.0,24.0,27.0,291.0,33.2,0.5237816875122379,0,5.3,Obese,18-39,1.0,4.0,test
114123,63.0,20.0,30.0,268.0,27.9,0.8583711722095886,0,5.8,Overweight,60+,1.0,4.0,proper_train
114124,36.0,17.0,16.0,333.0,31.8,0.4594594594594595,0,3.9,Obese,18-39,2.0,3.0,proper_train
114125,68.0,16.0,13.0,195.0,34.3,1.5474713166488445,0,4.3,Obese,60+,2.0,3.0,proper_train
114128,74.0,8.0,9.0,123.0,29.6,1.6043360433604337,0,7.9,Overweight,60+,1.0,3.0,proper_train
114130,63.0,18.0,13.0,301.0,20.9,1.0449003696335712,0,4.5,Normal,60+,2.0,6.0,proper_train
114133,57.0,24.0,27.0,205.0,25.5,1.2842523060998503,0,4.3,Overweight,40-59,1.0,3.0,proper_train
114135,21.0,14.0,8.0,211.0,23.5,0.49262889494986956,0,5.2,Normal,18-39,2.0,4.0,proper_train
114136,30.0,29.0,45.0,208.0,29.7,0.6235189552643644,0,6.3,Overweight,18-39,1.0,2.0,proper_train
114141,60.0,20.0,24.0,206.0,24.0,1.1890726906714457,0,4.4,Normal,60+,1.0,6.0,test
114143,43.0,25.0,35.0,205.0,31.0,0.8863812915445418,0,6.2,Obese,40-59,1.0,4.0,test
114145,54.0,24.0,25.0,220.0,22.8,1.1781818181818182,0,3.2,Normal,40-59,1.0,6.0,proper_train
114147,56.0,17.0,12.0,184.0,27.3,1.493580044207945,0,4.0,Overweight,40-59,2.0,3.0,proper_train
114148,78.0,26.0,20.0,233.0,35.5,1.9462428576693447,0,8.1,Obese,60+,2.0,3.0,test
114157,41.0,29.0,34.0,228.0,21.9,0.8943500777826447,0,3.1,Normal,40-59,2.0,6.0,proper_train
114159,73.0,23.0,24.0,172.0,27.4,1.9925839525837967,0,4.3,Overweight,60+,1.0,2.0,test
114161,62.0,12.0,12.0,217.0,37.5,0.9897433186107871,0,5.0,Obese,60+,1.0,3.0,test
114162,68.0,21.0,30.0,258.0,33.9,1.010526889040539,0,3.7,Obese,60+,1.0,4.0,proper_train
114163,64.0,26.0,18.0,244.0,27.0,1.6074121364677803,0,4.7,Overweight,60+,2.0,3.0,test
114165,50.0,36.0,43.0,192.0,27.0,1.4296740968681687,0,6.0,Overweight,40-59,1.0,3.0,proper_train
114167,26.0,20.0,19.0,251.0,25.9,0.4752835920824387,0,6.7,Overweight,18-39,2.0,3.0,proper_train
114168,25.0,54.0,100.0,213.0,27.7,0.6338028169014085,0,5.4,Overweight,18-39,1.0,3.0,test
114169,71.0,15.0,9.0,264.0,23.7,1.3446969696969697,0,5.5,Normal,60+,1.0,4.0,test
114172,54.0,25.0,38.0,271.0,31.2,0.8081140905037987,0,5.3,Obese,40-59,1.0,3.0,test
114173,55.0,19.0,30.0,151.0,27.2,1.2635100940240587,0,5.6,Overweight,40-59,1.0,3.0,test
114178,51.0,30.0,38.0,234.0,29.1,1.0606785227780628,0,6.5,Overweight,40-59,1.0,4.0,proper_train
114179,69.0,17.0,16.0,196.0,37.4,1.496173469387755,0,6.8,Obese,60+,1.0,4.0,test
114181,60.0,14.0,13.0,216.0,36.6,1.07858371488239,0,2.9,Obese,60+,2.0,3.0,proper_train
114182,67.0,12.0,7.0,119.0,40.3,2.553642321843854,0,7.0,Obese,60+,2.0,4.0,conformal_calibration
114183,36.0,18.0,17.0,273.0,22.4,0.575688956130197,0,3.6,Normal,18-39,2.0,3.0,test
114184,79.0,17.0,10.0,190.0,29.1,2.23523099874007,1,9.2,Overweight,60+,2.0,3.0,test
114185,72.0,18.0,13.0,228.0,23.5,1.5765163471664407,0,4.6,Normal,60+,2.0,2.0,test
114186,76.0,17.0,10.0,212.0,19.9,1.9271994042158234,0,4.9,Normal,60+,1.0,7.0,test
114188,45.0,24.0,32.0,234.0,24.3,0.8158924398306318,0,8.1,Normal,40-59,1.0,1.0,test
114189,73.0,20.0,17.0,258.0,33.0,1.3724884207482408,0,6.5,Obese,60+,1.0,3.0,test
114194,42.0,43.0,72.0,287.0,23.1,0.7415997949029646,0,2.5,Normal,40-59,1.0,7.0,test
114195,46.0,18.0,16.0,218.0,24.9,0.9495412844036697,0,6.4,Normal,40-59,2.0,4.0,proper_train
114199,34.0,18.0,19.0,386.0,33.0,0.3637368630279373,0,6.1,Obese,18-39,2.0,3.0,proper_train
114203,61.0,20.0,18.0,359.0,21.9,0.8009937539903325,0,4.1,Normal,60+,1.0,4.0,test
114211,30.0,27.0,18.0,179.0,23.6,1.0665856475998206,0,6.9,Normal,18-39,1.0,4.0,test
114212,66.0,15.0,11.0,303.0,23.7,0.985136076343188,0,3.4,Normal,60+,2.0,6.0,test
114213,79.0,25.0,21.0,190.0,31.4,2.2683175432425524,0,6.7,Obese,60+,1.0,3.0,proper_train
114219,63.0,13.0,15.0,216.0,28.3,0.9790041236246526,1,8.3,Overweight,60+,2.0,2.0,test
114220,22.0,16.0,16.0,205.0,22.2,0.4292682926829268,0,4.6,Normal,18-39,1.0,4.0,test
114222,42.0,15.0,11.0,238.0,25.0,0.7981182650587861,0,3.2,Overweight,40-59,2.0,1.0,proper_train
114227,28.0,16.0,13.0,241.0,19.1,0.5155719666159806,0,5.9,Normal,18-39,2.0,4.0,test
114228,22.0,28.0,35.0,295.0,32.5,0.3529593362120449,1,65.6,Obese,18-39,1.0,3.0,proper_train
114229,46.0,14.0,10.0,300.0,52.4,0.6788356043828121,1,9.5,Obese,40-59,2.0,4.0,proper_train
114231,57.0,23.0,15.0,279.0,26.0,1.2132571485968753,0,3.5,Overweight,40-59,2.0,6.0,test
114236,38.0,25.0,51.0,223.0,37.2,0.5965318743617082,0,5.3,Obese,18-39,1.0,1.0,test
114239,20.0,21.0,22.0,286.0,38.8,0.31309196108166565,0,5.1,Obese,18-39,2.0,4.0,proper_train
114240,76.0,19.0,10.0,239.0,31.3,1.910597883382067,0,2.6,Obese,60+,2.0,3.0,test
114243,78.0,16.0,13.0,152.0,29.1,2.2771902792404144,0,6.0,Overweight,60+,2.0,3.0,test
114244,24.0,20.0,17.0,253.0,32.1,0.46014664038513764,0,4.5,Obese,18-39,1.0,1.0,proper_train
114246,32.0,13.0,20.0,179.0,27.0,0.5196671947709008,0,5.3,Overweight,18-39,1.0,4.0,proper_train
114247,75.0,17.0,7.0,535.0,26.4,0.9007564543677844,0,4.1,Overweight,60+,1.0,3.0,proper_train
114248,69.0,21.0,14.0,248.0,21.8,1.5615384658512215,0,5.2,Normal,60+,1.0,6.0,proper_train
114251,60.0,30.0,32.0,217.0,28.8,1.4663504678983703,0,4.1,Overweight,60+,1.0,2.0,test
114254,54.0,25.0,20.0,262.0,26.8,1.1521724311544717,0,4.8,Overweight,40-59,2.0,2.0,test
114257,41.0,21.0,20.0,213.0,26.4,0.9038753655527318,0,4.4,Overweight,40-59,1.0,1.0,proper_train
114260,41.0,14.0,9.0,230.0,20.3,0.8318840579710145,0,4.4,Normal,40-59,1.0,4.0,proper_train
114261,64.0,10.0,9.0,211.0,31.3,1.0110584518167456,0,5.5,Obese,60+,2.0,3.0,test
114268,62.0,20.0,9.0,429.0,34.9,0.9634809634809635,0,6.5,Obese,60+,2.0,4.0,test
114269,75.0,29.0,27.0,233.0,32.6,1.7964761594956165,0,6.0,Obese,60+,2.0,6.0,test
114272,27.0,16.0,10.0,232.0,20.5,0.5888379091348016,0,5.3,Normal,18-39,2.0,4.0,proper_train
114273,52.0,19.0,14.0,204.0,27.1,1.294382877497428,0,3.3,Overweight,40-59,1.0,1.0,proper_train
114274,54.0,24.0,25.0,198.0,30.8,1.309090909090909,0,4.9,Obese,40-59,2.0,1.0,test
114276,42.0,29.0,28.0,234.0,30.9,0.9836767694983733,0,5.3,Obese,40-59,1.0,3.0,proper_train
114279,80.0,18.0,19.0,179.0,27.9,1.8455790881207201,1,10.5,Overweight,60+,1.0,3.0,proper_train
114280,19.0,39.0,82.0,294.0,35.0,0.27833251980088874,1,9.8,Obese,18-39,1.0,1.0,test
114287,49.0,22.0,19.0,310.0,28.1,0.7977747132660179,0,4.9,Overweight,40-59,2.0,4.0,test
114291,42.0,28.0,61.0,219.0,31.2,0.6875405059410304,1,8.3,Obese,40-59,1.0,4.0,proper_train
114293,54.0,17.0,21.0,379.0,32.6,0.5285594280650159,0,6.3,Obese,40-59,1.0,2.0,test
114294,28.0,14.0,11.0,263.0,36.5,0.44940093944670473,0,4.0,Obese,18-39,2.0,3.0,conformal_calibration
114297,80.0,20.0,11.0,193.0,28.2,2.4995759135980404,0,4.2,Overweight,60+,1.0,3.0,test
114298,70.0,16.0,11.0,237.0,25.4,1.4248637380890097,0,5.7,Overweight,60+,2.0,3.0,proper_train
114300,80.0,17.0,12.0,300.0,18.8,1.3086606101631517,0,4.4,Normal,60+,2.0,2.0,proper_train
114303,42.0,15.0,13.0,264.0,21.9,0.6618581886778302,0,3.3,Normal,40-59,1.0,4.0,proper_train
114305,64.0,37.0,54.0,449.0,31.7,0.7176926145645343,1,11.0,Obese,60+,2.0,3.0,proper_train
114306,19.0,19.0,12.0,217.0,27.7,0.48023835755173944,0,5.4,Overweight,18-39,1.0,3.0,proper_train
114311,58.0,18.0,16.0,268.0,19.7,0.9738805970149254,0,5.5,Normal,40-59,1.0,4.0,test
114312,33.0,14.0,12.0,187.0,25.2,0.7131973913518908,0,3.2,Overweight,18-39,2.0,1.0,proper_train
114314,21.0,28.0,39.0,256.0,37.8,0.3677943532710595,0,7.8,Obese,18-39,2.0,1.0,proper_train
114319,19.0,17.0,11.0,227.0,21.8,0.4290227502141747,0,5.4,Normal,18-39,2.0,2.0,proper_train
114320,55.0,24.0,32.0,209.0,31.7,1.1164843913471802,0,6.4,Obese,40-59,2.0,3.0,proper_train
114323,70.0,18.0,18.0,190.0,24.9,1.5630781478860525,0,3.7,Normal,60+,2.0,3.0,conformal_calibration
114324,70.0,22.0,22.0,150.0,26.8,2.1888606879176002,0,7.5,Overweight,60+,2.0,1.0,conformal_calibration
114327,39.0,17.0,28.0,300.0,34.7,0.4176507426751961,0,7.7,Obese,18-39,2.0,3.0,proper_train
114329,28.0,31.0,42.0,348.0,32.7,0.3848715740433787,0,6.0,Obese,18-39,1.0,1.0,proper_train
114331,63.0,23.0,16.0,225.0,24.8,1.61,0,3.6,Normal,60+,2.0,6.0,conformal_calibration
114332,80.0,29.0,21.0,358.0,30.2,1.4141494562779395,0,3.9,Obese,60+,2.0,3.0,proper_train
114333,21.0,18.0,22.0,260.0,26.5,0.30996104147084896,0,4.3,Overweight,18-39,2.0,3.0,proper_train
114334,51.0,17.0,8.0,216.0,20.4,1.419124026131335,0,5.6,Normal,40-59,2.0,3.0,proper_train
114337,62.0,19.0,29.0,295.0,33.2,0.7415224012629393,0,3.5,Obese,60+,2.0,4.0,proper_train
114338,40.0,15.0,12.0,223.0,28.4,0.7767043980129495,0,3.5,Overweight,40-59,2.0,3.0,conformal_calibration
114339,33.0,35.0,25.0,240.0,20.0,0.9625,0,4.6,Normal,18-39,1.0,4.0,proper_train
114340,30.0,17.0,33.0,154.0,34.9,0.5764909385545838,0,4.5,Obese,18-39,1.0,2.0,test
114343,18.0,14.0,11.0,238.0,23.2,0.3192473060235144,0,4.4,Normal,18-39,1.0,3.0,test
114345,37.0,19.0,23.0,254.0,32.5,0.5771087916619038,0,5.5,Obese,18-39,2.0,1.0,proper_train
114346,74.0,16.0,14.0,229.0,30.6,1.3818223162633645,0,7.3,Obese,60+,2.0,3.0,test
114349,63.0,24.0,17.0,229.0,27.9,1.6013705897595434,0,2.8,Overweight,60+,2.0,4.0,test
114351,74.0,15.0,12.0,234.0,38.8,1.3693564076933433,0,2.9,Obese,60+,2.0,4.0,proper_train
114352,55.0,14.0,13.0,208.0,20.7,1.0267287285899676,0,3.1,Normal,40-59,2.0,6.0,proper_train
114353,59.0,17.0,27.0,228.0,28.3,0.846611578943267,0,3.7,Overweight,40-59,1.0,3.0,proper_train
114354,37.0,18.0,25.0,195.0,31.6,0.683076923076923,0,5.3,Obese,18-39,1.0,2.0,test
114357,75.0,19.0,15.0,245.0,25.7,1.501769052611039,0,4.5,Overweight,60+,2.0,6.0,conformal_calibration
114361,21.0,51.0,78.0,281.0,32.2,0.43155469877895447,0,5.3,Obese,18-39,1.0,6.0,proper_train
114363,80.0,17.0,15.0,196.0,32.6,1.7915841329394853,0,6.0,Obese,60+,1.0,3.0,test
114364,71.0,15.0,12.0,252.0,22.5,1.2199961045376022,0,6.8,Normal,60+,1.0,7.0,proper_train
114366,79.0,26.0,25.0,249.0,25.3,1.6497991967871486,0,5.3,Overweight,60+,2.0,1.0,proper_train
114369,56.0,37.0,43.0,121.0,19.7,2.61138047710047,0,2.9,Normal,40-59,2.0,6.0,proper_train
114371,80.0,31.0,31.0,230.0,32.8,1.9366136914191383,0,4.1,Obese,60+,1.0,3.0,test
114374,25.0,20.0,14.0,291.0,27.4,0.4592117558632721,0,5.6,Overweight,18-39,1.0,3.0,conformal_calibration
114376,33.0,15.0,13.0,172.0,22.3,0.798187782358978,0,6.6,Normal,18-39,1.0,3.0,test
114377,41.0,19.0,11.0,229.0,24.3,1.0256652289348378,0,3.2,Normal,40-59,2.0,1.0,proper_train
114379,33.0,20.0,16.0,290.0,23.9,0.5689655172413793,0,3.5,Normal,18-39,1.0,3.0,proper_train
114380,47.0,13.0,10.0,337.0,28.3,0.5733387686536735,0,4.3,Overweight,40-59,1.0,3.0,test
114383,80.0,19.0,12.0,146.0,31.3,3.0053849629049014,0,5.1,Obese,60+,1.0,3.0,proper_train
114386,80.0,12.0,10.0,8.0,22.4,37.94733192202055,0,6.0,Normal,60+,1.0,6.0,conformal_calibration
114387,30.0,16.0,16.0,223.0,25.9,0.5381165919282511,0,2.4,Overweight,18-39,2.0,3.0,test
114388,52.0,18.0,17.0,242.0,25.2,0.9380716736942466,0,4.1,Overweight,40-59,2.0,2.0,test
114389,63.0,15.0,10.0,136.0,35.8,2.197317932984646,1,8.8,Obese,60+,1.0,3.0,test
114393,23.0,18.0,25.0,199.0,27.9,0.41608040201005025,0,4.5,Overweight,18-39,1.0,3.0,proper_train
114396,18.0,24.0,53.0,286.0,28.4,0.2074816909994184,0,4.9,Overweight,18-39,1.0,3.0,conformal_calibration
114403,54.0,50.0,15.0,115.0,19.5,6.062060889715957,1,22.0,Normal,40-59,2.0,4.0,proper_train
114404,60.0,26.0,15.0,291.0,31.5,1.3841589965827195,0,5.0,Obese,60+,1.0,4.0,proper_train
114405,36.0,21.0,17.0,239.0,28.2,0.7671838181065596,0,3.7,Overweight,18-39,2.0,1.0,proper_train
114406,60.0,55.0,59.0,345.0,33.0,1.24528523546875,0,6.4,Obese,60+,2.0,1.0,test
114407,66.0,17.0,20.0,246.0,30.1,1.0198651507133187,0,4.4,Obese,60+,1.0,1.0,proper_train
114409,50.0,17.0,20.0,373.0,30.2,0.5095597267760914,0,5.8,Obese,40-59,2.0,6.0,test
114410,68.0,32.0,30.0,319.0,24.9,1.2453963272008792,1,8.5,Normal,60+,1.0,7.0,conformal_calibration
114412,45.0,21.0,15.0,283.0,21.5,0.8621835717705557,0,4.0,Normal,40-59,2.0,1.0,proper_train
114413,59.0,27.0,17.0,264.0,25.2,1.4634820101624184,0,5.2,Overweight,40-59,2.0,3.0,conformal_calibration
114415,36.0,18.0,36.0,213.0,27.4,0.5070422535211268,0,5.1,Overweight,18-39,1.0,1.0,test
114417,42.0,22.0,35.0,300.0,35.9,0.5206150209127662,0,6.0,Obese,40-59,1.0,4.0,proper_train
114419,47.0,18.0,30.0,228.0,32.4,0.6774463211248107,1,8.4,Obese,40-59,1.0,2.0,proper_train
114420,77.0,27.0,19.0,212.0,20.8,2.2497892014948015,0,7.9,Normal,60+,2.0,3.0,test
114422,38.0,26.0,34.0,279.0,36.9,0.6073139860960527,1,8.3,Obese,18-39,2.0,1.0,proper_train
114423,63.0,27.0,28.0,275.0,21.5,1.1689410337976283,0,5.9,Normal,60+,2.0,6.0,proper_train
114425,43.0,37.0,43.0,263.0,31.1,0.9225293741413461,1,11.3,Obese,40-59,2.0,2.0,test
114427,48.0,15.0,12.0,136.0,36.3,1.52828012432548,0,4.5,Obese,40-59,2.0,4.0,test
114430,36.0,11.0,8.0,251.0,24.3,0.5577973811750454,0,3.0,Normal,18-39,2.0,3.0,proper_train
114431,55.0,15.0,13.0,181.0,27.8,1.2641648118392652,0,5.3,Overweight,40-59,2.0,6.0,proper_train
114438,48.0,17.0,18.0,279.0,26.5,0.689365750834197,0,4.6,Overweight,40-59,1.0,6.0,proper_train
114444,68.0,34.0,26.0,173.0,30.2,2.6209277713264827,0,4.6,Obese,60+,1.0,3.0,test
114445,69.0,11.0,7.0,163.0,35.9,1.7599695399632114,0,5.2,Obese,60+,2.0,4.0,proper_train
114446,49.0,20.0,19.0,208.0,27.6,1.0809010538132235,1,11.2,Overweight,40-59,1.0,3.0,proper_train
114448,40.0,16.0,12.0,194.0,26.5,0.9523303409313415,0,3.5,Overweight,40-59,2.0,3.0,proper_train
114449,48.0,21.0,19.0,235.0,32.8,0.9840470627298988,0,5.4,Obese,40-59,2.0,7.0,test
114450,65.0,13.0,13.0,369.0,43.3,0.6351242084150659,0,5.0,Obese,60+,1.0,3.0,test
114452,52.0,18.0,11.0,288.0,24.9,0.9799118698777318,0,3.5,Normal,40-59,2.0,6.0,test
114453,39.0,13.0,8.0,312.0,28.5,0.5745242597140698,0,4.9,Overweight,18-39,2.0,4.0,proper_train
114458,45.0,19.0,14.0,284.0,19.4,0.804606907870151,0,4.1,Normal,40-59,1.0,6.0,proper_train
114461,69.0,20.0,14.0,127.0,35.0,2.9040985341665015,0,6.6,Obese,60+,2.0,7.0,proper_train
114462,74.0,14.0,12.0,336.0,45.7,0.890081665000673,0,4.5,Obese,60+,2.0,3.0,test
114463,19.0,26.0,38.0,230.0,36.4,0.34842340016781176,0,6.6,Obese,18-39,1.0,3.0,proper_train
114466,27.0,13.0,12.0,250.0,33.6,0.4052998889711173,0,3.7,Obese,18-39,2.0,2.0,test
114467,52.0,24.0,20.0,230.0,25.1,1.2133099286607554,0,4.9,Overweight,40-59,1.0,1.0,proper_train
114472,29.0,18.0,31.0,191.0,37.1,0.4908584694134896,1,15.4,Obese,18-39,1.0,4.0,test
114473,73.0,16.0,16.0,232.0,21.9,1.2586206896551724,0,5.8,Normal,60+,1.0,3.0,test
114475,60.0,14.0,16.0,265.0,26.7,0.7924528301886793,0,4.7,Overweight,60+,1.0,3.0,test
114478,30.0,18.0,14.0,299.0,17.0,0.48267916599568284,0,3.8,Underweight,18-39,2.0,1.0,test
114481,50.0,14.0,14.0,200.0,27.9,0.9354143466934853,0,5.2,Overweight,40-59,1.0,3.0,proper_train
114483,69.0,17.0,23.0,325.0,35.8,0.7525766390429192,0,5.7,Obese,60+,2.0,3.0,proper_train
114486,80.0,27.0,23.0,219.0,29.2,2.056580522206765,0,4.5,Overweight,60+,1.0,3.0,test
114487,55.0,17.0,18.0,217.0,33.5,1.0155834722110937,0,5.1,Obese,40-59,1.0,2.0,proper_train
114490,80.0,16.0,10.0,219.0,30.4,1.848271874436313,0,3.6,Obese,60+,2.0,4.0,conformal_calibration
114491,63.0,16.0,15.0,185.0,28.6,1.4068350317034508,0,6.9,Overweight,60+,1.0,4.0,proper_train
114493,45.0,12.0,10.0,326.0,38.7,0.5238128639542714,0,7.3,Obese,40-59,2.0,3.0,test
114497,56.0,21.0,26.0,244.0,34.4,0.9452154709938707,1,9.2,Obese,40-59,1.0,3.0,proper_train
114498,43.0,32.0,38.0,245.0,23.6,0.9110884713303236,0,4.4,Normal,40-59,1.0,6.0,proper_train
114499,65.0,18.0,19.0,274.0,26.3,0.9796219293013037,0,4.8,Overweight,60+,2.0,1.0,conformal_calibration
114500,67.0,18.0,18.0,241.0,23.5,1.179489319655569,0,7.1,Normal,60+,1.0,3.0,proper_train
114505,41.0,15.0,11.0,271.0,24.6,0.6842416122336702,0,4.6,Normal,40-59,2.0,6.0,proper_train
114507,46.0,30.0,32.0,220.0,32.6,1.1088719977698132,0,7.7,Obese,40-59,2.0,1.0,proper_train
114510,32.0,15.0,22.0,249.0,42.5,0.41098933273370686,0,5.6,Obese,18-39,2.0,2.0,test
114512,30.0,15.0,10.0,316.0,36.2,0.4503243503404338,0,4.4,Obese,18-39,2.0,4.0,proper_train
114514,29.0,19.0,17.0,246.0,34.0,0.5432403633943881,0,3.9,Obese,18-39,1.0,4.0,proper_train
114517,80.0,25.0,22.0,236.0,27.1,1.806785731827207,0,4.5,Overweight,60+,1.0,6.0,proper_train
114519,50.0,16.0,19.0,228.0,26.4,0.8049674872651289,0,4.6,Overweight,40-59,1.0,6.0,conformal_calibration
114520,43.0,14.0,7.0,374.0,44.3,0.6083813175175261,0,4.9,Obese,40-59,2.0,4.0,test
114521,54.0,20.0,15.0,297.0,24.3,0.9389050536260405,0,5.1,Normal,40-59,2.0,6.0,conformal_calibration
114523,38.0,16.0,10.0,268.0,21.9,0.7174122452919308,0,4.6,Normal,18-39,2.0,1.0,conformal_calibration
114527,55.0,24.0,27.0,384.0,26.9,0.6615471834464461,0,4.3,Overweight,40-59,2.0,2.0,conformal_calibration
114530,52.0,20.0,16.0,381.0,26.4,0.6824146981627297,0,3.0,Overweight,40-59,2.0,6.0,proper_train
114532,68.0,23.0,13.0,116.0,24.1,3.7394444262769757,1,42.6,Normal,60+,2.0,3.0,test
114533,23.0,11.0,8.0,308.0,27.7,0.29041885655876054,0,4.6,Overweight,18-39,2.0,3.0,conformal_calibration
114534,80.0,26.0,17.0,119.0,36.6,4.239278151895568,0,5.5,Obese,60+,1.0,3.0,proper_train
114535,80.0,10.0,11.0,216.0,27.6,1.1167086836213467,0,3.5,Overweight,60+,1.0,3.0,proper_train
114538,46.0,15.0,11.0,288.0,27.4,0.7223709297175588,0,6.1,Overweight,40-59,2.0,3.0,test
114539,69.0,17.0,14.0,231.0,27.9,1.3571317608799731,0,7.3,Overweight,60+,2.0,4.0,proper_train
114540,70.0,37.0,40.0,118.0,25.1,3.470465737218687,0,5.6,Overweight,60+,1.0,2.0,test
114542,45.0,15.0,5.0,319.0,23.9,0.9462983603839236,0,5.1,Normal,40-59,2.0,3.0,proper_train
114543,32.0,26.0,27.0,249.0,26.6,0.6430460829528362,0,6.0,Overweight,18-39,1.0,3.0,test
114545,80.0,36.0,37.0,115.0,28.7,4.117122464690687,0,3.5,Overweight,60+,1.0,3.0,test
114547,64.0,17.0,17.0,223.0,32.8,1.1833128252893734,0,5.9,Obese,60+,1.0,3.0,proper_train
114554,80.0,30.0,29.0,159.0,34.3,2.8029485007856887,0,6.2,Obese,60+,1.0,3.0,proper_train
114555,45.0,17.0,12.0,220.0,19.4,1.0038021725683266,0,3.6,Normal,40-59,2.0,6.0,proper_train
114557,33.0,12.0,12.0,418.0,28.3,0.27348170645824377,0,3.4,Overweight,18-39,2.0,4.0,proper_train
114559,33.0,25.0,13.0,311.0,23.5,0.7357357908132058,0,4.8,Normal,18-39,2.0,3.0,test
114560,46.0,15.0,14.0,223.0,26.4,0.8269518247514476,0,5.6,Overweight,40-59,1.0,1.0,conformal_calibration
114573,45.0,35.0,41.0,247.0,24.3,0.9958448379536622,0,6.5,Normal,40-59,1.0,2.0,test
114576,35.0,14.0,12.0,229.0,27.4,0.6176891526264555,0,5.1,Overweight,18-39,2.0,3.0,conformal_calibration
114578,41.0,10.0,9.0,281.0,26.7,0.4863582443653618,0,4.3,Overweight,40-59,2.0,4.0,conformal_calibration
114579,71.0,22.0,19.0,306.0,31.8,1.1710698572085536,0,5.6,Obese,60+,1.0,2.0,test
114585,55.0,30.0,43.0,318.0,32.8,0.7912661668201185,0,6.1,Obese,40-59,2.0,3.0,test
114586,64.0,21.0,18.0,228.0,37.3,1.3894027981209356,0,4.4,Obese,60+,2.0,3.0,test
114589,80.0,16.0,13.0,183.0,31.0,1.9399351124816757,0,6.1,Obese,60+,1.0,3.0,proper_train
114594,41.0,17.0,14.0,164.0,27.2,1.1358602781278035,0,4.9,Overweight,40-59,1.0,3.0,proper_train
114595,25.0,19.0,28.0,232.0,29.4,0.3869248376710839,0,5.1,Overweight,18-39,2.0,7.0,proper_train
114602,19.0,17.0,14.0,352.0,22.1,0.24524256005032125,0,3.5,Normal,18-39,2.0,3.0,proper_train
114607,22.0,34.0,49.0,249.0,27.5,0.4291451520367183,0,5.3,Overweight,18-39,1.0,2.0,proper_train
114608,49.0,14.0,22.0,278.0,35.2,0.5260996094242761,0,4.5,Obese,40-59,1.0,1.0,proper_train
114610,38.0,27.0,22.0,201.0,25.6,1.0882782834868472,0,5.4,Overweight,18-39,1.0,1.0,test
114611,61.0,20.0,17.0,312.0,28.0,0.9483764825138661,0,3.7,Overweight,60+,2.0,3.0,conformal_calibration
114612,40.0,16.0,19.0,371.0,27.2,0.3957576002079771,0,4.0,Overweight,40-59,2.0,4.0,test
114614,37.0,25.0,39.0,179.0,35.2,0.8274778897748917,0,5.3,Obese,18-39,1.0,6.0,proper_train
114615,19.0,13.0,7.0,213.0,35.4,0.4382968302031883,0,4.9,Obese,18-39,2.0,4.0,proper_train
114616,63.0,22.0,27.0,282.0,29.0,0.9458717176085358,0,6.3,Overweight,60+,1.0,3.0,proper_train
114620,51.0,21.0,17.0,247.0,31.5,1.0516423255623992,0,3.6,Obese,40-59,2.0,3.0,proper_train
114622,72.0,22.0,29.0,183.0,30.1,1.607330140286613,0,5.3,Obese,60+,1.0,3.0,test
114624,43.0,17.0,12.0,290.0,35.7,0.7276604254786491,0,5.6,Obese,40-59,1.0,4.0,proper_train
114631,37.0,14.0,10.0,172.0,26.7,0.9523603650972211,0,4.3,Overweight,18-39,2.0,3.0,conformal_calibration
114632,49.0,36.0,70.0,225.0,42.3,0.9370592297181646,0,7.8,Obese,40-59,2.0,3.0,proper_train
114633,35.0,17.0,17.0,338.0,26.9,0.42694880738644414,0,4.2,Overweight,18-39,2.0,2.0,proper_train
114637,59.0,15.0,19.0,226.0,37.4,0.8983757720152528,1,8.7,Obese,40-59,2.0,1.0,test
114638,43.0,25.0,28.0,228.0,43.7,0.8910346677300861,1,8.2,Obese,40-59,1.0,2.0,proper_train
114641,26.0,18.0,14.0,272.0,17.7,0.45984654858461255,0,6.5,Underweight,18-39,2.0,6.0,proper_train
114643,50.0,19.0,19.0,303.0,23.0,0.719290254709682,0,4.6,Normal,40-59,1.0,6.0,proper_train
114645,45.0,10.0,10.0,306.0,37.4,0.46504083237770283,0,5.4,Obese,40-59,2.0,1.0,proper_train
114647,44.0,16.0,13.0,312.0,39.7,0.6258156059976945,0,4.0,Obese,40-59,2.0,4.0,proper_train
114650,62.0,23.0,29.0,161.0,24.3,1.6447301381396022,0,4.9,Normal,60+,1.0,6.0,proper_train
114651,31.0,18.0,17.0,383.0,46.7,0.35335477485711175,0,6.1,Obese,18-39,2.0,1.0,proper_train
114652,23.0,64.0,27.0,210.0,22.5,1.3489834861065542,0,4.3,Normal,18-39,1.0,3.0,proper_train
114657,18.0,20.0,20.0,261.0,22.0,0.3084231693103158,0,7.0,Normal,18-39,1.0,4.0,proper_train
114658,46.0,37.0,42.0,228.0,22.7,1.1518609720854405,0,5.7,Normal,40-59,1.0,3.0,proper_train
114659,33.0,25.0,16.0,218.0,25.1,0.9461009174311926,0,4.6,Overweight,18-39,1.0,4.0,proper_train
114660,26.0,18.0,11.0,313.0,24.6,0.45082207432074567,0,5.2,Normal,18-39,2.0,1.0,test
114661,63.0,38.0,20.0,159.0,20.7,3.3667589548015697,1,8.2,Normal,60+,1.0,4.0,proper_train
114663,67.0,16.0,14.0,238.0,25.9,1.2037985350004998,0,4.9,Overweight,60+,1.0,4.0,conformal_calibration
114664,60.0,19.0,35.0,225.0,26.6,0.8564229781248968,0,7.5,Overweight,60+,1.0,1.0,proper_train
114671,29.0,38.0,60.0,257.0,33.0,0.5535703822983882,0,5.0,Obese,18-39,2.0,4.0,test
114672,40.0,22.0,15.0,260.0,22.4,0.8739039345288531,0,3.7,Normal,40-59,1.0,6.0,conformal_calibration
114673,49.0,21.0,27.0,215.0,25.2,0.9210750806141472,0,6.1,Overweight,40-59,1.0,6.0,conformal_calibration
114677,41.0,19.0,21.0,583.0,41.7,0.29158102314551987,0,4.8,Obese,40-59,2.0,4.0,proper_train
114681,39.0,20.0,19.0,311.0,43.7,0.575383512601409,0,7.9,Obese,18-39,1.0,2.0,test
114682,56.0,18.0,17.0,214.0,32.2,1.142410794563662,0,5.3,Obese,40-59,2.0,4.0,proper_train
114686,80.0,18.0,8.0,298.0,42.2,1.708445914276222,0,4.4,Obese,60+,2.0,3.0,test
114687,54.0,11.0,8.0,299.0,27.8,0.7023769699411525,0,5.2,Overweight,40-59,2.0,3.0,conformal_calibration
114688,28.0,16.0,12.0,270.0,22.7,0.47898688999435624,0,3.5,Normal,18-39,2.0,4.0,proper_train
114690,41.0,17.0,7.0,297.0,26.1,0.8870075343011158,0,5.3,Overweight,40-59,2.0,4.0,proper_train
114692,41.0,22.0,27.0,354.0,39.9,0.4903671777862923,0,3.0,Obese,40-59,1.0,2.0,proper_train
114693,48.0,16.0,17.0,267.0,40.7,0.6976305619022611,1,18.6,Obese,40-59,2.0,3.0,proper_train
114695,38.0,15.0,14.0,325.0,27.1,0.46873510120025197,0,4.8,Overweight,18-39,2.0,2.0,proper_train
114699,74.0,26.0,24.0,169.0,21.9,2.3238748841789127,0,6.0,Normal,60+,1.0,6.0,proper_train
114700,70.0,16.0,18.0,164.0,24.5,1.6096739734327912,0,4.6,Normal,60+,1.0,3.0,proper_train
114701,38.0,21.0,17.0,258.0,31.6,0.7501683286007508,0,7.3,Obese,18-39,2.0,3.0,conformal_calibration
114703,63.0,19.0,18.0,271.0,28.5,1.041090795916725,0,4.8,Overweight,60+,1.0,1.0,proper_train
114705,39.0,35.0,75.0,208.0,27.2,0.7577722283113837,0,4.5,Overweight,18-39,1.0,6.0,test
114708,51.0,27.0,47.0,243.0,28.7,0.8265682851547359,0,4.2,Overweight,40-59,1.0,3.0,proper_train
114712,39.0,47.0,28.0,247.0,65.1,1.4024471235342377,1,13.4,Obese,18-39,2.0,7.0,proper_train
114718,18.0,32.0,22.0,294.0,22.7,0.4176993626558898,0,6.1,Normal,18-39,1.0,4.0,test
114723,43.0,15.0,11.0,247.0,25.9,0.7873474382698686,0,3.6,Overweight,40-59,2.0,3.0,proper_train
114724,65.0,19.0,21.0,218.0,30.8,1.2362343781717917,0,5.1,Obese,60+,2.0,4.0,conformal_calibration
114728,40.0,14.0,7.0,415.0,33.0,0.5100243491208849,0,4.3,Obese,40-59,2.0,4.0,proper_train
114729,66.0,15.0,14.0,231.0,25.5,1.1454053224818188,0,4.0,Overweight,60+,2.0,6.0,proper_train
114731,80.0,19.0,18.0,307.0,23.2,1.1669949048898505,0,4.9,Normal,60+,2.0,3.0,proper_train
114734,19.0,19.0,23.0,289.0,49.3,0.26046264178063666,1,10.5,Obese,18-39,2.0,1.0,proper_train
114735,65.0,30.0,26.0,295.0,32.7,1.2963608932863013,0,6.1,Obese,60+,1.0,2.0,test
114738,63.0,23.0,29.0,229.0,27.7,1.174989279556979,0,3.5,Overweight,60+,1.0,1.0,test
114739,61.0,30.0,56.0,221.0,36.2,1.1065341011306258,0,5.1,Obese,60+,2.0,3.0,proper_train
114740,21.0,24.0,27.0,273.0,38.1,0.35529247334746195,0,6.4,Obese,18-39,1.0,3.0,proper_train
114741,27.0,48.0,106.0,193.0,35.3,0.6522209728575203,1,8.3,Obese,18-39,1.0,1.0,conformal_calibration
114744,75.0,18.0,13.0,195.0,25.4,1.9201160638565624,0,4.8,Overweight,60+,2.0,4.0,test
114745,58.0,29.0,33.0,138.0,26.8,2.121729110996259,0,5.2,Overweight,40-59,1.0,3.0,proper_train
114746,33.0,19.0,22.0,212.0,29.6,0.6305511752592817,0,4.8,Overweight,18-39,1.0,3.0,proper_train
114747,34.0,15.0,12.0,217.0,21.8,0.6784530813057815,0,4.4,Normal,18-39,1.0,4.0,proper_train
114756,38.0,11.0,5.0,267.0,27.0,0.7001321457639791,0,5.9,Overweight,18-39,1.0,4.0,proper_train
114757,64.0,20.0,28.0,238.0,26.4,1.0163750534701907,0,4.0,Overweight,60+,2.0,4.0,test
114759,25.0,15.0,9.0,197.0,20.7,0.6345177664974619,0,4.6,Normal,18-39,2.0,6.0,proper_train
114762,21.0,16.0,14.0,314.0,22.0,0.2859865518553331,0,4.6,Normal,18-39,1.0,7.0,proper_train
114765,50.0,17.0,26.0,338.0,30.2,0.49319146410490067,0,7.8,Obese,40-59,1.0,2.0,conformal_calibration
114769,61.0,14.0,8.0,250.0,22.1,1.2077383822666232,0,8.0,Normal,60+,2.0,4.0,proper_train
114772,35.0,25.0,14.0,273.0,22.2,0.8566065445911037,0,3.9,Normal,18-39,2.0,6.0,proper_train
114774,22.0,21.0,30.0,254.0,28.6,0.3320837553377779,0,4.5,Overweight,18-39,2.0,1.0,proper_train
114775,44.0,15.0,10.0,229.0,23.0,0.911398801620581,0,3.1,Normal,40-59,2.0,1.0,proper_train
114782,24.0,20.0,15.0,263.0,22.8,0.47123751740926745,0,6.5,Normal,18-39,1.0,3.0,test
114785,28.0,20.0,22.0,323.0,43.6,0.3696359169013679,1,12.5,Obese,18-39,2.0,3.0,proper_train
114789,57.0,18.0,16.0,282.0,37.2,0.9095744680851063,0,3.8,Obese,40-59,1.0,3.0,proper_train
114790,31.0,16.0,14.0,335.0,55.9,0.3957061969807836,0,5.3,Obese,18-39,2.0,3.0,conformal_calibration
114791,59.0,88.0,88.0,195.0,31.8,2.8383028700469985,0,7.0,Obese,40-59,2.0,2.0,proper_train
114793,61.0,22.0,15.0,236.0,19.0,1.4682326696639416,0,3.7,Normal,60+,2.0,6.0,conformal_calibration
114795,80.0,18.0,12.0,241.0,22.7,1.7248638747573883,1,8.3,Normal,60+,1.0,3.0,proper_train
114797,78.0,16.0,17.0,150.0,28.2,2.0178964003022903,0,6.7,Overweight,60+,1.0,2.0,proper_train
114798,55.0,21.0,17.0,212.0,20.6,1.3213615420611535,0,2.4,Normal,40-59,2.0,6.0,proper_train
114799,63.0,28.0,30.0,241.0,33.5,1.3363521320043057,0,5.8,Obese,60+,1.0,1.0,proper_train
114801,70.0,21.0,25.0,202.0,55.2,1.4554455445544554,1,8.2,Obese,60+,1.0,4.0,proper_train
114802,41.0,42.0,54.0,365.0,31.6,0.642012380071938,0,5.9,Obese,40-59,2.0,1.0,test
114803,35.0,13.0,12.0,260.0,26.1,0.5051814855409226,0,5.0,Overweight,18-39,2.0,6.0,proper_train
114806,32.0,14.0,11.0,334.0,19.4,0.4044224023078985,0,6.3,Normal,18-39,2.0,7.0,proper_train
114808,39.0,19.0,16.0,274.0,32.6,0.676094890510949,0,2.4,Obese,18-39,2.0,3.0,proper_train
114809,33.0,13.0,14.0,258.0,29.3,0.4443995069008917,0,3.7,Overweight,18-39,2.0,3.0,proper_train
114811,80.0,16.0,12.0,224.0,25.3,1.6495721976846451,0,5.7,Overweight,60+,2.0,2.0,proper_train
114818,45.0,17.0,22.0,270.0,24.1,0.6040686963408962,0,3.3,Normal,40-59,1.0,3.0,proper_train
114819,21.0,17.0,15.0,320.0,21.6,0.2880531363741766,0,4.3,Normal,18-39,2.0,2.0,proper_train
114822,63.0,19.0,22.0,230.0,38.6,1.109570684685503,0,2.3,Obese,60+,2.0,4.0,test
114825,47.0,27.0,20.0,193.0,26.1,1.4702436598172193,0,4.9,Overweight,40-59,1.0,4.0,proper_train
114826,76.0,15.0,15.0,145.0,29.7,2.0299774780121633,0,4.5,Overweight,60+,2.0,3.0,test
114828,80.0,24.0,18.0,208.0,26.1,2.175713172881685,0,7.6,Overweight,60+,2.0,3.0,conformal_calibration
114831,50.0,27.0,27.0,213.0,45.2,1.2197540898372374,0,7.0,Obese,40-59,1.0,4.0,proper_train
114834,21.0,30.0,29.0,184.0,25.5,0.6358046904975145,0,4.1,Overweight,18-39,1.0,4.0,proper_train
114835,56.0,14.0,14.0,175.0,27.5,1.1973303637676613,0,5.3,Overweight,40-59,2.0,3.0,test
114838,63.0,15.0,12.0,233.0,31.4,1.1708068763609365,0,6.1,Obese,60+,1.0,1.0,proper_train
114841,20.0,39.0,33.0,279.0,35.3,0.4866687155750692,0,5.0,Obese,18-39,1.0,3.0,proper_train
114842,80.0,23.0,13.0,224.0,22.4,2.278232948782191,0,5.3,Normal,60+,2.0,4.0,proper_train
114843,54.0,18.0,13.0,235.0,36.6,1.1471672143211122,0,4.2,Obese,40-59,2.0,4.0,proper_train
114846,80.0,26.0,25.0,231.0,34.6,1.800865800865801,0,5.5,Obese,60+,1.0,3.0,proper_train
114849,66.0,13.0,9.0,222.0,58.7,1.2882882882882882,0,4.1,Obese,60+,2.0,4.0,conformal_calibration
114851,23.0,21.0,18.0,363.0,25.0,0.31362036300560375,0,5.3,Overweight,18-39,1.0,2.0,proper_train
114852,24.0,20.0,38.0,251.0,32.2,0.31022423164448615,0,4.6,Obese,18-39,1.0,3.0,proper_train
114853,65.0,25.0,29.0,185.0,31.9,1.631107700203834,0,6.2,Obese,60+,1.0,2.0,proper_train
114859,68.0,22.0,34.0,186.0,33.4,1.3793649643720065,0,4.9,Obese,60+,1.0,3.0,proper_train
114861,65.0,38.0,36.0,238.0,27.7,1.7296918767507004,0,3.9,Overweight,60+,2.0,6.0,conformal_calibration
114862,64.0,21.0,27.0,249.0,33.7,1.0387667493853507,1,11.7,Obese,60+,1.0,4.0,proper_train
114863,69.0,16.0,15.0,291.0,33.6,0.9795586745046937,0,3.8,Obese,60+,2.0,4.0,conformal_calibration
114864,21.0,14.0,16.0,260.0,41.6,0.2826923076923077,0,5.5,Obese,18-39,2.0,3.0,proper_train
114868,39.0,29.0,15.0,259.0,24.3,1.1275017154596108,0,2.9,Normal,18-39,2.0,6.0,conformal_calibration
114870,34.0,21.0,21.0,179.0,27.3,0.870433372226249,0,3.8,Overweight,18-39,2.0,4.0,proper_train
114871,28.0,16.0,18.0,233.0,41.6,0.45319576247721505,0,8.0,Obese,18-39,1.0,3.0,conformal_calibration
114872,40.0,19.0,31.0,252.0,27.5,0.5416667838902736,0,3.6,Overweight,40-59,1.0,2.0,conformal_calibration
114877,33.0,36.0,64.0,275.0,32.6,0.54,0,3.9,Obese,18-39,1.0,1.0,proper_train
114879,55.0,15.0,14.0,535.0,23.7,0.4121318216406544,0,4.6,Normal,40-59,1.0,6.0,proper_train
114883,64.0,17.0,20.0,209.0,27.9,1.1640392150812302,0,3.5,Overweight,60+,2.0,1.0,proper_train
114886,80.0,20.0,15.0,245.0,26.9,1.6861968310018685,0,4.8,Overweight,60+,2.0,3.0,proper_train
114889,39.0,43.0,56.0,283.0,33.3,0.7918676725921125,0,5.6,Obese,18-39,2.0,2.0,test
114890,20.0,13.0,10.0,226.0,27.4,0.36380185470963655,0,7.1,Overweight,18-39,1.0,4.0,proper_train
114893,53.0,17.0,18.0,195.0,25.4,1.0890653159813322,0,4.3,Overweight,40-59,1.0,4.0,test
114894,62.0,22.0,24.0,198.0,29.0,1.406188556042195,0,3.3,Overweight,60+,1.0,4.0,proper_train
114895,48.0,14.0,13.0,143.0,26.4,1.3033515100117272,0,5.8,Overweight,40-59,2.0,6.0,test
114897,79.0,32.0,14.0,172.0,19.0,3.928118718340749,0,3.6,Normal,60+,2.0,4.0,test
114898,78.0,11.0,10.0,280.0,26.2,0.9690122258658819,0,4.6,Overweight,60+,1.0,4.0,proper_train
114901,57.0,16.0,11.0,283.0,28.3,0.9716549337629697,0,4.5,Overweight,40-59,2.0,3.0,proper_train
114903,74.0,15.0,10.0,172.0,34.4,2.0407722109226167,0,5.1,Obese,60+,2.0,1.0,proper_train
114905,19.0,28.0,22.0,130.0,26.0,0.872482931547575,0,3.6,Overweight,18-39,1.0,3.0,conformal_calibration
114906,23.0,15.0,7.0,209.0,21.7,0.6239126468334133,0,4.6,Normal,18-39,1.0,3.0,test
114907,36.0,20.0,25.0,268.0,36.8,0.5373134328358209,0,7.0,Obese,18-39,2.0,1.0,proper_train
114908,54.0,18.0,34.0,221.0,46.2,0.7542833699480479,1,60.7,Obese,40-59,2.0,3.0,conformal_calibration
114910,29.0,21.0,13.0,424.0,22.7,0.39836370224193934,0,4.0,Normal,18-39,2.0,3.0,conformal_calibration
114911,43.0,13.0,8.0,194.0,20.3,1.0187440481527836,0,4.3,Normal,40-59,2.0,3.0,test
114912,27.0,21.0,8.0,269.0,28.8,0.7452222024772722,0,5.6,Overweight,18-39,1.0,3.0,test
114913,54.0,17.0,12.0,215.0,30.0,1.2325756909676198,0,4.5,Obese,40-59,2.0,4.0,proper_train
114915,44.0,16.0,16.0,360.0,28.1,0.4888888888888889,0,5.2,Overweight,40-59,2.0,3.0,proper_train
114916,56.0,17.0,14.0,283.0,26.4,0.8990554851612297,0,5.5,Overweight,40-59,2.0,4.0,proper_train
114917,75.0,16.0,14.0,206.0,28.5,1.556861603373346,0,2.7,Overweight,60+,1.0,3.0,test
114919,58.0,19.0,20.0,252.0,38.2,0.9778360758749081,0,5.8,Obese,40-59,2.0,4.0,proper_train
114922,64.0,15.0,13.0,264.0,34.1,1.0085458113185983,0,6.5,Obese,60+,1.0,4.0,proper_train
114924,64.0,24.0,28.0,204.0,31.4,1.4229250748582674,0,4.4,Obese,60+,2.0,3.0,test
114925,19.0,16.0,9.0,146.0,16.7,0.6940639269406392,0,3.0,Underweight,18-39,1.0,2.0,conformal_calibration
114926,61.0,28.0,33.0,333.0,33.7,0.8928667758928887,1,11.4,Obese,60+,2.0,3.0,test
114927,50.0,19.0,15.0,200.0,26.8,1.2264447262990155,0,3.0,Overweight,40-59,2.0,2.0,proper_train
114929,43.0,18.0,17.0,262.0,23.5,0.7164983731989378,0,5.8,Normal,40-59,1.0,3.0,proper_train
114931,40.0,23.0,23.0,224.0,33.3,0.8563984863058429,0,3.1,Obese,40-59,2.0,1.0,proper_train
114932,42.0,21.0,21.0,218.0,30.3,0.8828815559089233,0,3.0,Obese,40-59,2.0,1.0,proper_train
114933,31.0,18.0,20.0,239.0,24.5,0.5220610591819592,0,6.4,Normal,18-39,1.0,7.0,test
114934,50.0,26.0,33.0,172.0,25.8,1.3157032136186466,0,6.7,Overweight,40-59,1.0,3.0,proper_train
114935,56.0,18.0,16.0,239.0,23.2,1.0543933054393306,0,2.4,Normal,40-59,2.0,3.0,proper_train
114937,58.0,20.0,39.0,289.0,35.9,0.6427289218474085,1,14.6,Obese,40-59,1.0,1.0,proper_train
114940,39.0,14.0,21.0,234.0,31.8,0.5091750772173155,0,3.4,Obese,18-39,1.0,3.0,test
114941,59.0,22.0,29.0,250.0,43.2,0.9641301958152534,1,8.2,Obese,40-59,2.0,3.0,conformal_calibration
114942,34.0,17.0,18.0,261.0,24.3,0.5219766532896865,0,4.8,Normal,18-39,1.0,3.0,test
114943,19.0,17.0,17.0,271.0,42.3,0.2890738261503157,0,4.0,Obese,18-39,2.0,3.0,proper_train
114944,37.0,51.0,85.0,227.0,36.2,0.9016470790832691,0,7.8,Obese,18-39,1.0,3.0,proper_train
114953,29.0,15.0,15.0,172.0,28.8,0.6530030060465993,0,5.7,Overweight,18-39,1.0,4.0,test
114954,32.0,15.0,13.0,178.0,18.9,0.7479103769328932,0,4.2,Normal,18-39,2.0,2.0,conformal_calibration
114958,59.0,21.0,16.0,156.0,40.6,1.9855769230769231,1,9.6,Obese,40-59,1.0,3.0,proper_train
114961,80.0,21.0,17.0,272.0,24.3,1.4980141546361743,0,3.5,Normal,60+,2.0,3.0,conformal_calibration
114962,61.0,15.0,17.0,183.0,38.6,1.212678125181665,0,4.1,Obese,60+,1.0,3.0,proper_train
114963,74.0,14.0,3.0,158.0,24.2,3.7856637903826096,0,4.5,Normal,60+,1.0,2.0,test
114965,80.0,20.0,16.0,207.0,24.1,1.932367149758454,0,5.0,Normal,60+,2.0,3.0,proper_train
114966,22.0,15.0,10.0,230.0,26.1,0.453718099067637,0,6.0,Overweight,18-39,1.0,4.0,test
114968,19.0,27.0,50.0,208.0,25.7,0.3487940180275951,0,3.1,Overweight,18-39,1.0,3.0,test
114970,34.0,18.0,17.0,262.0,44.7,0.5665335974131137,0,5.4,Obese,18-39,2.0,3.0,proper_train
114973,80.0,15.0,12.0,207.0,27.0,1.6734790411293503,0,5.3,Overweight,60+,1.0,2.0,test
114978,22.0,15.0,10.0,212.0,27.8,0.4922413338941345,0,2.4,Overweight,18-39,2.0,3.0,conformal_calibration
114979,80.0,15.0,10.0,189.0,26.4,2.007795339789447,0,5.3,Overweight,60+,1.0,3.0,proper_train
114982,69.0,27.0,31.0,175.0,32.8,1.9120267295764666,0,4.6,Obese,60+,1.0,4.0,test
114984,31.0,15.0,10.0,340.0,30.2,0.4324879741112636,0,5.1,Obese,18-39,2.0,7.0,proper_train
114985,80.0,24.0,11.0,193.0,24.2,2.9994910963176484,1,8.8,Normal,60+,1.0,4.0,conformal_calibration
114986,42.0,30.0,31.0,192.0,57.3,1.1786597945507105,1,8.7,Obese,40-59,2.0,3.0,conformal_calibration
114988,60.0,26.0,17.0,191.0,25.6,1.9809192411344474,0,4.4,Overweight,60+,1.0,1.0,proper_train
114989,56.0,24.0,30.0,221.0,30.4,1.1103154106892057,0,5.2,Obese,40-59,1.0,3.0,test
114993,36.0,15.0,21.0,246.0,43.9,0.47901488100583695,0,3.5,Obese,18-39,2.0,3.0,proper_train
114994,33.0,21.0,24.0,162.0,30.8,0.8731977323810405,0,3.5,Obese,18-39,1.0,3.0,proper_train
114995,62.0,21.0,16.0,208.0,28.0,1.5649038461538463,0,7.4,Overweight,60+,2.0,1.0,proper_train
114996,55.0,23.0,24.0,348.0,22.9,0.7420029991907855,0,3.8,Normal,40-59,2.0,4.0,proper_train
114997,41.0,22.0,23.0,225.0,25.6,0.8359111176865843,0,4.4,Overweight,40-59,1.0,3.0,test
114998,80.0,16.0,9.0,203.0,29.6,2.1018062397372743,1,10.6,Overweight,60+,1.0,1.0,proper_train
115003,48.0,14.0,13.0,274.0,28.1,0.680216299020719,0,5.4,Overweight,40-59,2.0,3.0,proper_train
115004,23.0,25.0,15.0,216.0,25.1,0.6873350074287854,0,5.4,Overweight,18-39,2.0,3.0,proper_train
115005,52.0,18.0,17.0,195.0,26.1,1.1641710001743981,0,3.4,Overweight,40-59,1.0,1.0,conformal_calibration
115006,29.0,17.0,15.0,351.0,21.0,0.36265542064202405,0,4.7,Normal,18-39,2.0,3.0,conformal_calibration
115007,72.0,17.0,13.0,294.0,33.5,1.1546820411219054,0,8.0,Obese,60+,2.0,3.0,test
115012,72.0,6.0,8.0,283.0,32.0,0.5396998753932659,0,6.4,Obese,60+,2.0,7.0,test
115013,57.0,23.0,17.0,252.0,27.1,1.2617627159628275,0,6.1,Overweight,40-59,1.0,4.0,test
115015,73.0,22.0,17.0,230.0,26.4,1.6935313643841337,0,5.5,Overweight,60+,2.0,3.0,conformal_calibration
115018,80.0,13.0,11.0,276.0,27.3,1.1361297042060658,0,3.7,Overweight,60+,1.0,3.0,test
115021,21.0,16.0,24.0,324.0,45.3,0.2116842987590401,0,7.3,Obese,18-39,1.0,1.0,test
115023,35.0,12.0,15.0,381.0,29.4,0.28462869735907526,0,5.8,Overweight,18-39,2.0,3.0,proper_train
115028,38.0,14.0,13.0,350.0,43.0,0.42157214913117413,0,7.1,Obese,18-39,2.0,1.0,conformal_calibration
115030,68.0,15.0,12.0,206.0,31.2,1.4293623169257725,0,5.4,Obese,60+,2.0,1.0,conformal_calibration
115034,29.0,27.0,30.0,314.0,33.0,0.45527257168423046,0,6.5,Obese,18-39,2.0,3.0,proper_train
115035,40.0,20.0,28.0,245.0,30.5,0.6170848538926158,0,5.0,Obese,40-59,1.0,3.0,test
115036,54.0,18.0,17.0,255.0,23.6,0.9244887354326103,0,5.7,Normal,40-59,2.0,3.0,conformal_calibration
115037,26.0,15.0,13.0,171.0,21.2,0.6325528553445596,0,6.5,Normal,18-39,1.0,4.0,test
115042,45.0,21.0,18.0,178.0,40.0,1.2513406520997892,0,4.6,Obese,40-59,1.0,4.0,conformal_calibration
115044,25.0,26.0,19.0,211.0,23.9,0.7067309337244794,0,5.3,Normal,18-39,1.0,4.0,conformal_calibration
115045,22.0,17.0,17.0,217.0,35.0,0.4180107085879656,0,4.9,Obese,18-39,2.0,1.0,test
115046,52.0,26.0,37.0,265.0,26.0,0.8387450220258229,0,3.9,Overweight,40-59,1.0,4.0,test
115047,62.0,15.0,15.0,259.0,27.9,0.9271234265052503,0,6.9,Overweight,60+,2.0,4.0,proper_train
115051,56.0,25.0,26.0,258.0,32.8,1.0641960821451848,0,3.5,Obese,40-59,1.0,3.0,proper_train
115052,20.0,23.0,39.0,228.0,27.9,0.32306557346640385,0,5.5,Overweight,18-39,1.0,1.0,proper_train
115053,18.0,13.0,6.0,287.0,19.4,0.3328574911795956,0,5.0,Normal,18-39,2.0,2.0,proper_train
115055,38.0,17.0,12.0,263.0,25.1,0.7090651594990461,0,4.0,Overweight,18-39,2.0,1.0,proper_train
115056,56.0,16.0,18.0,176.0,26.1,1.1999387801953536,0,4.5,Overweight,40-59,1.0,3.0,test
115057,69.0,14.0,10.0,310.0,51.9,0.9854065224911788,0,3.9,Obese,60+,2.0,4.0,conformal_calibration
115058,63.0,27.0,15.0,156.0,15.4,2.8153609708969296,0,4.6,Underweight,60+,1.0,4.0,proper_train
115060,21.0,16.0,20.0,318.0,52.8,0.23626378630186454,0,5.7,Obese,18-39,2.0,1.0,proper_train
115065,46.0,19.0,20.0,235.0,20.7,0.8316269839722622,0,4.9,Normal,40-59,2.0,6.0,conformal_calibration
115066,64.0,19.0,18.0,199.0,29.7,1.4402710986982277,0,5.5,Overweight,60+,1.0,3.0,proper_train
115070,39.0,17.0,10.0,290.0,17.7,0.7229620995488398,0,5.8,Underweight,18-39,2.0,3.0,proper_train
115074,54.0,29.0,30.0,168.0,21.6,1.7018522322481946,0,3.1,Normal,40-59,1.0,3.0,conformal_calibration
115077,29.0,18.0,17.0,303.0,35.7,0.4178336510526925,0,5.3,Obese,18-39,2.0,1.0,proper_train
115081,80.0,14.0,13.0,220.0,30.5,1.4119641358460377,0,5.9,Obese,60+,2.0,3.0,proper_train
115082,63.0,15.0,16.0,256.0,25.2,0.9228515625,0,4.4,Overweight,60+,2.0,6.0,proper_train
115083,73.0,28.0,17.0,255.0,26.8,1.9440894806833906,0,4.0,Overweight,60+,2.0,3.0,proper_train
115085,63.0,20.0,24.0,173.0,25.8,1.486684525966669,0,6.8,Overweight,60+,1.0,3.0,proper_train
115088,18.0,16.0,9.0,230.0,22.1,0.41739130434782606,0,2.2,Normal,18-39,2.0,3.0,proper_train
115089,59.0,24.0,15.0,315.0,22.7,1.1606654853396194,0,6.2,Normal,40-59,2.0,7.0,proper_train
115090,56.0,14.0,22.0,267.0,38.0,0.6260275716209684,1,10.1,Obese,40-59,1.0,6.0,test
115091,62.0,18.0,20.0,241.0,25.3,1.0354572045185748,0,7.8,Overweight,60+,1.0,6.0,conformal_calibration
115094,28.0,20.0,30.0,224.0,27.5,0.45643546458763845,0,3.3,Overweight,18-39,2.0,4.0,test
115095,50.0,19.0,22.0,104.0,29.8,1.94750654363298,0,7.0,Overweight,40-59,1.0,1.0,proper_train
115096,80.0,24.0,16.0,132.0,32.9,3.6363636363636362,1,10.4,Obese,60+,1.0,3.0,proper_train
115097,64.0,27.0,12.0,176.0,24.7,2.8342649578399812,0,4.5,Normal,60+,2.0,4.0,test
115099,38.0,16.0,9.0,268.0,32.9,0.7562189054726368,0,4.3,Obese,18-39,2.0,1.0,proper_train
115100,60.0,16.0,13.0,251.0,32.5,1.0607812517454582,0,4.0,Obese,60+,1.0,4.0,proper_train
115110,42.0,19.0,25.0,295.0,26.3,0.5410169491525424,1,11.6,Overweight,40-59,1.0,4.0,proper_train
115120,60.0,16.0,20.0,235.0,40.3,0.9134575567658715,1,14.2,Obese,60+,1.0,3.0,test
115122,41.0,12.0,17.0,312.0,30.1,0.3824600240957558,0,3.6,Obese,40-59,2.0,1.0,test
115123,80.0,17.0,11.0,257.0,30.3,1.59554641488622,0,5.5,Obese,60+,2.0,3.0,proper_train
115126,59.0,13.0,14.0,218.0,22.7,0.9403182226918785,0,3.6,Normal,40-59,1.0,3.0,proper_train
115127,49.0,17.0,16.0,201.0,26.5,1.0360696517412935,0,3.9,Overweight,40-59,1.0,7.0,test
115129,19.0,56.0,37.0,201.0,19.8,0.8702513556860705,0,4.7,Normal,18-39,2.0,3.0,test
115130,21.0,10.0,7.0,284.0,22.8,0.2794807722955553,0,2.7,Normal,18-39,2.0,4.0,proper_train
115133,55.0,18.0,18.0,211.0,32.2,1.1059016009078706,0,7.6,Obese,40-59,2.0,4.0,test
115138,48.0,29.0,21.0,110.0,42.9,2.7614482109863765,0,6.1,Obese,40-59,1.0,4.0,proper_train
115140,70.0,22.0,9.0,267.0,25.1,1.9225967540574282,0,4.8,Overweight,60+,1.0,6.0,conformal_calibration
115142,63.0,20.0,21.0,384.0,25.4,0.71602745233685,0,4.5,Overweight,60+,1.0,3.0,test
115144,56.0,15.0,14.0,247.0,22.4,0.9089046283661397,0,5.8,Normal,40-59,1.0,1.0,proper_train
115146,80.0,32.0,37.0,97.0,29.1,4.338777396924894,0,5.3,Overweight,60+,1.0,3.0,test
115147,65.0,16.0,11.0,301.0,23.8,1.0417667719630372,0,4.7,Normal,60+,2.0,2.0,proper_train
115150,75.0,21.0,18.0,257.0,26.8,1.4444788331631808,0,5.3,Overweight,60+,2.0,4.0,proper_train
115151,60.0,38.0,54.0,165.0,35.5,1.880416368197187,1,8.4,Obese,60+,1.0,3.0,conformal_calibration
115154,70.0,19.0,19.0,147.0,24.2,2.075666163590797,0,6.3,Normal,60+,1.0,6.0,conformal_calibration
115155,26.0,17.0,6.0,291.0,19.6,0.6200884686770703,0,5.8,Normal,18-39,2.0,4.0,proper_train
115156,61.0,18.0,15.0,199.0,28.0,1.424635080112477,0,5.5,Overweight,60+,1.0,6.0,proper_train
115159,80.0,15.0,10.0,243.0,28.9,1.5616185976140144,0,6.9,Overweight,60+,1.0,4.0,conformal_calibration
115161,69.0,15.0,12.0,125.0,23.8,2.3902301144450506,0,3.6,Normal,60+,1.0,4.0,proper_train
115164,45.0,26.0,37.0,266.0,40.9,0.7231083276213084,1,9.3,Obese,40-59,1.0,7.0,proper_train
115171,77.0,32.0,20.0,179.0,23.4,3.078028769027643,0,3.4,Normal,60+,1.0,6.0,test
115173,80.0,23.0,18.0,138.0,27.0,3.1426968052735447,0,5.6,Overweight,60+,1.0,1.0,test
115181,45.0,15.0,16.0,283.0,32.2,0.5962897526501767,0,4.6,Obese,40-59,1.0,3.0,proper_train
115185,55.0,34.0,41.0,204.0,30.6,1.4315928173122223,0,5.2,Obese,40-59,2.0,2.0,proper_train
115186,29.0,17.0,8.0,408.0,19.8,0.4272103469668725,0,6.4,Normal,18-39,2.0,4.0,proper_train
115187,63.0,25.0,23.0,197.0,26.3,1.667056863654278,0,6.5,Overweight,60+,1.0,1.0,test
115188,19.0,27.0,32.0,251.0,26.8,0.3613005764429271,0,6.1,Overweight,18-39,2.0,4.0,test
115189,70.0,19.0,14.0,204.0,25.6,1.7424384889388453,0,5.5,Overweight,60+,1.0,3.0,proper_train
115190,62.0,24.0,25.0,139.0,31.6,2.1410071942446045,0,7.8,Obese,60+,1.0,4.0,proper_train
115191,19.0,14.0,9.0,300.0,24.6,0.29555555555555557,0,5.8,Normal,18-39,2.0,7.0,proper_train
115192,67.0,18.0,17.0,198.0,34.2,1.477262443403119,0,3.7,Obese,60+,2.0,3.0,proper_train
115193,29.0,24.0,32.0,218.0,17.1,0.5643879813140332,0,6.3,Underweight,18-39,2.0,3.0,test
115201,80.0,25.0,16.0,207.0,22.0,2.4154589371980677,0,3.9,Normal,60+,1.0,3.0,test
115202,80.0,22.0,18.0,321.0,25.9,1.2923239199255698,0,3.8,Overweight,60+,2.0,7.0,proper_train
115203,60.0,16.0,14.0,189.0,29.1,1.357517419237711,0,3.6,Overweight,60+,1.0,7.0,proper_train
115205,31.0,14.0,18.0,250.0,24.7,0.40917912404661555,0,4.0,Normal,18-39,2.0,3.0,conformal_calibration
115206,65.0,16.0,13.0,294.0,29.2,0.9811023878813576,0,4.9,Overweight,60+,1.0,3.0,conformal_calibration
115210,66.0,41.0,29.0,179.0,30.9,2.807215559257555,0,4.3,Obese,60+,1.0,2.0,proper_train
115212,62.0,18.0,13.0,165.0,32.1,1.8758952090525929,0,5.5,Obese,60+,2.0,4.0,test
115213,74.0,15.0,11.0,262.0,25.4,1.2773953911500673,0,4.6,Overweight,60+,2.0,2.0,proper_train
115215,72.0,14.0,9.0,262.0,29.7,1.282442748091603,0,4.6,Overweight,60+,2.0,4.0,proper_train
115217,72.0,20.0,20.0,198.0,32.0,1.6262312563634833,0,5.6,Obese,60+,2.0,3.0,proper_train
115218,69.0,24.0,12.0,149.0,23.0,3.2083625697249003,0,5.6,Normal,60+,1.0,4.0,proper_train
115219,35.0,12.0,11.0,325.0,34.7,0.3896454299158791,0,6.7,Obese,18-39,2.0,3.0,test
115220,21.0,21.0,25.0,301.0,29.6,0.2930232558139535,0,3.3,Overweight,18-39,1.0,4.0,proper_train
115225,70.0,17.0,13.0,306.0,23.3,1.07858371488239,0,3.9,Normal,60+,2.0,3.0,proper_train
115226,77.0,21.0,16.0,150.0,24.1,2.695,0,6.7,Normal,60+,1.0,3.0,test
115229,20.0,12.0,12.0,219.0,31.0,0.31635631188472646,0,5.9,Obese,18-39,2.0,3.0,proper_train
115230,49.0,24.0,20.0,246.0,20.6,1.068949569731607,0,5.9,Normal,40-59,1.0,3.0,proper_train
115232,64.0,20.0,10.0,135.0,22.8,2.9983077074189075,1,15.5,Normal,60+,1.0,4.0,proper_train
115235,45.0,17.0,9.0,266.0,33.9,0.9586466165413534,0,3.8,Obese,40-59,2.0,4.0,test
115238,47.0,15.0,10.0,256.0,21.8,0.8708616212573075,0,4.5,Normal,40-59,2.0,7.0,proper_train
115240,41.0,13.0,12.0,321.0,40.7,0.47932662535525006,0,3.5,Obese,40-59,2.0,4.0,proper_train
115242,56.0,24.0,42.0,167.0,39.2,1.2418185769404284,1,19.1,Obese,40-59,2.0,3.0,conformal_calibration
115243,34.0,19.0,17.0,207.0,36.4,0.7568986172631454,0,5.5,Obese,18-39,2.0,3.0,proper_train
115244,34.0,21.0,14.0,193.0,27.9,0.9887281177485545,0,3.7,Overweight,18-39,1.0,6.0,proper_train
115245,39.0,19.0,12.0,296.0,30.2,0.7226630903201229,0,5.0,Obese,18-39,2.0,2.0,proper_train
115247,80.0,19.0,22.0,182.0,32.2,1.7805774113215818,0,5.2,Obese,60+,2.0,3.0,proper_train
115249,57.0,25.0,28.0,299.0,32.9,0.9006678495621218,0,7.2,Obese,40-59,2.0,2.0,test
115250,26.0,31.0,41.0,258.0,21.2,0.48789167473727324,0,5.4,Normal,18-39,1.0,3.0,proper_train
115253,39.0,16.0,13.0,426.0,49.3,0.4062592986438298,0,5.8,Obese,18-39,2.0,4.0,proper_train
115254,66.0,21.0,4.0,245.0,27.4,2.8285714285714287,0,3.6,Overweight,60+,1.0,4.0,test
115255,40.0,20.0,27.0,315.0,28.4,0.4887621326473022,0,4.9,Overweight,40-59,1.0,3.0,proper_train
115257,39.0,15.0,10.0,259.0,23.3,0.7142596259453675,0,4.5,Normal,18-39,2.0,3.0,conformal_calibration
115258,23.0,13.0,8.0,299.0,33.1,0.3535533905932738,0,4.4,Obese,18-39,2.0,2.0,test
115260,20.0,10.0,9.0,205.0,24.6,0.3252032520325203,0,4.2,Normal,18-39,1.0,4.0,proper_train
115261,57.0,10.0,8.0,523.0,31.7,0.38532587502517407,0,3.3,Obese,40-59,2.0,7.0,conformal_calibration
115263,78.0,19.0,15.0,111.0,23.3,3.447304095543178,0,4.5,Normal,60+,1.0,3.0,proper_train
115266,80.0,18.0,11.0,122.0,25.8,3.5588224278031113,0,7.6,Overweight,60+,1.0,3.0,test
115269,36.0,15.0,12.0,211.0,42.7,0.738789443986725,0,3.8,Obese,18-39,2.0,4.0,test
115270,41.0,15.0,13.0,238.0,37.3,0.7166819762153696,0,4.1,Obese,40-59,2.0,1.0,test
115273,73.0,13.0,14.0,355.0,33.9,0.7144532917602556,0,3.7,Obese,60+,1.0,2.0,conformal_calibration
115276,19.0,20.0,16.0,324.0,21.5,0.2932098765432099,0,2.2,Normal,18-39,1.0,7.0,proper_train
115279,73.0,62.0,56.0,126.0,29.2,4.800096749585844,1,13.1,Overweight,60+,1.0,3.0,proper_train
115280,25.0,14.0,14.0,188.0,22.6,0.4975608227093007,0,3.0,Normal,18-39,1.0,6.0,proper_train
115281,51.0,23.0,26.0,358.0,34.0,0.6425816383158935,0,5.4,Obese,40-59,2.0,4.0,proper_train
115283,55.0,11.0,17.0,215.0,22.3,0.682483968125495,0,4.0,Normal,40-59,1.0,6.0,conformal_calibration
115284,28.0,14.0,8.0,251.0,23.8,0.5521630641934793,0,5.8,Normal,18-39,1.0,4.0,proper_train
115287,72.0,21.0,18.0,183.0,26.4,1.9474416268744261,0,6.7,Overweight,60+,1.0,3.0,proper_train
115288,56.0,56.0,31.0,141.0,36.1,3.994625724510398,1,11.4,Obese,40-59,2.0,4.0,proper_train
115289,33.0,23.0,16.0,227.0,23.1,0.8359030837004405,0,3.7,Normal,18-39,2.0,3.0,proper_train
115290,60.0,21.0,16.0,316.0,23.8,0.9968354430379747,0,4.8,Normal,60+,1.0,3.0,proper_train
115292,62.0,21.0,26.0,263.0,29.9,0.9708867222430252,0,5.4,Overweight,60+,1.0,3.0,proper_train
115294,34.0,12.0,10.0,166.0,20.0,0.777234509246204,0,4.5,Normal,18-39,2.0,3.0,test
115295,41.0,13.0,13.0,187.0,37.3,0.7905219374011955,0,5.6,Obese,40-59,1.0,4.0,proper_train
115300,42.0,26.0,24.0,354.0,32.5,0.6296710920713819,0,3.1,Obese,40-59,2.0,2.0,test
115304,80.0,15.0,13.0,353.0,33.5,0.9428331947171034,0,6.5,Obese,60+,2.0,3.0,proper_train
115305,54.0,17.0,22.0,315.0,33.5,0.6213278019506362,0,6.8,Obese,40-59,2.0,1.0,test
115307,29.0,19.0,14.0,239.0,31.3,0.6161545786349198,0,4.7,Obese,18-39,2.0,3.0,test
115308,41.0,17.0,24.0,324.0,32.5,0.4391189173662231,0,7.0,Obese,40-59,1.0,6.0,test
115309,71.0,26.0,19.0,151.0,22.4,2.804645329305013,0,4.8,Normal,60+,1.0,6.0,proper_train
115310,58.0,22.0,25.0,230.0,30.7,1.1095652173913044,0,5.5,Obese,40-59,2.0,4.0,proper_train
115316,46.0,36.0,36.0,305.0,23.6,0.9049180327868852,0,5.4,Normal,40-59,2.0,6.0,test
115317,39.0,21.0,29.0,313.0,26.9,0.4858929136326054,0,4.1,Overweight,18-39,1.0,2.0,proper_train
115323,43.0,18.0,13.0,217.0,19.9,0.989257953636699,0,4.6,Normal,40-59,2.0,2.0,proper_train
115325,27.0,12.0,9.0,352.0,33.6,0.3068181818181818,0,3.6,Obese,18-39,2.0,2.0,test
115326,23.0,18.0,20.0,201.0,25.8,0.4605632550671208,0,5.8,Overweight,18-39,1.0,4.0,proper_train
115328,54.0,12.0,8.0,292.0,31.0,0.7845979352891828,0,5.1,Obese,40-59,1.0,4.0,conformal_calibration
115331,50.0,19.0,35.0,184.0,31.4,0.8727136326000987,0,4.0,Obese,40-59,2.0,3.0,proper_train
115332,51.0,19.0,12.0,147.0,19.1,1.9028993566147872,0,4.8,Normal,40-59,2.0,3.0,proper_train
115333,26.0,39.0,16.0,170.0,27.4,1.4911764705882353,0,5.0,Overweight,18-39,1.0,3.0,proper_train
115334,73.0,16.0,7.0,211.0,27.1,2.092239357700367,0,3.4,Overweight,60+,1.0,4.0,proper_train
115335,35.0,19.0,16.0,280.0,22.4,0.59375,0,4.2,Normal,18-39,1.0,3.0,proper_train
115337,47.0,22.0,40.0,296.0,32.1,0.5523302534821122,0,6.1,Obese,40-59,1.0,7.0,proper_train
115338,49.0,21.0,12.0,331.0,26.4,0.8974220951603096,0,3.7,Overweight,40-59,2.0,3.0,proper_train
115342,36.0,17.0,20.0,188.0,27.4,0.7279114905478038,0,4.0,Overweight,18-39,1.0,1.0,test
115346,39.0,14.0,15.0,297.0,30.7,0.4746686659998316,0,5.6,Obese,18-39,2.0,7.0,proper_train
115350,23.0,13.0,16.0,448.0,34.2,0.16685267857142858,0,5.3,Obese,18-39,2.0,2.0,proper_train
115355,46.0,14.0,13.0,267.0,29.1,0.6689642815899768,0,4.4,Overweight,40-59,1.0,3.0,proper_train
115358,80.0,20.0,13.0,170.0,30.8,2.610353864589314,0,4.3,Obese,60+,2.0,3.0,proper_train
115359,30.0,15.0,13.0,282.0,18.3,0.4425799437967254,0,4.6,Underweight,18-39,1.0,4.0,proper_train
115363,60.0,17.0,12.0,272.0,27.5,1.0825317547305484,0,2.8,Overweight,60+,2.0,3.0,proper_train
115365,38.0,16.0,13.0,323.0,23.2,0.5220707729178627,0,3.8,Normal,18-39,2.0,3.0,proper_train
115371,74.0,20.0,16.0,203.0,28.9,1.8226600985221675,0,4.1,Overweight,60+,2.0,3.0,test
115374,42.0,12.0,8.0,212.0,20.4,0.84052315499533,0,3.6,Normal,40-59,2.0,3.0,proper_train
115375,36.0,20.0,14.0,215.0,22.3,0.8950143915206771,0,4.9,Normal,18-39,1.0,3.0,proper_train
115379,21.0,21.0,28.0,264.0,40.2,0.31568623597929774,0,4.4,Obese,18-39,1.0,3.0,proper_train
115380,48.0,24.0,31.0,224.0,30.6,0.9236844104234138,0,7.4,Obese,40-59,1.0,4.0,proper_train
115382,37.0,24.0,20.0,638.0,21.9,0.311227016304046,0,5.4,Normal,18-39,1.0,3.0,test
115386,40.0,31.0,43.0,217.0,42.1,0.8714204019005982,0,4.1,Obese,40-59,2.0,7.0,test
115387,34.0,20.0,24.0,248.0,31.9,0.5596952369262638,0,4.5,Obese,18-39,1.0,3.0,test
115390,45.0,21.0,21.0,278.0,23.5,0.7417838355144346,0,4.5,Normal,40-59,2.0,3.0,proper_train
115393,64.0,15.0,10.0,162.0,20.3,1.873942317136817,0,3.3,Normal,60+,2.0,3.0,test
115394,49.0,23.0,29.0,209.0,34.4,1.0013332350504185,0,3.6,Obese,40-59,1.0,4.0,conformal_calibration
115395,80.0,33.0,29.0,93.0,20.2,5.271351535348569,1,9.5,Normal,60+,1.0,6.0,proper_train
115396,68.0,27.0,26.0,193.0,28.2,1.8656436482575436,0,3.7,Overweight,60+,1.0,3.0,proper_train
115398,38.0,15.0,15.0,301.0,49.6,0.48894806364080345,0,5.6,Obese,18-39,2.0,4.0,proper_train
115401,32.0,24.0,30.0,239.0,30.6,0.5866819025996758,1,8.3,Obese,18-39,1.0,4.0,proper_train
115402,63.0,20.0,22.0,327.0,31.6,0.821507347425288,0,7.2,Obese,60+,2.0,1.0,proper_train
115406,21.0,18.0,10.0,314.0,25.9,0.38068183297568386,0,5.0,Overweight,18-39,2.0,4.0,test
115407,73.0,17.0,10.0,207.0,28.5,1.8958389257337964,0,3.7,Overweight,60+,2.0,2.0,proper_train
115409,37.0,28.0,60.0,312.0,36.0,0.42867636182381236,0,4.9,Obese,18-39,1.0,3.0,proper_train
115410,21.0,16.0,6.0,311.0,25.7,0.4410656771570996,0,4.2,Overweight,18-39,2.0,4.0,proper_train
115411,35.0,27.0,40.0,228.0,26.6,0.6553404361533154,0,6.1,Overweight,18-39,1.0,3.0,proper_train
115416,64.0,16.0,9.0,302.0,23.9,1.130242825607064,0,3.7,Normal,60+,2.0,6.0,test
115417,65.0,83.0,82.0,251.0,27.5,2.3736178612501875,1,13.5,Overweight,60+,1.0,3.0,test
115418,39.0,18.0,14.0,314.0,30.3,0.5975076172691781,0,4.3,Obese,18-39,2.0,4.0,conformal_calibration
115421,63.0,23.0,10.0,489.0,30.2,0.9370430121848632,0,5.1,Obese,60+,2.0,4.0,test
115423,22.0,14.0,19.0,190.0,22.9,0.37189497911648955,0,5.6,Normal,18-39,1.0,4.0,proper_train
115426,75.0,12.0,9.0,208.0,23.1,1.4423076923076923,0,3.5,Normal,60+,2.0,6.0,proper_train
115428,52.0,29.0,25.0,130.0,26.1,2.32,0,7.4,Overweight,40-59,1.0,4.0,test
115432,19.0,15.0,9.0,183.0,23.3,0.5191256830601093,0,5.7,Normal,18-39,1.0,4.0,test
115435,18.0,18.0,12.0,302.0,24.1,0.30970444903549466,0,4.0,Normal,18-39,2.0,2.0,test
115437,79.0,21.0,19.0,231.0,25.2,1.6476220887067616,0,7.8,Overweight,60+,1.0,3.0,proper_train
115438,40.0,15.0,15.0,277.0,26.7,0.5592755734595548,0,4.3,Overweight,40-59,1.0,3.0,test
115440,80.0,37.0,19.0,189.0,29.2,3.5929659907770515,0,5.7,Overweight,60+,2.0,3.0,conformal_calibration
115441,79.0,17.0,13.0,207.0,23.7,1.7994259988659005,0,3.8,Normal,60+,2.0,7.0,proper_train
115442,80.0,20.0,11.0,239.0,29.8,2.018485988805112,0,4.6,Overweight,60+,2.0,3.0,test
115443,39.0,16.0,28.0,313.0,34.7,0.3767569187823607,0,5.4,Obese,18-39,2.0,1.0,proper_train
115444,30.0,15.0,10.0,249.0,48.9,0.5714959626810323,0,8.0,Obese,18-39,2.0,4.0,test
115445,61.0,20.0,17.0,289.0,30.9,1.023852811572063,0,5.3,Obese,60+,1.0,3.0,proper_train
115447,18.0,17.0,11.0,229.0,26.3,0.402892888387754,0,6.4,Overweight,18-39,1.0,3.0,conformal_calibration
115450,26.0,15.0,5.0,380.0,33.3,0.4589823743289042,0,4.3,Obese,18-39,2.0,7.0,test
115455,41.0,16.0,15.0,228.0,22.9,0.7428880336584986,0,3.5,Normal,40-59,2.0,4.0,proper_train
115458,63.0,31.0,33.0,187.0,24.5,1.8180409736977428,0,4.5,Normal,60+,2.0,1.0,proper_train
115459,76.0,28.0,22.0,231.0,32.0,1.9640308415789565,0,3.7,Obese,60+,1.0,3.0,proper_train
115465,31.0,26.0,29.0,209.0,27.8,0.7161265194770517,0,4.6,Overweight,18-39,1.0,2.0,proper_train
115466,61.0,16.0,14.0,344.0,29.0,0.758276081705018,0,6.2,Overweight,60+,2.0,6.0,test
115467,34.0,21.0,21.0,382.0,28.3,0.40787322939397536,0,4.3,Overweight,18-39,2.0,2.0,proper_train
115469,57.0,20.0,26.0,292.0,42.7,0.7656588837586636,1,10.9,Obese,40-59,1.0,3.0,conformal_calibration
115470,50.0,15.0,16.0,226.0,30.8,0.8296460176991151,0,4.8,Obese,40-59,1.0,1.0,conformal_calibration
115471,39.0,15.0,10.0,235.0,20.9,0.7872052898717029,0,4.4,Normal,18-39,2.0,4.0,proper_train
115472,46.0,18.0,15.0,257.0,30.0,0.831862570858558,0,5.9,Obese,40-59,2.0,6.0,proper_train
115474,62.0,20.0,21.0,266.0,25.6,1.0172563304234232,0,6.3,Overweight,60+,1.0,1.0,conformal_calibration
115478,74.0,14.0,11.0,252.0,35.7,1.239546638819695,0,3.6,Obese,60+,2.0,3.0,proper_train
115479,55.0,21.0,18.0,246.0,20.4,1.106650856735044,0,3.7,Normal,40-59,2.0,6.0,proper_train
115480,26.0,124.0,175.0,263.0,40.2,0.9266596661458164,1,24.2,Obese,18-39,1.0,7.0,proper_train
115485,54.0,20.0,21.0,335.0,26.3,0.7035084222533486,0,5.8,Overweight,40-59,2.0,4.0,proper_train
115487,28.0,19.0,28.0,281.0,27.7,0.3577884335247489,0,4.0,Overweight,18-39,1.0,3.0,conformal_calibration
115489,52.0,28.0,36.0,389.0,27.6,0.62382176520994,0,5.2,Overweight,40-59,1.0,3.0,conformal_calibration
115490,56.0,21.0,18.0,188.0,31.7,1.47439286289961,0,4.4,Obese,40-59,1.0,3.0,proper_train
115493,80.0,21.0,12.0,270.0,35.9,1.7962008374788359,0,6.5,Obese,60+,2.0,3.0,proper_train
115494,62.0,17.0,16.0,238.0,35.5,1.1071428571428572,0,3.8,Obese,60+,1.0,2.0,conformal_calibration
115495,60.0,26.0,35.0,197.0,32.3,1.3385184135801886,1,8.3,Obese,60+,2.0,4.0,proper_train
115498,68.0,17.0,14.0,235.0,30.0,1.3146978538330323,0,4.9,Obese,60+,2.0,3.0,proper_train
115499,28.0,14.0,10.0,229.0,26.3,0.5413156518716178,0,4.3,Overweight,18-39,2.0,6.0,proper_train
115501,80.0,26.0,16.0,258.0,22.9,2.0155038759689923,0,6.2,Normal,60+,2.0,3.0,proper_train
115503,72.0,15.0,14.0,250.0,33.9,1.1545685650616735,0,5.3,Obese,60+,1.0,4.0,test
115504,70.0,23.0,23.0,148.0,35.6,2.268298693458719,0,5.4,Obese,60+,1.0,4.0,proper_train
115509,43.0,18.0,20.0,261.0,26.7,0.6631098140171791,0,4.3,Overweight,40-59,1.0,2.0,proper_train
115510,22.0,17.0,15.0,200.0,23.7,0.4828319238271913,0,5.4,Normal,18-39,2.0,1.0,test
115511,38.0,41.0,100.0,224.0,28.8,0.6955357142857143,0,5.5,Overweight,18-39,1.0,4.0,proper_train
115512,18.0,20.0,22.0,212.0,22.6,0.36203895230197997,0,3.8,Normal,18-39,1.0,7.0,test
115518,63.0,13.0,8.0,282.0,34.5,1.0268093152336566,0,6.3,Obese,60+,2.0,4.0,proper_train
115520,38.0,14.0,11.0,184.0,19.5,0.8717610614965775,0,5.0,Normal,18-39,2.0,3.0,test
115521,70.0,13.0,11.0,302.0,27.9,0.9085275614760427,0,3.7,Overweight,60+,2.0,3.0,proper_train
115524,51.0,19.0,23.0,213.0,30.4,0.9485937428230303,0,5.4,Obese,40-59,1.0,4.0,test
115526,80.0,20.0,16.0,204.0,31.7,1.9607843137254901,0,3.8,Obese,60+,1.0,3.0,conformal_calibration
115530,19.0,20.0,24.0,156.0,21.7,0.4972254819752178,0,6.1,Normal,18-39,1.0,4.0,proper_train
115532,36.0,52.0,61.0,296.0,41.8,0.809746754170207,1,13.3,Obese,18-39,2.0,1.0,proper_train
115538,48.0,14.0,17.0,424.0,34.1,0.3843960849632447,0,5.4,Obese,40-59,2.0,1.0,conformal_calibration
115539,18.0,22.0,39.0,358.0,35.7,0.17712499694640924,0,4.6,Obese,18-39,1.0,6.0,proper_train
115542,56.0,31.0,14.0,125.0,23.5,3.71172412767975,1,9.9,Normal,40-59,1.0,4.0,test
115544,20.0,17.0,12.0,296.0,20.8,0.33158630325079863,0,2.4,Normal,18-39,2.0,1.0,test
115545,18.0,13.0,11.0,314.0,16.4,0.22469316761527608,0,4.2,Underweight,18-39,2.0,1.0,proper_train
115546,56.0,21.0,27.0,238.0,25.7,0.9509298551358542,0,3.8,Overweight,40-59,2.0,6.0,conformal_calibration
115547,64.0,26.0,22.0,174.0,37.5,2.0388850115846884,1,20.9,Obese,60+,2.0,2.0,proper_train
115551,23.0,28.0,19.0,234.0,22.3,0.6313834727035973,0,4.3,Normal,18-39,2.0,4.0,proper_train
115558,20.0,33.0,72.0,235.0,33.5,0.3309861528958308,0,7.1,Obese,18-39,1.0,3.0,conformal_calibration
115560,54.0,21.0,23.0,301.0,35.9,0.7855659320289794,1,11.5,Obese,40-59,2.0,3.0,proper_train
115563,32.0,16.0,13.0,252.0,26.2,0.5635049612446772,0,2.5,Overweight,18-39,2.0,3.0,proper_train
115569,48.0,37.0,45.0,208.0,31.3,1.2728386948844956,0,6.6,Obese,40-59,1.0,1.0,proper_train
115574,41.0,15.0,16.0,253.0,28.3,0.607707509881423,0,5.0,Overweight,40-59,1.0,6.0,proper_train
115575,69.0,16.0,16.0,288.0,34.8,0.9583333333333334,0,6.9,Obese,60+,2.0,4.0,test
115577,49.0,9.0,9.0,491.0,21.8,0.29938900203665986,0,5.5,Normal,40-59,2.0,6.0,test
115578,40.0,20.0,17.0,188.0,32.7,1.0320664895163105,0,6.3,Obese,40-59,2.0,4.0,proper_train
115579,56.0,15.0,21.0,337.0,42.1,0.543925898511079,1,15.2,Obese,40-59,2.0,4.0,proper_train
115581,65.0,11.0,8.0,172.0,24.9,1.4697132225243648,0,6.6,Normal,60+,1.0,4.0,conformal_calibration
115583,63.0,19.0,22.0,304.0,36.6,0.8394778206502161,0,7.7,Obese,60+,1.0,1.0,test
115584,23.0,20.0,23.0,313.0,28.2,0.30644290883787345,0,3.7,Overweight,18-39,2.0,4.0,proper_train
115585,71.0,30.0,26.0,182.0,28.9,2.295205317826,0,5.4,Overweight,60+,1.0,3.0,proper_train
115587,61.0,19.0,19.0,225.0,20.8,1.1817459358043603,0,3.6,Normal,60+,2.0,3.0,proper_train
115588,75.0,17.0,15.0,235.0,26.6,1.400866316713321,0,4.4,Overweight,60+,1.0,3.0,conformal_calibration
115590,32.0,22.0,32.0,342.0,29.0,0.36389120903167355,0,4.3,Overweight,18-39,1.0,7.0,test
115592,60.0,22.0,30.0,200.0,25.5,1.2049896265113653,0,4.5,Overweight,60+,1.0,3.0,conformal_calibration
115598,27.0,19.0,48.0,233.0,24.3,0.31779043786939704,0,5.6,Normal,18-39,1.0,6.0,proper_train
115599,49.0,20.0,15.0,217.0,26.8,1.1660595020839535,0,6.5,Overweight,40-59,1.0,4.0,test
115600,77.0,21.0,27.0,223.0,31.8,1.395478901763266,0,6.6,Obese,60+,1.0,2.0,test
115601,22.0,17.0,9.0,243.0,28.0,0.5130315500685871,0,4.1,Overweight,18-39,2.0,4.0,test
115604,68.0,16.0,12.0,264.0,35.0,1.1896914637846836,0,7.7,Obese,60+,1.0,3.0,proper_train
115605,55.0,41.0,25.0,178.0,30.7,2.533707865168539,0,7.4,Obese,40-59,2.0,4.0,conformal_calibration
115608,55.0,17.0,20.0,202.0,23.7,1.0350116628526254,0,7.3,Normal,40-59,1.0,3.0,proper_train
115609,39.0,11.0,6.0,236.0,22.0,0.7421123585127003,0,2.8,Normal,18-39,2.0,6.0,proper_train
115611,59.0,27.0,23.0,362.0,31.3,0.9175786231848623,0,6.2,Obese,40-59,2.0,4.0,proper_train
115613,64.0,37.0,16.0,279.0,19.7,2.121863799283154,0,4.1,Normal,60+,2.0,4.0,test
115614,40.0,16.0,14.0,288.0,22.4,0.5939138709164986,0,3.3,Normal,40-59,2.0,6.0,proper_train
115615,47.0,17.0,12.0,191.0,19.7,1.2075991232526466,0,5.2,Normal,40-59,2.0,1.0,proper_train
115617,59.0,23.0,23.0,187.0,25.4,1.5131233148419811,1,9.2,Overweight,40-59,1.0,4.0,proper_train
115621,50.0,13.0,14.0,264.0,26.6,0.6580295728904388,0,4.5,Overweight,40-59,2.0,3.0,test
115624,56.0,20.0,23.0,216.0,30.8,1.0811858506663137,0,4.3,Obese,40-59,1.0,2.0,proper_train
115629,60.0,22.0,15.0,212.0,25.2,1.607653464463456,0,4.3,Overweight,60+,1.0,3.0,proper_train
115632,43.0,33.0,51.0,261.0,41.8,0.7613017008566075,0,6.7,Obese,40-59,1.0,3.0,proper_train
115634,32.0,32.0,31.0,224.0,23.5,0.8210528092652567,0,3.0,Normal,18-39,1.0,6.0,test
115636,64.0,16.0,15.0,221.0,28.7,1.1963604665207828,0,4.3,Overweight,60+,1.0,3.0,proper_train
115643,41.0,29.0,15.0,220.0,28.6,1.3954476359517027,0,5.8,Overweight,40-59,1.0,6.0,proper_train
115644,63.0,12.0,13.0,238.0,37.0,0.8809944292988934,1,8.2,Obese,60+,2.0,4.0,test
115645,21.0,18.0,14.0,244.0,31.4,0.41403585837252627,0,6.6,Obese,18-39,2.0,3.0,proper_train
115646,27.0,26.0,43.0,223.0,37.6,0.48006276400667475,0,4.6,Obese,18-39,1.0,4.0,proper_train
115647,73.0,25.0,33.0,227.0,30.8,1.39952300493017,0,5.9,Obese,60+,2.0,2.0,proper_train
115651,22.0,37.0,68.0,290.0,26.4,0.34038620479237075,0,4.0,Overweight,18-39,1.0,3.0,test
115656,71.0,26.0,23.0,216.0,34.5,1.7820259645803704,0,6.1,Obese,60+,2.0,1.0,conformal_calibration
115661,79.0,17.0,13.0,141.0,27.3,2.641710508973343,0,5.1,Overweight,60+,1.0,4.0,proper_train
115662,74.0,20.0,17.0,277.0,22.6,1.2958582131905154,0,4.3,Normal,60+,1.0,6.0,proper_train
115663,66.0,21.0,22.0,175.0,27.8,1.6885496735364347,0,4.7,Overweight,60+,1.0,2.0,proper_train
115666,56.0,28.0,34.0,196.0,42.6,1.3719886811400706,1,12.0,Obese,40-59,1.0,1.0,proper_train
115668,34.0,17.0,21.0,266.0,39.6,0.4741727088586602,1,9.6,Obese,18-39,2.0,1.0,proper_train
115669,59.0,17.0,22.0,284.0,41.8,0.7529588679742157,1,13.3,Obese,40-59,2.0,3.0,test
115670,73.0,20.0,16.0,180.0,30.8,2.0277777777777777,0,4.1,Obese,60+,2.0,3.0,proper_train
115671,67.0,13.0,10.0,191.0,34.9,1.4420648387469415,0,4.9,Obese,60+,2.0,4.0,conformal_calibration
115673,27.0,14.0,9.0,261.0,22.2,0.4827586206896552,0,5.7,Normal,18-39,2.0,4.0,proper_train
115674,65.0,12.0,20.0,205.0,43.6,0.8507965963169931,0,7.1,Obese,60+,1.0,3.0,proper_train
115676,75.0,22.0,25.0,396.0,30.1,0.8333333333333334,0,5.4,Obese,60+,2.0,3.0,proper_train
115680,28.0,18.0,17.0,265.0,38.9,0.46127530195589367,0,3.9,Obese,18-39,2.0,3.0,proper_train
115683,51.0,16.0,12.0,260.0,28.2,0.9059958070360281,0,4.2,Overweight,40-59,2.0,2.0,proper_train
115687,28.0,17.0,17.0,214.0,28.0,0.5394717640995069,0,5.9,Overweight,18-39,1.0,4.0,test
115692,80.0,23.0,15.0,391.0,21.1,1.21505359881017,0,3.9,Normal,60+,2.0,3.0,conformal_calibration
115698,49.0,22.0,19.0,218.0,29.4,1.1344502803324108,0,5.6,Overweight,40-59,1.0,2.0,proper_train
115701,80.0,32.0,15.0,196.0,24.2,3.372393662003737,0,5.8,Normal,60+,2.0,3.0,test
115705,65.0,26.0,19.0,228.0,28.0,1.7004938168475847,0,4.7,Overweight,60+,1.0,4.0,proper_train
115710,53.0,17.0,17.0,213.0,29.6,1.0259370805527512,0,3.4,Overweight,40-59,1.0,3.0,proper_train
115711,66.0,21.0,14.0,303.0,27.7,1.2225217204310896,0,4.3,Overweight,60+,2.0,3.0,proper_train
115714,61.0,18.0,9.0,236.0,26.7,1.5508474576271187,0,3.5,Overweight,60+,1.0,6.0,proper_train
115715,62.0,17.0,15.0,241.0,30.9,1.1292183808859246,0,6.3,Obese,60+,1.0,1.0,conformal_calibration
115724,19.0,17.0,9.0,173.0,19.5,0.6223506743737958,0,4.3,Normal,18-39,1.0,4.0,proper_train
115727,72.0,24.0,20.0,138.0,35.2,2.799945989217128,0,6.6,Obese,60+,2.0,6.0,test
115728,41.0,16.0,12.0,237.0,21.9,0.7990332839417607,0,2.4,Normal,40-59,2.0,6.0,proper_train
115731,18.0,14.0,10.0,324.0,19.9,0.24595492912420724,0,4.9,Normal,18-39,1.0,3.0,conformal_calibration
115732,63.0,28.0,32.0,249.0,33.8,1.252345744993042,0,7.3,Obese,60+,1.0,3.0,proper_train
115736,62.0,30.0,24.0,219.0,31.4,1.7336571238876377,0,4.0,Obese,60+,2.0,2.0,proper_train
115739,67.0,14.0,12.0,251.0,31.8,1.0787939292826074,0,7.7,Obese,60+,2.0,3.0,conformal_calibration
115740,66.0,20.0,21.0,225.0,32.2,1.280211622717822,0,6.4,Obese,60+,1.0,4.0,proper_train
115741,19.0,24.0,19.0,293.0,19.7,0.3570429168770517,0,5.3,Normal,18-39,1.0,6.0,test
115743,74.0,16.0,10.0,255.0,27.0,1.4682889214272004,0,5.9,Overweight,60+,2.0,4.0,test
115744,67.0,16.0,14.0,252.0,28.9,1.136920838611583,0,5.8,Overweight,60+,1.0,4.0,conformal_calibration
115746,70.0,20.0,8.0,194.0,34.6,2.5514162207762023,1,72.8,Obese,60+,2.0,4.0,proper_train
115747,69.0,18.0,13.0,295.0,25.5,1.1676909215453128,0,4.6,Overweight,60+,1.0,3.0,proper_train
115749,66.0,19.0,15.0,361.0,30.4,0.8969014064901386,1,8.8,Obese,60+,1.0,2.0,proper_train
115750,53.0,16.0,20.0,262.0,29.2,0.7237349789770311,0,5.3,Overweight,40-59,2.0,3.0,proper_train
115751,61.0,22.0,25.0,277.0,27.0,0.9689530685920578,0,3.9,Overweight,60+,2.0,4.0,test
115752,67.0,20.0,22.0,187.0,25.0,1.527748448751433,0,5.9,Overweight,60+,1.0,2.0,proper_train
115754,43.0,13.0,12.0,339.0,37.0,0.4760159299070808,0,4.5,Obese,40-59,2.0,4.0,test
115756,18.0,18.0,15.0,223.0,18.3,0.3751409877940816,0,4.4,Underweight,18-39,1.0,7.0,test
115757,80.0,19.0,15.0,122.0,27.5,3.216904200128565,0,5.6,Overweight,60+,1.0,4.0,conformal_calibration
115759,53.0,20.0,7.0,221.0,25.7,1.812861273256927,0,6.1,Overweight,40-59,2.0,6.0,proper_train
115764,34.0,14.0,10.0,207.0,30.8,0.7271710948020041,0,4.3,Obese,18-39,2.0,4.0,conformal_calibration
115766,29.0,24.0,28.0,313.0,23.8,0.42022887094955613,0,4.1,Normal,18-39,1.0,3.0,proper_train
115767,47.0,30.0,19.0,351.0,20.7,0.9215845719586669,0,5.4,Normal,40-59,2.0,4.0,proper_train
115770,42.0,39.0,56.0,196.0,33.4,1.1167701894197732,0,4.5,Obese,40-59,1.0,3.0,proper_train
115772,34.0,24.0,26.0,248.0,23.5,0.6452853478740249,0,2.8,Normal,18-39,2.0,1.0,proper_train
115776,18.0,18.0,19.0,197.0,23.3,0.3773131866703655,0,5.7,Normal,18-39,1.0,6.0,test
115780,41.0,13.0,10.0,229.0,32.8,0.7360235776723782,0,5.4,Obese,40-59,2.0,4.0,conformal_calibration
115782,68.0,23.0,15.0,281.0,24.5,1.4370927528987898,0,4.8,Normal,60+,2.0,6.0,proper_train
115785,22.0,17.0,11.0,262.0,25.0,0.43040169035146414,0,5.9,Overweight,18-39,2.0,4.0,test
115788,65.0,19.0,16.0,304.0,23.6,1.015625,0,3.5,Normal,60+,2.0,4.0,proper_train
115791,63.0,20.0,22.0,213.0,27.7,1.261187336188118,0,5.8,Overweight,60+,1.0,4.0,test
115792,33.0,29.0,15.0,121.0,22.6,2.042118491636638,0,3.6,Normal,18-39,2.0,3.0,proper_train
115793,39.0,37.0,37.0,286.0,27.2,0.8294676177679391,0,7.3,Overweight,18-39,1.0,3.0,proper_train
115796,40.0,22.0,27.0,226.0,35.9,0.7493631812490718,0,2.9,Obese,40-59,2.0,4.0,proper_train
115800,45.0,12.0,15.0,322.0,40.5,0.43300434926542547,0,6.2,Obese,40-59,2.0,3.0,proper_train
115801,45.0,17.0,13.0,335.0,33.2,0.6333517165855229,0,5.1,Obese,40-59,2.0,1.0,proper_train
115803,40.0,21.0,35.0,272.0,30.3,0.5220070396852602,0,3.6,Obese,40-59,1.0,6.0,test
115804,80.0,18.0,21.0,237.0,27.8,1.3258808520667893,0,6.6,Overweight,60+,2.0,3.0,proper_train
115805,32.0,35.0,22.0,385.0,27.2,0.6202202657617758,0,5.3,Overweight,18-39,1.0,6.0,test
115806,18.0,14.0,13.0,285.0,28.3,0.24523587622589077,0,4.9,Overweight,18-39,2.0,1.0,proper_train
115807,65.0,28.0,42.0,181.0,30.0,1.5515585465801505,0,7.9,Obese,60+,1.0,1.0,proper_train
115808,80.0,17.0,15.0,137.0,27.8,2.5631422631834972,0,4.1,Overweight,60+,1.0,3.0,proper_train
115809,70.0,33.0,18.0,152.0,25.8,3.582054088905537,0,7.1,Overweight,60+,1.0,4.0,proper_train
115813,49.0,20.0,20.0,256.0,24.0,0.8559947726366383,0,3.5,Normal,40-59,2.0,6.0,test
115814,80.0,19.0,16.0,278.0,21.1,1.3669064748201438,1,9.3,Normal,60+,2.0,3.0,proper_train
115816,66.0,23.0,27.0,278.0,27.2,1.0508605619062972,0,3.4,Overweight,60+,1.0,3.0,test
115818,68.0,23.0,30.0,193.0,20.4,1.4795130914301895,0,5.4,Normal,60+,1.0,6.0,proper_train
115820,48.0,26.0,30.0,221.0,25.0,1.0310071670685481,0,4.1,Overweight,40-59,1.0,4.0,test
115822,67.0,19.0,17.0,188.0,25.5,1.6422758014428291,0,4.8,Overweight,60+,2.0,4.0,test
115827,41.0,24.0,50.0,225.0,32.5,0.6184827312778335,0,6.4,Obese,40-59,1.0,1.0,test
115829,23.0,22.0,21.0,212.0,24.3,0.5208408134877932,0,3.9,Normal,18-39,1.0,3.0,proper_train
115831,28.0,13.0,9.0,253.0,29.0,0.4795783926218709,0,4.1,Overweight,18-39,2.0,7.0,proper_train
115833,37.0,18.0,10.0,229.0,18.4,0.9196842452716771,0,5.3,Underweight,18-39,1.0,2.0,proper_train
115834,72.0,17.0,9.0,212.0,37.5,1.9245283018867925,1,8.6,Obese,60+,2.0,4.0,proper_train
115843,76.0,16.0,14.0,296.0,24.7,1.0979380748834733,0,4.9,Normal,60+,2.0,3.0,test
115846,57.0,25.0,23.0,147.0,32.1,2.0213131974920517,0,6.1,Obese,40-59,2.0,2.0,proper_train
115848,57.0,17.0,16.0,185.0,31.9,1.3094594594594595,0,3.0,Obese,40-59,1.0,3.0,test
115850,56.0,27.0,31.0,311.0,39.6,0.8731936227153816,0,7.9,Obese,40-59,2.0,2.0,test
115851,55.0,16.0,21.0,311.0,29.5,0.6174654128864093,0,5.2,Overweight,40-59,2.0,3.0,proper_train
115853,32.0,22.0,18.0,203.0,23.1,0.8174107946721338,0,5.6,Normal,18-39,1.0,3.0,proper_train
115854,27.0,19.0,16.0,211.0,23.1,0.6078199052132701,0,4.5,Normal,18-39,1.0,4.0,proper_train
115856,61.0,17.0,14.0,153.0,34.1,1.8114373062953206,0,4.4,Obese,60+,2.0,4.0,test
115858,68.0,22.0,19.0,401.0,39.0,0.8558751567839411,0,3.3,Obese,60+,1.0,4.0,proper_train
115859,27.0,22.0,26.0,184.0,29.4,0.6331140449569637,0,6.5,Overweight,18-39,1.0,1.0,proper_train
115860,57.0,25.0,20.0,213.0,23.2,1.4959609708625352,0,4.0,Normal,40-59,1.0,3.0,proper_train
115861,70.0,27.0,28.0,223.0,26.7,1.601688013424752,0,3.4,Overweight,60+,1.0,3.0,conformal_calibration
115864,56.0,21.0,17.0,234.0,22.2,1.2188969873620836,0,4.3,Normal,40-59,1.0,4.0,test
115868,53.0,24.0,53.0,235.0,29.6,0.7435005844371593,0,5.3,Overweight,40-59,1.0,4.0,test
115875,67.0,15.0,11.0,287.0,46.9,1.0558149871102873,0,7.6,Obese,60+,2.0,3.0,test
115878,26.0,14.0,10.0,188.0,29.4,0.6122707810113245,0,2.7,Overweight,18-39,2.0,1.0,conformal_calibration
115879,41.0,23.0,21.0,310.0,21.7,0.6638047435243253,0,4.7,Normal,40-59,1.0,6.0,test
115880,22.0,33.0,23.0,221.0,24.2,0.6849840027395308,0,5.0,Normal,18-39,1.0,1.0,test
115882,66.0,17.0,13.0,336.0,26.2,0.9261512204831952,0,4.8,Overweight,60+,2.0,3.0,test
115883,36.0,20.0,32.0,298.0,24.3,0.4271114785690555,0,2.8,Normal,18-39,1.0,3.0,test
115885,20.0,23.0,35.0,202.0,36.8,0.3849217397773441,0,5.6,Obese,18-39,1.0,3.0,test
115886,73.0,19.0,13.0,236.0,27.3,1.6300194325516797,0,4.0,Overweight,60+,2.0,3.0,test
115887,68.0,26.0,25.0,187.0,25.3,1.8909090909090909,0,3.9,Overweight,60+,2.0,3.0,test
115888,75.0,21.0,20.0,269.0,32.9,1.309221957086308,0,4.5,Obese,60+,2.0,3.0,proper_train
115889,62.0,15.0,21.0,222.0,34.6,0.9141560266642924,0,4.3,Obese,60+,2.0,1.0,proper_train
115891,60.0,22.0,35.0,235.0,27.6,0.9494498861630996,0,4.7,Overweight,60+,2.0,3.0,proper_train
115895,70.0,16.0,14.0,258.0,29.8,1.1602038408601367,0,5.0,Overweight,60+,1.0,7.0,conformal_calibration
115898,59.0,17.0,15.0,199.0,34.1,1.3013743036000132,0,5.2,Obese,40-59,1.0,3.0,test
115904,67.0,24.0,10.0,180.0,23.1,2.8249680430837523,0,5.7,Normal,60+,1.0,3.0,test
115907,63.0,20.0,18.0,228.0,27.0,1.302565123238377,0,6.3,Overweight,60+,1.0,6.0,proper_train
115908,65.0,17.0,11.0,207.0,20.6,1.6095170809585932,0,7.6,Normal,60+,1.0,4.0,test
115909,55.0,14.0,18.0,219.0,50.5,0.828724842486517,0,4.6,Obese,40-59,2.0,4.0,proper_train
115912,35.0,14.0,18.0,260.0,25.7,0.4442081061300107,0,5.2,Overweight,18-39,1.0,4.0,proper_train
115913,25.0,15.0,23.0,222.0,27.9,0.352220294015329,0,5.2,Overweight,18-39,1.0,2.0,proper_train
115915,37.0,15.0,14.0,311.0,23.6,0.47694530309130395,0,5.7,Normal,18-39,1.0,3.0,proper_train
115917,21.0,22.0,25.0,294.0,38.1,0.3142857142857143,1,8.2,Obese,18-39,2.0,3.0,test
115923,31.0,12.0,13.0,342.0,29.5,0.30167905408740536,0,4.3,Overweight,18-39,2.0,6.0,test
115926,18.0,24.0,33.0,236.0,40.1,0.3186506244612774,0,4.8,Obese,18-39,1.0,3.0,proper_train
115928,80.0,28.0,22.0,207.0,26.6,2.3070995393070888,0,5.7,Overweight,60+,1.0,3.0,proper_train
115929,44.0,12.0,11.0,351.0,28.1,0.45355552688620854,0,4.1,Overweight,40-59,2.0,3.0,proper_train
115934,75.0,24.0,22.0,244.0,23.1,1.5727921698364704,0,4.8,Normal,60+,2.0,3.0,test
115935,57.0,29.0,42.0,201.0,37.3,1.2689723258076513,1,21.3,Obese,40-59,1.0,2.0,test
115936,70.0,26.0,19.0,244.0,29.8,1.7112157198541902,0,4.3,Overweight,60+,2.0,3.0,conformal_calibration
115939,55.0,24.0,32.0,218.0,36.6,1.0703909990438563,0,4.9,Obese,40-59,1.0,2.0,proper_train
115942,73.0,35.0,38.0,320.0,26.3,1.2952366593409324,0,7.2,Overweight,60+,1.0,3.0,conformal_calibration
115943,74.0,30.0,25.0,204.0,29.4,2.176470588235294,0,5.3,Overweight,60+,2.0,3.0,proper_train
115950,44.0,24.0,26.0,180.0,38.8,1.1505479928106797,0,3.1,Obese,40-59,2.0,3.0,test
115951,48.0,15.0,10.0,234.0,28.5,0.9730085108210397,0,5.4,Overweight,40-59,2.0,3.0,test
115953,34.0,54.0,60.0,264.0,52.2,0.8978279575299012,1,75.0,Obese,18-39,2.0,3.0,proper_train
115955,53.0,29.0,32.0,341.0,40.6,0.7967911456625538,1,10.0,Obese,40-59,2.0,1.0,proper_train
115957,80.0,19.0,14.0,392.0,26.4,1.0363191012930741,0,4.2,Overweight,60+,1.0,3.0,proper_train
115959,20.0,18.0,11.0,150.0,20.5,0.7236272269866327,0,4.4,Normal,18-39,1.0,1.0,proper_train
115961,52.0,20.0,24.0,216.0,36.4,0.9828199585241147,0,7.9,Obese,40-59,1.0,3.0,proper_train
115963,79.0,19.0,20.0,189.0,23.7,1.7758402297498328,0,6.3,Normal,60+,1.0,6.0,test
115965,68.0,22.0,18.0,200.0,32.6,1.7630529077584587,0,4.0,Obese,60+,2.0,2.0,proper_train
115968,74.0,15.0,14.0,208.0,25.2,1.426249896744188,0,3.6,Overweight,60+,2.0,3.0,test
115969,56.0,75.0,117.0,226.0,33.9,1.7180979529100016,0,7.0,Obese,40-59,2.0,4.0,test
115972,74.0,18.0,12.0,228.0,31.9,1.6864705231591701,0,3.2,Obese,60+,1.0,3.0,proper_train
115978,40.0,23.0,32.0,248.0,33.9,0.6557845148101045,0,4.2,Obese,40-59,1.0,3.0,proper_train
115983,72.0,25.0,22.0,214.0,29.5,1.7932770534584055,0,5.6,Overweight,60+,2.0,3.0,proper_train
115985,66.0,8.0,8.0,275.0,32.0,0.6788225099390855,1,9.9,Obese,60+,1.0,4.0,proper_train
115986,55.0,19.0,14.0,142.0,39.4,1.9668168859048134,0,7.6,Obese,40-59,2.0,3.0,test
115988,57.0,24.0,32.0,333.0,28.7,0.7262177752726704,0,3.8,Overweight,40-59,2.0,3.0,test
115989,64.0,13.0,14.0,230.0,27.7,0.9667884924832046,0,5.4,Overweight,60+,1.0,6.0,conformal_calibration
115990,29.0,20.0,12.0,275.0,23.8,0.6088421020545145,0,4.9,Normal,18-39,1.0,6.0,proper_train
115993,67.0,26.0,30.0,210.0,28.6,1.5144963415460309,0,6.0,Overweight,60+,1.0,3.0,test
115994,64.0,29.0,37.0,247.0,30.4,1.2353219450961261,0,5.3,Obese,60+,1.0,3.0,proper_train
115995,49.0,17.0,19.0,188.0,39.4,1.0165069484796698,1,8.3,Obese,40-59,1.0,4.0,test
115996,74.0,24.0,37.0,122.0,37.9,2.3932180447074964,0,8.0,Obese,60+,1.0,4.0,test
115998,44.0,26.0,20.0,262.0,19.6,0.9763594527709005,0,4.2,Normal,40-59,2.0,2.0,conformal_calibration
116000,19.0,20.0,18.0,344.0,36.7,0.2603687760183024,0,5.9,Obese,18-39,2.0,3.0,conformal_calibration
116001,45.0,13.0,18.0,318.0,34.2,0.4336032148785433,0,4.3,Obese,40-59,2.0,6.0,test
116002,20.0,18.0,12.0,159.0,20.0,0.6536040783278783,0,4.9,Normal,18-39,1.0,3.0,test
116003,25.0,13.0,3.0,271.0,26.1,0.6923942342680014,0,2.5,Overweight,18-39,2.0,2.0,proper_train
116004,55.0,13.0,11.0,274.0,25.6,0.7867905524565729,0,5.8,Overweight,40-59,2.0,3.0,proper_train
116005,38.0,19.0,14.0,255.0,39.9,0.7567161437677271,1,9.8,Obese,18-39,1.0,3.0,test
116008,77.0,18.0,15.0,215.0,33.5,1.6644821450677456,1,13.8,Obese,60+,2.0,2.0,conformal_calibration
116010,73.0,39.0,53.0,265.0,30.7,1.475718964384595,1,8.5,Obese,60+,2.0,4.0,test
116012,60.0,15.0,23.0,301.0,24.3,0.623465025419825,0,4.0,Normal,60+,2.0,2.0,test
116013,58.0,17.0,25.0,323.0,39.1,0.6105263157894737,0,5.9,Obese,40-59,2.0,4.0,proper_train
116014,34.0,19.0,16.0,286.0,23.3,0.5646853146853147,0,4.8,Normal,18-39,1.0,4.0,proper_train
116018,73.0,19.0,18.0,173.0,26.1,1.8897054055987312,0,4.8,Overweight,60+,1.0,3.0,proper_train
116019,63.0,16.0,14.0,190.0,23.0,1.4178912202511778,0,5.0,Normal,60+,2.0,6.0,test
116021,59.0,16.0,12.0,240.0,19.5,1.135455529406264,0,4.5,Normal,40-59,1.0,4.0,proper_train
116022,34.0,19.0,26.0,354.0,32.1,0.3578842466080986,0,7.2,Obese,18-39,1.0,3.0,proper_train
116026,18.0,20.0,10.0,259.0,21.4,0.4395443851971492,0,7.8,Normal,18-39,1.0,3.0,proper_train
116027,59.0,20.0,27.0,220.0,27.8,1.03223229946024,0,7.4,Overweight,40-59,1.0,3.0,conformal_calibration
116028,43.0,15.0,12.0,304.0,36.2,0.6124850717554419,0,5.1,Obese,40-59,2.0,3.0,conformal_calibration
116029,26.0,30.0,50.0,207.0,35.5,0.5328920669811662,0,4.0,Obese,18-39,1.0,1.0,proper_train
116030,70.0,20.0,17.0,176.0,24.1,1.9292606536981032,0,6.5,Normal,60+,1.0,4.0,test
116031,29.0,29.0,38.0,228.0,28.4,0.5983693647849618,0,2.9,Overweight,18-39,1.0,2.0,proper_train
116035,19.0,24.0,26.0,220.0,18.7,0.4064952619227815,0,6.0,Normal,18-39,1.0,2.0,proper_train
116036,59.0,27.0,43.0,232.0,31.4,1.0471130281889622,0,5.4,Obese,40-59,2.0,3.0,test
116038,68.0,26.0,20.0,225.0,27.0,1.7570525263198347,0,5.4,Overweight,60+,1.0,2.0,proper_train
116041,69.0,26.0,15.0,190.0,27.8,2.437941095823195,1,41.0,Overweight,60+,1.0,3.0,test
116042,19.0,22.0,19.0,237.0,21.4,0.40462353062402867,0,4.8,Normal,18-39,1.0,2.0,proper_train
116043,80.0,20.0,14.0,162.0,29.6,2.6396172040733274,0,6.4,Overweight,60+,1.0,3.0,conformal_calibration
116044,75.0,23.0,23.0,188.0,20.8,1.9132306608960319,0,5.1,Normal,60+,2.0,3.0,conformal_calibration
116045,30.0,19.0,16.0,207.0,26.4,0.6884057971014492,0,5.3,Overweight,18-39,1.0,3.0,proper_train
116046,18.0,24.0,18.0,215.0,23.7,0.47359709995750165,0,7.3,Normal,18-39,2.0,4.0,test
116050,45.0,20.0,22.0,192.0,24.5,0.999378357916924,0,6.4,Normal,40-59,1.0,3.0,proper_train
116052,33.0,45.0,50.0,237.0,40.3,0.8861211561704836,1,12.3,Obese,18-39,1.0,7.0,proper_train
116053,19.0,16.0,15.0,241.0,23.8,0.3256948650752572,0,3.3,Normal,18-39,1.0,1.0,test
116056,70.0,27.0,22.0,301.0,28.7,1.3387021724654609,0,6.8,Overweight,60+,2.0,3.0,proper_train
116057,79.0,18.0,16.0,368.0,26.1,0.9660326086956522,0,5.2,Overweight,60+,1.0,3.0,proper_train
116061,74.0,16.0,15.0,249.0,26.4,1.2277409054644126,0,3.4,Overweight,60+,1.0,4.0,test
116062,40.0,30.0,53.0,241.0,25.8,0.6839530155121446,0,2.7,Overweight,40-59,1.0,2.0,conformal_calibration
116065,56.0,17.0,24.0,170.0,37.1,1.1430952132988166,1,9.6,Obese,40-59,1.0,7.0,proper_train
116067,44.0,40.0,57.0,238.0,35.0,0.9794861127875953,0,4.7,Obese,40-59,2.0,7.0,conformal_calibration
116070,70.0,13.0,8.0,259.0,34.5,1.242214615597989,0,3.1,Obese,60+,2.0,4.0,test
116071,29.0,16.0,14.0,317.0,19.2,0.39119626576455807,0,3.5,Normal,18-39,2.0,3.0,proper_train
116072,30.0,14.0,10.0,213.0,22.0,0.6235477076388354,0,3.9,Normal,18-39,1.0,3.0,test
116073,53.0,16.0,17.0,336.0,33.2,0.6121137203297927,0,5.9,Obese,40-59,1.0,7.0,conformal_calibration
116074,27.0,16.0,10.0,346.0,27.2,0.3948277309805606,0,3.4,Overweight,18-39,2.0,3.0,proper_train
116075,38.0,14.0,10.0,392.0,31.7,0.4291662538799943,0,3.3,Obese,18-39,2.0,4.0,conformal_calibration
116076,32.0,18.0,22.0,214.0,34.4,0.5738486571066898,0,4.9,Obese,18-39,2.0,2.0,proper_train
116077,57.0,18.0,22.0,179.0,27.3,1.2220331563176328,0,3.8,Overweight,40-59,1.0,1.0,proper_train
116078,27.0,19.0,16.0,182.0,32.3,0.7046703296703297,0,3.5,Obese,18-39,1.0,1.0,conformal_calibration
116079,38.0,35.0,46.0,230.0,32.8,0.8525991377652747,0,5.9,Obese,18-39,1.0,1.0,proper_train
116084,54.0,18.0,15.0,223.0,18.5,1.1254229633822448,0,7.3,Underweight,40-59,2.0,6.0,test
116088,33.0,29.0,30.0,327.0,23.9,0.5343226172603914,0,3.8,Normal,18-39,1.0,4.0,proper_train
116089,20.0,14.0,22.0,261.0,27.6,0.22872107501751313,0,5.6,Overweight,18-39,1.0,1.0,proper_train
116090,32.0,14.0,10.0,312.0,28.1,0.45407063838315187,0,4.3,Overweight,18-39,2.0,6.0,proper_train
116094,42.0,17.0,32.0,216.0,32.5,0.5843451872305496,0,6.1,Obese,40-59,1.0,2.0,conformal_calibration
116097,35.0,32.0,56.0,205.0,33.2,0.7300794901022325,0,4.4,Obese,18-39,1.0,6.0,proper_train
116099,41.0,32.0,50.0,336.0,36.5,0.5522167243552085,0,4.3,Obese,40-59,2.0,1.0,conformal_calibration
116101,80.0,17.0,14.0,257.0,24.8,1.4143007354120514,0,6.1,Normal,60+,1.0,4.0,test
116103,42.0,18.0,15.0,283.0,39.0,0.6897468574164446,0,3.6,Obese,40-59,2.0,4.0,test
116104,53.0,16.0,11.0,274.0,23.9,0.9331445992771662,0,3.4,Normal,40-59,2.0,6.0,proper_train
116107,74.0,29.0,6.0,264.0,21.3,3.3185637550585234,0,4.8,Normal,60+,2.0,3.0,conformal_calibration
116109,54.0,27.0,25.0,237.0,43.8,1.230379746835443,0,5.5,Obese,40-59,2.0,3.0,proper_train
116110,39.0,20.0,16.0,326.0,25.4,0.598159509202454,0,4.1,Overweight,18-39,2.0,3.0,conformal_calibration
116112,63.0,13.0,14.0,242.0,38.2,0.9044915583730395,0,5.8,Obese,60+,2.0,3.0,proper_train
116113,46.0,19.0,16.0,286.0,22.3,0.763986013986014,0,2.5,Normal,40-59,1.0,6.0,test
116114,44.0,18.0,13.0,292.0,23.6,0.7522646496753107,0,4.1,Normal,40-59,2.0,1.0,test
116116,23.0,20.0,43.0,316.0,38.4,0.2219915897246777,0,8.1,Obese,18-39,1.0,3.0,proper_train
116118,56.0,17.0,11.0,210.0,23.6,1.3668514287525284,0,3.6,Normal,40-59,2.0,3.0,proper_train
116120,71.0,28.0,28.0,429.0,27.0,0.8757498512148528,0,7.5,Overweight,60+,2.0,2.0,proper_train
116121,34.0,15.0,10.0,220.0,30.3,0.7330734575844879,0,4.4,Obese,18-39,2.0,4.0,proper_train
116125,69.0,19.0,10.0,222.0,25.1,1.8674531587751104,0,3.2,Overweight,60+,1.0,3.0,test
116127,73.0,36.0,28.0,154.0,32.7,3.224969594377432,0,6.6,Obese,60+,1.0,4.0,proper_train
116129,62.0,19.0,21.0,207.0,29.8,1.2418390082028938,1,8.7,Overweight,60+,1.0,4.0,proper_train
116131,38.0,23.0,30.0,305.0,32.9,0.5231797980978308,0,4.9,Obese,18-39,1.0,4.0,proper_train
116133,44.0,19.0,15.0,387.0,28.5,0.557762976301361,0,3.1,Overweight,40-59,2.0,3.0,proper_train
116135,75.0,13.0,16.0,230.0,31.2,1.059782608695652,0,3.8,Obese,60+,1.0,3.0,test
116138,71.0,17.0,8.0,174.0,25.3,2.4525226577361,0,4.4,Overweight,60+,2.0,6.0,test
116140,38.0,24.0,33.0,221.0,41.1,0.7183657114551875,0,8.0,Obese,18-39,1.0,2.0,proper_train
116141,59.0,19.0,18.0,213.0,27.9,1.2404799713773393,0,4.6,Overweight,40-59,1.0,3.0,proper_train
116142,46.0,19.0,24.0,282.0,25.0,0.63264008132166,0,5.1,Overweight,40-59,1.0,1.0,proper_train
116144,67.0,19.0,22.0,107.0,41.1,2.536490765613945,1,8.7,Obese,60+,1.0,4.0,proper_train
116145,31.0,13.0,17.0,133.0,24.1,0.7349011796213699,0,3.1,Normal,18-39,2.0,3.0,test
116147,38.0,24.0,30.0,278.0,32.3,0.5989484082070882,0,4.7,Obese,18-39,1.0,1.0,test
116148,40.0,23.0,35.0,279.0,42.4,0.5573777163800969,0,4.4,Obese,40-59,2.0,1.0,proper_train
116151,48.0,18.0,21.0,263.0,31.2,0.7168831070870624,0,5.9,Obese,40-59,1.0,4.0,proper_train
116152,31.0,14.0,18.0,221.0,22.3,0.46287231226992703,0,3.8,Normal,18-39,1.0,6.0,proper_train
116153,57.0,20.0,22.0,257.0,16.8,0.9457152398653536,0,5.9,Underweight,40-59,2.0,3.0,proper_train
116157,52.0,25.0,20.0,147.0,25.6,1.977475082142671,1,9.2,Overweight,40-59,2.0,4.0,proper_train
116160,38.0,108.0,131.0,231.0,36.1,1.552243051314675,1,15.4,Obese,18-39,2.0,1.0,proper_train
116164,33.0,15.0,16.0,298.0,32.5,0.4152684563758389,0,3.3,Obese,18-39,2.0,7.0,proper_train
116166,57.0,29.0,27.0,247.0,26.6,1.2879352158845498,0,5.3,Overweight,40-59,1.0,7.0,conformal_calibration
116167,52.0,12.0,14.0,364.0,24.5,0.4581621289927275,0,4.4,Normal,40-59,2.0,1.0,test
116169,57.0,18.0,29.0,291.0,32.6,0.6547196459438324,0,5.1,Obese,40-59,2.0,2.0,proper_train
116171,33.0,16.0,14.0,259.0,21.8,0.5448414506940543,0,4.3,Normal,18-39,1.0,6.0,proper_train
116174,50.0,42.0,41.0,243.0,28.5,1.3496497940990648,0,3.9,Overweight,40-59,2.0,4.0,proper_train
116178,20.0,17.0,15.0,161.0,21.6,0.5452647361120173,0,4.2,Normal,18-39,1.0,4.0,proper_train
116180,33.0,19.0,17.0,205.0,23.8,0.741804082428199,0,4.6,Normal,18-39,1.0,2.0,test
116181,45.0,20.0,26.0,267.0,27.3,0.6610656240612944,0,4.8,Overweight,40-59,1.0,3.0,proper_train
116182,18.0,17.0,9.0,280.0,18.5,0.36428571428571427,0,4.8,Underweight,18-39,2.0,7.0,proper_train
116183,38.0,14.0,11.0,239.0,31.7,0.6711465912776997,0,2.6,Obese,18-39,2.0,3.0,test
116184,33.0,33.0,37.0,227.0,25.7,0.788680604297507,0,2.9,Overweight,18-39,1.0,6.0,test
116186,32.0,22.0,22.0,229.0,30.2,0.6554292764818767,0,3.2,Obese,18-39,1.0,1.0,test
116187,65.0,34.0,29.0,231.0,32.5,1.7765657894860807,0,7.6,Obese,60+,2.0,3.0,test
116190,23.0,16.0,7.0,198.0,26.5,0.7024794245828061,0,3.7,Overweight,18-39,1.0,3.0,proper_train
116196,57.0,18.0,17.0,154.0,41.0,1.6158542291381666,0,3.3,Obese,40-59,2.0,3.0,proper_train
116201,18.0,18.0,9.0,209.0,26.1,0.5167464114832536,0,4.2,Overweight,18-39,1.0,3.0,proper_train
116202,31.0,22.0,24.0,265.0,39.6,0.5253308190497257,0,5.7,Obese,18-39,1.0,4.0,conformal_calibration
116203,61.0,21.0,17.0,166.0,42.4,1.8716152751297743,0,6.9,Obese,60+,2.0,3.0,proper_train
116205,36.0,23.0,16.0,121.0,25.2,1.7107438016528926,0,4.8,Overweight,18-39,1.0,4.0,test
116206,64.0,20.0,17.0,222.0,22.4,1.398403603813091,0,5.4,Normal,60+,1.0,3.0,proper_train
116207,34.0,17.0,13.0,260.0,43.6,0.6165706027272739,0,5.0,Obese,18-39,2.0,3.0,proper_train
116208,67.0,14.0,15.0,255.0,24.1,0.9497668964032828,0,4.6,Normal,60+,1.0,4.0,proper_train
116210,52.0,19.0,24.0,297.0,39.4,0.6790392440712066,0,5.4,Obese,40-59,2.0,3.0,proper_train
116211,60.0,15.0,22.0,224.0,34.5,0.8566100210716491,0,4.6,Obese,60+,2.0,1.0,proper_train
116213,62.0,21.0,16.0,216.0,29.0,1.5069444444444444,1,18.9,Overweight,60+,1.0,6.0,test
116216,80.0,13.0,9.0,136.0,24.4,2.549019607843137,0,5.6,Normal,60+,2.0,3.0,proper_train
116219,22.0,19.0,17.0,226.0,26.9,0.44858358966896983,0,4.3,Overweight,18-39,1.0,6.0,proper_train
116225,43.0,21.0,30.0,194.0,51.0,0.8498169577786341,1,31.3,Obese,40-59,1.0,3.0,test
116226,25.0,20.0,15.0,245.0,24.5,0.5269365096880839,0,3.8,Normal,18-39,1.0,3.0,conformal_calibration
116228,30.0,23.0,11.0,256.0,22.7,0.8126672959322535,0,5.1,Normal,18-39,2.0,4.0,proper_train
116231,19.0,18.0,10.0,312.0,35.2,0.3466342819799954,0,4.3,Obese,18-39,2.0,3.0,test
116235,19.0,23.0,33.0,346.0,29.0,0.21986108570127155,0,5.5,Overweight,18-39,1.0,4.0,conformal_calibration
116238,47.0,18.0,15.0,277.0,26.1,0.7885785585779722,0,7.0,Overweight,40-59,2.0,4.0,proper_train
116240,74.0,22.0,28.0,212.0,31.7,1.45124094825241,1,8.9,Obese,60+,1.0,4.0,test
116241,28.0,36.0,47.0,298.0,42.4,0.49339567593918693,0,5.3,Obese,18-39,2.0,3.0,test
116242,42.0,12.0,6.0,276.0,33.0,0.7454968782383585,0,4.4,Obese,40-59,2.0,2.0,proper_train
116243,60.0,13.0,18.0,273.0,32.7,0.673435029701474,0,2.5,Obese,60+,2.0,3.0,conformal_calibration
116247,27.0,16.0,40.0,249.0,40.6,0.2743180620868955,0,5.4,Obese,18-39,2.0,7.0,proper_train
116251,60.0,18.0,15.0,317.0,18.8,0.8796681417253439,0,4.8,Normal,60+,2.0,3.0,proper_train
116254,62.0,27.0,28.0,259.0,23.5,1.2214527564043365,0,4.9,Normal,60+,1.0,1.0,test
116260,36.0,24.0,49.0,278.0,24.8,0.44398766700924974,0,3.7,Normal,18-39,1.0,1.0,proper_train
116264,39.0,15.0,14.0,363.0,43.4,0.4307102658919236,0,5.9,Obese,18-39,2.0,3.0,test
116267,56.0,18.0,25.0,218.0,28.8,0.9247706422018349,0,4.0,Overweight,40-59,1.0,7.0,proper_train
116268,56.0,14.0,27.0,259.0,42.5,0.582551622966109,0,5.9,Obese,40-59,2.0,3.0,proper_train
116269,34.0,16.0,16.0,372.0,38.1,0.3655913978494624,0,3.3,Obese,18-39,2.0,3.0,test
116270,55.0,20.0,21.0,256.0,31.1,0.9376549971077798,0,5.7,Obese,40-59,1.0,2.0,conformal_calibration
116271,52.0,13.0,12.0,297.0,23.6,0.6570518215019984,0,3.9,Normal,40-59,2.0,6.0,conformal_calibration
116274,45.0,36.0,58.0,278.0,35.1,0.7651669828516205,0,6.0,Obese,40-59,1.0,2.0,test
116276,49.0,14.0,10.0,205.0,39.3,1.058206085305126,0,3.3,Obese,40-59,2.0,4.0,conformal_calibration
116280,69.0,20.0,29.0,250.0,30.0,1.0250382667373263,1,10.5,Obese,60+,2.0,4.0,proper_train
116281,80.0,20.0,18.0,248.0,29.8,1.5206597444871992,1,9.5,Overweight,60+,1.0,2.0,test
116283,52.0,17.0,17.0,176.0,25.2,1.2181902984779451,0,4.1,Overweight,40-59,1.0,7.0,proper_train
116284,32.0,20.0,31.0,235.0,33.1,0.4891378438175998,0,4.2,Obese,18-39,1.0,3.0,proper_train
116286,58.0,23.0,15.0,268.0,27.5,1.2852138765772871,0,6.8,Overweight,40-59,1.0,4.0,proper_train
116287,47.0,16.0,19.0,444.0,24.8,0.3885599816906811,0,4.4,Normal,40-59,2.0,3.0,proper_train
116290,31.0,16.0,12.0,272.0,22.8,0.5264075983787765,0,3.6,Normal,18-39,2.0,4.0,proper_train
116291,48.0,19.0,16.0,256.0,21.9,0.890625,0,3.2,Normal,40-59,2.0,6.0,test
116292,50.0,14.0,17.0,174.0,24.2,0.9757180317553624,0,6.4,Normal,40-59,1.0,7.0,test
116293,43.0,16.0,6.0,227.0,17.6,1.2373340257230738,0,4.1,Underweight,40-59,2.0,7.0,conformal_calibration
116294,29.0,13.0,10.0,272.0,23.8,0.4383009845159849,0,6.3,Normal,18-39,2.0,6.0,test
116295,78.0,20.0,9.0,186.0,21.1,2.795698924731183,0,4.0,Normal,60+,2.0,4.0,conformal_calibration
116296,19.0,18.0,22.0,289.0,24.0,0.2522998096665009,0,3.1,Normal,18-39,1.0,3.0,proper_train
116299,58.0,24.0,34.0,196.0,26.0,1.2179899516243484,0,5.5,Overweight,40-59,2.0,6.0,proper_train
116300,34.0,29.0,29.0,251.0,23.4,0.7294645555481002,0,3.4,Normal,18-39,1.0,3.0,proper_train
116302,29.0,18.0,14.0,220.0,23.9,0.6341380376285706,0,4.7,Normal,18-39,1.0,3.0,test
116303,64.0,20.0,22.0,243.0,33.3,1.1230325799801701,0,2.5,Obese,60+,2.0,3.0,test
116305,26.0,13.0,9.0,203.0,19.9,0.555008210180624,0,5.6,Normal,18-39,1.0,1.0,proper_train
116306,25.0,22.0,20.0,373.0,52.5,0.32971511732570624,1,8.9,Obese,18-39,2.0,7.0,proper_train
116307,80.0,20.0,17.0,141.0,22.5,2.752177305376828,0,5.9,Normal,60+,1.0,3.0,conformal_calibration
116313,72.0,32.0,31.0,193.0,23.0,2.1440964552833646,0,6.6,Normal,60+,2.0,3.0,test
116314,35.0,19.0,17.0,205.0,17.0,0.7867619056056655,0,3.6,Underweight,18-39,2.0,6.0,conformal_calibration
116315,68.0,18.0,42.0,221.0,22.0,0.8546031690208168,0,7.9,Normal,60+,1.0,3.0,proper_train
116319,45.0,24.0,47.0,348.0,39.0,0.45268445637277627,0,7.6,Obese,40-59,1.0,4.0,proper_train
116320,47.0,23.0,34.0,222.0,24.2,0.8350899573831174,0,4.8,Normal,40-59,1.0,4.0,conformal_calibration
116322,59.0,23.0,20.0,228.0,27.6,1.3308527392400065,0,2.7,Overweight,40-59,2.0,7.0,test
116325,62.0,16.0,16.0,231.0,43.3,1.0735930735930737,1,10.3,Obese,60+,1.0,4.0,conformal_calibration
116327,51.0,19.0,16.0,229.0,26.5,1.0578602620087336,0,5.2,Overweight,40-59,1.0,4.0,proper_train
116330,41.0,18.0,19.0,273.0,25.8,0.6201787970566833,0,3.9,Overweight,40-59,1.0,3.0,test
116335,61.0,11.0,9.0,334.0,36.9,0.6696606786427146,1,11.5,Obese,60+,1.0,3.0,proper_train
116336,40.0,17.0,17.0,271.0,32.0,0.6085764761059278,0,3.7,Obese,40-59,2.0,3.0,test
116338,18.0,12.0,7.0,346.0,38.2,0.2359546999132748,0,2.7,Obese,18-39,2.0,4.0,proper_train
116339,69.0,17.0,24.0,161.0,35.4,1.4871902009755011,0,4.1,Obese,60+,1.0,3.0,test
116341,80.0,17.0,12.0,246.0,22.9,1.5959275733696974,0,5.3,Normal,60+,2.0,4.0,proper_train
116344,80.0,15.0,15.0,244.0,23.9,1.269830605313907,0,4.5,Normal,60+,1.0,3.0,test
116345,50.0,27.0,20.0,248.0,25.8,1.2172144232357724,1,15.8,Overweight,40-59,2.0,6.0,proper_train
116347,79.0,60.0,47.0,141.0,33.8,4.903546522695179,1,12.3,Obese,60+,1.0,3.0,conformal_calibration
116348,47.0,13.0,6.0,493.0,27.8,0.505962891426816,0,4.1,Overweight,40-59,2.0,3.0,test
116351,63.0,12.0,16.0,287.0,38.3,0.6585365853658537,0,4.4,Obese,60+,2.0,3.0,proper_train
116352,26.0,25.0,25.0,201.0,22.4,0.6467661691542289,0,4.0,Normal,18-39,1.0,1.0,test
116354,56.0,21.0,16.0,277.0,49.2,1.0613718411552346,1,10.6,Obese,40-59,2.0,4.0,proper_train
116355,42.0,21.0,17.0,244.0,21.2,0.8767066445985479,0,3.2,Normal,40-59,2.0,1.0,conformal_calibration
116356,18.0,14.0,8.0,227.0,23.3,0.3924909886762334,0,4.1,Normal,18-39,2.0,1.0,proper_train
116357,55.0,14.0,15.0,230.0,26.6,0.8644049787187568,0,3.3,Overweight,40-59,2.0,1.0,conformal_calibration
116360,48.0,18.0,18.0,210.0,26.4,0.9697464427701225,0,6.5,Overweight,40-59,1.0,3.0,proper_train
116362,23.0,69.0,87.0,324.0,38.2,0.5251366027122162,0,7.9,Obese,18-39,1.0,1.0,proper_train
116372,18.0,22.0,8.0,193.0,19.5,0.7254256097146963,1,8.9,Normal,18-39,1.0,3.0,proper_train
116373,71.0,14.0,12.0,393.0,21.7,0.7301350732499848,0,3.4,Normal,60+,1.0,4.0,conformal_calibration
116374,52.0,18.0,21.0,144.0,20.8,1.4184162865339505,0,3.9,Normal,40-59,1.0,6.0,conformal_calibration
116375,54.0,32.0,49.0,224.0,31.5,1.1020408163265305,1,9.0,Obese,40-59,1.0,3.0,proper_train
116376,80.0,21.0,24.0,209.0,33.0,1.640806526266244,0,5.1,Obese,60+,1.0,3.0,test
116378,55.0,23.0,26.0,284.0,29.4,0.873545461090855,1,74.1,Overweight,40-59,1.0,2.0,proper_train
116380,57.0,13.0,22.0,391.0,26.4,0.40404534736446884,0,8.0,Overweight,40-59,1.0,6.0,test
116381,59.0,31.0,46.0,172.0,26.2,1.5678566151587607,0,7.4,Overweight,40-59,1.0,3.0,proper_train
116382,36.0,18.0,26.0,289.0,28.7,0.4397344483375199,0,5.5,Overweight,18-39,1.0,6.0,proper_train
116383,67.0,15.0,10.0,209.0,31.9,1.5206167696024981,0,6.1,Obese,60+,2.0,2.0,test
116384,61.0,7.0,10.0,317.0,29.9,0.4259597983886113,0,5.0,Overweight,60+,2.0,2.0,proper_train
116386,20.0,18.0,23.0,258.0,32.7,0.29095034519591834,0,5.1,Obese,18-39,1.0,3.0,proper_train
116387,56.0,10.0,10.0,339.0,37.0,0.5223821503522986,0,5.7,Obese,40-59,2.0,4.0,test
116389,75.0,32.0,43.0,244.0,48.7,1.4999859376977507,0,5.7,Obese,60+,2.0,3.0,conformal_calibration
116390,80.0,21.0,13.0,178.0,33.7,2.6176863192651263,0,4.1,Obese,60+,2.0,7.0,conformal_calibration
116397,74.0,38.0,38.0,137.0,17.5,3.329683476056236,0,5.2,Underweight,60+,2.0,3.0,test
116398,28.0,16.0,11.0,245.0,22.6,0.5513350300850535,0,4.0,Normal,18-39,2.0,2.0,proper_train
116404,70.0,24.0,13.0,243.0,24.7,1.9174821597909155,0,3.5,Normal,60+,2.0,2.0,test
116405,66.0,16.0,16.0,313.0,31.0,0.8434504792332268,0,4.3,Obese,60+,2.0,7.0,test
116406,60.0,17.0,19.0,381.0,29.2,0.6141838544566219,0,5.9,Overweight,60+,1.0,4.0,proper_train
116407,49.0,18.0,12.0,336.0,39.0,0.7577722283113838,0,5.4,Obese,40-59,2.0,4.0,test
116410,20.0,19.0,19.0,291.0,32.6,0.2995806834048573,0,5.5,Obese,18-39,2.0,1.0,proper_train
116415,50.0,19.0,21.0,269.0,29.7,0.7706579766698616,0,5.4,Overweight,40-59,2.0,6.0,proper_train
116417,27.0,19.0,20.0,342.0,32.8,0.33541019662496846,0,6.6,Obese,18-39,2.0,1.0,proper_train
116420,25.0,22.0,40.0,336.0,38.7,0.25881736801973343,1,10.2,Obese,18-39,1.0,3.0,proper_train
116421,69.0,21.0,14.0,208.0,26.8,1.8618343246687643,0,5.0,Overweight,60+,1.0,4.0,test
116423,65.0,22.0,19.0,250.0,27.7,1.3122579977396132,0,3.3,Overweight,60+,2.0,4.0,proper_train
116424,37.0,21.0,16.0,212.0,23.1,0.9162735849056604,0,5.4,Normal,18-39,1.0,2.0,test
116426,43.0,11.0,7.0,356.0,38.5,0.5021831340824845,0,5.3,Obese,40-59,2.0,4.0,proper_train
116428,47.0,18.0,19.0,152.0,28.6,1.2768796766743107,0,4.4,Overweight,40-59,1.0,3.0,test
116430,53.0,14.0,14.0,345.0,24.6,0.5748053376783157,0,5.9,Normal,40-59,1.0,3.0,proper_train
116432,80.0,21.0,14.0,174.0,19.7,2.580453370188925,0,3.6,Normal,60+,1.0,6.0,test
116433,28.0,19.0,12.0,212.0,19.0,0.7244111868133983,0,4.5,Normal,18-39,2.0,1.0,proper_train
116434,30.0,11.0,8.0,348.0,23.8,0.3352661462522423,0,3.7,Normal,18-39,2.0,7.0,proper_train
116435,51.0,24.0,16.0,276.0,28.9,1.108695652173913,0,5.5,Overweight,40-59,2.0,6.0,proper_train
116436,18.0,26.0,20.0,270.0,23.5,0.38758511609996354,0,3.7,Normal,18-39,2.0,1.0,test
116437,71.0,73.0,70.0,115.0,42.4,5.386843375808836,1,8.8,Obese,60+,1.0,2.0,proper_train
116439,80.0,38.0,42.0,206.0,27.4,2.277097980023104,0,6.5,Overweight,60+,2.0,4.0,test
116441,68.0,20.0,25.0,200.0,25.2,1.36,0,5.2,Overweight,60+,1.0,6.0,conformal_calibration
116442,74.0,13.0,15.0,216.0,34.9,1.1499413515591157,0,5.7,Obese,60+,1.0,3.0,proper_train
116446,18.0,14.0,10.0,354.0,19.5,0.22511129106283378,0,4.1,Normal,18-39,2.0,4.0,test
116447,75.0,19.0,20.0,171.0,30.4,1.8633899812498247,0,6.1,Obese,60+,1.0,3.0,proper_train
116448,21.0,17.0,11.0,258.0,21.9,0.4172075581948125,0,2.7,Normal,18-39,2.0,4.0,proper_train
116449,65.0,13.0,8.0,424.0,29.7,0.7046052241776328,0,4.0,Overweight,60+,2.0,2.0,test
116451,36.0,19.0,16.0,162.0,25.8,1.0555555555555556,0,3.6,Overweight,18-39,2.0,1.0,test
116453,31.0,17.0,15.0,267.0,41.7,0.5096285202125614,1,9.9,Obese,18-39,2.0,7.0,proper_train
116455,56.0,30.0,13.0,172.0,21.0,2.7090009583092587,0,3.6,Normal,40-59,2.0,6.0,proper_train
116456,73.0,15.0,19.0,236.0,25.9,1.0644501211367166,0,4.2,Overweight,60+,1.0,3.0,proper_train
116457,75.0,19.0,10.0,172.0,27.9,2.6199102707790347,0,4.4,Overweight,60+,2.0,4.0,conformal_calibration
116459,69.0,20.0,15.0,118.0,27.2,3.0196141343312064,0,5.2,Overweight,60+,1.0,7.0,proper_train
116461,80.0,19.0,14.0,266.0,25.7,1.5272070966424252,0,5.2,Overweight,60+,1.0,3.0,proper_train
116464,48.0,49.0,81.0,264.0,24.7,0.98989898989899,0,5.2,Normal,40-59,1.0,6.0,proper_train
116467,55.0,22.0,24.0,231.0,26.1,1.0692217131196413,0,4.6,Overweight,40-59,1.0,1.0,proper_train
116472,64.0,18.0,16.0,270.0,37.8,1.0666666666666667,0,5.0,Obese,60+,2.0,2.0,conformal_calibration
116474,72.0,18.0,18.0,216.0,21.9,1.4142135623730951,0,4.1,Normal,60+,1.0,6.0,proper_train
116475,33.0,13.0,12.0,208.0,22.3,0.5953924651018017,0,2.6,Normal,18-39,1.0,6.0,test
116485,50.0,19.0,19.0,272.0,26.2,0.801268188150859,0,3.2,Overweight,40-59,1.0,2.0,test
116487,48.0,32.0,18.0,209.0,32.6,1.7322424496053224,0,4.4,Obese,40-59,1.0,7.0,proper_train
116488,72.0,15.0,15.0,269.0,34.7,1.0366349476837695,1,9.0,Obese,60+,1.0,3.0,conformal_calibration
116490,36.0,10.0,11.0,263.0,63.4,0.41271514847146357,1,75.0,Obese,18-39,2.0,3.0,proper_train
116492,20.0,23.0,13.0,239.0,21.6,0.5338119043171661,0,5.4,Normal,18-39,1.0,4.0,proper_train
116493,67.0,15.0,12.0,191.0,28.1,1.5189450799360573,1,9.6,Overweight,60+,1.0,4.0,proper_train
116495,55.0,17.0,13.0,244.0,35.1,1.0627964825216993,0,4.5,Obese,40-59,2.0,3.0,proper_train
116499,53.0,26.0,38.0,242.0,38.5,0.9237236294140115,0,5.6,Obese,40-59,2.0,2.0,proper_train
116500,50.0,16.0,17.0,222.0,38.9,0.8740022523831819,0,4.3,Obese,40-59,1.0,2.0,test
116502,70.0,15.0,11.0,230.0,25.6,1.3764648339419643,0,4.4,Overweight,60+,2.0,3.0,proper_train
116503,69.0,19.0,22.0,148.0,25.2,1.8885549942040898,0,5.9,Overweight,60+,1.0,6.0,proper_train
116505,20.0,13.0,11.0,284.0,41.7,0.2760315126416146,0,3.6,Obese,18-39,2.0,2.0,proper_train
116507,53.0,20.0,12.0,162.0,20.4,1.8888619917932201,0,6.1,Normal,40-59,2.0,2.0,proper_train
116508,37.0,11.0,9.0,284.0,19.6,0.47769953051643194,0,3.3,Normal,18-39,2.0,6.0,test
116509,49.0,20.0,26.0,203.0,26.1,0.9467675489429574,0,3.8,Overweight,40-59,1.0,4.0,test
116510,55.0,14.0,11.0,254.0,40.2,0.9140304540349526,0,5.2,Obese,40-59,2.0,3.0,proper_train
116511,58.0,17.0,10.0,290.0,22.2,1.0751744044572489,0,6.3,Normal,40-59,2.0,3.0,proper_train
116518,21.0,23.0,37.0,284.0,35.1,0.2795940523538295,0,3.8,Obese,18-39,1.0,4.0,proper_train
116522,59.0,21.0,28.0,210.0,31.2,1.1149951953772204,0,6.6,Obese,40-59,1.0,2.0,test
116526,56.0,13.0,17.0,232.0,41.7,0.7610600647691828,1,10.1,Obese,40-59,1.0,6.0,test
116528,42.0,24.0,22.0,199.0,21.0,1.079931266766107,0,4.7,Normal,40-59,2.0,2.0,proper_train
116529,19.0,27.0,40.0,285.0,28.5,0.28460498941515416,0,5.4,Overweight,18-39,2.0,7.0,proper_train
116532,29.0,13.0,7.0,290.0,23.9,0.49135381491199537,0,5.0,Normal,18-39,2.0,3.0,proper_train
116533,50.0,14.0,7.0,511.0,27.7,0.5177595520674345,0,4.5,Overweight,40-59,2.0,3.0,proper_train
116534,18.0,19.0,19.0,288.0,25.3,0.27243118397129207,0,4.8,Overweight,18-39,1.0,3.0,conformal_calibration
116537,23.0,17.0,18.0,315.0,28.7,0.29257010734808475,0,6.6,Overweight,18-39,1.0,3.0,proper_train
116542,64.0,22.0,27.0,143.0,27.9,1.894893191186464,0,6.9,Overweight,60+,1.0,1.0,proper_train
116546,21.0,22.0,19.0,266.0,18.8,0.3984589061962388,0,6.9,Normal,18-39,1.0,4.0,conformal_calibration
116547,59.0,17.0,12.0,250.0,23.4,1.1581646399943895,0,5.2,Normal,40-59,2.0,3.0,proper_train
116551,38.0,13.0,10.0,448.0,34.4,0.34869758127749534,0,4.9,Obese,18-39,2.0,3.0,test
116556,63.0,19.0,14.0,236.0,26.1,1.3555580786829322,0,5.4,Overweight,60+,2.0,4.0,test
116557,35.0,39.0,30.0,225.0,32.8,1.1076167273993358,0,4.8,Obese,18-39,1.0,2.0,proper_train
116560,39.0,25.0,34.0,238.0,22.7,0.7025677332518744,0,4.3,Normal,18-39,1.0,6.0,conformal_calibration
116561,33.0,16.0,29.0,217.0,25.1,0.4518301316013059,0,4.0,Overweight,18-39,1.0,6.0,proper_train
116562,69.0,47.0,82.0,197.0,28.8,1.8179159343184128,0,6.9,Overweight,60+,1.0,1.0,proper_train
116563,29.0,61.0,67.0,180.0,20.9,1.2006541503683552,0,6.0,Normal,18-39,1.0,3.0,proper_train
116565,75.0,23.0,21.0,200.0,30.2,1.8821293032854343,0,4.4,Obese,60+,2.0,3.0,proper_train
116569,63.0,25.0,22.0,370.0,28.5,0.9075435898921255,0,5.1,Overweight,60+,1.0,3.0,conformal_calibration
116572,63.0,20.0,13.0,228.0,18.6,1.5327242264118175,0,3.6,Normal,60+,1.0,6.0,test
116574,73.0,20.0,13.0,263.0,33.2,1.539662141613754,0,5.9,Obese,60+,2.0,3.0,proper_train
116575,18.0,16.0,13.0,332.0,25.1,0.24059285619407528,0,5.3,Overweight,18-39,2.0,7.0,test
116579,19.0,17.0,7.0,282.0,28.6,0.43291675454602974,0,4.0,Overweight,18-39,2.0,3.0,test
116580,80.0,21.0,14.0,300.0,22.7,1.4966629547095764,0,4.9,Normal,60+,2.0,3.0,proper_train
116582,63.0,14.0,13.0,323.0,22.1,0.7573460883446627,1,8.6,Normal,60+,1.0,4.0,conformal_calibration
116583,24.0,25.0,11.0,161.0,20.8,1.1236447624016035,0,5.1,Normal,18-39,1.0,4.0,proper_train
116587,57.0,21.0,19.0,295.0,35.6,0.9308835031968217,0,6.4,Obese,40-59,1.0,4.0,proper_train
116588,56.0,23.0,30.0,245.0,29.7,0.9598185769614339,0,5.4,Overweight,40-59,1.0,1.0,proper_train
116589,70.0,36.0,38.0,185.0,29.4,2.209718817564982,0,5.1,Overweight,60+,1.0,3.0,proper_train
116595,26.0,33.0,47.0,329.0,18.7,0.3804017103501323,0,4.2,Normal,18-39,2.0,1.0,test
116596,52.0,30.0,37.0,244.0,30.6,1.0510754926080221,0,6.3,Obese,40-59,1.0,3.0,proper_train
116598,49.0,46.0,85.0,208.0,39.3,1.1753876248155073,1,17.1,Obese,40-59,1.0,1.0,proper_train
116600,62.0,16.0,13.0,266.0,23.8,1.0343281854425326,0,4.9,Normal,60+,1.0,4.0,conformal_calibration
116601,63.0,25.0,23.0,207.0,23.4,1.586522715651656,0,5.0,Normal,60+,1.0,6.0,conformal_calibration
116602,21.0,22.0,22.0,339.0,29.1,0.2905567284846372,0,5.0,Overweight,18-39,1.0,6.0,test
116605,59.0,13.0,14.0,207.0,40.4,0.990286823897727,0,4.1,Obese,40-59,2.0,4.0,test
116607,69.0,22.0,20.0,259.0,28.5,1.3105603049593362,0,4.0,Overweight,60+,2.0,3.0,conformal_calibration
116609,43.0,24.0,32.0,221.0,26.7,0.8254911744168745,0,6.7,Overweight,40-59,1.0,1.0,proper_train
116610,55.0,16.0,11.0,204.0,27.3,1.3006371726883923,0,4.4,Overweight,40-59,2.0,6.0,conformal_calibration
116613,26.0,14.0,12.0,176.0,28.8,0.5970326647301812,0,4.0,Overweight,18-39,1.0,6.0,proper_train
116614,22.0,14.0,11.0,139.0,19.3,0.6680970800715914,0,3.4,Normal,18-39,1.0,6.0,proper_train
116616,52.0,16.0,21.0,195.0,27.8,0.9310629983402342,0,5.9,Overweight,40-59,1.0,4.0,proper_train
116617,64.0,21.0,14.0,217.0,24.3,1.6552954337801769,0,4.5,Normal,60+,1.0,2.0,proper_train
116620,80.0,21.0,19.0,216.0,35.5,1.7843445967710359,0,4.0,Obese,60+,1.0,3.0,conformal_calibration
116623,65.0,18.0,16.0,344.0,35.5,0.8502906976744186,0,3.8,Obese,60+,2.0,2.0,test
116625,80.0,19.0,10.0,208.0,27.8,2.3108952131999696,0,3.2,Overweight,60+,2.0,3.0,test
116627,31.0,27.0,59.0,276.0,37.2,0.39481202351793326,0,5.5,Obese,18-39,1.0,1.0,proper_train
116629,30.0,18.0,13.0,171.0,23.5,0.8758424150924671,0,3.6,Normal,18-39,2.0,3.0,test
116631,35.0,23.0,32.0,268.0,26.3,0.5309897004245995,0,4.6,Overweight,18-39,1.0,3.0,conformal_calibration
116632,80.0,54.0,46.0,128.0,32.1,4.976166020227779,1,16.7,Obese,60+,1.0,1.0,test
116634,80.0,22.0,9.0,214.0,27.2,2.7414330218068534,0,5.6,Overweight,60+,1.0,4.0,test
116635,47.0,13.0,4.0,333.0,26.8,0.9174174174174174,0,3.1,Overweight,40-59,2.0,2.0,test
116644,20.0,40.0,34.0,289.0,22.9,0.4747365678685365,0,4.2,Normal,18-39,1.0,4.0,proper_train
116646,60.0,17.0,12.0,262.0,26.2,1.1238497606362945,0,4.1,Overweight,60+,2.0,2.0,test
116649,56.0,23.0,21.0,318.0,24.3,0.8838510774338308,0,3.3,Normal,40-59,2.0,6.0,test
116650,58.0,43.0,57.0,194.0,23.1,1.7027751023300097,1,10.7,Normal,40-59,2.0,6.0,test
116654,50.0,23.0,16.0,199.0,36.9,1.4447236180904524,0,4.4,Obese,40-59,2.0,3.0,proper_train
116655,41.0,26.0,28.0,254.0,28.2,0.7931301736768429,0,4.8,Overweight,40-59,1.0,4.0,proper_train
116656,40.0,30.0,27.0,308.0,29.4,0.7498055444021113,0,6.0,Overweight,40-59,1.0,3.0,conformal_calibration
116657,49.0,26.0,17.0,246.0,24.5,1.2560584808792203,0,3.4,Normal,40-59,2.0,3.0,proper_train
116660,63.0,22.0,27.0,225.0,22.6,1.1854925527360314,0,4.1,Normal,60+,2.0,3.0,conformal_calibration
116662,69.0,19.0,15.0,299.0,36.2,1.1321028242760143,0,5.5,Obese,60+,2.0,4.0,proper_train
116664,18.0,16.0,10.0,267.0,22.3,0.3410996127822072,0,4.6,Normal,18-39,2.0,3.0,test
116666,60.0,20.0,19.0,289.0,50.3,0.9525912825075228,1,9.5,Obese,60+,1.0,4.0,conformal_calibration
116667,62.0,16.0,18.0,196.0,19.5,1.1929420526140395,0,4.8,Normal,60+,1.0,1.0,test
116668,22.0,20.0,34.0,258.0,33.0,0.2924782072197825,0,6.8,Obese,18-39,1.0,2.0,test
116672,30.0,24.0,35.0,250.0,35.5,0.48680885072362556,0,4.3,Obese,18-39,2.0,1.0,conformal_calibration
116673,49.0,43.0,81.0,180.0,35.7,1.3006172839506174,0,5.6,Obese,40-59,2.0,3.0,proper_train
116675,42.0,12.0,10.0,348.0,61.2,0.4579850404381791,0,4.6,Obese,40-59,2.0,4.0,test
116677,50.0,17.0,14.0,351.0,26.0,0.6472138336910561,0,4.5,Overweight,40-59,1.0,1.0,test
116678,20.0,13.0,9.0,220.0,17.5,0.3939393939393939,0,4.3,Underweight,18-39,2.0,1.0,proper_train
116680,46.0,15.0,19.0,318.0,30.2,0.49778885651159627,0,4.6,Obese,40-59,2.0,1.0,proper_train
116691,53.0,24.0,23.0,331.0,28.8,0.801300104775224,0,4.5,Overweight,40-59,2.0,2.0,proper_train
116693,72.0,20.0,20.0,209.0,28.2,1.5406401376075105,0,6.5,Overweight,60+,1.0,4.0,conformal_calibration
116694,57.0,18.0,19.0,266.0,27.7,0.8848892592150238,0,3.9,Overweight,40-59,2.0,3.0,proper_train
116698,49.0,17.0,11.0,311.0,34.0,0.8075850483385116,0,3.9,Obese,40-59,2.0,6.0,test
116699,51.0,26.0,32.0,205.0,25.6,1.143443404699222,0,4.3,Overweight,40-59,1.0,2.0,proper_train
116700,24.0,28.0,39.0,428.0,35.8,0.25141616672200595,0,7.3,Obese,18-39,2.0,3.0,test
116703,42.0,10.0,7.0,327.0,33.0,0.48545895615864043,0,3.3,Obese,40-59,2.0,4.0,proper_train
116704,29.0,14.0,17.0,251.0,27.0,0.39230862057669796,0,4.8,Overweight,18-39,2.0,3.0,proper_train
116705,21.0,20.0,12.0,217.0,23.6,0.5587260669577024,0,4.4,Normal,18-39,1.0,3.0,proper_train
116706,42.0,14.0,15.0,305.0,37.2,0.4977735972830516,0,3.7,Obese,40-59,2.0,1.0,proper_train
116707,65.0,17.0,16.0,414.0,32.2,0.6672705314009661,0,3.4,Obese,60+,2.0,4.0,test
116709,74.0,19.0,12.0,166.0,31.0,2.4450436098813673,0,4.5,Obese,60+,2.0,3.0,test
116710,67.0,27.0,28.0,251.0,35.3,1.3620273539316574,0,6.4,Obese,60+,1.0,3.0,proper_train
116713,47.0,12.0,9.0,295.0,27.5,0.6372881355932203,0,4.5,Overweight,40-59,2.0,6.0,conformal_calibration
116716,38.0,21.0,25.0,146.0,28.3,1.093150684931507,0,6.3,Overweight,18-39,1.0,1.0,proper_train
116721,35.0,34.0,30.0,320.0,26.9,0.6789477535741121,0,3.3,Overweight,18-39,2.0,1.0,proper_train
116724,43.0,22.0,32.0,499.0,42.8,0.33513177104332365,1,9.5,Obese,40-59,2.0,1.0,proper_train
116725,24.0,17.0,24.0,131.0,34.2,0.6357454294246417,0,5.8,Obese,18-39,1.0,4.0,test
116727,31.0,16.0,10.0,213.0,26.6,0.7363801499734817,0,4.4,Overweight,18-39,2.0,4.0,test
116728,59.0,21.0,17.0,280.0,25.5,1.0732201407857733,0,2.9,Overweight,40-59,2.0,6.0,proper_train
116730,64.0,30.0,37.0,333.0,28.5,0.9478860529317898,0,5.2,Overweight,60+,1.0,3.0,proper_train
116734,56.0,18.0,23.0,282.0,33.3,0.7453281183316716,0,3.8,Obese,40-59,2.0,2.0,proper_train
116739,69.0,26.0,16.0,216.0,20.9,2.076388888888889,0,3.3,Normal,60+,2.0,6.0,proper_train
116741,22.0,47.0,56.0,209.0,41.0,0.6611199142044182,0,6.2,Obese,18-39,1.0,4.0,conformal_calibration
116744,24.0,14.0,10.0,248.0,18.0,0.4284376184744256,0,3.6,Underweight,18-39,2.0,4.0,test
116745,46.0,16.0,27.0,253.0,30.6,0.5598548064869098,0,4.9,Obese,40-59,1.0,3.0,proper_train
116747,59.0,18.0,13.0,154.0,23.1,1.9126350921791992,0,3.8,Normal,40-59,2.0,3.0,proper_train
116749,19.0,29.0,74.0,357.0,38.8,0.1794186245037659,0,4.5,Obese,18-39,1.0,4.0,proper_train
116750,39.0,18.0,10.0,225.0,24.2,0.9866306299725343,0,4.0,Normal,18-39,2.0,3.0,proper_train
116756,34.0,28.0,39.0,241.0,45.4,0.6325394291387674,0,5.8,Obese,18-39,1.0,4.0,test
116757,50.0,37.0,58.0,157.0,38.2,1.5472414063088324,1,15.2,Obese,40-59,1.0,1.0,test
116760,55.0,42.0,64.0,160.0,24.2,1.8046875,0,5.9,Normal,40-59,2.0,6.0,proper_train
116761,30.0,15.0,13.0,366.0,28.1,0.34100421899091954,0,5.1,Overweight,18-39,2.0,4.0,proper_train
116762,61.0,20.0,22.0,189.0,43.4,1.3762162643060567,0,4.4,Obese,60+,2.0,4.0,proper_train
116764,69.0,28.0,21.0,138.0,34.9,3.0550504633038935,0,6.2,Obese,60+,2.0,4.0,test
116766,51.0,35.0,37.0,196.0,31.4,1.497205062959504,1,11.4,Obese,40-59,2.0,4.0,conformal_calibration
116767,26.0,15.0,13.0,115.0,23.8,0.9405785935993016,0,2.6,Normal,18-39,1.0,3.0,proper_train
116768,22.0,15.0,8.0,267.0,19.8,0.43697610073325965,0,4.5,Normal,18-39,2.0,1.0,test
116769,40.0,19.0,14.0,239.0,26.7,0.8498683843240273,0,4.1,Overweight,40-59,2.0,1.0,test
116770,69.0,21.0,17.0,268.0,35.2,1.3113213458121138,0,5.1,Obese,60+,2.0,1.0,proper_train
116773,52.0,20.0,23.0,228.0,29.9,0.9511183799094638,0,4.5,Overweight,40-59,1.0,3.0,proper_train
116776,52.0,33.0,65.0,208.0,30.3,1.0232865603609698,0,6.6,Obese,40-59,1.0,3.0,proper_train
116780,52.0,12.0,14.0,210.0,27.9,0.7941476902540611,0,3.2,Overweight,40-59,1.0,2.0,test
116782,28.0,17.0,15.0,358.0,28.2,0.3433035517308623,0,4.1,Overweight,18-39,2.0,6.0,conformal_calibration
116783,65.0,53.0,27.0,146.0,21.8,4.541031226845344,1,10.2,Normal,60+,1.0,2.0,proper_train
116784,54.0,17.0,23.0,235.0,29.5,0.8145371578910411,0,5.3,Overweight,40-59,1.0,2.0,test
116785,49.0,21.0,26.0,256.0,23.8,0.7882949338171539,0,5.4,Normal,40-59,1.0,4.0,test
116786,55.0,18.0,24.0,237.0,27.9,0.8526704800827519,0,6.2,Overweight,40-59,1.0,7.0,conformal_calibration
116791,62.0,19.0,19.0,313.0,34.5,0.863424071883456,0,5.1,Obese,60+,2.0,4.0,test
116794,65.0,21.0,27.0,223.0,34.1,1.17800167031964,1,10.2,Obese,60+,1.0,1.0,conformal_calibration
116796,31.0,14.0,11.0,221.0,20.2,0.5921082513427575,0,2.8,Normal,18-39,2.0,3.0,proper_train
116799,57.0,12.0,7.0,216.0,44.3,1.196887497862553,0,6.3,Obese,40-59,2.0,3.0,test
116802,59.0,46.0,29.0,49.0,25.4,10.2852479145412,1,26.2,Overweight,40-59,2.0,3.0,proper_train
116806,49.0,21.0,21.0,306.0,34.8,0.733811140695543,0,3.7,Obese,40-59,2.0,4.0,proper_train
116807,78.0,16.0,12.0,133.0,23.8,2.708771187776891,0,4.5,Normal,60+,1.0,3.0,test
116808,33.0,13.0,13.0,354.0,29.0,0.3361107121195244,0,4.3,Overweight,18-39,2.0,4.0,proper_train
116809,80.0,15.0,3.0,177.0,26.3,3.914239113150005,0,4.6,Overweight,60+,1.0,4.0,proper_train
116810,24.0,17.0,20.0,190.0,23.2,0.4801661762210075,0,5.3,Normal,18-39,1.0,6.0,proper_train
116812,27.0,21.0,18.0,251.0,25.2,0.532442954757998,0,2.7,Overweight,18-39,2.0,3.0,proper_train
116813,21.0,22.0,32.0,232.0,26.5,0.35202945356485443,0,4.6,Overweight,18-39,1.0,1.0,conformal_calibration
116814,48.0,14.0,15.0,495.0,36.0,0.35052455335372174,0,4.2,Obese,40-59,2.0,3.0,conformal_calibration
116816,76.0,19.0,16.0,270.0,24.8,1.337037037037037,0,4.1,Normal,60+,1.0,4.0,proper_train
116819,51.0,21.0,32.0,255.0,32.2,0.7424621202458749,0,7.2,Obese,40-59,1.0,3.0,proper_train
116820,40.0,12.0,13.0,257.0,28.5,0.5180079653465175,0,5.9,Overweight,40-59,2.0,6.0,proper_train
116822,20.0,15.0,13.0,161.0,19.0,0.5168014250545613,0,2.8,Normal,18-39,2.0,3.0,conformal_calibration
116823,79.0,17.0,12.0,217.0,23.8,1.7865931141052245,0,5.4,Normal,60+,2.0,6.0,proper_train
116824,80.0,14.0,11.0,202.0,31.5,1.6717460689460162,0,4.5,Obese,60+,2.0,4.0,test
116826,46.0,44.0,58.0,216.0,23.9,1.2303899079077707,0,4.4,Normal,40-59,1.0,4.0,proper_train
116831,67.0,20.0,24.0,202.0,26.4,1.3540908644098428,0,4.5,Overweight,60+,2.0,6.0,proper_train
116833,30.0,20.0,19.0,203.0,26.1,0.6780760607011677,0,5.7,Overweight,18-39,2.0,1.0,proper_train
116834,30.0,32.0,22.0,110.0,34.2,1.860660797285327,0,6.2,Obese,18-39,1.0,4.0,test
116836,48.0,10.0,8.0,337.0,45.1,0.5035775296284017,0,5.5,Obese,40-59,2.0,4.0,test
116843,35.0,15.0,11.0,254.0,24.4,0.6232025822965587,0,5.1,Normal,18-39,2.0,2.0,proper_train
116844,27.0,14.0,10.0,238.0,21.6,0.5022440989679191,0,4.4,Normal,18-39,2.0,6.0,proper_train
116846,52.0,18.0,15.0,306.0,29.2,0.7897848392266105,0,6.3,Overweight,40-59,1.0,4.0,test
116847,27.0,34.0,58.0,335.0,33.1,0.35981882198574716,0,5.8,Obese,18-39,1.0,1.0,proper_train
116855,67.0,33.0,25.0,246.0,34.0,1.7975609756097561,1,8.9,Obese,60+,2.0,6.0,proper_train
116857,70.0,25.0,16.0,162.0,22.0,2.700617283950617,0,3.7,Normal,60+,2.0,6.0,test
116859,63.0,20.0,20.0,231.0,33.8,1.2196734422726123,1,8.2,Obese,60+,1.0,4.0,test
116861,44.0,13.0,21.0,346.0,33.8,0.3607532751878256,0,4.5,Obese,40-59,2.0,7.0,test
116864,64.0,21.0,20.0,206.0,36.0,1.4588715348348142,0,6.3,Obese,60+,1.0,4.0,proper_train
116865,24.0,30.0,48.0,239.0,28.2,0.43482447051938344,0,5.6,Overweight,18-39,1.0,2.0,conformal_calibration
116867,52.0,15.0,8.0,311.0,30.9,0.8867255455394004,0,3.9,Obese,40-59,2.0,1.0,proper_train
116869,70.0,16.0,19.0,379.0,29.1,0.6779567861082563,0,3.8,Overweight,60+,2.0,3.0,proper_train
116871,56.0,23.0,16.0,216.0,18.6,1.4907407407407407,0,4.6,Normal,40-59,2.0,4.0,test
116873,33.0,42.0,27.0,260.0,25.6,1.0259070167907964,0,4.9,Overweight,18-39,2.0,4.0,proper_train
116881,56.0,23.0,20.0,264.0,21.3,1.09093013447717,0,4.8,Normal,40-59,1.0,6.0,proper_train
116884,68.0,21.0,8.0,248.0,25.6,2.0357832329322374,0,4.3,Overweight,60+,1.0,3.0,test
116886,44.0,18.0,7.0,255.0,23.4,1.1739131867580703,0,4.1,Normal,40-59,2.0,3.0,test
116888,51.0,17.0,13.0,209.0,21.5,1.1505384452805592,0,3.7,Normal,40-59,2.0,1.0,test
116889,46.0,16.0,13.0,266.0,53.2,0.7674047827476855,0,4.8,Obese,40-59,2.0,4.0,proper_train
116890,41.0,31.0,61.0,291.0,34.7,0.5592263724904151,0,5.1,Obese,40-59,2.0,4.0,conformal_calibration
116892,37.0,34.0,37.0,339.0,41.6,0.6100705782599984,0,5.3,Obese,18-39,2.0,3.0,test
116893,22.0,21.0,23.0,255.0,28.9,0.37777905605634726,0,3.8,Overweight,18-39,1.0,2.0,proper_train
116894,66.0,15.0,7.0,196.0,36.0,1.9091062667302803,0,4.9,Obese,60+,1.0,4.0,proper_train
116895,35.0,24.0,49.0,269.0,34.1,0.44609665427509293,0,7.3,Obese,18-39,1.0,3.0,proper_train
116896,51.0,15.0,12.0,215.0,23.7,1.0271464091396831,0,7.6,Normal,40-59,2.0,1.0,conformal_calibration
116898,61.0,18.0,21.0,307.0,31.8,0.7804665911371976,0,5.5,Obese,60+,2.0,3.0,proper_train
116899,40.0,16.0,25.0,269.0,38.4,0.4758364312267658,0,5.1,Obese,40-59,1.0,3.0,proper_train
116900,55.0,30.0,42.0,203.0,35.4,1.2541897903322743,0,7.6,Obese,40-59,1.0,4.0,proper_train
116901,78.0,22.0,12.0,234.0,29.6,2.116950987028628,0,4.4,Overweight,60+,2.0,3.0,proper_train
116904,60.0,34.0,31.0,285.0,36.0,1.2855958460863888,0,6.8,Obese,60+,2.0,4.0,proper_train
116906,66.0,20.0,16.0,309.0,31.7,1.0679611650485437,1,12.5,Obese,60+,2.0,4.0,proper_train
116907,76.0,20.0,17.0,159.0,26.6,2.3185795600957615,0,5.1,Overweight,60+,1.0,3.0,test
116911,63.0,15.0,17.0,172.0,31.9,1.3325358468565969,1,9.7,Obese,60+,1.0,4.0,proper_train
116913,63.0,17.0,13.0,204.0,26.3,1.4560880150912265,0,3.4,Overweight,60+,2.0,2.0,test
116915,72.0,19.0,16.0,211.0,31.5,1.6208530805687205,0,6.7,Obese,60+,2.0,3.0,proper_train
116916,22.0,28.0,38.0,312.0,39.6,0.32028331864278764,0,4.3,Obese,18-39,2.0,3.0,conformal_calibration
116917,79.0,20.0,16.0,326.0,34.4,1.2116564417177915,0,4.7,Obese,60+,2.0,3.0,test
116920,70.0,19.0,12.0,166.0,42.6,2.3128790904283205,1,10.5,Obese,60+,2.0,3.0,proper_train
116923,55.0,20.0,43.0,177.0,30.9,0.9477312280557353,0,4.7,Obese,40-59,2.0,7.0,test
116928,54.0,17.0,21.0,173.0,30.5,1.157942330847636,0,4.6,Obese,40-59,1.0,4.0,proper_train
116929,51.0,17.0,9.0,235.0,22.6,1.2297872340425533,0,5.1,Normal,40-59,2.0,3.0,test
116931,22.0,17.0,12.0,233.0,21.6,0.46336695424231766,0,3.8,Normal,18-39,1.0,6.0,test
116935,18.0,20.0,16.0,204.0,17.7,0.4411764705882353,0,3.6,Underweight,18-39,1.0,4.0,proper_train
116940,22.0,22.0,19.0,269.0,20.2,0.41277775164814823,0,3.6,Normal,18-39,1.0,4.0,test
116941,27.0,16.0,13.0,278.0,27.7,0.43099008052032195,0,4.9,Overweight,18-39,2.0,4.0,proper_train
116947,27.0,15.0,14.0,286.0,34.2,0.37846434606479673,0,4.0,Obese,18-39,2.0,4.0,proper_train
116952,60.0,15.0,17.0,378.0,24.5,0.5774657738960309,0,3.7,Normal,60+,2.0,3.0,test
116956,50.0,30.0,66.0,247.0,32.4,0.7475191759878506,1,8.7,Obese,40-59,2.0,1.0,proper_train
116959,68.0,21.0,18.0,225.0,34.3,1.4959236793102073,1,9.8,Obese,60+,1.0,4.0,proper_train
116961,60.0,21.0,18.0,365.0,29.3,0.8136571180776713,0,3.0,Overweight,60+,1.0,1.0,proper_train
116962,27.0,28.0,40.0,226.0,35.9,0.5289119272317023,0,6.1,Obese,18-39,1.0,1.0,conformal_calibration
116963,47.0,18.0,12.0,209.0,36.4,1.1685127457761326,0,4.5,Obese,40-59,2.0,4.0,test
116964,19.0,22.0,20.0,271.0,27.2,0.3448990459759823,0,6.1,Overweight,18-39,1.0,3.0,proper_train
116966,51.0,21.0,23.0,197.0,30.7,1.133598667284909,0,6.7,Obese,40-59,1.0,6.0,proper_train
116967,21.0,18.0,23.0,258.0,33.0,0.3054978624557142,0,5.0,Obese,18-39,1.0,1.0,proper_train
116968,80.0,24.0,15.0,182.0,27.8,2.7238564193107107,1,9.0,Overweight,60+,1.0,3.0,proper_train
116969,19.0,14.0,10.0,276.0,20.1,0.3047702382626047,0,3.5,Normal,18-39,2.0,3.0,test
116970,21.0,18.0,14.0,167.0,25.5,0.6049386194185414,0,4.2,Overweight,18-39,1.0,3.0,test
116971,18.0,23.0,18.0,217.0,24.3,0.4496808101555003,0,4.4,Normal,18-39,1.0,7.0,test
116972,48.0,30.0,31.0,308.0,37.4,0.8397131003849216,0,5.9,Obese,40-59,2.0,1.0,proper_train
116978,67.0,21.0,21.0,210.0,33.5,1.4620598645811491,0,4.4,Obese,60+,1.0,3.0,proper_train
116979,28.0,30.0,24.0,237.0,20.4,0.7234779831005167,0,4.4,Normal,18-39,1.0,6.0,proper_train
116980,61.0,16.0,12.0,148.0,20.1,1.9036954821928203,0,4.0,Normal,60+,2.0,3.0,proper_train
116981,37.0,23.0,20.0,195.0,33.3,0.9758429994114466,0,5.3,Obese,18-39,1.0,4.0,proper_train
116984,56.0,20.0,23.0,173.0,41.7,1.3499199060342413,0,3.2,Obese,40-59,2.0,3.0,proper_train
116988,31.0,22.0,27.0,215.0,24.3,0.6104695869570927,0,6.9,Normal,18-39,1.0,1.0,proper_train
116989,52.0,13.0,17.0,171.0,25.0,0.9587958042371995,0,5.1,Overweight,40-59,1.0,3.0,proper_train
116990,25.0,68.0,120.0,200.0,28.8,0.7759402897989853,0,5.4,Overweight,18-39,1.0,4.0,test
116991,55.0,30.0,30.0,229.0,27.2,1.3154908586368619,0,3.9,Overweight,40-59,1.0,2.0,test
116994,77.0,18.0,12.0,204.0,25.7,1.9612928262176996,0,3.8,Overweight,60+,1.0,3.0,proper_train
116997,80.0,19.0,12.0,173.0,27.3,2.536336442682749,0,5.1,Overweight,60+,1.0,4.0,proper_train
116999,63.0,21.0,29.0,346.0,43.0,0.7100431572492475,0,5.3,Obese,60+,2.0,3.0,test
117000,64.0,21.0,17.0,266.0,22.2,1.225443158078314,0,4.3,Normal,60+,1.0,6.0,proper_train
117002,34.0,27.0,49.0,172.0,23.3,0.7624584717607974,0,5.4,Normal,18-39,1.0,6.0,proper_train
117006,64.0,35.0,33.0,209.0,39.4,1.865712676271594,1,9.1,Obese,60+,2.0,4.0,test
117010,74.0,11.0,11.0,243.0,40.6,1.010000964964196,0,6.6,Obese,60+,2.0,3.0,proper_train
117011,67.0,21.0,16.0,205.0,24.3,1.7158536585365853,0,4.9,Normal,60+,2.0,6.0,proper_train
117014,47.0,18.0,31.0,301.0,29.1,0.504804270812796,0,5.6,Overweight,40-59,2.0,3.0,conformal_calibration
117015,57.0,96.0,91.0,119.0,23.8,4.82034842566583,1,17.2,Normal,40-59,1.0,7.0,proper_train
117017,49.0,23.0,26.0,232.0,27.0,0.952684846123851,0,3.0,Overweight,40-59,2.0,3.0,proper_train
117019,71.0,30.0,38.0,211.0,37.6,1.6375906493294987,0,6.9,Obese,60+,1.0,7.0,test
117021,28.0,18.0,18.0,212.0,26.6,0.5603487699968868,0,4.6,Overweight,18-39,1.0,1.0,proper_train
117022,75.0,17.0,19.0,164.0,29.6,1.7835674432010136,0,3.9,Overweight,60+,2.0,2.0,proper_train
117023,71.0,17.0,10.0,315.0,25.6,1.2117044875629313,1,8.3,Overweight,60+,2.0,6.0,test
117026,32.0,47.0,73.0,263.0,37.1,0.669315153547454,0,5.6,Obese,18-39,2.0,2.0,proper_train
117028,59.0,19.0,13.0,251.0,24.1,1.238683107506936,0,4.1,Normal,40-59,2.0,4.0,test
117031,62.0,45.0,40.0,67.0,24.2,6.584145277514759,1,22.1,Normal,60+,1.0,4.0,proper_train
117032,36.0,23.0,22.0,169.0,32.8,1.0445573558724583,0,4.0,Obese,18-39,1.0,3.0,proper_train
117033,28.0,23.0,25.0,314.0,31.0,0.4101910828025478,0,4.5,Obese,18-39,1.0,1.0,conformal_calibration
117035,19.0,17.0,15.0,242.0,32.0,0.3446208321831944,0,5.5,Obese,18-39,1.0,2.0,test
117036,70.0,16.0,19.0,256.0,26.5,1.0036938356837077,0,7.7,Overweight,60+,1.0,4.0,proper_train
117037,61.0,19.0,21.0,218.0,25.3,1.1601584164381429,0,5.2,Overweight,60+,1.0,2.0,proper_train
117038,30.0,13.0,11.0,297.0,33.7,0.3959239878293866,0,4.9,Obese,18-39,2.0,4.0,test
117039,25.0,19.0,29.0,291.0,41.2,0.3031109471962187,0,7.2,Obese,18-39,1.0,1.0,test
117040,35.0,16.0,23.0,212.0,37.1,0.5507927918488769,0,5.2,Obese,18-39,2.0,3.0,test
117044,70.0,16.0,17.0,165.0,25.3,1.646302424489048,0,4.2,Overweight,60+,1.0,2.0,proper_train
117045,57.0,50.0,62.0,72.0,32.1,5.027088360424207,1,14.5,Obese,40-59,2.0,3.0,proper_train
117049,21.0,18.0,13.0,278.0,31.5,0.3771163204552817,0,4.0,Obese,18-39,2.0,4.0,conformal_calibration
117050,80.0,20.0,16.0,133.0,28.2,3.007518796992481,0,3.3,Overweight,60+,1.0,7.0,proper_train
117052,80.0,18.0,9.0,370.0,21.3,1.2972972972972974,0,3.8,Normal,60+,1.0,3.0,test
117054,38.0,15.0,13.0,233.0,25.7,0.6784959481724906,0,3.9,Overweight,18-39,2.0,1.0,proper_train
117055,68.0,18.0,15.0,159.0,29.0,1.9876442833366366,0,6.1,Overweight,60+,1.0,4.0,proper_train
117058,60.0,47.0,39.0,255.0,28.2,1.7708289950209637,0,3.8,Overweight,60+,2.0,7.0,proper_train
117059,39.0,16.0,16.0,243.0,25.0,0.6419753086419753,0,5.4,Overweight,18-39,1.0,3.0,proper_train
117060,40.0,20.0,16.0,211.0,23.4,0.9478672985781991,0,3.4,Normal,40-59,1.0,6.0,test
117061,21.0,17.0,7.0,255.0,28.4,0.529150262212918,0,3.8,Overweight,18-39,2.0,3.0,test
117062,43.0,15.0,19.0,302.0,20.9,0.48997731240566994,0,4.7,Normal,40-59,2.0,6.0,proper_train
117063,28.0,18.0,19.0,205.0,25.0,0.5640269749793323,0,3.6,Overweight,18-39,1.0,2.0,test
117064,61.0,14.0,9.0,224.0,45.8,1.2708333333333333,0,6.1,Obese,60+,2.0,4.0,proper_train
117067,58.0,21.0,21.0,218.0,29.8,1.2192173867313703,0,4.5,Overweight,40-59,2.0,4.0,proper_train
117068,24.0,28.0,47.0,182.0,29.7,0.5385784301460722,0,3.2,Overweight,18-39,1.0,1.0,test
117071,48.0,14.0,9.0,232.0,22.7,0.9655172413793104,0,4.1,Normal,40-59,2.0,6.0,proper_train
117073,40.0,43.0,73.0,227.0,34.5,0.8868315999001964,0,6.0,Obese,40-59,1.0,3.0,test
117077,65.0,14.0,18.0,225.0,36.4,0.953284697599642,1,9.9,Obese,60+,1.0,2.0,proper_train
117081,39.0,28.0,30.0,381.0,27.4,0.5232834932595287,0,5.1,Overweight,18-39,2.0,3.0,test
117082,47.0,18.0,14.0,196.0,18.2,1.1535867890709746,0,4.6,Underweight,40-59,2.0,6.0,conformal_calibration
117086,28.0,14.0,13.0,299.0,22.5,0.3636161821409529,0,3.8,Normal,18-39,2.0,3.0,proper_train
117090,68.0,18.0,17.0,202.0,26.9,1.4696218071508493,0,3.1,Overweight,60+,2.0,3.0,proper_train
117091,51.0,14.0,9.0,170.0,26.0,1.4,0,3.4,Overweight,40-59,1.0,4.0,conformal_calibration
117095,32.0,14.0,10.0,246.0,21.0,0.5758944681932657,0,4.2,Normal,18-39,2.0,2.0,proper_train
117101,35.0,18.0,18.0,143.0,36.0,1.0384085597844406,0,4.9,Obese,18-39,2.0,1.0,conformal_calibration
117102,31.0,19.0,15.0,378.0,21.6,0.40232578323036483,0,4.3,Normal,18-39,2.0,4.0,proper_train
117108,69.0,21.0,24.0,263.0,24.6,1.1246231423614783,0,3.6,Normal,60+,1.0,6.0,proper_train
117114,35.0,21.0,33.0,426.0,25.9,0.30034525147285895,0,3.6,Overweight,18-39,2.0,2.0,test
117116,21.0,13.0,20.0,320.0,49.4,0.1907645493304508,0,5.7,Obese,18-39,2.0,1.0,proper_train
117117,68.0,12.0,11.0,281.0,41.9,0.875563192795214,0,5.5,Obese,60+,2.0,4.0,proper_train
117118,35.0,20.0,18.0,240.0,22.0,0.6874649261535879,0,5.7,Normal,18-39,2.0,1.0,proper_train
117120,59.0,23.0,31.0,230.0,29.6,1.059671281957972,0,5.2,Overweight,40-59,1.0,3.0,test
117124,23.0,30.0,27.0,222.0,30.7,0.5981556842955582,0,4.0,Obese,18-39,2.0,1.0,conformal_calibration
117129,23.0,12.0,9.0,295.0,14.8,0.31186440677966104,0,3.8,Underweight,18-39,2.0,3.0,proper_train
117130,51.0,54.0,53.0,134.0,23.8,2.823067112796191,0,5.4,Normal,40-59,2.0,6.0,proper_train
117131,56.0,28.0,31.0,191.0,29.6,1.474456092031325,1,9.0,Overweight,40-59,2.0,4.0,test
117132,66.0,19.0,17.0,212.0,30.7,1.4346211028092526,0,4.1,Obese,60+,2.0,1.0,proper_train
117133,71.0,22.0,16.0,316.0,25.7,1.235759493670886,0,3.5,Overweight,60+,2.0,6.0,proper_train
117134,72.0,15.0,9.0,210.0,22.1,1.7142857142857142,0,5.7,Normal,60+,1.0,3.0,test
117138,57.0,12.0,14.0,257.0,47.3,0.7113100757513552,1,9.3,Obese,40-59,2.0,3.0,conformal_calibration
117139,38.0,36.0,44.0,148.0,26.1,1.3934713492647994,0,5.1,Overweight,18-39,1.0,4.0,proper_train
117146,34.0,22.0,22.0,335.0,54.6,0.4760421965193928,1,18.9,Obese,18-39,2.0,4.0,test
117147,49.0,27.0,26.0,218.0,21.7,1.1901910403110896,0,4.4,Normal,40-59,2.0,6.0,proper_train
117150,64.0,38.0,54.0,202.0,31.8,1.6383825782312127,0,6.0,Obese,60+,1.0,3.0,proper_train
117156,22.0,14.0,11.0,322.0,32.5,0.28840215568307825,0,4.9,Obese,18-39,2.0,4.0,conformal_calibration
117158,75.0,17.0,15.0,228.0,38.9,1.4438753702966247,0,6.9,Obese,60+,2.0,4.0,test
117159,31.0,19.0,13.0,204.0,22.8,0.8007804303349508,0,5.1,Normal,18-39,2.0,4.0,test
117161,67.0,17.0,12.0,203.0,24.3,1.619709252726561,0,5.3,Normal,60+,2.0,3.0,proper_train
117164,58.0,18.0,15.0,176.0,32.7,1.5315888687274783,0,6.5,Obese,40-59,2.0,1.0,conformal_calibration
117165,75.0,15.0,21.0,261.0,40.2,0.9405943544654843,0,6.1,Obese,60+,1.0,7.0,proper_train
117166,55.0,97.0,108.0,124.0,22.5,4.1400049544713085,1,14.1,Normal,40-59,1.0,3.0,test
117172,21.0,18.0,15.0,248.0,34.4,0.39354508195333426,0,4.5,Obese,18-39,1.0,3.0,proper_train
117173,67.0,18.0,20.0,230.0,38.7,1.1724773829846722,0,7.1,Obese,60+,1.0,3.0,test
117174,34.0,20.0,25.0,253.0,30.0,0.5375494071146245,0,5.0,Obese,18-39,2.0,3.0,proper_train
117177,19.0,36.0,25.0,272.0,30.7,0.5029411764705882,0,6.6,Obese,18-39,1.0,4.0,conformal_calibration
117178,25.0,22.0,36.0,311.0,43.7,0.2947481243301179,1,10.5,Obese,18-39,2.0,1.0,proper_train
117181,47.0,16.0,12.0,224.0,23.2,0.969123666139729,0,4.3,Normal,40-59,2.0,2.0,proper_train
117182,29.0,17.0,19.0,367.0,33.8,0.3081797187961497,0,4.4,Obese,18-39,1.0,3.0,proper_train
117186,26.0,19.0,17.0,223.0,22.5,0.5372762276589619,1,9.0,Normal,18-39,1.0,4.0,conformal_calibration
117187,72.0,29.0,17.0,244.0,24.7,2.0754687912945218,0,6.1,Normal,60+,2.0,3.0,proper_train
117188,60.0,14.0,11.0,221.0,23.0,1.146015970340821,0,3.7,Normal,60+,1.0,3.0,test
117190,32.0,15.0,11.0,211.0,19.3,0.6859025848214528,0,3.0,Normal,18-39,2.0,6.0,proper_train
117191,36.0,13.0,15.0,261.0,31.8,0.46297731954663374,0,4.0,Obese,18-39,2.0,1.0,test
117192,60.0,31.0,37.0,192.0,31.9,1.5926151895206488,0,5.5,Obese,60+,1.0,4.0,test
117193,69.0,16.0,13.0,255.0,35.5,1.2007627777110843,0,4.6,Obese,60+,2.0,4.0,proper_train
117195,26.0,16.0,18.0,266.0,25.5,0.36861706888922785,0,4.2,Overweight,18-39,2.0,1.0,test
117198,36.0,25.0,32.0,194.0,27.8,0.8200980709637794,0,3.7,Overweight,18-39,1.0,3.0,test
117200,33.0,43.0,90.0,206.0,36.0,0.7260957928444871,0,5.0,Obese,18-39,1.0,3.0,proper_train
117204,72.0,22.0,15.0,242.0,28.7,1.6900290965268727,0,4.0,Overweight,60+,2.0,3.0,proper_train
117208,62.0,17.0,17.0,251.0,45.0,1.018456369674482,0,5.0,Obese,60+,2.0,2.0,test
117209,35.0,18.0,21.0,319.0,31.2,0.4309632315005492,0,5.5,Obese,18-39,2.0,1.0,proper_train
117210,63.0,20.0,17.0,200.0,32.7,1.5279744377288977,1,8.3,Obese,60+,2.0,6.0,proper_train
117212,30.0,15.0,15.0,240.0,33.9,0.4841229182759271,0,3.7,Obese,18-39,2.0,3.0,proper_train
117215,32.0,22.0,56.0,228.0,30.1,0.41261384716304117,0,4.6,Obese,18-39,1.0,1.0,proper_train
117217,73.0,24.0,20.0,158.0,27.8,2.4794880358098936,0,4.0,Overweight,60+,1.0,3.0,proper_train
117219,61.0,19.0,28.0,240.0,31.8,0.9126267171201966,0,6.4,Obese,60+,2.0,1.0,proper_train
117220,80.0,20.0,15.0,191.0,24.3,2.1629226366254333,0,4.5,Normal,60+,1.0,3.0,test
117222,67.0,17.0,11.0,250.0,21.4,1.3736856858962911,0,4.8,Normal,60+,1.0,7.0,test
117224,59.0,17.0,12.0,246.0,26.1,1.1769965853601518,0,3.8,Overweight,40-59,1.0,4.0,proper_train
117226,64.0,24.0,19.0,292.0,25.1,1.2067896137848728,0,5.0,Overweight,60+,2.0,1.0,proper_train
117227,18.0,17.0,11.0,311.0,25.3,0.29666389530802467,0,5.0,Overweight,18-39,1.0,6.0,proper_train
117230,65.0,19.0,11.0,177.0,31.9,2.1037655963476727,0,5.6,Obese,60+,2.0,7.0,proper_train
117232,48.0,24.0,22.0,149.0,26.5,1.6483706392057935,0,8.1,Overweight,40-59,1.0,6.0,proper_train
117234,62.0,17.0,18.0,205.0,24.9,1.2118545485701155,0,4.9,Normal,60+,1.0,1.0,test
117235,53.0,17.0,24.0,236.0,28.3,0.7793044697202132,0,4.9,Overweight,40-59,2.0,6.0,test
117236,62.0,14.0,10.0,457.0,15.1,0.6006251660888737,0,4.9,Underweight,60+,1.0,3.0,test
117238,53.0,34.0,21.0,184.0,34.1,2.1371121641590123,0,7.3,Obese,40-59,1.0,4.0,proper_train
117241,51.0,17.0,22.0,270.0,33.7,0.684611189186349,0,4.1,Obese,40-59,1.0,4.0,test
117242,58.0,14.0,10.0,258.0,28.3,0.995259480642141,0,4.8,Overweight,40-59,1.0,4.0,proper_train
117243,59.0,18.0,14.0,197.0,21.9,1.4407687254365213,0,3.1,Normal,40-59,2.0,3.0,proper_train
117244,44.0,18.0,22.0,391.0,28.3,0.4318541364543311,0,5.1,Overweight,40-59,2.0,6.0,proper_train
117249,65.0,24.0,30.0,459.0,39.4,0.6205135727727372,1,12.0,Obese,60+,2.0,3.0,proper_train
117250,62.0,16.0,16.0,256.0,36.1,0.96875,0,4.7,Obese,60+,2.0,3.0,proper_train
117251,67.0,14.0,13.0,305.0,26.3,0.8529652197692869,0,4.7,Overweight,60+,1.0,3.0,proper_train
117253,63.0,15.0,12.0,252.0,37.5,1.0825317547305484,0,7.9,Obese,60+,2.0,4.0,test
117260,62.0,7.0,5.0,329.0,30.4,0.5899413387446253,0,5.7,Obese,60+,1.0,3.0,conformal_calibration
117261,80.0,26.0,17.0,235.0,19.9,2.1466982981939258,1,10.4,Normal,60+,2.0,3.0,proper_train
117263,56.0,19.0,29.0,173.0,32.7,1.1420799989617527,0,6.9,Obese,40-59,1.0,4.0,proper_train
117265,75.0,19.0,15.0,164.0,23.4,2.243496450546979,0,3.6,Normal,60+,1.0,4.0,conformal_calibration
117266,79.0,23.0,26.0,242.0,20.7,1.4724918080416545,0,5.0,Normal,60+,2.0,3.0,test
117270,49.0,24.0,23.0,310.0,20.1,0.791009519132645,0,3.0,Normal,40-59,2.0,7.0,conformal_calibration
117274,41.0,18.0,27.0,273.0,25.2,0.5202496931159265,0,5.0,Overweight,40-59,1.0,2.0,proper_train
117275,63.0,15.0,16.0,238.0,24.9,0.9926470588235294,0,7.1,Normal,60+,1.0,6.0,proper_train
117278,33.0,15.0,11.0,212.0,25.7,0.7040005451226085,0,4.9,Overweight,18-39,2.0,3.0,proper_train
117280,60.0,37.0,49.0,304.0,28.3,1.0432330827067668,0,3.8,Overweight,60+,2.0,6.0,proper_train
117282,41.0,17.0,15.0,262.0,46.5,0.6868878860830966,1,11.8,Obese,40-59,2.0,1.0,proper_train
117285,28.0,29.0,27.0,209.0,23.9,0.7477008270844914,0,3.8,Normal,18-39,1.0,3.0,proper_train
117286,46.0,18.0,14.0,228.0,24.9,0.9705802995766991,0,6.1,Normal,40-59,2.0,3.0,proper_train
117287,44.0,21.0,18.0,261.0,31.2,0.8344401862278034,0,6.7,Obese,40-59,2.0,4.0,proper_train
117289,57.0,12.0,9.0,215.0,26.5,1.0604651162790697,0,3.4,Overweight,40-59,2.0,4.0,proper_train
117290,45.0,12.0,16.0,314.0,40.6,0.4299363057324841,0,5.6,Obese,40-59,2.0,3.0,test
117291,21.0,13.0,16.0,301.0,25.4,0.22674418604651161,0,5.3,Overweight,18-39,2.0,7.0,test
117292,80.0,21.0,14.0,310.0,17.3,1.4483835045576547,1,10.9,Underweight,60+,1.0,3.0,proper_train
117293,55.0,22.0,29.0,305.0,31.9,0.7366929809646976,0,4.1,Obese,40-59,1.0,3.0,proper_train
117294,55.0,82.0,189.0,230.0,26.2,1.426322731832356,0,6.7,Overweight,40-59,1.0,3.0,test
117295,52.0,19.0,18.0,270.0,36.3,0.8624956787806284,0,5.1,Obese,40-59,2.0,4.0,proper_train
117297,52.0,12.0,15.0,241.0,44.8,0.6685315651544753,0,5.1,Obese,40-59,2.0,1.0,test
117301,73.0,21.0,10.0,235.0,22.4,2.0628815544843087,0,3.0,Normal,60+,2.0,2.0,test
117302,63.0,20.0,19.0,263.0,23.7,1.099101994969231,0,6.5,Normal,60+,1.0,3.0,proper_train
117305,68.0,18.0,12.0,472.0,36.9,0.7485982303899386,0,5.7,Obese,60+,2.0,7.0,proper_train
117306,42.0,14.0,10.0,198.0,21.3,0.939100638474246,0,4.3,Normal,40-59,2.0,3.0,proper_train
117307,62.0,33.0,29.0,196.0,24.7,1.938431948521674,0,4.5,Normal,60+,2.0,3.0,proper_train
117308,36.0,22.0,23.0,314.0,31.6,0.525934445647144,0,4.1,Obese,18-39,2.0,4.0,test
117310,71.0,25.0,26.0,128.0,35.2,2.7195792177365368,0,6.3,Obese,60+,1.0,3.0,proper_train
117312,78.0,16.0,10.0,220.0,30.1,1.7938738726773351,0,3.7,Obese,60+,2.0,2.0,proper_train
117313,32.0,12.0,10.0,227.0,22.9,0.5349403618963249,0,4.7,Normal,18-39,2.0,3.0,proper_train
117314,61.0,50.0,63.0,202.0,28.9,1.9022964400629423,0,7.7,Overweight,60+,1.0,2.0,proper_train
117315,64.0,21.0,15.0,183.0,29.9,1.8962803706021012,0,6.9,Overweight,60+,2.0,2.0,proper_train
117316,55.0,15.0,12.0,208.0,40.8,1.144985509811157,0,4.3,Obese,40-59,2.0,4.0,proper_train
117320,34.0,14.0,12.0,315.0,33.5,0.4362202033877172,0,4.9,Obese,18-39,2.0,2.0,test
117321,70.0,22.0,16.0,174.0,35.3,2.2126436781609193,0,6.0,Obese,60+,2.0,3.0,test
117322,80.0,16.0,16.0,238.0,25.6,1.3445378151260505,0,6.0,Overweight,60+,2.0,3.0,test
117328,32.0,12.0,10.0,238.0,45.7,0.5102162275229654,0,7.8,Obese,18-39,1.0,4.0,test
117331,57.0,21.0,26.0,195.0,44.2,1.2038513526174681,0,5.8,Obese,40-59,1.0,3.0,proper_train
117335,66.0,19.0,21.0,216.0,32.1,1.2668760849811782,0,5.0,Obese,60+,1.0,3.0,proper_train
117336,43.0,15.0,17.0,253.0,30.9,0.6183220480175287,0,4.0,Obese,40-59,1.0,4.0,test
117339,80.0,25.0,21.0,157.0,32.3,2.779845735490349,0,4.5,Obese,60+,1.0,3.0,proper_train
117347,18.0,14.0,9.0,254.0,18.6,0.33070866141732286,0,5.4,Normal,18-39,1.0,3.0,proper_train
117353,64.0,17.0,19.0,211.0,24.4,1.1829588552188208,0,7.2,Normal,60+,1.0,4.0,proper_train
117354,80.0,22.0,14.0,218.0,29.6,2.1577054392929678,0,4.9,Overweight,60+,2.0,3.0,proper_train
117357,22.0,16.0,13.0,164.0,20.8,0.5952880154612215,0,3.9,Normal,18-39,2.0,6.0,proper_train
117358,36.0,19.0,26.0,288.0,28.6,0.4657758209531871,1,9.0,Overweight,18-39,1.0,6.0,conformal_calibration
117359,59.0,20.0,21.0,400.0,38.2,0.6437427761961775,0,4.9,Obese,40-59,1.0,4.0,test
117363,70.0,18.0,19.0,171.0,50.3,1.6904317232567707,1,10.8,Obese,60+,2.0,3.0,proper_train
117364,37.0,18.0,19.0,232.0,24.6,0.6585813739560091,0,2.8,Normal,18-39,2.0,1.0,proper_train
117365,57.0,17.0,13.0,270.0,45.7,0.9953786854486056,0,7.5,Obese,40-59,2.0,4.0,test
117368,35.0,48.0,81.0,296.0,27.2,0.6306306306306306,0,4.1,Overweight,18-39,1.0,3.0,proper_train
117370,52.0,10.0,10.0,279.0,23.4,0.5893850836156119,0,4.3,Normal,40-59,1.0,7.0,proper_train
117371,44.0,20.0,18.0,298.0,19.6,0.6960335206310535,0,3.6,Normal,40-59,2.0,2.0,test
117374,57.0,18.0,13.0,247.0,21.2,1.1520696383139375,0,7.9,Normal,40-59,2.0,4.0,proper_train
117375,49.0,17.0,28.0,167.0,32.7,0.9426479222056475,0,6.4,Obese,40-59,1.0,3.0,proper_train
117377,24.0,14.0,7.0,310.0,28.6,0.4096647191325818,0,2.8,Overweight,18-39,2.0,3.0,proper_train
117379,41.0,33.0,23.0,253.0,31.9,1.115098823000878,0,4.6,Obese,40-59,2.0,4.0,test
117383,42.0,15.0,21.0,240.0,30.4,0.57282196186948,0,3.8,Obese,40-59,1.0,3.0,proper_train
117384,62.0,18.0,15.0,229.0,24.4,1.2582967727416237,0,4.9,Normal,60+,2.0,6.0,conformal_calibration
117387,31.0,15.0,16.0,373.0,46.0,0.3116621983914209,0,5.7,Obese,18-39,2.0,3.0,conformal_calibration
117388,36.0,41.0,53.0,389.0,31.1,0.5211932966279306,0,4.5,Obese,18-39,1.0,3.0,test
117389,34.0,19.0,24.0,223.0,42.1,0.5913192727346537,1,49.6,Obese,18-39,1.0,3.0,proper_train
117398,61.0,18.0,21.0,300.0,58.8,0.7986774782637321,1,13.5,Obese,60+,2.0,3.0,proper_train
117400,60.0,35.0,37.0,179.0,22.5,1.9287032030237448,0,7.8,Normal,60+,1.0,2.0,test
117402,58.0,22.0,25.0,287.0,34.9,0.889198606271777,0,4.6,Obese,40-59,2.0,4.0,test
117405,26.0,19.0,21.0,185.0,30.6,0.5827007447382716,0,6.0,Obese,18-39,1.0,7.0,proper_train
117407,19.0,20.0,12.0,234.0,27.0,0.46878868011123465,0,3.8,Overweight,18-39,1.0,4.0,proper_train
117409,34.0,17.0,19.0,283.0,29.6,0.46855934338227806,0,4.2,Overweight,18-39,2.0,1.0,proper_train
117411,72.0,22.0,36.0,248.0,26.7,1.064516129032258,0,5.3,Overweight,60+,1.0,2.0,test
117412,35.0,17.0,17.0,281.0,24.6,0.5135540814826267,0,4.3,Normal,18-39,1.0,3.0,test
117414,63.0,40.0,53.0,224.0,31.6,1.5453063444227515,0,4.2,Obese,60+,2.0,3.0,proper_train
117418,45.0,26.0,40.0,275.0,31.3,0.6727027022540006,0,6.8,Obese,40-59,1.0,7.0,test
117419,40.0,33.0,26.0,170.0,29.5,1.5227841081317819,0,4.2,Overweight,40-59,1.0,6.0,conformal_calibration
117420,65.0,17.0,16.0,195.0,28.9,1.4166666666666667,0,5.9,Overweight,60+,2.0,4.0,proper_train
117421,20.0,16.0,12.0,584.0,25.9,0.15817815594236323,1,8.2,Overweight,18-39,2.0,4.0,proper_train
117428,75.0,19.0,10.0,184.0,22.9,2.4490465574673586,0,2.8,Normal,60+,2.0,2.0,proper_train
117429,41.0,16.0,11.0,354.0,37.5,0.5587328871271552,0,4.2,Obese,40-59,2.0,4.0,test
117432,66.0,14.0,11.0,310.0,25.8,0.8986983302898504,0,3.2,Overweight,60+,2.0,4.0,proper_train
117434,20.0,40.0,66.0,242.0,37.4,0.40691401976638913,1,16.5,Obese,18-39,1.0,3.0,proper_train
117435,51.0,26.0,23.0,244.0,31.8,1.1331562009822997,0,4.6,Obese,40-59,2.0,4.0,proper_train
117436,76.0,18.0,20.0,157.0,25.9,1.9483700593756128,0,4.0,Overweight,60+,1.0,1.0,proper_train
117437,55.0,36.0,47.0,268.0,25.3,1.0776592655441464,0,4.3,Overweight,40-59,1.0,2.0,proper_train
117438,39.0,17.0,23.0,270.0,27.4,0.5120187278512615,0,3.7,Overweight,18-39,1.0,3.0,test
117440,61.0,27.0,27.0,196.0,22.6,1.6171698866586965,0,3.5,Normal,60+,1.0,4.0,proper_train
117441,80.0,24.0,19.0,170.0,28.6,2.591048288420462,0,7.1,Overweight,60+,1.0,3.0,test
117442,68.0,16.0,16.0,272.0,29.2,1.0,0,4.7,Overweight,60+,1.0,6.0,proper_train
117447,42.0,18.0,17.0,391.0,28.0,0.4689435614513241,0,4.2,Overweight,40-59,2.0,2.0,test
117450,56.0,27.0,34.0,389.0,24.6,0.6665960430217823,0,5.4,Normal,40-59,1.0,3.0,proper_train
117453,46.0,13.0,11.0,294.0,28.0,0.6132781770663355,0,3.7,Overweight,40-59,2.0,1.0,test
117454,56.0,20.0,23.0,154.0,26.0,1.5164684658696348,0,3.5,Overweight,40-59,1.0,1.0,proper_train
117458,73.0,21.0,17.0,235.0,32.6,1.582157928428504,0,6.1,Obese,60+,2.0,3.0,proper_train
117460,60.0,21.0,23.0,197.0,41.3,1.3336454909234223,0,4.4,Obese,60+,1.0,4.0,test
117463,26.0,16.0,17.0,331.0,37.9,0.30481818735684146,0,4.5,Obese,18-39,1.0,4.0,proper_train
117464,56.0,19.0,16.0,334.0,17.9,0.7964071856287425,0,3.0,Underweight,40-59,2.0,3.0,proper_train
117465,54.0,150.0,156.0,285.0,22.8,2.275505343545975,1,9.7,Normal,40-59,2.0,4.0,proper_train
117466,23.0,16.0,11.0,291.0,29.9,0.38129269692308254,0,4.7,Overweight,18-39,2.0,3.0,test
117467,58.0,104.0,115.0,143.0,26.0,3.933474827486415,0,7.5,Overweight,40-59,1.0,3.0,proper_train
117468,21.0,14.0,11.0,216.0,24.0,0.41039044123084495,0,2.8,Normal,18-39,2.0,3.0,proper_train
117470,23.0,13.0,8.0,195.0,19.5,0.5421151989096864,0,3.3,Normal,18-39,1.0,2.0,proper_train
117471,80.0,24.0,14.0,192.0,25.4,2.6726124191242437,1,10.1,Overweight,60+,2.0,3.0,proper_train
117474,18.0,15.0,11.0,285.0,19.9,0.28564232644209187,0,5.5,Normal,18-39,2.0,7.0,test
117481,47.0,46.0,68.0,292.0,27.7,0.8978801735077944,0,7.5,Overweight,40-59,1.0,3.0,conformal_calibration
117484,19.0,17.0,10.0,271.0,26.0,0.376906156544054,1,8.9,Overweight,18-39,1.0,1.0,proper_train
117485,20.0,28.0,36.0,353.0,33.1,0.26440037771482533,0,2.8,Obese,18-39,2.0,2.0,conformal_calibration
117491,19.0,17.0,23.0,291.0,25.5,0.23144383415957098,0,7.8,Overweight,18-39,1.0,1.0,proper_train
117494,71.0,17.0,13.0,220.0,29.9,1.5216434928269353,0,3.8,Overweight,60+,2.0,6.0,proper_train
117496,19.0,23.0,33.0,184.0,26.6,0.41343443289478243,0,4.5,Overweight,18-39,1.0,1.0,proper_train
117498,68.0,43.0,64.0,192.0,29.9,1.9036458333333333,0,7.5,Overweight,60+,2.0,6.0,proper_train
117499,38.0,14.0,13.0,339.0,27.1,0.43525148140386716,0,2.6,Overweight,18-39,2.0,2.0,conformal_calibration
117500,22.0,28.0,48.0,216.0,31.2,0.41162935858889993,0,4.5,Obese,18-39,1.0,3.0,proper_train
117502,73.0,30.0,18.0,195.0,31.1,2.6471176936727163,0,4.0,Obese,60+,2.0,1.0,conformal_calibration
117504,49.0,15.0,13.0,304.0,32.6,0.6705668490551702,0,6.7,Obese,40-59,2.0,3.0,proper_train
117505,36.0,67.0,61.0,324.0,37.3,0.9531634395004478,1,12.0,Obese,18-39,2.0,7.0,proper_train
117507,65.0,20.0,17.0,178.0,28.1,1.77132759857996,0,4.7,Overweight,60+,1.0,4.0,conformal_calibration
117510,51.0,15.0,10.0,283.0,19.3,0.854820639586152,0,6.3,Normal,40-59,2.0,6.0,proper_train
117511,53.0,20.0,24.0,232.0,22.1,0.9326361808010664,0,4.7,Normal,40-59,2.0,3.0,conformal_calibration
117513,48.0,17.0,17.0,241.0,31.0,0.8211994607039323,0,4.3,Obese,40-59,2.0,2.0,test
117514,56.0,26.0,23.0,172.0,24.8,1.7650987608552375,0,7.0,Normal,40-59,2.0,3.0,proper_train
117517,23.0,21.0,23.0,216.0,28.0,0.46626139809984773,0,3.3,Overweight,18-39,1.0,6.0,test
117518,50.0,19.0,27.0,231.0,26.3,0.7914614079800065,0,6.3,Overweight,40-59,1.0,6.0,proper_train
117523,41.0,22.0,32.0,291.0,29.1,0.5479470074143177,0,5.4,Overweight,40-59,2.0,3.0,test
117529,36.0,13.0,11.0,273.0,23.5,0.5168765907047377,0,3.3,Normal,18-39,1.0,6.0,test
117530,25.0,21.0,16.0,234.0,21.8,0.5608974358974359,0,6.5,Normal,18-39,1.0,4.0,test
117531,32.0,19.0,23.0,382.0,29.1,0.3318763448866531,0,3.4,Overweight,18-39,2.0,3.0,proper_train
117537,61.0,23.0,28.0,253.0,31.8,1.0479924024346754,1,10.2,Obese,60+,1.0,4.0,proper_train
117540,69.0,15.0,10.0,147.0,28.2,2.2265016178736547,0,6.1,Overweight,60+,1.0,3.0,proper_train
117543,31.0,14.0,12.0,260.0,19.9,0.48186541697749535,0,3.0,Normal,18-39,2.0,3.0,proper_train
117546,75.0,19.0,13.0,177.0,26.9,2.232903332262575,0,6.1,Overweight,60+,1.0,7.0,proper_train
117549,29.0,75.0,37.0,173.0,29.2,2.0668658808621507,0,3.4,Overweight,18-39,1.0,3.0,proper_train
117551,64.0,32.0,45.0,252.0,28.2,1.211499263999886,0,6.2,Overweight,60+,1.0,2.0,test
117554,75.0,18.0,15.0,230.0,27.8,1.5155152224289892,0,6.6,Overweight,60+,2.0,3.0,proper_train
117556,39.0,16.0,14.0,339.0,30.8,0.49194989661755995,0,4.4,Obese,18-39,2.0,3.0,proper_train
117558,63.0,21.0,23.0,270.0,34.7,1.0217206288796665,0,5.5,Obese,60+,2.0,2.0,test
117559,48.0,14.0,9.0,359.0,29.8,0.6239554317548747,0,4.0,Overweight,40-59,2.0,1.0,proper_train
117566,37.0,48.0,94.0,153.0,33.2,1.1972576035004032,0,3.7,Obese,18-39,1.0,2.0,test
117570,47.0,22.0,20.0,196.0,26.6,1.179639943232032,0,5.4,Overweight,40-59,1.0,3.0,proper_train
117571,41.0,23.0,20.0,361.0,44.3,0.5841030755629644,0,4.1,Obese,40-59,2.0,4.0,proper_train
117573,45.0,42.0,47.0,207.0,31.4,1.3318107919372981,0,4.4,Obese,40-59,1.0,3.0,conformal_calibration
117574,46.0,32.0,21.0,234.0,24.3,1.372721087296499,0,7.2,Normal,40-59,1.0,3.0,test
117575,61.0,15.0,10.0,224.0,31.8,1.2917339549348512,1,14.3,Obese,60+,2.0,3.0,proper_train
117577,43.0,25.0,12.0,234.0,19.0,1.3261785029462558,0,2.9,Normal,40-59,1.0,3.0,proper_train
117580,65.0,13.0,12.0,299.0,30.3,0.8158210325505583,0,4.5,Obese,60+,1.0,4.0,proper_train
117581,22.0,21.0,10.0,234.0,20.0,0.6243471277768338,0,3.8,Normal,18-39,2.0,6.0,proper_train
117586,18.0,22.0,29.0,288.0,46.7,0.25533108999344634,0,8.1,Obese,18-39,1.0,7.0,test
117587,28.0,20.0,12.0,162.0,25.1,0.9978893541549086,0,5.7,Overweight,18-39,2.0,4.0,proper_train
117589,59.0,27.0,28.0,244.0,24.9,1.2338061588190552,0,3.3,Normal,40-59,2.0,3.0,proper_train
117592,31.0,30.0,45.0,318.0,26.9,0.43596293900939287,0,5.1,Overweight,18-39,1.0,3.0,proper_train
117599,62.0,91.0,78.0,164.0,27.4,3.8953091625876883,1,17.2,Overweight,60+,2.0,7.0,test
117600,27.0,16.0,24.0,340.0,31.6,0.25935773747116003,0,4.8,Obese,18-39,2.0,4.0,test
117603,24.0,19.0,18.0,248.0,18.9,0.4333880271788518,0,5.1,Normal,18-39,1.0,3.0,test
117604,75.0,50.0,46.0,200.0,34.6,2.7645366779043212,1,16.5,Obese,60+,1.0,3.0,conformal_calibration
117606,33.0,13.0,9.0,315.0,33.9,0.45396825396825397,0,4.6,Obese,18-39,2.0,4.0,test
117613,48.0,20.0,26.0,230.0,31.2,0.8185716944898117,0,4.8,Obese,40-59,1.0,6.0,proper_train
117616,63.0,18.0,23.0,268.0,29.8,0.8822960654504582,0,4.5,Overweight,60+,2.0,3.0,test
117617,46.0,18.0,18.0,262.0,28.7,0.7448911130056761,0,6.5,Overweight,40-59,1.0,2.0,test
117621,27.0,23.0,25.0,191.0,25.4,0.650261780104712,0,5.5,Overweight,18-39,1.0,6.0,proper_train
117622,56.0,15.0,13.0,228.0,18.1,1.0218161509412116,0,4.6,Underweight,40-59,2.0,6.0,test
117623,60.0,19.0,25.0,238.0,26.7,0.957983193277311,0,5.2,Overweight,60+,1.0,1.0,test
117624,46.0,26.0,42.0,169.0,40.5,1.0919929381932658,1,9.0,Obese,40-59,1.0,7.0,proper_train
117625,31.0,17.0,14.0,282.0,21.8,0.4994562925100981,0,3.3,Normal,18-39,2.0,3.0,test
117627,23.0,15.0,10.0,241.0,20.0,0.4526912003145605,0,4.5,Normal,18-39,1.0,1.0,proper_train
117628,39.0,41.0,65.0,175.0,31.1,1.1333230891893962,0,5.8,Obese,18-39,2.0,3.0,proper_train
117629,43.0,14.0,9.0,263.0,30.7,0.7629911280101395,0,3.5,Obese,40-59,2.0,1.0,proper_train
117631,72.0,24.0,17.0,262.0,26.1,1.5996242750487915,0,6.9,Overweight,60+,2.0,3.0,test
117632,36.0,26.0,34.0,208.0,30.9,0.7717436331412897,0,3.9,Obese,18-39,1.0,1.0,proper_train
117633,53.0,15.0,15.0,350.0,49.1,0.5864803352828374,1,14.2,Obese,40-59,2.0,1.0,proper_train
117635,65.0,13.0,7.0,210.0,18.2,1.5208570461561761,0,4.3,Underweight,60+,2.0,4.0,proper_train
117637,36.0,19.0,19.0,293.0,39.8,0.5355643753155775,1,9.6,Obese,18-39,2.0,3.0,proper_train
117638,76.0,25.0,36.0,314.0,35.7,1.0084925690021231,0,5.3,Obese,60+,2.0,3.0,proper_train
117641,23.0,24.0,21.0,146.0,19.8,0.8250429822621081,0,3.3,Normal,18-39,2.0,2.0,test
117643,61.0,20.0,14.0,250.0,29.3,1.304234860532631,0,2.6,Overweight,60+,2.0,1.0,test
117644,30.0,13.0,11.0,183.0,22.1,0.6425651605755619,0,4.6,Normal,18-39,2.0,4.0,proper_train
117646,27.0,19.0,15.0,269.0,27.8,0.4924016001497905,0,4.0,Overweight,18-39,2.0,1.0,proper_train
117647,32.0,18.0,31.0,293.0,29.0,0.35308073026424014,0,3.5,Overweight,18-39,2.0,2.0,test
117651,44.0,19.0,27.0,231.0,29.0,0.6964860390224057,0,7.2,Overweight,40-59,1.0,4.0,test
117652,62.0,11.0,16.0,261.0,24.5,0.6532567049808429,0,5.1,Normal,60+,1.0,2.0,conformal_calibration
117653,52.0,32.0,34.0,246.0,28.3,1.1600554702322547,0,4.1,Overweight,40-59,1.0,6.0,proper_train
117654,68.0,17.0,14.0,297.0,35.4,1.0402491436052612,1,8.3,Obese,60+,1.0,4.0,proper_train
117656,33.0,13.0,17.0,206.0,28.7,0.5050863259251789,0,5.4,Overweight,18-39,1.0,3.0,proper_train
117657,55.0,22.0,25.0,325.0,22.1,0.7446153846153846,0,3.8,Normal,40-59,2.0,3.0,proper_train
117660,71.0,20.0,18.0,190.0,25.8,1.7615642619033292,0,3.3,Overweight,60+,2.0,3.0,proper_train
117662,38.0,16.0,16.0,297.0,31.5,0.5117845117845118,0,4.2,Obese,18-39,2.0,4.0,test
117665,66.0,27.0,26.0,249.0,30.8,1.4035299309889318,0,3.3,Obese,60+,2.0,1.0,proper_train
117671,48.0,13.0,14.0,411.0,54.7,0.4057688928305421,1,8.9,Obese,40-59,2.0,4.0,test
117672,55.0,14.0,15.0,327.0,38.9,0.6079912694352112,0,6.1,Obese,40-59,2.0,4.0,test
117675,80.0,20.0,15.0,252.0,33.1,1.6393580301407054,0,6.6,Obese,60+,2.0,1.0,conformal_calibration
117676,45.0,12.0,14.0,276.0,41.9,0.5229024298286564,0,5.7,Obese,40-59,2.0,3.0,test
117677,38.0,16.0,9.0,334.0,36.1,0.6067864271457086,0,3.9,Obese,18-39,2.0,4.0,conformal_calibration
117678,76.0,26.0,24.0,193.0,28.1,2.089892802996356,0,8.1,Overweight,60+,1.0,3.0,conformal_calibration
117681,74.0,16.0,12.0,287.0,20.0,1.1909106597918413,0,3.5,Normal,60+,2.0,3.0,proper_train
117683,80.0,19.0,8.0,190.0,24.6,2.82842712474619,0,7.6,Normal,60+,2.0,3.0,proper_train
117685,40.0,15.0,8.0,252.0,34.8,0.8417937871268422,0,4.3,Obese,40-59,2.0,4.0,proper_train
117687,45.0,22.0,31.0,412.0,33.7,0.4315758471031727,0,4.3,Obese,40-59,2.0,6.0,proper_train
117690,39.0,19.0,10.0,249.0,21.4,0.9410633518814333,0,6.0,Normal,18-39,2.0,3.0,proper_train
117692,69.0,39.0,42.0,322.0,29.7,1.289535138968911,1,10.5,Overweight,60+,1.0,4.0,proper_train
117695,66.0,32.0,25.0,321.0,29.0,1.3158878504672897,0,6.0,Overweight,60+,2.0,4.0,proper_train
117697,19.0,22.0,15.0,261.0,24.5,0.4135139307061814,0,4.8,Normal,18-39,2.0,2.0,proper_train
117699,47.0,15.0,15.0,208.0,29.7,0.8751452753449451,0,5.4,Overweight,40-59,2.0,2.0,test
117701,48.0,21.0,25.0,300.0,30.3,0.672,0,3.3,Obese,40-59,1.0,3.0,proper_train
117703,73.0,17.0,17.0,215.0,31.3,1.3999381891632057,0,6.9,Obese,60+,1.0,3.0,conformal_calibration
117704,57.0,31.0,33.0,273.0,35.5,1.12672241052644,0,4.0,Obese,40-59,2.0,4.0,proper_train
117707,38.0,20.0,16.0,226.0,25.0,0.8407079646017699,0,5.4,Overweight,18-39,2.0,2.0,test
117710,47.0,17.0,23.0,157.0,36.8,1.0611657123032023,1,8.3,Obese,40-59,1.0,3.0,proper_train
117711,60.0,15.0,10.0,226.0,29.3,1.2593141124564342,0,5.6,Overweight,60+,2.0,6.0,proper_train
117712,24.0,26.0,24.0,184.0,25.2,0.692247101221333,0,6.4,Overweight,18-39,1.0,4.0,proper_train
117714,51.0,16.0,12.0,442.0,24.7,0.532938710021193,0,5.0,Normal,40-59,2.0,1.0,conformal_calibration
117719,18.0,18.0,23.0,314.0,25.5,0.21515500049201347,0,5.8,Overweight,18-39,2.0,6.0,proper_train
117720,31.0,17.0,13.0,170.0,30.2,0.8597853041491053,0,5.4,Obese,18-39,1.0,4.0,test
117727,74.0,15.0,21.0,290.0,26.5,0.8352477867653502,0,3.3,Overweight,60+,2.0,3.0,test
117728,72.0,14.0,19.0,263.0,40.9,0.8792815959753849,0,6.9,Obese,60+,1.0,3.0,proper_train
117729,67.0,18.0,8.0,388.0,28.9,1.0989314150914644,0,5.8,Overweight,60+,2.0,2.0,test
117730,45.0,26.0,30.0,260.0,27.9,0.8215838362577492,0,4.4,Overweight,40-59,2.0,1.0,proper_train
117732,53.0,14.0,9.0,298.0,37.4,0.8299776286353467,0,6.7,Obese,40-59,2.0,4.0,test
117733,46.0,28.0,38.0,300.0,35.0,0.6964706347214072,0,6.6,Obese,40-59,1.0,7.0,proper_train
117735,31.0,10.0,11.0,229.0,23.7,0.4081594620921691,0,3.9,Normal,18-39,2.0,2.0,test
117737,37.0,26.0,45.0,296.0,25.0,0.4844813951249544,0,4.8,Overweight,18-39,1.0,6.0,proper_train
117738,25.0,19.0,20.0,225.0,24.8,0.4720587952499556,0,4.1,Normal,18-39,2.0,3.0,conformal_calibration
117745,35.0,21.0,52.0,211.0,39.2,0.4830623746748145,1,12.3,Obese,18-39,1.0,1.0,proper_train
117746,66.0,22.0,21.0,289.0,22.4,1.0963750056147439,0,6.1,Normal,60+,1.0,3.0,conformal_calibration
117752,33.0,16.0,16.0,380.0,23.9,0.3473684210526316,0,4.1,Normal,18-39,2.0,3.0,test
117753,53.0,16.0,11.0,214.0,21.5,1.1947739261773065,0,3.5,Normal,40-59,2.0,6.0,test
117754,48.0,14.0,8.0,249.0,25.1,0.9541681866613654,0,5.9,Overweight,40-59,2.0,4.0,test
117755,53.0,20.0,18.0,257.0,29.9,0.9721571829542677,0,5.0,Overweight,40-59,1.0,4.0,proper_train
117761,19.0,118.0,33.0,194.0,27.0,2.0117634260447144,0,5.8,Overweight,18-39,1.0,2.0,test
117766,19.0,23.0,31.0,214.0,22.4,0.36676409806402166,0,3.9,Normal,18-39,1.0,1.0,test
117768,38.0,22.0,15.0,212.0,21.7,1.018180527493522,0,6.9,Normal,18-39,1.0,3.0,test
117771,70.0,18.0,13.0,191.0,22.8,1.8296393906905466,0,2.8,Normal,60+,1.0,3.0,proper_train
117773,19.0,23.0,14.0,139.0,26.7,0.840238580688701,0,3.5,Overweight,18-39,1.0,6.0,test
117774,28.0,24.0,28.0,226.0,22.6,0.5619294819960192,0,6.5,Normal,18-39,1.0,3.0,proper_train
117775,49.0,13.0,13.0,312.0,24.8,0.5662564503132548,0,4.7,Normal,40-59,1.0,6.0,proper_train
117777,41.0,17.0,14.0,216.0,19.6,0.8624124333933324,0,5.1,Normal,40-59,2.0,2.0,test
117778,44.0,21.0,9.0,230.0,30.0,1.3391304347826087,0,4.4,Obese,40-59,2.0,3.0,proper_train
117780,55.0,17.0,19.0,148.0,23.0,1.4493493997903732,0,4.1,Normal,40-59,1.0,3.0,proper_train
117784,80.0,21.0,13.0,225.0,25.4,2.0708807325741887,0,5.7,Overweight,60+,1.0,6.0,proper_train
117785,39.0,18.0,13.0,284.0,21.9,0.6855625664614627,0,3.4,Normal,18-39,2.0,2.0,test
117792,60.0,23.0,39.0,343.0,23.1,0.6442473826560356,0,3.6,Normal,60+,2.0,6.0,test
117793,80.0,17.0,14.0,254.0,26.0,1.4310050748066818,0,5.1,Overweight,60+,2.0,3.0,proper_train
117794,80.0,19.0,15.0,232.0,33.9,1.6916478983434693,0,4.9,Obese,60+,2.0,3.0,proper_train
117795,31.0,19.0,15.0,320.0,33.1,0.47524733144086845,0,6.5,Obese,18-39,2.0,7.0,proper_train
117800,65.0,18.0,15.0,263.0,28.8,1.1486414486850893,0,2.4,Overweight,60+,2.0,4.0,test
117806,62.0,23.0,27.0,212.0,34.7,1.2944991884660477,1,10.4,Obese,60+,1.0,1.0,proper_train
117807,67.0,15.0,14.0,252.0,36.6,1.0658632861983592,1,10.3,Obese,60+,2.0,3.0,proper_train
117810,27.0,21.0,19.0,207.0,23.8,0.628399618862843,0,4.6,Normal,18-39,1.0,6.0,proper_train
117811,35.0,22.0,15.0,251.0,26.5,0.7920842434474663,0,3.3,Overweight,18-39,2.0,2.0,proper_train
117817,54.0,17.0,11.0,294.0,39.3,0.9414537902122007,0,6.0,Obese,40-59,2.0,2.0,proper_train
117822,53.0,36.0,38.0,279.0,33.6,1.1093852025716664,0,3.7,Obese,40-59,1.0,1.0,test
117824,38.0,25.0,56.0,339.0,20.4,0.3744810911752259,0,3.3,Normal,18-39,2.0,2.0,test
117826,61.0,32.0,26.0,176.0,32.3,2.175106226078041,0,4.7,Obese,60+,2.0,4.0,proper_train
117827,59.0,20.0,19.0,296.0,23.6,0.9145627228623745,0,3.9,Normal,40-59,2.0,6.0,test
117829,59.0,18.0,17.0,358.0,56.1,0.7194771893535911,0,5.6,Obese,40-59,2.0,3.0,proper_train
117832,41.0,14.0,18.0,323.0,33.0,0.41886407884528204,0,4.8,Obese,40-59,2.0,3.0,proper_train
117838,34.0,16.0,14.0,135.0,26.6,1.0769638192619175,0,4.6,Overweight,18-39,1.0,3.0,conformal_calibration
117840,35.0,13.0,7.0,271.0,25.8,0.6345897978568206,0,5.9,Overweight,18-39,2.0,1.0,proper_train
117845,61.0,20.0,21.0,216.0,28.3,1.2325269726292163,0,6.4,Overweight,60+,1.0,2.0,proper_train
117847,46.0,25.0,16.0,331.0,31.6,0.8685800604229608,0,6.1,Obese,40-59,1.0,7.0,proper_train
117849,51.0,16.0,14.0,292.0,26.8,0.7468670321936243,0,5.3,Overweight,40-59,2.0,6.0,proper_train
117851,19.0,19.0,12.0,252.0,18.6,0.4135385856695534,0,4.5,Normal,18-39,2.0,7.0,proper_train
117853,43.0,18.0,16.0,319.0,25.4,0.6065830721003135,0,4.9,Overweight,40-59,2.0,4.0,proper_train
117857,44.0,19.0,13.0,191.0,27.6,1.2139512147756324,0,3.7,Overweight,40-59,2.0,2.0,conformal_calibration
117858,60.0,24.0,17.0,196.0,31.5,1.7818943880220381,0,3.7,Obese,60+,2.0,4.0,proper_train
117862,80.0,19.0,10.0,186.0,29.9,2.584226905083837,0,2.3,Overweight,60+,1.0,3.0,proper_train
117864,63.0,35.0,22.0,254.0,25.9,1.850817242378429,0,4.7,Overweight,60+,2.0,4.0,test
117866,51.0,70.0,51.0,207.0,30.1,2.4149757970917847,0,5.4,Obese,40-59,1.0,6.0,conformal_calibration
117868,18.0,17.0,25.0,256.0,28.3,0.2390625,0,4.8,Overweight,18-39,1.0,2.0,proper_train
117869,56.0,18.0,19.0,183.0,33.1,1.2636669931230942,0,4.9,Obese,40-59,1.0,4.0,test
117870,29.0,17.0,12.0,179.0,23.7,0.7950661528225852,0,5.2,Normal,18-39,1.0,3.0,proper_train
117873,57.0,67.0,114.0,212.0,29.1,1.6871798181275892,1,21.2,Overweight,40-59,1.0,1.0,conformal_calibration
117877,41.0,14.0,8.0,241.0,27.8,0.842073220749125,0,3.8,Overweight,40-59,2.0,4.0,conformal_calibration
117879,50.0,9.0,11.0,243.0,27.9,0.5583543418106734,0,4.0,Overweight,40-59,1.0,3.0,proper_train
117881,46.0,12.0,15.0,145.0,28.9,0.9829364630374686,0,6.8,Overweight,40-59,1.0,4.0,test
117882,62.0,17.0,20.0,229.0,28.2,1.029177138988986,0,6.0,Overweight,60+,1.0,3.0,proper_train
117884,66.0,22.0,16.0,296.0,30.0,1.2263513513513513,0,3.1,Obese,60+,2.0,2.0,proper_train
117885,41.0,20.0,22.0,364.0,17.7,0.4802873280538477,0,4.6,Underweight,40-59,2.0,1.0,test
117886,71.0,13.0,11.0,192.0,28.9,1.4494529741941449,0,5.9,Overweight,60+,2.0,4.0,conformal_calibration
117887,34.0,18.0,26.0,235.0,28.7,0.5107364881045474,0,5.4,Overweight,18-39,1.0,1.0,proper_train
117888,24.0,35.0,16.0,196.0,25.2,1.0714285714285714,0,7.4,Overweight,18-39,1.0,6.0,conformal_calibration
117890,71.0,20.0,17.0,199.0,35.9,1.7306562188522252,0,6.8,Obese,60+,1.0,1.0,conformal_calibration
117893,55.0,15.0,17.0,291.0,27.6,0.687600998814346,0,4.2,Overweight,40-59,2.0,1.0,test
117894,58.0,15.0,17.0,290.0,34.2,0.7276068751089989,0,4.1,Obese,40-59,1.0,6.0,proper_train
117897,22.0,38.0,29.0,259.0,21.1,0.5993872691738045,0,3.2,Normal,18-39,2.0,2.0,proper_train
117900,55.0,24.0,36.0,185.0,27.8,1.1891891891891893,0,7.5,Overweight,40-59,1.0,2.0,test
117901,27.0,25.0,33.0,255.0,36.8,0.4607937951768472,0,5.2,Obese,18-39,1.0,1.0,proper_train
117903,46.0,22.0,24.0,284.0,35.0,0.7273719541363194,0,7.9,Obese,40-59,2.0,6.0,test
117907,21.0,15.0,19.0,262.0,29.0,0.27582426018788914,0,4.0,Overweight,18-39,2.0,2.0,proper_train
117912,64.0,26.0,27.0,305.0,30.6,1.049957210854139,1,10.9,Obese,60+,2.0,2.0,proper_train
117913,57.0,15.0,12.0,261.0,35.8,0.9456599236726629,0,6.9,Obese,40-59,2.0,4.0,test
117915,48.0,19.0,12.0,169.0,24.4,1.5578208446773336,0,3.7,Normal,40-59,2.0,6.0,test
117916,75.0,13.0,12.0,213.0,29.0,1.3214002639903408,0,5.8,Overweight,60+,1.0,1.0,conformal_calibration
117917,68.0,14.0,13.0,265.0,30.0,0.99636714491777,0,4.1,Obese,60+,2.0,2.0,proper_train
117918,62.0,18.0,16.0,301.0,36.5,0.9269102990033222,0,4.2,Obese,60+,2.0,7.0,test
117919,32.0,20.0,21.0,264.0,26.4,0.5290130672387694,0,3.0,Overweight,18-39,1.0,2.0,proper_train
117922,31.0,29.0,29.0,242.0,27.7,0.6898351612445026,1,10.2,Overweight,18-39,1.0,2.0,conformal_calibration
117923,41.0,37.0,28.0,306.0,31.6,0.9368825254166628,0,6.4,Obese,40-59,2.0,3.0,proper_train
117925,35.0,25.0,26.0,268.0,36.4,0.6403045456936979,0,4.9,Obese,18-39,1.0,2.0,proper_train
117929,58.0,29.0,25.0,238.0,25.5,1.4134453781512606,0,3.3,Overweight,40-59,1.0,2.0,conformal_calibration
117933,34.0,30.0,25.0,184.0,38.9,1.108695652173913,0,5.3,Obese,18-39,1.0,4.0,test
117934,80.0,11.0,8.0,324.0,24.3,0.9602684682780275,0,5.3,Normal,60+,2.0,1.0,proper_train
117936,19.0,25.0,22.0,240.0,23.7,0.42195975112047895,0,5.6,Normal,18-39,2.0,3.0,test
117937,29.0,26.0,31.0,351.0,35.7,0.38581879694640536,0,4.6,Obese,18-39,2.0,3.0,conformal_calibration
117939,46.0,13.0,13.0,378.0,21.9,0.4387707901358294,0,3.9,Normal,40-59,2.0,6.0,test
117941,33.0,16.0,13.0,201.0,21.5,0.72856145175851,1,8.3,Normal,18-39,2.0,6.0,test
117942,36.0,10.0,10.0,271.0,40.9,0.42008116518841937,0,4.8,Obese,18-39,2.0,1.0,test
117946,38.0,17.0,15.0,237.0,32.4,0.703782627749646,0,4.4,Obese,18-39,2.0,1.0,proper_train
117948,40.0,20.0,24.0,161.0,23.5,1.014281466990964,0,7.9,Normal,40-59,1.0,3.0,test
117950,59.0,21.0,15.0,165.0,20.6,1.9388389357377733,0,4.3,Normal,40-59,2.0,6.0,proper_train
117951,80.0,25.0,17.0,248.0,24.6,1.955932459970427,0,6.1,Normal,60+,1.0,3.0,proper_train
117953,41.0,22.0,30.0,346.0,44.4,0.4759592937087282,1,10.1,Obese,40-59,2.0,3.0,proper_train
117958,39.0,22.0,30.0,228.0,28.1,0.68705548880034,0,4.9,Overweight,18-39,1.0,3.0,test
117962,80.0,12.0,11.0,280.0,28.9,1.0337531814094754,0,5.7,Overweight,60+,1.0,7.0,conformal_calibration
117964,60.0,51.0,35.0,237.0,25.0,2.1824236451217387,0,5.1,Overweight,60+,1.0,4.0,proper_train
117966,26.0,29.0,38.0,419.0,27.3,0.29192112537612164,0,6.4,Overweight,18-39,2.0,6.0,proper_train
117968,39.0,30.0,43.0,281.0,36.1,0.6349584601037277,0,4.4,Obese,18-39,1.0,3.0,test
117971,21.0,12.0,7.0,268.0,20.6,0.35539942984449724,0,3.5,Normal,18-39,2.0,3.0,conformal_calibration
117974,39.0,23.0,25.0,292.0,23.9,0.6143835616438356,0,3.3,Normal,18-39,2.0,6.0,proper_train
117979,29.0,30.0,72.0,253.0,45.0,0.40525882716225065,1,10.0,Obese,18-39,1.0,1.0,proper_train
117981,24.0,23.0,16.0,276.0,24.1,0.5,0,4.8,Normal,18-39,1.0,3.0,test
117984,65.0,14.0,11.0,195.0,35.1,1.407052941362897,0,7.7,Obese,60+,2.0,4.0,test
117987,72.0,15.0,15.0,219.0,25.4,1.2733095932736713,0,5.7,Overweight,60+,1.0,2.0,test
117989,64.0,30.0,44.0,265.0,28.1,1.092267512432653,0,4.9,Overweight,60+,1.0,3.0,test
117990,34.0,20.0,19.0,234.0,25.5,0.666678200991376,0,4.4,Overweight,18-39,2.0,6.0,test
117991,47.0,16.0,16.0,329.0,27.5,0.5714285714285714,0,3.2,Overweight,40-59,1.0,2.0,proper_train
117993,32.0,12.0,9.0,204.0,30.4,0.6274509803921569,0,3.6,Obese,18-39,2.0,3.0,test
117996,47.0,24.0,22.0,198.0,31.6,1.2145980204501443,0,5.0,Obese,40-59,1.0,1.0,proper_train
117997,74.0,20.0,15.0,265.0,28.6,1.4420164408520695,0,4.7,Overweight,60+,2.0,3.0,test
117998,43.0,20.0,21.0,213.0,28.5,0.8810675380420351,0,6.6,Overweight,40-59,1.0,4.0,proper_train
117999,52.0,15.0,7.0,201.0,27.7,1.4667278057074489,0,5.6,Overweight,40-59,2.0,1.0,proper_train
118000,43.0,14.0,7.0,204.0,19.5,1.1153657487821313,0,5.0,Normal,40-59,2.0,7.0,proper_train
118003,80.0,23.0,27.0,192.0,23.6,1.8443133599113044,0,3.4,Normal,60+,1.0,3.0,proper_train
118006,19.0,14.0,9.0,214.0,20.2,0.4143302180685358,0,4.6,Normal,18-39,2.0,3.0,proper_train
118008,44.0,25.0,31.0,306.0,22.8,0.6456399746060536,0,5.0,Normal,40-59,2.0,6.0,proper_train
118014,71.0,18.0,21.0,238.0,26.6,1.1717750576537742,0,4.8,Overweight,60+,1.0,3.0,test
118017,79.0,18.0,16.0,195.0,32.4,1.823076923076923,0,6.7,Obese,60+,2.0,3.0,test
118018,31.0,20.0,17.0,227.0,25.7,0.6624321036234645,0,4.5,Overweight,18-39,2.0,3.0,proper_train
118020,19.0,19.0,12.0,158.0,17.2,0.6595678708147307,0,6.6,Underweight,18-39,1.0,1.0,proper_train
118022,60.0,26.0,19.0,240.0,23.4,1.4912022701586514,0,4.8,Normal,60+,2.0,3.0,conformal_calibration
118023,20.0,20.0,11.0,277.0,16.7,0.4353954434335937,0,6.5,Underweight,18-39,1.0,2.0,conformal_calibration
118025,50.0,25.0,30.0,229.0,25.8,0.9965839838158044,0,4.9,Overweight,40-59,2.0,4.0,proper_train
118026,80.0,17.0,15.0,325.0,29.1,1.080463046326582,0,4.3,Overweight,60+,2.0,2.0,proper_train
118029,52.0,12.0,14.0,254.0,21.4,0.6565787990289481,0,6.2,Normal,40-59,2.0,1.0,proper_train
118031,59.0,22.0,18.0,313.0,17.5,0.9774489903941841,0,4.1,Underweight,40-59,2.0,3.0,proper_train
118033,61.0,17.0,13.0,133.0,29.0,2.1624966296449726,0,3.3,Overweight,60+,2.0,6.0,proper_train
118035,49.0,30.0,38.0,289.0,28.6,0.8251401005613183,0,5.9,Overweight,40-59,2.0,6.0,proper_train
118036,19.0,16.0,7.0,205.0,22.3,0.5604936575356345,0,7.3,Normal,18-39,1.0,4.0,proper_train
118038,65.0,21.0,17.0,206.0,25.4,1.6070928552164783,0,4.5,Overweight,60+,2.0,2.0,proper_train
118039,66.0,28.0,20.0,250.0,23.8,1.6529014489678444,0,2.9,Normal,60+,2.0,3.0,test
118040,36.0,15.0,12.0,262.0,29.5,0.5949792850427441,0,7.0,Overweight,18-39,2.0,4.0,proper_train
118042,53.0,16.0,17.0,278.0,25.5,0.7398208993914042,0,5.1,Overweight,40-59,2.0,4.0,proper_train
118044,48.0,27.0,20.0,218.0,26.2,1.3293321554310675,0,6.3,Overweight,40-59,1.0,3.0,proper_train
118045,51.0,21.0,42.0,205.0,22.8,0.8061409161434168,0,4.7,Normal,40-59,1.0,6.0,test
118049,19.0,20.0,12.0,222.0,26.8,0.494128608765896,0,5.6,Overweight,18-39,2.0,4.0,proper_train
118050,69.0,26.0,25.0,253.0,38.6,1.4181818181818182,1,9.3,Obese,60+,1.0,1.0,proper_train
118051,75.0,19.0,20.0,295.0,30.9,1.0801345315041355,0,4.4,Obese,60+,2.0,3.0,test
118055,53.0,14.0,13.0,284.0,49.8,0.724625960561831,0,7.1,Obese,40-59,2.0,4.0,conformal_calibration
118057,65.0,22.0,11.0,265.0,20.1,1.6270234820611396,0,4.6,Normal,60+,1.0,7.0,proper_train
118058,50.0,23.0,23.0,193.0,31.8,1.2424433998219482,0,4.1,Obese,40-59,1.0,7.0,conformal_calibration
118061,69.0,28.0,15.0,189.0,49.8,2.639366428526536,1,8.2,Obese,60+,2.0,1.0,proper_train
118063,25.0,17.0,13.0,270.0,22.5,0.4365695988809674,0,6.2,Normal,18-39,1.0,3.0,test
118071,47.0,19.0,25.0,294.0,31.0,0.6074829931972789,0,6.1,Obese,40-59,1.0,6.0,proper_train
118072,56.0,15.0,11.0,291.0,32.5,0.870342025585297,0,4.9,Obese,40-59,2.0,1.0,proper_train
118073,72.0,15.0,17.0,212.0,27.7,1.235558844524715,0,5.0,Overweight,60+,1.0,3.0,test
118074,63.0,25.0,31.0,228.0,42.8,1.240694520579695,1,13.4,Obese,60+,1.0,3.0,proper_train
118075,26.0,15.0,15.0,174.0,22.9,0.5787216494332922,0,5.6,Normal,18-39,2.0,4.0,test
118082,57.0,19.0,12.0,228.0,25.2,1.3712068893253613,0,5.3,Overweight,40-59,1.0,3.0,test
118083,64.0,17.0,23.0,252.0,28.7,0.9002527083099101,0,7.2,Overweight,60+,1.0,2.0,proper_train
118085,28.0,20.0,16.0,246.0,23.2,0.5691056910569106,0,4.7,Normal,18-39,1.0,3.0,test
118086,39.0,26.0,41.0,194.0,37.2,0.8162896626548791,0,2.6,Obese,18-39,1.0,3.0,proper_train
118087,51.0,20.0,21.0,121.0,29.2,1.8395227110802663,0,5.5,Overweight,40-59,1.0,2.0,test
118088,35.0,16.0,20.0,263.0,17.7,0.4761209381748601,0,2.6,Underweight,18-39,2.0,2.0,test
118091,72.0,22.0,23.0,207.0,32.9,1.595588559741094,0,4.1,Obese,60+,1.0,3.0,test
118093,47.0,21.0,26.0,141.0,35.9,1.3728129459672882,0,4.1,Obese,40-59,1.0,1.0,test
118103,54.0,17.0,15.0,181.0,31.5,1.3095391203751046,0,5.4,Obese,40-59,1.0,7.0,proper_train
118104,65.0,16.0,12.0,235.0,32.1,1.277541021185555,0,4.4,Obese,60+,2.0,4.0,proper_train
118105,59.0,20.0,15.0,366.0,20.5,0.8324445079280057,0,4.2,Normal,40-59,2.0,4.0,conformal_calibration
118107,39.0,25.0,38.0,342.0,28.3,0.4624733497148933,0,7.1,Overweight,18-39,1.0,1.0,proper_train
118108,63.0,54.0,70.0,260.0,19.3,1.563910664982926,0,7.5,Normal,60+,1.0,4.0,proper_train
118111,54.0,30.0,43.0,384.0,31.3,0.643353343590676,0,4.6,Obese,40-59,2.0,6.0,conformal_calibration
118115,62.0,14.0,18.0,202.0,27.3,1.0128196139767711,0,5.3,Overweight,60+,1.0,2.0,proper_train
118117,33.0,20.0,19.0,242.0,42.6,0.6256792741924412,1,13.7,Obese,18-39,1.0,3.0,test
118118,46.0,13.0,8.0,293.0,32.1,0.7215867835316645,0,4.4,Obese,40-59,2.0,3.0,proper_train
118121,58.0,20.0,21.0,284.0,37.1,0.8913125094146167,0,4.8,Obese,40-59,2.0,2.0,proper_train
118123,65.0,17.0,16.0,226.0,32.4,1.2223451327433628,0,5.3,Obese,60+,2.0,3.0,proper_train
118124,61.0,22.0,25.0,206.0,33.6,1.3029126213592233,0,5.0,Obese,60+,2.0,1.0,proper_train
118125,57.0,16.0,11.0,267.0,46.3,1.029881446647642,1,11.9,Obese,40-59,2.0,4.0,proper_train
118126,38.0,20.0,24.0,275.0,32.2,0.5641249104591562,0,7.3,Obese,18-39,1.0,3.0,proper_train
118128,56.0,13.0,17.0,456.0,43.2,0.38720599786502286,0,4.4,Obese,40-59,2.0,4.0,conformal_calibration
118131,43.0,21.0,19.0,180.0,27.4,1.1509022649173182,0,4.2,Overweight,40-59,1.0,4.0,conformal_calibration
118135,49.0,21.0,24.0,250.0,36.1,0.8401749817746301,0,4.0,Obese,40-59,2.0,4.0,conformal_calibration
118136,41.0,30.0,31.0,267.0,37.6,0.8273952115840193,0,5.8,Obese,40-59,1.0,3.0,proper_train
118138,53.0,32.0,51.0,204.0,29.4,1.1641544227997571,0,4.9,Overweight,40-59,2.0,4.0,proper_train
118140,54.0,11.0,8.0,308.0,29.2,0.6818529675727422,0,5.1,Overweight,40-59,2.0,2.0,test
118142,73.0,17.0,14.0,187.0,40.2,1.7736427872369984,0,5.3,Obese,60+,1.0,3.0,proper_train
118146,80.0,16.0,11.0,250.0,29.4,1.5437380842381496,0,4.6,Overweight,60+,1.0,3.0,test
118147,30.0,19.0,13.0,256.0,27.0,0.6175373278288684,0,4.3,Overweight,18-39,2.0,6.0,proper_train
118149,80.0,25.0,23.0,195.0,33.4,2.1386093749443567,0,4.5,Obese,60+,1.0,3.0,conformal_calibration
118150,60.0,12.0,16.0,323.0,23.4,0.5572755417956656,0,4.2,Normal,60+,2.0,3.0,proper_train
118154,70.0,15.0,14.0,185.0,35.0,1.5168881297732195,0,6.5,Obese,60+,2.0,3.0,conformal_calibration
118156,48.0,17.0,20.0,330.0,34.6,0.5529186271635843,0,3.9,Obese,40-59,2.0,3.0,proper_train
118161,60.0,16.0,13.0,284.0,35.5,0.9375214584088379,0,4.3,Obese,60+,2.0,4.0,proper_train
118162,59.0,22.0,17.0,289.0,24.7,1.0893122536233917,0,5.3,Normal,40-59,1.0,3.0,test
118163,51.0,16.0,15.0,298.0,31.6,0.707014409509005,0,3.4,Obese,40-59,1.0,4.0,conformal_calibration
118164,49.0,14.0,21.0,311.0,38.1,0.4813423559546327,0,5.2,Obese,40-59,1.0,3.0,proper_train
118165,22.0,63.0,109.0,165.0,23.1,0.8045740795857671,0,7.5,Normal,18-39,1.0,4.0,test
118166,36.0,15.0,19.0,150.0,22.9,0.8258966419340222,0,5.6,Normal,18-39,1.0,2.0,test
118171,30.0,19.0,12.0,287.0,22.7,0.5733269223660047,0,4.3,Normal,18-39,2.0,3.0,test
118172,43.0,18.0,10.0,169.0,22.9,1.4482857449528552,0,4.1,Normal,40-59,2.0,4.0,proper_train
118176,18.0,13.0,12.0,362.0,36.3,0.18660215882648126,0,5.5,Obese,18-39,2.0,7.0,proper_train
118178,62.0,25.0,16.0,249.0,21.7,1.5562248995983936,0,4.4,Normal,60+,1.0,4.0,proper_train
118183,51.0,20.0,19.0,329.0,30.1,0.7112585062248419,0,5.4,Obese,40-59,1.0,4.0,test
118184,38.0,38.0,30.0,330.0,21.1,0.7989003768055151,0,5.3,Normal,18-39,1.0,4.0,proper_train
118185,32.0,92.0,107.0,290.0,36.2,0.9814042150863563,1,11.0,Obese,18-39,2.0,4.0,proper_train
118190,45.0,20.0,22.0,172.0,28.8,1.1155851437212174,0,5.3,Overweight,40-59,1.0,6.0,proper_train
118191,34.0,12.0,7.0,268.0,29.5,0.5754086007006145,0,7.8,Overweight,18-39,2.0,4.0,proper_train
118193,51.0,17.0,19.0,232.0,23.1,0.857342419249039,0,4.8,Normal,40-59,1.0,3.0,proper_train
118197,62.0,16.0,11.0,171.0,21.4,1.7491184433984883,0,4.6,Normal,60+,2.0,3.0,proper_train
118199,22.0,13.0,17.0,276.0,28.9,0.2513231476825769,0,3.7,Overweight,18-39,2.0,1.0,test
118201,25.0,15.0,15.0,232.0,22.2,0.41734734334131646,0,4.6,Normal,18-39,1.0,6.0,proper_train
118210,53.0,17.0,15.0,227.0,28.6,1.0248334786880713,0,4.7,Overweight,40-59,1.0,6.0,proper_train
118211,50.0,14.0,11.0,141.0,32.5,1.4968648312371244,0,5.1,Obese,40-59,2.0,6.0,proper_train
118216,55.0,23.0,32.0,165.0,22.2,1.355287997274216,0,2.1,Normal,40-59,2.0,3.0,conformal_calibration
118217,48.0,50.0,55.0,201.0,25.5,1.6100295223002794,0,6.5,Overweight,40-59,1.0,3.0,proper_train
118220,39.0,14.0,9.0,248.0,26.9,0.7338709677419355,0,6.0,Overweight,18-39,2.0,4.0,proper_train
118221,52.0,272.0,139.0,128.0,22.1,9.372487672963679,1,22.9,Normal,40-59,1.0,6.0,conformal_calibration
118226,59.0,20.0,15.0,266.0,30.1,1.145393571058835,0,5.9,Obese,40-59,2.0,3.0,proper_train
118227,29.0,18.0,9.0,334.0,25.5,0.5209580838323353,0,5.3,Overweight,18-39,2.0,4.0,test
118228,65.0,55.0,59.0,241.0,32.0,1.9312255467072421,1,9.9,Obese,60+,2.0,2.0,conformal_calibration
118229,69.0,16.0,12.0,155.0,28.3,2.056111926404345,0,4.1,Overweight,60+,1.0,3.0,test
118231,34.0,21.0,31.0,241.0,35.8,0.5321086541374161,1,12.3,Obese,18-39,1.0,3.0,conformal_calibration
118234,52.0,34.0,42.0,207.0,31.0,1.3179146025747752,0,5.7,Obese,40-59,1.0,1.0,proper_train
118235,23.0,18.0,21.0,376.0,46.6,0.24027182595133206,0,7.5,Obese,18-39,1.0,2.0,proper_train
118237,48.0,22.0,38.0,216.0,32.1,0.7930825033059502,1,8.3,Obese,40-59,1.0,1.0,proper_train
118239,58.0,19.0,25.0,198.0,26.9,1.1131313131313132,0,4.6,Overweight,40-59,1.0,2.0,proper_train
118242,76.0,23.0,29.0,372.0,30.4,0.8725684170255018,0,5.6,Obese,60+,1.0,3.0,proper_train
118244,60.0,19.0,28.0,327.0,25.1,0.6588371547867263,0,3.7,Overweight,60+,2.0,3.0,test
118245,21.0,16.0,29.0,324.0,38.2,0.19257294329472044,0,4.3,Obese,18-39,2.0,1.0,test
118246,20.0,20.0,14.0,224.0,22.3,0.4772522177007578,0,3.7,Normal,18-39,1.0,2.0,proper_train
118247,74.0,20.0,14.0,258.0,36.8,1.5331265039937523,0,4.0,Obese,60+,2.0,3.0,conformal_calibration
118248,61.0,20.0,18.0,183.0,27.5,1.5713484026367726,0,5.1,Overweight,60+,1.0,3.0,proper_train
118250,71.0,17.0,14.0,265.0,27.3,1.2172993169369668,0,7.1,Overweight,60+,1.0,3.0,proper_train
118253,47.0,19.0,22.0,247.0,29.6,0.7708025899010531,0,6.2,Overweight,40-59,2.0,6.0,conformal_calibration
118254,63.0,21.0,27.0,290.0,32.0,0.8779705817676723,0,6.8,Obese,60+,2.0,1.0,proper_train
118256,47.0,15.0,13.0,192.0,20.9,1.0183948915072567,0,2.7,Normal,40-59,1.0,6.0,test
118258,29.0,18.0,21.0,236.0,34.4,0.48266838433554243,0,3.8,Obese,18-39,2.0,3.0,conformal_calibration
118259,20.0,15.0,15.0,378.0,37.3,0.2049197537675882,0,7.5,Obese,18-39,2.0,4.0,proper_train
118262,28.0,23.0,17.0,245.0,28.0,0.6375222143812181,0,4.8,Overweight,18-39,1.0,1.0,proper_train
118263,38.0,17.0,9.0,204.0,20.7,1.0555555555555556,0,5.7,Normal,18-39,2.0,3.0,test
118264,42.0,22.0,24.0,302.0,23.3,0.6245387754778302,0,4.8,Normal,40-59,1.0,3.0,test
118265,36.0,15.0,8.0,211.0,26.5,0.9048285825609849,0,3.6,Overweight,18-39,1.0,2.0,proper_train
118266,68.0,17.0,17.0,166.0,25.9,1.6889830273614512,0,4.0,Overweight,60+,1.0,2.0,proper_train
118267,47.0,16.0,16.0,272.0,31.7,0.6911764705882353,0,5.6,Obese,40-59,2.0,2.0,proper_train
118269,40.0,12.0,10.0,300.0,28.3,0.5059644256269407,0,6.2,Overweight,40-59,2.0,1.0,proper_train
118271,61.0,10.0,4.0,200.0,30.5,1.525,1,35.4,Obese,60+,2.0,4.0,test
118275,19.0,21.0,24.0,200.0,21.3,0.4072276697377034,0,5.5,Normal,18-39,1.0,3.0,test
118276,31.0,19.0,20.0,315.0,31.8,0.41810921864996065,0,6.2,Obese,18-39,2.0,6.0,proper_train
118279,65.0,34.0,50.0,240.0,26.4,1.302254988685225,0,5.3,Overweight,60+,2.0,3.0,proper_train
118282,34.0,23.0,40.0,232.0,31.6,0.5329528297956191,0,5.2,Obese,18-39,1.0,3.0,proper_train
118284,43.0,13.0,10.0,319.0,29.3,0.5541420727379699,0,3.1,Overweight,40-59,2.0,2.0,test
118285,70.0,30.0,33.0,201.0,26.7,1.8187217786416194,0,5.1,Overweight,60+,1.0,3.0,proper_train
118286,45.0,19.0,21.0,268.0,33.3,0.6961802095215429,0,6.5,Obese,40-59,2.0,2.0,proper_train
118288,19.0,34.0,18.0,292.0,25.1,0.5214508911489837,0,4.7,Overweight,18-39,1.0,4.0,test
118292,41.0,24.0,52.0,178.0,35.9,0.7666081363562156,0,5.5,Obese,40-59,2.0,1.0,proper_train
118293,61.0,13.0,10.0,231.0,33.4,1.0855784348543396,0,7.2,Obese,60+,2.0,4.0,proper_train
118295,59.0,19.0,17.0,216.0,22.6,1.2587149799339317,0,3.3,Normal,40-59,1.0,6.0,proper_train
118297,64.0,24.0,16.0,152.0,24.4,2.526315789473684,0,6.4,Normal,60+,1.0,1.0,test
118298,67.0,21.0,17.0,216.0,30.9,1.5798501130838911,0,5.5,Obese,60+,1.0,3.0,proper_train
118299,54.0,18.0,21.0,245.0,28.9,0.8657460788138147,0,4.6,Overweight,40-59,1.0,3.0,proper_train
118300,80.0,17.0,11.0,157.0,22.7,2.6118180167245764,0,4.0,Normal,60+,1.0,3.0,conformal_calibration
118302,41.0,23.0,30.0,191.0,28.8,0.9014002996987288,0,5.8,Overweight,40-59,2.0,7.0,conformal_calibration
118304,75.0,16.0,11.0,238.0,36.5,1.5202252667786402,0,4.5,Obese,60+,2.0,3.0,test
118305,77.0,25.0,17.0,326.0,32.4,1.4321505466102484,0,3.7,Obese,60+,2.0,3.0,test
118306,24.0,14.0,13.0,237.0,25.2,0.3932052023875042,0,6.1,Overweight,18-39,2.0,1.0,proper_train
118308,65.0,23.0,8.0,154.0,23.9,3.4322228502398975,0,3.2,Normal,60+,1.0,4.0,test
118315,29.0,16.0,13.0,219.0,20.6,0.587627605133576,0,4.6,Normal,18-39,1.0,3.0,proper_train
118316,60.0,23.0,33.0,239.0,26.6,1.005134582505703,0,5.1,Overweight,60+,2.0,2.0,conformal_calibration
118317,33.0,28.0,69.0,165.0,25.9,0.6741607772803074,0,5.3,Overweight,18-39,1.0,3.0,test
118319,27.0,81.0,125.0,445.0,33.9,0.4395757902734418,0,4.8,Obese,18-39,1.0,2.0,proper_train
118320,35.0,19.0,15.0,207.0,29.0,0.8294795250331505,0,2.7,Overweight,18-39,2.0,1.0,test
118322,80.0,34.0,22.0,223.0,26.3,2.600475105324038,1,22.4,Overweight,60+,2.0,3.0,proper_train
118324,52.0,15.0,13.0,197.0,23.3,1.098137444303753,0,4.4,Normal,40-59,2.0,6.0,test
118328,77.0,18.0,16.0,279.0,28.5,1.2419354838709677,0,3.1,Overweight,60+,1.0,3.0,proper_train
118330,58.0,22.0,29.0,253.0,28.0,0.9365504012407834,0,4.5,Overweight,40-59,1.0,6.0,test
118331,74.0,17.0,17.0,252.0,25.2,1.210753239268678,0,3.6,Overweight,60+,1.0,3.0,test
118333,55.0,22.0,24.0,260.0,24.3,0.9499623681947582,0,6.1,Normal,40-59,1.0,6.0,test
118336,71.0,20.0,16.0,316.0,45.4,1.1234177215189873,0,7.7,Obese,60+,2.0,4.0,proper_train
118337,33.0,15.0,13.0,247.0,16.2,0.5558230711163734,0,3.5,Underweight,18-39,2.0,4.0,proper_train
118340,34.0,22.0,26.0,255.0,36.7,0.5752739964053398,0,3.5,Obese,18-39,2.0,4.0,proper_train
118342,40.0,16.0,10.0,260.0,24.4,0.7784068086568319,0,4.0,Normal,40-59,2.0,2.0,proper_train
118344,45.0,23.0,21.0,174.0,31.8,1.2980202091623685,0,4.2,Obese,40-59,2.0,3.0,proper_train
118348,80.0,17.0,16.0,164.0,28.5,2.073170731707317,0,4.1,Overweight,60+,2.0,2.0,proper_train
118349,48.0,17.0,14.0,342.0,41.0,0.637675945615609,0,5.4,Obese,40-59,2.0,4.0,conformal_calibration
118350,56.0,27.0,21.0,177.0,30.7,1.864098587778647,0,5.1,Obese,40-59,2.0,1.0,test
118351,61.0,24.0,27.0,222.0,36.1,1.26913032146188,0,3.7,Obese,60+,1.0,3.0,proper_train
118352,62.0,16.0,26.0,219.0,27.5,0.8883434066533269,0,7.4,Overweight,60+,2.0,3.0,proper_train
118358,51.0,28.0,36.0,296.0,25.2,0.8040540540540541,0,5.5,Overweight,40-59,1.0,3.0,proper_train
118361,80.0,18.0,12.0,125.0,24.9,3.3255375505322444,0,5.8,Normal,60+,2.0,3.0,test
118362,80.0,19.0,11.0,343.0,30.2,1.3361435678081655,0,6.2,Obese,60+,2.0,3.0,proper_train
118364,65.0,15.0,13.0,371.0,34.7,0.7288850287326124,0,4.5,Obese,60+,1.0,2.0,test
118367,28.0,15.0,8.0,282.0,39.2,0.5265688796070034,0,5.8,Obese,18-39,2.0,4.0,test
118369,42.0,14.0,13.0,327.0,46.1,0.49872127734011423,0,6.6,Obese,40-59,2.0,4.0,proper_train
118370,43.0,19.0,9.0,301.0,32.3,0.9047619047619048,0,5.1,Obese,40-59,2.0,3.0,proper_train
118373,19.0,16.0,11.0,244.0,20.9,0.37565347849032843,0,4.6,Normal,18-39,2.0,2.0,test
118374,28.0,25.0,28.0,226.0,28.7,0.58534321041252,0,3.0,Overweight,18-39,1.0,4.0,proper_train
118375,34.0,33.0,42.0,226.0,36.4,0.7660546843250757,0,5.2,Obese,18-39,1.0,3.0,proper_train
118380,70.0,24.0,20.0,205.0,28.1,1.8324849766827545,0,3.1,Overweight,60+,1.0,4.0,test
118381,55.0,18.0,18.0,232.0,31.0,1.0057984387567271,0,6.7,Obese,40-59,2.0,4.0,proper_train
118382,80.0,23.0,20.0,136.0,27.7,3.0252684401467747,0,5.3,Overweight,60+,1.0,3.0,proper_train
118384,47.0,24.0,53.0,211.0,33.1,0.7343256688820912,0,6.8,Obese,40-59,1.0,3.0,test
118385,39.0,17.0,13.0,260.0,21.4,0.7072427501871671,0,3.9,Normal,18-39,2.0,3.0,proper_train
118386,59.0,14.0,11.0,198.0,34.8,1.2578200536425896,1,10.6,Obese,40-59,1.0,3.0,proper_train
118387,80.0,11.0,9.0,268.0,24.0,1.0945273631840795,0,5.1,Normal,60+,1.0,3.0,proper_train
118391,34.0,19.0,17.0,347.0,31.1,0.45152165352585333,0,3.8,Obese,18-39,2.0,6.0,test
118395,56.0,20.0,11.0,189.0,30.0,1.786733893794155,0,7.5,Obese,40-59,2.0,3.0,test
118396,57.0,30.0,31.0,321.0,26.4,0.9567759079931,0,4.9,Overweight,40-59,2.0,1.0,test
118399,66.0,26.0,25.0,178.0,22.1,1.9280898876404495,0,5.4,Normal,60+,1.0,4.0,test
118406,42.0,16.0,11.0,254.0,27.7,0.7976993053395951,0,4.5,Overweight,40-59,1.0,3.0,proper_train
118407,51.0,22.0,18.0,319.0,19.5,0.8290217434600903,0,5.9,Normal,40-59,2.0,2.0,proper_train
118408,26.0,36.0,72.0,312.0,40.6,0.35355339059327384,1,8.9,Obese,18-39,1.0,1.0,proper_train
118409,37.0,15.0,12.0,262.0,39.4,0.6115064874050425,0,6.5,Obese,18-39,2.0,3.0,proper_train
118411,67.0,18.0,21.0,247.0,30.1,1.0654687272251289,0,3.4,Obese,60+,1.0,3.0,proper_train
118412,68.0,26.0,24.0,180.0,28.4,2.004952715389194,0,3.7,Overweight,60+,2.0,4.0,conformal_calibration
118416,80.0,19.0,10.0,189.0,27.0,2.5432074303999666,0,7.2,Overweight,60+,2.0,3.0,proper_train
118418,56.0,19.0,12.0,251.0,22.6,1.2237065466489279,0,4.7,Normal,40-59,1.0,3.0,proper_train
118423,41.0,25.0,38.0,292.0,37.3,0.5694416323939439,0,4.8,Obese,40-59,2.0,3.0,proper_train
118432,19.0,21.0,19.0,225.0,17.8,0.40683056806379614,0,4.7,Underweight,18-39,1.0,4.0,proper_train
118433,48.0,21.0,24.0,248.0,28.6,0.8296658806201087,0,4.4,Overweight,40-59,1.0,6.0,test
118435,61.0,15.0,13.0,339.0,48.0,0.748599822339358,0,2.8,Obese,60+,2.0,4.0,proper_train
118436,64.0,49.0,54.0,157.0,15.7,2.718188192982324,1,8.6,Underweight,60+,1.0,4.0,proper_train
118442,27.0,26.0,20.0,222.0,27.7,0.7070809550472308,0,6.5,Overweight,18-39,1.0,4.0,proper_train
118450,21.0,21.0,21.0,217.0,26.6,0.443475067253791,0,4.9,Overweight,18-39,1.0,3.0,test
118451,32.0,25.0,39.0,261.0,35.0,0.4908142645366655,1,9.0,Obese,18-39,1.0,3.0,proper_train
118452,63.0,17.0,14.0,228.0,26.3,1.2554245179307304,0,5.5,Overweight,60+,2.0,4.0,proper_train
118457,80.0,20.0,10.0,133.0,21.6,3.804243801706321,0,5.0,Normal,60+,1.0,3.0,proper_train
118458,65.0,18.0,15.0,179.0,25.1,1.6876687206937349,0,3.6,Overweight,60+,2.0,3.0,proper_train
118459,80.0,14.0,12.0,188.0,28.4,1.719766759288247,0,5.4,Overweight,60+,1.0,3.0,proper_train
118460,35.0,20.0,21.0,229.0,25.0,0.6670415858742126,0,4.5,Overweight,18-39,1.0,1.0,proper_train
118462,50.0,31.0,23.0,237.0,29.7,1.363701864086354,0,5.5,Overweight,40-59,1.0,4.0,test
118463,62.0,25.0,19.0,202.0,32.2,1.7603682549473798,0,6.1,Obese,60+,1.0,4.0,test
118464,59.0,20.0,16.0,280.0,39.9,1.0535714285714286,0,4.7,Obese,40-59,2.0,4.0,proper_train
118465,18.0,12.0,11.0,198.0,23.2,0.32892146681210577,0,3.2,Normal,18-39,1.0,6.0,proper_train
118466,80.0,40.0,47.0,377.0,19.7,1.2381113336691316,0,4.4,Normal,60+,1.0,3.0,proper_train
118471,61.0,22.0,30.0,278.0,23.8,0.8813473287433249,0,6.8,Normal,60+,1.0,4.0,proper_train
118476,42.0,18.0,23.0,293.0,32.6,0.5380098874646708,0,5.9,Obese,40-59,1.0,3.0,proper_train
118478,63.0,21.0,29.0,252.0,30.1,0.9749005254295223,0,3.3,Obese,60+,1.0,1.0,test
118479,68.0,14.0,16.0,200.0,26.5,1.19,0,6.5,Overweight,60+,1.0,2.0,proper_train
118480,47.0,15.0,17.0,296.0,41.0,0.5776608636845093,0,7.2,Obese,40-59,1.0,4.0,conformal_calibration
118482,38.0,13.0,16.0,286.0,38.1,0.4318181818181818,0,3.8,Obese,18-39,2.0,3.0,proper_train
118484,54.0,19.0,17.0,141.0,34.9,1.7648336970728908,0,5.2,Obese,40-59,1.0,4.0,proper_train
118486,20.0,18.0,24.0,225.0,25.2,0.3265986323710905,0,6.1,Overweight,18-39,1.0,3.0,proper_train
118488,35.0,16.0,11.0,167.0,26.1,1.0110560057697462,0,3.6,Overweight,18-39,2.0,6.0,test
118491,72.0,21.0,16.0,180.0,27.6,2.1,0,4.4,Overweight,60+,1.0,2.0,test
118492,33.0,23.0,32.0,198.0,29.4,0.6776439986371079,0,3.0,Overweight,18-39,1.0,3.0,test
118494,44.0,13.0,20.0,260.0,23.8,0.49193495504995366,0,5.5,Normal,40-59,2.0,4.0,proper_train
118495,31.0,14.0,11.0,325.0,33.2,0.4026336109130751,0,6.6,Obese,18-39,2.0,4.0,test
118496,57.0,24.0,38.0,168.0,37.1,1.3209458577790667,0,5.1,Obese,40-59,1.0,1.0,proper_train
118500,57.0,28.0,23.0,176.0,33.4,1.890846618381201,0,4.8,Obese,40-59,1.0,4.0,proper_train
118503,33.0,16.0,13.0,187.0,28.4,0.7831061593767941,0,4.4,Overweight,18-39,2.0,2.0,proper_train
118504,25.0,22.0,18.0,195.0,31.4,0.6648012472694037,0,7.9,Obese,18-39,1.0,3.0,test
118512,52.0,29.0,55.0,233.0,36.7,0.8726981910682996,0,6.2,Obese,40-59,1.0,1.0,proper_train
118513,80.0,16.0,12.0,421.0,31.3,0.8776821194331603,0,4.7,Obese,60+,2.0,3.0,proper_train
118514,48.0,20.0,29.0,227.0,29.1,0.7853194918500873,0,2.4,Overweight,40-59,2.0,3.0,proper_train
118515,76.0,13.0,18.0,190.0,25.5,1.2256517540566825,0,6.0,Overweight,60+,1.0,7.0,conformal_calibration
118518,39.0,9.0,7.0,185.0,35.0,0.7171109731148041,0,5.1,Obese,18-39,2.0,4.0,test
118520,64.0,15.0,9.0,182.0,28.5,1.7582417582417582,1,10.9,Overweight,60+,2.0,4.0,proper_train
118522,71.0,11.0,17.0,243.0,26.6,0.7795075026887903,0,4.6,Overweight,60+,2.0,1.0,proper_train
118523,54.0,20.0,16.0,283.0,28.3,0.9540636042402827,0,3.1,Overweight,40-59,2.0,1.0,proper_train
118525,69.0,18.0,27.0,272.0,31.2,0.878761071487151,0,8.0,Obese,60+,1.0,2.0,proper_train
118528,34.0,14.0,13.0,297.0,20.4,0.44450722795153047,0,4.0,Normal,18-39,1.0,4.0,conformal_calibration
118530,25.0,16.0,19.0,247.0,25.3,0.3715234556608287,0,6.3,Overweight,18-39,1.0,6.0,test
118532,80.0,20.0,13.0,215.0,25.8,2.0640007301403878,0,6.1,Overweight,60+,1.0,3.0,proper_train
118533,68.0,19.0,20.0,201.0,25.8,1.437313346731208,0,6.3,Overweight,60+,1.0,3.0,proper_train
118536,61.0,19.0,12.0,234.0,23.7,1.4298054743392656,0,4.0,Normal,60+,2.0,3.0,proper_train
118537,25.0,19.0,19.0,277.0,23.3,0.3934024317274976,0,4.2,Normal,18-39,1.0,6.0,proper_train
118539,28.0,28.0,33.0,233.0,37.3,0.5857376921427774,1,73.6,Obese,18-39,1.0,3.0,test
118541,46.0,27.0,27.0,384.0,45.0,0.6224557589700652,0,3.4,Obese,40-59,1.0,4.0,proper_train
118544,33.0,28.0,36.0,270.0,36.5,0.5703703703703704,0,5.9,Obese,18-39,2.0,1.0,conformal_calibration
118548,37.0,14.0,14.0,288.0,23.3,0.4806990392730411,0,3.6,Normal,18-39,1.0,4.0,proper_train
118550,24.0,14.0,16.0,189.0,36.2,0.4444444444444444,0,4.5,Obese,18-39,1.0,7.0,proper_train
118552,39.0,18.0,26.0,303.0,33.4,0.45436807546866403,0,3.2,Obese,18-39,1.0,4.0,proper_train
118553,57.0,16.0,10.0,284.0,19.9,1.0154919810118175,0,4.1,Normal,40-59,2.0,6.0,proper_train
118554,40.0,16.0,16.0,228.0,27.3,0.7017543859649122,0,3.4,Overweight,40-59,2.0,1.0,proper_train
118561,55.0,20.0,31.0,299.0,31.5,0.660755291737299,0,3.7,Obese,40-59,2.0,6.0,test
118563,57.0,23.0,21.0,255.0,34.0,1.1218966827426904,0,7.8,Obese,40-59,1.0,3.0,proper_train
118564,80.0,21.0,15.0,152.0,34.4,2.853777202468623,1,15.3,Obese,60+,1.0,3.0,proper_train
118565,53.0,23.0,22.0,204.0,28.0,1.2739787903798485,0,3.5,Overweight,40-59,2.0,2.0,proper_train
118569,61.0,21.0,16.0,174.0,38.2,1.8405172413793103,1,11.7,Obese,60+,1.0,4.0,proper_train
118571,77.0,21.0,18.0,219.0,20.7,1.7403221692216857,0,5.8,Normal,60+,2.0,6.0,test
118573,57.0,28.0,24.0,250.0,26.2,1.3031285431606507,0,4.7,Overweight,40-59,2.0,3.0,proper_train
118576,50.0,13.0,17.0,277.0,25.9,0.5691269179552939,0,4.2,Overweight,40-59,1.0,6.0,test
118577,80.0,12.0,11.0,302.0,32.2,0.9584466582604407,0,3.8,Obese,60+,2.0,3.0,conformal_calibration
118578,53.0,21.0,16.0,224.0,31.3,1.2421875,0,5.1,Obese,40-59,1.0,4.0,test
118579,72.0,21.0,18.0,262.0,18.9,1.360235945488626,0,5.4,Normal,60+,1.0,4.0,proper_train
118580,25.0,18.0,12.0,220.0,27.0,0.5904718662166628,0,3.6,Overweight,18-39,2.0,3.0,conformal_calibration
118581,71.0,20.0,16.0,234.0,32.4,1.517094017094017,0,7.8,Obese,60+,1.0,4.0,test
118582,29.0,16.0,14.0,291.0,30.3,0.42614850944111654,0,4.4,Obese,18-39,2.0,3.0,test
118586,37.0,14.0,15.0,234.0,43.2,0.5715684824317498,0,3.8,Obese,18-39,2.0,1.0,conformal_calibration
118588,60.0,25.0,31.0,230.0,44.0,1.1713389262615757,1,11.2,Obese,60+,1.0,3.0,proper_train
118592,54.0,25.0,13.0,349.0,27.0,1.072844219060257,0,4.1,Overweight,40-59,2.0,3.0,test
118594,20.0,28.0,52.0,278.0,36.9,0.2793454225594679,0,5.0,Obese,18-39,1.0,7.0,test
118595,71.0,27.0,31.0,199.0,29.0,1.7301676582177261,0,5.6,Overweight,60+,2.0,3.0,proper_train
118598,52.0,18.0,13.0,289.0,67.7,0.8982688298733814,1,13.0,Obese,40-59,2.0,4.0,test
118600,35.0,31.0,38.0,198.0,25.2,0.8889406157923099,0,5.8,Overweight,18-39,1.0,3.0,conformal_calibration
118601,55.0,22.0,23.0,283.0,41.2,0.8915280601026873,0,4.5,Obese,40-59,2.0,1.0,proper_train
118604,58.0,29.0,35.0,229.0,26.0,1.2415279095662575,1,8.2,Overweight,40-59,2.0,4.0,proper_train
118605,18.0,15.0,12.0,236.0,26.5,0.3302639251720317,0,5.6,Overweight,18-39,1.0,2.0,proper_train
118607,48.0,42.0,37.0,365.0,37.8,0.9080228997468501,0,4.8,Obese,40-59,1.0,4.0,proper_train
118609,53.0,83.0,60.0,205.0,23.6,2.7702851609701504,0,8.1,Normal,40-59,2.0,1.0,test
118610,59.0,28.0,24.0,132.0,24.9,2.554644605478416,0,7.3,Normal,40-59,1.0,3.0,proper_train
118611,59.0,22.0,26.0,235.0,29.4,1.083228695358991,0,7.1,Overweight,40-59,2.0,3.0,proper_train
118612,33.0,16.0,11.0,286.0,22.6,0.5566363284512559,0,2.7,Normal,18-39,2.0,4.0,test
118614,66.0,19.0,17.0,286.0,32.4,1.0634254328516137,0,4.5,Obese,60+,2.0,4.0,conformal_calibration
118616,37.0,23.0,21.0,401.0,25.5,0.46310080945344023,0,5.6,Overweight,18-39,1.0,6.0,proper_train
118618,57.0,19.0,13.0,359.0,43.7,0.8366856720221771,1,8.3,Obese,40-59,2.0,4.0,proper_train
118620,77.0,22.0,21.0,263.0,30.3,1.4055555363489394,0,6.1,Obese,60+,2.0,2.0,conformal_calibration
118621,46.0,13.0,6.0,163.0,36.3,1.4977452619471785,0,3.4,Obese,40-59,2.0,3.0,proper_train
118622,69.0,16.0,11.0,181.0,30.0,1.839052621071,0,2.4,Obese,60+,2.0,4.0,proper_train
118623,80.0,19.0,13.0,170.0,23.3,2.4798361713598482,0,3.5,Normal,60+,1.0,2.0,proper_train
118624,26.0,10.0,11.0,202.0,25.9,0.388083908862468,0,5.0,Overweight,18-39,1.0,6.0,proper_train
118628,44.0,26.0,26.0,265.0,34.0,0.8466296550871039,0,5.6,Obese,40-59,2.0,4.0,proper_train
118634,74.0,19.0,12.0,235.0,23.4,1.7271371882566253,0,4.4,Normal,60+,2.0,3.0,conformal_calibration
118636,60.0,50.0,52.0,144.0,34.3,2.889063522006402,0,6.6,Obese,60+,2.0,2.0,proper_train
118638,70.0,17.0,18.0,160.0,19.8,1.7530355616916493,0,4.0,Normal,60+,2.0,6.0,proper_train
118640,56.0,20.0,28.0,199.0,27.6,1.0636186175134033,0,6.4,Overweight,40-59,1.0,2.0,proper_train
118641,28.0,19.0,11.0,176.0,21.4,0.9113865642918764,0,5.1,Normal,18-39,2.0,4.0,test
118643,50.0,20.0,11.0,413.0,30.7,0.7300516817863527,0,6.4,Obese,40-59,2.0,4.0,conformal_calibration
118648,47.0,36.0,67.0,176.0,29.6,1.1744926127890252,0,6.7,Overweight,40-59,1.0,1.0,proper_train
118650,39.0,22.0,29.0,236.0,34.2,0.6751127125250446,0,6.1,Obese,18-39,1.0,3.0,proper_train
118651,51.0,17.0,12.0,231.0,28.9,1.083469011661051,0,2.5,Overweight,40-59,2.0,1.0,proper_train
118654,28.0,30.0,23.0,239.0,27.5,0.7328540075646143,0,4.6,Overweight,18-39,1.0,2.0,proper_train
118655,58.0,31.0,23.0,255.0,41.3,1.4702310449985116,0,5.4,Obese,40-59,2.0,3.0,proper_train
118658,30.0,22.0,24.0,240.0,37.7,0.5613413993878117,0,5.2,Obese,18-39,1.0,4.0,conformal_calibration
118662,70.0,22.0,19.0,226.0,37.7,1.5632753546932083,0,6.3,Obese,60+,2.0,3.0,test
118665,70.0,24.0,35.0,271.0,35.4,1.0478665298479024,1,8.7,Obese,60+,1.0,3.0,test
118669,38.0,15.0,14.0,311.0,26.0,0.48983571668836623,0,2.4,Overweight,18-39,2.0,3.0,proper_train
118673,25.0,13.0,13.0,180.0,28.6,0.5007710104811096,0,3.5,Overweight,18-39,2.0,1.0,proper_train
118675,59.0,20.0,21.0,170.0,26.8,1.5146888851674765,0,3.2,Overweight,40-59,1.0,3.0,proper_train
118676,52.0,21.0,31.0,196.0,31.7,1.0006581112920316,0,4.9,Obese,40-59,1.0,1.0,test
118678,78.0,31.0,23.0,217.0,34.1,2.323446328064547,0,6.1,Obese,60+,2.0,3.0,conformal_calibration
118679,44.0,37.0,25.0,319.0,28.5,1.0206896551724138,0,3.4,Overweight,40-59,2.0,3.0,test
118681,65.0,14.0,15.0,189.0,28.8,1.2431798395233684,0,4.6,Overweight,60+,1.0,2.0,conformal_calibration
118682,40.0,20.0,13.0,292.0,21.5,0.7598632825003139,0,4.0,Normal,40-59,2.0,7.0,proper_train
118687,53.0,21.0,24.0,332.0,26.3,0.684307751937168,0,6.0,Overweight,40-59,2.0,3.0,proper_train
118688,73.0,31.0,23.0,138.0,24.6,3.419334195733045,0,3.6,Normal,60+,2.0,4.0,test
118692,65.0,26.0,27.0,210.0,44.9,1.548765007826139,0,6.5,Obese,60+,1.0,4.0,proper_train
118693,51.0,25.0,20.0,219.0,24.0,1.3018203978594667,0,4.4,Normal,40-59,1.0,2.0,proper_train
118696,27.0,18.0,14.0,212.0,23.5,0.6126837904218786,0,4.0,Normal,18-39,1.0,2.0,conformal_calibration
118697,42.0,16.0,13.0,166.0,23.4,1.122766662239018,0,4.7,Normal,40-59,2.0,1.0,proper_train
118699,65.0,17.0,16.0,226.0,26.6,1.2223451327433628,0,3.9,Overweight,60+,2.0,7.0,test
118701,45.0,13.0,9.0,452.0,27.2,0.4314159292035398,0,3.7,Overweight,40-59,2.0,7.0,test
118706,38.0,20.0,17.0,208.0,29.0,0.8861878607096783,0,4.0,Overweight,18-39,2.0,2.0,conformal_calibration
118711,34.0,17.0,15.0,306.0,25.3,0.4877090139668599,0,3.3,Overweight,18-39,2.0,6.0,test
118712,23.0,77.0,159.0,219.0,39.2,0.6413216247976407,0,5.8,Obese,18-39,1.0,2.0,proper_train
118713,54.0,19.0,21.0,186.0,25.8,1.2037180396888614,0,8.1,Overweight,40-59,1.0,6.0,conformal_calibration
118714,71.0,17.0,12.0,226.0,37.7,1.5417295905130053,1,17.5,Obese,60+,2.0,3.0,conformal_calibration
118718,24.0,28.0,39.0,356.0,38.3,0.3022643802163442,0,4.6,Obese,18-39,1.0,1.0,conformal_calibration
118719,23.0,20.0,10.0,232.0,19.6,0.6270033291713166,0,4.3,Normal,18-39,1.0,4.0,conformal_calibration
118721,70.0,13.0,10.0,206.0,46.3,1.3969284809481675,0,4.7,Obese,60+,2.0,1.0,proper_train
118722,62.0,25.0,19.0,280.0,49.9,1.2699799553548954,0,5.0,Obese,60+,2.0,4.0,proper_train
118723,44.0,20.0,23.0,302.0,28.5,0.6075916701000854,0,5.0,Overweight,40-59,2.0,6.0,conformal_calibration
118724,62.0,20.0,16.0,250.0,25.2,1.24,0,4.1,Overweight,60+,2.0,3.0,conformal_calibration
118725,37.0,15.0,11.0,373.0,30.3,0.4486294805379593,0,4.3,Obese,18-39,2.0,3.0,test
118727,66.0,49.0,42.0,239.0,33.2,2.0879373798217795,0,5.4,Obese,60+,2.0,2.0,proper_train
118728,31.0,28.0,23.0,317.0,25.2,0.57094798549382,0,2.8,Overweight,18-39,1.0,1.0,test
118729,43.0,15.0,15.0,291.0,40.9,0.5722965082024705,1,9.6,Obese,40-59,2.0,1.0,proper_train
118731,67.0,20.0,16.0,195.0,20.6,1.7179487179487178,0,5.2,Normal,60+,1.0,4.0,proper_train
118732,51.0,18.0,14.0,263.0,25.6,0.9328738405916562,0,3.2,Overweight,40-59,2.0,2.0,proper_train
118734,37.0,20.0,26.0,257.0,24.9,0.564692373549635,0,4.6,Normal,18-39,1.0,4.0,proper_train
118735,80.0,20.0,15.0,281.0,27.3,1.470171614218711,0,4.6,Overweight,60+,2.0,3.0,conformal_calibration
118736,66.0,16.0,14.0,241.0,34.7,1.1710700060561001,0,3.5,Obese,60+,2.0,3.0,conformal_calibration
118737,26.0,21.0,16.0,260.0,41.0,0.525,0,6.0,Obese,18-39,2.0,1.0,conformal_calibration
118740,56.0,19.0,15.0,282.0,24.9,0.9741972294006362,0,6.6,Normal,40-59,1.0,3.0,test
118742,80.0,19.0,13.0,307.0,27.7,1.3731991828377008,0,3.8,Overweight,60+,2.0,3.0,conformal_calibration
118743,80.0,20.0,16.0,206.0,30.7,1.941747572815534,0,6.0,Obese,60+,2.0,3.0,proper_train
118745,32.0,15.0,17.0,259.0,32.6,0.44948687265420784,0,5.1,Obese,18-39,1.0,4.0,test
118746,21.0,14.0,15.0,194.0,29.5,0.391291100957038,0,3.4,Overweight,18-39,2.0,3.0,test
118748,31.0,18.0,10.0,157.0,15.5,1.1239177925948762,0,5.2,Underweight,18-39,1.0,4.0,test
118750,22.0,24.0,23.0,210.0,25.8,0.5242648124863595,0,5.1,Overweight,18-39,1.0,1.0,proper_train
118752,37.0,33.0,58.0,309.0,28.0,0.5188516327563794,0,4.9,Overweight,18-39,2.0,3.0,proper_train
118753,71.0,18.0,19.0,229.0,36.9,1.2803201217754494,1,12.8,Obese,60+,1.0,4.0,conformal_calibration
118756,29.0,22.0,24.0,231.0,25.3,0.5637714487358109,0,3.4,Overweight,18-39,2.0,3.0,test
118758,80.0,18.0,20.0,181.0,31.8,1.7789712086186171,0,4.1,Obese,60+,1.0,3.0,proper_train
118759,34.0,15.0,16.0,182.0,48.4,0.7005494505494505,1,10.0,Obese,18-39,2.0,3.0,proper_train
118764,76.0,12.0,6.0,210.0,28.3,1.772964004300205,0,2.4,Overweight,60+,2.0,3.0,test
118766,37.0,15.0,11.0,142.0,35.3,1.178442227046893,0,3.8,Obese,18-39,2.0,4.0,proper_train
118767,62.0,14.0,11.0,180.0,21.0,1.4539547060749933,0,2.6,Normal,60+,2.0,6.0,proper_train
118775,56.0,18.0,15.0,304.0,28.0,0.856133160740587,0,4.5,Overweight,40-59,2.0,3.0,proper_train
118776,55.0,30.0,34.0,183.0,29.0,1.5462987184980304,0,4.6,Overweight,40-59,1.0,1.0,proper_train
118778,77.0,27.0,23.0,231.0,20.4,1.8766297265136729,0,6.0,Normal,60+,1.0,3.0,conformal_calibration
118781,44.0,26.0,45.0,280.0,34.1,0.6090623252999426,0,4.6,Obese,40-59,1.0,4.0,proper_train
118783,65.0,17.0,15.0,254.0,29.2,1.1232668235063505,0,4.5,Overweight,60+,1.0,1.0,proper_train
118784,27.0,28.0,43.0,172.0,35.2,0.670284413787495,0,7.1,Obese,18-39,1.0,1.0,proper_train
118786,45.0,18.0,21.0,249.0,24.8,0.7098654260688909,0,6.1,Normal,40-59,1.0,6.0,proper_train
118789,32.0,27.0,29.0,228.0,35.8,0.7036875973025124,1,9.9,Obese,18-39,1.0,7.0,test
118791,25.0,31.0,56.0,312.0,31.9,0.3319350360290528,0,6.6,Obese,18-39,2.0,6.0,proper_train
118792,67.0,24.0,19.0,291.0,28.5,1.267699312934238,0,7.2,Overweight,60+,1.0,6.0,proper_train
118796,77.0,25.0,21.0,183.0,29.2,2.2954614136846194,1,15.4,Overweight,60+,1.0,3.0,test
118797,18.0,13.0,9.0,215.0,25.3,0.3627906976744186,1,8.9,Overweight,18-39,1.0,4.0,proper_train
118800,22.0,24.0,42.0,351.0,53.8,0.23211444096861686,1,10.5,Obese,18-39,1.0,3.0,test
118802,39.0,19.0,17.0,317.0,43.8,0.5669365872300401,0,5.5,Obese,18-39,1.0,4.0,proper_train
118803,34.0,11.0,11.0,199.0,29.1,0.5666595119200181,0,5.0,Overweight,18-39,1.0,3.0,test
118804,21.0,23.0,40.0,248.0,34.1,0.3079395382784934,0,5.1,Obese,18-39,1.0,7.0,proper_train
118805,56.0,25.0,37.0,201.0,42.1,1.1450675732711453,0,4.8,Obese,40-59,1.0,3.0,proper_train
118809,67.0,15.0,12.0,228.0,34.9,1.2724496064376623,0,4.3,Obese,60+,2.0,4.0,conformal_calibration
118810,24.0,22.0,33.0,313.0,27.6,0.2936517646792603,0,6.1,Overweight,18-39,1.0,6.0,proper_train
118811,20.0,20.0,14.0,198.0,22.7,0.5399217008331806,0,4.7,Normal,18-39,1.0,4.0,proper_train
118813,72.0,17.0,16.0,195.0,30.2,1.5692307692307692,0,4.6,Obese,60+,1.0,4.0,proper_train
118815,50.0,23.0,22.0,177.0,31.7,1.3852023944008587,0,4.3,Obese,40-59,1.0,2.0,proper_train
118816,26.0,26.0,21.0,179.0,25.2,0.8241077865895579,0,3.6,Overweight,18-39,1.0,4.0,proper_train
118827,43.0,21.0,22.0,221.0,29.8,0.8711323387742815,0,6.3,Overweight,40-59,1.0,4.0,test
118831,38.0,24.0,34.0,167.0,27.7,0.9365671236525034,0,6.7,Overweight,18-39,1.0,2.0,test
118834,41.0,24.0,22.0,195.0,27.8,1.0758436148406187,0,5.9,Overweight,40-59,1.0,3.0,proper_train
118836,20.0,26.0,22.0,196.0,23.5,0.5656345535965175,0,6.7,Normal,18-39,1.0,4.0,conformal_calibration
118839,58.0,30.0,32.0,228.0,27.0,1.349085306211176,0,5.7,Overweight,40-59,1.0,3.0,conformal_calibration
118840,23.0,22.0,26.0,224.0,19.6,0.44301234098179076,0,3.5,Normal,18-39,2.0,6.0,proper_train
118841,59.0,21.0,25.0,168.0,22.2,1.475,0,3.8,Normal,40-59,1.0,1.0,proper_train
118845,64.0,17.0,17.0,223.0,24.7,1.1833128252893734,0,6.1,Normal,60+,1.0,3.0,test
118853,40.0,16.0,8.0,246.0,23.5,0.919813699104452,0,5.3,Normal,40-59,2.0,1.0,conformal_calibration
118857,67.0,30.0,22.0,278.0,30.2,1.5414871937941619,0,2.8,Obese,60+,2.0,2.0,proper_train
118858,35.0,15.0,9.0,380.0,21.1,0.4605263157894737,0,4.1,Normal,18-39,2.0,4.0,test
118861,65.0,14.0,11.0,219.0,36.9,1.252855358747785,1,9.5,Obese,60+,2.0,4.0,proper_train
118863,58.0,24.0,18.0,209.0,22.5,1.5698447199548233,0,3.4,Normal,40-59,2.0,3.0,test
118864,61.0,15.0,15.0,516.0,33.3,0.45785268240048915,0,6.4,Obese,60+,2.0,7.0,conformal_calibration
118865,18.0,16.0,13.0,301.0,20.2,0.26537152244662127,0,5.2,Normal,18-39,1.0,6.0,test
118871,63.0,18.0,14.0,241.0,29.0,1.2575694951397893,0,7.8,Overweight,60+,1.0,3.0,proper_train
118872,62.0,15.0,11.0,213.0,29.1,1.3164579833677004,0,6.3,Overweight,60+,1.0,2.0,proper_train
118873,69.0,26.0,23.0,226.0,22.5,1.6551984903468682,0,3.2,Normal,60+,1.0,6.0,conformal_calibration
118876,44.0,20.0,30.0,214.0,32.5,0.7507723529665827,0,5.0,Obese,40-59,1.0,4.0,test
118877,59.0,12.0,8.0,214.0,35.6,1.1697000025235413,0,4.0,Obese,40-59,2.0,3.0,conformal_calibration
118879,36.0,16.0,9.0,223.0,23.1,0.8609865470852018,0,4.8,Normal,18-39,2.0,3.0,proper_train
118883,29.0,15.0,13.0,262.0,24.0,0.46048584991979896,0,3.9,Normal,18-39,2.0,2.0,test
118887,64.0,17.0,10.0,363.0,25.4,0.947812147179944,0,4.1,Overweight,60+,2.0,4.0,conformal_calibration
118890,67.0,23.0,26.0,171.0,31.7,1.7673389722101849,1,12.3,Obese,60+,1.0,1.0,proper_train
118893,29.0,23.0,23.0,305.0,25.5,0.45599709565924224,0,4.7,Overweight,18-39,1.0,6.0,test
118894,52.0,14.0,11.0,386.0,27.3,0.5686535203435542,0,5.0,Overweight,40-59,2.0,4.0,conformal_calibration
118895,32.0,16.0,13.0,254.0,18.4,0.5590679143057428,0,5.1,Underweight,18-39,2.0,6.0,proper_train
118897,40.0,26.0,41.0,241.0,31.4,0.6739448645815366,0,5.4,Obese,40-59,1.0,3.0,proper_train
118899,70.0,18.0,15.0,184.0,30.1,1.7681010928338206,0,5.6,Obese,60+,1.0,4.0,proper_train
118901,36.0,15.0,19.0,305.0,24.0,0.40617867636099453,0,3.4,Normal,18-39,1.0,6.0,conformal_calibration
118904,36.0,18.0,20.0,273.0,33.5,0.5307589924614885,0,3.4,Obese,18-39,1.0,1.0,proper_train
118905,48.0,35.0,38.0,187.0,31.0,1.4573903074849255,0,4.9,Obese,40-59,1.0,4.0,test
118906,80.0,23.0,18.0,158.0,32.2,2.7448870830870202,0,3.1,Obese,60+,1.0,3.0,proper_train
118913,47.0,16.0,10.0,165.0,20.2,1.4412320002706795,0,4.0,Normal,40-59,2.0,3.0,test
118914,60.0,16.0,16.0,230.0,22.2,1.0434782608695652,0,3.8,Normal,60+,1.0,6.0,proper_train
118915,56.0,31.0,39.0,210.0,19.8,1.323726071455387,0,3.4,Normal,40-59,2.0,3.0,proper_train
118921,59.0,24.0,24.0,240.0,24.6,1.204332456868396,0,6.5,Normal,40-59,1.0,4.0,conformal_calibration
118922,72.0,17.0,10.0,226.0,21.2,1.7126671929407506,0,5.8,Normal,60+,2.0,3.0,test
118924,49.0,18.0,23.0,207.0,25.3,0.8884527207649273,0,4.9,Overweight,40-59,1.0,4.0,proper_train
118926,28.0,28.0,30.0,276.0,21.3,0.5186165278792877,0,4.1,Normal,18-39,2.0,4.0,conformal_calibration
118929,45.0,21.0,30.0,263.0,27.2,0.6560175118407883,1,9.3,Overweight,40-59,1.0,3.0,proper_train
118932,39.0,15.0,11.0,209.0,36.5,0.8439432372152714,0,3.9,Obese,18-39,2.0,4.0,test
118933,80.0,25.0,16.0,116.0,26.1,4.310344827586207,0,6.0,Overweight,60+,1.0,3.0,test
118935,60.0,18.0,16.0,245.0,33.6,1.1020408163265305,0,4.2,Obese,60+,1.0,4.0,proper_train
118937,69.0,24.0,19.0,151.0,48.4,2.515976525097021,1,13.5,Obese,60+,1.0,7.0,conformal_calibration
118938,24.0,21.0,18.0,300.0,30.6,0.39597979746446665,0,5.3,Obese,18-39,2.0,3.0,test
118939,42.0,17.0,14.0,276.0,26.4,0.6913932127734458,0,2.8,Overweight,40-59,2.0,1.0,conformal_calibration
118942,30.0,15.0,10.0,283.0,20.9,0.5028356703447953,0,5.4,Normal,18-39,2.0,6.0,proper_train
118943,29.0,18.0,18.0,226.0,30.5,0.5444096456922977,0,3.6,Obese,18-39,1.0,2.0,proper_train
118944,51.0,23.0,19.0,128.0,18.2,2.102380123673195,0,7.0,Underweight,40-59,1.0,4.0,proper_train
118946,24.0,17.0,14.0,300.0,26.1,0.36347528900089715,0,4.0,Overweight,18-39,1.0,3.0,test
118947,58.0,20.0,27.0,236.0,25.7,0.9459411190112512,0,4.9,Overweight,40-59,2.0,6.0,test
118949,64.0,20.0,17.0,301.0,33.1,1.0313807310515157,0,5.4,Obese,60+,2.0,2.0,test
118951,45.0,23.0,15.0,241.0,34.9,1.1088624518187211,0,6.5,Obese,40-59,1.0,2.0,proper_train
118952,19.0,35.0,26.0,225.0,19.9,0.579632132741744,0,3.3,Normal,18-39,2.0,3.0,proper_train
118953,76.0,22.0,15.0,277.0,31.8,1.5585145980406259,0,4.4,Obese,60+,2.0,3.0,proper_train
118954,63.0,33.0,37.0,199.0,50.8,1.717515048280592,1,14.1,Obese,60+,2.0,4.0,proper_train
118957,64.0,21.0,23.0,316.0,28.4,0.8868461154832548,0,4.1,Overweight,60+,2.0,4.0,conformal_calibration
118958,40.0,12.0,10.0,202.0,22.2,0.7514323152875357,0,4.8,Normal,40-59,1.0,4.0,test
118962,71.0,23.0,27.0,242.0,30.7,1.2986404815243235,0,4.4,Obese,60+,2.0,6.0,proper_train
118967,33.0,22.0,18.0,184.0,33.0,0.9299991361257854,0,5.3,Obese,18-39,1.0,3.0,test
118971,58.0,26.0,30.0,192.0,31.3,1.4339680845794975,0,5.3,Obese,40-59,1.0,3.0,conformal_calibration
118972,52.0,57.0,63.0,193.0,29.2,1.934864763384023,0,5.0,Overweight,40-59,2.0,3.0,test
118980,59.0,17.0,18.0,289.0,25.0,0.818025491960908,0,4.5,Overweight,40-59,2.0,4.0,proper_train
118981,18.0,15.0,15.0,300.0,24.1,0.232379000772445,0,5.1,Normal,18-39,2.0,4.0,proper_train
118985,54.0,29.0,27.0,210.0,26.3,1.4351278119856412,0,5.7,Overweight,40-59,1.0,3.0,conformal_calibration
118986,51.0,24.0,32.0,153.0,31.8,1.414213562373095,0,3.9,Obese,40-59,1.0,2.0,proper_train
118987,70.0,15.0,9.0,131.0,33.8,2.6717557251908395,0,3.5,Obese,60+,2.0,3.0,test
118989,53.0,20.0,17.0,308.0,19.6,0.8347005277224447,0,3.7,Normal,40-59,2.0,6.0,proper_train
118990,56.0,17.0,26.0,262.0,32.1,0.7126051933265313,0,4.3,Obese,40-59,2.0,4.0,conformal_calibration
118991,28.0,34.0,42.0,207.0,23.9,0.7096463244633405,0,7.2,Normal,18-39,1.0,1.0,proper_train
118992,51.0,17.0,34.0,177.0,35.9,0.8400523916302551,0,4.1,Obese,40-59,1.0,3.0,test
118994,23.0,18.0,26.0,277.0,36.2,0.2931122019754809,0,4.8,Obese,18-39,1.0,7.0,conformal_calibration
118999,60.0,34.0,31.0,232.0,30.6,1.579288000580262,0,4.9,Obese,60+,1.0,7.0,proper_train
119000,72.0,12.0,11.0,190.0,29.1,1.371083166922041,0,4.8,Overweight,60+,1.0,2.0,test
119005,27.0,21.0,21.0,206.0,18.9,0.6006288532223674,0,6.8,Normal,18-39,2.0,7.0,conformal_calibration
119007,47.0,16.0,18.0,200.0,23.4,0.8862404990871396,0,5.4,Normal,40-59,1.0,4.0,test
119009,64.0,19.0,20.0,317.0,27.4,0.8577472115582789,0,4.6,Overweight,60+,2.0,6.0,proper_train
119013,80.0,13.0,9.0,243.0,26.1,1.4266117969821674,0,5.0,Overweight,60+,2.0,4.0,proper_train
119016,56.0,16.0,26.0,280.0,24.1,0.6275716324421889,0,6.4,Normal,40-59,1.0,6.0,test
119017,65.0,20.0,31.0,142.0,35.0,1.6442738917944184,1,15.9,Obese,60+,1.0,3.0,conformal_calibration
119019,50.0,22.0,27.0,196.0,27.0,1.0800770341982795,0,5.4,Overweight,40-59,1.0,1.0,test
119022,64.0,29.0,38.0,119.0,28.6,2.530108887552061,0,6.6,Overweight,60+,1.0,3.0,proper_train
119024,22.0,34.0,52.0,185.0,22.3,0.5606969551033397,0,4.8,Normal,18-39,1.0,4.0,test
119029,42.0,30.0,24.0,288.0,28.3,0.8930431353897004,0,3.0,Overweight,40-59,1.0,7.0,proper_train
119030,67.0,24.0,14.0,175.0,24.8,2.4557490114010196,0,4.1,Normal,60+,1.0,3.0,proper_train
119031,76.0,22.0,24.0,297.0,32.9,1.1491433361205035,0,5.5,Obese,60+,1.0,3.0,conformal_calibration
119034,33.0,17.0,19.0,155.0,23.5,0.8303369464605492,0,2.7,Normal,18-39,2.0,3.0,test
119040,73.0,20.0,22.0,330.0,26.0,0.9432516541793674,0,4.6,Overweight,60+,2.0,3.0,proper_train
119041,37.0,24.0,41.0,257.0,37.2,0.5396198465256117,0,6.6,Obese,18-39,1.0,1.0,proper_train
119042,75.0,21.0,16.0,190.0,30.8,2.0723684210526314,0,7.8,Obese,60+,1.0,3.0,test
119044,43.0,26.0,30.0,342.0,32.2,0.5968360811800932,0,6.5,Obese,40-59,1.0,4.0,proper_train
119053,49.0,25.0,20.0,251.0,29.7,1.091308076668224,0,3.5,Overweight,40-59,2.0,3.0,proper_train
119055,61.0,15.0,13.0,242.0,19.2,1.0486584288142244,0,3.2,Normal,60+,1.0,3.0,proper_train
119056,72.0,18.0,15.0,218.0,36.4,1.5349805555611045,0,3.8,Obese,60+,1.0,3.0,proper_train
119058,78.0,24.0,15.0,192.0,27.1,2.517439175034821,0,5.8,Overweight,60+,2.0,3.0,conformal_calibration
119059,49.0,32.0,26.0,270.0,44.7,1.1389262959136022,0,8.1,Obese,40-59,2.0,3.0,test
119061,54.0,17.0,18.0,240.0,26.0,0.9015611460128482,0,4.5,Overweight,40-59,1.0,2.0,conformal_calibration
119065,55.0,14.0,13.0,426.0,29.4,0.5013135576213925,0,4.0,Overweight,40-59,2.0,4.0,test
119066,24.0,16.0,14.0,228.0,31.2,0.45012419690513583,0,4.1,Obese,18-39,2.0,4.0,test
119067,47.0,39.0,25.0,151.0,23.6,2.427814569536424,0,3.4,Normal,40-59,2.0,3.0,proper_train
119068,46.0,15.0,19.0,361.0,50.2,0.438495447010215,1,25.2,Obese,40-59,1.0,2.0,proper_train
119070,25.0,14.0,13.0,220.0,27.9,0.4412387924518868,0,5.0,Overweight,18-39,2.0,3.0,proper_train
119075,56.0,19.0,17.0,220.0,18.9,1.1729904774484468,0,4.1,Normal,40-59,2.0,6.0,proper_train
119076,67.0,13.0,7.0,258.0,51.9,1.2759963410505306,0,7.3,Obese,60+,2.0,4.0,proper_train
119077,53.0,13.0,14.0,199.0,31.6,0.925341686822414,0,2.6,Obese,40-59,1.0,7.0,proper_train
119078,77.0,13.0,18.0,296.0,23.3,0.7970877116753763,0,6.3,Normal,60+,2.0,6.0,conformal_calibration
119080,25.0,24.0,23.0,285.0,29.8,0.438977713804368,0,3.3,Overweight,18-39,2.0,3.0,test
119081,23.0,16.0,13.0,201.0,28.3,0.5077852542559311,0,4.5,Overweight,18-39,1.0,1.0,conformal_calibration
119082,72.0,17.0,20.0,181.0,25.0,1.5121255273258245,1,16.6,Overweight,60+,1.0,6.0,proper_train
119083,63.0,17.0,21.0,277.0,38.8,0.8437233228980067,0,6.6,Obese,60+,2.0,3.0,proper_train
119085,43.0,14.0,15.0,290.0,22.8,0.5359852814751414,0,4.0,Normal,40-59,2.0,3.0,conformal_calibration
119086,36.0,17.0,10.0,261.0,17.9,0.7414995892808612,0,2.8,Underweight,18-39,2.0,6.0,conformal_calibration
119091,51.0,24.0,34.0,253.0,25.1,0.8297006648791732,0,3.6,Overweight,40-59,1.0,6.0,test
119092,67.0,23.0,16.0,237.0,22.4,1.6255274261603376,0,7.3,Normal,60+,2.0,3.0,proper_train
119094,51.0,19.0,17.0,255.0,36.3,0.9216353751380653,0,6.0,Obese,40-59,2.0,4.0,proper_train
119096,47.0,17.0,8.0,357.0,19.3,0.7912861598992317,0,4.3,Normal,40-59,2.0,2.0,conformal_calibration
119098,32.0,19.0,18.0,261.0,53.5,0.5490688671282515,1,20.0,Obese,18-39,1.0,3.0,test
119100,33.0,29.0,33.0,245.0,24.9,0.6799686397942972,0,3.3,Normal,18-39,2.0,3.0,test
119101,68.0,21.0,27.0,139.0,30.4,1.9771131520450493,0,4.2,Obese,60+,1.0,3.0,test
119102,66.0,22.0,19.0,214.0,32.5,1.5565964746731573,0,3.2,Obese,60+,2.0,6.0,proper_train
119103,19.0,22.0,20.0,180.0,25.0,0.5192646747749512,0,7.0,Overweight,18-39,1.0,3.0,test
119104,35.0,22.0,46.0,239.0,33.0,0.4750222018379531,0,7.0,Obese,18-39,1.0,4.0,proper_train
119105,57.0,18.0,29.0,271.0,30.4,0.7030384390024178,0,7.3,Obese,40-59,1.0,3.0,proper_train
119108,74.0,15.0,7.0,163.0,30.5,2.5738684971794,0,4.4,Obese,60+,1.0,4.0,test
119109,33.0,16.0,12.0,344.0,26.3,0.44308276472692215,0,5.5,Overweight,18-39,2.0,6.0,test
119117,66.0,18.0,14.0,249.0,23.2,1.2751259252689164,0,5.7,Normal,60+,1.0,4.0,test
119123,57.0,19.0,14.0,154.0,21.7,1.8795060064360753,0,6.5,Normal,40-59,1.0,7.0,test
119124,61.0,20.0,15.0,196.0,24.6,1.6071563545486558,0,5.4,Normal,60+,2.0,4.0,conformal_calibration
119126,80.0,17.0,11.0,193.0,22.9,2.1246395265583344,0,4.2,Normal,60+,1.0,7.0,proper_train
119127,33.0,22.0,19.0,197.0,27.4,0.8454610293910042,0,6.1,Overweight,18-39,1.0,7.0,conformal_calibration
119128,18.0,19.0,15.0,281.0,30.0,0.31424918253924944,0,6.1,Obese,18-39,2.0,1.0,proper_train
119130,62.0,57.0,37.0,172.0,20.4,3.377825704285655,0,6.1,Normal,60+,2.0,6.0,conformal_calibration
119133,25.0,16.0,9.0,416.0,19.8,0.32051282051282054,0,4.1,Normal,18-39,2.0,3.0,proper_train
119139,73.0,24.0,15.0,220.0,25.2,2.0562020674410286,0,4.7,Overweight,60+,2.0,6.0,proper_train
119142,69.0,16.0,26.0,161.0,29.0,1.344796355233262,0,5.0,Overweight,60+,1.0,1.0,proper_train
119144,22.0,18.0,25.0,216.0,33.9,0.36666666666666664,0,6.1,Obese,18-39,1.0,4.0,test
119146,39.0,25.0,32.0,214.0,34.3,0.8054078407206587,0,5.8,Obese,18-39,1.0,1.0,proper_train
119149,48.0,15.0,13.0,196.0,24.9,1.0188370951075638,0,3.9,Normal,40-59,1.0,3.0,proper_train
119150,32.0,23.0,22.0,288.0,28.9,0.5448462751310044,0,4.8,Overweight,18-39,1.0,6.0,conformal_calibration
119152,55.0,23.0,23.0,202.0,17.1,1.3057957117930672,0,4.5,Underweight,40-59,1.0,3.0,proper_train
119155,70.0,18.0,18.0,210.0,38.7,1.4142135623730951,1,10.0,Obese,60+,2.0,6.0,proper_train
119156,22.0,26.0,11.0,316.0,21.5,0.5457736996787367,0,4.9,Normal,18-39,2.0,3.0,proper_train
119158,44.0,20.0,21.0,329.0,33.6,0.5836831106616209,0,4.2,Obese,40-59,2.0,6.0,proper_train
119160,71.0,17.0,13.0,336.0,32.0,0.996314191731922,0,5.1,Obese,60+,2.0,3.0,proper_train
119164,68.0,22.0,34.0,206.0,31.4,1.2454460357922001,0,4.5,Obese,60+,1.0,1.0,proper_train
119166,42.0,111.0,179.0,211.0,28.2,1.651441896876552,0,5.4,Overweight,40-59,1.0,3.0,proper_train
119167,18.0,20.0,14.0,219.0,18.9,0.4393335483491908,0,3.6,Normal,18-39,2.0,3.0,proper_train
119169,42.0,58.0,44.0,126.0,23.8,2.914609664251715,0,4.0,Normal,40-59,1.0,1.0,test
119172,80.0,20.0,16.0,205.0,22.3,1.951219512195122,0,3.0,Normal,60+,2.0,3.0,proper_train
119175,49.0,17.0,25.0,476.0,30.3,0.35,1,9.0,Obese,40-59,2.0,6.0,proper_train
119179,70.0,11.0,10.0,195.0,28.7,1.2486942555536678,0,5.0,Overweight,60+,1.0,3.0,proper_train
119181,42.0,18.0,27.0,264.0,36.8,0.5511070751355519,0,3.4,Obese,40-59,1.0,3.0,conformal_calibration
119183,25.0,14.0,14.0,297.0,24.5,0.314954325486022,0,3.9,Normal,18-39,2.0,4.0,conformal_calibration
119184,35.0,22.0,17.0,231.0,24.8,0.8084520834544432,0,5.1,Normal,18-39,1.0,4.0,conformal_calibration
119186,63.0,22.0,17.0,254.0,22.5,1.3234424263793603,0,6.0,Normal,60+,2.0,3.0,proper_train
119187,45.0,19.0,23.0,242.0,27.8,0.7366934876809873,0,4.7,Overweight,40-59,1.0,3.0,test
119189,64.0,16.0,11.0,234.0,32.0,1.3194342600326066,0,3.4,Obese,60+,2.0,4.0,proper_train
119191,19.0,28.0,52.0,211.0,31.3,0.34964514738367525,0,4.5,Obese,18-39,1.0,2.0,conformal_calibration
119192,44.0,25.0,14.0,309.0,44.6,0.9514154242837113,0,6.3,Obese,40-59,2.0,4.0,proper_train
119193,52.0,14.0,11.0,206.0,29.9,1.0655352371486015,0,4.1,Overweight,40-59,2.0,4.0,proper_train
119194,41.0,20.0,19.0,256.0,25.3,0.7348472725541431,0,3.7,Overweight,40-59,1.0,1.0,proper_train
119196,40.0,21.0,12.0,170.0,27.3,1.4263947827037813,0,4.1,Overweight,40-59,1.0,4.0,conformal_calibration
119197,72.0,27.0,27.0,316.0,35.5,1.183933463401511,0,3.7,Obese,60+,2.0,2.0,proper_train
119201,25.0,17.0,25.0,246.0,38.1,0.34552845528455284,0,7.1,Obese,18-39,2.0,1.0,proper_train
119202,80.0,23.0,16.0,145.0,24.7,3.1724137931034484,0,7.0,Normal,60+,2.0,3.0,test
119206,69.0,32.0,30.0,213.0,38.9,1.8926000109098697,0,6.3,Obese,60+,2.0,3.0,test
119207,45.0,15.0,13.0,175.0,24.4,1.069778949862942,0,5.0,Normal,40-59,2.0,6.0,proper_train
119210,48.0,22.0,24.0,235.0,20.9,0.9172557334677434,0,5.2,Normal,40-59,2.0,6.0,test
119211,80.0,15.0,13.0,166.0,24.2,2.0049404682839604,0,3.4,Normal,60+,1.0,4.0,proper_train
119212,35.0,16.0,14.0,230.0,25.8,0.6507230237867724,0,5.1,Overweight,18-39,1.0,4.0,test
119216,43.0,13.0,19.0,203.0,27.3,0.6317408632199213,0,5.9,Overweight,40-59,1.0,3.0,proper_train
119219,80.0,24.0,14.0,238.0,21.4,2.1560570776128354,0,2.9,Normal,60+,2.0,3.0,proper_train
119220,80.0,16.0,18.0,255.0,29.2,1.183132914926511,0,4.6,Overweight,60+,2.0,2.0,conformal_calibration
119223,63.0,20.0,13.0,282.0,25.9,1.239223842630831,0,6.2,Overweight,60+,1.0,6.0,test
119227,20.0,13.0,8.0,242.0,21.6,0.37985075022417836,0,4.0,Normal,18-39,2.0,2.0,test
119229,29.0,54.0,56.0,288.0,25.1,0.7266165014494038,0,6.1,Overweight,18-39,1.0,4.0,test
119230,61.0,14.0,9.0,246.0,25.0,1.1571815718157181,0,3.2,Overweight,60+,2.0,4.0,proper_train
119232,51.0,19.0,14.0,151.0,22.6,1.7150737974380081,0,4.8,Normal,40-59,1.0,3.0,proper_train
119237,67.0,25.0,21.0,229.0,26.4,1.5961352233418657,0,4.4,Overweight,60+,2.0,6.0,test
119241,54.0,29.0,33.0,254.0,32.5,1.0732504300260741,1,8.3,Obese,40-59,2.0,1.0,test
119243,66.0,30.0,31.0,193.0,26.3,1.8425828912591415,0,5.0,Overweight,60+,1.0,4.0,conformal_calibration
119245,45.0,23.0,30.0,250.0,28.8,0.7558571293571292,0,5.0,Overweight,40-59,1.0,3.0,proper_train
119248,61.0,22.0,19.0,204.0,27.8,1.50919566105046,0,5.7,Overweight,60+,1.0,2.0,test
119250,38.0,25.0,44.0,164.0,32.5,0.873279808990474,0,6.2,Obese,18-39,1.0,1.0,test
119252,24.0,52.0,115.0,516.0,29.1,0.2255360466441689,0,6.3,Overweight,18-39,1.0,6.0,conformal_calibration
119257,44.0,28.0,21.0,373.0,30.2,0.7207625757928756,0,5.3,Obese,40-59,1.0,4.0,proper_train
119260,65.0,16.0,17.0,252.0,35.0,1.0009406747531202,1,13.1,Obese,60+,2.0,3.0,test
119261,20.0,47.0,61.0,283.0,38.6,0.4252815093177464,1,10.2,Obese,18-39,1.0,3.0,proper_train
119262,51.0,23.0,23.0,157.0,41.9,1.557881577636616,1,8.6,Obese,40-59,1.0,3.0,proper_train
119265,64.0,182.0,213.0,204.0,36.2,3.912293182387789,1,15.0,Obese,60+,2.0,2.0,proper_train
119266,46.0,21.0,25.0,282.0,29.8,0.6851063829787234,0,5.5,Overweight,40-59,1.0,4.0,proper_train
119267,80.0,14.0,7.0,131.0,24.3,3.2314519829796526,0,3.3,Normal,60+,2.0,3.0,proper_train
119269,72.0,15.0,14.0,315.0,24.5,0.9163242579854551,0,4.2,Normal,60+,2.0,1.0,proper_train
119270,62.0,16.0,23.0,311.0,27.1,0.6651006390502192,0,6.9,Overweight,60+,1.0,3.0,test
119272,69.0,27.0,28.0,182.0,27.4,1.934472014330193,0,6.3,Overweight,60+,1.0,3.0,test
119277,35.0,17.0,13.0,213.0,34.8,0.7747573163239703,0,4.5,Obese,18-39,2.0,3.0,test
119286,19.0,22.0,41.0,331.0,28.1,0.19722245459044516,0,4.2,Overweight,18-39,1.0,3.0,test
119287,77.0,13.0,9.0,244.0,29.3,1.3674863387978142,0,4.8,Overweight,60+,2.0,3.0,test
119291,80.0,18.0,15.0,156.0,33.7,2.383374366896872,0,6.6,Obese,60+,2.0,3.0,test
119292,56.0,25.0,17.0,187.0,20.9,1.8157747328923324,0,4.3,Normal,40-59,2.0,3.0,test
119293,68.0,13.0,6.0,290.0,24.4,1.2444534095519135,0,3.8,Normal,60+,1.0,4.0,conformal_calibration
119297,65.0,23.0,28.0,252.0,35.6,1.1211446173587196,0,4.7,Obese,60+,2.0,3.0,test
119298,64.0,24.0,21.0,134.0,29.2,2.501363279123017,0,4.2,Overweight,60+,1.0,3.0,conformal_calibration
119299,56.0,17.0,19.0,185.0,29.9,1.1805609656474312,0,4.4,Overweight,40-59,1.0,4.0,proper_train
119300,56.0,24.0,19.0,237.0,26.8,1.300990490810274,0,4.1,Overweight,40-59,2.0,6.0,proper_train
119308,18.0,51.0,27.0,202.0,22.1,0.8745999127327994,0,3.8,Normal,18-39,1.0,1.0,test
119311,36.0,17.0,24.0,228.0,28.0,0.5479121793067636,0,3.7,Overweight,18-39,1.0,4.0,test
119313,62.0,14.0,13.0,285.0,43.8,0.8447013514447349,0,5.4,Obese,60+,2.0,4.0,proper_train
119316,18.0,28.0,42.0,321.0,33.7,0.2422706803143125,0,5.6,Obese,18-39,1.0,1.0,conformal_calibration
119320,49.0,9.0,17.0,198.0,35.0,0.5401929830354689,0,4.7,Obese,40-59,2.0,3.0,test
119323,47.0,49.0,37.0,299.0,29.6,1.266257082823538,1,27.7,Overweight,40-59,1.0,7.0,proper_train
119324,69.0,19.0,16.0,238.0,27.9,1.3771008403361344,1,75.0,Overweight,60+,1.0,2.0,test
119325,71.0,30.0,37.0,184.0,37.3,1.9030969726109297,0,6.2,Obese,60+,1.0,7.0,conformal_calibration
119326,48.0,15.0,9.0,316.0,27.8,0.759493670886076,0,2.9,Overweight,40-59,2.0,6.0,proper_train
119328,25.0,15.0,12.0,261.0,23.6,0.41476312441783464,0,3.0,Normal,18-39,2.0,7.0,proper_train
119330,70.0,23.0,12.0,265.0,27.3,1.7538376101798068,0,6.8,Overweight,60+,2.0,2.0,test
119334,24.0,13.0,7.0,248.0,21.0,0.4755036918503181,0,3.3,Normal,18-39,2.0,2.0,conformal_calibration
119335,77.0,19.0,14.0,303.0,22.2,1.2904395937883724,0,3.4,Normal,60+,2.0,1.0,proper_train
119337,75.0,46.0,43.0,244.0,30.7,2.156229785440517,0,6.3,Obese,60+,2.0,3.0,conformal_calibration
119340,31.0,31.0,45.0,302.0,30.4,0.47436232370359777,0,5.4,Obese,18-39,1.0,2.0,proper_train
119345,36.0,24.0,18.0,221.0,22.3,0.9214785202793018,0,6.1,Normal,18-39,1.0,3.0,proper_train
119349,74.0,13.0,10.0,218.0,33.4,1.3954638115054956,0,7.6,Obese,60+,2.0,3.0,test
119350,56.0,37.0,26.0,315.0,19.0,1.2900083555756106,0,5.4,Normal,40-59,2.0,1.0,proper_train
119353,52.0,27.0,26.0,208.0,24.6,1.3237839121827422,0,6.0,Normal,40-59,2.0,6.0,test
119354,34.0,17.0,16.0,236.0,52.9,0.6122881355932204,0,5.6,Obese,18-39,2.0,4.0,proper_train
119355,38.0,17.0,21.0,251.0,30.3,0.5616285143125541,0,5.8,Obese,18-39,1.0,2.0,conformal_calibration
119356,64.0,17.0,14.0,189.0,21.9,1.5385197418027392,0,4.9,Normal,60+,1.0,3.0,proper_train
119357,19.0,16.0,17.0,158.0,23.0,0.4666508228547166,0,5.3,Normal,18-39,1.0,3.0,proper_train
119358,51.0,22.0,36.0,330.0,27.5,0.5666666666666667,1,8.3,Overweight,40-59,1.0,6.0,proper_train
119360,60.0,25.0,25.0,310.0,29.8,0.967741935483871,0,5.0,Overweight,60+,2.0,1.0,conformal_calibration
119361,72.0,19.0,27.0,197.0,28.3,1.3364046840125348,0,6.6,Overweight,60+,1.0,3.0,test
119363,70.0,28.0,24.0,199.0,21.7,2.0104689681134964,0,4.7,Normal,60+,1.0,6.0,proper_train
119364,73.0,14.0,9.0,323.0,25.5,1.0546955624355006,0,5.5,Overweight,60+,2.0,3.0,proper_train
119365,56.0,16.0,11.0,274.0,27.4,0.9859641048966284,0,3.7,Overweight,40-59,2.0,3.0,test
119367,75.0,15.0,10.0,181.0,24.6,1.9655040705466444,1,9.6,Normal,60+,1.0,6.0,proper_train
119369,73.0,18.0,26.0,205.0,28.4,1.2570565930320674,0,5.0,Overweight,60+,1.0,3.0,proper_train
119370,63.0,20.0,20.0,373.0,44.7,0.7553473596916179,0,6.8,Obese,60+,2.0,3.0,proper_train
119372,63.0,14.0,10.0,214.0,26.3,1.3033312599385563,0,6.0,Overweight,60+,1.0,4.0,test
119375,31.0,22.0,24.0,247.0,23.4,0.5636140366322968,0,5.5,Normal,18-39,2.0,6.0,test
119376,53.0,22.0,24.0,218.0,24.3,1.0917832722038172,0,5.3,Normal,40-59,2.0,6.0,conformal_calibration
119381,67.0,16.0,11.0,200.0,25.2,1.616100806936813,0,4.1,Overweight,60+,2.0,7.0,proper_train
119382,63.0,14.0,16.0,373.0,23.1,0.5911528150134048,0,5.3,Normal,60+,1.0,3.0,proper_train
119383,34.0,13.0,21.0,306.0,45.5,0.3152036192297668,0,3.6,Obese,18-39,2.0,3.0,test
119385,43.0,17.0,10.0,317.0,33.1,0.7292192333069669,0,3.2,Obese,40-59,2.0,7.0,proper_train
119386,37.0,12.0,13.0,351.0,42.0,0.35083602154416205,1,8.2,Obese,18-39,2.0,4.0,test
119391,74.0,17.0,13.0,269.0,34.8,1.297049901210666,0,4.1,Obese,60+,1.0,2.0,test
119394,37.0,15.0,13.0,256.0,38.7,0.6012863455175824,0,6.1,Obese,18-39,2.0,7.0,test
119396,80.0,24.0,22.0,261.0,28.3,1.5683730858343756,0,6.9,Overweight,60+,2.0,3.0,test
119397,18.0,14.0,12.0,240.0,23.0,0.30310889132455354,0,4.5,Normal,18-39,1.0,4.0,conformal_calibration
119399,79.0,22.0,15.0,231.0,25.2,1.942639265716736,0,6.6,Overweight,60+,2.0,3.0,proper_train
119400,45.0,19.0,52.0,270.0,41.3,0.43913765534497307,1,8.6,Obese,40-59,1.0,4.0,test
119405,55.0,27.0,32.0,226.0,29.2,1.161563683696928,0,3.3,Overweight,40-59,2.0,2.0,proper_train
119406,80.0,22.0,17.0,196.0,30.8,2.177870918693602,0,3.5,Obese,60+,2.0,3.0,proper_train
119407,57.0,21.0,26.0,235.0,23.5,0.9989404840868353,0,6.2,Normal,40-59,1.0,4.0,proper_train
119413,48.0,33.0,46.0,168.0,37.1,1.3901670151747445,0,7.6,Obese,40-59,1.0,3.0,test
119417,58.0,19.0,23.0,264.0,30.2,0.8703897132230924,0,5.1,Obese,40-59,2.0,4.0,test
119418,33.0,27.0,30.0,247.0,33.1,0.658597569145888,0,4.8,Obese,18-39,1.0,6.0,proper_train
119421,38.0,23.0,21.0,226.0,26.2,0.8439045843639706,0,4.2,Overweight,18-39,2.0,6.0,test
119422,52.0,20.0,14.0,244.0,18.2,1.1391462770037761,0,3.3,Underweight,40-59,2.0,3.0,proper_train
119423,54.0,12.0,8.0,254.0,40.9,0.9019787287576433,0,4.9,Obese,40-59,2.0,3.0,conformal_calibration
119424,20.0,15.0,14.0,237.0,16.4,0.33830536950939794,0,2.6,Underweight,18-39,2.0,4.0,test
119427,67.0,9.0,14.0,353.0,40.6,0.45653974185040197,0,3.7,Obese,60+,2.0,1.0,conformal_calibration
119429,26.0,22.0,20.0,281.0,38.3,0.45517113278643406,0,3.4,Obese,18-39,2.0,4.0,test
119430,43.0,23.0,43.0,187.0,31.6,0.8065298719729734,0,5.4,Obese,40-59,1.0,1.0,proper_train
119433,71.0,17.0,12.0,207.0,27.4,1.6832410022026048,0,5.6,Overweight,60+,1.0,4.0,conformal_calibration
119434,75.0,28.0,28.0,202.0,26.7,1.964666815146973,0,4.7,Overweight,60+,1.0,1.0,proper_train
119435,66.0,26.0,16.0,291.0,19.8,1.4742268041237114,0,4.9,Normal,60+,2.0,3.0,test
119438,27.0,20.0,26.0,249.0,31.2,0.42531210029967625,0,5.3,Obese,18-39,1.0,6.0,proper_train
119441,68.0,21.0,21.0,265.0,27.9,1.17590621606414,0,5.1,Overweight,60+,2.0,2.0,test
119442,40.0,40.0,118.0,260.0,35.3,0.5665074571681991,0,7.5,Obese,40-59,1.0,2.0,proper_train
119443,18.0,19.0,19.0,332.0,33.9,0.23632584633654252,0,5.8,Obese,18-39,2.0,7.0,proper_train
119447,64.0,20.0,30.0,296.0,26.5,0.7895099928002395,0,3.9,Overweight,60+,1.0,4.0,test
119450,67.0,18.0,21.0,242.0,26.7,1.087482543903334,0,4.1,Overweight,60+,1.0,7.0,test
119451,68.0,14.0,22.0,274.0,31.7,0.7407557736151136,0,5.4,Obese,60+,1.0,3.0,conformal_calibration
119453,39.0,16.0,15.0,238.0,23.6,0.6769584336228089,0,5.6,Normal,18-39,2.0,6.0,proper_train
119454,18.0,24.0,43.0,338.0,51.7,0.19490941533634681,0,6.6,Obese,18-39,1.0,2.0,test
119461,53.0,19.0,28.0,197.0,22.9,0.9660157977672381,0,5.7,Normal,40-59,1.0,6.0,proper_train
119462,35.0,42.0,83.0,338.0,33.2,0.47737710705575387,1,9.3,Obese,18-39,2.0,6.0,conformal_calibration
119465,67.0,20.0,10.0,198.0,20.9,2.140127305366479,0,4.1,Normal,60+,2.0,4.0,test
119466,61.0,18.0,18.0,349.0,26.3,0.7415503779778694,0,6.1,Overweight,60+,1.0,1.0,proper_train
119467,21.0,13.0,9.0,220.0,21.6,0.41363636363636364,0,3.2,Normal,18-39,2.0,1.0,proper_train
119470,39.0,15.0,11.0,234.0,20.6,0.753778361444409,0,4.6,Normal,18-39,2.0,6.0,proper_train
119471,21.0,20.0,13.0,212.0,22.4,0.5494671755061232,0,5.5,Normal,18-39,1.0,2.0,test
119478,51.0,16.0,24.0,79.0,34.2,2.1084215507500774,0,6.7,Obese,40-59,1.0,7.0,proper_train
119480,34.0,15.0,13.0,151.0,24.0,0.9367453644863142,0,4.4,Normal,18-39,2.0,6.0,proper_train
119483,38.0,45.0,84.0,286.0,23.7,0.6523646718593479,0,4.5,Normal,18-39,1.0,6.0,conformal_calibration
119484,21.0,17.0,12.0,190.0,29.9,0.5424053844755169,0,5.6,Overweight,18-39,2.0,2.0,conformal_calibration
119487,52.0,21.0,29.0,254.0,26.3,0.7983437373596088,0,4.3,Overweight,40-59,2.0,7.0,proper_train
119488,30.0,22.0,32.0,271.0,35.0,0.4305262689881193,0,6.2,Obese,18-39,1.0,2.0,test
119491,79.0,20.0,25.0,252.0,21.1,1.253968253968254,0,6.5,Normal,60+,1.0,3.0,proper_train
119492,80.0,20.0,10.0,196.0,25.2,2.5814511511578604,0,3.4,Overweight,60+,2.0,3.0,conformal_calibration
119497,24.0,18.0,12.0,184.0,24.4,0.6777590116573868,0,4.2,Normal,18-39,1.0,1.0,proper_train
119499,48.0,28.0,36.0,198.0,28.8,1.1313131313131313,0,3.7,Overweight,40-59,1.0,1.0,proper_train
119500,45.0,43.0,33.0,213.0,29.8,1.5814096914285225,0,5.9,Overweight,40-59,1.0,4.0,test
119501,39.0,14.0,11.0,260.0,31.5,0.6331738236133037,0,5.0,Obese,18-39,2.0,1.0,proper_train
119503,50.0,22.0,18.0,307.0,29.2,0.8445357864334445,0,4.0,Overweight,40-59,1.0,4.0,test
119504,44.0,24.0,36.0,321.0,30.6,0.5482866043613707,0,4.4,Obese,40-59,1.0,3.0,test
119507,56.0,26.0,45.0,223.0,25.0,0.9733079148698635,0,6.0,Overweight,40-59,1.0,1.0,test
119508,37.0,25.0,13.0,370.0,19.7,0.6933752452815364,0,6.5,Normal,18-39,2.0,4.0,proper_train
119510,56.0,19.0,33.0,268.0,33.4,0.6911142758838154,0,4.5,Obese,40-59,1.0,3.0,proper_train
119511,80.0,15.0,11.0,261.0,21.9,1.3862590555299477,0,5.3,Normal,60+,2.0,3.0,conformal_calibration
119512,71.0,20.0,14.0,179.0,24.4,2.1201729805343166,0,4.4,Normal,60+,1.0,4.0,proper_train
119519,67.0,12.0,10.0,394.0,47.1,0.6452972687247149,0,6.5,Obese,60+,2.0,4.0,test
119523,25.0,16.0,10.0,275.0,23.6,0.4599676596608552,0,5.7,Normal,18-39,2.0,4.0,proper_train
119524,73.0,18.0,10.0,258.0,30.1,1.610555366457849,0,5.5,Obese,60+,2.0,3.0,test
119532,60.0,24.0,24.0,307.0,31.8,0.9574552740520567,0,5.2,Obese,60+,1.0,4.0,conformal_calibration
119537,22.0,17.0,16.0,155.0,19.4,0.603225806451613,0,5.6,Normal,18-39,1.0,1.0,proper_train
119540,70.0,17.0,16.0,155.0,28.2,1.9193548387096775,0,7.8,Overweight,60+,1.0,3.0,conformal_calibration
119541,49.0,14.0,13.0,265.0,31.5,0.7179704426613343,0,4.1,Obese,40-59,2.0,3.0,test
119543,54.0,40.0,45.0,240.0,20.1,1.3416407864998738,0,5.0,Normal,40-59,1.0,3.0,proper_train
119544,80.0,17.0,14.0,102.0,40.7,3.563483225498992,1,24.8,Obese,60+,1.0,3.0,proper_train
119547,62.0,24.0,45.0,153.0,32.7,1.4497904795292753,0,3.9,Obese,60+,1.0,3.0,proper_train
119551,49.0,16.0,15.0,204.0,29.7,0.9922937723616387,0,6.1,Overweight,40-59,1.0,1.0,proper_train
119552,74.0,15.0,10.0,167.0,42.1,2.1018731753214976,1,10.1,Obese,60+,2.0,4.0,test
119554,73.0,14.0,10.0,168.0,48.5,1.923718909935764,1,10.2,Obese,60+,2.0,3.0,test
119556,52.0,20.0,16.0,140.0,19.2,1.8571428571428572,0,4.5,Normal,40-59,2.0,4.0,test
119557,22.0,23.0,31.0,274.0,31.2,0.3316798643268179,0,4.6,Obese,18-39,1.0,2.0,test
119559,54.0,30.0,17.0,163.0,29.9,2.4104767641647817,0,4.0,Overweight,40-59,1.0,1.0,proper_train
119561,59.0,52.0,27.0,152.0,33.0,3.884453126916166,1,9.6,Obese,40-59,1.0,7.0,test
119562,80.0,17.0,11.0,307.0,39.6,1.3356854352630572,0,3.7,Obese,60+,2.0,1.0,conformal_calibration
119563,62.0,15.0,20.0,271.0,28.0,0.7673591214298171,0,4.2,Overweight,60+,1.0,2.0,conformal_calibration
119565,56.0,14.0,10.0,517.0,23.2,0.4795407515613171,0,3.5,Normal,40-59,2.0,3.0,proper_train
119567,69.0,18.0,10.0,137.0,39.4,2.8668239809701657,1,11.0,Obese,60+,2.0,3.0,proper_train
119569,18.0,21.0,15.0,257.0,25.2,0.37976334756586344,0,3.5,Overweight,18-39,2.0,3.0,proper_train
119571,52.0,15.0,12.0,141.0,37.9,1.5969262764819439,0,6.5,Obese,40-59,2.0,3.0,test
119575,28.0,19.0,28.0,299.0,26.3,0.3362493305031921,0,3.1,Overweight,18-39,1.0,1.0,proper_train
119580,27.0,19.0,14.0,219.0,21.0,0.6260503063975968,0,5.2,Normal,18-39,2.0,1.0,proper_train
119581,45.0,23.0,13.0,187.0,25.3,1.5350660510511018,0,4.3,Overweight,40-59,1.0,4.0,proper_train
119583,22.0,21.0,15.0,279.0,23.1,0.42755515076411627,0,3.8,Normal,18-39,2.0,6.0,proper_train
119584,51.0,21.0,52.0,319.0,30.2,0.4655830016906116,0,4.6,Obese,40-59,1.0,4.0,proper_train
119586,62.0,15.0,15.0,242.0,30.1,0.9922519316729745,0,3.9,Obese,60+,1.0,4.0,test
119588,58.0,16.0,19.0,227.0,30.5,0.9378757754708427,0,4.8,Obese,40-59,1.0,3.0,conformal_calibration
119589,24.0,11.0,10.0,229.0,29.1,0.3645595206482324,0,5.5,Overweight,18-39,2.0,7.0,conformal_calibration
119590,44.0,22.0,40.0,203.0,26.4,0.7539617672519682,0,3.5,Overweight,40-59,2.0,1.0,proper_train
119591,69.0,19.0,16.0,202.0,35.2,1.6225247524752475,0,3.3,Obese,60+,2.0,3.0,proper_train
119592,80.0,14.0,10.0,240.0,35.3,1.4757295747452435,0,6.5,Obese,60+,2.0,3.0,proper_train
119593,59.0,16.0,24.0,237.0,48.1,0.8130514476748665,0,7.7,Obese,40-59,2.0,3.0,test
119594,47.0,40.0,63.0,271.0,26.9,0.8740137875244122,0,7.0,Overweight,40-59,1.0,6.0,proper_train
119595,51.0,18.0,25.0,213.0,36.0,0.8619718309859155,0,7.5,Obese,40-59,1.0,4.0,test
119597,47.0,22.0,19.0,281.0,26.9,0.8441845865557326,0,5.1,Overweight,40-59,1.0,3.0,proper_train
119598,18.0,20.0,33.0,277.0,34.3,0.2262381088232896,0,6.9,Obese,18-39,1.0,7.0,test
119600,49.0,15.0,8.0,270.0,22.1,0.962450896615023,0,3.7,Normal,40-59,2.0,3.0,conformal_calibration
119603,25.0,23.0,12.0,203.0,24.4,0.8176758738523026,0,6.1,Normal,18-39,1.0,4.0,proper_train
119604,37.0,36.0,33.0,184.0,25.6,1.2601708572445085,0,7.4,Overweight,18-39,1.0,3.0,test
119605,80.0,20.0,13.0,331.0,21.7,1.3406651268283483,0,5.5,Normal,60+,2.0,6.0,proper_train
119606,60.0,19.0,14.0,313.0,21.8,0.9734115520133029,0,5.2,Normal,60+,1.0,4.0,proper_train
119608,24.0,11.0,8.0,237.0,38.9,0.39383162496465934,0,3.9,Obese,18-39,2.0,4.0,proper_train
119613,28.0,27.0,27.0,315.0,24.8,0.46188021535170065,0,3.7,Normal,18-39,2.0,3.0,proper_train
119617,66.0,15.0,16.0,126.0,24.2,1.9642857142857142,0,3.5,Normal,60+,2.0,3.0,proper_train
119618,61.0,20.0,31.0,298.0,28.7,0.735296874069347,0,4.9,Overweight,60+,1.0,2.0,proper_train
119619,37.0,13.0,15.0,226.0,33.1,0.5495294954353297,0,4.9,Obese,18-39,1.0,7.0,proper_train
119621,32.0,16.0,20.0,366.0,33.6,0.31280513783603614,0,5.4,Obese,18-39,1.0,3.0,test
119622,47.0,17.0,21.0,336.0,45.6,0.5189169473171367,0,7.4,Obese,40-59,2.0,2.0,test
119623,33.0,17.0,11.0,240.0,25.3,0.7047827679505224,0,4.1,Overweight,18-39,1.0,4.0,test
119624,48.0,31.0,33.0,287.0,37.9,0.9025350246065449,0,6.0,Obese,40-59,1.0,4.0,proper_train
119626,33.0,23.0,14.0,270.0,21.6,0.7513010467093708,0,2.8,Normal,18-39,1.0,3.0,proper_train
119628,46.0,21.0,22.0,254.0,30.8,0.8108342204705499,0,4.4,Obese,40-59,2.0,1.0,test
119629,73.0,32.0,40.0,258.0,31.2,1.4316047701847545,0,3.7,Obese,60+,1.0,3.0,test
119630,55.0,16.0,12.0,267.0,26.1,0.9514386458555631,0,3.3,Overweight,40-59,2.0,1.0,conformal_calibration
119632,68.0,20.0,18.0,315.0,27.2,1.0176351559933383,0,3.8,Overweight,60+,2.0,2.0,proper_train
119634,56.0,15.0,15.0,161.0,28.9,1.3471246421591014,0,5.3,Overweight,40-59,1.0,4.0,test
119635,38.0,14.0,13.0,198.0,33.2,0.7452032939187422,0,4.8,Obese,18-39,2.0,1.0,test
119636,64.0,18.0,21.0,211.0,32.5,1.1914076282078827,0,4.5,Obese,60+,2.0,7.0,proper_train
119640,80.0,17.0,9.0,134.0,24.8,3.383084577114428,0,7.9,Normal,60+,1.0,3.0,proper_train
119641,24.0,17.0,11.0,284.0,20.3,0.43315714291453367,0,5.8,Normal,18-39,1.0,6.0,test
119642,59.0,11.0,12.0,263.0,37.9,0.7123580317567816,0,4.8,Obese,40-59,2.0,3.0,proper_train
119644,53.0,16.0,12.0,246.0,33.4,0.9951077810422819,0,6.4,Obese,40-59,1.0,4.0,proper_train
119645,47.0,18.0,18.0,255.0,39.1,0.7819769109592409,1,9.3,Obese,40-59,2.0,3.0,conformal_calibration
119646,36.0,14.0,17.0,269.0,30.0,0.45441618965915176,0,4.3,Obese,18-39,2.0,3.0,conformal_calibration
119648,65.0,14.0,11.0,307.0,26.8,0.8937306956539574,0,3.1,Overweight,60+,2.0,6.0,test
119651,80.0,25.0,17.0,194.0,20.1,2.5003672684158036,0,3.8,Normal,60+,2.0,6.0,proper_train
119653,29.0,21.0,17.0,190.0,22.5,0.7773905034059304,0,5.3,Normal,18-39,1.0,1.0,proper_train
119659,59.0,17.0,23.0,312.0,35.8,0.6703203759591218,0,4.5,Obese,40-59,2.0,3.0,proper_train
119660,53.0,23.0,32.0,199.0,25.1,1.0828682993296501,0,3.4,Overweight,40-59,1.0,3.0,test
119664,61.0,20.0,20.0,238.0,38.5,1.1462197195587158,0,3.5,Obese,60+,1.0,2.0,test
119667,32.0,20.0,21.0,320.0,35.8,0.4364357804719848,0,6.0,Obese,18-39,1.0,4.0,proper_train
119668,38.0,23.0,21.0,379.0,29.2,0.5032254249769323,0,6.3,Overweight,18-39,2.0,3.0,test
119669,64.0,20.0,13.0,208.0,26.0,1.7067698345391666,0,4.4,Overweight,60+,2.0,6.0,proper_train
119670,52.0,14.0,12.0,275.0,33.4,0.7642018108546319,0,5.2,Obese,40-59,2.0,4.0,conformal_calibration
119675,71.0,22.0,18.0,242.0,37.1,1.521350953461966,0,5.8,Obese,60+,1.0,4.0,conformal_calibration
119678,71.0,15.0,16.0,211.0,35.4,1.2618483412322274,0,4.4,Obese,60+,1.0,4.0,proper_train
119679,35.0,15.0,17.0,337.0,28.4,0.3778373980536345,0,4.1,Overweight,18-39,2.0,6.0,proper_train
119680,41.0,16.0,27.0,333.0,34.1,0.37912089748588035,0,4.9,Obese,40-59,1.0,4.0,conformal_calibration
119681,72.0,18.0,15.0,167.0,30.4,2.003747072528867,0,5.1,Obese,60+,1.0,1.0,proper_train
119683,62.0,15.0,9.0,316.0,25.8,0.9810126582278481,0,3.1,Overweight,60+,2.0,7.0,proper_train
119687,23.0,19.0,21.0,299.0,20.7,0.3189338395756812,0,5.9,Normal,18-39,1.0,1.0,proper_train
119688,51.0,51.0,59.0,240.0,26.7,1.4109223227546788,0,5.3,Overweight,40-59,2.0,2.0,proper_train
119689,36.0,13.0,7.0,357.0,37.4,0.49548283856671804,0,5.1,Obese,18-39,2.0,2.0,test
119692,80.0,14.0,7.0,214.0,26.6,1.978131821356703,0,3.0,Overweight,60+,2.0,3.0,test
119693,37.0,22.0,23.0,274.0,33.7,0.6194552300819667,0,5.9,Obese,18-39,2.0,7.0,proper_train
119694,20.0,15.0,10.0,396.0,19.5,0.2395664894066954,0,3.3,Normal,18-39,2.0,3.0,proper_train
119695,80.0,28.0,21.0,222.0,26.7,2.2018381717505537,0,3.9,Overweight,60+,2.0,3.0,proper_train
119696,45.0,12.0,17.0,366.0,35.0,0.3578394467749175,0,4.6,Obese,40-59,2.0,1.0,proper_train
119698,19.0,14.0,8.0,206.0,23.7,0.4565301063000525,0,4.6,Normal,18-39,2.0,6.0,conformal_calibration
119700,53.0,18.0,13.0,236.0,28.6,1.1211525152518402,0,6.7,Overweight,40-59,2.0,4.0,conformal_calibration
119702,18.0,19.0,14.0,260.0,23.2,0.351551325900189,0,4.4,Normal,18-39,1.0,3.0,proper_train
119703,40.0,16.0,19.0,243.0,35.4,0.6042225089595042,1,11.9,Obese,40-59,1.0,3.0,proper_train
119707,20.0,94.0,126.0,318.0,38.0,0.5266783383599138,1,12.5,Obese,18-39,1.0,6.0,conformal_calibration
119708,80.0,21.0,19.0,215.0,24.3,1.7926438739653197,0,4.7,Normal,60+,1.0,3.0,proper_train
119711,67.0,13.0,9.0,282.0,29.2,1.029550827423168,0,5.3,Overweight,60+,2.0,4.0,test
119712,80.0,23.0,17.0,179.0,33.3,2.4931036316583945,0,4.4,Obese,60+,1.0,2.0,proper_train
119716,73.0,20.0,25.0,195.0,37.2,1.4974358974358974,1,9.1,Obese,60+,2.0,3.0,proper_train
119727,24.0,23.0,20.0,263.0,16.3,0.4693192104866478,0,5.7,Underweight,18-39,1.0,3.0,proper_train
119731,69.0,26.0,33.0,236.0,36.1,1.3232852321378048,0,6.1,Obese,60+,1.0,3.0,test
119734,73.0,30.0,26.0,182.0,28.3,2.359858988750676,0,7.1,Overweight,60+,1.0,3.0,proper_train
119735,70.0,22.0,23.0,242.0,33.8,1.3269099076359303,0,6.6,Obese,60+,1.0,3.0,proper_train
119737,22.0,16.0,21.0,269.0,33.5,0.28554906082925396,0,6.6,Obese,18-39,2.0,1.0,proper_train
119738,66.0,29.0,24.0,208.0,36.5,1.8783346825669083,0,5.9,Obese,60+,1.0,4.0,proper_train
119742,35.0,23.0,21.0,271.0,29.3,0.6482118141696452,0,4.8,Overweight,18-39,1.0,3.0,proper_train
119743,28.0,14.0,23.0,290.0,32.1,0.2818539665874942,0,5.7,Obese,18-39,1.0,7.0,test
119745,45.0,18.0,14.0,232.0,54.5,0.9331103704701024,1,9.0,Obese,40-59,2.0,4.0,proper_train
119746,58.0,22.0,27.0,256.0,29.1,0.959243415997347,0,5.1,Overweight,40-59,1.0,2.0,proper_train
119750,67.0,15.0,15.0,289.0,22.1,0.8978888726501624,0,3.0,Normal,60+,2.0,6.0,proper_train
119751,72.0,16.0,13.0,295.0,34.0,1.0830756373753625,0,3.6,Obese,60+,2.0,3.0,conformal_calibration
119752,69.0,19.0,18.0,272.0,31.9,1.1360502330092694,0,4.0,Obese,60+,2.0,3.0,proper_train
119753,46.0,30.0,46.0,164.0,34.9,1.2406701188643785,1,8.9,Obese,40-59,2.0,3.0,proper_train
119755,75.0,24.0,16.0,190.0,21.0,2.3684210526315788,0,5.3,Normal,60+,2.0,6.0,proper_train
119758,19.0,15.0,11.0,243.0,36.7,0.3536244164800932,0,4.6,Obese,18-39,2.0,1.0,proper_train
119759,36.0,19.0,31.0,252.0,26.5,0.4875001055012462,0,3.9,Overweight,18-39,2.0,2.0,test
119761,36.0,19.0,21.0,374.0,28.7,0.3990936816080717,0,4.5,Overweight,18-39,1.0,2.0,proper_train
119762,62.0,29.0,28.0,374.0,39.8,0.9085295754954419,0,7.0,Obese,60+,2.0,3.0,proper_train
119765,80.0,19.0,12.0,140.0,24.6,3.1341871756008257,1,9.5,Normal,60+,1.0,4.0,test
119766,61.0,24.0,21.0,120.0,22.4,2.6622582608791068,0,4.8,Normal,60+,1.0,6.0,conformal_calibration
119768,54.0,24.0,13.0,187.0,27.9,1.922169663924858,0,4.3,Overweight,40-59,1.0,4.0,test
119769,70.0,21.0,28.0,255.0,29.5,1.0894270104383608,0,6.3,Overweight,60+,2.0,3.0,proper_train
119772,36.0,23.0,30.0,213.0,25.1,0.7097250040912012,0,4.9,Overweight,18-39,1.0,3.0,proper_train
119773,19.0,16.0,12.0,174.0,24.3,0.5043519592920869,0,6.1,Normal,18-39,1.0,6.0,test
119775,67.0,18.0,20.0,186.0,22.0,1.4498376241208313,0,4.3,Normal,60+,2.0,6.0,test
119776,19.0,25.0,43.0,444.0,41.7,0.16314599303600727,0,4.0,Obese,18-39,2.0,4.0,test
119777,80.0,11.0,6.0,308.0,37.6,1.1664236870396087,0,4.9,Obese,60+,2.0,4.0,proper_train
119779,67.0,21.0,16.0,251.0,28.5,1.401394422310757,0,6.0,Overweight,60+,1.0,2.0,proper_train
119780,42.0,19.0,10.0,273.0,48.9,0.9243580852799876,0,6.1,Obese,40-59,2.0,3.0,proper_train
119781,40.0,37.0,50.0,250.0,33.3,0.8372144289248722,0,5.4,Obese,40-59,1.0,3.0,proper_train
119787,60.0,22.0,19.0,230.0,28.2,1.3166468204745283,0,4.5,Overweight,60+,1.0,6.0,conformal_calibration
119788,80.0,14.0,8.0,160.0,25.8,2.4748737341529163,0,5.6,Overweight,60+,1.0,3.0,proper_train
119791,66.0,15.0,8.0,207.0,20.4,1.6909075202287005,0,4.9,Normal,60+,1.0,4.0,proper_train
119795,67.0,20.0,18.0,218.0,24.8,1.4488120593118865,0,4.0,Normal,60+,2.0,3.0,proper_train
119798,68.0,22.0,24.0,186.0,32.0,1.6417726949837073,0,6.1,Obese,60+,1.0,3.0,proper_train
119799,70.0,28.0,24.0,188.0,23.0,2.128102790715882,0,4.3,Normal,60+,2.0,6.0,test
119800,54.0,24.0,36.0,225.0,39.8,0.96,1,9.5,Obese,40-59,1.0,3.0,proper_train
119801,48.0,19.0,25.0,306.0,32.8,0.596078431372549,0,3.8,Obese,40-59,2.0,6.0,proper_train
119802,27.0,20.0,7.0,322.0,32.4,0.6338534640527413,0,6.2,Obese,18-39,1.0,3.0,proper_train
119806,56.0,15.0,23.0,254.0,34.7,0.6895752275903261,0,3.6,Obese,40-59,1.0,1.0,conformal_calibration
119807,58.0,28.0,37.0,234.0,29.9,1.140957074290172,0,4.4,Overweight,40-59,1.0,3.0,test
119808,78.0,18.0,14.0,168.0,33.4,2.2335403788395465,0,6.4,Obese,60+,1.0,4.0,test
119810,20.0,21.0,25.0,221.0,26.3,0.38009049773755654,0,5.6,Overweight,18-39,2.0,3.0,proper_train
119811,45.0,26.0,32.0,277.0,29.7,0.7466741281482495,0,5.1,Overweight,40-59,1.0,4.0,test
119813,60.0,14.0,10.0,292.0,23.9,0.9096963131991227,0,3.8,Normal,60+,2.0,4.0,test
119814,71.0,9.0,6.0,214.0,28.1,1.2190217645159276,0,4.3,Overweight,60+,2.0,4.0,proper_train
119815,19.0,17.0,11.0,252.0,20.4,0.38646096943895897,0,4.3,Normal,18-39,2.0,4.0,proper_train
119817,50.0,18.0,42.0,231.0,29.1,0.6011818829691893,0,4.1,Overweight,40-59,1.0,3.0,proper_train
119821,80.0,36.0,18.0,382.0,29.9,1.7770222773274493,0,6.6,Overweight,60+,1.0,7.0,proper_train
119825,51.0,16.0,11.0,245.0,25.2,1.0042173762263473,0,4.4,Overweight,40-59,2.0,3.0,proper_train
119829,35.0,18.0,13.0,182.0,31.1,0.9600580319282812,0,7.1,Obese,18-39,2.0,4.0,proper_train
119830,33.0,17.0,12.0,218.0,20.9,0.7428750023288534,0,3.2,Normal,18-39,2.0,4.0,conformal_calibration
119831,20.0,14.0,10.0,221.0,22.6,0.40065056327925164,0,4.5,Normal,18-39,2.0,6.0,conformal_calibration
119832,41.0,15.0,14.0,286.0,28.3,0.5747051180983951,0,3.1,Overweight,40-59,2.0,2.0,proper_train
119834,52.0,18.0,12.0,216.0,34.4,1.2509255832441892,0,4.1,Obese,40-59,1.0,3.0,proper_train
119839,68.0,22.0,24.0,270.0,30.2,1.1309989676554428,0,6.1,Obese,60+,2.0,2.0,proper_train
119841,45.0,16.0,17.0,229.0,32.7,0.7625574236950207,0,3.5,Obese,40-59,2.0,3.0,proper_train
119842,40.0,25.0,43.0,322.0,37.8,0.4735980445111947,0,6.1,Obese,40-59,1.0,3.0,proper_train
119843,58.0,22.0,31.0,271.0,33.7,0.8456692449673978,0,5.6,Obese,40-59,1.0,3.0,proper_train
119846,37.0,88.0,101.0,228.0,31.9,1.4209829347911074,0,6.4,Obese,18-39,1.0,4.0,conformal_calibration
119848,56.0,16.0,12.0,254.0,29.5,1.0183185850273715,0,4.9,Overweight,40-59,2.0,2.0,test
119852,42.0,16.0,14.0,232.0,27.6,0.7741360110566775,0,3.7,Overweight,40-59,1.0,4.0,proper_train
119854,46.0,31.0,25.0,190.0,22.9,1.5010526315789474,0,3.2,Normal,40-59,2.0,6.0,conformal_calibration
119855,50.0,15.0,16.0,151.0,25.9,1.2417218543046358,0,6.3,Overweight,40-59,1.0,6.0,proper_train
119859,25.0,24.0,22.0,218.0,32.1,0.5867909624466342,0,7.4,Obese,18-39,1.0,3.0,proper_train
119864,80.0,19.0,18.0,180.0,25.0,1.9903746433399119,0,4.4,Overweight,60+,1.0,3.0,conformal_calibration
119870,65.0,38.0,15.0,216.0,34.9,2.9525521188679997,0,5.6,Obese,60+,1.0,4.0,conformal_calibration
119871,39.0,19.0,28.0,540.0,47.6,0.25932562453688646,1,8.6,Obese,18-39,2.0,4.0,proper_train
119873,19.0,20.0,30.0,164.0,26.0,0.42303774766659175,0,4.1,Overweight,18-39,1.0,3.0,proper_train
119875,36.0,61.0,65.0,197.0,20.6,1.382641000801532,1,16.8,Normal,18-39,2.0,3.0,proper_train
119876,60.0,20.0,26.0,231.0,23.3,1.0187851176009561,0,4.9,Normal,60+,1.0,6.0,test
119878,30.0,16.0,16.0,241.0,21.2,0.4979253112033195,0,4.6,Normal,18-39,2.0,4.0,test
119879,42.0,29.0,24.0,290.0,23.5,0.8573214099741124,0,6.1,Normal,40-59,2.0,3.0,test
119880,25.0,13.0,9.0,312.0,18.9,0.3472222222222222,0,6.0,Normal,18-39,2.0,3.0,proper_train
119882,26.0,20.0,19.0,278.0,50.5,0.42912295544133855,0,5.5,Obese,18-39,2.0,4.0,proper_train
119885,58.0,18.0,9.0,258.0,37.8,1.3488372093023255,0,3.1,Obese,40-59,2.0,4.0,proper_train
119886,73.0,30.0,38.0,230.0,31.5,1.5446300533755217,0,7.5,Obese,60+,2.0,4.0,proper_train
119887,20.0,13.0,8.0,291.0,18.9,0.31588962733419645,0,4.6,Normal,18-39,2.0,2.0,proper_train
119889,80.0,16.0,9.0,304.0,28.7,1.4035087719298245,0,6.6,Overweight,60+,2.0,3.0,test
119890,51.0,15.0,13.0,242.0,32.9,0.876747210975827,0,2.5,Obese,40-59,2.0,3.0,proper_train
119892,24.0,10.0,11.0,271.0,34.0,0.26702111696923714,0,4.2,Obese,18-39,2.0,4.0,proper_train
119896,43.0,66.0,45.0,155.0,32.1,2.729445557051356,0,6.5,Obese,40-59,2.0,4.0,proper_train
119897,32.0,26.0,32.0,219.0,27.9,0.6715900022228397,0,4.5,Overweight,18-39,1.0,4.0,proper_train
119898,28.0,23.0,14.0,215.0,18.0,0.8005406501934945,0,3.5,Underweight,18-39,2.0,4.0,proper_train
119901,30.0,18.0,14.0,244.0,20.9,0.5914797976750376,0,4.6,Normal,18-39,2.0,3.0,proper_train
119905,52.0,17.0,10.0,212.0,40.9,1.3186101186739845,0,4.3,Obese,40-59,1.0,4.0,conformal_calibration
119907,22.0,27.0,46.0,213.0,24.1,0.41117615941788216,0,3.2,Normal,18-39,2.0,2.0,conformal_calibration
119908,19.0,14.0,16.0,339.0,36.4,0.19616519174041297,0,5.0,Obese,18-39,2.0,1.0,proper_train
119911,69.0,19.0,17.0,199.0,38.7,1.5978100724755404,0,3.3,Obese,60+,1.0,3.0,proper_train
119913,80.0,16.0,14.0,226.0,26.4,1.5136919895924923,0,3.3,Overweight,60+,1.0,3.0,proper_train
119915,25.0,16.0,10.0,191.0,19.0,0.6622571016059433,0,4.9,Normal,18-39,1.0,4.0,test
119918,68.0,16.0,9.0,229.0,29.5,1.5836972343522562,0,4.7,Overweight,60+,2.0,4.0,proper_train
119923,69.0,17.0,18.0,208.0,45.3,1.3292247665574044,1,23.7,Obese,60+,2.0,3.0,test
119927,18.0,13.0,15.0,363.0,28.8,0.16644225950643443,0,3.6,Overweight,18-39,2.0,3.0,conformal_calibration
119928,58.0,19.0,14.0,216.0,21.2,1.363527261979128,0,2.8,Normal,40-59,2.0,6.0,proper_train
119929,18.0,11.0,10.0,268.0,25.5,0.23363096146020115,0,3.4,Overweight,18-39,2.0,3.0,conformal_calibration
119930,18.0,14.0,9.0,262.0,20.9,0.32061068702290074,0,2.6,Normal,18-39,2.0,6.0,test
119935,38.0,14.0,12.0,208.0,25.6,0.7383421711751945,0,3.2,Overweight,18-39,2.0,1.0,proper_train
119936,30.0,20.0,22.0,249.0,21.5,0.5137366659171336,0,4.4,Normal,18-39,2.0,6.0,test
119937,37.0,14.0,12.0,359.0,82.0,0.41652846718694453,1,8.8,Obese,18-39,2.0,4.0,proper_train
119939,58.0,34.0,27.0,241.0,29.0,1.574736833806282,0,3.3,Overweight,40-59,1.0,6.0,proper_train
119941,80.0,23.0,22.0,130.0,22.6,3.0176101391871013,0,5.5,Normal,60+,2.0,3.0,proper_train
119942,67.0,18.0,19.0,254.0,36.0,1.0892731301098326,1,9.1,Obese,60+,2.0,6.0,conformal_calibration
119944,65.0,16.0,12.0,240.0,58.2,1.2509255832441892,1,11.6,Obese,60+,2.0,4.0,proper_train
119947,40.0,22.0,33.0,246.0,27.3,0.6227168180529028,0,4.5,Overweight,40-59,1.0,2.0,proper_train
119948,62.0,23.0,18.0,248.0,26.5,1.3552879972742162,0,5.5,Overweight,60+,1.0,3.0,conformal_calibration
119949,24.0,32.0,56.0,252.0,27.5,0.40725522577131335,0,5.1,Overweight,18-39,2.0,1.0,proper_train
119951,75.0,17.0,18.0,264.0,27.6,1.1383347803192527,0,2.8,Overweight,60+,1.0,1.0,proper_train
119953,29.0,15.0,17.0,237.0,38.9,0.4451603244337757,0,4.1,Obese,18-39,2.0,4.0,test
119958,30.0,19.0,35.0,291.0,44.9,0.3310913575225117,0,6.8,Obese,18-39,1.0,3.0,proper_train
119959,59.0,21.0,23.0,192.0,29.3,1.3455695782120607,0,4.1,Overweight,40-59,1.0,3.0,proper_train
119960,45.0,11.0,9.0,350.0,27.7,0.4714285714285714,0,3.9,Overweight,40-59,2.0,4.0,test
119964,54.0,489.0,682.0,104.0,18.8,9.722480758494218,0,6.4,Normal,40-59,1.0,6.0,test
119965,29.0,19.0,11.0,212.0,18.6,0.7836450512374894,0,3.4,Normal,18-39,1.0,3.0,conformal_calibration
119966,66.0,21.0,15.0,192.0,26.2,1.863873235362319,0,4.6,Overweight,60+,1.0,4.0,proper_train
119968,70.0,13.0,12.0,211.0,43.2,1.244997025977629,0,4.9,Obese,60+,1.0,3.0,test
119970,36.0,12.0,7.0,268.0,21.3,0.6092561654477096,0,4.6,Normal,18-39,2.0,2.0,test
119972,80.0,18.0,18.0,170.0,31.0,1.9965367939384873,0,5.7,Obese,60+,1.0,3.0,proper_train
119975,19.0,15.0,10.0,299.0,16.7,0.3014211147652134,0,3.9,Underweight,18-39,2.0,7.0,test
119978,29.0,12.0,9.0,369.0,42.2,0.3143631436314363,0,3.9,Obese,18-39,2.0,4.0,test
119980,22.0,64.0,118.0,409.0,24.0,0.31691175110044967,0,4.5,Normal,18-39,1.0,7.0,proper_train
119981,33.0,13.0,10.0,233.0,20.7,0.582239105670487,0,3.6,Normal,18-39,2.0,1.0,test
119982,32.0,18.0,16.0,265.0,25.4,0.5433962264150943,0,6.3,Overweight,18-39,1.0,4.0,conformal_calibration
119987,40.0,28.0,69.0,218.0,29.9,0.6184961259452363,0,4.3,Overweight,40-59,1.0,7.0,proper_train
119988,19.0,19.0,9.0,463.0,18.2,0.2598992080633549,0,3.6,Underweight,18-39,2.0,4.0,proper_train
119989,33.0,18.0,13.0,248.0,26.5,0.6642982188665043,0,5.5,Overweight,18-39,2.0,4.0,proper_train
119994,55.0,11.0,13.0,215.0,22.3,0.780450276084334,0,4.9,Normal,40-59,2.0,7.0,proper_train
119995,19.0,16.0,19.0,199.0,22.2,0.35046423666658677,0,4.2,Normal,18-39,1.0,3.0,proper_train
119996,53.0,17.0,15.0,454.0,28.1,0.5124167393440356,1,16.4,Overweight,40-59,2.0,4.0,proper_train
119997,18.0,24.0,41.0,315.0,44.3,0.2141811591615169,0,4.9,Obese,18-39,1.0,3.0,proper_train
120000,29.0,21.0,23.0,459.0,42.7,0.27665637943520377,0,7.0,Obese,18-39,2.0,7.0,proper_train
120001,57.0,28.0,25.0,317.0,31.6,1.0069400630914827,0,6.5,Obese,40-59,2.0,4.0,test
120003,53.0,16.0,32.0,178.0,34.7,0.8421721214131914,0,4.5,Obese,40-59,1.0,4.0,proper_train
120004,19.0,41.0,90.0,261.0,38.5,0.31461229850206485,0,5.9,Obese,18-39,1.0,1.0,conformal_calibration
120005,41.0,24.0,27.0,282.0,33.3,0.6715279726744583,0,5.1,Obese,40-59,1.0,4.0,conformal_calibration
120010,61.0,19.0,23.0,149.0,44.8,1.6219342677325481,0,6.9,Obese,60+,2.0,3.0,proper_train
120011,34.0,25.0,21.0,323.0,28.5,0.5742576058841905,0,7.4,Overweight,18-39,1.0,4.0,conformal_calibration
120013,62.0,20.0,19.0,237.0,39.5,1.2003186075928123,0,6.2,Obese,60+,1.0,2.0,proper_train
120016,33.0,24.0,34.0,285.0,42.9,0.47658554186970875,1,9.2,Obese,18-39,1.0,3.0,proper_train
120017,45.0,17.0,6.0,429.0,30.9,0.7279952032747208,0,6.6,Obese,40-59,2.0,6.0,test
120018,30.0,9.0,9.0,384.0,42.2,0.234375,0,3.5,Obese,18-39,2.0,4.0,test
120020,18.0,12.0,9.0,330.0,26.1,0.21818181818181817,0,5.8,Overweight,18-39,2.0,3.0,conformal_calibration
120021,56.0,16.0,29.0,234.0,37.6,0.7110385598574294,0,5.4,Obese,40-59,2.0,4.0,proper_train
120022,56.0,16.0,13.0,217.0,22.4,1.145187501884344,0,3.4,Normal,40-59,1.0,3.0,test
120025,36.0,11.0,12.0,223.0,29.5,0.5126249026885467,0,5.6,Overweight,18-39,2.0,1.0,conformal_calibration
120026,60.0,18.0,13.0,322.0,18.3,0.9302425650982103,0,5.3,Underweight,60+,2.0,6.0,proper_train
120027,36.0,13.0,10.0,233.0,26.2,0.635169933458713,0,7.3,Overweight,18-39,1.0,4.0,proper_train
120029,28.0,20.0,12.0,211.0,23.7,0.7661520159862333,0,3.3,Normal,18-39,1.0,3.0,test
120030,34.0,48.0,38.0,217.0,26.0,1.2200246971677626,0,3.8,Overweight,18-39,1.0,4.0,test
120039,31.0,27.0,29.0,288.0,24.8,0.539677076577057,0,3.6,Normal,18-39,1.0,3.0,proper_train
120040,67.0,13.0,17.0,381.0,38.1,0.5544580824321418,0,4.2,Obese,60+,1.0,4.0,proper_train
120041,62.0,12.0,9.0,295.0,28.6,0.8406779661016949,0,4.9,Overweight,60+,1.0,4.0,proper_train
120043,53.0,25.0,29.0,175.0,27.0,1.4059789890548213,0,2.3,Overweight,40-59,1.0,2.0,proper_train
120045,66.0,29.0,26.0,224.0,29.4,1.6757423332789476,0,6.6,Overweight,60+,2.0,1.0,test
120048,23.0,13.0,10.0,213.0,21.4,0.44390658234288516,0,3.0,Normal,18-39,2.0,4.0,proper_train
120049,75.0,22.0,21.0,246.0,25.7,1.4636565808511683,0,6.1,Overweight,60+,1.0,3.0,proper_train
120052,72.0,13.0,11.0,316.0,32.5,0.8930842358379328,0,6.5,Obese,60+,1.0,3.0,test
120053,23.0,15.0,20.0,268.0,22.7,0.2878520344169505,0,4.7,Normal,18-39,2.0,1.0,test
120055,39.0,38.0,36.0,324.0,23.8,0.7623456790123457,0,4.5,Normal,18-39,2.0,3.0,proper_train
120056,57.0,13.0,14.0,258.0,31.5,0.7675991482833584,0,5.9,Obese,40-59,2.0,2.0,proper_train
120062,68.0,15.0,11.0,303.0,30.0,1.014988684717224,0,2.8,Obese,60+,2.0,3.0,proper_train
120063,63.0,13.0,8.0,167.0,23.2,1.7338935742268935,0,3.5,Normal,60+,1.0,3.0,test
120064,70.0,20.0,29.0,353.0,36.2,0.736468763308421,1,8.8,Obese,60+,1.0,3.0,proper_train
120065,23.0,16.0,11.0,319.0,21.6,0.34782499938751416,0,2.7,Normal,18-39,2.0,7.0,test
120068,21.0,15.0,13.0,263.0,26.5,0.3321873798687209,0,3.5,Overweight,18-39,2.0,7.0,conformal_calibration
120069,23.0,23.0,31.0,311.0,38.3,0.30550226614843706,0,6.5,Obese,18-39,1.0,1.0,test
120076,45.0,19.0,18.0,408.0,46.0,0.4939348839170737,0,6.4,Obese,40-59,2.0,4.0,proper_train
120078,69.0,20.0,16.0,216.0,31.7,1.5972222222222223,0,3.9,Obese,60+,2.0,4.0,proper_train
120079,24.0,14.0,12.0,270.0,27.7,0.35924016749576715,0,3.4,Overweight,18-39,2.0,3.0,proper_train
120080,61.0,26.0,28.0,192.0,36.1,1.561072016126652,0,3.9,Obese,60+,1.0,2.0,conformal_calibration
120082,36.0,13.0,14.0,200.0,26.3,0.6253913060750731,0,6.7,Overweight,18-39,1.0,4.0,conformal_calibration
120084,33.0,17.0,9.0,213.0,23.8,0.8779342723004695,0,3.9,Normal,18-39,2.0,3.0,proper_train
120089,69.0,17.0,17.0,220.0,28.6,1.2931558553073572,0,4.6,Overweight,60+,1.0,6.0,conformal_calibration
120090,45.0,42.0,29.0,188.0,23.3,1.8668307933756811,0,3.8,Normal,40-59,2.0,1.0,test
120091,75.0,19.0,14.0,293.0,23.3,1.2998200331918253,0,2.4,Normal,60+,2.0,4.0,test
120097,70.0,27.0,25.0,207.0,24.0,1.826086956521739,0,4.8,Normal,60+,2.0,6.0,conformal_calibration
120099,18.0,14.0,13.0,390.0,45.9,0.1792108326266125,0,6.4,Obese,18-39,2.0,4.0,proper_train
120101,21.0,20.0,19.0,170.0,22.4,0.566791813091976,0,6.0,Normal,18-39,1.0,4.0,test
120103,76.0,24.0,24.0,201.0,29.0,1.8523504522539458,0,3.9,Overweight,60+,1.0,3.0,conformal_calibration
120104,38.0,15.0,10.0,262.0,29.9,0.6879764375175481,0,4.9,Overweight,18-39,2.0,1.0,conformal_calibration
120105,24.0,26.0,18.0,302.0,62.0,0.48701394200927783,1,20.7,Obese,18-39,1.0,4.0,test
120106,30.0,24.0,31.0,279.0,30.5,0.4634975536174836,0,4.3,Obese,18-39,2.0,4.0,test
120107,55.0,23.0,33.0,247.0,24.3,0.8915313149148087,0,5.3,Normal,40-59,1.0,6.0,test
120110,50.0,15.0,15.0,265.0,24.0,0.7307515747561163,0,2.7,Normal,40-59,2.0,6.0,test
120111,43.0,24.0,35.0,242.0,33.0,0.7208257775866356,0,3.8,Obese,40-59,1.0,3.0,test
120115,46.0,16.0,14.0,246.0,20.0,0.799610870111969,0,3.6,Normal,40-59,2.0,1.0,test
120116,50.0,26.0,24.0,174.0,27.7,1.525065452882247,0,6.4,Overweight,40-59,1.0,4.0,test
120117,68.0,18.0,17.0,174.0,33.6,1.7061126726693767,0,4.1,Obese,60+,1.0,2.0,test
120119,62.0,27.0,23.0,153.0,25.8,2.2813930008597594,0,5.3,Overweight,60+,1.0,6.0,proper_train
120121,30.0,26.0,39.0,200.0,32.6,0.6244997998398398,0,7.8,Obese,18-39,1.0,1.0,test
120124,57.0,25.0,19.0,337.0,21.4,0.9700813672568264,0,4.0,Normal,40-59,1.0,3.0,conformal_calibration
120126,33.0,41.0,52.0,208.0,68.2,0.9020545258326143,1,69.7,Obese,18-39,1.0,7.0,proper_train
120127,62.0,27.0,23.0,297.0,32.2,1.175263061048967,0,3.7,Obese,60+,2.0,3.0,test
120129,37.0,16.0,8.0,258.0,18.9,0.8112542915938684,0,3.9,Normal,18-39,2.0,2.0,proper_train
120131,50.0,18.0,9.0,288.0,18.4,1.0416666666666667,0,6.4,Underweight,40-59,1.0,3.0,proper_train
120136,68.0,28.0,31.0,168.0,21.9,2.035526756303449,0,3.0,Normal,60+,2.0,6.0,conformal_calibration
120137,35.0,20.0,18.0,350.0,29.1,0.4714045207910317,0,3.6,Overweight,18-39,2.0,6.0,proper_train
120142,45.0,18.0,20.0,268.0,22.8,0.675826515587623,0,4.2,Normal,40-59,1.0,4.0,proper_train
120145,31.0,17.0,17.0,199.0,31.8,0.6422928361514948,0,6.4,Obese,18-39,1.0,4.0,proper_train
120147,35.0,17.0,13.0,243.0,25.5,0.6791082649259492,0,3.1,Overweight,18-39,1.0,1.0,conformal_calibration
120149,42.0,19.0,23.0,237.0,31.6,0.7020865080909101,0,2.6,Obese,40-59,2.0,3.0,conformal_calibration
120150,67.0,18.0,19.0,255.0,27.0,1.0850014707760685,0,6.8,Overweight,60+,1.0,2.0,proper_train
120153,23.0,15.0,18.0,329.0,29.6,0.24716498430532818,0,2.8,Overweight,18-39,2.0,2.0,proper_train
120154,23.0,15.0,11.0,183.0,17.9,0.568423026662997,0,3.4,Underweight,18-39,2.0,3.0,proper_train
120156,60.0,17.0,15.0,190.0,21.7,1.3861203554847596,0,4.3,Normal,60+,1.0,3.0,proper_train
120158,66.0,16.0,17.0,254.0,31.0,1.0083370867652268,1,11.9,Obese,60+,1.0,4.0,test
120159,80.0,20.0,10.0,242.0,25.9,2.0907620893675234,0,5.9,Overweight,60+,2.0,3.0,test
120160,27.0,13.0,14.0,397.0,39.2,0.23629394436085885,0,3.9,Obese,18-39,2.0,4.0,proper_train
120165,44.0,18.0,10.0,278.0,18.1,0.9009078801630778,0,4.3,Underweight,40-59,1.0,3.0,proper_train
120169,61.0,19.0,21.0,156.0,38.8,1.621247017843046,1,8.3,Obese,60+,1.0,4.0,conformal_calibration
120173,49.0,39.0,29.0,251.0,40.3,1.4137999651647257,0,7.5,Obese,40-59,1.0,4.0,proper_train
120177,72.0,22.0,16.0,282.0,25.8,1.4042553191489362,0,5.5,Overweight,60+,2.0,6.0,proper_train
120178,33.0,29.0,33.0,297.0,47.9,0.5609168914128042,0,7.1,Obese,18-39,1.0,1.0,proper_train
120179,23.0,26.0,28.0,225.0,19.5,0.5022727885767063,0,3.2,Normal,18-39,2.0,3.0,proper_train
120180,72.0,21.0,15.0,179.0,39.4,2.1809872698195956,1,10.3,Obese,60+,2.0,3.0,proper_train
120181,29.0,74.0,105.0,271.0,27.2,0.7727976223422702,0,6.7,Overweight,18-39,2.0,2.0,test
120183,47.0,15.0,17.0,274.0,38.8,0.6240423928854554,0,6.1,Obese,40-59,1.0,1.0,proper_train
120188,30.0,19.0,29.0,229.0,30.4,0.4622111037594741,0,3.6,Obese,18-39,1.0,3.0,proper_train
120190,80.0,12.0,14.0,284.0,31.4,0.9034182825208713,0,6.5,Obese,60+,1.0,3.0,test
120193,52.0,16.0,18.0,416.0,28.8,0.4714045207910317,0,4.3,Overweight,40-59,2.0,7.0,conformal_calibration
120194,33.0,20.0,14.0,205.0,27.9,0.8604508276204883,0,4.3,Overweight,18-39,2.0,4.0,conformal_calibration
120196,54.0,19.0,21.0,191.0,28.0,1.172207096241509,0,7.7,Overweight,40-59,2.0,3.0,proper_train
120197,58.0,15.0,15.0,250.0,25.0,0.8985321363201206,0,4.4,Overweight,40-59,2.0,3.0,proper_train
120198,29.0,21.0,24.0,369.0,38.7,0.33688781692749675,0,4.0,Obese,18-39,1.0,1.0,proper_train
120202,37.0,14.0,15.0,254.0,30.8,0.5265630901142893,0,2.6,Obese,18-39,1.0,3.0,test
120203,41.0,11.0,9.0,330.0,30.8,0.45555555555555555,0,6.4,Obese,40-59,2.0,4.0,conformal_calibration
120204,55.0,17.0,12.0,187.0,38.1,1.4433756729740645,0,7.4,Obese,40-59,2.0,4.0,proper_train
120208,80.0,28.0,20.0,152.0,22.7,3.2952580721049527,0,3.2,Normal,60+,1.0,3.0,test
120209,23.0,22.0,35.0,333.0,38.8,0.2568456774129906,0,4.5,Obese,18-39,1.0,3.0,conformal_calibration
120211,52.0,17.0,12.0,362.0,28.7,0.7049414889000404,0,3.9,Overweight,40-59,2.0,6.0,proper_train
120212,61.0,16.0,16.0,223.0,29.9,1.094170403587444,0,5.3,Overweight,60+,1.0,4.0,proper_train
120214,67.0,24.0,26.0,270.0,19.2,1.1679805381562962,0,5.6,Normal,60+,2.0,3.0,proper_train
120223,80.0,19.0,17.0,184.0,24.3,2.0035551633436204,0,6.5,Normal,60+,1.0,3.0,proper_train
120224,68.0,26.0,19.0,351.0,28.3,1.1555755483850518,0,7.2,Overweight,60+,1.0,4.0,proper_train
120228,48.0,22.0,31.0,198.0,23.6,0.9578949441427995,0,4.9,Normal,40-59,1.0,6.0,test
120229,43.0,21.0,17.0,133.0,26.7,1.6466892436677345,0,6.0,Overweight,40-59,1.0,7.0,conformal_calibration
120230,20.0,15.0,15.0,415.0,34.0,0.1866497998172249,0,3.9,Obese,18-39,2.0,3.0,test
120231,33.0,27.0,33.0,262.0,35.2,0.591996913956209,0,6.6,Obese,18-39,1.0,2.0,test
120239,23.0,15.0,15.0,396.0,32.1,0.22494600243123883,0,4.5,Obese,18-39,2.0,4.0,test
120241,75.0,16.0,12.0,233.0,36.7,1.486738890617062,0,5.4,Obese,60+,2.0,4.0,proper_train
120246,34.0,32.0,63.0,253.0,29.6,0.5417988756706709,0,7.0,Overweight,18-39,1.0,3.0,proper_train
120247,58.0,18.0,15.0,205.0,22.9,1.31492507754164,0,3.4,Normal,40-59,1.0,6.0,test
120248,69.0,22.0,18.0,201.0,40.1,1.7800797576138958,1,11.1,Obese,60+,2.0,3.0,test
120249,35.0,65.0,96.0,228.0,24.3,1.0183825228128163,0,4.4,Normal,18-39,1.0,3.0,test
120250,18.0,16.0,14.0,352.0,26.9,0.21866828883743814,0,4.3,Overweight,18-39,1.0,3.0,test
120251,64.0,21.0,22.0,220.0,33.9,1.302462558099729,0,2.7,Obese,60+,2.0,3.0,proper_train
120252,58.0,21.0,21.0,236.0,28.3,1.1262262301162658,0,6.9,Overweight,40-59,1.0,3.0,test
120257,70.0,23.0,28.0,132.0,28.7,2.3050106119123326,0,4.8,Overweight,60+,1.0,3.0,proper_train
120258,59.0,21.0,23.0,239.0,27.1,1.080959661157806,0,4.3,Overweight,40-59,2.0,2.0,proper_train
120259,61.0,23.0,17.0,397.0,37.7,0.8571221207203404,0,6.4,Obese,60+,2.0,4.0,proper_train
120260,40.0,17.0,26.0,177.0,34.4,0.7534405191749444,0,4.5,Obese,40-59,1.0,2.0,test
120268,47.0,22.0,28.0,247.0,37.6,0.791124018403929,0,3.6,Obese,40-59,2.0,1.0,conformal_calibration
120273,55.0,21.0,8.0,438.0,20.4,0.9323154477973314,0,7.2,Normal,40-59,2.0,3.0,conformal_calibration
120278,64.0,26.0,25.0,237.0,25.5,1.4042194092827005,0,5.5,Overweight,60+,1.0,3.0,proper_train
120279,52.0,24.0,27.0,229.0,23.7,1.0488109693575733,0,4.5,Normal,40-59,2.0,6.0,proper_train
120283,22.0,21.0,19.0,207.0,21.0,0.5120293190734276,0,6.0,Normal,18-39,2.0,2.0,proper_train
120285,68.0,25.0,20.0,150.0,24.9,2.5342103744997613,0,2.9,Normal,60+,1.0,2.0,proper_train
120286,62.0,13.0,11.0,254.0,27.3,0.9567643453924309,0,4.5,Overweight,60+,2.0,1.0,proper_train
120287,72.0,17.0,13.0,239.0,27.6,1.4204038497482856,0,3.8,Overweight,60+,1.0,3.0,conformal_calibration
120291,37.0,18.0,9.0,174.0,24.6,1.2758620689655173,0,4.9,Normal,18-39,2.0,3.0,proper_train
120292,60.0,18.0,17.0,190.0,37.2,1.3786235528381032,0,7.5,Obese,60+,2.0,4.0,test
120293,75.0,22.0,23.0,198.0,30.1,1.7376201171422898,0,4.3,Obese,60+,2.0,3.0,test
120296,42.0,20.0,13.0,303.0,29.4,0.768891361104278,0,6.5,Overweight,40-59,2.0,2.0,proper_train
120300,71.0,18.0,22.0,230.0,38.4,1.184654415228131,1,11.9,Obese,60+,2.0,3.0,proper_train
120307,64.0,24.0,20.0,205.0,26.2,1.6754148358242327,0,4.2,Overweight,60+,1.0,6.0,proper_train
120310,52.0,12.0,11.0,314.0,29.9,0.5991817803074029,0,3.6,Overweight,40-59,2.0,4.0,test
120311,65.0,18.0,17.0,299.0,31.2,0.9490524457943464,0,6.5,Obese,60+,2.0,3.0,proper_train
120312,33.0,17.0,20.0,207.0,32.2,0.6060068286847256,0,4.9,Obese,18-39,1.0,3.0,test
120313,37.0,26.0,24.0,233.0,28.0,0.8427786597129533,0,7.6,Overweight,18-39,2.0,4.0,test
120315,61.0,20.0,25.0,230.0,33.5,1.0608695652173914,0,6.1,Obese,60+,1.0,2.0,test
120319,76.0,18.0,15.0,224.0,25.4,1.576857505241591,0,4.6,Overweight,60+,2.0,3.0,conformal_calibration
120322,72.0,16.0,11.0,243.0,41.5,1.429387115035324,0,3.5,Obese,60+,2.0,3.0,proper_train
120325,21.0,16.0,33.0,273.0,31.6,0.21424942271470504,0,5.3,Obese,18-39,2.0,1.0,proper_train
120327,76.0,17.0,13.0,191.0,34.2,1.8761064228350683,0,4.0,Obese,60+,1.0,3.0,proper_train
120329,50.0,10.0,10.0,196.0,21.7,0.8067034847368314,0,3.2,Normal,40-59,1.0,4.0,proper_train
120330,50.0,20.0,38.0,326.0,30.4,0.49761172126000786,0,5.5,Obese,40-59,1.0,3.0,test
120331,23.0,18.0,26.0,299.0,30.3,0.27154541788363945,0,5.3,Obese,18-39,2.0,4.0,test
120332,63.0,18.0,26.0,188.0,30.3,1.1829558364186208,0,5.9,Obese,60+,2.0,2.0,proper_train
120334,22.0,15.0,9.0,238.0,28.2,0.46218487394957986,0,4.3,Overweight,18-39,2.0,3.0,proper_train
120335,24.0,16.0,9.0,198.0,26.3,0.6464646464646465,0,2.7,Overweight,18-39,2.0,6.0,test
120336,54.0,21.0,24.0,209.0,29.3,1.1075444052297145,0,2.7,Overweight,40-59,1.0,1.0,proper_train
120338,66.0,30.0,35.0,233.0,35.2,1.436399505890526,0,3.5,Obese,60+,2.0,3.0,proper_train
120340,78.0,16.0,7.0,381.0,29.0,1.2380568564711696,0,1.6,Overweight,60+,2.0,4.0,proper_train
120343,65.0,19.0,19.0,259.0,28.5,1.0939321672978524,0,3.5,Overweight,60+,2.0,6.0,proper_train
120345,72.0,23.0,19.0,294.0,29.8,1.2922192356790825,0,3.9,Overweight,60+,1.0,3.0,proper_train
120346,58.0,16.0,16.0,266.0,44.3,0.8721804511278195,1,11.9,Obese,40-59,2.0,4.0,proper_train
120350,59.0,21.0,22.0,376.0,28.7,0.7025417222462801,0,3.9,Overweight,40-59,2.0,3.0,proper_train
120352,80.0,20.0,10.0,219.0,23.7,2.310339843045391,0,3.7,Normal,60+,2.0,4.0,proper_train
120353,80.0,27.0,17.0,152.0,18.2,3.446558882095258,0,4.3,Underweight,60+,2.0,3.0,conformal_calibration
120354,21.0,19.0,16.0,193.0,29.7,0.5168393782383419,0,4.4,Overweight,18-39,1.0,6.0,test
120355,23.0,16.0,8.0,288.0,18.4,0.451762665758072,0,4.8,Underweight,18-39,2.0,4.0,proper_train
120358,43.0,21.0,24.0,260.0,34.9,0.7089388582478237,0,3.6,Obese,40-59,1.0,4.0,proper_train
120361,61.0,23.0,17.0,162.0,25.5,2.1004782834936737,0,3.1,Overweight,60+,2.0,4.0,conformal_calibration
120363,45.0,20.0,12.0,208.0,19.0,1.2490751016121713,0,4.6,Normal,40-59,1.0,4.0,proper_train
120364,60.0,15.0,19.0,166.0,35.5,1.2438202438765396,0,3.8,Obese,60+,1.0,1.0,proper_train
120367,23.0,16.0,9.0,181.0,27.9,0.6777163904235728,0,6.0,Overweight,18-39,1.0,2.0,test
120368,25.0,41.0,57.0,268.0,26.9,0.5065842037282351,0,6.1,Overweight,18-39,1.0,7.0,conformal_calibration
120369,62.0,21.0,16.0,181.0,25.4,1.798342541436464,0,6.4,Overweight,60+,2.0,4.0,proper_train
120371,80.0,21.0,20.0,208.0,24.6,1.8060549049036763,0,3.0,Normal,60+,1.0,2.0,proper_train
120373,24.0,15.0,12.0,299.0,33.8,0.34756872392686505,0,5.3,Obese,18-39,2.0,3.0,proper_train
120376,50.0,27.0,20.0,190.0,34.0,1.5887851419077452,0,7.9,Obese,40-59,1.0,4.0,proper_train
120379,62.0,18.0,14.0,335.0,28.9,0.8903389432067631,0,2.9,Overweight,60+,2.0,3.0,proper_train
120380,34.0,21.0,24.0,304.0,36.5,0.4794231568934181,0,2.7,Obese,18-39,1.0,3.0,proper_train
120381,62.0,24.0,29.0,296.0,29.2,0.9334954838089635,0,5.5,Overweight,60+,1.0,1.0,proper_train
120382,58.0,22.0,23.0,290.0,26.6,0.9174634218511291,0,4.8,Overweight,40-59,2.0,6.0,proper_train
120384,78.0,28.0,38.0,195.0,30.9,1.8168799166645404,0,4.9,Obese,60+,2.0,3.0,proper_train
120386,37.0,16.0,19.0,203.0,46.1,0.6690350465584854,0,4.2,Obese,18-39,2.0,4.0,proper_train
120387,65.0,19.0,23.0,234.0,28.8,1.1004927408567835,0,6.1,Overweight,60+,1.0,3.0,proper_train
120388,61.0,20.0,20.0,223.0,26.0,1.223319700694952,0,5.4,Overweight,60+,2.0,3.0,test
120389,18.0,18.0,10.0,274.0,26.2,0.373933562735239,0,5.9,Overweight,18-39,1.0,6.0,test
120392,27.0,11.0,8.0,237.0,28.3,0.44306057808524174,0,2.8,Overweight,18-39,2.0,3.0,test
120393,58.0,17.0,9.0,256.0,28.1,1.2838541666666667,0,5.0,Overweight,40-59,2.0,4.0,conformal_calibration
120395,33.0,19.0,28.0,239.0,33.7,0.4957818505790491,0,6.5,Obese,18-39,1.0,7.0,proper_train
120396,67.0,21.0,23.0,300.0,35.9,0.9779326019276807,0,5.7,Obese,60+,2.0,4.0,test
120398,30.0,27.0,56.0,359.0,37.9,0.30150641497084085,0,5.8,Obese,18-39,1.0,3.0,conformal_calibration
120400,19.0,17.0,16.0,304.0,28.6,0.265625,0,5.3,Overweight,18-39,1.0,6.0,proper_train
120401,77.0,16.0,10.0,205.0,18.5,1.9004517450377774,0,6.7,Underweight,60+,1.0,3.0,proper_train
120403,51.0,13.0,12.0,350.0,42.4,0.5468331835324599,0,3.8,Obese,40-59,2.0,4.0,proper_train
120404,32.0,15.0,12.0,318.0,26.6,0.43573605221858547,0,2.5,Overweight,18-39,2.0,3.0,test
120405,26.0,18.0,12.0,217.0,19.7,0.6225804746100112,0,5.8,Normal,18-39,1.0,3.0,proper_train
120407,42.0,20.0,39.0,304.0,27.8,0.4424593723561618,0,6.0,Overweight,40-59,1.0,2.0,proper_train
120410,51.0,14.0,11.0,277.0,22.4,0.7771808665289648,0,5.2,Normal,40-59,2.0,3.0,conformal_calibration
120411,50.0,21.0,21.0,326.0,54.5,0.7028490329686872,1,10.7,Obese,40-59,2.0,4.0,conformal_calibration
120412,52.0,24.0,33.0,177.0,35.3,1.2273949979249204,1,10.1,Obese,40-59,1.0,3.0,proper_train
120413,28.0,23.0,29.0,207.0,38.4,0.5777188298841615,0,3.9,Obese,18-39,1.0,7.0,proper_train
120414,22.0,21.0,20.0,229.0,23.1,0.451119391093844,0,4.1,Normal,18-39,2.0,3.0,proper_train
120415,22.0,15.0,20.0,313.0,27.0,0.23575157590253373,0,5.5,Overweight,18-39,1.0,1.0,test
120416,72.0,20.0,15.0,142.0,25.6,2.6183549382810702,0,4.0,Overweight,60+,1.0,3.0,proper_train
120418,23.0,17.0,26.0,215.0,31.9,0.3566577155303719,0,5.3,Obese,18-39,1.0,2.0,proper_train
120419,78.0,17.0,14.0,193.0,32.6,1.8362093615330297,0,6.0,Obese,60+,1.0,3.0,proper_train
120420,54.0,24.0,28.0,257.0,26.9,0.9529999163812422,0,4.2,Overweight,40-59,1.0,3.0,proper_train
120422,23.0,38.0,100.0,188.0,35.7,0.4648936170212766,1,8.3,Obese,18-39,1.0,3.0,proper_train
120426,52.0,14.0,17.0,232.0,64.7,0.7610600647691828,0,2.3,Obese,40-59,2.0,4.0,test
120427,19.0,16.0,8.0,260.0,32.8,0.41338550284752007,0,5.4,Obese,18-39,2.0,4.0,conformal_calibration
120428,45.0,15.0,15.0,316.0,31.1,0.5515324385421954,0,5.8,Obese,40-59,2.0,3.0,proper_train
120432,55.0,21.0,28.0,211.0,26.5,1.0344762235205152,0,5.8,Overweight,40-59,1.0,1.0,conformal_calibration
120435,59.0,40.0,13.0,133.0,15.7,4.921400237186244,0,4.6,Underweight,40-59,1.0,4.0,test
120436,59.0,12.0,12.0,320.0,52.0,0.6386937352910236,0,7.1,Obese,40-59,2.0,3.0,test
120440,55.0,13.0,8.0,327.0,29.4,0.7730601659761184,0,4.9,Overweight,40-59,2.0,1.0,proper_train
120441,27.0,19.0,14.0,260.0,22.2,0.5273269888502835,0,3.6,Normal,18-39,2.0,6.0,proper_train
120442,72.0,17.0,16.0,166.0,30.0,1.8433734939759037,0,6.2,Obese,60+,1.0,3.0,test
120443,19.0,14.0,13.0,322.0,29.0,0.2291152984408555,0,3.7,Overweight,18-39,1.0,3.0,conformal_calibration
120444,62.0,12.0,10.0,353.0,26.3,0.6664970479221739,0,6.4,Overweight,60+,2.0,2.0,test
120447,47.0,20.0,16.0,193.0,24.1,1.217616580310881,0,6.2,Normal,40-59,1.0,3.0,conformal_calibration
120450,61.0,20.0,11.0,416.0,24.0,0.8842400009251722,0,2.8,Normal,60+,2.0,3.0,test
120451,21.0,22.0,17.0,296.0,23.4,0.3785522255634657,0,6.4,Normal,18-39,2.0,1.0,proper_train
120452,58.0,12.0,10.0,388.0,43.1,0.5672539307930907,0,5.1,Obese,40-59,2.0,4.0,test
120454,40.0,12.0,10.0,261.0,28.0,0.5815683053183226,0,3.3,Overweight,40-59,2.0,1.0,proper_train
120455,80.0,18.0,11.0,259.0,27.9,1.6763565103937437,0,4.4,Overweight,60+,2.0,3.0,proper_train
120456,54.0,21.0,22.0,352.0,31.9,0.686845489622904,0,5.3,Obese,40-59,1.0,2.0,proper_train
120458,18.0,31.0,41.0,273.0,33.5,0.31921230451956845,0,5.7,Obese,18-39,2.0,3.0,proper_train
120460,20.0,28.0,48.0,267.0,28.6,0.30273047822677007,0,5.0,Overweight,18-39,1.0,6.0,conformal_calibration
120461,18.0,14.0,15.0,240.0,25.7,0.2711088342345192,0,4.1,Overweight,18-39,1.0,3.0,proper_train
120462,61.0,21.0,21.0,171.0,23.6,1.6347199847503289,0,6.5,Normal,60+,2.0,3.0,proper_train
120463,54.0,19.0,16.0,222.0,22.8,1.1554054054054055,0,5.8,Normal,40-59,1.0,3.0,test
120467,41.0,27.0,34.0,196.0,32.8,0.9686170089426391,0,4.8,Obese,40-59,1.0,1.0,proper_train
120468,69.0,20.0,23.0,215.0,28.3,1.3383715879012243,0,6.2,Overweight,60+,1.0,6.0,proper_train
120471,67.0,13.0,8.0,239.0,24.7,1.2884728167646085,0,5.5,Normal,60+,2.0,4.0,conformal_calibration
120472,59.0,16.0,10.0,199.0,33.7,1.500095533265804,0,5.0,Obese,40-59,2.0,4.0,test
120475,37.0,25.0,33.0,262.0,29.4,0.6145871441183989,0,3.7,Overweight,18-39,1.0,2.0,test
120476,43.0,17.0,22.0,202.0,29.4,0.771533285425501,0,6.0,Overweight,40-59,1.0,3.0,conformal_calibration
120478,60.0,44.0,70.0,303.0,28.8,1.041387303182442,0,7.8,Overweight,60+,1.0,6.0,proper_train
120479,39.0,23.0,26.0,210.0,30.0,0.8376960629473861,0,5.6,Obese,18-39,1.0,4.0,test
120480,45.0,27.0,43.0,294.0,30.1,0.6302236835173969,0,4.6,Obese,40-59,1.0,4.0,proper_train
120481,30.0,19.0,15.0,148.0,29.0,0.9944146429451476,0,3.8,Overweight,18-39,2.0,6.0,proper_train
120483,64.0,29.0,26.0,278.0,22.4,1.3093221108506101,0,5.8,Normal,60+,2.0,3.0,test
120484,32.0,16.0,19.0,243.0,27.8,0.4833780071676034,0,4.9,Overweight,18-39,1.0,4.0,proper_train
120485,25.0,19.0,19.0,304.0,33.5,0.3584620841727527,0,6.2,Obese,18-39,1.0,3.0,conformal_calibration
120490,40.0,15.0,12.0,207.0,26.9,0.8367395205646752,1,14.5,Overweight,40-59,2.0,3.0,test
120491,38.0,30.0,30.0,176.0,27.6,1.1825827946134269,0,7.7,Overweight,18-39,1.0,4.0,proper_train
120494,31.0,20.0,12.0,223.0,20.2,0.8025945446133812,0,3.8,Normal,18-39,2.0,3.0,proper_train
120497,64.0,30.0,29.0,211.0,31.5,1.689739570141894,0,5.3,Obese,60+,1.0,4.0,test
120498,18.0,15.0,17.0,262.0,24.2,0.24994129297637369,0,3.2,Normal,18-39,1.0,1.0,proper_train
120500,55.0,34.0,29.0,264.0,26.9,1.3153419787541174,0,6.6,Overweight,40-59,2.0,4.0,proper_train
120509,64.0,21.0,24.0,298.0,31.9,0.9206135946030737,0,3.6,Obese,60+,2.0,3.0,test
120510,50.0,38.0,53.0,181.0,27.9,1.4419064723895532,0,3.5,Overweight,40-59,1.0,4.0,proper_train
120511,28.0,22.0,25.0,397.0,40.3,0.3103274559193955,0,3.6,Obese,18-39,1.0,1.0,test
120512,46.0,12.0,8.0,271.0,26.8,0.720153031761945,0,4.3,Overweight,40-59,2.0,4.0,conformal_calibration
120519,32.0,19.0,41.0,319.0,41.7,0.29766033613878523,0,7.8,Obese,18-39,2.0,4.0,proper_train
120521,73.0,19.0,18.0,216.0,30.7,1.5135140517063912,0,6.1,Obese,60+,1.0,3.0,proper_train
120522,62.0,22.0,20.0,201.0,24.7,1.5174113041341855,0,6.3,Normal,60+,1.0,1.0,proper_train
120523,38.0,12.0,8.0,226.0,22.8,0.7133643633209417,0,4.3,Normal,18-39,2.0,6.0,proper_train
120526,26.0,35.0,116.0,173.0,20.4,0.48838947324022314,0,4.2,Normal,18-39,2.0,3.0,test
120527,55.0,31.0,52.0,201.0,29.8,1.1763231773184275,0,6.4,Overweight,40-59,1.0,1.0,test
120528,59.0,17.0,11.0,265.0,23.7,1.1411919947603657,0,5.0,Normal,40-59,1.0,6.0,test
120529,21.0,15.0,11.0,293.0,28.2,0.32415042164503594,0,6.1,Overweight,18-39,2.0,1.0,conformal_calibration
120531,58.0,21.0,27.0,233.0,33.2,1.0060266493175452,0,6.3,Obese,40-59,2.0,2.0,conformal_calibration
120535,70.0,37.0,28.0,185.0,34.2,2.6457513110645907,0,4.2,Obese,60+,2.0,4.0,proper_train
120538,53.0,17.0,13.0,256.0,28.3,0.976142337497913,0,3.4,Overweight,40-59,2.0,1.0,proper_train
120540,44.0,50.0,80.0,270.0,28.5,0.9109906574999143,0,7.0,Overweight,40-59,1.0,4.0,test
120541,31.0,23.0,26.0,416.0,25.3,0.3361317412344356,0,5.6,Overweight,18-39,1.0,3.0,conformal_calibration
120542,59.0,17.0,19.0,232.0,22.4,0.9918275046214372,0,3.4,Normal,40-59,1.0,3.0,proper_train
120544,70.0,19.0,23.0,212.0,28.8,1.3081328806410824,0,2.9,Overweight,60+,2.0,3.0,proper_train
120545,55.0,12.0,9.0,245.0,33.7,0.8979591836734694,0,4.6,Obese,40-59,2.0,2.0,proper_train
120552,21.0,59.0,115.0,202.0,47.5,0.5719670581236381,1,8.4,Obese,18-39,1.0,1.0,test
120553,32.0,15.0,15.0,264.0,28.0,0.4694525268130202,0,5.0,Overweight,18-39,2.0,7.0,proper_train
120556,76.0,17.0,19.0,193.0,25.3,1.5357778661179575,0,6.9,Overweight,60+,1.0,3.0,proper_train
120557,80.0,13.0,10.0,154.0,21.8,2.1355641341396847,0,3.9,Normal,60+,1.0,4.0,proper_train
120558,45.0,22.0,21.0,169.0,33.9,1.278317818542204,0,5.3,Obese,40-59,1.0,4.0,test
120561,37.0,35.0,65.0,252.0,23.1,0.6374007194167657,0,3.4,Normal,18-39,1.0,1.0,conformal_calibration
120563,62.0,16.0,11.0,236.0,35.5,1.2673697195811082,0,2.9,Obese,60+,1.0,4.0,proper_train
120567,71.0,15.0,9.0,287.0,19.0,1.2369337979094077,0,4.6,Normal,60+,1.0,4.0,test
120570,65.0,41.0,28.0,126.0,22.1,3.997124287974566,1,34.8,Normal,60+,1.0,4.0,test
120571,55.0,21.0,17.0,221.0,22.5,1.2675504385383012,0,5.8,Normal,40-59,2.0,6.0,proper_train
120573,56.0,19.0,22.0,303.0,35.4,0.7486652217899983,0,4.5,Obese,40-59,2.0,4.0,proper_train
120576,28.0,16.0,15.0,181.0,27.1,0.6390779149542993,0,4.6,Overweight,18-39,2.0,1.0,test
120577,56.0,29.0,57.0,370.0,34.3,0.5813623102361165,0,7.0,Obese,40-59,2.0,3.0,proper_train
120581,37.0,18.0,17.0,221.0,28.4,0.7308992139103971,0,6.1,Overweight,18-39,2.0,2.0,proper_train
120584,63.0,23.0,18.0,243.0,26.2,1.4054838490251131,1,9.3,Overweight,60+,2.0,6.0,proper_train
120586,19.0,18.0,18.0,227.0,23.9,0.35511089451659217,0,3.7,Normal,18-39,1.0,3.0,test
120590,80.0,15.0,8.0,248.0,18.6,1.7107422125480987,0,7.3,Normal,60+,2.0,4.0,proper_train
120591,67.0,32.0,14.0,224.0,21.8,2.558071886876062,0,6.3,Normal,60+,2.0,4.0,conformal_calibration
120596,42.0,21.0,16.0,209.0,21.5,1.055023923444976,0,4.8,Normal,40-59,2.0,6.0,conformal_calibration
120597,63.0,20.0,11.0,156.0,25.9,2.4352839369742445,0,4.1,Overweight,60+,2.0,4.0,proper_train
120598,29.0,22.0,21.0,373.0,39.5,0.3732520481784535,0,3.9,Obese,18-39,2.0,4.0,conformal_calibration
120601,24.0,25.0,40.0,201.0,32.4,0.4719817403236387,0,5.5,Obese,18-39,1.0,1.0,test
120603,64.0,16.0,16.0,183.0,24.0,1.3989071038251366,0,5.3,Normal,60+,1.0,2.0,proper_train
120607,49.0,18.0,30.0,344.0,40.1,0.468111720658485,0,2.8,Obese,40-59,2.0,3.0,proper_train
120608,80.0,34.0,33.0,229.0,23.7,2.0676472672467168,0,7.7,Normal,60+,1.0,3.0,test
120609,39.0,16.0,18.0,210.0,24.6,0.7003724308895328,0,6.1,Normal,18-39,1.0,3.0,proper_train
120610,57.0,18.0,18.0,308.0,28.4,0.7851640232655821,0,4.0,Overweight,40-59,1.0,3.0,proper_train
120611,76.0,49.0,26.0,226.0,27.6,3.231577377232732,0,5.6,Overweight,60+,1.0,3.0,proper_train
120613,80.0,39.0,29.0,236.0,28.8,2.4549553182728894,0,8.0,Overweight,60+,2.0,3.0,test
120614,23.0,23.0,59.0,268.0,27.5,0.2569773653315516,0,4.0,Overweight,18-39,1.0,3.0,test
120616,60.0,13.0,25.0,209.0,31.5,0.7464114832535885,0,4.6,Obese,60+,1.0,4.0,test
120617,34.0,34.0,46.0,277.0,36.9,0.6153173332673685,0,5.4,Obese,18-39,1.0,2.0,test
120623,32.0,23.0,25.0,174.0,25.0,0.8459770114942529,0,3.6,Overweight,18-39,1.0,6.0,proper_train
120625,47.0,25.0,24.0,337.0,28.2,0.7117088149778028,0,4.3,Overweight,40-59,1.0,3.0,test
120629,27.0,20.0,15.0,264.0,20.0,0.5281340926646477,0,2.9,Normal,18-39,2.0,2.0,proper_train
120631,48.0,19.0,17.0,328.0,25.3,0.674367347661999,0,4.1,Overweight,40-59,2.0,3.0,proper_train
120635,34.0,12.0,11.0,213.0,37.4,0.5775428572193783,0,5.6,Obese,18-39,2.0,4.0,conformal_calibration
120636,53.0,16.0,14.0,226.0,25.3,1.0028209431050261,1,11.9,Overweight,40-59,1.0,6.0,test
120641,41.0,24.0,27.0,301.0,28.0,0.6291391637680971,0,6.3,Overweight,40-59,1.0,6.0,conformal_calibration
120647,80.0,23.0,20.0,300.0,34.6,1.3714550261998708,0,5.1,Obese,60+,2.0,3.0,proper_train
120651,68.0,31.0,21.0,181.0,30.3,2.5414547658423867,0,7.3,Obese,60+,2.0,4.0,test
120652,60.0,53.0,122.0,239.0,28.1,1.2046178762142632,0,5.0,Overweight,60+,2.0,4.0,proper_train
120653,78.0,26.0,21.0,225.0,22.9,1.9668705839937446,0,4.3,Normal,60+,1.0,1.0,proper_train
120654,20.0,16.0,16.0,254.0,27.7,0.31496062992125984,0,4.7,Overweight,18-39,1.0,2.0,proper_train
120661,20.0,18.0,13.0,248.0,21.5,0.40260498113121473,0,5.3,Normal,18-39,2.0,3.0,proper_train
120662,46.0,16.0,22.0,186.0,31.4,0.8436329421383294,0,4.0,Obese,40-59,1.0,1.0,proper_train
120663,19.0,35.0,58.0,243.0,26.8,0.3593365343691996,0,5.8,Overweight,18-39,1.0,1.0,test
120667,68.0,10.0,14.0,282.0,28.0,0.6444597322710943,0,4.4,Overweight,60+,2.0,3.0,test
120671,57.0,24.0,14.0,261.0,27.8,1.400817543816845,0,6.3,Overweight,40-59,2.0,4.0,test
120676,45.0,18.0,13.0,250.0,25.8,0.8986143178848712,0,3.7,Overweight,40-59,2.0,3.0,proper_train
120677,21.0,53.0,128.0,281.0,30.4,0.35009334851451396,0,3.7,Obese,18-39,1.0,1.0,conformal_calibration
120678,29.0,17.0,33.0,204.0,29.7,0.42068766855960316,0,4.7,Overweight,18-39,1.0,6.0,conformal_calibration
120683,71.0,22.0,21.0,308.0,26.4,1.1066764433396756,0,3.4,Overweight,60+,1.0,3.0,conformal_calibration
120684,26.0,23.0,29.0,227.0,22.8,0.48918860013161686,0,3.1,Normal,18-39,2.0,3.0,proper_train
120687,36.0,36.0,26.0,266.0,20.6,0.9555131997710019,0,3.8,Normal,18-39,2.0,4.0,proper_train
120688,54.0,14.0,15.0,197.0,22.3,0.9908546225830142,0,6.0,Normal,40-59,1.0,4.0,test
120691,80.0,21.0,9.0,266.0,19.8,2.1052631578947367,0,4.7,Normal,60+,2.0,3.0,conformal_calibration
120694,54.0,20.0,27.0,256.0,28.5,0.8118988160479113,0,4.4,Overweight,40-59,1.0,6.0,proper_train
120696,39.0,9.0,12.0,503.0,39.2,0.2014412967053267,0,6.4,Obese,18-39,2.0,4.0,proper_train
120699,71.0,16.0,17.0,279.0,32.1,0.98752856645618,0,4.3,Obese,60+,2.0,2.0,test
120700,58.0,16.0,20.0,365.0,44.1,0.5685126255122752,1,12.5,Obese,40-59,1.0,4.0,conformal_calibration
120708,55.0,23.0,23.0,254.0,29.3,1.0384674558354314,0,5.9,Overweight,40-59,1.0,4.0,test
120709,55.0,46.0,34.0,227.0,31.6,1.9114159489451423,0,3.4,Obese,40-59,1.0,4.0,conformal_calibration
120710,53.0,21.0,11.0,268.0,45.3,1.2521721138621305,0,4.6,Obese,40-59,1.0,4.0,proper_train
120711,32.0,21.0,38.0,295.0,33.4,0.3695348983046523,0,4.5,Obese,18-39,1.0,1.0,test
120717,36.0,16.0,18.0,198.0,38.1,0.6856793029687734,0,3.5,Obese,18-39,2.0,4.0,proper_train
120718,80.0,19.0,14.0,163.0,31.6,2.492252071821381,0,5.3,Obese,60+,1.0,3.0,test
120720,42.0,18.0,23.0,165.0,27.5,0.95537513349787,0,5.5,Overweight,40-59,1.0,3.0,proper_train
120723,38.0,24.0,22.0,245.0,44.5,0.7936287890461906,0,5.8,Obese,18-39,2.0,3.0,proper_train
120727,29.0,19.0,18.0,256.0,42.4,0.5073122870231611,1,8.9,Obese,18-39,2.0,3.0,proper_train
120730,19.0,17.0,21.0,277.0,24.3,0.25445624023908137,0,6.5,Normal,18-39,1.0,3.0,test
120731,36.0,12.0,10.0,235.0,27.1,0.5813208294437191,0,4.0,Overweight,18-39,2.0,2.0,proper_train
120733,74.0,29.0,28.0,212.0,28.1,1.9129994317872678,0,4.7,Overweight,60+,2.0,4.0,test
120734,62.0,12.0,12.0,219.0,31.3,0.9807045668426521,0,5.1,Obese,60+,2.0,2.0,proper_train
120738,61.0,25.0,37.0,216.0,25.5,1.160687294632731,0,5.8,Overweight,60+,1.0,6.0,proper_train
120742,65.0,15.0,13.0,242.0,35.6,1.1174229159495834,0,5.5,Obese,60+,2.0,4.0,proper_train
120743,66.0,23.0,20.0,278.0,29.0,1.2209896366347772,0,4.1,Overweight,60+,2.0,3.0,proper_train
120745,32.0,18.0,24.0,317.0,26.1,0.3709006550586516,0,5.2,Overweight,18-39,1.0,6.0,proper_train
120747,80.0,114.0,134.0,172.0,26.4,4.58051165191977,0,4.6,Overweight,60+,1.0,4.0,proper_train
120748,40.0,17.0,26.0,291.0,40.8,0.4582782539311517,0,5.0,Obese,40-59,1.0,4.0,conformal_calibration
120749,31.0,8.0,11.0,273.0,36.1,0.27390041558712597,0,4.0,Obese,18-39,1.0,7.0,conformal_calibration
120751,19.0,22.0,28.0,271.0,57.9,0.2914928961584077,1,10.4,Obese,18-39,2.0,3.0,test
120752,64.0,24.0,27.0,248.0,28.1,1.1919489428430983,0,5.6,Overweight,60+,1.0,7.0,proper_train
120754,63.0,17.0,16.0,274.0,33.4,0.9771897810218978,0,4.4,Obese,60+,1.0,3.0,conformal_calibration
120761,70.0,24.0,17.0,274.0,21.0,1.487079744748319,0,3.7,Normal,60+,1.0,6.0,test
120762,74.0,17.0,16.0,205.0,35.4,1.5341463414634147,0,4.1,Obese,60+,2.0,7.0,proper_train
120769,47.0,18.0,21.0,226.0,32.4,0.8168687395559716,0,6.6,Obese,40-59,2.0,6.0,proper_train
120770,54.0,98.0,58.0,224.0,18.4,3.102114476310945,1,11.4,Underweight,40-59,1.0,3.0,proper_train
120774,22.0,18.0,16.0,342.0,42.2,0.2894736842105263,0,4.9,Obese,18-39,2.0,4.0,conformal_calibration
120778,30.0,19.0,25.0,272.0,30.0,0.41911764705882354,0,4.5,Obese,18-39,2.0,4.0,proper_train
120779,56.0,17.0,27.0,263.0,35.6,0.696625419858712,0,5.1,Obese,40-59,1.0,3.0,proper_train
120780,40.0,17.0,9.0,217.0,22.9,1.044546850998464,0,5.8,Normal,40-59,2.0,2.0,proper_train
120782,21.0,23.0,26.0,256.0,32.9,0.37001598934274565,0,2.9,Obese,18-39,1.0,1.0,test
120784,49.0,33.0,60.0,277.0,33.2,0.75362383523675,0,7.1,Obese,40-59,2.0,2.0,proper_train
120788,54.0,16.0,12.0,186.0,20.9,1.3409425606984857,0,3.9,Normal,40-59,2.0,6.0,test
120791,64.0,13.0,8.0,234.0,27.4,1.2570787221094177,0,3.5,Overweight,60+,2.0,4.0,test
120792,47.0,15.0,15.0,263.0,35.3,0.6921301036948615,0,5.1,Obese,40-59,1.0,4.0,conformal_calibration
120793,70.0,19.0,16.0,201.0,37.5,1.654228855721393,0,6.3,Obese,60+,2.0,4.0,conformal_calibration
120794,51.0,18.0,8.0,247.0,20.6,1.314016245200912,0,5.5,Normal,40-59,1.0,4.0,proper_train
120798,60.0,20.0,22.0,173.0,23.9,1.4788488995764884,0,4.4,Normal,60+,1.0,2.0,test
120799,66.0,19.0,19.0,276.0,35.4,1.042345399542335,0,4.5,Obese,60+,1.0,3.0,test
120802,23.0,30.0,39.0,316.0,31.8,0.3496469181187029,0,7.1,Obese,18-39,1.0,3.0,conformal_calibration
120804,40.0,20.0,21.0,249.0,28.9,0.7011016553766825,0,4.3,Overweight,40-59,2.0,1.0,proper_train
120817,59.0,30.0,27.0,196.0,29.0,1.7379421368463224,1,14.9,Overweight,40-59,1.0,2.0,proper_train
120819,31.0,30.0,18.0,216.0,21.6,1.0148291767029156,0,5.7,Normal,18-39,2.0,3.0,test
120821,80.0,39.0,22.0,129.0,28.2,5.156482442089183,1,18.0,Overweight,60+,2.0,3.0,proper_train
120823,58.0,31.0,59.0,121.0,28.8,1.934542660690259,0,5.3,Overweight,40-59,1.0,4.0,test
120825,56.0,25.0,26.0,224.0,43.6,1.2257258446136503,0,7.8,Obese,40-59,2.0,4.0,proper_train
120826,52.0,17.0,13.0,270.0,30.6,0.9080647656724122,0,5.2,Obese,40-59,2.0,3.0,test
120827,29.0,27.0,26.0,153.0,18.8,1.0036531621777653,0,3.8,Normal,18-39,1.0,4.0,test
120828,75.0,20.0,13.0,143.0,22.9,2.909266763419034,0,5.5,Normal,60+,2.0,3.0,proper_train
120829,53.0,13.0,13.0,354.0,52.8,0.5398141740101453,0,4.7,Obese,40-59,2.0,3.0,test
120831,60.0,21.0,23.0,240.0,28.6,1.0947006737996425,0,3.7,Overweight,60+,1.0,3.0,test
120832,60.0,27.0,30.0,314.0,36.1,0.9419432517604768,0,6.8,Obese,60+,1.0,4.0,proper_train
120833,80.0,30.0,24.0,211.0,27.5,2.3217912253868986,0,3.5,Overweight,60+,2.0,3.0,test
120836,72.0,31.0,25.0,164.0,24.1,2.7219512195121953,0,5.3,Normal,60+,1.0,3.0,test
120837,38.0,9.0,12.0,283.0,32.3,0.34885828986369616,0,4.8,Obese,18-39,2.0,1.0,test
120838,80.0,18.0,13.0,209.0,19.3,1.910928905656292,1,17.8,Normal,60+,2.0,1.0,proper_train
120841,55.0,59.0,66.0,196.0,38.9,2.0379177970812994,0,4.9,Obese,40-59,1.0,1.0,test
120842,30.0,13.0,16.0,412.0,26.3,0.2366504854368932,0,3.0,Overweight,18-39,2.0,3.0,proper_train
120843,61.0,17.0,19.0,180.0,22.9,1.3216895334654029,0,5.9,Normal,60+,1.0,6.0,test
120846,42.0,14.0,10.0,281.0,30.8,0.6617150406330986,0,6.1,Obese,40-59,1.0,4.0,proper_train
120847,76.0,13.0,14.0,174.0,26.8,1.5175523391349155,0,6.7,Overweight,60+,1.0,4.0,test
120848,32.0,18.0,12.0,319.0,18.5,0.5212441301774678,0,2.7,Underweight,18-39,2.0,3.0,test
120849,26.0,23.0,28.0,264.0,34.0,0.4280733993551475,0,3.2,Obese,18-39,1.0,3.0,test
120851,56.0,22.0,16.0,123.0,25.1,2.5040650406504064,0,5.8,Overweight,40-59,2.0,4.0,test
120859,65.0,25.0,28.0,260.0,26.6,1.181138978153835,0,4.3,Overweight,60+,2.0,3.0,test
120860,61.0,18.0,19.0,193.0,23.1,1.3051734496884808,0,5.5,Normal,60+,1.0,1.0,test
120862,66.0,15.0,9.0,141.0,23.2,2.3404255319148937,0,3.4,Normal,60+,1.0,4.0,proper_train
120863,54.0,23.0,13.0,174.0,20.4,1.9797058727348695,0,4.8,Normal,40-59,1.0,7.0,test
120870,66.0,14.0,10.0,246.0,23.4,1.1877823406486108,0,2.8,Normal,60+,2.0,3.0,proper_train
120873,75.0,14.0,11.0,211.0,25.7,1.500411904296928,0,4.0,Overweight,60+,2.0,3.0,proper_train
120874,32.0,22.0,32.0,427.0,28.4,0.2914538489199821,0,6.0,Overweight,18-39,2.0,1.0,proper_train
120876,24.0,12.0,7.0,254.0,25.6,0.4285581426246356,0,4.3,Overweight,18-39,1.0,3.0,proper_train
120878,35.0,23.0,31.0,223.0,38.3,0.6483509781684027,1,11.5,Obese,18-39,1.0,4.0,test
120880,18.0,20.0,12.0,308.0,27.4,0.33741249498095016,0,4.4,Overweight,18-39,2.0,2.0,proper_train
120881,41.0,28.0,28.0,149.0,23.9,1.4560510570959493,0,5.1,Normal,40-59,1.0,6.0,conformal_calibration
120882,24.0,36.0,46.0,197.0,23.8,0.6466489853697012,0,4.4,Normal,18-39,1.0,1.0,proper_train
120885,69.0,23.0,21.0,181.0,27.9,1.9133248165995576,0,3.3,Overweight,60+,1.0,2.0,proper_train
120886,70.0,20.0,22.0,189.0,30.9,1.5792645655971143,0,6.4,Obese,60+,1.0,3.0,test
120887,53.0,19.0,17.0,246.0,33.0,0.9928185951690541,0,3.2,Obese,40-59,2.0,6.0,test
120888,62.0,34.0,43.0,224.0,34.5,1.4351204743800476,1,9.2,Obese,60+,2.0,2.0,conformal_calibration
120889,39.0,11.0,6.0,338.0,28.2,0.5181612917425954,0,3.0,Overweight,18-39,2.0,2.0,test
120894,22.0,11.0,13.0,319.0,44.9,0.2104035227061214,0,7.5,Obese,18-39,2.0,7.0,proper_train
120897,44.0,21.0,23.0,267.0,31.9,0.7216004441525734,0,5.4,Obese,40-59,2.0,6.0,conformal_calibration
120899,60.0,23.0,30.0,334.0,28.6,0.7543484324921449,0,4.4,Overweight,60+,2.0,6.0,conformal_calibration
120901,43.0,173.0,41.0,236.0,19.4,4.922782265632799,0,6.2,Normal,40-59,2.0,3.0,test
120904,63.0,27.0,27.0,176.0,41.9,1.8599863785824875,1,13.0,Obese,60+,1.0,3.0,proper_train
120905,64.0,14.0,19.0,162.0,29.5,1.2688672688149587,0,4.5,Overweight,60+,2.0,4.0,proper_train
120908,22.0,13.0,8.0,278.0,25.9,0.36372758888372764,0,6.7,Overweight,18-39,2.0,1.0,conformal_calibration
120909,67.0,35.0,37.0,282.0,21.7,1.367076685216535,0,5.2,Normal,60+,2.0,6.0,test
120911,41.0,38.0,50.0,200.0,41.7,1.101672365088641,0,5.5,Obese,40-59,1.0,3.0,conformal_calibration
120912,66.0,15.0,15.0,248.0,26.2,1.0307133098777803,0,5.5,Overweight,60+,1.0,1.0,test
120917,80.0,28.0,25.0,193.0,25.3,2.321243523316062,0,6.3,Overweight,60+,1.0,3.0,proper_train
120921,22.0,14.0,16.0,382.0,40.2,0.20157068062827224,0,6.7,Obese,18-39,2.0,3.0,proper_train
120922,46.0,43.0,25.0,130.0,32.4,3.043076923076923,0,4.9,Obese,40-59,1.0,4.0,proper_train
120924,50.0,51.0,25.0,106.0,32.8,4.811320754716981,1,46.5,Obese,40-59,1.0,1.0,test
120925,28.0,23.0,27.0,198.0,27.1,0.62594877669717,0,7.5,Overweight,18-39,1.0,4.0,test
120927,55.0,17.0,13.0,323.0,42.2,0.8028555471680948,0,6.9,Obese,40-59,2.0,4.0,proper_train
120928,23.0,17.0,12.0,193.0,22.4,0.5848288996195432,0,6.7,Normal,18-39,1.0,1.0,proper_train
120930,62.0,14.0,14.0,335.0,38.2,0.6924858447163713,0,5.5,Obese,60+,2.0,4.0,test
120933,68.0,14.0,18.0,216.0,26.4,1.0388358884098663,0,5.5,Overweight,60+,1.0,2.0,proper_train
120936,61.0,14.0,20.0,194.0,39.8,0.9843309550437218,1,8.9,Obese,60+,1.0,3.0,proper_train
120939,63.0,42.0,49.0,160.0,31.3,2.3625,0,5.0,Obese,60+,1.0,1.0,proper_train
120945,25.0,18.0,14.0,196.0,26.2,0.6136099941866886,0,5.0,Overweight,18-39,1.0,4.0,test
120948,33.0,67.0,119.0,265.0,40.6,0.7648378780865567,0,7.2,Obese,18-39,1.0,3.0,conformal_calibration
120950,34.0,32.0,44.0,324.0,32.9,0.5062412699083438,0,6.4,Obese,18-39,1.0,1.0,test
120953,61.0,27.0,45.0,168.0,37.3,1.4614301424373626,0,7.9,Obese,60+,1.0,3.0,proper_train
120956,19.0,19.0,20.0,274.0,20.9,0.2946060364516146,0,4.1,Normal,18-39,1.0,1.0,conformal_calibration
120959,69.0,14.0,18.0,356.0,34.7,0.6395741110732256,0,5.3,Obese,60+,1.0,1.0,test
120960,61.0,19.0,13.0,243.0,35.8,1.3228344185700422,0,4.8,Obese,60+,2.0,4.0,proper_train
120962,58.0,34.0,42.0,232.0,25.5,1.3115784746777812,0,4.3,Overweight,40-59,1.0,4.0,proper_train
120965,55.0,17.0,14.0,224.0,23.6,1.1155770588755214,0,2.3,Normal,40-59,2.0,3.0,test
120967,57.0,46.0,62.0,252.0,35.2,1.3214060833115058,0,6.6,Obese,40-59,1.0,3.0,proper_train
120969,46.0,46.0,67.0,187.0,39.2,1.3824093275825766,1,15.3,Obese,40-59,1.0,7.0,proper_train
120971,41.0,15.0,15.0,431.0,35.3,0.36842765010325773,0,7.2,Obese,40-59,2.0,6.0,conformal_calibration
120973,63.0,24.0,20.0,236.0,25.0,1.4325994838896956,0,3.5,Overweight,60+,1.0,3.0,proper_train
120978,53.0,26.0,25.0,280.0,27.4,0.9842857142857143,0,3.6,Overweight,40-59,2.0,1.0,test
120981,68.0,27.0,34.0,215.0,31.9,1.4645181503332383,0,3.9,Obese,60+,2.0,3.0,test
120982,29.0,115.0,211.0,210.0,31.5,1.0932898492332142,1,12.0,Obese,18-39,1.0,1.0,test
120983,60.0,20.0,36.0,305.0,29.2,0.6557377049180327,0,5.5,Overweight,60+,2.0,2.0,conformal_calibration
120984,39.0,29.0,27.0,276.0,33.2,0.7886269981322062,0,5.9,Obese,18-39,2.0,3.0,conformal_calibration
120987,50.0,31.0,15.0,204.0,38.7,1.9618052897455869,0,3.6,Obese,40-59,2.0,4.0,proper_train
120989,46.0,14.0,13.0,198.0,22.3,0.9020881979016353,0,4.0,Normal,40-59,1.0,1.0,test
120990,18.0,17.0,7.0,213.0,20.0,0.5429912147456504,0,3.5,Normal,18-39,2.0,7.0,test
120991,27.0,23.0,13.0,284.0,25.1,0.6064591934082171,0,6.1,Overweight,18-39,1.0,4.0,proper_train
120994,55.0,29.0,29.0,222.0,38.8,1.3341624522180078,0,7.1,Obese,40-59,2.0,1.0,conformal_calibration
120995,19.0,32.0,41.0,393.0,39.1,0.24161233391417936,0,6.6,Obese,18-39,2.0,3.0,conformal_calibration
120999,64.0,26.0,33.0,190.0,20.8,1.524553786896217,1,8.6,Normal,60+,1.0,4.0,test
121000,46.0,21.0,35.0,258.0,26.3,0.6328829535408892,0,5.1,Overweight,40-59,1.0,2.0,proper_train
121001,64.0,23.0,17.0,218.0,26.0,1.6376717433645969,0,2.3,Overweight,60+,2.0,4.0,proper_train
121005,66.0,12.0,10.0,170.0,42.9,1.4732493569725627,0,5.8,Obese,60+,1.0,3.0,proper_train
121008,46.0,138.0,46.0,203.0,23.4,4.610647968824074,0,2.7,Normal,40-59,2.0,3.0,proper_train
121012,22.0,19.0,13.0,276.0,32.3,0.4200447138082351,0,4.3,Obese,18-39,2.0,2.0,test
121015,29.0,59.0,133.0,266.0,30.1,0.5577538187427704,0,3.7,Obese,18-39,1.0,1.0,proper_train
121020,55.0,31.0,39.0,265.0,29.6,1.030258499010089,0,6.1,Overweight,40-59,1.0,6.0,test
121022,39.0,18.0,21.0,367.0,26.1,0.41740860748138053,0,4.1,Overweight,18-39,2.0,3.0,proper_train
121023,60.0,26.0,31.0,257.0,29.1,1.0902111718356764,0,6.0,Overweight,60+,1.0,4.0,proper_train
121027,20.0,13.0,10.0,261.0,37.9,0.31501616538075805,0,3.9,Obese,18-39,2.0,1.0,test
121030,29.0,19.0,19.0,370.0,37.9,0.34164343070994463,0,4.8,Obese,18-39,2.0,1.0,test
121032,23.0,27.0,19.0,377.0,19.5,0.37789700459845843,0,4.7,Normal,18-39,2.0,2.0,proper_train
121033,19.0,15.0,6.0,299.0,24.7,0.3891329858936487,0,3.3,Normal,18-39,2.0,4.0,test
121037,46.0,11.0,9.0,173.0,20.1,0.9749518304431599,0,4.7,Normal,40-59,2.0,3.0,test
121038,53.0,14.0,18.0,254.0,28.1,0.6885475480845386,0,3.5,Overweight,40-59,1.0,1.0,proper_train
121041,42.0,53.0,84.0,179.0,47.9,1.3568520214115058,1,10.9,Obese,40-59,1.0,7.0,proper_train
121043,26.0,24.0,40.0,302.0,38.8,0.32669888409686565,0,4.1,Obese,18-39,1.0,1.0,proper_train
121045,27.0,32.0,52.0,287.0,34.2,0.41747471214163584,0,7.0,Obese,18-39,1.0,4.0,proper_train
121047,75.0,24.0,13.0,150.0,22.5,3.3282011773513753,0,7.9,Normal,60+,1.0,4.0,proper_train
121052,24.0,18.0,16.0,306.0,41.3,0.35294117647058826,0,5.8,Obese,18-39,2.0,2.0,proper_train
121057,25.0,42.0,51.0,241.0,29.8,0.610080534535025,0,4.2,Overweight,18-39,1.0,4.0,proper_train
121058,51.0,69.0,108.0,291.0,25.3,1.163628635325483,0,5.0,Overweight,40-59,1.0,2.0,proper_train
121060,31.0,18.0,12.0,180.0,23.8,0.89489291724392,0,7.0,Normal,18-39,1.0,4.0,proper_train
121061,62.0,23.0,18.0,225.0,18.9,1.4938285481066917,1,10.5,Normal,60+,1.0,4.0,proper_train
121063,42.0,22.0,16.0,312.0,33.3,0.7403846153846154,0,5.0,Obese,40-59,2.0,2.0,proper_train
121064,59.0,16.0,14.0,264.0,32.9,0.9556614104747296,0,6.3,Obese,40-59,1.0,3.0,proper_train
121067,60.0,27.0,46.0,196.0,35.2,1.2186529029129252,1,8.5,Obese,60+,1.0,2.0,test
121068,54.0,24.0,25.0,242.0,25.8,1.0710743801652893,0,5.8,Overweight,40-59,2.0,3.0,test
121069,31.0,31.0,31.0,206.0,37.0,0.8378674526588868,0,3.7,Obese,18-39,1.0,4.0,proper_train
121070,43.0,21.0,17.0,273.0,25.4,0.8022332212740245,0,3.4,Overweight,40-59,2.0,6.0,test
121071,21.0,18.0,16.0,339.0,25.4,0.27876106194690264,0,4.6,Overweight,18-39,2.0,2.0,proper_train
121072,80.0,16.0,14.0,258.0,26.6,1.3259472466972992,0,4.1,Overweight,60+,1.0,3.0,test
121073,71.0,17.0,15.0,280.0,27.2,1.1130216425886552,1,26.7,Overweight,60+,1.0,3.0,proper_train
121074,35.0,19.0,21.0,235.0,26.8,0.6175102000295104,0,4.3,Overweight,18-39,1.0,2.0,test
121076,18.0,18.0,15.0,375.0,31.4,0.2230838407415472,0,5.0,Obese,18-39,2.0,1.0,test
121077,30.0,24.0,49.0,276.0,30.1,0.37267080745341613,0,6.2,Obese,18-39,1.0,2.0,conformal_calibration
121078,64.0,23.0,33.0,224.0,36.7,1.1439388819945857,0,7.0,Obese,60+,1.0,4.0,test
121080,32.0,29.0,30.0,213.0,25.4,0.7954405842954525,0,5.0,Overweight,18-39,1.0,2.0,test
121081,51.0,16.0,15.0,239.0,27.5,0.8815493474212697,0,4.8,Overweight,40-59,2.0,6.0,conformal_calibration
121082,48.0,15.0,8.0,228.0,23.1,1.1164843913471802,0,4.0,Normal,40-59,2.0,3.0,conformal_calibration
121083,24.0,21.0,33.0,314.0,30.9,0.2794112694320755,0,6.0,Obese,18-39,1.0,7.0,proper_train
121088,31.0,21.0,43.0,269.0,41.0,0.3690578783885712,0,5.1,Obese,18-39,2.0,3.0,proper_train
121089,72.0,16.0,12.0,240.0,29.0,1.385640646055102,0,3.4,Overweight,60+,2.0,3.0,proper_train
121091,18.0,15.0,8.0,241.0,21.4,0.39609715958582536,0,4.5,Normal,18-39,2.0,3.0,proper_train
121095,67.0,12.0,6.0,449.0,31.7,0.7310281192270509,0,5.8,Obese,60+,2.0,4.0,proper_train
121098,56.0,26.0,28.0,243.0,29.1,1.1323380096737343,0,4.9,Overweight,40-59,1.0,2.0,proper_train
121101,33.0,18.0,20.0,194.0,35.8,0.6846517415643685,0,5.1,Obese,18-39,1.0,1.0,proper_train
121102,45.0,15.0,15.0,257.0,28.9,0.6781488349390419,0,4.4,Overweight,40-59,1.0,7.0,proper_train
121105,54.0,16.0,11.0,337.0,31.1,0.77301424841302,0,6.2,Obese,40-59,1.0,6.0,proper_train
121106,71.0,26.0,19.0,253.0,29.9,1.6739187538539801,0,5.3,Overweight,60+,1.0,4.0,proper_train
121110,41.0,32.0,34.0,242.0,28.8,0.9297774533345934,0,6.1,Overweight,40-59,1.0,4.0,proper_train
121111,29.0,26.0,63.0,286.0,26.2,0.3321505974929572,0,3.7,Overweight,18-39,1.0,2.0,test
121114,29.0,14.0,11.0,249.0,35.4,0.4916209072231808,0,4.6,Obese,18-39,2.0,1.0,test
121115,72.0,19.0,22.0,198.0,36.2,1.4730231311842175,1,8.5,Obese,60+,1.0,4.0,test
121116,42.0,31.0,50.0,195.0,27.9,0.9442595170306511,0,5.5,Overweight,40-59,2.0,6.0,test
121117,50.0,20.0,13.0,233.0,30.7,1.1903437687236678,0,5.0,Obese,40-59,1.0,4.0,proper_train
121120,54.0,114.0,141.0,103.0,33.2,5.033288569015039,1,25.5,Obese,40-59,2.0,2.0,proper_train
121122,46.0,15.0,13.0,303.0,25.5,0.631589332335657,0,4.9,Overweight,40-59,1.0,3.0,proper_train
121123,53.0,31.0,30.0,265.0,33.3,1.1319599521773434,0,3.5,Obese,40-59,2.0,4.0,proper_train
121125,22.0,55.0,82.0,223.0,39.5,0.5992024508993915,0,6.1,Obese,18-39,1.0,1.0,test
121126,53.0,22.0,21.0,217.0,20.3,1.1725440553694337,0,3.7,Normal,40-59,2.0,6.0,conformal_calibration
121134,56.0,32.0,47.0,157.0,31.1,1.6649048711097265,0,6.1,Obese,40-59,1.0,3.0,proper_train
121135,40.0,17.0,14.0,240.0,33.8,0.7572401854185358,0,7.2,Obese,40-59,1.0,3.0,proper_train
121136,79.0,18.0,18.0,205.0,24.9,1.6349688501581636,0,4.7,Normal,60+,1.0,6.0,proper_train
121139,18.0,16.0,24.0,382.0,59.4,0.1538946435256447,1,14.8,Obese,18-39,1.0,4.0,proper_train
121142,80.0,16.0,11.0,294.0,20.2,1.3127024525834607,0,4.0,Normal,60+,1.0,2.0,conformal_calibration
121146,26.0,20.0,14.0,328.0,23.1,0.4237068469343313,0,3.8,Normal,18-39,1.0,6.0,proper_train
121147,50.0,16.0,18.0,243.0,25.2,0.7759745198206284,0,3.5,Overweight,40-59,2.0,6.0,proper_train
121148,53.0,20.0,13.0,340.0,35.5,0.8646797176452102,0,5.0,Obese,40-59,2.0,4.0,test
121149,43.0,16.0,14.0,302.0,33.2,0.60886004780049,0,6.8,Obese,40-59,2.0,2.0,proper_train
121153,28.0,21.0,31.0,212.0,35.3,0.49815055467803615,0,3.6,Obese,18-39,1.0,3.0,test
121154,61.0,17.0,15.0,203.0,27.9,1.31897659442269,0,6.3,Overweight,60+,2.0,2.0,conformal_calibration
121156,59.0,13.0,13.0,269.0,30.3,0.790808644060875,1,14.0,Obese,40-59,2.0,1.0,proper_train
121162,42.0,14.0,12.0,180.0,32.0,0.9430054396763887,0,4.1,Obese,40-59,2.0,3.0,conformal_calibration
121165,22.0,18.0,14.0,230.0,21.6,0.46015413824921764,0,6.4,Normal,18-39,1.0,3.0,test
121169,31.0,21.0,17.0,265.0,25.0,0.5958139316930293,0,4.0,Overweight,18-39,1.0,7.0,conformal_calibration
121171,49.0,19.0,31.0,379.0,26.7,0.4411940268784365,0,4.8,Overweight,40-59,2.0,6.0,test
121172,73.0,16.0,10.0,322.0,49.6,1.1470622071666667,0,5.0,Obese,60+,2.0,3.0,proper_train
121173,63.0,10.0,13.0,202.0,37.8,0.8650027812423128,0,6.1,Obese,60+,2.0,4.0,test
121174,55.0,18.0,16.0,183.0,30.4,1.3524590163934427,0,5.3,Obese,40-59,1.0,6.0,conformal_calibration
121175,63.0,18.0,12.0,193.0,21.0,1.6961533815052738,0,4.8,Normal,60+,1.0,4.0,proper_train
121176,60.0,20.0,15.0,212.0,33.6,1.4615031495122326,0,4.2,Obese,60+,2.0,4.0,proper_train
121177,18.0,25.0,31.0,267.0,21.6,0.3027055652136656,0,5.0,Normal,18-39,2.0,6.0,proper_train
121178,72.0,20.0,20.0,190.0,30.0,1.6947041513682617,0,6.3,Obese,60+,1.0,4.0,proper_train
121182,45.0,16.0,12.0,327.0,27.0,0.6356149752546338,0,3.7,Overweight,40-59,1.0,6.0,proper_train
121185,47.0,13.0,11.0,269.0,29.6,0.68484547039782,0,2.7,Overweight,40-59,2.0,2.0,proper_train
121187,61.0,20.0,19.0,233.0,37.1,1.201232597948864,0,3.9,Obese,60+,2.0,4.0,proper_train
121188,35.0,17.0,14.0,317.0,24.2,0.5016417632110174,0,4.2,Normal,18-39,2.0,7.0,proper_train
121192,18.0,13.0,10.0,140.0,28.2,0.5285521231995719,0,3.2,Overweight,18-39,2.0,3.0,conformal_calibration
121194,39.0,20.0,9.0,406.0,26.1,0.6403940886699507,0,3.6,Overweight,18-39,2.0,4.0,test
121197,61.0,14.0,17.0,219.0,30.0,0.9457781907809514,0,7.0,Obese,60+,1.0,4.0,proper_train
121198,19.0,12.0,8.0,233.0,26.1,0.34596640796251676,0,6.0,Overweight,18-39,2.0,4.0,test
121199,24.0,11.0,9.0,258.0,21.6,0.34108527131782945,0,4.9,Normal,18-39,2.0,1.0,proper_train
121200,49.0,19.0,12.0,175.0,27.6,1.5357517160444047,0,4.4,Overweight,40-59,2.0,1.0,test
121201,36.0,21.0,51.0,142.0,37.2,0.7455012278346305,0,7.1,Obese,18-39,1.0,1.0,proper_train
121203,80.0,20.0,11.0,321.0,19.9,1.5028602844997565,0,4.8,Normal,60+,2.0,3.0,conformal_calibration
121204,70.0,39.0,27.0,193.0,20.1,2.722221476489945,0,5.6,Normal,60+,2.0,2.0,proper_train
121205,70.0,20.0,18.0,229.0,28.4,1.4409745177018438,0,4.7,Overweight,60+,1.0,2.0,proper_train
121207,65.0,18.0,15.0,294.0,17.7,1.0275261938917637,0,3.7,Underweight,60+,1.0,4.0,proper_train
121210,24.0,25.0,50.0,353.0,27.7,0.2403762428962768,0,5.3,Overweight,18-39,1.0,2.0,test
121211,37.0,16.0,11.0,401.0,53.5,0.4451239800250276,1,10.3,Obese,18-39,2.0,4.0,conformal_calibration
121213,24.0,16.0,9.0,228.0,26.6,0.5614035087719298,0,6.3,Overweight,18-39,2.0,7.0,conformal_calibration
121215,32.0,18.0,14.0,254.0,24.0,0.6060727375651829,0,2.4,Normal,18-39,2.0,1.0,proper_train
121219,41.0,27.0,31.0,325.0,27.7,0.6117632902881225,0,6.9,Overweight,40-59,1.0,3.0,proper_train
121220,36.0,19.0,14.0,293.0,28.5,0.6239136159320761,0,4.0,Overweight,18-39,1.0,3.0,proper_train
121228,29.0,15.0,14.0,217.0,19.9,0.5357541024511733,0,6.1,Normal,18-39,2.0,7.0,proper_train
121235,18.0,13.0,11.0,283.0,26.3,0.24930620011023566,0,3.1,Overweight,18-39,1.0,6.0,proper_train
121237,63.0,19.0,10.0,256.0,30.6,1.4786118590709179,0,4.1,Obese,60+,2.0,3.0,proper_train
121240,44.0,18.0,13.0,326.0,37.5,0.673807600322671,0,5.5,Obese,40-59,2.0,4.0,conformal_calibration
121242,41.0,17.0,18.0,292.0,32.4,0.5626180667660087,0,7.7,Obese,40-59,2.0,4.0,conformal_calibration
121243,62.0,24.0,24.0,253.0,24.1,1.2005404272929412,0,6.6,Normal,60+,2.0,6.0,test
121245,24.0,18.0,19.0,200.0,21.0,0.49553798516041336,0,4.0,Normal,18-39,1.0,4.0,conformal_calibration
121246,48.0,8.0,7.0,296.0,39.6,0.4903322893092677,0,4.1,Obese,40-59,2.0,3.0,proper_train
121249,77.0,30.0,32.0,188.0,28.8,2.172096628378889,0,4.8,Overweight,60+,1.0,6.0,proper_train
121251,80.0,22.0,24.0,193.0,35.9,1.8614429824259042,0,7.9,Obese,60+,1.0,3.0,test
121253,55.0,20.0,24.0,247.0,25.0,0.9090548977940272,0,3.5,Overweight,40-59,2.0,2.0,proper_train
121254,47.0,21.0,17.0,197.0,24.9,1.2151404157911707,0,3.1,Normal,40-59,1.0,3.0,proper_train
121255,33.0,15.0,19.0,331.0,39.5,0.3430839524650395,0,3.7,Obese,18-39,2.0,4.0,test
121256,23.0,17.0,21.0,309.0,34.5,0.2761268449264499,0,4.7,Obese,18-39,2.0,3.0,test
121258,18.0,69.0,150.0,346.0,32.4,0.2930892351191433,1,8.7,Obese,18-39,2.0,1.0,test
121259,35.0,20.0,14.0,271.0,28.0,0.6903426912867051,0,3.6,Overweight,18-39,2.0,4.0,test
121260,75.0,11.0,7.0,430.0,25.6,0.7251643958897963,0,4.2,Overweight,60+,2.0,1.0,conformal_calibration
121261,19.0,16.0,21.0,419.0,30.7,0.15832515186573196,0,5.6,Obese,18-39,2.0,3.0,conformal_calibration
121264,42.0,26.0,45.0,256.0,26.3,0.6358818311015026,0,6.2,Overweight,40-59,1.0,3.0,test
121269,53.0,18.0,31.0,214.0,31.7,0.8006703651100153,0,4.1,Obese,40-59,1.0,2.0,proper_train
121272,80.0,19.0,13.0,147.0,36.1,2.8678377491916605,1,10.2,Obese,60+,2.0,3.0,conformal_calibration
121274,58.0,24.0,28.0,227.0,41.2,1.1588690449974544,1,8.4,Obese,40-59,1.0,6.0,test
121276,35.0,14.0,8.0,602.0,46.0,0.2877760155991763,0,5.0,Obese,18-39,2.0,4.0,test
121277,60.0,20.0,19.0,205.0,43.3,1.34292136899841,0,5.1,Obese,60+,2.0,4.0,proper_train
121279,28.0,24.0,25.0,294.0,29.9,0.45714285714285713,0,2.7,Overweight,18-39,2.0,3.0,test
121284,46.0,21.0,22.0,240.0,40.2,0.8581328833313319,0,4.0,Obese,40-59,1.0,3.0,proper_train
121286,29.0,13.0,9.0,250.0,32.9,0.5026666666666667,0,4.5,Obese,18-39,2.0,3.0,proper_train
121287,60.0,16.0,15.0,226.0,28.0,1.0967740449436933,0,4.2,Overweight,60+,1.0,4.0,proper_train
121291,65.0,15.0,16.0,241.0,30.4,1.0114107883817427,0,2.8,Obese,60+,1.0,3.0,conformal_calibration
121293,25.0,16.0,11.0,276.0,44.3,0.4369729631561792,0,4.6,Obese,18-39,2.0,3.0,proper_train
121294,80.0,15.0,9.0,201.0,35.6,1.9900497512437811,0,4.8,Obese,60+,2.0,3.0,proper_train
121295,66.0,18.0,11.0,181.0,23.4,1.9789805378916197,0,4.5,Normal,60+,1.0,6.0,proper_train
121296,57.0,14.0,18.0,221.0,26.5,0.8510877999801885,0,6.7,Overweight,40-59,1.0,3.0,proper_train
121299,64.0,18.0,17.0,212.0,33.0,1.317929434159696,0,3.1,Obese,60+,2.0,2.0,proper_train
121303,46.0,25.0,17.0,260.0,25.6,1.072753726122242,0,3.4,Overweight,40-59,1.0,3.0,proper_train
121304,58.0,23.0,29.0,322.0,28.1,0.769309258162072,0,4.5,Overweight,40-59,1.0,2.0,conformal_calibration
121305,44.0,18.0,21.0,192.0,34.3,0.9001487972234685,0,5.1,Obese,40-59,1.0,7.0,test
121309,70.0,29.0,35.0,264.0,29.3,1.2997448008324914,0,4.6,Overweight,60+,2.0,3.0,proper_train
121311,38.0,15.0,17.0,240.0,27.0,0.5760221094612908,0,4.2,Overweight,18-39,2.0,2.0,proper_train
121313,55.0,18.0,14.0,342.0,29.9,0.7736509634307022,0,3.9,Overweight,40-59,2.0,4.0,proper_train
121315,53.0,28.0,28.0,211.0,30.9,1.3291452084021165,0,4.5,Obese,40-59,1.0,1.0,proper_train
121317,61.0,36.0,41.0,295.0,29.6,1.162568071550437,0,5.2,Overweight,60+,1.0,4.0,conformal_calibration
121319,47.0,14.0,13.0,279.0,30.5,0.6541088335415784,0,4.0,Obese,40-59,2.0,3.0,proper_train
121321,63.0,17.0,21.0,245.0,44.5,0.953923920174481,1,8.8,Obese,60+,1.0,4.0,proper_train
121322,61.0,16.0,16.0,209.0,26.0,1.167464114832536,0,3.9,Overweight,60+,2.0,1.0,proper_train
121324,27.0,15.0,14.0,272.0,31.6,0.3979441285828378,0,5.0,Obese,18-39,2.0,6.0,test
121325,55.0,26.0,38.0,221.0,26.2,1.0496680190814047,0,6.1,Overweight,40-59,1.0,6.0,proper_train
121326,70.0,20.0,12.0,174.0,27.1,2.3226734967398737,0,3.7,Overweight,60+,2.0,4.0,proper_train
121329,63.0,49.0,37.0,306.0,18.6,1.6584956660511045,1,8.8,Normal,60+,2.0,3.0,proper_train
121334,69.0,17.0,9.0,152.0,24.7,2.5723684210526314,0,4.3,Normal,60+,2.0,3.0,proper_train
121335,26.0,19.0,18.0,213.0,36.3,0.5466521907764547,0,3.4,Obese,18-39,2.0,3.0,proper_train
121336,73.0,13.0,14.0,250.0,30.8,1.014523674299563,1,9.1,Obese,60+,2.0,3.0,proper_train
121337,72.0,15.0,13.0,272.0,21.3,1.1012430366236168,0,6.8,Normal,60+,1.0,4.0,test
121340,37.0,13.0,7.0,286.0,24.4,0.6356675227882458,0,6.0,Normal,18-39,2.0,4.0,proper_train
121341,61.0,23.0,34.0,150.0,30.8,1.6040834330329325,0,4.4,Obese,60+,1.0,1.0,conformal_calibration
121345,34.0,14.0,11.0,280.0,33.7,0.5125692857821982,0,3.3,Obese,18-39,2.0,4.0,proper_train
121346,52.0,25.0,28.0,239.0,27.2,1.027936851280325,0,5.4,Overweight,40-59,1.0,1.0,proper_train
121348,49.0,15.0,12.0,228.0,37.3,0.9305974733648574,0,6.5,Obese,40-59,2.0,4.0,proper_train
121349,75.0,18.0,16.0,199.0,23.9,1.6959798994974875,0,5.4,Normal,60+,1.0,1.0,conformal_calibration
121350,42.0,11.0,8.0,278.0,35.1,0.5875599512737139,0,5.0,Obese,40-59,2.0,1.0,proper_train
121351,41.0,23.0,21.0,231.0,24.8,0.8908202185824278,0,4.9,Normal,40-59,1.0,3.0,conformal_calibration
121353,63.0,17.0,17.0,256.0,25.3,1.0146705250543462,0,2.6,Overweight,60+,1.0,3.0,proper_train
121358,29.0,24.0,56.0,211.0,44.8,0.4407910530119606,0,7.5,Obese,18-39,1.0,3.0,conformal_calibration
121359,76.0,18.0,13.0,316.0,33.8,1.2006801715761288,0,6.7,Obese,60+,2.0,6.0,test
121360,58.0,29.0,27.0,191.0,39.7,1.6947699001342942,0,5.3,Obese,40-59,1.0,4.0,test
121361,40.0,19.0,9.0,288.0,18.4,0.8796296296296297,0,4.2,Underweight,40-59,2.0,3.0,proper_train
121364,27.0,15.0,15.0,339.0,37.0,0.30846770014041375,0,4.1,Obese,18-39,2.0,4.0,proper_train
121365,37.0,19.0,26.0,188.0,22.7,0.733349164905018,0,5.6,Normal,18-39,1.0,6.0,test
121367,45.0,38.0,56.0,199.0,34.3,1.148283225302125,0,2.8,Obese,40-59,1.0,4.0,conformal_calibration
121368,55.0,19.0,19.0,197.0,21.1,1.2169514816991727,0,4.2,Normal,40-59,1.0,6.0,proper_train
121371,23.0,18.0,15.0,235.0,29.5,0.4548695334269136,0,4.4,Overweight,18-39,1.0,1.0,proper_train
121373,76.0,23.0,31.0,253.0,27.6,1.2409093594577176,0,4.9,Overweight,60+,1.0,6.0,test
121378,45.0,20.0,13.0,266.0,22.0,0.9384025875990719,0,3.4,Normal,40-59,2.0,3.0,proper_train
121381,23.0,25.0,31.0,256.0,60.3,0.4034103463492015,0,6.8,Obese,18-39,2.0,3.0,proper_train
121382,38.0,17.0,12.0,293.0,35.0,0.6364646312226933,0,4.8,Obese,18-39,2.0,4.0,conformal_calibration
121383,70.0,35.0,39.0,300.0,27.5,1.307713256074878,0,4.0,Overweight,60+,1.0,3.0,proper_train
121386,48.0,23.0,17.0,197.0,33.7,1.359184416447267,0,6.1,Obese,40-59,1.0,3.0,test
121391,62.0,16.0,18.0,266.0,34.5,0.8790099335050818,0,4.1,Obese,60+,2.0,1.0,proper_train
121393,65.0,18.0,9.0,274.0,25.5,1.4233576642335766,0,3.9,Overweight,60+,2.0,2.0,test
121394,43.0,10.0,10.0,288.0,34.3,0.47214562287236217,0,3.8,Obese,40-59,2.0,4.0,test
121395,54.0,26.0,30.0,271.0,40.8,0.9458824978317998,1,16.3,Obese,40-59,2.0,1.0,proper_train
121398,80.0,26.0,22.0,160.0,24.7,2.7716093126229353,0,6.8,Normal,60+,1.0,6.0,proper_train
121400,33.0,18.0,14.0,250.0,21.0,0.6350127107839204,0,5.8,Normal,18-39,2.0,4.0,test
121405,37.0,19.0,12.0,230.0,21.7,0.8823418244354498,0,4.8,Normal,18-39,2.0,3.0,proper_train
121406,78.0,16.0,11.0,235.0,28.9,1.6012176937576552,0,3.0,Overweight,60+,2.0,4.0,proper_train
121408,37.0,14.0,13.0,276.0,27.1,0.5205338797910665,0,5.9,Overweight,18-39,1.0,1.0,test
121410,60.0,19.0,20.0,307.0,35.4,0.8303314313842868,0,4.4,Obese,60+,2.0,2.0,proper_train
121414,53.0,14.0,15.0,321.0,29.5,0.5968335706928147,0,4.4,Overweight,40-59,2.0,4.0,conformal_calibration
121415,60.0,60.0,31.0,274.0,20.6,2.359777690862736,0,6.9,Normal,60+,2.0,3.0,proper_train
121417,49.0,19.0,7.0,269.0,20.6,1.308122395433422,0,3.4,Normal,40-59,1.0,6.0,proper_train
121418,77.0,21.0,16.0,211.0,22.0,1.9158767772511849,0,4.5,Normal,60+,2.0,3.0,test
121420,69.0,18.0,30.0,264.0,26.8,0.858928556087647,1,10.1,Overweight,60+,1.0,3.0,test
121422,31.0,23.0,21.0,417.0,30.8,0.37311596100302774,0,5.9,Obese,18-39,2.0,4.0,proper_train
121424,49.0,17.0,11.0,241.0,24.5,1.042153319640154,0,4.4,Normal,40-59,2.0,4.0,proper_train
121425,41.0,16.0,19.0,350.0,34.0,0.4299906326259672,0,5.2,Obese,40-59,2.0,2.0,proper_train
121428,36.0,22.0,29.0,321.0,26.7,0.4581641988667448,0,4.6,Overweight,18-39,1.0,6.0,proper_train
121432,73.0,18.0,12.0,272.0,24.8,1.3945556134470005,0,4.6,Normal,60+,1.0,3.0,proper_train
121435,28.0,44.0,29.0,291.0,23.2,0.7861740777805083,0,5.6,Normal,18-39,1.0,4.0,proper_train
121441,20.0,15.0,15.0,257.0,23.3,0.3013994821951297,0,3.4,Normal,18-39,2.0,6.0,proper_train
121442,66.0,82.0,107.0,240.0,32.8,2.179990782797971,1,10.4,Obese,60+,1.0,4.0,proper_train
121443,40.0,21.0,26.0,233.0,24.3,0.7070281266784317,0,5.2,Normal,40-59,1.0,3.0,proper_train
121445,62.0,31.0,36.0,252.0,26.1,1.2711640211640212,0,5.6,Overweight,60+,1.0,2.0,test
121450,80.0,33.0,33.0,196.0,21.8,2.344719447566542,0,6.4,Normal,60+,2.0,3.0,test
121451,60.0,15.0,11.0,264.0,29.3,1.0278795837878305,0,5.8,Overweight,60+,2.0,4.0,test
121453,19.0,13.0,16.0,165.0,28.9,0.37424242424242427,0,7.0,Overweight,18-39,1.0,1.0,proper_train
121457,80.0,17.0,11.0,231.0,35.3,1.7751317256526342,0,5.0,Obese,60+,1.0,3.0,proper_train
121458,41.0,23.0,32.0,262.0,28.5,0.6362611590256816,0,3.8,Overweight,40-59,1.0,4.0,test
121459,62.0,14.0,16.0,187.0,37.9,1.160427807486631,1,13.0,Obese,60+,1.0,1.0,test
121460,58.0,22.0,28.0,201.0,33.1,1.199708128258144,1,11.0,Obese,40-59,2.0,2.0,proper_train
121461,45.0,14.0,18.0,293.0,32.9,0.5068000820790955,0,4.6,Obese,40-59,2.0,1.0,proper_train
121462,78.0,28.0,18.0,258.0,27.7,1.9952470414876224,1,8.8,Overweight,60+,2.0,2.0,proper_train
121464,33.0,11.0,20.0,355.0,35.6,0.2286458241781475,0,4.6,Obese,18-39,1.0,3.0,proper_train
121465,71.0,21.0,20.0,178.0,39.1,1.8730209856472955,0,4.3,Obese,60+,1.0,7.0,proper_train
121468,40.0,24.0,23.0,246.0,39.3,0.8137147865641943,0,6.4,Obese,40-59,1.0,7.0,conformal_calibration
121473,66.0,17.0,14.0,260.0,21.4,1.153335051637462,1,8.8,Normal,60+,1.0,3.0,proper_train
121475,55.0,13.0,14.0,261.0,19.8,0.7321524443194768,0,3.0,Normal,40-59,2.0,7.0,conformal_calibration
121476,44.0,22.0,10.0,466.0,19.8,0.656885144859011,0,2.6,Normal,40-59,2.0,2.0,proper_train
121479,22.0,22.0,19.0,255.0,18.5,0.4354400595817721,0,5.8,Underweight,18-39,2.0,3.0,test
121480,68.0,17.0,14.0,268.0,30.9,1.1528134166073232,1,9.7,Obese,60+,1.0,2.0,proper_train
121481,18.0,16.0,15.0,237.0,31.7,0.31376067614844894,0,3.8,Obese,18-39,1.0,2.0,proper_train
121483,18.0,17.0,13.0,406.0,23.3,0.20903726606517256,0,5.0,Normal,18-39,2.0,3.0,proper_train
121484,56.0,70.0,24.0,250.0,27.9,3.2006665972366863,0,4.6,Overweight,40-59,2.0,4.0,proper_train
121485,21.0,18.0,12.0,214.0,20.7,0.5099028078356975,0,4.4,Normal,18-39,1.0,4.0,proper_train
121486,35.0,22.0,15.0,281.0,33.7,0.7075200893427546,0,2.8,Obese,18-39,2.0,4.0,test
121488,26.0,13.0,10.0,250.0,32.0,0.4275399396547649,0,6.7,Obese,18-39,2.0,4.0,conformal_calibration
121489,80.0,13.0,14.0,199.0,36.1,1.3967421687885495,0,6.0,Obese,60+,1.0,3.0,proper_train
121490,30.0,21.0,11.0,237.0,22.6,0.8014858526750679,0,4.1,Normal,18-39,2.0,2.0,proper_train
121494,80.0,20.0,22.0,266.0,31.6,1.2824103239435212,0,6.9,Obese,60+,1.0,3.0,proper_train
121500,30.0,11.0,10.0,190.0,26.2,0.54923769887135,0,6.4,Overweight,18-39,2.0,3.0,test
121505,27.0,17.0,18.0,271.0,43.7,0.39921526760716525,0,5.0,Obese,18-39,2.0,4.0,conformal_calibration
121506,53.0,20.0,16.0,115.0,30.0,2.3043478260869565,0,4.9,Obese,40-59,1.0,1.0,proper_train
121508,76.0,19.0,15.0,293.0,22.6,1.2724887262624596,0,6.0,Normal,60+,2.0,6.0,proper_train
121512,80.0,23.0,15.0,187.0,28.1,2.540566615693992,0,4.8,Overweight,60+,1.0,3.0,test
121519,69.0,11.0,8.0,356.0,24.7,0.7537837737648729,0,4.4,Normal,60+,2.0,3.0,proper_train
121520,57.0,26.0,34.0,185.0,29.1,1.373842719898368,0,5.2,Overweight,40-59,1.0,3.0,proper_train
121521,19.0,17.0,14.0,360.0,27.4,0.23979272538253635,0,3.4,Overweight,18-39,2.0,3.0,conformal_calibration
121525,65.0,18.0,19.0,278.0,29.4,0.9655266497430117,0,5.8,Overweight,60+,2.0,2.0,proper_train
121526,56.0,32.0,44.0,271.0,29.9,0.9968788366851521,0,4.5,Overweight,40-59,2.0,6.0,test
121528,23.0,18.0,25.0,280.0,19.4,0.2957142857142857,0,4.3,Normal,18-39,1.0,3.0,test
121530,30.0,21.0,25.0,259.0,30.0,0.4864864864864865,0,5.8,Obese,18-39,1.0,1.0,proper_train
121533,22.0,19.0,17.0,279.0,28.5,0.3633687858967282,0,3.7,Overweight,18-39,2.0,4.0,proper_train
121534,38.0,21.0,20.0,220.0,26.5,0.8110828391112873,0,4.6,Overweight,18-39,2.0,4.0,proper_train
121535,45.0,27.0,37.0,191.0,25.4,1.0457841339058067,0,3.6,Overweight,40-59,1.0,6.0,test
121538,19.0,30.0,18.0,167.0,20.9,0.8044927450625392,0,6.7,Normal,18-39,1.0,3.0,test
121540,48.0,18.0,18.0,273.0,28.4,0.7459588021308634,0,4.5,Overweight,40-59,1.0,6.0,proper_train
121543,61.0,11.0,13.0,163.0,46.5,1.1417295449911924,0,6.0,Obese,60+,1.0,2.0,proper_train
121544,46.0,30.0,30.0,284.0,34.7,0.8871562551140014,0,5.5,Obese,40-59,2.0,1.0,proper_train
121548,68.0,12.0,12.0,257.0,26.2,0.9165716335773048,0,4.3,Overweight,60+,1.0,3.0,test
121550,32.0,16.0,14.0,334.0,23.2,0.40969387981784816,0,5.5,Normal,18-39,1.0,7.0,proper_train
121551,70.0,19.0,9.0,247.0,27.3,1.794871794871795,0,4.5,Overweight,60+,2.0,3.0,proper_train
121554,34.0,12.0,15.0,203.0,27.9,0.5189416109204026,0,5.6,Overweight,18-39,1.0,3.0,proper_train
121556,66.0,20.0,22.0,279.0,36.0,1.0086915612523504,0,3.6,Obese,60+,2.0,4.0,proper_train
121558,18.0,16.0,10.0,218.0,23.8,0.41776879180206106,0,4.1,Normal,18-39,1.0,2.0,proper_train
121559,52.0,21.0,20.0,209.0,25.0,1.1683187710190288,0,3.9,Overweight,40-59,2.0,6.0,test
121565,24.0,12.0,10.0,351.0,39.1,0.25946893621894396,0,2.7,Obese,18-39,2.0,4.0,proper_train
121569,72.0,13.0,15.0,215.0,25.0,1.1240658642015944,0,6.1,Overweight,60+,1.0,1.0,proper_train
121570,43.0,14.0,10.0,248.0,24.0,0.7676173997666792,0,3.0,Normal,40-59,2.0,1.0,proper_train
121571,40.0,21.0,27.0,293.0,21.1,0.5517340456419632,0,4.0,Normal,40-59,1.0,6.0,conformal_calibration
121576,55.0,12.0,11.0,159.0,26.6,1.2515565246624152,0,4.9,Overweight,40-59,2.0,3.0,proper_train
121577,19.0,23.0,12.0,229.0,20.0,0.5508778769342063,0,3.7,Normal,18-39,2.0,4.0,test
121578,63.0,26.0,24.0,164.0,25.8,2.0387521334750236,0,6.2,Overweight,60+,1.0,2.0,conformal_calibration
121579,48.0,12.0,7.0,276.0,26.3,0.7887954219323003,0,5.4,Overweight,40-59,2.0,3.0,proper_train
121580,64.0,14.0,14.0,327.0,31.4,0.7323121490933708,0,4.7,Obese,60+,2.0,3.0,conformal_calibration
121581,27.0,14.0,14.0,309.0,32.2,0.32694093670840263,0,3.8,Obese,18-39,2.0,2.0,conformal_calibration
121582,31.0,14.0,10.0,385.0,28.0,0.35647493623716275,0,5.1,Overweight,18-39,2.0,4.0,test
121585,44.0,16.0,13.0,278.0,19.7,0.7023542052923765,0,4.5,Normal,40-59,1.0,1.0,proper_train
121587,23.0,23.0,21.0,210.0,21.2,0.5497012568325713,0,5.2,Normal,18-39,1.0,7.0,conformal_calibration
121588,80.0,21.0,22.0,468.0,28.9,0.7653359048662938,0,3.2,Overweight,60+,1.0,3.0,proper_train
121589,80.0,19.0,11.0,196.0,37.6,2.3382512436642893,0,4.0,Obese,60+,1.0,4.0,test
121590,63.0,46.0,45.0,299.0,31.9,1.444843923922941,1,14.4,Obese,60+,2.0,2.0,test
121592,29.0,15.0,11.0,134.0,40.8,0.9787868275472178,0,5.9,Obese,18-39,2.0,4.0,proper_train
121593,63.0,17.0,13.0,275.0,33.6,1.080152563922219,0,3.8,Obese,60+,2.0,4.0,test
121597,55.0,18.0,26.0,219.0,25.7,0.8865523917205581,1,12.5,Overweight,40-59,1.0,3.0,proper_train
121603,24.0,33.0,56.0,345.0,30.8,0.3067694254994784,0,6.5,Obese,18-39,1.0,7.0,test
121604,37.0,17.0,11.0,236.0,28.4,0.8036043887263277,0,5.1,Overweight,18-39,1.0,7.0,proper_train
121606,44.0,17.0,17.0,150.0,27.6,1.209444316847847,0,4.9,Overweight,40-59,2.0,1.0,proper_train
121607,72.0,21.0,13.0,234.0,29.4,1.792108326266125,0,4.3,Overweight,60+,1.0,3.0,proper_train
121610,31.0,17.0,12.0,223.0,22.0,0.682205362921374,0,4.1,Normal,18-39,2.0,2.0,proper_train
121618,54.0,16.0,22.0,278.0,39.9,0.6626094206159979,0,6.8,Obese,40-59,2.0,4.0,conformal_calibration
121620,51.0,67.0,57.0,228.0,25.8,1.9850557298645854,0,6.5,Overweight,40-59,1.0,3.0,test
121621,70.0,24.0,25.0,267.0,23.4,1.2584269662921348,0,3.7,Normal,60+,2.0,6.0,proper_train
121622,38.0,19.0,21.0,188.0,25.0,0.838049557182907,0,2.8,Overweight,18-39,1.0,3.0,test
121623,63.0,65.0,51.0,147.0,32.5,3.9007802340780273,1,11.6,Obese,60+,1.0,6.0,proper_train
121625,68.0,31.0,53.0,166.0,27.3,1.7443136674929909,0,4.3,Overweight,60+,1.0,6.0,proper_train
121629,56.0,19.0,19.0,213.0,28.8,1.1460016001797075,0,3.5,Overweight,40-59,2.0,2.0,test
121630,50.0,25.0,27.0,260.0,47.1,0.9252408160090156,0,7.0,Obese,40-59,2.0,3.0,test
121631,28.0,17.0,11.0,301.0,25.4,0.4768086379369285,0,3.4,Overweight,18-39,2.0,4.0,proper_train
121634,42.0,15.0,13.0,195.0,29.3,0.8960541631330625,0,3.7,Overweight,40-59,2.0,3.0,proper_train
121635,72.0,14.0,14.0,310.0,26.2,0.8690301027345929,0,4.7,Overweight,60+,2.0,3.0,conformal_calibration
121637,64.0,21.0,23.0,173.0,33.7,1.6199038872410896,0,3.8,Obese,60+,2.0,7.0,test
121638,21.0,18.0,11.0,298.0,28.8,0.3824539874174317,0,4.4,Overweight,18-39,2.0,4.0,proper_train
121641,44.0,13.0,14.0,323.0,37.7,0.47329235409878245,0,2.9,Obese,40-59,2.0,3.0,test
121643,29.0,23.0,11.0,202.0,21.9,0.9955844892741007,0,4.6,Normal,18-39,1.0,4.0,test
121644,52.0,29.0,25.0,239.0,27.8,1.2619246861924687,0,6.1,Overweight,40-59,1.0,4.0,proper_train
121645,80.0,11.0,11.0,169.0,39.4,1.5699999007599528,0,4.1,Obese,60+,2.0,4.0,proper_train
121646,22.0,17.0,10.0,217.0,20.0,0.5450192833654257,1,9.1,Normal,18-39,1.0,4.0,test
121647,63.0,28.0,19.0,175.0,24.3,2.3125105974152627,0,5.0,Normal,60+,2.0,4.0,proper_train
121648,61.0,20.0,17.0,321.0,35.5,0.9217864876770288,0,3.6,Obese,60+,1.0,4.0,proper_train
121649,80.0,31.0,26.0,141.0,28.3,3.449418547111322,0,5.5,Overweight,60+,1.0,3.0,conformal_calibration
121650,38.0,29.0,39.0,180.0,26.7,0.9803401416289224,0,3.7,Overweight,18-39,1.0,2.0,proper_train
121653,42.0,17.0,18.0,267.0,29.4,0.6303049210576717,0,6.9,Overweight,40-59,1.0,4.0,proper_train
121654,45.0,20.0,12.0,291.0,26.2,0.8928096946231328,0,3.6,Overweight,40-59,2.0,4.0,test
121657,49.0,17.0,11.0,195.0,28.7,1.287994615555267,0,2.8,Overweight,40-59,2.0,1.0,proper_train
121662,29.0,20.0,17.0,271.0,33.3,0.5190799355021148,0,5.0,Obese,18-39,1.0,6.0,proper_train
121663,34.0,13.0,12.0,136.0,25.3,0.9381941874331419,0,4.9,Overweight,18-39,1.0,2.0,test
121664,40.0,27.0,28.0,197.0,28.5,1.036044748350166,0,6.7,Overweight,40-59,1.0,3.0,proper_train
121665,29.0,18.0,12.0,195.0,37.6,0.77276112953073,0,3.4,Obese,18-39,2.0,3.0,test
121669,61.0,18.0,14.0,193.0,23.7,1.520481055025088,0,2.9,Normal,60+,2.0,3.0,proper_train
121670,60.0,21.0,32.0,183.0,39.3,1.217151016796516,1,23.8,Obese,60+,1.0,3.0,conformal_calibration
121671,34.0,11.0,13.0,273.0,49.2,0.37995947507002875,0,4.0,Obese,18-39,2.0,4.0,proper_train
121673,20.0,22.0,16.0,202.0,22.7,0.5445544554455446,0,3.5,Normal,18-39,2.0,1.0,proper_train
121674,34.0,16.0,14.0,403.0,20.2,0.3607695176187565,0,2.7,Normal,18-39,2.0,7.0,proper_train
121675,60.0,19.0,21.0,250.0,31.3,0.9950735794761253,0,3.5,Obese,60+,1.0,3.0,proper_train
121682,76.0,22.0,21.0,300.0,35.8,1.2162010415819309,0,7.1,Obese,60+,1.0,3.0,proper_train
121687,26.0,28.0,47.0,351.0,39.0,0.3025347971808184,0,8.1,Obese,18-39,2.0,3.0,proper_train
121692,58.0,14.0,9.0,166.0,19.6,1.6305220883534137,0,3.2,Normal,40-59,1.0,3.0,test
121693,80.0,9.0,7.0,404.0,19.3,0.6736000509075336,0,4.5,Normal,60+,2.0,4.0,proper_train
121694,76.0,20.0,14.0,196.0,31.7,2.0726382025861483,0,6.1,Obese,60+,2.0,4.0,proper_train
121695,47.0,22.0,23.0,215.0,33.5,1.0028088564419317,0,5.5,Obese,40-59,1.0,2.0,proper_train
121696,40.0,20.0,17.0,179.0,33.4,1.0839581007210413,0,3.5,Obese,40-59,1.0,4.0,conformal_calibration
121699,71.0,15.0,14.0,228.0,31.3,1.2483913273540876,0,4.0,Obese,60+,2.0,3.0,test
121700,47.0,32.0,41.0,219.0,40.1,1.0725357894085092,1,8.7,Obese,40-59,1.0,3.0,proper_train
121705,52.0,30.0,36.0,190.0,33.1,1.368421052631579,1,9.2,Obese,40-59,1.0,1.0,test
121708,65.0,37.0,53.0,200.0,29.6,1.6517607814829856,0,6.0,Overweight,60+,2.0,1.0,test
121710,25.0,25.0,32.0,284.0,32.7,0.38903322028309173,0,3.3,Obese,18-39,1.0,1.0,proper_train
121711,38.0,14.0,9.0,179.0,23.0,0.9906890130353817,0,3.8,Normal,18-39,2.0,3.0,proper_train
121714,27.0,13.0,9.0,288.0,33.8,0.40625,0,3.8,Obese,18-39,2.0,4.0,test
121719,50.0,29.0,31.0,167.0,43.7,1.5594472331666087,1,33.3,Obese,40-59,1.0,7.0,conformal_calibration
121720,79.0,20.0,13.0,227.0,21.1,1.9304544273917668,0,4.2,Normal,60+,2.0,3.0,test
121721,57.0,28.0,28.0,325.0,25.7,0.9280481521888102,0,3.3,Overweight,40-59,2.0,3.0,test
121727,71.0,18.0,13.0,321.0,48.0,1.1042162784670448,1,13.8,Obese,60+,2.0,1.0,test
121728,62.0,13.0,13.0,148.0,34.1,1.5104336424241038,1,21.4,Obese,60+,1.0,3.0,proper_train
121730,54.0,17.0,31.0,286.0,35.6,0.5764953400719558,0,3.7,Obese,40-59,2.0,2.0,proper_train
121731,42.0,12.0,13.0,313.0,48.2,0.44659568513980114,0,7.6,Obese,40-59,2.0,3.0,proper_train
121737,19.0,19.0,14.0,326.0,23.6,0.295954933528789,0,3.8,Normal,18-39,1.0,3.0,proper_train
121738,44.0,16.0,13.0,216.0,20.2,0.9039558753300031,0,2.8,Normal,40-59,2.0,3.0,proper_train
121741,77.0,18.0,19.0,258.0,27.2,1.2324426633511572,0,4.5,Overweight,60+,1.0,3.0,test
121744,61.0,35.0,47.0,195.0,21.0,1.5970346505025892,0,5.5,Normal,60+,2.0,4.0,test
121746,71.0,15.0,10.0,298.0,28.4,1.1301428550601758,0,3.9,Overweight,60+,2.0,4.0,test
121747,56.0,18.0,21.0,263.0,27.2,0.8363636249349061,0,4.6,Overweight,40-59,2.0,3.0,conformal_calibration
121750,60.0,29.0,20.0,185.0,21.3,2.1031125842430454,1,9.8,Normal,60+,1.0,4.0,test
121751,52.0,25.0,49.0,173.0,35.3,1.0734929810074318,0,5.3,Obese,40-59,1.0,1.0,test
121753,20.0,33.0,47.0,248.0,32.7,0.3881890902766549,0,5.6,Obese,18-39,1.0,1.0,proper_train
121754,29.0,38.0,69.0,205.0,28.8,0.6471473663439886,0,5.7,Overweight,18-39,1.0,3.0,test
121758,30.0,16.0,22.0,308.0,32.5,0.3322608566580942,0,4.3,Obese,18-39,2.0,3.0,conformal_calibration
121761,43.0,30.0,48.0,155.0,27.9,1.20126104395906,0,4.6,Overweight,40-59,1.0,6.0,test
121763,42.0,14.0,12.0,281.0,29.9,0.6040604239919928,0,3.9,Overweight,40-59,2.0,3.0,proper_train
121764,20.0,17.0,9.0,268.0,19.9,0.4228855721393035,0,2.4,Normal,18-39,2.0,3.0,proper_train
121771,41.0,22.0,18.0,237.0,29.7,0.8970609235306131,0,2.5,Overweight,40-59,1.0,6.0,test
121773,42.0,21.0,16.0,223.0,33.0,0.9887892376681614,0,6.1,Obese,40-59,1.0,4.0,proper_train
121774,72.0,25.0,31.0,179.0,31.3,1.8060868360234348,0,5.2,Obese,60+,1.0,3.0,proper_train
121775,59.0,22.0,24.0,185.0,27.2,1.4321791378975521,0,3.9,Overweight,40-59,1.0,4.0,proper_train
121776,59.0,20.0,13.0,220.0,27.3,1.4876050716949327,0,5.0,Overweight,40-59,2.0,3.0,proper_train
121778,53.0,20.0,14.0,210.0,25.5,1.3490329353674755,0,4.4,Overweight,40-59,2.0,2.0,conformal_calibration
121779,24.0,19.0,18.0,283.0,26.6,0.37978880120266867,0,5.1,Overweight,18-39,1.0,4.0,test
121780,65.0,21.0,33.0,337.0,29.4,0.7050919892567583,0,4.1,Overweight,60+,1.0,4.0,proper_train
121782,35.0,23.0,40.0,222.0,32.5,0.5733408820800777,1,11.0,Obese,18-39,1.0,6.0,proper_train
121783,73.0,34.0,29.0,206.0,25.4,2.2373583949293336,0,5.3,Overweight,60+,1.0,6.0,conformal_calibration
121784,74.0,22.0,21.0,206.0,27.1,1.724556918952406,0,4.8,Overweight,60+,2.0,1.0,test
121785,66.0,16.0,17.0,190.0,38.8,1.3479874738861455,0,5.8,Obese,60+,1.0,3.0,conformal_calibration
121786,55.0,28.0,23.0,198.0,49.4,1.6217787759994706,0,7.0,Obese,40-59,1.0,3.0,proper_train
121789,35.0,43.0,54.0,263.0,21.9,0.7787245591230847,0,5.3,Normal,18-39,1.0,2.0,proper_train
121791,60.0,19.0,13.0,347.0,20.4,0.9111789966812122,0,3.3,Normal,60+,2.0,6.0,proper_train
121796,57.0,28.0,20.0,251.0,22.7,1.421818522744886,0,7.0,Normal,40-59,1.0,3.0,proper_train
121808,23.0,14.0,11.0,230.0,22.7,0.42211588240886905,0,4.0,Normal,18-39,1.0,4.0,test
121809,22.0,21.0,9.0,194.0,21.6,0.7938144329896907,0,5.0,Normal,18-39,1.0,4.0,proper_train
121812,57.0,31.0,24.0,382.0,28.0,0.944207760797966,0,4.7,Overweight,40-59,2.0,3.0,conformal_calibration
121814,41.0,16.0,16.0,248.0,44.5,0.6612903225806451,0,6.6,Obese,40-59,2.0,3.0,conformal_calibration
121816,78.0,28.0,41.0,181.0,28.4,1.8844392042249485,1,17.5,Overweight,60+,1.0,3.0,proper_train
121818,44.0,16.0,41.0,283.0,29.0,0.3885029271009847,0,6.9,Overweight,40-59,1.0,6.0,conformal_calibration
121822,57.0,21.0,20.0,266.0,34.6,1.0062305898749053,0,5.1,Obese,40-59,2.0,4.0,test
121824,50.0,17.0,12.0,334.0,22.7,0.7346522886394939,0,5.5,Normal,40-59,2.0,2.0,test
121827,66.0,15.0,15.0,326.0,28.6,0.7841009228518083,0,4.7,Overweight,60+,2.0,3.0,proper_train
121828,18.0,30.0,35.0,231.0,26.7,0.3951370541587869,0,5.6,Overweight,18-39,2.0,1.0,proper_train
121830,69.0,13.0,12.0,211.0,28.9,1.2272113541779488,0,4.6,Overweight,60+,2.0,3.0,proper_train
121831,77.0,19.0,13.0,191.0,30.9,2.124414625857357,0,4.5,Obese,60+,2.0,1.0,test
121833,55.0,17.0,10.0,256.0,31.7,1.1549725047880604,0,6.6,Obese,40-59,2.0,4.0,test
121836,27.0,21.0,13.0,232.0,23.9,0.6778340759907434,0,4.0,Normal,18-39,2.0,2.0,proper_train
121838,38.0,17.0,20.0,245.0,29.8,0.5895918014142302,0,4.5,Overweight,18-39,1.0,3.0,proper_train
121839,78.0,17.0,10.0,320.0,39.7,1.310368805432272,0,3.7,Obese,60+,2.0,3.0,test
121840,64.0,19.0,8.0,229.0,30.2,1.8773839430629733,0,3.3,Obese,60+,2.0,7.0,proper_train
121841,30.0,19.0,31.0,240.0,43.9,0.4265625923135904,0,5.1,Obese,18-39,2.0,3.0,proper_train
121842,21.0,17.0,15.0,289.0,25.2,0.31895156968766963,0,4.2,Overweight,18-39,1.0,6.0,proper_train
121844,76.0,20.0,14.0,261.0,30.5,1.5564639375742724,0,5.6,Obese,60+,2.0,3.0,test
121846,36.0,23.0,40.0,250.0,45.5,0.5236731805238836,1,12.9,Obese,18-39,2.0,3.0,conformal_calibration
121847,80.0,16.0,11.0,250.0,39.3,1.5437380842381496,0,5.9,Obese,60+,2.0,3.0,proper_train
121848,23.0,28.0,22.0,195.0,32.1,0.7041090324769904,0,5.1,Obese,18-39,1.0,6.0,proper_train
121850,21.0,18.0,11.0,228.0,20.4,0.4998740712736608,0,4.5,Normal,18-39,1.0,6.0,proper_train
121854,28.0,12.0,10.0,226.0,28.2,0.4701439353170688,0,4.8,Overweight,18-39,2.0,1.0,proper_train
121864,72.0,13.0,9.0,198.0,23.0,1.5757575757575757,1,10.6,Normal,60+,1.0,3.0,proper_train
121865,25.0,35.0,39.0,190.0,23.5,0.7374322872602698,0,5.5,Normal,18-39,1.0,2.0,proper_train
121866,50.0,16.0,12.0,244.0,20.6,0.9464758511305341,0,3.9,Normal,40-59,2.0,3.0,proper_train
121868,31.0,22.0,18.0,265.0,29.9,0.6065997795839313,0,4.3,Overweight,18-39,1.0,7.0,test
121871,31.0,18.0,13.0,198.0,22.4,0.7816230037719137,0,5.4,Normal,18-39,2.0,6.0,test
121872,67.0,23.0,31.0,191.0,31.1,1.4490668608547652,0,6.6,Obese,60+,1.0,3.0,proper_train
121873,68.0,16.0,11.0,254.0,28.8,1.291513161026011,0,4.3,Overweight,60+,2.0,1.0,test
121874,23.0,21.0,26.0,298.0,40.9,0.3178660848045064,0,7.1,Obese,18-39,2.0,7.0,test
121876,49.0,24.0,13.0,235.0,24.3,1.3879307037465307,0,4.5,Normal,40-59,2.0,2.0,proper_train
121877,33.0,23.0,27.0,235.0,33.7,0.621572842999895,0,3.5,Obese,18-39,2.0,6.0,proper_train
121882,38.0,19.0,20.0,280.0,29.9,0.5765860999124457,0,6.2,Overweight,18-39,1.0,1.0,test
121883,70.0,30.0,32.0,254.0,25.2,1.4615396067832183,0,6.5,Overweight,60+,1.0,3.0,proper_train
121885,27.0,29.0,41.0,195.0,24.4,0.627097720814249,0,2.9,Normal,18-39,2.0,1.0,test
121887,66.0,33.0,25.0,193.0,19.9,2.2569948186528497,0,6.0,Normal,60+,1.0,4.0,test
121891,53.0,24.0,39.0,215.0,32.3,0.9473628448375387,0,8.0,Obese,40-59,2.0,3.0,proper_train
121893,34.0,26.0,18.0,179.0,27.4,1.1640268055286929,0,4.1,Overweight,18-39,1.0,3.0,proper_train
121894,57.0,23.0,37.0,346.0,24.8,0.6229106137494895,0,5.2,Normal,40-59,1.0,1.0,proper_train
121895,26.0,26.0,23.0,259.0,33.7,0.5442306714385426,0,3.3,Obese,18-39,1.0,2.0,test
121896,75.0,13.0,11.0,149.0,22.2,1.9729769192169095,0,4.4,Normal,60+,1.0,4.0,test
121897,18.0,25.0,31.0,235.0,24.1,0.3439250464342498,0,4.4,Normal,18-39,1.0,1.0,proper_train
121899,47.0,19.0,30.0,195.0,31.8,0.8360961433369458,0,5.2,Obese,40-59,1.0,4.0,proper_train
121905,63.0,21.0,28.0,239.0,38.4,1.0461234263414385,0,4.2,Obese,60+,1.0,4.0,test
121906,26.0,35.0,37.0,227.0,30.2,0.6590443984487891,0,7.2,Obese,18-39,1.0,1.0,proper_train
121907,64.0,20.0,24.0,220.0,29.1,1.1876313904403288,0,4.8,Overweight,60+,1.0,2.0,proper_train
121913,37.0,12.0,11.0,233.0,25.0,0.5745538068348801,0,4.6,Overweight,18-39,2.0,3.0,proper_train
121917,56.0,22.0,26.0,299.0,29.3,0.8080771855860962,0,4.9,Overweight,40-59,2.0,3.0,conformal_calibration
121918,63.0,18.0,15.0,245.0,21.1,1.1950920039725743,0,4.4,Normal,60+,1.0,4.0,test
121919,18.0,19.0,9.0,266.0,18.3,0.42857142857142855,0,4.9,Underweight,18-39,2.0,2.0,proper_train
121920,30.0,22.0,14.0,290.0,24.1,0.6082497229731039,0,3.3,Normal,18-39,1.0,3.0,proper_train
121921,30.0,24.0,32.0,251.0,34.1,0.5070885283409504,0,6.4,Obese,18-39,1.0,7.0,test
121922,41.0,21.0,16.0,180.0,21.0,1.1958333333333333,0,4.4,Normal,40-59,2.0,3.0,test
121923,62.0,19.0,18.0,224.0,32.8,1.2395413515442752,0,6.3,Obese,60+,2.0,2.0,conformal_calibration
121925,47.0,20.0,19.0,191.0,30.0,1.129061726902241,0,3.1,Obese,40-59,1.0,1.0,test
121927,71.0,20.0,17.0,183.0,43.4,1.8819704237791957,0,4.8,Obese,60+,2.0,1.0,proper_train
121928,60.0,20.0,19.0,269.0,47.1,1.0234159131772271,0,7.0,Obese,60+,2.0,1.0,proper_train
121929,64.0,18.0,11.0,381.0,28.0,0.9116563489595373,0,6.1,Overweight,60+,2.0,7.0,test
121931,23.0,40.0,68.0,280.0,25.7,0.3984513839882613,0,6.2,Overweight,18-39,2.0,6.0,proper_train
121932,21.0,17.0,11.0,427.0,37.2,0.2520832553027204,0,6.7,Obese,18-39,2.0,6.0,test
121936,60.0,19.0,15.0,184.0,25.0,1.5997105125639328,0,4.0,Overweight,60+,1.0,4.0,test
121937,22.0,17.0,27.0,191.0,34.7,0.37683944271713793,0,6.1,Obese,18-39,1.0,4.0,test
121938,38.0,178.0,112.0,151.0,27.9,4.232701482507306,1,8.4,Overweight,18-39,2.0,1.0,test
121944,56.0,18.0,20.0,278.0,29.7,0.8107757270934489,0,6.7,Overweight,40-59,2.0,3.0,proper_train
121945,80.0,20.0,10.0,198.0,25.5,2.5553758870047507,0,4.4,Overweight,60+,2.0,3.0,proper_train
121948,51.0,20.0,12.0,288.0,24.5,1.0223911016899623,0,3.6,Normal,40-59,2.0,4.0,proper_train
121950,41.0,17.0,15.0,263.0,30.0,0.6842761450713738,0,4.1,Obese,40-59,2.0,2.0,test
121956,24.0,20.0,18.0,237.0,19.8,0.47737166662382957,0,5.8,Normal,18-39,2.0,3.0,test
121958,30.0,19.0,28.0,242.0,34.2,0.4451234496183048,0,3.6,Obese,18-39,1.0,3.0,test
121961,41.0,13.0,9.0,258.0,30.9,0.6886304909560723,0,4.6,Obese,40-59,1.0,3.0,proper_train
121962,54.0,128.0,127.0,188.0,33.9,3.2624511665341376,1,13.0,Obese,40-59,1.0,1.0,proper_train
121964,73.0,19.0,13.0,308.0,25.1,1.2489759288383,0,2.9,Overweight,60+,2.0,2.0,proper_train
121965,73.0,19.0,14.0,362.0,22.8,1.0240092335152835,0,2.7,Normal,60+,2.0,3.0,test
121968,69.0,23.0,24.0,163.0,34.9,1.98739275142991,1,12.1,Obese,60+,1.0,2.0,test
121970,32.0,16.0,17.0,315.0,28.2,0.3942166349796904,0,3.6,Overweight,18-39,2.0,4.0,test
121972,38.0,29.0,68.0,278.0,25.7,0.48070909854323546,0,5.4,Overweight,18-39,1.0,6.0,proper_train
121974,80.0,17.0,12.0,169.0,28.1,2.323066171887252,0,5.6,Overweight,60+,2.0,3.0,proper_train
121975,62.0,14.0,12.0,272.0,26.4,0.9212132971628587,1,10.9,Overweight,60+,1.0,4.0,conformal_calibration
121976,50.0,38.0,58.0,189.0,31.7,1.3200117589072637,0,6.8,Obese,40-59,1.0,6.0,proper_train
121977,62.0,23.0,35.0,243.0,29.2,0.9919258989653207,0,5.4,Overweight,60+,1.0,2.0,test
121978,52.0,27.0,43.0,404.0,35.5,0.5299702790766756,1,8.2,Obese,40-59,1.0,7.0,test
121979,50.0,26.0,30.0,264.0,22.3,0.8990395514605,0,3.7,Normal,40-59,2.0,3.0,proper_train
121981,68.0,19.0,17.0,360.0,28.3,0.8704334098526172,0,6.1,Overweight,60+,2.0,3.0,proper_train
121982,27.0,20.0,34.0,298.0,26.8,0.31076924824481467,0,5.3,Overweight,18-39,1.0,3.0,proper_train
121984,61.0,36.0,31.0,191.0,23.4,2.0649908023601977,0,5.1,Normal,60+,1.0,3.0,test
121985,19.0,22.0,37.0,329.0,43.7,0.2088716616827944,1,23.0,Obese,18-39,2.0,2.0,proper_train
121987,57.0,25.0,16.0,150.0,25.3,2.375,0,7.1,Overweight,40-59,1.0,7.0,proper_train
121988,46.0,82.0,69.0,212.0,21.2,2.141959612450573,1,8.8,Normal,40-59,1.0,3.0,test
121989,60.0,30.0,34.0,294.0,23.9,1.049991337607197,0,3.0,Normal,60+,1.0,6.0,proper_train
121991,26.0,24.0,33.0,229.0,37.8,0.4743426083683644,0,7.2,Obese,18-39,2.0,2.0,test
121993,79.0,16.0,16.0,282.0,21.6,1.1205673758865249,0,3.9,Normal,60+,1.0,1.0,proper_train
121994,80.0,22.0,35.0,188.0,27.1,1.5824164769384992,0,4.9,Overweight,60+,1.0,3.0,test
121995,51.0,28.0,37.0,229.0,21.7,1.0251604972578612,0,3.8,Normal,40-59,2.0,6.0,proper_train
121997,24.0,20.0,16.0,304.0,42.3,0.39473684210526316,0,4.3,Obese,18-39,1.0,2.0,proper_train
122001,48.0,18.0,27.0,389.0,29.4,0.42744698592959435,0,2.5,Overweight,40-59,1.0,1.0,proper_train
122004,40.0,24.0,28.0,305.0,29.7,0.5948293345718986,0,6.5,Overweight,40-59,2.0,3.0,conformal_calibration
122005,33.0,26.0,39.0,245.0,36.9,0.5607753304684275,0,5.4,Obese,18-39,1.0,7.0,test
122007,18.0,28.0,6.0,180.0,20.4,1.1430952132988166,0,6.3,Normal,18-39,1.0,4.0,test
122011,22.0,19.0,16.0,189.0,17.9,0.5529100529100529,1,22.5,Underweight,18-39,1.0,4.0,test
122012,29.0,52.0,51.0,172.0,27.8,1.2276874225082783,0,5.4,Overweight,18-39,1.0,3.0,proper_train
122013,69.0,31.0,39.0,215.0,23.7,1.5930889348329367,0,5.8,Normal,60+,1.0,6.0,proper_train
122018,30.0,17.0,7.0,253.0,22.4,0.761904668911881,0,3.7,Normal,18-39,2.0,3.0,proper_train
122019,43.0,47.0,48.0,236.0,36.9,1.2360433199494,1,10.3,Obese,40-59,2.0,3.0,test
122021,23.0,29.0,85.0,299.0,27.6,0.24196089525927034,0,5.1,Overweight,18-39,1.0,4.0,proper_train
122022,47.0,14.0,17.0,277.0,50.8,0.5761315569455129,1,10.9,Obese,40-59,2.0,3.0,test
122023,59.0,22.0,19.0,259.0,24.7,1.1497359944555565,0,5.1,Normal,40-59,1.0,2.0,proper_train
122029,29.0,17.0,19.0,217.0,27.5,0.5212071741851932,0,5.0,Overweight,18-39,1.0,6.0,test
122030,65.0,18.0,16.0,228.0,34.1,1.2828947368421053,1,8.8,Obese,60+,2.0,2.0,test
122033,20.0,122.0,77.0,211.0,18.4,1.3178379457891782,0,3.8,Underweight,18-39,1.0,3.0,proper_train
122035,18.0,19.0,15.0,263.0,24.2,0.33575673115410304,0,3.4,Normal,18-39,2.0,1.0,proper_train
122036,80.0,18.0,15.0,137.0,19.4,2.7139153374884084,0,5.1,Normal,60+,2.0,6.0,proper_train
122037,68.0,21.0,27.0,200.0,36.8,1.3740936406713093,1,11.9,Obese,60+,1.0,4.0,proper_train
122038,73.0,16.0,11.0,388.0,25.6,0.9076423981103813,0,4.2,Overweight,60+,2.0,2.0,proper_train
122039,46.0,33.0,36.0,216.0,27.7,1.1712962962962963,0,6.0,Overweight,40-59,1.0,6.0,proper_train
122041,33.0,22.0,26.0,361.0,31.9,0.3944053022446582,0,3.5,Obese,18-39,2.0,2.0,proper_train
122043,64.0,17.0,14.0,250.0,33.6,1.1631209248028709,0,4.2,Obese,60+,2.0,4.0,proper_train
122044,41.0,17.0,14.0,309.0,45.8,0.6028514097506789,0,4.8,Obese,40-59,2.0,7.0,test
122047,80.0,27.0,37.0,251.0,23.3,1.4147482572891306,0,4.0,Normal,60+,1.0,3.0,conformal_calibration
122048,66.0,13.0,10.0,269.0,36.3,1.0086372611243382,0,6.0,Obese,60+,2.0,3.0,test
122052,63.0,22.0,23.0,328.0,30.2,0.8811005423265417,0,5.6,Obese,60+,2.0,3.0,proper_train
122053,47.0,16.0,12.0,177.0,24.1,1.2264615887870016,0,5.6,Normal,40-59,2.0,3.0,test
122054,49.0,14.0,16.0,230.0,29.3,0.7456521739130435,0,6.7,Overweight,40-59,1.0,7.0,proper_train
122056,61.0,20.0,23.0,252.0,28.9,1.0094745442445683,0,4.0,Overweight,60+,2.0,2.0,proper_train
122061,74.0,18.0,12.0,226.0,27.0,1.7013950410632335,0,5.2,Overweight,60+,2.0,3.0,test
122062,31.0,19.0,15.0,254.0,25.6,0.5987367955160547,0,5.1,Overweight,18-39,1.0,4.0,proper_train
122063,44.0,11.0,9.0,188.0,27.2,0.8581560283687943,0,4.3,Overweight,40-59,2.0,3.0,proper_train
122070,61.0,20.0,11.0,196.0,30.4,1.8767542876779164,0,3.7,Obese,60+,1.0,4.0,test
122074,63.0,15.0,11.0,224.0,27.7,1.2720009849374403,0,4.3,Overweight,60+,1.0,2.0,proper_train
122077,43.0,26.0,28.0,229.0,25.5,0.9226294341142272,0,5.7,Overweight,40-59,1.0,1.0,proper_train
122078,77.0,19.0,14.0,303.0,24.6,1.2904395937883724,0,4.4,Normal,60+,2.0,3.0,proper_train
122081,73.0,21.0,19.0,180.0,30.0,1.9538573334642841,0,7.0,Obese,60+,1.0,3.0,test
122089,73.0,22.0,16.0,191.0,21.9,2.102094240837696,0,4.4,Normal,60+,2.0,6.0,test
122093,27.0,17.0,10.0,283.0,20.7,0.5128923837516911,0,4.4,Normal,18-39,2.0,6.0,proper_train
122095,43.0,18.0,12.0,269.0,20.9,0.8306117255627702,0,2.8,Normal,40-59,2.0,6.0,conformal_calibration
122097,38.0,19.0,10.0,304.0,25.0,0.75104094428999,0,3.4,Overweight,18-39,2.0,3.0,proper_train
122099,57.0,40.0,29.0,160.0,24.5,2.646158569022989,0,5.4,Normal,40-59,1.0,4.0,test
122101,43.0,36.0,19.0,258.0,32.6,1.3764944032233704,0,3.3,Obese,40-59,1.0,3.0,proper_train
122102,44.0,46.0,109.0,242.0,34.4,0.8010910749122356,0,6.7,Obese,40-59,1.0,1.0,test
122105,37.0,43.0,32.0,216.0,26.8,1.3020913065599502,0,4.4,Overweight,18-39,1.0,1.0,test
122107,34.0,11.0,7.0,357.0,40.5,0.39596278124776185,0,4.8,Obese,18-39,2.0,4.0,proper_train
122108,73.0,16.0,14.0,237.0,26.5,1.3171355719565894,0,5.3,Overweight,60+,2.0,3.0,test
122111,33.0,15.0,19.0,210.0,24.9,0.5407656584091812,0,5.3,Normal,18-39,1.0,6.0,conformal_calibration
122112,25.0,24.0,16.0,210.0,26.8,0.7142857142857143,0,3.9,Overweight,18-39,1.0,7.0,proper_train
122113,42.0,15.0,13.0,148.0,21.5,1.1806119041280216,0,4.2,Normal,40-59,1.0,6.0,proper_train
122116,32.0,17.0,21.0,220.0,25.2,0.5395933285835448,0,1.7,Overweight,18-39,2.0,4.0,proper_train
122118,24.0,34.0,40.0,270.0,24.8,0.47785529086988837,0,3.9,Normal,18-39,2.0,2.0,test
122121,64.0,34.0,51.0,218.0,28.3,1.3977107627729126,1,15.8,Overweight,60+,1.0,3.0,conformal_calibration
122127,18.0,10.0,8.0,303.0,35.7,0.210031717184123,0,4.0,Obese,18-39,2.0,3.0,proper_train
122128,37.0,14.0,11.0,238.0,22.6,0.6562305734927797,0,6.5,Normal,18-39,2.0,4.0,proper_train
122129,75.0,22.0,20.0,258.0,24.0,1.4300434739824237,0,5.4,Normal,60+,1.0,3.0,proper_train
122130,19.0,17.0,12.0,392.0,20.6,0.2378624195768484,0,3.9,Normal,18-39,2.0,3.0,test
122134,80.0,17.0,9.0,280.0,29.2,1.619047619047619,0,5.8,Overweight,60+,2.0,3.0,test
122135,18.0,18.0,12.0,260.0,23.1,0.3597336292643053,0,8.1,Normal,18-39,1.0,6.0,test
122136,59.0,16.0,15.0,205.0,27.3,1.1889743996161954,0,5.1,Overweight,40-59,2.0,1.0,conformal_calibration
122139,72.0,14.0,11.0,231.0,28.1,1.315685867248423,0,3.1,Overweight,60+,1.0,6.0,proper_train
122140,53.0,12.0,13.0,319.0,28.0,0.5529613241367488,0,5.5,Overweight,40-59,2.0,7.0,test
122143,18.0,21.0,14.0,340.0,27.8,0.2971316160085189,0,5.4,Overweight,18-39,2.0,1.0,proper_train
122144,69.0,22.0,19.0,152.0,26.7,2.291138710628373,0,7.7,Overweight,60+,1.0,4.0,test
122146,60.0,23.0,20.0,288.0,22.7,1.0714492392186492,0,3.8,Normal,60+,1.0,4.0,test
122150,60.0,37.0,38.0,204.0,25.7,1.7653507593641806,0,4.7,Overweight,60+,1.0,4.0,proper_train
122152,42.0,14.0,13.0,241.0,25.5,0.6766882061834746,0,4.1,Overweight,40-59,2.0,3.0,conformal_calibration
122153,63.0,24.0,31.0,252.0,36.4,1.0776318121606494,0,4.1,Obese,60+,1.0,3.0,proper_train
122154,72.0,22.0,25.0,218.0,24.9,1.453211009174312,1,11.6,Normal,60+,1.0,3.0,proper_train
122156,60.0,14.0,16.0,254.0,54.6,0.8267716535433071,1,12.5,Obese,60+,1.0,3.0,proper_train
122158,20.0,15.0,11.0,232.0,21.9,0.3898853593677978,0,5.1,Normal,18-39,2.0,1.0,conformal_calibration
122159,77.0,19.0,20.0,223.0,51.6,1.4669809197677992,0,5.8,Obese,60+,2.0,4.0,conformal_calibration
122163,31.0,21.0,19.0,232.0,21.6,0.6437484601281711,0,5.3,Normal,18-39,1.0,3.0,test
122166,70.0,14.0,12.0,178.0,37.4,1.589335010690543,1,9.3,Obese,60+,1.0,4.0,test
122179,18.0,15.0,17.0,196.0,18.6,0.33410519775413217,0,2.6,Normal,18-39,1.0,1.0,proper_train
122184,27.0,22.0,23.0,193.0,45.7,0.6417490256471629,0,4.1,Obese,18-39,1.0,3.0,test
122187,80.0,13.0,10.0,252.0,25.2,1.3050669708631406,0,2.8,Overweight,60+,1.0,3.0,proper_train
122188,54.0,21.0,7.0,223.0,21.8,1.9220256161097025,0,5.0,Normal,40-59,2.0,6.0,proper_train
122192,59.0,22.0,19.0,286.0,35.8,1.0411944844894725,0,4.9,Obese,40-59,1.0,4.0,test
122193,54.0,29.0,30.0,227.0,31.7,1.2595205947916155,0,3.6,Obese,40-59,2.0,4.0,proper_train
122196,23.0,16.0,13.0,258.0,25.1,0.3956001399435743,0,3.8,Overweight,18-39,2.0,1.0,proper_train
122199,60.0,22.0,26.0,224.0,33.8,1.1556843677785846,0,5.0,Obese,60+,2.0,7.0,conformal_calibration
122202,49.0,21.0,20.0,186.0,38.3,1.237050510132948,0,4.8,Obese,40-59,1.0,4.0,test
122203,29.0,24.0,25.0,259.0,33.5,0.5374517374517375,0,6.4,Obese,18-39,1.0,4.0,test
122204,34.0,24.0,32.0,238.0,28.0,0.6060915267313264,0,4.9,Overweight,18-39,1.0,3.0,test
122207,43.0,30.0,26.0,261.0,14.6,0.9693096334415993,0,4.8,Underweight,40-59,2.0,6.0,proper_train
122209,31.0,22.0,23.0,276.0,24.7,0.5152421390830616,0,4.2,Normal,18-39,1.0,3.0,proper_train
122210,19.0,14.0,10.0,201.0,21.2,0.41849047642029297,0,6.8,Normal,18-39,2.0,3.0,conformal_calibration
122213,36.0,34.0,31.0,221.0,22.8,0.9947370573790612,0,3.3,Normal,18-39,2.0,3.0,test
122214,76.0,19.0,18.0,296.0,30.4,1.149844810848395,0,4.5,Obese,60+,2.0,3.0,proper_train
122215,42.0,16.0,13.0,314.0,30.2,0.5935645411836847,0,4.3,Obese,40-59,2.0,6.0,conformal_calibration
122216,44.0,22.0,40.0,228.0,27.0,0.6712905208427612,0,4.3,Overweight,40-59,1.0,2.0,proper_train
122217,49.0,13.0,13.0,359.0,36.2,0.4921225974867284,0,4.6,Obese,40-59,2.0,4.0,proper_train
122219,50.0,22.0,27.0,176.0,29.7,1.2028130608117202,0,6.0,Overweight,40-59,1.0,1.0,proper_train
122222,25.0,18.0,17.0,190.0,30.6,0.5744264803492097,0,5.2,Obese,18-39,1.0,3.0,proper_train
122227,66.0,17.0,11.0,297.0,21.2,1.1390428572937736,0,4.3,Normal,60+,1.0,4.0,proper_train
122233,20.0,19.0,16.0,249.0,20.1,0.3815261044176707,0,3.6,Normal,18-39,2.0,1.0,proper_train
122234,22.0,21.0,18.0,247.0,32.6,0.4408681955576046,0,5.8,Obese,18-39,1.0,4.0,proper_train
122235,50.0,20.0,22.0,209.0,32.3,1.02009912131871,0,5.5,Obese,40-59,1.0,3.0,test
122237,68.0,23.0,13.0,266.0,26.3,1.6307351633388316,0,4.8,Overweight,60+,2.0,4.0,conformal_calibration
122239,35.0,14.0,8.0,205.0,20.4,0.8450788360522153,0,5.8,Normal,18-39,1.0,4.0,proper_train
122240,63.0,18.0,24.0,305.0,33.5,0.7589402645672471,0,3.9,Obese,60+,2.0,3.0,test
122241,42.0,19.0,12.0,223.0,23.9,1.033016849357223,0,6.1,Normal,40-59,1.0,3.0,proper_train
122244,75.0,15.0,15.0,142.0,36.5,2.045589795532086,0,4.9,Obese,60+,1.0,4.0,test
122245,54.0,42.0,39.0,185.0,19.2,1.9630846098915546,0,4.4,Normal,40-59,1.0,4.0,test
122246,70.0,26.0,25.0,224.0,34.6,1.625,1,9.9,Obese,60+,1.0,4.0,test
122252,70.0,22.0,29.0,172.0,32.1,1.6626210511201156,0,3.8,Obese,60+,1.0,3.0,proper_train
122254,32.0,16.0,11.0,291.0,26.8,0.5304941870234192,0,4.5,Overweight,18-39,2.0,3.0,proper_train
122258,22.0,109.0,44.0,333.0,43.1,1.0856219283745905,0,5.7,Obese,18-39,1.0,1.0,proper_train
122260,62.0,43.0,23.0,214.0,23.3,2.5976608779259878,0,4.6,Normal,60+,1.0,4.0,proper_train
122264,41.0,12.0,10.0,328.0,29.4,0.4743416490252569,0,3.4,Overweight,40-59,2.0,3.0,conformal_calibration
122265,22.0,15.0,18.0,283.0,32.8,0.27484715876508914,0,3.1,Obese,18-39,2.0,3.0,proper_train
122266,43.0,21.0,21.0,211.0,24.0,0.9338898335691996,0,3.9,Normal,40-59,1.0,3.0,proper_train
122268,64.0,10.0,11.0,246.0,41.8,0.7844197582510923,0,3.9,Obese,60+,2.0,1.0,test
122269,70.0,18.0,18.0,316.0,31.8,0.9398254686656645,0,5.4,Obese,60+,2.0,3.0,conformal_calibration
122271,22.0,28.0,43.0,244.0,31.2,0.38499639067575603,0,4.4,Obese,18-39,1.0,3.0,proper_train
122274,30.0,26.0,27.0,295.0,23.9,0.5088510847095007,0,7.7,Normal,18-39,1.0,7.0,test
122276,28.0,30.0,28.0,254.0,27.2,0.6249806246609269,0,5.3,Overweight,18-39,2.0,6.0,proper_train
122278,18.0,17.0,11.0,238.0,27.3,0.38765744302855326,0,4.4,Overweight,18-39,2.0,4.0,test
122282,25.0,22.0,22.0,274.0,36.3,0.42795764231965594,0,3.4,Obese,18-39,2.0,1.0,test
122283,60.0,20.0,13.0,219.0,25.6,1.5197265650006277,0,4.7,Overweight,60+,1.0,4.0,conformal_calibration
122286,64.0,42.0,79.0,237.0,36.1,1.2760490623160978,1,10.1,Obese,60+,2.0,6.0,test
122287,64.0,17.0,11.0,135.0,18.6,2.4299580955600506,0,4.4,Normal,60+,2.0,6.0,test
122289,57.0,16.0,12.0,221.0,22.1,1.1912747635767844,0,4.0,Normal,40-59,2.0,3.0,proper_train
122290,61.0,27.0,32.0,243.0,63.4,1.1981531570105386,1,75.0,Obese,60+,2.0,4.0,test
122291,73.0,15.0,11.0,178.0,21.7,1.854802934340737,1,9.1,Normal,60+,1.0,3.0,conformal_calibration
122293,64.0,20.0,20.0,191.0,32.1,1.4985167597904347,0,5.8,Obese,60+,2.0,4.0,test
122294,30.0,20.0,21.0,207.0,26.3,0.6325156238724418,0,2.5,Overweight,18-39,2.0,3.0,proper_train
122295,70.0,35.0,23.0,164.0,39.4,3.1150019173160564,0,4.2,Obese,60+,2.0,3.0,conformal_calibration
122297,59.0,17.0,13.0,201.0,26.9,1.3839907880942905,0,4.9,Overweight,40-59,2.0,3.0,proper_train
122300,47.0,17.0,15.0,224.0,24.5,0.9209862183392041,0,3.9,Normal,40-59,1.0,6.0,test
122301,39.0,18.0,7.0,233.0,24.8,1.1387599143883154,0,2.9,Normal,18-39,2.0,4.0,proper_train
122302,23.0,15.0,9.0,304.0,20.5,0.3782894736842105,0,4.7,Normal,18-39,2.0,3.0,conformal_calibration
122303,19.0,29.0,23.0,376.0,40.0,0.3055623461315112,0,6.1,Obese,18-39,2.0,4.0,proper_train
122304,65.0,15.0,19.0,235.0,26.8,0.9518312362714795,0,4.1,Overweight,60+,2.0,1.0,test
122305,33.0,34.0,54.0,278.0,53.7,0.5492261173866358,1,10.8,Obese,18-39,1.0,6.0,proper_train
122310,48.0,20.0,16.0,223.0,20.6,1.0762331838565022,1,9.0,Normal,40-59,1.0,7.0,conformal_calibration
122314,77.0,19.0,23.0,250.0,26.8,1.2202263510620017,0,6.0,Overweight,60+,2.0,6.0,conformal_calibration
122315,80.0,43.0,57.0,205.0,24.4,2.2226299064896344,0,3.6,Normal,60+,1.0,6.0,proper_train
122319,31.0,13.0,9.0,344.0,32.8,0.3905038759689923,0,4.6,Obese,18-39,2.0,4.0,test
122322,39.0,46.0,84.0,350.0,63.5,0.5592612786905291,1,18.2,Obese,18-39,2.0,3.0,conformal_calibration
122323,48.0,23.0,20.0,212.0,35.2,1.1644429467734754,0,4.4,Obese,40-59,2.0,4.0,proper_train
122324,47.0,20.0,21.0,203.0,23.9,1.0104670779400633,0,3.6,Normal,40-59,1.0,7.0,test
122325,40.0,15.0,21.0,355.0,36.5,0.3688189694129449,0,6.1,Obese,40-59,1.0,3.0,proper_train
122328,55.0,14.0,19.0,222.0,39.8,0.795721239100597,0,7.9,Obese,40-59,1.0,3.0,proper_train
122333,39.0,11.0,15.0,291.0,41.0,0.3806437240602478,0,4.5,Obese,18-39,2.0,1.0,proper_train
122334,29.0,15.0,15.0,240.0,27.7,0.46798548766672954,0,4.0,Overweight,18-39,2.0,1.0,proper_train
122335,28.0,21.0,12.0,253.0,27.9,0.6709129610345849,0,6.2,Overweight,18-39,1.0,4.0,test
122337,64.0,34.0,57.0,223.0,24.6,1.2924584793603298,0,6.3,Normal,60+,1.0,4.0,proper_train
122338,34.0,19.0,23.0,230.0,56.4,0.585653528177697,0,7.6,Obese,18-39,2.0,4.0,proper_train
122339,68.0,15.0,10.0,218.0,27.4,1.4795978042989664,0,3.5,Overweight,60+,1.0,4.0,proper_train
122340,36.0,18.0,15.0,200.0,24.3,0.836564402780802,0,5.3,Normal,18-39,2.0,2.0,proper_train
122343,69.0,18.0,17.0,169.0,52.6,1.7824215757108022,0,7.5,Obese,60+,2.0,6.0,proper_train
122346,33.0,18.0,12.0,308.0,26.4,0.5567306167185677,0,3.3,Overweight,18-39,1.0,4.0,test
122350,39.0,15.0,9.0,313.0,19.7,0.6230031948881789,0,4.5,Normal,18-39,2.0,6.0,proper_train
122351,57.0,29.0,29.0,150.0,20.4,2.0463626267111117,0,4.6,Normal,40-59,2.0,7.0,test
122355,70.0,14.0,20.0,372.0,33.6,0.5890716714918801,0,5.2,Obese,60+,2.0,3.0,proper_train
122356,22.0,14.0,10.0,250.0,26.3,0.3895926077327443,0,5.0,Overweight,18-39,2.0,3.0,conformal_calibration
122359,66.0,28.0,25.0,203.0,23.6,1.8206896551724139,0,3.1,Normal,60+,1.0,2.0,proper_train
122360,18.0,20.0,11.0,188.0,24.7,0.5773621491914623,0,6.1,Normal,18-39,1.0,1.0,conformal_calibration
122361,31.0,20.0,22.0,240.0,48.6,0.5507685172519936,0,6.8,Obese,18-39,1.0,4.0,proper_train
122363,39.0,30.0,43.0,193.0,23.0,0.9244731983893651,0,3.3,Normal,18-39,1.0,6.0,conformal_calibration
122364,19.0,26.0,14.0,352.0,27.6,0.37507685654755013,0,5.4,Overweight,18-39,2.0,4.0,proper_train
122366,19.0,21.0,19.0,173.0,18.0,0.5291149006610065,0,4.3,Underweight,18-39,1.0,7.0,test
122367,59.0,15.0,9.0,221.0,38.2,1.334841628959276,0,5.0,Obese,40-59,2.0,4.0,test
122369,26.0,112.0,45.0,309.0,21.9,1.404839255766858,0,6.8,Normal,18-39,2.0,4.0,test
122373,39.0,29.0,19.0,150.0,22.3,1.7297946333840355,0,4.3,Normal,18-39,2.0,4.0,proper_train
122375,57.0,18.0,21.0,280.0,21.2,0.799612697793315,0,5.3,Normal,40-59,1.0,6.0,conformal_calibration
122376,74.0,20.0,11.0,178.0,19.7,2.5069482582870233,0,5.2,Normal,60+,2.0,4.0,proper_train
122378,18.0,18.0,13.0,256.0,22.6,0.35102121792377783,0,4.1,Normal,18-39,1.0,1.0,proper_train
122379,46.0,15.0,12.0,249.0,26.0,0.7999431440579153,0,3.7,Overweight,40-59,2.0,1.0,proper_train
122383,22.0,11.0,17.0,259.0,23.4,0.22661629829649646,0,3.1,Normal,18-39,2.0,7.0,proper_train
122384,43.0,31.0,41.0,204.0,30.3,1.0204883558701563,0,4.7,Obese,40-59,1.0,4.0,proper_train
122387,72.0,20.0,16.0,251.0,41.0,1.4342629482071714,0,8.1,Obese,60+,1.0,7.0,proper_train
122389,28.0,23.0,30.0,169.0,27.3,0.6957264833004476,1,10.5,Overweight,18-39,1.0,1.0,conformal_calibration
122390,41.0,18.0,13.0,252.0,30.6,0.8122395730440856,0,7.0,Obese,40-59,2.0,4.0,test
122392,51.0,15.0,8.0,150.0,38.0,1.8031222920256962,0,5.8,Obese,40-59,2.0,4.0,conformal_calibration
122393,23.0,19.0,12.0,274.0,21.4,0.4604052329121651,0,4.4,Normal,18-39,2.0,7.0,test
122394,66.0,14.0,14.0,168.0,28.8,1.469936830518334,0,3.9,Overweight,60+,2.0,7.0,proper_train
122395,38.0,26.0,40.0,252.0,31.8,0.6199068111599918,0,5.5,Obese,18-39,1.0,1.0,proper_train
122396,53.0,17.0,31.0,189.0,28.9,0.8562136355879587,0,4.4,Overweight,40-59,1.0,3.0,conformal_calibration
122399,78.0,17.0,9.0,157.0,24.2,2.8152866242038215,0,4.9,Normal,60+,2.0,4.0,test
122400,61.0,37.0,39.0,360.0,45.1,1.003914564272449,0,7.2,Obese,60+,1.0,4.0,test
122401,43.0,13.0,8.0,152.0,30.2,1.3002391140897371,0,4.3,Obese,40-59,2.0,7.0,test
122404,19.0,19.0,24.0,232.0,22.8,0.31762420874451414,0,7.3,Normal,18-39,1.0,6.0,conformal_calibration
122405,67.0,30.0,36.0,200.0,28.4,1.675,0,6.6,Overweight,60+,1.0,6.0,proper_train
122407,61.0,24.0,27.0,145.0,33.4,1.9430822852726715,1,14.2,Obese,60+,1.0,6.0,proper_train
122408,42.0,17.0,13.0,279.0,20.7,0.7097776704387341,0,4.5,Normal,40-59,2.0,3.0,proper_train
122414,56.0,18.0,18.0,262.0,28.5,0.9068239636590839,0,7.2,Overweight,40-59,2.0,2.0,proper_train
122416,28.0,26.0,21.0,221.0,25.1,0.7188354031303278,0,5.3,Overweight,18-39,1.0,6.0,proper_train
122417,62.0,23.0,36.0,227.0,36.7,1.0469897209985315,0,4.3,Obese,60+,1.0,4.0,proper_train
122419,61.0,23.0,19.0,211.0,26.6,1.5254515384852994,0,5.8,Overweight,60+,1.0,4.0,conformal_calibration
122421,19.0,14.0,9.0,268.0,18.7,0.3308457711442786,0,2.9,Normal,18-39,2.0,4.0,proper_train
122423,47.0,94.0,102.0,284.0,36.1,1.5403069876306152,0,6.1,Obese,40-59,1.0,1.0,proper_train
122430,19.0,16.0,11.0,205.0,20.2,0.4471192622031226,0,6.3,Normal,18-39,2.0,3.0,proper_train
122431,57.0,22.0,15.0,358.0,28.7,0.9044173400640784,0,4.4,Overweight,40-59,2.0,1.0,proper_train
122434,74.0,37.0,48.0,262.0,35.4,1.5083826689324384,1,11.8,Obese,60+,2.0,2.0,test
122435,48.0,21.0,29.0,230.0,34.3,0.8138300038368187,0,6.9,Obese,40-59,1.0,4.0,proper_train
122436,71.0,21.0,19.0,209.0,34.4,1.6366452593349643,0,4.4,Obese,60+,1.0,3.0,test
122442,62.0,19.0,10.0,182.0,21.7,2.046792903119973,0,5.4,Normal,60+,2.0,3.0,proper_train
122448,44.0,28.0,36.0,268.0,21.2,0.7661691542288557,0,4.3,Normal,40-59,1.0,6.0,proper_train
122449,40.0,18.0,14.0,241.0,24.4,0.7984568223109774,0,5.1,Normal,40-59,1.0,3.0,test
122451,22.0,22.0,14.0,335.0,19.2,0.386132659957055,0,4.5,Normal,18-39,2.0,6.0,test
122453,61.0,26.0,38.0,236.0,26.5,1.090182940310972,0,4.1,Overweight,60+,1.0,6.0,proper_train
122454,51.0,13.0,13.0,262.0,30.4,0.7018439505674178,0,5.6,Obese,40-59,2.0,3.0,proper_train
122456,56.0,16.0,23.0,239.0,41.8,0.7817109414022552,1,9.5,Obese,40-59,2.0,2.0,test
122459,25.0,20.0,12.0,217.0,19.0,0.6651500797115505,0,5.4,Normal,18-39,1.0,3.0,conformal_calibration
122460,20.0,15.0,13.0,363.0,24.1,0.22921495711786327,0,4.8,Normal,18-39,2.0,6.0,proper_train
122462,30.0,20.0,17.0,257.0,20.7,0.5662310312132287,0,3.6,Normal,18-39,2.0,6.0,proper_train
122463,53.0,22.0,24.0,300.0,35.1,0.7933625111347739,0,5.5,Obese,40-59,1.0,4.0,proper_train
122468,31.0,28.0,46.0,267.0,29.4,0.47932441176947826,0,6.7,Overweight,18-39,1.0,1.0,proper_train
122472,37.0,54.0,74.0,227.0,34.2,1.023184062599784,1,8.6,Obese,18-39,1.0,3.0,test
122473,67.0,13.0,12.0,203.0,40.0,1.2386011932614878,0,4.8,Obese,60+,2.0,3.0,proper_train
122474,49.0,38.0,73.0,195.0,27.1,1.1175929029702314,0,7.4,Overweight,40-59,2.0,4.0,conformal_calibration
122477,35.0,25.0,38.0,324.0,21.3,0.4380979737327692,0,6.6,Normal,18-39,2.0,2.0,proper_train
122478,42.0,15.0,16.0,319.0,26.5,0.493730407523511,0,3.9,Overweight,40-59,2.0,6.0,proper_train
122481,18.0,34.0,22.0,200.0,25.1,0.652394192048168,0,3.2,Overweight,18-39,1.0,1.0,proper_train
122482,69.0,16.0,18.0,220.0,23.3,1.1827967976211342,0,4.5,Normal,60+,2.0,3.0,test
122487,20.0,25.0,15.0,266.0,19.4,0.48533625892323523,0,4.8,Normal,18-39,2.0,3.0,conformal_calibration
122490,33.0,16.0,13.0,231.0,35.6,0.6339430814002619,0,5.9,Obese,18-39,1.0,3.0,proper_train
122493,52.0,16.0,22.0,297.0,34.1,0.5972491448076359,0,7.0,Obese,40-59,2.0,4.0,proper_train
122496,80.0,21.0,23.0,154.0,31.5,2.2747026988044525,0,6.1,Obese,60+,1.0,2.0,proper_train
122497,27.0,23.0,14.0,236.0,18.5,0.7032594543543031,0,3.4,Underweight,18-39,2.0,4.0,test
122499,55.0,12.0,10.0,509.0,33.6,0.41003993235975056,0,6.7,Obese,40-59,2.0,3.0,test
122500,23.0,14.0,10.0,232.0,18.6,0.4389023304199216,0,4.5,Normal,18-39,2.0,3.0,proper_train
122503,32.0,16.0,11.0,222.0,29.0,0.69537751542259,0,4.3,Overweight,18-39,2.0,6.0,conformal_calibration
122504,47.0,45.0,28.0,262.0,26.7,1.5255627107147245,0,6.7,Overweight,40-59,1.0,4.0,proper_train
122511,60.0,12.0,10.0,230.0,26.7,0.9899303979657534,0,3.0,Overweight,60+,1.0,3.0,proper_train
122512,37.0,13.0,10.0,289.0,26.6,0.5263168008792354,0,3.5,Overweight,18-39,2.0,7.0,conformal_calibration
122513,28.0,36.0,42.0,344.0,32.8,0.4521446998889205,0,5.0,Obese,18-39,2.0,4.0,conformal_calibration
122514,19.0,21.0,37.0,297.0,35.0,0.22085924557184364,0,4.3,Obese,18-39,1.0,3.0,proper_train
122517,67.0,12.0,8.0,360.0,42.8,0.789602572324978,0,4.1,Obese,60+,2.0,4.0,proper_train
122520,54.0,19.0,20.0,326.0,31.8,0.7037440935321424,0,5.9,Obese,40-59,1.0,3.0,conformal_calibration
122524,45.0,11.0,9.0,300.0,28.2,0.55,0,5.8,Overweight,40-59,2.0,3.0,test
122525,62.0,18.0,8.0,251.0,33.7,1.5719744378569462,0,6.9,Obese,60+,1.0,6.0,test
122526,23.0,28.0,20.0,241.0,21.1,0.5975218993816865,0,3.9,Normal,18-39,1.0,1.0,conformal_calibration
122528,19.0,25.0,16.0,321.0,20.0,0.36993769470404986,0,5.0,Normal,18-39,1.0,4.0,proper_train
122534,63.0,50.0,43.0,275.0,25.7,1.7468018056280172,1,10.9,Overweight,60+,1.0,4.0,test
122535,23.0,24.0,34.0,340.0,31.1,0.2784329970548967,0,6.1,Obese,18-39,1.0,3.0,proper_train
122536,54.0,38.0,23.0,180.0,26.1,2.3770643202506525,0,5.1,Overweight,40-59,1.0,4.0,conformal_calibration
122537,31.0,30.0,51.0,215.0,28.5,0.6057025479749065,1,8.5,Overweight,18-39,1.0,3.0,conformal_calibration
122543,47.0,60.0,63.0,245.0,29.8,1.4501494066476472,0,7.0,Overweight,40-59,1.0,3.0,proper_train
122546,43.0,24.0,36.0,221.0,26.9,0.7782805429864253,0,6.1,Overweight,40-59,1.0,3.0,proper_train
122550,80.0,15.0,10.0,213.0,20.4,1.781564878968101,0,3.2,Normal,60+,1.0,4.0,test
122555,33.0,15.0,10.0,291.0,37.2,0.5379132102348274,0,2.9,Obese,18-39,2.0,4.0,conformal_calibration
122556,51.0,21.0,19.0,209.0,25.8,1.1756184257194815,0,5.3,Overweight,40-59,1.0,3.0,proper_train
122559,44.0,17.0,28.0,228.0,34.9,0.6199943548484692,0,6.8,Obese,40-59,1.0,4.0,proper_train
122560,71.0,14.0,13.0,241.0,28.7,1.143925300929207,0,4.1,Overweight,60+,2.0,3.0,proper_train
122563,19.0,27.0,30.0,190.0,35.4,0.4929503017546495,0,4.2,Obese,18-39,1.0,2.0,proper_train
122567,71.0,20.0,18.0,157.0,18.4,2.1318293615390607,0,4.4,Underweight,60+,1.0,3.0,test
122569,54.0,17.0,28.0,197.0,28.1,0.880638036097641,0,4.0,Overweight,40-59,2.0,1.0,test
122572,62.0,17.0,16.0,163.0,28.0,1.616564417177914,0,4.4,Overweight,60+,1.0,3.0,test
122574,70.0,22.0,13.0,160.0,20.0,2.669494694333915,0,3.3,Normal,60+,2.0,4.0,proper_train
122576,55.0,22.0,12.0,306.0,16.7,1.1414931792801424,0,6.5,Underweight,40-59,2.0,6.0,proper_train
122578,22.0,23.0,36.0,216.0,32.9,0.3904320987654321,0,5.1,Obese,18-39,2.0,1.0,proper_train
122581,31.0,12.0,9.0,282.0,29.6,0.4397163120567376,0,3.5,Overweight,18-39,2.0,4.0,proper_train
122585,72.0,23.0,17.0,195.0,30.1,2.0596871541547044,0,6.0,Obese,60+,1.0,7.0,conformal_calibration
122586,18.0,17.0,12.0,305.0,36.5,0.2896216104459434,1,8.8,Obese,18-39,2.0,4.0,conformal_calibration
122587,48.0,20.0,23.0,199.0,23.8,1.0058986808783508,0,4.5,Normal,40-59,1.0,4.0,proper_train
122592,26.0,10.0,6.0,238.0,29.4,0.4459855273974974,0,2.4,Overweight,18-39,2.0,4.0,proper_train
122594,59.0,19.0,19.0,137.0,21.9,1.87719005597737,0,5.0,Normal,40-59,1.0,4.0,proper_train
122595,65.0,14.0,17.0,309.0,26.8,0.7142634912073237,0,5.3,Overweight,60+,1.0,1.0,proper_train
122596,25.0,21.0,26.0,213.0,37.2,0.48338484012932686,0,7.2,Obese,18-39,1.0,3.0,proper_train
122597,56.0,14.0,15.0,210.0,28.2,0.9639425217227348,0,4.5,Overweight,40-59,1.0,3.0,proper_train
122598,25.0,16.0,13.0,255.0,24.8,0.43505897743155225,0,4.5,Normal,18-39,2.0,4.0,test
122599,55.0,12.0,22.0,382.0,48.9,0.36835725862487667,0,3.7,Obese,40-59,2.0,4.0,test
122602,22.0,14.0,13.0,319.0,31.3,0.26778630162597267,0,6.1,Obese,18-39,2.0,3.0,proper_train
122608,19.0,14.0,9.0,340.0,49.9,0.2607843137254902,1,12.2,Obese,18-39,2.0,4.0,proper_train
122609,44.0,13.0,7.0,186.0,20.7,1.1623423578563332,0,3.5,Normal,40-59,2.0,6.0,proper_train
122611,44.0,18.0,30.0,279.0,40.6,0.5182751081769313,0,7.0,Obese,40-59,1.0,2.0,proper_train
122612,67.0,20.0,12.0,246.0,23.3,1.5724580502319077,0,5.5,Normal,60+,2.0,3.0,proper_train
122616,48.0,20.0,24.0,286.0,25.5,0.6851719560232667,0,5.6,Overweight,40-59,1.0,6.0,test
122617,25.0,16.0,17.0,218.0,34.4,0.44501949547951003,0,4.2,Obese,18-39,2.0,3.0,proper_train
122619,31.0,13.0,11.0,321.0,47.0,0.37853293415837613,0,3.6,Obese,18-39,2.0,3.0,proper_train
122621,72.0,20.0,20.0,177.0,32.2,1.819173947796439,0,7.7,Obese,60+,1.0,3.0,proper_train
122622,28.0,23.0,18.0,216.0,24.3,0.7027419245125566,0,4.4,Normal,18-39,1.0,4.0,test
122624,76.0,30.0,31.0,307.0,28.0,1.3338765101662762,0,4.4,Overweight,60+,1.0,3.0,test
122625,62.0,31.0,13.0,224.0,34.5,2.3797628954127017,0,3.5,Obese,60+,1.0,4.0,test
122629,73.0,14.0,18.0,283.0,28.2,0.8511933219937003,0,5.8,Overweight,60+,1.0,3.0,proper_train
122630,30.0,22.0,37.0,254.0,30.0,0.42717847095092837,0,5.7,Obese,18-39,1.0,3.0,proper_train
122631,45.0,20.0,19.0,238.0,26.0,0.867538489426494,0,3.1,Overweight,40-59,2.0,3.0,test
122634,30.0,14.0,8.0,217.0,21.8,0.6842968850192395,0,4.0,Normal,18-39,2.0,7.0,test
122636,61.0,20.0,18.0,264.0,29.3,1.0892301427368536,0,7.2,Overweight,60+,2.0,3.0,test
122637,24.0,21.0,13.0,188.0,25.8,0.7435343055784988,0,5.1,Overweight,18-39,1.0,2.0,proper_train
122639,48.0,22.0,20.0,230.0,25.5,1.0266468627129468,0,3.6,Overweight,40-59,1.0,6.0,test
122643,28.0,25.0,49.0,202.0,38.8,0.49504950495049505,0,6.0,Obese,18-39,1.0,3.0,proper_train
122644,44.0,21.0,21.0,219.0,27.7,0.9207001396258309,0,3.3,Overweight,40-59,1.0,2.0,proper_train
122647,60.0,27.0,25.0,180.0,31.3,1.8,0,4.7,Obese,60+,2.0,4.0,proper_train
122651,56.0,25.0,21.0,216.0,32.3,1.4143752144925434,0,3.8,Obese,40-59,2.0,1.0,conformal_calibration
122652,73.0,22.0,13.0,198.0,24.1,2.2496174624689846,0,3.3,Normal,60+,2.0,2.0,conformal_calibration
122654,55.0,27.0,24.0,200.0,31.5,1.5156217783470916,0,5.5,Obese,40-59,1.0,4.0,conformal_calibration
122655,56.0,12.0,17.0,270.0,52.2,0.603644222312651,0,7.7,Obese,40-59,2.0,7.0,test
122656,20.0,27.0,23.0,267.0,21.3,0.42171454528397145,0,5.5,Normal,18-39,1.0,4.0,proper_train
122657,72.0,16.0,20.0,211.0,29.3,1.220829530843487,0,5.4,Overweight,60+,1.0,1.0,proper_train
122659,32.0,29.0,35.0,237.0,27.7,0.6618591969519522,0,6.0,Overweight,18-39,1.0,6.0,proper_train
122660,65.0,25.0,19.0,256.0,25.9,1.456252216951808,0,3.7,Overweight,60+,2.0,4.0,proper_train
122662,35.0,35.0,28.0,247.0,25.0,0.9372600798305735,0,7.0,Overweight,18-39,1.0,3.0,conformal_calibration
122663,24.0,16.0,8.0,202.0,23.4,0.6721014949891936,0,2.8,Normal,18-39,2.0,2.0,proper_train
122664,52.0,29.0,21.0,211.0,26.3,1.5595856799804575,0,4.4,Overweight,40-59,1.0,6.0,proper_train
122670,56.0,39.0,56.0,185.0,27.4,1.5775636549641483,1,8.4,Overweight,40-59,1.0,3.0,conformal_calibration
122672,47.0,16.0,19.0,229.0,31.1,0.7533652046753818,0,3.6,Obese,40-59,1.0,3.0,proper_train
122676,43.0,21.0,34.0,197.0,39.8,0.7861077278359668,0,6.6,Obese,40-59,1.0,4.0,proper_train
122678,61.0,18.0,13.0,265.0,31.0,1.1491713499156633,0,3.4,Obese,60+,2.0,4.0,test
122683,54.0,24.0,19.0,229.0,25.4,1.2983527995469346,0,3.3,Overweight,40-59,1.0,4.0,test
122684,26.0,24.0,34.0,228.0,35.2,0.4693645488110768,0,2.7,Obese,18-39,2.0,2.0,proper_train
122685,61.0,18.0,15.0,277.0,35.0,1.0234742994309851,0,3.8,Obese,60+,2.0,4.0,proper_train
122687,19.0,22.0,22.0,331.0,28.6,0.26923836687808206,0,3.7,Overweight,18-39,2.0,3.0,proper_train
122689,38.0,21.0,26.0,230.0,26.9,0.6804377210446559,0,5.1,Overweight,18-39,1.0,1.0,test
122691,42.0,24.0,61.0,313.0,41.7,0.41233602227590777,1,12.0,Obese,40-59,1.0,7.0,proper_train
122692,44.0,15.0,11.0,207.0,20.2,0.9613405189435942,0,4.6,Normal,40-59,2.0,6.0,proper_train
122694,77.0,20.0,22.0,154.0,31.0,2.1320071635561044,1,8.2,Obese,60+,1.0,4.0,conformal_calibration
122698,33.0,29.0,26.0,254.0,23.7,0.7389100052253628,0,6.7,Normal,18-39,1.0,3.0,proper_train
122699,29.0,17.0,22.0,361.0,28.5,0.291157764995335,0,4.1,Overweight,18-39,1.0,2.0,proper_train
122700,35.0,23.0,27.0,219.0,27.4,0.7074078640755689,0,4.0,Overweight,18-39,1.0,3.0,test
122703,53.0,16.0,12.0,230.0,25.2,1.0643326701582667,0,6.3,Overweight,40-59,2.0,3.0,proper_train
122707,32.0,17.0,16.0,230.0,28.7,0.591304347826087,0,6.2,Overweight,18-39,1.0,7.0,proper_train
122709,54.0,23.0,22.0,225.0,26.1,1.1768679542829694,0,3.7,Overweight,40-59,2.0,3.0,conformal_calibration
122713,54.0,10.0,9.0,234.0,36.3,0.7692307692307693,0,3.6,Obese,40-59,2.0,2.0,proper_train
122717,57.0,13.0,9.0,284.0,22.1,0.8697183098591549,0,4.0,Normal,40-59,2.0,7.0,proper_train
122719,78.0,22.0,14.0,105.0,26.1,4.367812296397336,0,3.5,Overweight,60+,1.0,1.0,test
122720,54.0,24.0,26.0,216.0,35.3,1.1766968108291043,0,3.2,Obese,40-59,2.0,1.0,proper_train
122721,64.0,17.0,14.0,260.0,24.0,1.1183855046181452,0,3.2,Normal,60+,2.0,3.0,test
122722,22.0,12.0,11.0,245.0,38.0,0.3248938570144065,0,5.5,Obese,18-39,2.0,3.0,test
122724,49.0,14.0,19.0,332.0,30.9,0.4740337151662812,0,4.5,Obese,40-59,2.0,4.0,proper_train
122729,32.0,15.0,8.0,253.0,22.0,0.6707732311651042,0,5.1,Normal,18-39,1.0,4.0,test
122730,66.0,14.0,14.0,176.0,24.2,1.403121520040228,0,5.3,Normal,60+,1.0,3.0,test
122732,57.0,18.0,12.0,222.0,26.1,1.3341472436679191,0,5.4,Overweight,40-59,1.0,4.0,conformal_calibration
122734,69.0,13.0,15.0,216.0,35.3,1.0722426115889052,0,5.9,Obese,60+,1.0,3.0,proper_train
122737,25.0,23.0,23.0,196.0,21.3,0.6117132045041734,0,5.6,Normal,18-39,2.0,3.0,proper_train
122740,24.0,14.0,12.0,255.0,28.8,0.3803719420543417,0,3.6,Overweight,18-39,2.0,3.0,test
122741,70.0,15.0,13.0,244.0,26.0,1.1935147664682184,0,4.4,Overweight,60+,2.0,4.0,test
122742,57.0,28.0,29.0,225.0,38.8,1.317198932135888,1,9.4,Obese,40-59,1.0,1.0,conformal_calibration
122746,34.0,19.0,15.0,214.0,28.1,0.779422816713393,0,3.9,Overweight,18-39,1.0,6.0,proper_train
122747,64.0,46.0,25.0,491.0,29.7,1.1991853360488798,0,6.9,Overweight,60+,1.0,4.0,test
122749,76.0,16.0,13.0,181.0,28.3,1.8633023166018747,0,4.6,Overweight,60+,1.0,4.0,proper_train
122753,72.0,62.0,43.0,120.0,36.5,5.672946816372894,0,6.5,Obese,60+,1.0,3.0,conformal_calibration
122759,47.0,18.0,23.0,216.0,24.0,0.8166814550568762,0,5.2,Normal,40-59,1.0,6.0,proper_train
122760,48.0,14.0,20.0,198.0,31.3,0.7589079196362922,0,7.3,Obese,40-59,1.0,4.0,test
122766,64.0,16.0,22.0,199.0,25.8,1.0970730329052516,0,4.5,Overweight,60+,2.0,3.0,proper_train
122769,61.0,20.0,16.0,263.0,31.5,1.1596958174904943,0,6.0,Obese,60+,2.0,4.0,conformal_calibration
122771,25.0,25.0,47.0,246.0,23.2,0.3705919499438378,0,3.5,Normal,18-39,1.0,6.0,proper_train
122776,63.0,25.0,40.0,226.0,28.7,1.10189984839938,0,6.2,Overweight,60+,1.0,1.0,test
122777,31.0,15.0,14.0,270.0,40.5,0.46028324996028647,0,6.6,Obese,18-39,2.0,2.0,test
122780,80.0,14.0,13.0,152.0,21.7,2.043632301882423,0,6.2,Normal,60+,1.0,1.0,proper_train
122781,71.0,15.0,12.0,228.0,39.6,1.3484167471205077,0,4.9,Obese,60+,2.0,2.0,proper_train
122783,71.0,14.0,9.0,209.0,22.0,1.5853269537480064,0,3.7,Normal,60+,2.0,3.0,test
122784,47.0,19.0,8.0,289.0,23.5,1.0924677432518806,0,3.7,Normal,40-59,2.0,6.0,proper_train
122785,52.0,17.0,24.0,256.0,32.4,0.7048661890040135,0,7.2,Obese,40-59,1.0,1.0,test
122786,47.0,45.0,88.0,220.0,28.4,1.024817079754809,0,2.7,Overweight,40-59,2.0,3.0,test
122787,42.0,12.0,12.0,256.0,29.3,0.5683291712335379,1,9.8,Overweight,40-59,1.0,3.0,proper_train
122789,74.0,22.0,24.0,129.0,30.1,2.5760783599812758,0,7.8,Obese,60+,1.0,1.0,proper_train
122790,28.0,19.0,13.0,345.0,27.1,0.4276818904229303,0,4.3,Overweight,18-39,2.0,3.0,proper_train
122791,52.0,32.0,26.0,250.0,32.2,1.305348995479753,0,6.7,Obese,40-59,2.0,7.0,conformal_calibration
122792,45.0,17.0,12.0,278.0,41.6,0.7943758200181003,0,6.3,Obese,40-59,2.0,4.0,test
122795,58.0,29.0,23.0,47.0,28.2,7.462154137106379,0,5.4,Overweight,40-59,2.0,2.0,test
122796,64.0,18.0,7.0,197.0,25.1,2.210228796480354,0,4.5,Overweight,60+,1.0,4.0,proper_train
122800,34.0,15.0,12.0,183.0,28.4,0.8045044734609539,0,5.1,Overweight,18-39,2.0,2.0,conformal_calibration
122802,66.0,14.0,19.0,197.0,36.4,1.0760413101340054,0,6.6,Obese,60+,1.0,1.0,test
122803,60.0,18.0,15.0,189.0,23.9,1.4754222271266348,0,5.5,Normal,60+,1.0,4.0,proper_train
122806,45.0,16.0,20.0,210.0,30.7,0.7666518779999278,0,5.3,Obese,40-59,2.0,7.0,proper_train
122807,49.0,36.0,17.0,282.0,22.8,1.5171377395889765,0,4.2,Normal,40-59,1.0,4.0,proper_train
122813,73.0,21.0,19.0,208.0,29.5,1.6908380770363998,0,6.1,Overweight,60+,1.0,7.0,test
122814,60.0,15.0,11.0,187.0,30.2,1.451124118288702,0,6.2,Obese,60+,2.0,4.0,test
122816,37.0,16.0,19.0,277.0,35.9,0.4903036622793233,0,7.5,Obese,18-39,2.0,4.0,proper_train
122818,18.0,27.0,52.0,298.0,36.2,0.22616132161531996,0,7.9,Obese,18-39,1.0,1.0,test
122820,67.0,13.0,18.0,420.0,27.6,0.48880159239165316,0,4.5,Overweight,60+,1.0,4.0,proper_train
122824,36.0,25.0,27.0,209.0,22.0,0.8287324438128598,0,5.9,Normal,18-39,1.0,4.0,proper_train
122828,33.0,19.0,18.0,178.0,31.0,0.8302545913931935,0,3.6,Obese,18-39,2.0,4.0,proper_train
122830,64.0,17.0,21.0,276.0,33.9,0.8602212484665208,0,5.1,Obese,60+,2.0,2.0,test
122833,44.0,28.0,23.0,164.0,23.9,1.566400964136074,0,4.7,Normal,40-59,2.0,1.0,proper_train
122834,19.0,14.0,4.0,186.0,19.9,0.7150537634408602,0,3.9,Normal,18-39,2.0,2.0,test
122839,30.0,14.0,13.0,269.0,23.0,0.43303732790817145,0,3.5,Normal,18-39,2.0,7.0,test
122840,39.0,14.0,8.0,275.0,31.3,0.7019641864142817,0,2.7,Obese,18-39,2.0,4.0,proper_train
122842,57.0,23.0,22.0,223.0,21.4,1.2533907584852255,0,4.6,Normal,40-59,2.0,1.0,proper_train
122843,69.0,13.0,15.0,318.0,22.3,0.728315736173596,0,5.3,Normal,60+,2.0,3.0,proper_train
122845,43.0,23.0,41.0,239.0,36.6,0.6462587887356962,0,5.9,Obese,40-59,1.0,3.0,test
122848,73.0,35.0,39.0,214.0,31.2,1.9118104344485871,1,9.7,Obese,60+,1.0,6.0,proper_train
122849,68.0,26.0,24.0,327.0,22.2,1.1036436965445104,0,3.4,Normal,60+,2.0,3.0,test
122851,31.0,14.0,13.0,302.0,53.2,0.3985759688108435,0,5.1,Obese,18-39,2.0,4.0,proper_train
122852,36.0,19.0,13.0,242.0,23.0,0.7839151533430924,0,4.9,Normal,18-39,2.0,7.0,proper_train
122855,32.0,14.0,18.0,220.0,30.6,0.4799755120781414,0,6.1,Obese,18-39,1.0,3.0,proper_train
122856,80.0,22.0,16.0,180.0,25.8,2.4444444444444446,0,4.4,Overweight,60+,1.0,3.0,proper_train
122864,58.0,20.0,20.0,252.0,29.1,1.0293011324999033,0,6.8,Overweight,40-59,1.0,7.0,proper_train
122867,22.0,20.0,23.0,306.0,20.8,0.29982464766376765,0,3.3,Normal,18-39,2.0,1.0,conformal_calibration
122874,35.0,13.0,8.0,159.0,21.6,1.0117408347166008,0,5.7,Normal,18-39,2.0,3.0,conformal_calibration
122876,61.0,17.0,13.0,201.0,38.6,1.4309057300635886,0,5.0,Obese,60+,2.0,4.0,proper_train
122878,65.0,35.0,29.0,132.0,20.2,3.2004310178241893,1,8.7,Normal,60+,1.0,4.0,proper_train
122881,56.0,21.0,29.0,267.0,30.3,0.8178940737685881,1,8.2,Obese,40-59,2.0,6.0,conformal_calibration
122883,44.0,22.0,17.0,199.0,32.5,1.1797712815837704,0,3.2,Obese,40-59,2.0,1.0,test
122885,22.0,15.0,10.0,193.0,24.5,0.5407003253137642,0,4.3,Normal,18-39,1.0,3.0,test
122886,31.0,14.0,15.0,189.0,31.2,0.5929011542342218,0,4.0,Obese,18-39,1.0,4.0,proper_train
122889,53.0,20.0,17.0,263.0,31.5,0.9775200096521406,0,5.0,Obese,40-59,2.0,6.0,proper_train
122893,45.0,11.0,14.0,257.0,59.4,0.5147638706095333,0,5.1,Obese,40-59,2.0,4.0,proper_train
122894,39.0,16.0,11.0,159.0,18.9,1.1832898051353744,0,5.4,Normal,18-39,1.0,4.0,test
122895,80.0,24.0,12.0,167.0,28.3,3.3188997510301843,0,5.5,Overweight,60+,1.0,3.0,test
122896,74.0,55.0,100.0,236.0,28.3,1.7245762711864407,0,7.9,Overweight,60+,1.0,2.0,proper_train
122901,47.0,21.0,30.0,207.0,34.2,0.87053488608309,0,5.8,Obese,40-59,1.0,3.0,proper_train
122902,57.0,16.0,16.0,498.0,26.6,0.4578313253012048,0,4.7,Overweight,40-59,1.0,4.0,test
122905,41.0,27.0,37.0,457.0,38.1,0.3982268685930646,1,9.3,Obese,40-59,1.0,3.0,test
122906,26.0,14.0,10.0,479.0,33.4,0.24030669484369313,0,5.0,Obese,18-39,2.0,3.0,proper_train
122909,64.0,14.0,10.0,265.0,26.2,1.0692078428342897,0,3.8,Overweight,60+,2.0,4.0,test
122911,27.0,22.0,21.0,389.0,28.3,0.3332170354760398,0,3.4,Overweight,18-39,2.0,1.0,test
122912,41.0,16.0,19.0,230.0,32.3,0.6543335713873414,0,3.2,Obese,40-59,1.0,3.0,proper_train
122913,27.0,15.0,20.0,310.0,41.3,0.2921314615765854,0,6.1,Obese,18-39,1.0,3.0,conformal_calibration
122914,36.0,19.0,17.0,196.0,21.3,0.8463998343104681,0,4.6,Normal,18-39,1.0,4.0,test
122916,18.0,20.0,21.0,157.0,21.6,0.5003722323882628,0,4.2,Normal,18-39,1.0,6.0,proper_train
122919,24.0,19.0,29.0,215.0,30.0,0.393846856784817,0,5.2,Obese,18-39,1.0,1.0,proper_train
122921,76.0,17.0,16.0,316.0,32.1,1.0221518987341771,1,9.1,Obese,60+,2.0,3.0,test
122922,73.0,21.0,13.0,306.0,27.0,1.3894696091720202,0,5.9,Overweight,60+,2.0,3.0,test
122923,61.0,19.0,14.0,189.0,31.1,1.6389194676005283,0,3.7,Obese,60+,1.0,4.0,proper_train
122925,57.0,15.0,22.0,232.0,33.0,0.785718157258823,0,4.3,Obese,40-59,2.0,2.0,proper_train
122928,50.0,21.0,22.0,263.0,28.6,0.851181567199205,0,4.4,Overweight,40-59,2.0,1.0,conformal_calibration
122929,26.0,25.0,19.0,189.0,28.6,0.7889959101368526,0,3.5,Overweight,18-39,2.0,3.0,proper_train
122930,77.0,31.0,31.0,189.0,26.5,2.268348444115935,0,7.2,Overweight,60+,1.0,4.0,proper_train
122931,68.0,17.0,27.0,275.0,41.5,0.8089901953735847,0,4.1,Obese,60+,2.0,3.0,proper_train
122933,76.0,15.0,12.0,215.0,31.8,1.530649550874822,1,9.6,Obese,60+,2.0,4.0,conformal_calibration
122934,32.0,16.0,12.0,170.0,35.7,0.8694215818384953,0,3.1,Obese,18-39,1.0,3.0,proper_train
122937,41.0,14.0,14.0,304.0,42.8,0.5046314238741172,0,7.3,Obese,40-59,1.0,2.0,proper_train
122938,66.0,15.0,10.0,207.0,26.5,1.51239366355879,0,5.7,Overweight,60+,2.0,3.0,proper_train
122939,26.0,16.0,15.0,200.0,20.4,0.5370536906740951,0,2.8,Normal,18-39,2.0,6.0,test
122940,42.0,22.0,25.0,180.0,21.1,1.0266666666666666,0,5.3,Normal,40-59,1.0,6.0,proper_train
122943,78.0,13.0,11.0,192.0,24.7,1.5923567885513141,0,4.2,Normal,60+,2.0,2.0,test
122945,63.0,24.0,21.0,242.0,27.3,1.3634109505653738,0,4.6,Overweight,60+,2.0,3.0,test
122949,43.0,14.0,12.0,184.0,22.2,0.944469733837377,0,4.4,Normal,40-59,2.0,3.0,proper_train
122950,50.0,13.0,15.0,426.0,45.5,0.3939654421024759,0,3.7,Obese,40-59,2.0,2.0,proper_train
122951,25.0,15.0,13.0,204.0,19.6,0.5098347391776002,0,4.3,Normal,18-39,1.0,3.0,proper_train
122952,34.0,25.0,16.0,448.0,39.9,0.47433035714285715,0,5.1,Obese,18-39,2.0,4.0,proper_train
122953,66.0,27.0,23.0,184.0,30.2,2.019416770922322,0,4.1,Obese,60+,1.0,3.0,test
122955,31.0,11.0,10.0,308.0,37.8,0.35010931237578485,0,4.1,Obese,18-39,2.0,4.0,conformal_calibration
122956,51.0,16.0,17.0,385.0,28.9,0.5140495325445394,0,5.3,Overweight,40-59,2.0,3.0,test
122959,62.0,27.0,41.0,179.0,26.0,1.4605300413493103,0,3.6,Overweight,60+,1.0,6.0,test
122960,62.0,20.0,29.0,270.0,38.9,0.8528230345909049,0,3.4,Obese,60+,2.0,6.0,proper_train
122962,63.0,36.0,42.0,264.0,39.5,1.3256060519470623,0,5.5,Obese,60+,2.0,1.0,proper_train
122963,56.0,22.0,5.0,160.0,17.7,3.443544685349676,0,6.4,Underweight,40-59,2.0,6.0,proper_train
122970,43.0,25.0,27.0,210.0,34.3,0.9851611736172186,0,2.4,Obese,40-59,1.0,3.0,conformal_calibration
122972,47.0,14.0,10.0,310.0,40.0,0.6712189356099333,0,4.4,Obese,40-59,2.0,3.0,conformal_calibration
122973,69.0,22.0,21.0,150.0,29.5,2.208365049188243,0,3.8,Overweight,60+,1.0,2.0,test
122974,71.0,18.0,25.0,266.0,34.0,0.9609022556390977,1,10.7,Obese,60+,1.0,1.0,proper_train
122977,53.0,33.0,29.0,195.0,38.0,1.6655443408803268,1,17.9,Obese,40-59,1.0,3.0,proper_train
122982,53.0,31.0,58.0,231.0,24.2,0.9339241090412301,0,4.0,Normal,40-59,1.0,6.0,test
122984,27.0,14.0,9.0,326.0,19.7,0.38650306748466257,0,7.2,Normal,18-39,2.0,4.0,proper_train
122985,26.0,26.0,44.0,272.0,25.6,0.3746721855414857,0,4.4,Overweight,18-39,1.0,1.0,proper_train
122987,46.0,16.0,16.0,226.0,23.6,0.8141592920353983,0,4.8,Normal,40-59,2.0,6.0,conformal_calibration
122988,54.0,17.0,12.0,223.0,30.8,1.1883577289598128,0,5.6,Obese,40-59,2.0,6.0,proper_train
122991,79.0,22.0,13.0,189.0,23.7,2.5504469339667946,0,7.6,Normal,60+,2.0,3.0,proper_train
122993,54.0,18.0,13.0,262.0,30.8,1.0289476922345853,0,5.3,Obese,40-59,1.0,4.0,test
122995,41.0,23.0,19.0,217.0,19.9,0.9969540877416577,0,5.3,Normal,40-59,1.0,6.0,proper_train
122996,47.0,14.0,14.0,271.0,25.9,0.6489221298095028,0,5.4,Overweight,40-59,2.0,6.0,proper_train
122997,19.0,14.0,9.0,368.0,25.8,0.24094202898550723,0,2.1,Overweight,18-39,2.0,3.0,proper_train
122998,25.0,25.0,17.0,225.0,37.4,0.6737100695453694,0,3.3,Obese,18-39,1.0,4.0,proper_train
123002,62.0,18.0,34.0,377.0,37.4,0.5076722042945354,1,12.0,Obese,60+,1.0,2.0,test
123003,45.0,27.0,40.0,195.0,44.8,0.9851711172063028,0,6.8,Obese,40-59,1.0,1.0,proper_train
123004,42.0,25.0,22.0,219.0,26.3,1.0221952154036116,0,4.9,Overweight,40-59,1.0,4.0,proper_train
123005,47.0,78.0,57.0,212.0,42.8,2.29044133066059,0,4.6,Obese,40-59,2.0,4.0,proper_train
123007,35.0,57.0,96.0,217.0,25.5,0.9383126030822659,0,4.3,Overweight,18-39,1.0,6.0,test
123009,43.0,22.0,27.0,402.0,36.5,0.4528800619016467,1,14.2,Obese,40-59,2.0,3.0,test
123010,66.0,17.0,14.0,304.0,32.1,0.9864049783741453,0,3.6,Obese,60+,1.0,4.0,test
123011,80.0,24.0,21.0,180.0,28.1,2.3276574958505853,0,4.2,Overweight,60+,1.0,4.0,conformal_calibration
123015,25.0,14.0,10.0,258.0,21.1,0.4289911554491987,0,4.2,Normal,18-39,2.0,2.0,proper_train
123021,60.0,12.0,8.0,215.0,28.8,1.183992749893754,0,3.8,Overweight,60+,2.0,3.0,proper_train
123023,28.0,20.0,16.0,210.0,19.1,0.6666666666666666,0,4.6,Normal,18-39,1.0,4.0,proper_train
123024,71.0,17.0,18.0,157.0,34.0,1.8120549573082017,0,4.8,Obese,60+,1.0,3.0,conformal_calibration
123025,72.0,19.0,15.0,281.0,19.6,1.2569967301569978,0,5.4,Normal,60+,1.0,3.0,proper_train
123026,65.0,19.0,22.0,174.0,28.4,1.5132349695355107,0,7.1,Overweight,60+,2.0,1.0,conformal_calibration
123029,43.0,23.0,20.0,251.0,32.6,0.8810642349590804,0,3.9,Obese,40-59,1.0,4.0,proper_train
123031,38.0,12.0,13.0,250.0,32.3,0.505886578957409,0,3.4,Obese,18-39,1.0,3.0,test
123032,77.0,18.0,12.0,171.0,25.9,2.339787933031641,0,3.5,Overweight,60+,1.0,6.0,proper_train
123033,60.0,29.0,29.0,212.0,24.5,1.5241032473022182,0,5.2,Normal,60+,2.0,6.0,conformal_calibration
123035,22.0,12.0,9.0,223.0,24.2,0.39461883408071746,0,4.5,Normal,18-39,2.0,3.0,proper_train
123037,67.0,20.0,19.0,255.0,24.3,1.2055571897511872,0,4.2,Normal,60+,1.0,3.0,test
123038,75.0,18.0,20.0,394.0,34.1,0.7661654237626182,0,4.1,Obese,60+,1.0,4.0,proper_train
123040,64.0,19.0,22.0,155.0,29.4,1.6725940070220793,0,6.5,Overweight,60+,1.0,1.0,proper_train
123041,66.0,46.0,45.0,272.0,47.2,1.6638976420807257,1,11.7,Obese,60+,2.0,4.0,test
123042,50.0,19.0,22.0,342.0,33.5,0.5922242120989178,0,5.8,Obese,40-59,2.0,4.0,conformal_calibration
123043,54.0,39.0,41.0,170.0,38.5,1.9347173090435552,1,28.3,Obese,40-59,2.0,2.0,proper_train
123045,80.0,16.0,14.0,153.0,37.8,2.2359110434503475,0,2.2,Obese,60+,2.0,4.0,proper_train
123047,39.0,9.0,14.0,219.0,25.7,0.42835020964046105,0,5.6,Overweight,18-39,1.0,3.0,test
123048,52.0,16.0,17.0,171.0,35.8,1.180056374445784,0,4.0,Obese,40-59,2.0,4.0,proper_train
123050,73.0,23.0,30.0,222.0,25.3,1.3808200811579188,0,4.5,Overweight,60+,2.0,2.0,proper_train
123052,20.0,74.0,32.0,224.0,36.8,1.1679888796384936,0,3.1,Obese,18-39,2.0,4.0,proper_train
123053,46.0,45.0,28.0,177.0,21.4,2.2101312404776845,0,3.5,Normal,40-59,2.0,7.0,test
123054,18.0,17.0,18.0,373.0,34.6,0.1933643208606645,0,5.9,Obese,18-39,2.0,1.0,conformal_calibration
123059,68.0,19.0,18.0,186.0,40.2,1.6372436582312178,0,4.0,Obese,60+,2.0,4.0,test
123063,68.0,17.0,14.0,249.0,27.9,1.2407790989990466,0,2.8,Overweight,60+,1.0,3.0,proper_train
123064,44.0,23.0,15.0,345.0,40.7,0.757383409925006,1,10.2,Obese,40-59,2.0,4.0,conformal_calibration
123069,80.0,20.0,15.0,200.0,23.4,2.0655911179772892,0,6.0,Normal,60+,2.0,3.0,test
123070,53.0,24.0,30.0,208.0,31.0,1.1165113672220695,0,4.5,Obese,40-59,1.0,3.0,test
123073,52.0,11.0,9.0,120.0,35.1,1.5888888888888888,1,9.1,Obese,40-59,1.0,2.0,test
123075,24.0,27.0,49.0,296.0,30.3,0.3127413127413127,0,6.1,Obese,18-39,1.0,1.0,proper_train
123077,50.0,20.0,22.0,176.0,27.5,1.2113677065659683,0,4.5,Overweight,40-59,1.0,6.0,proper_train
123078,66.0,28.0,23.0,258.0,23.3,1.4935451053390474,0,2.7,Normal,60+,1.0,3.0,test
123079,40.0,13.0,8.0,246.0,26.5,0.7473486305223672,0,3.1,Overweight,40-59,2.0,3.0,test
123082,54.0,23.0,25.0,337.0,41.8,0.7370919881305638,0,6.5,Obese,40-59,2.0,3.0,test
123083,68.0,19.0,16.0,249.0,24.3,1.2971887550200802,0,5.3,Normal,60+,2.0,3.0,proper_train
123084,50.0,30.0,24.0,218.0,27.8,1.4045239350820977,1,23.9,Overweight,40-59,1.0,4.0,proper_train
123087,21.0,15.0,9.0,243.0,21.1,0.43209876543209874,0,5.6,Normal,18-39,1.0,1.0,test
123088,77.0,20.0,17.0,167.0,24.0,2.236556063209298,0,3.8,Normal,60+,2.0,3.0,test
123089,56.0,16.0,15.0,225.0,20.8,1.0282053565042504,0,4.6,Normal,40-59,2.0,6.0,proper_train
123090,58.0,20.0,21.0,216.0,37.8,1.1719108920081074,1,9.0,Obese,40-59,2.0,4.0,proper_train
123091,59.0,16.0,19.0,234.0,28.5,0.9255062084350867,0,5.3,Overweight,40-59,2.0,6.0,conformal_calibration
123096,39.0,18.0,14.0,421.0,37.1,0.4456470114549214,0,4.4,Obese,18-39,2.0,4.0,proper_train
123097,48.0,19.0,26.0,194.0,38.8,0.9219480167320817,0,4.0,Obese,40-59,1.0,6.0,test
123099,34.0,14.0,11.0,194.0,21.8,0.7397907217475026,0,5.2,Normal,18-39,2.0,2.0,proper_train
123103,23.0,134.0,77.0,267.0,17.7,1.3154550436277308,0,7.6,Underweight,18-39,1.0,3.0,conformal_calibration
123104,62.0,20.0,26.0,196.0,30.6,1.2407347325068787,0,6.1,Obese,60+,1.0,4.0,proper_train
123105,31.0,32.0,49.0,259.0,32.4,0.5471594043022614,0,6.3,Obese,18-39,1.0,3.0,proper_train
123107,80.0,17.0,15.0,233.0,33.1,1.50708364830961,0,4.4,Obese,60+,1.0,3.0,proper_train
123108,35.0,44.0,53.0,313.0,31.3,0.6758315286932304,0,3.2,Obese,18-39,2.0,1.0,test
123109,24.0,15.0,16.0,319.0,47.7,0.28213166144200624,0,3.9,Obese,18-39,2.0,2.0,conformal_calibration
123112,56.0,21.0,17.0,204.0,80.6,1.398146544327096,1,28.4,Obese,40-59,2.0,3.0,proper_train
123113,36.0,24.0,56.0,258.0,34.4,0.4475071957603385,0,5.8,Obese,18-39,1.0,3.0,proper_train
123116,79.0,15.0,18.0,225.0,27.3,1.2413652380830502,0,6.2,Overweight,60+,1.0,2.0,proper_train
123120,43.0,12.0,12.0,255.0,33.5,0.5841426252977391,0,3.6,Obese,40-59,2.0,4.0,proper_train
123123,58.0,21.0,14.0,362.0,40.9,0.899238101241251,1,14.2,Obese,40-59,1.0,3.0,test
123125,44.0,33.0,24.0,252.0,25.4,1.1761438844316054,0,4.4,Overweight,40-59,1.0,3.0,proper_train
123128,58.0,21.0,16.0,306.0,25.1,0.9950980392156863,0,5.3,Overweight,40-59,1.0,4.0,proper_train
123129,67.0,20.0,12.0,128.0,20.3,3.0220678152894473,0,6.5,Normal,60+,2.0,4.0,proper_train
123130,72.0,24.0,16.0,264.0,23.2,1.6363636363636365,0,5.2,Normal,60+,1.0,3.0,proper_train
123135,69.0,19.0,15.0,198.0,28.1,1.709589618477415,0,3.3,Overweight,60+,2.0,3.0,proper_train
123138,61.0,29.0,25.0,215.0,20.9,1.6455813953488372,0,4.0,Normal,60+,2.0,6.0,proper_train
123139,55.0,18.0,14.0,220.0,22.6,1.2026755886059097,0,2.8,Normal,40-59,2.0,6.0,proper_train
123146,63.0,15.0,16.0,237.0,25.4,0.9968354430379747,0,5.0,Overweight,60+,2.0,2.0,test
123149,50.0,24.0,24.0,234.0,27.1,1.0467904883688797,0,4.8,Overweight,40-59,1.0,3.0,test
123151,38.0,17.0,10.0,244.0,27.1,0.8372259706839233,0,4.3,Overweight,18-39,2.0,3.0,test
123153,42.0,18.0,24.0,289.0,25.5,0.5339718124406236,0,5.5,Overweight,40-59,1.0,1.0,conformal_calibration
123155,80.0,11.0,12.0,173.0,28.1,1.4684053089215916,0,4.2,Overweight,60+,1.0,3.0,proper_train
123156,80.0,19.0,17.0,287.0,28.3,1.2845092336419028,0,6.5,Overweight,60+,1.0,3.0,test
123159,31.0,26.0,19.0,340.0,20.8,0.5438502397049199,0,3.7,Normal,18-39,1.0,7.0,proper_train
123160,50.0,32.0,57.0,192.0,40.9,1.10377696422087,0,6.8,Obese,40-59,1.0,4.0,proper_train
123162,69.0,14.0,16.0,202.0,30.0,1.1955445544554455,0,4.4,Obese,60+,1.0,3.0,proper_train
123163,67.0,87.0,54.0,113.0,37.4,7.019702905940583,1,17.2,Obese,60+,2.0,1.0,proper_train
123165,34.0,17.0,9.0,200.0,24.7,0.9633333333333334,0,4.5,Normal,18-39,2.0,3.0,proper_train
123167,25.0,20.0,19.0,189.0,25.1,0.6069199308745019,0,6.7,Overweight,18-39,1.0,4.0,conformal_calibration
123169,36.0,38.0,22.0,172.0,25.0,1.6956894184562505,0,2.8,Overweight,18-39,1.0,4.0,proper_train
123172,55.0,21.0,27.0,239.0,35.9,0.9300412286109034,0,6.4,Obese,40-59,1.0,3.0,proper_train
123173,60.0,49.0,50.0,251.0,28.2,1.656489192580438,1,11.4,Overweight,60+,1.0,4.0,proper_train
123174,18.0,19.0,19.0,227.0,25.6,0.3456395638049873,0,4.6,Overweight,18-39,1.0,3.0,test
123175,46.0,17.0,20.0,223.0,29.4,0.7841278737241414,0,4.9,Overweight,40-59,1.0,3.0,conformal_calibration
123179,45.0,36.0,23.0,227.0,39.4,1.488076435120974,1,8.2,Obese,40-59,1.0,4.0,proper_train
123182,18.0,17.0,23.0,253.0,21.7,0.2521952992152762,0,3.9,Normal,18-39,1.0,6.0,test
123183,54.0,16.0,20.0,189.0,32.6,1.0222025039999039,0,4.1,Obese,40-59,1.0,6.0,conformal_calibration
123185,53.0,16.0,19.0,199.0,30.8,0.9776107654383737,0,5.8,Obese,40-59,1.0,7.0,proper_train
123186,28.0,16.0,14.0,259.0,32.2,0.4622897157404097,0,3.7,Obese,18-39,2.0,2.0,proper_train
123190,60.0,13.0,13.0,488.0,34.6,0.4433054846881954,0,5.3,Obese,60+,2.0,4.0,proper_train
123193,63.0,19.0,18.0,272.0,22.3,1.0372632562258546,0,6.5,Normal,60+,2.0,2.0,test
123196,65.0,18.0,16.0,296.0,38.9,0.9881756756756757,0,2.9,Obese,60+,2.0,3.0,proper_train
123197,68.0,20.0,16.0,249.0,25.5,1.3654618473895583,0,6.0,Overweight,60+,1.0,3.0,test
123198,48.0,24.0,40.0,265.0,27.1,0.6873478989649006,0,6.7,Overweight,40-59,1.0,3.0,proper_train
123199,54.0,20.0,25.0,187.0,26.8,1.1550802139037433,0,5.1,Overweight,40-59,1.0,4.0,test
123203,57.0,22.0,21.0,233.0,26.7,1.174443065905298,0,3.5,Overweight,40-59,2.0,1.0,conformal_calibration
123204,37.0,17.0,13.0,279.0,22.1,0.6252803287198372,0,4.0,Normal,18-39,1.0,3.0,proper_train
123210,35.0,29.0,51.0,329.0,29.7,0.4320013025192796,0,4.9,Overweight,18-39,1.0,4.0,proper_train
123214,39.0,15.0,14.0,338.0,21.1,0.4625675340791961,0,4.2,Normal,18-39,2.0,6.0,test
123216,47.0,13.0,25.0,337.0,30.0,0.3626112759643917,1,8.4,Obese,40-59,1.0,6.0,proper_train
123217,18.0,14.0,7.0,161.0,21.9,0.5915965664492252,0,3.8,Normal,18-39,2.0,4.0,test
123220,31.0,19.0,21.0,268.0,26.5,0.4795908110037296,0,6.9,Overweight,18-39,1.0,1.0,proper_train
123221,78.0,15.0,10.0,166.0,27.0,2.228834254456026,0,4.7,Overweight,60+,1.0,4.0,proper_train
123222,33.0,12.0,8.0,257.0,35.6,0.5447748742215424,0,3.4,Obese,18-39,2.0,4.0,test
123223,52.0,21.0,33.0,245.0,43.3,0.7758889808311104,0,7.0,Obese,40-59,2.0,3.0,proper_train
123224,40.0,19.0,14.0,240.0,24.8,0.8463272660560106,0,3.2,Normal,40-59,2.0,6.0,test
123226,33.0,14.0,7.0,139.0,19.0,1.2562560182033307,0,3.6,Normal,18-39,1.0,2.0,proper_train
123227,26.0,16.0,20.0,210.0,31.7,0.4429544183999583,0,5.5,Obese,18-39,1.0,3.0,proper_train
123231,67.0,16.0,16.0,164.0,32.2,1.6341463414634145,1,10.5,Obese,60+,1.0,4.0,conformal_calibration
123234,30.0,26.0,19.0,251.0,27.7,0.712925388123658,0,3.8,Overweight,18-39,1.0,3.0,test
123235,73.0,36.0,45.0,251.0,27.5,1.5607932655695742,1,15.7,Overweight,60+,2.0,7.0,proper_train
123237,40.0,16.0,10.0,260.0,22.7,0.7784068086568319,0,4.6,Normal,40-59,2.0,3.0,proper_train
123239,27.0,16.0,8.0,180.0,26.3,0.848528137423857,0,4.4,Overweight,18-39,1.0,4.0,proper_train
123243,44.0,16.0,13.0,234.0,24.9,0.8344208079969259,0,5.6,Normal,40-59,1.0,7.0,proper_train
123244,26.0,13.0,9.0,213.0,23.1,0.5289514866979655,0,4.5,Normal,18-39,1.0,6.0,proper_train
123245,72.0,22.0,19.0,97.0,28.2,3.7463352829996888,0,4.5,Overweight,60+,2.0,3.0,conformal_calibration
123247,67.0,18.0,17.0,219.0,25.7,1.335607140611039,0,5.9,Overweight,60+,2.0,3.0,test
123248,47.0,16.0,18.0,300.0,31.9,0.5908269993914265,0,6.3,Obese,40-59,1.0,3.0,test
123249,51.0,19.0,17.0,223.0,33.4,1.0538879850233482,0,6.1,Obese,40-59,2.0,3.0,test
123251,24.0,14.0,10.0,266.0,24.0,0.39944559917916367,0,4.6,Normal,18-39,1.0,2.0,proper_train
123252,37.0,14.0,13.0,396.0,35.1,0.3627963404604403,0,3.6,Obese,18-39,2.0,7.0,proper_train
123254,53.0,20.0,27.0,192.0,29.2,1.0624848703836862,1,9.1,Overweight,40-59,1.0,1.0,proper_train
123258,77.0,14.0,12.0,321.0,29.2,0.9694448445271286,0,4.9,Overweight,60+,2.0,3.0,proper_train
123260,39.0,13.0,12.0,234.0,36.2,0.6254627916220946,0,6.4,Obese,18-39,2.0,1.0,conformal_calibration
123261,50.0,14.0,7.0,383.0,48.1,0.6907966869620341,1,8.9,Obese,40-59,2.0,4.0,proper_train
123263,53.0,20.0,23.0,267.0,24.2,0.8278100333352032,0,3.8,Normal,40-59,1.0,4.0,test
123264,56.0,28.0,42.0,377.0,28.0,0.6417709621765519,0,4.4,Overweight,40-59,2.0,2.0,test
123265,22.0,17.0,12.0,276.0,22.5,0.39117572586398563,0,4.5,Normal,18-39,2.0,4.0,proper_train
123266,36.0,18.0,23.0,300.0,27.2,0.4503911343632815,0,3.0,Overweight,18-39,1.0,6.0,proper_train
123268,63.0,17.0,15.0,250.0,29.6,1.1061240436768383,0,5.4,Overweight,60+,2.0,2.0,proper_train
123269,22.0,15.0,20.0,219.0,30.9,0.3369417500342149,0,4.8,Obese,18-39,1.0,2.0,test
123271,63.0,15.0,14.0,290.0,32.7,0.8709030124387623,0,2.4,Obese,60+,1.0,1.0,conformal_calibration
123273,20.0,10.0,8.0,347.0,32.0,0.20377717037076296,0,5.6,Obese,18-39,2.0,4.0,test
123274,32.0,45.0,54.0,300.0,32.4,0.6531972647421808,0,7.2,Obese,18-39,1.0,7.0,proper_train
123275,30.0,23.0,38.0,212.0,33.5,0.5279848140576705,0,6.3,Obese,18-39,1.0,4.0,conformal_calibration
123277,54.0,27.0,40.0,242.0,35.7,0.9526034769680779,0,4.6,Obese,40-59,1.0,3.0,proper_train
123278,59.0,30.0,53.0,266.0,30.7,0.9140157826660886,0,4.5,Obese,40-59,1.0,4.0,proper_train
123279,62.0,14.0,25.0,311.0,30.7,0.5581993569131832,0,4.8,Obese,60+,1.0,3.0,conformal_calibration
123280,71.0,16.0,9.0,186.0,29.3,2.03584229390681,0,6.4,Overweight,60+,1.0,4.0,proper_train
123281,80.0,18.0,14.0,257.0,26.1,1.4974948963186425,0,3.3,Overweight,60+,2.0,3.0,test
123282,78.0,21.0,15.0,256.0,28.7,1.6520694586166011,0,6.5,Overweight,60+,2.0,2.0,conformal_calibration
123284,58.0,25.0,25.0,201.0,39.1,1.4427860696517414,0,5.4,Obese,40-59,2.0,3.0,proper_train
123286,18.0,15.0,12.0,259.0,30.9,0.3009354684965231,0,3.5,Obese,18-39,2.0,4.0,proper_train
123287,27.0,19.0,25.0,189.0,37.6,0.5428571428571428,0,6.8,Obese,18-39,1.0,3.0,proper_train
123290,65.0,42.0,31.0,231.0,41.2,2.1226081148618854,0,6.0,Obese,60+,2.0,1.0,proper_train
123291,48.0,11.0,11.0,343.0,36.6,0.4641340814491522,0,7.6,Obese,40-59,2.0,3.0,test
123294,25.0,24.0,33.0,361.0,39.8,0.28932574397068894,0,4.4,Obese,18-39,1.0,3.0,proper_train
123295,31.0,11.0,9.0,278.0,36.1,0.4088729016786571,0,5.7,Obese,18-39,2.0,3.0,proper_train
123298,68.0,17.0,19.0,372.0,37.2,0.7129155600923908,0,7.1,Obese,60+,1.0,1.0,conformal_calibration
123302,69.0,22.0,24.0,259.0,25.6,1.1963724033284635,0,4.5,Overweight,60+,1.0,6.0,test
123304,33.0,17.0,15.0,307.0,27.1,0.47182272686696214,0,5.0,Overweight,18-39,1.0,4.0,conformal_calibration
123306,33.0,21.0,32.0,214.0,32.7,0.5724591114045298,0,5.3,Obese,18-39,1.0,3.0,proper_train
123310,52.0,25.0,24.0,257.0,50.4,1.0325345867763074,1,22.8,Obese,40-59,2.0,4.0,test
123315,69.0,10.0,7.0,211.0,32.9,1.2359975657647715,0,3.6,Obese,60+,2.0,4.0,proper_train
123316,38.0,17.0,21.0,304.0,53.7,0.4637130167514838,0,6.5,Obese,18-39,2.0,3.0,test
123317,69.0,14.0,10.0,265.0,32.9,1.1527397055557185,0,5.6,Obese,60+,2.0,4.0,proper_train
123318,53.0,14.0,15.0,346.0,27.3,0.5537097577814842,0,4.4,Overweight,40-59,2.0,2.0,proper_train
123319,30.0,25.0,37.0,237.0,33.8,0.52024995982708,0,5.5,Obese,18-39,1.0,3.0,proper_train
123322,39.0,12.0,9.0,291.0,27.8,0.5360824742268041,0,5.2,Overweight,18-39,2.0,6.0,proper_train
123323,64.0,22.0,26.0,166.0,33.5,1.6634428811720672,0,6.1,Obese,60+,1.0,3.0,conformal_calibration
123325,32.0,19.0,26.0,243.0,35.2,0.4906938689877197,0,5.4,Obese,18-39,1.0,3.0,test
123326,22.0,20.0,30.0,274.0,44.7,0.29318482396870205,1,12.7,Obese,18-39,1.0,2.0,proper_train
123327,80.0,17.0,13.0,170.0,26.1,2.2188007849009166,0,3.7,Overweight,60+,2.0,3.0,proper_train
123328,19.0,12.0,10.0,169.0,29.7,0.4266268085907636,0,3.0,Overweight,18-39,1.0,1.0,proper_train
123330,38.0,13.0,13.0,277.0,30.5,0.49462436269903104,0,4.0,Obese,18-39,1.0,4.0,test
123332,61.0,25.0,28.0,224.0,35.7,1.2865978154889988,0,5.4,Obese,60+,2.0,2.0,conformal_calibration
123335,75.0,34.0,48.0,255.0,26.2,1.4433756729740645,0,6.7,Overweight,60+,2.0,6.0,proper_train
123336,52.0,21.0,22.0,191.0,21.5,1.2189276558132283,0,3.3,Normal,40-59,2.0,6.0,test
123338,37.0,16.0,21.0,328.0,35.2,0.3938566799381326,0,4.8,Obese,18-39,2.0,3.0,test
123343,23.0,16.0,18.0,289.0,28.9,0.3001329820953282,0,5.3,Overweight,18-39,1.0,3.0,test
123346,70.0,21.0,21.0,254.0,27.8,1.2629145616020032,1,12.3,Overweight,60+,1.0,3.0,proper_train
123347,66.0,30.0,22.0,270.0,34.3,1.563471919941143,0,4.1,Obese,60+,1.0,3.0,proper_train
123349,38.0,24.0,14.0,221.0,24.2,1.1029061204711812,0,3.2,Normal,18-39,2.0,4.0,proper_train
123353,44.0,20.0,23.0,195.0,24.0,0.9409881249755169,0,4.0,Normal,40-59,1.0,3.0,conformal_calibration
123354,34.0,18.0,10.0,283.0,32.2,0.6838565116689216,0,6.7,Obese,18-39,2.0,4.0,test
123359,33.0,23.0,36.0,310.0,26.9,0.4080645161290323,0,4.7,Overweight,18-39,1.0,3.0,test
123360,71.0,18.0,13.0,210.0,28.3,1.6878734542281975,0,6.6,Overweight,60+,2.0,3.0,test
123361,39.0,26.0,15.0,187.0,21.3,1.400073124083537,0,5.3,Normal,18-39,1.0,3.0,test
123362,57.0,15.0,15.0,260.0,22.8,0.8490771182070106,0,2.8,Normal,40-59,1.0,3.0,conformal_calibration
123363,34.0,19.0,20.0,204.0,20.7,0.7080881928749333,0,3.7,Normal,18-39,2.0,1.0,proper_train
123364,42.0,15.0,13.0,302.0,29.4,0.578578019241547,0,5.7,Overweight,40-59,2.0,1.0,conformal_calibration
123366,80.0,23.0,10.0,205.0,30.4,2.8383370218096675,1,11.8,Obese,60+,1.0,3.0,proper_train
123367,80.0,16.0,13.0,198.0,35.6,1.7929703312330638,0,4.6,Obese,60+,1.0,3.0,proper_train
123369,48.0,22.0,28.0,231.0,23.6,0.8639187954496622,0,4.6,Normal,40-59,2.0,6.0,test
123372,40.0,20.0,35.0,221.0,32.9,0.6118763835138581,0,6.2,Obese,40-59,1.0,1.0,proper_train
123373,42.0,294.0,146.0,166.0,28.7,6.156191272567494,1,15.6,Overweight,40-59,2.0,3.0,test
123374,35.0,65.0,89.0,215.0,36.1,1.12162566372766,1,10.1,Obese,18-39,1.0,1.0,proper_train
123375,76.0,17.0,12.0,262.0,23.9,1.4235430301393064,0,4.1,Normal,60+,2.0,1.0,conformal_calibration
123378,37.0,22.0,22.0,225.0,23.3,0.7713128138376306,0,6.1,Normal,18-39,1.0,6.0,test
123380,48.0,16.0,15.0,255.0,32.3,0.7776343032385088,0,6.7,Obese,40-59,2.0,7.0,proper_train
123382,19.0,16.0,14.0,135.0,21.2,0.6018327225287187,0,3.0,Normal,18-39,2.0,7.0,proper_train
123386,25.0,12.0,11.0,340.0,34.0,0.266039421686262,0,4.5,Obese,18-39,2.0,4.0,proper_train
123388,63.0,14.0,14.0,261.0,38.9,0.9031586795661238,1,10.0,Obese,60+,2.0,4.0,proper_train
123389,22.0,19.0,14.0,280.0,18.2,0.39898285399783356,0,3.9,Underweight,18-39,2.0,6.0,proper_train
123391,40.0,25.0,49.0,311.0,33.1,0.4593477262287552,0,3.7,Obese,40-59,2.0,2.0,test
123396,29.0,12.0,10.0,203.0,35.0,0.5421047417431507,0,5.6,Obese,18-39,1.0,4.0,proper_train
123399,69.0,38.0,42.0,287.0,31.2,1.409698200698972,0,4.6,Obese,60+,1.0,3.0,proper_train
123400,71.0,19.0,15.0,307.0,50.6,1.1345612451756362,0,5.1,Obese,60+,2.0,4.0,conformal_calibration
123401,46.0,15.0,19.0,302.0,24.6,0.5241617760618794,0,4.5,Normal,40-59,1.0,4.0,test
123403,47.0,18.0,13.0,232.0,30.0,1.011371478462379,0,6.3,Obese,40-59,2.0,4.0,test
123405,57.0,21.0,23.0,143.0,28.0,1.7453968785057237,0,3.6,Overweight,40-59,1.0,6.0,conformal_calibration
123408,67.0,25.0,27.0,238.0,59.4,1.3544281525106767,1,18.3,Obese,60+,2.0,3.0,test
123409,29.0,14.0,20.0,185.0,25.7,0.49072626965671057,0,3.3,Overweight,18-39,1.0,1.0,proper_train
123411,39.0,9.0,11.0,359.0,45.4,0.2947924288211561,0,4.8,Obese,18-39,2.0,4.0,test
123413,37.0,16.0,14.0,120.0,25.6,1.318488793434627,0,4.5,Overweight,18-39,2.0,6.0,test
123415,20.0,27.0,53.0,256.0,34.9,0.2897449395792659,0,7.1,Obese,18-39,1.0,3.0,test
123416,61.0,32.0,37.0,267.0,32.2,1.2018982143073313,0,7.2,Obese,60+,1.0,2.0,proper_train
123421,19.0,25.0,20.0,122.0,31.3,0.8706002371413115,0,6.0,Obese,18-39,1.0,3.0,test
123423,36.0,12.0,9.0,210.0,25.0,0.6857142857142857,0,4.5,Overweight,18-39,2.0,6.0,proper_train
123426,26.0,14.0,14.0,377.0,28.0,0.25804533701889254,0,6.1,Overweight,18-39,2.0,3.0,test
123427,20.0,45.0,70.0,185.0,29.1,0.5814625667032185,0,5.8,Overweight,18-39,1.0,2.0,conformal_calibration
123429,80.0,33.0,27.0,333.0,29.9,1.5257304411017136,0,4.2,Overweight,60+,2.0,3.0,proper_train
123431,24.0,17.0,14.0,183.0,21.5,0.5958611295096675,0,4.7,Normal,18-39,2.0,6.0,proper_train
123433,31.0,18.0,15.0,48.0,26.4,3.001562093310748,0,6.5,Overweight,18-39,2.0,3.0,test
123434,53.0,15.0,16.0,346.0,25.8,0.5744219653179191,0,4.9,Overweight,40-59,2.0,3.0,conformal_calibration
123436,48.0,26.0,26.0,299.0,24.7,0.8185716944898117,0,4.1,Normal,40-59,2.0,4.0,conformal_calibration
123438,22.0,14.0,15.0,274.0,27.7,0.2902381680369548,0,3.8,Overweight,18-39,2.0,3.0,conformal_calibration
123440,39.0,14.0,16.0,249.0,38.8,0.5481927710843374,0,5.1,Obese,18-39,2.0,7.0,proper_train
123441,60.0,18.0,24.0,192.0,41.5,1.1481983169296148,0,3.9,Obese,60+,1.0,4.0,test
123446,37.0,17.0,18.0,297.0,36.7,0.49918088144370193,0,6.7,Obese,18-39,2.0,1.0,proper_train
123447,28.0,18.0,11.0,305.0,27.7,0.4982351398924356,0,3.7,Overweight,18-39,2.0,1.0,proper_train
123452,77.0,30.0,25.0,256.0,23.5,1.8046875,0,4.2,Normal,60+,1.0,6.0,test
123453,29.0,18.0,23.0,204.0,23.4,0.5335515889107502,0,4.0,Normal,18-39,1.0,3.0,proper_train
123454,53.0,32.0,53.0,326.0,30.0,0.7146120136717073,0,6.6,Obese,40-59,1.0,4.0,proper_train
123458,19.0,26.0,17.0,214.0,23.6,0.5598719568595724,0,4.2,Normal,18-39,1.0,3.0,test
123460,41.0,18.0,14.0,216.0,21.7,0.9131425765341166,0,4.9,Normal,40-59,2.0,4.0,conformal_calibration
123461,80.0,28.0,36.0,218.0,34.4,1.7125382262996942,1,11.3,Obese,60+,1.0,3.0,test
123465,18.0,16.0,7.0,255.0,23.1,0.4268775224574802,0,6.1,Normal,18-39,2.0,4.0,test
123466,48.0,19.0,11.0,250.0,22.9,1.0999133850196816,0,4.2,Normal,40-59,1.0,4.0,proper_train
123467,66.0,36.0,50.0,281.0,38.1,1.1957905424193855,0,4.1,Obese,60+,1.0,4.0,proper_train
123472,39.0,14.0,15.0,307.0,29.9,0.4592071459346904,0,4.9,Overweight,18-39,1.0,7.0,proper_train
123474,40.0,17.0,21.0,264.0,29.6,0.5620763839411925,0,4.8,Overweight,40-59,1.0,3.0,proper_train
123476,20.0,18.0,8.0,189.0,22.9,0.6734350297014738,0,6.1,Normal,18-39,1.0,4.0,test
123478,38.0,21.0,20.0,251.0,36.8,0.710909261372443,0,5.0,Obese,18-39,2.0,3.0,test
123479,46.0,28.0,48.0,277.0,25.9,0.6711436342204314,0,3.8,Overweight,40-59,1.0,3.0,proper_train
123484,60.0,15.0,9.0,266.0,22.8,1.1278195488721805,0,3.3,Normal,60+,2.0,3.0,proper_train
123488,66.0,19.0,14.0,161.0,35.9,2.081649673032175,1,15.2,Obese,60+,1.0,1.0,conformal_calibration
123489,80.0,48.0,55.0,239.0,29.5,2.1664665036475728,1,21.0,Overweight,60+,1.0,6.0,proper_train
123490,80.0,20.0,28.0,287.0,32.2,1.0535595066459296,0,4.8,Obese,60+,1.0,3.0,conformal_calibration
123493,32.0,24.0,13.0,226.0,21.1,0.9424994484534867,0,6.1,Normal,18-39,2.0,4.0,test
123494,44.0,13.0,10.0,241.0,33.0,0.7505488886374743,0,4.0,Obese,40-59,2.0,2.0,conformal_calibration
123495,19.0,31.0,26.0,269.0,27.0,0.42941413976353315,0,3.0,Overweight,18-39,1.0,3.0,test
123496,73.0,30.0,24.0,96.0,23.2,4.656582063103438,1,11.0,Normal,60+,2.0,3.0,proper_train
123498,27.0,14.0,7.0,248.0,22.2,0.576091011280193,0,7.4,Normal,18-39,1.0,3.0,conformal_calibration
123503,25.0,21.0,18.0,266.0,30.1,0.4652018297279919,0,2.2,Obese,18-39,2.0,6.0,test
123504,54.0,26.0,47.0,270.0,34.9,0.7584979557890517,0,6.6,Obese,40-59,1.0,2.0,test
123505,23.0,18.0,14.0,269.0,25.3,0.41132399312915874,0,3.1,Overweight,18-39,2.0,3.0,proper_train
123506,70.0,13.0,12.0,259.0,33.6,1.0142639864142076,0,5.0,Obese,60+,2.0,4.0,proper_train
123507,28.0,16.0,8.0,386.0,42.7,0.41034175903053527,0,3.7,Obese,18-39,2.0,6.0,proper_train
123508,59.0,25.0,24.0,225.0,26.6,1.3381471742982178,0,5.0,Overweight,40-59,1.0,3.0,test
123509,48.0,18.0,15.0,218.0,28.7,1.0233203703740696,0,3.4,Overweight,40-59,2.0,3.0,proper_train
123511,35.0,15.0,14.0,344.0,29.6,0.40788416280239187,0,2.8,Overweight,18-39,2.0,3.0,proper_train
123513,28.0,22.0,35.0,170.0,37.1,0.612488259897372,0,4.5,Obese,18-39,2.0,3.0,conformal_calibration
123514,41.0,13.0,9.0,207.0,22.1,0.8582930756843801,0,3.6,Normal,40-59,2.0,1.0,test
123515,72.0,17.0,17.0,132.0,20.6,2.2489667048823603,0,6.0,Normal,60+,1.0,3.0,proper_train
123517,37.0,38.0,65.0,330.0,32.5,0.5284631419164457,0,3.8,Obese,18-39,1.0,7.0,test
123519,44.0,29.0,30.0,320.0,29.2,0.7280145660172833,0,3.7,Overweight,40-59,2.0,7.0,conformal_calibration
123521,50.0,12.0,15.0,229.0,34.8,0.6765036412589375,0,4.5,Obese,40-59,2.0,1.0,conformal_calibration
123524,46.0,34.0,20.0,256.0,20.4,1.3660977800037777,0,5.6,Normal,40-59,1.0,4.0,test
123525,32.0,15.0,16.0,217.0,23.8,0.5529953917050692,0,4.9,Normal,18-39,1.0,3.0,conformal_calibration
123526,75.0,21.0,16.0,280.0,38.3,1.40625,1,18.3,Obese,60+,2.0,4.0,proper_train
123527,40.0,20.0,28.0,207.0,27.4,0.7303661314187966,0,6.2,Overweight,40-59,1.0,6.0,proper_train
123528,60.0,13.0,14.0,242.0,25.6,0.8614205317838473,0,6.4,Overweight,60+,2.0,4.0,test
123533,80.0,20.0,11.0,208.0,28.4,2.3193180352135663,0,5.8,Overweight,60+,1.0,3.0,proper_train
123534,25.0,17.0,11.0,259.0,19.6,0.4947579978592646,0,4.7,Normal,18-39,2.0,7.0,conformal_calibration
123535,61.0,9.0,7.0,272.0,39.4,0.7628768223605358,0,6.3,Obese,60+,1.0,3.0,conformal_calibration
123536,65.0,34.0,40.0,159.0,37.1,2.1976835311233076,0,4.0,Obese,60+,1.0,3.0,test
123537,45.0,12.0,11.0,221.0,23.5,0.7367245523619563,0,4.1,Normal,40-59,2.0,3.0,proper_train
123539,60.0,20.0,25.0,255.0,38.3,0.9411764705882353,0,8.0,Obese,60+,1.0,3.0,proper_train
123542,62.0,13.0,14.0,97.0,30.8,2.2207480513547844,0,5.7,Obese,60+,1.0,4.0,proper_train
123545,42.0,17.0,14.0,310.0,37.0,0.6155629894370033,0,5.5,Obese,40-59,2.0,4.0,proper_train
123546,32.0,41.0,25.0,264.0,23.1,0.9939393939393939,0,2.3,Normal,18-39,2.0,4.0,test
123548,30.0,17.0,21.0,281.0,22.7,0.39605382213649865,0,4.6,Normal,18-39,1.0,4.0,proper_train
123549,52.0,21.0,34.0,219.0,29.9,0.8551436300256604,1,9.8,Overweight,40-59,1.0,2.0,conformal_calibration
123552,59.0,22.0,36.0,203.0,36.2,1.0656814449917897,0,6.1,Obese,40-59,1.0,3.0,proper_train
123553,45.0,21.0,26.0,327.0,29.3,0.5667576382433759,0,5.8,Overweight,40-59,1.0,3.0,proper_train
123554,42.0,18.0,13.0,254.0,21.5,0.8254987172170734,0,3.7,Normal,40-59,2.0,6.0,proper_train
123562,43.0,18.0,13.0,205.0,35.1,1.0471657362886033,0,6.1,Obese,40-59,2.0,3.0,proper_train
123564,33.0,28.0,25.0,185.0,21.7,0.9989189189189189,0,5.8,Normal,18-39,2.0,3.0,proper_train
123566,37.0,14.0,15.0,263.0,34.0,0.5085438208708345,0,3.2,Obese,18-39,2.0,1.0,proper_train
123568,68.0,36.0,30.0,269.0,26.4,1.6614929625435522,1,9.0,Overweight,60+,2.0,4.0,proper_train
123569,72.0,22.0,33.0,167.0,30.8,1.651131778645661,0,6.5,Obese,60+,1.0,1.0,proper_train
123570,74.0,22.0,24.0,257.0,28.0,1.293051005593714,0,3.1,Overweight,60+,2.0,3.0,test
123571,54.0,20.0,26.0,209.0,29.6,1.0134230906662143,0,5.6,Overweight,40-59,1.0,1.0,proper_train
123574,70.0,24.0,20.0,248.0,23.7,1.5147557266934057,0,3.5,Normal,60+,1.0,3.0,test
123576,36.0,53.0,42.0,233.0,26.5,1.263565629732495,0,3.8,Overweight,18-39,1.0,6.0,proper_train
123577,55.0,29.0,40.0,224.0,41.7,1.1258555508858403,1,8.7,Obese,40-59,1.0,2.0,proper_train
123580,21.0,19.0,12.0,244.0,22.0,0.4720548307513539,0,4.9,Normal,18-39,2.0,2.0,conformal_calibration
123582,65.0,17.0,11.0,279.0,26.9,1.1941578342596013,0,5.4,Overweight,60+,2.0,3.0,proper_train
123583,67.0,18.0,13.0,202.0,26.7,1.65586246694957,0,3.4,Overweight,60+,1.0,7.0,proper_train
123584,67.0,15.0,17.0,255.0,31.2,0.9558756986726065,1,11.2,Obese,60+,1.0,4.0,proper_train
123587,43.0,22.0,17.0,180.0,18.9,1.2746594515798388,0,5.3,Normal,40-59,2.0,3.0,proper_train
123593,77.0,15.0,10.0,224.0,28.8,1.6305494185243203,0,4.6,Overweight,60+,2.0,3.0,conformal_calibration
123597,80.0,20.0,11.0,159.0,32.5,3.0340764234240365,0,6.1,Obese,60+,2.0,3.0,proper_train
123600,63.0,24.0,15.0,204.0,29.7,1.9137094181260177,0,6.6,Overweight,60+,1.0,2.0,test
123604,42.0,16.0,17.0,228.0,56.6,0.7148418422123498,0,5.1,Obese,40-59,2.0,3.0,proper_train
123606,31.0,8.0,6.0,818.0,39.5,0.12377209784234479,0,4.8,Obese,18-39,2.0,7.0,proper_train
123607,55.0,16.0,14.0,191.0,33.4,1.2313606957221648,0,4.3,Obese,40-59,2.0,3.0,proper_train
123608,19.0,14.0,17.0,312.0,34.5,0.20677716749892489,0,4.4,Obese,18-39,2.0,3.0,proper_train
123609,60.0,13.0,11.0,270.0,26.1,0.8710327732246504,0,3.7,Overweight,60+,2.0,2.0,proper_train
123610,39.0,16.0,8.0,293.0,24.1,0.7529601219460846,0,3.2,Normal,18-39,2.0,4.0,proper_train
123614,27.0,17.0,14.0,275.0,20.8,0.44608330922837375,0,3.9,Normal,18-39,1.0,1.0,proper_train
123617,29.0,23.0,21.0,165.0,26.1,0.8821292896206481,0,5.2,Overweight,18-39,1.0,2.0,test
123622,24.0,31.0,55.0,165.0,49.5,0.6080056941486692,1,19.0,Obese,18-39,1.0,3.0,proper_train
123624,72.0,19.0,18.0,246.0,31.5,1.3107345212238442,0,7.5,Obese,60+,1.0,1.0,proper_train
123626,80.0,16.0,8.0,229.0,31.8,1.976193624276814,0,6.0,Obese,60+,2.0,4.0,proper_train
123627,43.0,9.0,6.0,228.0,28.7,0.6929477561820834,0,3.5,Overweight,40-59,1.0,4.0,conformal_calibration
123628,40.0,14.0,11.0,199.0,24.2,0.8484741354952143,0,4.4,Normal,40-59,2.0,6.0,proper_train
123632,21.0,18.0,17.0,344.0,22.7,0.2665071693713194,0,3.5,Normal,18-39,2.0,7.0,proper_train
123635,25.0,19.0,39.0,233.0,36.8,0.32644151526788145,0,4.3,Obese,18-39,1.0,4.0,proper_train
123636,32.0,11.0,14.0,255.0,51.8,0.3689253221693074,0,4.1,Obese,18-39,2.0,1.0,proper_train
123638,54.0,33.0,40.0,281.0,32.1,1.0027008523879095,0,6.6,Obese,40-59,1.0,4.0,test
123639,65.0,25.0,19.0,210.0,37.8,1.775240797807918,1,8.9,Obese,60+,1.0,4.0,test
123641,43.0,28.0,28.0,257.0,35.5,0.8853486877492404,0,5.2,Obese,40-59,1.0,1.0,proper_train
123643,24.0,25.0,31.0,222.0,29.0,0.48541973520749976,0,5.1,Overweight,18-39,2.0,4.0,test
123644,60.0,42.0,58.0,323.0,27.4,1.024434089184213,0,4.4,Overweight,60+,2.0,1.0,test
123646,62.0,20.0,21.0,169.0,25.1,1.6011253484771037,0,4.5,Overweight,60+,2.0,4.0,proper_train
123647,48.0,9.0,6.0,396.0,32.6,0.44536177141512334,0,5.2,Obese,40-59,2.0,4.0,test
123648,54.0,23.0,35.0,256.0,27.0,0.8200637377912637,1,8.4,Overweight,40-59,1.0,6.0,conformal_calibration
123651,43.0,20.0,18.0,196.0,23.5,1.0342037956129777,0,3.5,Normal,40-59,1.0,6.0,proper_train
123654,53.0,13.0,19.0,337.0,49.7,0.46904285055435324,1,22.2,Obese,40-59,2.0,3.0,proper_train
123656,54.0,35.0,37.0,292.0,31.6,1.06408933564084,0,8.1,Obese,40-59,1.0,1.0,conformal_calibration
123657,19.0,26.0,36.0,159.0,27.7,0.5178197064989518,0,4.6,Overweight,18-39,2.0,1.0,proper_train
123660,53.0,24.0,24.0,239.0,27.6,1.0863845721130414,0,5.9,Overweight,40-59,2.0,3.0,proper_train
123662,65.0,18.0,17.0,211.0,27.3,1.344865788116159,0,4.3,Overweight,60+,2.0,4.0,proper_train
123664,28.0,34.0,80.0,252.0,33.3,0.42236839574996027,0,5.6,Obese,18-39,1.0,7.0,test
123668,59.0,18.0,20.0,107.0,24.0,2.2193497122474546,0,5.5,Normal,40-59,1.0,3.0,proper_train
123669,60.0,32.0,29.0,279.0,32.4,1.2779034025087441,0,5.9,Obese,60+,2.0,3.0,proper_train
123672,47.0,22.0,24.0,266.0,27.6,0.7934750607887864,0,5.5,Overweight,40-59,1.0,1.0,proper_train
123673,71.0,22.0,17.0,167.0,22.8,2.2685068641122883,0,3.5,Normal,60+,2.0,4.0,test
123674,59.0,21.0,18.0,253.0,37.6,1.1542889352966172,0,5.8,Obese,40-59,1.0,4.0,test
123675,18.0,19.0,14.0,231.0,28.1,0.3956854750391738,0,4.9,Overweight,18-39,1.0,4.0,conformal_calibration
123677,51.0,23.0,27.0,185.0,24.7,1.2202375959629388,0,6.0,Normal,40-59,1.0,3.0,proper_train
123678,42.0,9.0,6.0,199.0,28.8,0.7754666019866343,0,2.8,Overweight,40-59,2.0,3.0,test
123680,30.0,16.0,13.0,237.0,19.6,0.5617217176964345,0,3.7,Normal,18-39,2.0,3.0,test
123681,18.0,17.0,13.0,387.0,17.6,0.21930007757741618,0,5.0,Underweight,18-39,2.0,6.0,proper_train
123686,21.0,13.0,10.0,381.0,40.6,0.2265883992719075,0,5.1,Obese,18-39,2.0,1.0,proper_train
123687,33.0,14.0,21.0,245.0,20.3,0.4114965930164428,0,3.9,Normal,18-39,1.0,1.0,test
123688,24.0,27.0,37.0,265.0,26.4,0.4020020519768737,0,5.5,Overweight,18-39,2.0,3.0,proper_train
123689,58.0,20.0,24.0,284.0,31.2,0.8337465086938048,0,5.0,Obese,40-59,2.0,4.0,test
123692,33.0,24.0,18.0,206.0,25.0,0.9061950982196533,0,4.0,Overweight,18-39,2.0,6.0,proper_train
123694,24.0,16.0,16.0,287.0,34.8,0.3344947735191638,0,5.1,Obese,18-39,2.0,2.0,test
123695,21.0,12.0,14.0,263.0,33.8,0.2560830150643762,0,3.7,Obese,18-39,2.0,6.0,test
123698,64.0,19.0,18.0,334.0,26.5,0.8581255947333751,0,4.8,Overweight,60+,1.0,2.0,proper_train
123704,44.0,17.0,12.0,324.0,24.3,0.6664475329534569,0,3.4,Normal,40-59,2.0,6.0,proper_train
123705,60.0,16.0,12.0,159.0,33.9,1.7429442088743419,0,4.5,Obese,60+,2.0,4.0,test
123706,36.0,18.0,13.0,177.0,19.3,1.0153834100394026,0,6.7,Normal,18-39,2.0,3.0,conformal_calibration
123709,51.0,24.0,13.0,248.0,21.8,1.36885693584613,0,5.8,Normal,40-59,2.0,2.0,conformal_calibration
123711,64.0,25.0,23.0,162.0,41.4,2.059401620316788,0,7.4,Obese,60+,2.0,3.0,test
123712,21.0,13.0,10.0,227.0,24.4,0.38030916353566846,0,4.4,Normal,18-39,2.0,3.0,test
123713,50.0,27.0,45.0,204.0,29.5,0.9865005783087307,0,3.9,Overweight,40-59,2.0,6.0,proper_train
123719,22.0,38.0,51.0,242.0,22.3,0.4837331199369488,0,5.9,Normal,18-39,1.0,1.0,proper_train
123720,33.0,54.0,86.0,156.0,34.9,1.231782063131585,0,6.3,Obese,18-39,1.0,3.0,proper_train
123722,43.0,16.0,15.0,205.0,17.4,0.8665406641270578,0,3.2,Underweight,40-59,1.0,7.0,test
123723,25.0,18.0,25.0,217.0,24.1,0.4147465437788018,0,6.3,Normal,18-39,1.0,6.0,test
123726,41.0,11.0,7.0,337.0,28.6,0.5058218911785207,0,3.8,Overweight,40-59,2.0,4.0,proper_train
123728,58.0,19.0,16.0,184.0,26.4,1.497282608695652,0,3.7,Overweight,40-59,2.0,3.0,proper_train
123729,78.0,17.0,15.0,253.0,41.0,1.3532479359870975,1,10.5,Obese,60+,2.0,4.0,test
123736,23.0,16.0,16.0,264.0,35.6,0.3484848484848485,0,5.1,Obese,18-39,2.0,3.0,proper_train
123738,68.0,24.0,21.0,300.0,35.3,1.1871053228837987,0,6.0,Obese,60+,2.0,3.0,test
123744,19.0,19.0,19.0,251.0,28.1,0.32995649373415453,0,4.1,Overweight,18-39,1.0,1.0,proper_train
123745,42.0,13.0,9.0,277.0,27.4,0.6570397111913358,0,3.9,Overweight,40-59,1.0,3.0,proper_train
123746,33.0,18.0,21.0,367.0,47.5,0.3531918986380912,1,11.6,Obese,18-39,2.0,7.0,test
123748,22.0,21.0,25.0,224.0,28.7,0.4125,0,5.0,Overweight,18-39,1.0,1.0,proper_train
123749,35.0,14.0,24.0,191.0,36.3,0.5236692731080965,0,3.8,Obese,18-39,1.0,3.0,proper_train
123753,80.0,19.0,16.0,194.0,28.6,1.958762886597938,0,4.8,Overweight,60+,2.0,3.0,proper_train
123754,69.0,20.0,30.0,164.0,34.5,1.536294978368149,0,6.1,Obese,60+,1.0,3.0,proper_train
123760,47.0,26.0,44.0,211.0,30.2,0.8730968319289742,1,8.8,Obese,40-59,1.0,3.0,proper_train
123761,27.0,17.0,19.0,239.0,33.8,0.4405933968476479,0,6.9,Obese,18-39,2.0,3.0,proper_train
123762,80.0,29.0,16.0,211.0,28.1,2.748815165876777,0,5.7,Overweight,60+,2.0,4.0,test
123766,35.0,11.0,12.0,216.0,43.4,0.5145366982361249,0,4.2,Obese,18-39,2.0,4.0,conformal_calibration
123767,68.0,27.0,17.0,184.0,25.7,2.420083736775583,0,4.8,Overweight,60+,2.0,6.0,proper_train
123769,41.0,10.0,8.0,384.0,30.4,0.3774919014146933,0,2.6,Obese,40-59,2.0,4.0,conformal_calibration
123770,55.0,63.0,93.0,233.0,21.8,1.5420762327214266,0,4.7,Normal,40-59,1.0,6.0,proper_train
123773,26.0,15.0,10.0,274.0,29.2,0.4501052144035284,0,4.4,Overweight,18-39,2.0,4.0,conformal_calibration
123774,24.0,20.0,19.0,301.0,22.5,0.36584568856435096,0,5.6,Normal,18-39,1.0,3.0,conformal_calibration
123775,80.0,16.0,12.0,142.0,26.8,2.60214205831944,0,4.8,Overweight,60+,2.0,1.0,proper_train
123781,25.0,15.0,9.0,362.0,28.5,0.3453038674033149,0,2.0,Overweight,18-39,2.0,4.0,test
123782,80.0,15.0,11.0,347.0,31.7,1.0426905287991826,0,5.3,Obese,60+,2.0,3.0,proper_train
123783,21.0,20.0,11.0,181.0,24.2,0.6996395841030979,1,8.3,Normal,18-39,1.0,4.0,test
123784,80.0,25.0,16.0,246.0,31.2,2.032520325203252,0,4.9,Obese,60+,2.0,6.0,proper_train
123785,71.0,28.0,43.0,200.0,35.6,1.5158357891060905,0,7.8,Obese,60+,1.0,3.0,proper_train
123787,56.0,20.0,11.0,145.0,26.9,2.328915213290312,0,5.4,Overweight,40-59,1.0,3.0,proper_train
123788,63.0,30.0,37.0,252.0,31.4,1.2329924047901797,0,6.3,Obese,60+,2.0,6.0,test
123791,60.0,17.0,14.0,340.0,24.7,0.8017837257372732,0,3.0,Normal,60+,2.0,3.0,proper_train
123795,71.0,23.0,21.0,219.0,30.5,1.6271681039058246,0,6.1,Obese,60+,2.0,3.0,proper_train
123796,28.0,16.0,9.0,308.0,27.2,0.48484848484848486,0,4.0,Overweight,18-39,2.0,4.0,proper_train
123798,73.0,18.0,8.0,278.0,29.4,1.6711120692070565,0,4.4,Overweight,60+,2.0,3.0,test
123799,78.0,23.0,18.0,232.0,28.5,1.8226286859894631,0,5.0,Overweight,60+,2.0,4.0,conformal_calibration
123800,45.0,132.0,141.0,202.0,35.7,2.4764269362055065,1,8.5,Obese,40-59,2.0,1.0,proper_train
123801,58.0,29.0,38.0,244.0,24.7,1.1182640587784534,0,5.2,Normal,40-59,1.0,3.0,proper_train
123803,45.0,18.0,20.0,193.0,28.6,0.9384533998833314,0,5.5,Overweight,40-59,2.0,6.0,test
123804,64.0,30.0,43.0,178.0,29.2,1.6449283990932637,1,9.1,Overweight,60+,2.0,1.0,test
123811,62.0,35.0,26.0,148.0,23.8,2.8754865760125634,0,7.5,Normal,60+,1.0,3.0,proper_train
123812,37.0,26.0,24.0,251.0,31.0,0.7823403494546539,0,5.8,Obese,18-39,1.0,3.0,proper_train
123813,22.0,17.0,14.0,326.0,22.0,0.30661259041486727,0,4.5,Normal,18-39,1.0,4.0,test
123819,80.0,18.0,11.0,198.0,26.8,2.192809778747372,0,4.2,Overweight,60+,2.0,7.0,test
123821,60.0,12.0,12.0,271.0,28.7,0.7669597671891708,0,3.3,Overweight,60+,1.0,1.0,proper_train
123825,23.0,17.0,15.0,187.0,21.6,0.5398704058349733,0,5.4,Normal,18-39,1.0,2.0,conformal_calibration
123827,78.0,38.0,23.0,169.0,32.1,3.6570220311548503,1,9.0,Obese,60+,1.0,7.0,conformal_calibration
123830,46.0,26.0,47.0,171.0,29.1,1.0202019288390753,0,4.4,Overweight,40-59,1.0,3.0,proper_train
123833,34.0,12.0,11.0,332.0,25.1,0.37053201381845646,0,3.4,Overweight,18-39,2.0,3.0,test
123838,47.0,17.0,19.0,234.0,24.0,0.7833468861648668,0,4.9,Normal,40-59,1.0,4.0,proper_train
123841,69.0,11.0,11.0,274.0,27.8,0.8352084326077467,0,6.4,Overweight,60+,1.0,7.0,proper_train
123842,71.0,19.0,9.0,265.0,27.3,1.6968553459119498,0,4.2,Overweight,60+,1.0,3.0,conformal_calibration
123843,48.0,21.0,41.0,253.0,34.0,0.6222258971688337,0,6.3,Obese,40-59,1.0,4.0,proper_train
123844,52.0,57.0,49.0,187.0,21.5,2.2643239113827347,1,8.4,Normal,40-59,1.0,7.0,test
123846,24.0,15.0,12.0,248.0,24.4,0.41904455021827675,0,3.1,Normal,18-39,2.0,4.0,proper_train
123847,29.0,12.0,11.0,313.0,44.2,0.3352266706487596,0,7.5,Obese,18-39,2.0,4.0,conformal_calibration
123850,32.0,17.0,16.0,203.0,30.8,0.6699507389162561,0,5.8,Obese,18-39,1.0,1.0,test
123852,60.0,16.0,9.0,272.0,19.1,1.1764705882352942,0,4.2,Normal,60+,2.0,3.0,proper_train
123853,67.0,17.0,17.0,222.0,25.9,1.2443607068305553,0,2.5,Overweight,60+,1.0,4.0,proper_train
123854,52.0,17.0,11.0,175.0,49.6,1.52306302060996,1,9.1,Obese,40-59,1.0,4.0,conformal_calibration
123856,26.0,22.0,29.0,195.0,27.3,0.5447063253193521,0,4.1,Overweight,18-39,1.0,6.0,test
123858,24.0,21.0,20.0,189.0,24.8,0.5962847939999439,0,6.3,Normal,18-39,1.0,6.0,proper_train
123860,61.0,19.0,23.0,191.0,27.3,1.2652785648803648,0,3.3,Overweight,60+,2.0,3.0,proper_train
123861,42.0,26.0,18.0,278.0,31.6,0.9258520444313069,0,4.8,Obese,40-59,1.0,4.0,proper_train
123862,73.0,18.0,18.0,171.0,29.7,1.8111857904076483,0,3.8,Overweight,60+,1.0,3.0,proper_train
123863,72.0,28.0,20.0,220.0,24.2,2.049051383017989,1,15.8,Normal,60+,1.0,6.0,proper_train
123866,41.0,20.0,28.0,187.0,22.6,0.8286921600737067,0,5.2,Normal,40-59,1.0,3.0,proper_train
123867,68.0,21.0,14.0,269.0,33.7,1.4187697154310113,1,10.8,Obese,60+,2.0,1.0,proper_train
123870,26.0,32.0,36.0,246.0,31.8,0.5636856368563685,0,5.5,Obese,18-39,1.0,4.0,proper_train
123871,55.0,16.0,13.0,301.0,27.3,0.8108574296980094,0,4.0,Overweight,40-59,2.0,3.0,test
123873,47.0,15.0,17.0,226.0,19.6,0.7565823701354635,0,5.1,Normal,40-59,2.0,6.0,conformal_calibration
123876,34.0,24.0,23.0,201.0,28.6,0.8465062779630498,0,4.9,Overweight,18-39,1.0,2.0,conformal_calibration
123877,28.0,25.0,26.0,340.0,30.2,0.40376851351979065,0,4.3,Obese,18-39,1.0,1.0,proper_train
123879,80.0,18.0,16.0,241.0,29.0,1.4937759336099585,0,4.2,Overweight,60+,2.0,3.0,proper_train
123881,38.0,16.0,19.0,233.0,28.1,0.5986470652073028,0,3.3,Overweight,18-39,2.0,3.0,proper_train
123885,67.0,14.0,9.0,517.0,35.8,0.6047711154094133,0,4.9,Obese,60+,2.0,3.0,proper_train
123886,63.0,29.0,54.0,256.0,33.1,0.971184409736299,0,5.6,Obese,60+,1.0,2.0,test
123890,60.0,26.0,21.0,170.0,36.7,2.0024700515773417,1,8.3,Obese,60+,1.0,1.0,test
123891,70.0,19.0,14.0,175.0,25.5,2.0311854385344255,0,3.6,Overweight,60+,2.0,2.0,proper_train
123892,19.0,27.0,50.0,379.0,32.7,0.19142257453757197,0,5.8,Obese,18-39,1.0,6.0,proper_train
123899,54.0,13.0,12.0,228.0,25.2,0.8888155459892924,0,3.9,Overweight,40-59,2.0,4.0,proper_train
123900,73.0,19.0,21.0,338.0,34.1,0.8954680880394125,0,7.0,Obese,60+,1.0,3.0,proper_train
123902,34.0,16.0,14.0,278.0,41.1,0.5229860273394203,0,6.4,Obese,18-39,2.0,7.0,test
123903,75.0,17.0,14.0,179.0,48.1,1.903676443789615,1,11.2,Obese,60+,2.0,4.0,proper_train
123912,72.0,14.0,12.0,313.0,24.0,0.9296630532638064,0,4.6,Normal,60+,1.0,4.0,proper_train
123913,62.0,16.0,17.0,166.0,27.6,1.4493695182894115,0,5.3,Overweight,60+,1.0,2.0,proper_train
123914,69.0,24.0,17.0,337.0,31.9,1.1918071070034642,0,4.5,Obese,60+,2.0,4.0,proper_train
123915,27.0,17.0,11.0,278.0,22.5,0.4978190905078903,0,3.2,Normal,18-39,2.0,6.0,proper_train
123918,54.0,18.0,26.0,234.0,32.3,0.8146362536509183,0,5.1,Obese,40-59,2.0,2.0,test
123919,30.0,30.0,58.0,220.0,32.6,0.5371626798806832,0,6.7,Obese,18-39,1.0,3.0,proper_train
123920,29.0,29.0,32.0,213.0,33.8,0.6979774682839042,0,4.4,Obese,18-39,1.0,1.0,proper_train
123926,21.0,21.0,30.0,180.0,21.9,0.44730675529588565,0,4.8,Normal,18-39,1.0,4.0,proper_train
123927,32.0,18.0,21.0,307.0,23.2,0.4094250969900053,0,4.1,Normal,18-39,1.0,3.0,proper_train
123928,50.0,23.0,40.0,221.0,31.0,0.8227645495913203,0,4.5,Obese,40-59,1.0,4.0,test
123930,80.0,21.0,13.0,109.0,25.3,4.274753805772408,0,4.0,Overweight,60+,1.0,4.0,proper_train
123931,63.0,21.0,24.0,133.0,21.8,2.0304980762544766,0,5.2,Normal,60+,1.0,4.0,proper_train
123934,67.0,21.0,35.0,303.0,28.7,0.7849056345894541,1,8.5,Overweight,60+,1.0,7.0,test
123935,50.0,15.0,14.0,292.0,37.7,0.6864586692956105,0,5.7,Obese,40-59,2.0,1.0,proper_train
123936,51.0,18.0,17.0,225.0,37.6,0.9895453501482385,0,6.1,Obese,40-59,1.0,4.0,proper_train
123937,50.0,19.0,10.0,325.0,24.6,0.9243580852799878,0,6.7,Normal,40-59,2.0,1.0,proper_train
123940,41.0,43.0,71.0,210.0,40.1,0.9963314587598873,0,7.3,Obese,40-59,1.0,1.0,proper_train
123941,80.0,18.0,17.0,185.0,35.9,1.887844865147673,1,13.7,Obese,60+,1.0,4.0,proper_train
123943,78.0,20.0,15.0,231.0,23.0,1.7436808138769322,0,4.2,Normal,60+,1.0,3.0,proper_train
123948,50.0,25.0,38.0,162.0,31.6,1.2517084963793406,0,6.1,Obese,40-59,1.0,6.0,proper_train
123949,66.0,14.0,16.0,306.0,31.4,0.7549019607843137,1,10.5,Obese,60+,1.0,2.0,proper_train
123950,54.0,20.0,18.0,260.0,43.4,0.9790709277967583,0,4.8,Obese,40-59,2.0,4.0,proper_train
123951,62.0,24.0,21.0,242.0,23.9,1.341769506905606,0,4.2,Normal,60+,2.0,6.0,conformal_calibration
123953,41.0,23.0,36.0,296.0,36.2,0.5309684684684685,0,5.5,Obese,40-59,1.0,1.0,proper_train
123959,27.0,17.0,17.0,235.0,32.3,0.47371851868798653,0,5.0,Obese,18-39,2.0,1.0,test
123960,64.0,15.0,17.0,249.0,31.4,0.9350771085738139,0,5.8,Obese,60+,2.0,4.0,proper_train
123962,24.0,22.0,16.0,226.0,25.6,0.584070796460177,0,4.0,Overweight,18-39,2.0,3.0,proper_train
123963,80.0,13.0,15.0,221.0,32.2,1.21505359881017,0,5.2,Obese,60+,2.0,3.0,proper_train
123964,18.0,18.0,27.0,285.0,32.4,0.218785365166595,0,4.6,Obese,18-39,1.0,1.0,proper_train
123966,64.0,28.0,29.0,216.0,21.3,1.5405835463577637,0,4.3,Normal,60+,2.0,3.0,conformal_calibration
123968,25.0,20.0,14.0,240.0,26.9,0.5567942539842176,0,4.1,Overweight,18-39,2.0,4.0,proper_train
123969,27.0,19.0,23.0,351.0,31.9,0.30475183592957084,0,4.5,Obese,18-39,2.0,7.0,proper_train
123970,48.0,22.0,22.0,280.0,31.2,0.8040712731125879,0,7.1,Obese,40-59,1.0,1.0,proper_train
123971,80.0,24.0,25.0,183.0,32.0,2.098360655737705,0,4.4,Obese,60+,1.0,3.0,proper_train
123972,60.0,20.0,17.0,200.0,26.5,1.4552137502179978,0,4.6,Overweight,60+,1.0,6.0,proper_train
123975,57.0,29.0,44.0,161.0,30.7,1.5478206602082087,1,8.8,Obese,40-59,1.0,3.0,conformal_calibration
123982,68.0,15.0,15.0,211.0,25.4,1.2481652490147124,0,4.1,Overweight,60+,1.0,6.0,proper_train
123984,65.0,26.0,26.0,261.0,24.0,1.269870760090157,0,4.3,Normal,60+,1.0,1.0,conformal_calibration
123986,29.0,16.0,8.0,384.0,25.2,0.42721034696687243,0,2.8,Overweight,18-39,2.0,6.0,test
123988,46.0,22.0,26.0,351.0,33.5,0.5654402528770435,0,5.3,Obese,40-59,2.0,7.0,proper_train
123989,20.0,16.0,12.0,193.0,21.1,0.47863234751471573,0,4.3,Normal,18-39,2.0,3.0,test
123992,62.0,25.0,18.0,189.0,22.4,1.9330079556246011,0,7.0,Normal,60+,1.0,4.0,test
123994,64.0,15.0,12.0,361.0,33.8,0.767667947952965,0,5.8,Obese,60+,2.0,1.0,proper_train
123995,31.0,18.0,13.0,224.0,30.1,0.6908989051198167,0,3.1,Obese,18-39,1.0,1.0,proper_train
123998,32.0,17.0,15.0,320.0,22.9,0.4389381125701739,0,3.9,Normal,18-39,2.0,4.0,proper_train
124000,59.0,23.0,25.0,265.0,32.4,1.0241509433962264,0,4.6,Obese,40-59,1.0,3.0,test
124002,80.0,15.0,7.0,262.0,18.4,1.7311349908819569,0,4.9,Underweight,60+,2.0,3.0,test
124004,40.0,7.0,10.0,265.0,32.7,0.33412745088571555,0,4.1,Obese,40-59,1.0,7.0,proper_train
124007,61.0,20.0,27.0,176.0,30.7,1.3340290310820897,0,5.3,Obese,60+,1.0,6.0,test
124008,39.0,16.0,12.0,256.0,30.6,0.7036456405748565,0,4.4,Obese,18-39,2.0,2.0,proper_train
124009,37.0,24.0,27.0,307.0,33.5,0.5566634517268053,0,3.6,Obese,18-39,1.0,3.0,proper_train
124010,33.0,30.0,48.0,217.0,26.2,0.658498578914435,0,5.2,Overweight,18-39,1.0,3.0,conformal_calibration
124011,59.0,23.0,18.0,192.0,31.1,1.6658748299828907,0,3.4,Obese,40-59,1.0,3.0,proper_train
124012,36.0,10.0,9.0,327.0,30.2,0.3669724770642202,0,5.1,Obese,18-39,2.0,1.0,proper_train
124014,53.0,20.0,15.0,111.0,22.6,2.465683091279196,0,3.3,Normal,40-59,2.0,7.0,proper_train
124015,54.0,21.0,18.0,207.0,24.6,1.291238469992826,0,3.7,Normal,40-59,1.0,3.0,conformal_calibration
124019,34.0,21.0,20.0,243.0,28.3,0.6570175044999382,0,4.5,Overweight,18-39,1.0,1.0,test
124020,18.0,52.0,64.0,253.0,23.8,0.4624505928853755,0,4.7,Normal,18-39,1.0,3.0,proper_train
124024,45.0,11.0,7.0,173.0,33.2,1.0814590412691762,0,4.4,Obese,40-59,2.0,4.0,proper_train
124025,59.0,17.0,17.0,405.0,34.0,0.6006499553368938,0,5.5,Obese,40-59,2.0,4.0,proper_train
124026,24.0,12.0,16.0,340.0,26.8,0.21176470588235294,0,3.9,Overweight,18-39,2.0,1.0,test
124028,62.0,14.0,15.0,186.0,24.1,1.2049281521534185,0,4.9,Normal,60+,1.0,3.0,test
124030,35.0,12.0,16.0,247.0,35.3,0.4251012145748988,0,4.0,Obese,18-39,1.0,6.0,proper_train
124034,47.0,23.0,27.0,267.0,34.4,0.7791705880074725,0,4.0,Obese,40-59,1.0,3.0,test
124039,40.0,34.0,56.0,171.0,24.1,1.0627932426926818,0,6.0,Normal,40-59,1.0,6.0,proper_train
124041,37.0,14.0,10.0,327.0,24.6,0.500935727207101,0,5.1,Normal,18-39,2.0,6.0,proper_train
124043,64.0,21.0,23.0,309.0,24.7,0.9069364805589272,0,4.3,Normal,60+,2.0,2.0,test
124045,72.0,18.0,22.0,190.0,34.4,1.4542533073519532,0,4.6,Obese,60+,1.0,1.0,proper_train
124047,47.0,17.0,12.0,246.0,20.2,0.9376074493546972,0,3.5,Normal,40-59,2.0,7.0,proper_train
124048,48.0,15.0,14.0,340.0,31.2,0.5659649828733694,0,4.5,Obese,40-59,2.0,4.0,proper_train
124051,23.0,15.0,16.0,322.0,42.4,0.26785714285714285,0,2.8,Obese,18-39,2.0,3.0,proper_train
124052,37.0,14.0,11.0,157.0,26.0,0.9947953916642137,0,3.4,Overweight,18-39,2.0,2.0,conformal_calibration
124053,45.0,21.0,49.0,288.0,26.5,0.46875,0,7.7,Overweight,40-59,1.0,2.0,proper_train
124056,45.0,49.0,48.0,242.0,24.5,1.3151418838462032,0,6.0,Normal,40-59,1.0,2.0,proper_train
124057,39.0,25.0,24.0,378.0,39.6,0.52651069206649,1,9.0,Obese,18-39,2.0,2.0,proper_train
124059,18.0,16.0,19.0,243.0,27.2,0.2719001290317769,0,5.8,Overweight,18-39,1.0,1.0,proper_train
124060,33.0,13.0,10.0,226.0,22.2,0.6002730602709003,0,4.6,Normal,18-39,2.0,6.0,test
124061,55.0,16.0,13.0,177.0,28.1,1.3789157420288183,0,7.3,Overweight,40-59,2.0,1.0,proper_train
124062,59.0,21.0,14.0,250.0,30.7,1.3245467149179753,0,4.4,Obese,40-59,2.0,3.0,proper_train
124063,49.0,16.0,14.0,337.0,26.6,0.6217590909772721,0,6.7,Overweight,40-59,1.0,4.0,proper_train
124066,36.0,16.0,24.0,254.0,30.8,0.4628956994235927,0,3.3,Obese,18-39,1.0,3.0,test
124068,39.0,21.0,17.0,294.0,23.9,0.6756349554583562,0,3.8,Normal,18-39,2.0,6.0,proper_train
124069,23.0,29.0,87.0,252.0,30.7,0.2837694685463528,0,5.7,Obese,18-39,2.0,1.0,proper_train
124071,50.0,16.0,20.0,214.0,27.1,0.8359132626167438,0,3.2,Overweight,40-59,2.0,2.0,proper_train
124072,75.0,21.0,20.0,234.0,30.3,1.5050457540863966,0,4.9,Obese,60+,1.0,4.0,test
124073,30.0,29.0,53.0,259.0,44.2,0.4614042109473338,0,6.2,Obese,18-39,1.0,4.0,test
124074,18.0,15.0,11.0,345.0,16.7,0.23596540010433673,0,3.8,Underweight,18-39,2.0,3.0,proper_train
124078,57.0,25.0,37.0,187.0,36.8,1.2527730316049954,1,9.3,Obese,40-59,1.0,4.0,proper_train
124085,60.0,17.0,18.0,143.0,26.8,1.6812329063176656,0,3.3,Overweight,60+,1.0,7.0,test
124086,23.0,19.0,27.0,237.0,46.0,0.3548552287424282,0,4.3,Obese,18-39,1.0,3.0,proper_train
124087,41.0,16.0,31.0,229.0,34.0,0.5145025245832504,0,5.7,Obese,40-59,1.0,3.0,test
124088,29.0,18.0,30.0,406.0,30.4,0.2347382389307855,0,4.9,Obese,18-39,1.0,3.0,proper_train
124089,30.0,18.0,17.0,346.0,19.1,0.37852380786017287,0,4.4,Normal,18-39,2.0,4.0,proper_train
124090,65.0,15.0,15.0,387.0,52.9,0.6505010788203671,1,11.7,Obese,60+,2.0,2.0,test
124091,61.0,15.0,12.0,195.0,34.4,1.354552554637199,0,5.2,Obese,60+,1.0,1.0,proper_train
124092,38.0,14.0,17.0,290.0,32.5,0.4449274224804453,0,5.1,Obese,18-39,2.0,3.0,proper_train
124094,40.0,16.0,15.0,225.0,25.0,0.734432397503036,0,2.7,Overweight,40-59,2.0,6.0,proper_train
124096,53.0,57.0,41.0,81.0,30.6,5.824702897104678,1,18.8,Obese,40-59,1.0,1.0,test
124097,20.0,28.0,28.0,324.0,29.9,0.3266359643289618,0,5.8,Overweight,18-39,1.0,1.0,proper_train
124100,61.0,24.0,34.0,250.0,28.7,1.0042957145945317,0,4.4,Overweight,60+,2.0,2.0,proper_train
124101,58.0,40.0,87.0,269.0,34.5,0.9246472419418899,0,6.8,Obese,40-59,2.0,3.0,proper_train
124102,65.0,13.0,10.0,201.0,20.2,1.3294152352449156,1,10.6,Normal,60+,1.0,3.0,conformal_calibration
124104,55.0,16.0,21.0,166.0,32.9,1.156817731371526,0,5.9,Obese,40-59,1.0,1.0,proper_train
124106,40.0,15.0,10.0,114.0,25.9,1.6643566632465152,0,3.8,Overweight,40-59,2.0,4.0,proper_train
124107,28.0,22.0,20.0,256.0,31.5,0.5380538570858868,0,4.7,Obese,18-39,2.0,4.0,proper_train
124108,56.0,18.0,21.0,190.0,28.6,1.1577033334625282,0,6.0,Overweight,40-59,1.0,1.0,proper_train
124110,24.0,14.0,7.0,170.0,19.5,0.7470356643005902,0,3.8,Normal,18-39,2.0,4.0,proper_train
124111,26.0,17.0,10.0,214.0,18.4,0.6531433298104784,0,5.4,Underweight,18-39,1.0,4.0,conformal_calibration
124113,44.0,18.0,13.0,157.0,33.4,1.3991164185043996,0,5.3,Obese,40-59,2.0,3.0,test
124115,60.0,28.0,17.0,239.0,30.4,1.7048529291256878,1,8.7,Obese,60+,1.0,3.0,test
124118,29.0,18.0,5.0,207.0,20.7,1.1277560234346764,0,7.1,Normal,18-39,2.0,6.0,test
124119,71.0,23.0,11.0,271.0,18.1,1.8168561833781844,0,5.5,Underweight,60+,1.0,4.0,proper_train
124121,39.0,12.0,14.0,307.0,35.6,0.4074210463029792,0,5.7,Obese,18-39,2.0,3.0,proper_train
124122,57.0,16.0,23.0,245.0,33.7,0.7761842678369477,0,6.2,Obese,40-59,2.0,3.0,test
124124,50.0,22.0,38.0,279.0,33.0,0.6395826639564115,0,5.3,Obese,40-59,1.0,2.0,test
124125,19.0,24.0,18.0,274.0,26.1,0.39226361584071257,0,6.4,Overweight,18-39,1.0,4.0,test
124126,36.0,18.0,14.0,443.0,18.8,0.3909374373797991,0,4.8,Normal,18-39,2.0,4.0,test
124127,40.0,17.0,13.0,267.0,21.5,0.7063598004366214,0,3.2,Normal,40-59,2.0,6.0,test
124128,42.0,8.0,18.0,322.0,26.5,0.2459501847605383,0,4.2,Overweight,40-59,1.0,1.0,test
124129,28.0,15.0,14.0,227.0,30.0,0.4944921656529438,0,4.4,Obese,18-39,2.0,1.0,proper_train
124132,80.0,17.0,9.0,170.0,24.6,2.6666666666666665,0,4.3,Normal,60+,2.0,4.0,test
124135,31.0,33.0,22.0,195.0,27.8,1.1184837581117408,0,4.9,Overweight,18-39,1.0,4.0,proper_train
124136,18.0,22.0,36.0,232.0,30.3,0.28448275862068967,0,4.7,Obese,18-39,1.0,1.0,test
124138,36.0,30.0,36.0,328.0,29.5,0.5487804878048781,0,5.4,Overweight,18-39,1.0,6.0,proper_train
124142,53.0,15.0,15.0,179.0,29.1,1.1467492589329225,0,4.3,Overweight,40-59,2.0,4.0,test
124144,52.0,19.0,19.0,221.0,36.9,1.0256232808330996,1,9.4,Obese,40-59,2.0,3.0,proper_train
124148,60.0,36.0,53.0,239.0,35.9,1.2414176490760178,0,4.2,Obese,60+,2.0,1.0,test
124149,21.0,16.0,16.0,221.0,43.6,0.38009049773755654,0,7.5,Obese,18-39,1.0,4.0,test
124153,23.0,15.0,9.0,205.0,24.9,0.5609756097560976,0,5.0,Normal,18-39,2.0,4.0,proper_train
124156,60.0,29.0,28.0,213.0,33.2,1.5437985517278294,0,5.8,Obese,60+,1.0,4.0,test
124157,44.0,23.0,22.0,248.0,36.1,0.8699964715801521,0,3.1,Obese,40-59,1.0,1.0,conformal_calibration
124158,54.0,31.0,36.0,366.0,34.6,0.7622950819672131,0,5.3,Obese,40-59,1.0,4.0,conformal_calibration
124159,62.0,20.0,12.0,292.0,30.2,1.225880708553315,0,4.0,Obese,60+,2.0,3.0,test
124160,76.0,13.0,9.0,161.0,20.7,2.0455486542443064,0,3.1,Normal,60+,2.0,6.0,proper_train
124161,65.0,15.0,16.0,289.0,35.4,0.8434256055363322,0,5.4,Obese,60+,2.0,6.0,proper_train
124163,50.0,14.0,14.0,296.0,22.8,0.6320367207388415,0,4.1,Normal,40-59,2.0,6.0,proper_train
124167,80.0,13.0,10.0,172.0,30.8,1.9120748642878571,0,4.2,Obese,60+,2.0,3.0,proper_train
124168,21.0,18.0,12.0,331.0,24.5,0.3296652594466443,0,5.3,Normal,18-39,2.0,4.0,proper_train
124169,80.0,29.0,19.0,122.0,22.5,4.362659857210683,0,3.9,Normal,60+,1.0,3.0,test
124170,69.0,20.0,25.0,296.0,29.3,0.9324324324324325,0,3.3,Overweight,60+,2.0,3.0,proper_train
124172,29.0,20.0,8.0,343.0,22.6,0.597845383510492,0,3.2,Normal,18-39,2.0,6.0,proper_train
124174,30.0,23.0,46.0,479.0,30.1,0.21239029174713783,0,5.0,Obese,18-39,2.0,6.0,conformal_calibration
124175,66.0,18.0,24.0,242.0,24.1,1.0020639856840277,0,3.5,Normal,60+,1.0,3.0,proper_train
124177,35.0,18.0,14.0,248.0,20.0,0.6789297677614007,0,3.8,Normal,18-39,2.0,3.0,test
124178,54.0,14.0,6.0,239.0,35.4,1.2913627932664455,0,3.3,Obese,40-59,1.0,4.0,proper_train
124179,60.0,20.0,22.0,162.0,26.5,1.5792645655971143,0,5.1,Overweight,60+,2.0,3.0,proper_train
124180,19.0,21.0,17.0,215.0,21.4,0.4501009971604505,0,2.9,Normal,18-39,1.0,1.0,conformal_calibration
124182,42.0,16.0,15.0,207.0,30.5,0.838210888454552,0,4.1,Obese,40-59,1.0,4.0,proper_train
124183,33.0,23.0,31.0,235.0,32.4,0.5800869116524348,0,4.3,Obese,18-39,2.0,2.0,proper_train
124186,80.0,23.0,16.0,186.0,21.2,2.4731182795698925,0,4.5,Normal,60+,1.0,3.0,test
124189,44.0,17.0,28.0,130.0,29.7,1.0873747146573152,0,6.1,Overweight,40-59,1.0,6.0,proper_train
124191,57.0,24.0,23.0,246.0,25.4,1.159543570853977,0,5.1,Overweight,40-59,1.0,3.0,test
124194,38.0,17.0,22.0,416.0,28.5,0.3310761124176066,0,4.9,Overweight,18-39,1.0,4.0,proper_train
124196,75.0,42.0,43.0,193.0,20.5,2.488966303355983,0,3.7,Normal,60+,2.0,7.0,test
124197,69.0,12.0,7.0,284.0,21.9,1.1019527593367608,0,4.9,Normal,60+,1.0,4.0,proper_train
124199,80.0,20.0,12.0,205.0,28.4,2.253074221227808,0,2.9,Overweight,60+,1.0,3.0,proper_train
124205,60.0,17.0,5.0,285.0,32.3,1.6005539207366914,0,3.2,Obese,60+,2.0,2.0,proper_train
124207,66.0,13.0,10.0,173.0,36.3,1.5683434869505604,0,4.3,Obese,60+,2.0,1.0,test
124208,79.0,19.0,11.0,309.0,30.7,1.4646230686447352,0,5.9,Obese,60+,2.0,4.0,proper_train
124210,18.0,36.0,22.0,204.0,20.6,0.677225804894292,0,4.8,Normal,18-39,1.0,1.0,proper_train
124211,29.0,21.0,14.0,189.0,24.9,0.861175112828923,0,4.6,Normal,18-39,1.0,3.0,proper_train
124212,39.0,25.0,25.0,328.0,25.4,0.5945121951219512,0,3.6,Overweight,18-39,1.0,3.0,test
124215,52.0,16.0,23.0,239.0,30.4,0.7258744455878083,0,5.3,Obese,40-59,1.0,4.0,proper_train
124218,54.0,14.0,13.0,296.0,39.8,0.708367142476813,0,3.5,Obese,40-59,2.0,4.0,conformal_calibration
124221,62.0,20.0,24.0,219.0,32.9,1.1557714159250918,0,4.4,Obese,60+,1.0,2.0,test
124223,66.0,19.0,17.0,360.0,27.0,0.8448324272098932,0,6.5,Overweight,60+,1.0,4.0,conformal_calibration
124224,50.0,35.0,58.0,104.0,42.4,2.209483245235716,1,14.7,Obese,40-59,1.0,2.0,proper_train
124225,32.0,19.0,17.0,213.0,24.7,0.6923082630145091,0,5.9,Normal,18-39,1.0,3.0,test
124226,55.0,29.0,26.0,176.0,31.6,1.777302474689793,0,5.5,Obese,40-59,1.0,4.0,proper_train
124231,23.0,14.0,13.0,310.0,30.3,0.2880862309427803,0,4.1,Obese,18-39,2.0,4.0,test
124235,45.0,19.0,34.0,217.0,36.6,0.6757202317826961,0,6.3,Obese,40-59,1.0,3.0,test
124236,58.0,22.0,20.0,250.0,27.9,1.1412890957158925,0,5.6,Overweight,40-59,2.0,4.0,proper_train
124237,43.0,23.0,24.0,212.0,26.7,0.9522583945017938,0,5.5,Overweight,40-59,1.0,3.0,proper_train
124238,50.0,57.0,101.0,278.0,29.7,1.020092083488658,0,4.8,Overweight,40-59,1.0,6.0,proper_train
124239,19.0,30.0,14.0,292.0,20.4,0.521708588664664,0,4.3,Normal,18-39,2.0,6.0,proper_train
124240,75.0,26.0,22.0,118.0,25.2,3.5232321770630537,0,7.0,Overweight,60+,1.0,4.0,proper_train
124245,79.0,14.0,7.0,260.0,22.1,1.6078027198007896,0,5.0,Normal,60+,2.0,3.0,proper_train
124246,61.0,24.0,21.0,217.0,26.4,1.472216549794898,0,3.3,Overweight,60+,2.0,3.0,test
124248,49.0,16.0,12.0,224.0,24.1,1.0103629710818451,0,4.4,Normal,40-59,2.0,3.0,proper_train
124249,32.0,17.0,13.0,247.0,26.8,0.6108439407824386,0,2.9,Overweight,18-39,2.0,3.0,proper_train
124256,60.0,19.0,20.0,184.0,37.9,1.3853899425813914,0,3.3,Obese,60+,2.0,2.0,proper_train
124257,59.0,24.0,25.0,188.0,47.6,1.5063829787234042,0,6.0,Obese,40-59,2.0,4.0,test
124262,56.0,17.0,12.0,211.0,26.0,1.3024584271765967,0,5.6,Overweight,40-59,2.0,2.0,proper_train
124265,35.0,24.0,28.0,316.0,33.3,0.5023578438730235,0,3.2,Obese,18-39,2.0,6.0,test
124266,54.0,20.0,17.0,258.0,35.6,1.0152654071288356,0,6.1,Obese,40-59,1.0,4.0,proper_train
124267,24.0,17.0,13.0,236.0,29.6,0.4794866102963845,0,5.9,Overweight,18-39,2.0,4.0,test
124271,63.0,18.0,13.0,265.0,22.4,1.1868490990932261,0,3.5,Normal,60+,2.0,3.0,conformal_calibration
124272,43.0,18.0,17.0,224.0,35.8,0.8380472043666148,0,5.0,Obese,40-59,2.0,2.0,proper_train
124273,25.0,19.0,25.0,373.0,28.6,0.2546916890080429,0,3.9,Overweight,18-39,2.0,6.0,proper_train
124276,18.0,31.0,53.0,292.0,72.6,0.2624903927512619,1,71.3,Obese,18-39,2.0,7.0,conformal_calibration
124279,49.0,34.0,41.0,206.0,27.6,1.2630363461476588,0,4.9,Overweight,40-59,2.0,6.0,proper_train
124281,30.0,24.0,16.0,280.0,23.1,0.6428571428571429,0,4.1,Normal,18-39,1.0,7.0,conformal_calibration
124282,80.0,24.0,23.0,232.0,31.0,1.7256365301275154,0,4.6,Obese,60+,2.0,3.0,test
124283,51.0,14.0,10.0,216.0,22.4,1.045308448777881,1,8.4,Normal,40-59,1.0,4.0,proper_train
124284,55.0,16.0,19.0,326.0,38.5,0.6192817356015163,0,4.8,Obese,40-59,2.0,2.0,test
124287,56.0,35.0,25.0,172.0,32.0,2.2790697674418605,0,4.0,Obese,40-59,1.0,3.0,proper_train
124290,59.0,16.0,22.0,221.0,25.8,0.9106854128493043,0,7.2,Overweight,40-59,1.0,3.0,conformal_calibration
124294,64.0,18.0,17.0,353.0,24.8,0.7915043627248033,0,5.0,Normal,60+,1.0,3.0,test
124295,33.0,19.0,14.0,238.0,24.0,0.7040873894079416,0,3.6,Normal,18-39,2.0,4.0,proper_train
124296,46.0,41.0,28.0,193.0,36.8,1.8467383318533743,0,4.6,Obese,40-59,1.0,4.0,proper_train
124297,23.0,15.0,11.0,283.0,27.6,0.3675668334958603,0,3.7,Overweight,18-39,2.0,4.0,conformal_calibration
124298,36.0,18.0,22.0,229.0,28.9,0.6032928567617274,0,4.6,Overweight,18-39,1.0,2.0,proper_train
124303,68.0,15.0,19.0,236.0,33.6,0.9915425785931058,1,72.0,Obese,60+,2.0,4.0,proper_train
124308,33.0,25.0,47.0,326.0,31.2,0.36913686498700315,0,4.2,Obese,18-39,1.0,7.0,proper_train
124312,47.0,27.0,21.0,196.0,34.3,1.412849503619767,0,4.6,Obese,40-59,1.0,3.0,proper_train
124313,18.0,16.0,8.0,231.0,23.2,0.44079383762278285,0,3.6,Normal,18-39,1.0,3.0,test
124314,18.0,16.0,11.0,279.0,24.6,0.31123751698349794,0,4.1,Normal,18-39,1.0,3.0,conformal_calibration
124317,80.0,16.0,10.0,172.0,22.5,2.3533229098927473,0,7.2,Normal,60+,1.0,3.0,proper_train
124320,36.0,19.0,23.0,254.0,25.5,0.5615112567521227,0,3.2,Overweight,18-39,1.0,1.0,test
124322,46.0,17.0,12.0,250.0,34.0,0.9029758210125748,0,7.0,Obese,40-59,1.0,4.0,proper_train
124323,54.0,19.0,19.0,404.0,25.0,0.5826251063148424,0,3.3,Overweight,40-59,2.0,3.0,proper_train
124328,42.0,25.0,25.0,175.0,31.8,1.2,0,5.5,Obese,40-59,1.0,4.0,test
124330,57.0,15.0,11.0,254.0,34.7,1.0149299197401098,0,4.6,Obese,40-59,2.0,4.0,proper_train
124331,62.0,17.0,22.0,197.0,34.9,1.1406779443594588,1,9.7,Obese,60+,1.0,1.0,proper_train
124334,48.0,26.0,33.0,217.0,27.0,1.0011470720401425,0,3.6,Overweight,40-59,1.0,2.0,conformal_calibration
124335,64.0,19.0,13.0,216.0,19.3,1.5613783301154598,0,2.6,Normal,60+,2.0,6.0,proper_train
124336,32.0,35.0,56.0,275.0,36.5,0.544241074439846,1,9.0,Obese,18-39,1.0,1.0,test
124338,32.0,16.0,14.0,323.0,27.9,0.42364630296953953,0,5.5,Overweight,18-39,2.0,6.0,proper_train
124340,74.0,15.0,6.0,230.0,31.9,1.9702417496299478,0,2.4,Obese,60+,2.0,4.0,proper_train
124342,56.0,22.0,26.0,263.0,24.3,0.9186885113697443,0,4.8,Normal,40-59,2.0,1.0,test
124344,53.0,16.0,19.0,169.0,57.3,1.1511511380013986,1,8.4,Obese,40-59,2.0,4.0,test
124345,26.0,11.0,12.0,363.0,36.0,0.22744101513530712,0,5.4,Obese,18-39,2.0,6.0,proper_train
124346,60.0,14.0,10.0,248.0,22.4,1.071094046186064,0,3.3,Normal,60+,2.0,3.0,proper_train
124347,26.0,18.0,23.0,247.0,37.0,0.3950799424239312,0,5.6,Obese,18-39,1.0,4.0,proper_train
124355,29.0,34.0,54.0,207.0,27.8,0.6482009893677438,0,5.4,Overweight,18-39,1.0,6.0,test
124356,58.0,26.0,43.0,218.0,30.2,1.0548983672548984,0,4.4,Obese,40-59,1.0,7.0,proper_train
124360,59.0,11.0,8.0,274.0,35.3,0.8374312061862579,0,5.6,Obese,40-59,2.0,3.0,test
124365,36.0,72.0,75.0,310.0,38.2,0.9654786437029095,0,6.6,Obese,18-39,1.0,4.0,conformal_calibration
124368,19.0,14.0,16.0,230.0,26.5,0.2891304347826087,0,4.0,Overweight,18-39,1.0,1.0,proper_train
124370,54.0,14.0,19.0,336.0,26.2,0.5161854012087639,0,4.3,Overweight,40-59,1.0,3.0,proper_train
124372,80.0,13.0,10.0,116.0,23.2,2.835145488426823,0,5.1,Normal,60+,1.0,3.0,proper_train
124373,27.0,17.0,14.0,294.0,38.4,0.41725479604694826,0,4.0,Obese,18-39,2.0,4.0,proper_train
124374,60.0,78.0,100.0,224.0,27.2,2.0892857142857144,0,4.5,Overweight,60+,1.0,1.0,proper_train
124375,49.0,15.0,19.0,248.0,32.1,0.6799216306244471,0,2.7,Obese,40-59,1.0,3.0,proper_train
124376,18.0,17.0,10.0,222.0,27.2,0.4358815153205063,0,3.7,Overweight,18-39,2.0,2.0,conformal_calibration
124377,49.0,26.0,37.0,336.0,37.3,0.6233461601994797,0,3.8,Obese,40-59,2.0,6.0,test
124379,20.0,18.0,16.0,214.0,25.3,0.4205607476635514,0,6.1,Overweight,18-39,1.0,3.0,test
124380,23.0,12.0,8.0,321.0,26.9,0.3039898311643101,0,4.1,Overweight,18-39,2.0,6.0,proper_train
124381,46.0,18.0,20.0,249.0,31.8,0.7435599539637855,0,4.1,Obese,40-59,2.0,1.0,proper_train
124382,34.0,15.0,13.0,187.0,20.0,0.7564093584889487,0,5.1,Normal,18-39,1.0,3.0,proper_train
124383,33.0,25.0,48.0,289.0,36.4,0.41203630802892843,1,8.7,Obese,18-39,1.0,3.0,conformal_calibration
124387,33.0,28.0,36.0,253.0,47.1,0.6086956521739131,0,5.8,Obese,18-39,2.0,4.0,proper_train
124388,40.0,11.0,10.0,172.0,22.5,0.8089547502756318,0,4.3,Normal,40-59,2.0,6.0,proper_train
124390,46.0,27.0,25.0,244.0,24.0,1.018032786885246,0,3.1,Normal,40-59,1.0,7.0,test
124391,69.0,56.0,103.0,280.0,24.5,1.3597544038667246,0,4.7,Normal,60+,2.0,3.0,test
124394,50.0,21.0,14.0,193.0,31.4,1.4540119378655212,0,5.5,Obese,40-59,2.0,4.0,proper_train
124396,68.0,17.0,16.0,120.0,24.9,2.408333333333333,0,4.0,Normal,60+,1.0,4.0,proper_train
124398,33.0,24.0,26.0,224.0,27.0,0.6934106206671508,0,6.2,Overweight,18-39,1.0,4.0,proper_train
124401,54.0,18.0,14.0,216.0,21.9,1.2026755886059097,0,5.1,Normal,40-59,2.0,3.0,conformal_calibration
124406,36.0,16.0,10.0,320.0,25.2,0.5692099788303082,0,5.1,Overweight,18-39,2.0,4.0,conformal_calibration
124409,80.0,16.0,13.0,180.0,26.8,1.9722673643563702,0,5.5,Overweight,60+,1.0,4.0,proper_train
124411,59.0,16.0,11.0,294.0,32.1,0.9681180587803022,0,5.5,Obese,40-59,2.0,4.0,test
124412,52.0,14.0,14.0,233.0,41.5,0.8350480004817381,0,6.4,Obese,40-59,1.0,4.0,test
124414,60.0,14.0,8.0,337.0,33.2,0.8812606768497031,0,6.4,Obese,60+,1.0,4.0,test
124417,25.0,15.0,11.0,208.0,26.2,0.5435901645031797,0,5.1,Overweight,18-39,2.0,3.0,proper_train
124418,80.0,21.0,16.0,254.0,27.9,1.6535433070866141,0,3.3,Overweight,60+,1.0,7.0,proper_train
124419,55.0,36.0,17.0,105.0,54.6,4.573528929256565,0,7.5,Obese,40-59,1.0,2.0,test
124421,47.0,15.0,25.0,351.0,27.6,0.4017094017094017,0,4.5,Overweight,40-59,2.0,3.0,proper_train
124422,52.0,27.0,34.0,185.0,29.4,1.3015352083247698,1,9.2,Overweight,40-59,2.0,1.0,conformal_calibration
124423,52.0,19.0,25.0,276.0,28.9,0.7159420289855073,0,6.8,Overweight,40-59,1.0,6.0,proper_train
124426,80.0,19.0,13.0,238.0,45.0,1.77131155097132,0,5.8,Obese,60+,2.0,3.0,proper_train
124428,26.0,23.0,18.0,285.0,28.7,0.49456123409304725,0,5.1,Overweight,18-39,1.0,4.0,proper_train
124429,62.0,25.0,27.0,322.0,22.7,0.9263901834823187,0,5.2,Normal,60+,2.0,6.0,test
124433,41.0,10.0,12.0,339.0,32.5,0.34913511853649937,0,7.5,Obese,40-59,1.0,4.0,test
124434,23.0,15.0,13.0,179.0,20.8,0.5345574516695644,0,4.6,Normal,18-39,1.0,2.0,proper_train
124437,60.0,27.0,26.0,238.0,33.8,1.3349081467388997,1,8.4,Obese,60+,2.0,4.0,proper_train
124443,28.0,27.0,53.0,246.0,37.9,0.4221324648179224,0,5.2,Obese,18-39,1.0,3.0,proper_train
124448,80.0,21.0,13.0,145.0,39.6,3.2134356195116722,0,5.1,Obese,60+,2.0,3.0,test
124450,34.0,21.0,15.0,219.0,23.6,0.8417991199975938,0,6.1,Normal,18-39,2.0,3.0,proper_train
124452,41.0,61.0,73.0,244.0,29.1,1.1996717587603385,0,4.1,Overweight,40-59,1.0,3.0,conformal_calibration
124453,57.0,15.0,12.0,300.0,25.3,0.8227241335952167,0,4.6,Overweight,40-59,2.0,1.0,proper_train
124458,35.0,16.0,8.0,271.0,25.1,0.730590032222263,0,3.2,Overweight,18-39,1.0,7.0,proper_train
124460,25.0,17.0,14.0,222.0,22.8,0.5116487739314431,0,3.3,Normal,18-39,2.0,1.0,proper_train
124462,41.0,14.0,13.0,293.0,27.9,0.5433411478383643,0,7.5,Overweight,40-59,2.0,4.0,proper_train
124463,18.0,23.0,15.0,220.0,18.8,0.48588336525147596,0,4.0,Normal,18-39,1.0,3.0,conformal_calibration
124464,51.0,15.0,10.0,219.0,32.9,1.1046312374560776,0,5.1,Obese,40-59,1.0,2.0,proper_train
124466,30.0,30.0,32.0,239.0,24.1,0.6656863002802226,0,3.3,Normal,18-39,1.0,2.0,test
124467,50.0,25.0,30.0,256.0,35.1,0.8914755167727313,0,6.9,Obese,40-59,2.0,1.0,proper_train
124468,23.0,15.0,15.0,287.0,30.3,0.3103784563162738,0,4.8,Obese,18-39,2.0,1.0,proper_train
124471,60.0,16.0,10.0,287.0,36.0,1.057765349742733,0,5.6,Obese,60+,2.0,4.0,conformal_calibration
124472,58.0,25.0,18.0,156.0,21.0,2.190822292137808,0,6.6,Normal,40-59,2.0,4.0,proper_train
124477,59.0,21.0,17.0,300.0,18.5,1.0016721314000552,0,5.0,Underweight,40-59,1.0,1.0,proper_train
124482,61.0,14.0,13.0,250.0,31.7,0.9474279351526914,0,5.6,Obese,60+,1.0,3.0,proper_train
124484,56.0,31.0,38.0,245.0,27.8,1.1494546411551174,0,5.7,Overweight,40-59,2.0,6.0,test
124486,36.0,16.0,15.0,305.0,33.8,0.4876149524405403,1,8.5,Obese,18-39,2.0,3.0,proper_train
124488,58.0,11.0,12.0,205.0,25.6,0.8984133457145884,0,4.7,Overweight,40-59,1.0,4.0,proper_train
124490,35.0,21.0,26.0,258.0,41.8,0.5587029431262219,0,7.8,Obese,18-39,1.0,3.0,test
124492,67.0,18.0,16.0,172.0,28.1,1.752906976744186,0,5.3,Overweight,60+,1.0,3.0,proper_train
124498,27.0,19.0,12.0,352.0,32.7,0.4207112046793722,0,6.8,Obese,18-39,2.0,4.0,proper_train
124500,31.0,21.0,22.0,252.0,30.0,0.5507685172519936,1,8.7,Obese,18-39,1.0,1.0,test
124501,63.0,20.0,32.0,248.0,31.1,0.8981396615877518,0,7.9,Obese,60+,1.0,2.0,test
124502,47.0,12.0,11.0,279.0,51.7,0.6095068040926834,0,7.0,Obese,40-59,2.0,1.0,proper_train
124504,66.0,17.0,14.0,284.0,30.3,1.0558701176962684,0,4.2,Obese,60+,2.0,3.0,proper_train
124507,45.0,14.0,13.0,277.0,36.5,0.63079625202508,0,5.1,Obese,40-59,2.0,4.0,conformal_calibration
124508,59.0,30.0,35.0,110.0,29.0,2.7198600561263166,1,13.3,Overweight,40-59,1.0,4.0,test
124509,53.0,10.0,15.0,160.0,36.3,0.8552838222874712,0,5.0,Obese,40-59,2.0,3.0,test
124513,18.0,20.0,19.0,201.0,20.1,0.4108938517084688,0,4.0,Normal,18-39,1.0,2.0,test
124514,36.0,13.0,12.0,262.0,29.8,0.5156487137037116,0,3.2,Overweight,18-39,2.0,4.0,proper_train
124516,56.0,19.0,27.0,285.0,31.8,0.7184803349915342,0,3.5,Obese,40-59,2.0,1.0,proper_train
124517,39.0,40.0,21.0,268.0,31.7,1.2702235401796573,1,8.9,Obese,18-39,2.0,2.0,conformal_calibration
124519,72.0,18.0,17.0,235.0,25.2,1.3375581704131385,0,5.9,Overweight,60+,2.0,6.0,test
124520,77.0,13.0,15.0,252.0,28.2,1.0256233676067787,0,6.4,Overweight,60+,1.0,3.0,proper_train
124524,31.0,16.0,7.0,186.0,15.7,1.0079052613579391,0,4.0,Underweight,18-39,2.0,4.0,proper_train
124525,61.0,17.0,18.0,195.0,26.4,1.2534525334879485,0,3.3,Overweight,60+,2.0,2.0,proper_train
124526,56.0,17.0,8.0,57.0,26.8,5.904961892013975,0,4.0,Overweight,40-59,2.0,4.0,test
124528,80.0,28.0,21.0,267.0,34.7,1.8307418506689996,0,3.5,Obese,60+,1.0,3.0,test
124529,30.0,15.0,10.0,192.0,29.7,0.7411588266019639,0,4.8,Overweight,18-39,1.0,4.0,conformal_calibration
124531,57.0,25.0,18.0,208.0,33.7,1.6147871204981255,0,3.7,Obese,40-59,1.0,4.0,proper_train
124533,25.0,12.0,8.0,218.0,16.1,0.4865413632017528,0,4.3,Underweight,18-39,2.0,3.0,proper_train
124535,47.0,21.0,24.0,303.0,31.1,0.6649192453594601,0,3.0,Obese,40-59,2.0,3.0,proper_train
124539,69.0,21.0,22.0,242.0,24.1,1.2765613140466094,0,3.8,Normal,60+,1.0,3.0,proper_train
124544,79.0,13.0,9.0,336.0,29.3,1.0188492063492063,0,5.5,Overweight,60+,2.0,3.0,test
124547,75.0,22.0,28.0,134.0,30.7,2.3270200763627793,1,9.5,Obese,60+,1.0,1.0,proper_train
124553,76.0,24.0,25.0,345.0,28.0,1.057391304347826,1,9.1,Overweight,60+,1.0,6.0,proper_train
124554,22.0,17.0,16.0,240.0,20.5,0.38958333333333334,0,6.2,Normal,18-39,1.0,3.0,proper_train
124556,54.0,29.0,22.0,282.0,27.7,1.183944403591794,0,5.9,Overweight,40-59,1.0,4.0,test
124557,60.0,17.0,19.0,177.0,19.2,1.3220567714574745,0,6.1,Normal,60+,1.0,4.0,proper_train
124558,21.0,12.0,7.0,471.0,39.1,0.20222303014506424,0,5.0,Obese,18-39,2.0,4.0,proper_train
124559,74.0,21.0,21.0,189.0,29.6,1.7942359863848265,0,2.7,Overweight,60+,1.0,3.0,proper_train
124561,29.0,17.0,14.0,296.0,31.7,0.4451344333203555,0,4.1,Obese,18-39,2.0,3.0,proper_train
124563,55.0,16.0,20.0,216.0,40.9,0.9109906574999143,0,4.8,Obese,40-59,1.0,4.0,proper_train
124565,22.0,17.0,13.0,313.0,21.1,0.3314023536553286,0,4.7,Normal,18-39,1.0,3.0,proper_train
124566,80.0,25.0,24.0,235.0,24.0,1.7372267679313322,0,5.2,Normal,60+,1.0,3.0,proper_train
124567,42.0,16.0,22.0,280.0,19.8,0.511681719253465,0,5.5,Normal,40-59,1.0,6.0,conformal_calibration
124568,58.0,29.0,20.0,329.0,46.1,1.1431812577977647,0,6.7,Obese,40-59,2.0,4.0,proper_train
124569,24.0,22.0,12.0,224.0,23.5,0.6804485315449161,0,7.2,Normal,18-39,2.0,2.0,test
124574,37.0,19.0,20.0,245.0,32.6,0.6416146074213682,0,4.9,Obese,18-39,2.0,1.0,proper_train
124577,46.0,15.0,10.0,348.0,20.4,0.6270033291713166,0,4.5,Normal,40-59,2.0,3.0,proper_train
124578,66.0,10.0,11.0,246.0,31.0,0.808932875696439,0,4.9,Obese,60+,1.0,3.0,test
124579,21.0,22.0,12.0,353.0,19.8,0.3778127823875455,0,4.2,Normal,18-39,2.0,3.0,proper_train
124580,80.0,16.0,10.0,177.0,23.0,2.2868448615906924,1,8.7,Normal,60+,2.0,3.0,proper_train
124581,38.0,15.0,21.0,282.0,29.1,0.4410787143067931,0,5.9,Overweight,18-39,1.0,7.0,test
124582,26.0,21.0,20.0,186.0,23.5,0.6563941482338093,0,4.1,Normal,18-39,1.0,7.0,conformal_calibration
124588,65.0,14.0,14.0,295.0,48.2,0.8244329835264615,1,11.6,Obese,60+,2.0,1.0,proper_train
124589,52.0,16.0,13.0,286.0,28.4,0.8068366490548787,0,4.1,Overweight,40-59,2.0,2.0,proper_train
124590,46.0,15.0,15.0,314.0,29.4,0.5673797258775196,0,5.4,Overweight,40-59,2.0,3.0,proper_train
124592,68.0,99.0,78.0,107.0,27.4,7.12382148959011,1,24.8,Overweight,60+,1.0,4.0,test
124593,62.0,26.0,23.0,216.0,24.1,1.5561353493518728,0,6.2,Normal,60+,1.0,4.0,proper_train
124594,18.0,15.0,14.0,234.0,21.8,0.30837835605279734,0,3.4,Normal,18-39,2.0,4.0,test
124596,52.0,18.0,24.0,280.0,35.1,0.6823578569181712,0,5.3,Obese,40-59,1.0,4.0,conformal_calibration
124597,37.0,15.0,11.0,223.0,21.8,0.7503981894199947,0,5.5,Normal,18-39,2.0,6.0,test
124598,65.0,30.0,25.0,259.0,44.6,1.505791505791506,0,3.2,Obese,60+,2.0,2.0,test
124601,55.0,15.0,13.0,271.0,30.7,0.8443314794941219,0,4.9,Obese,40-59,2.0,4.0,test
124604,59.0,14.0,13.0,276.0,25.6,0.8300405110181871,0,4.2,Overweight,40-59,2.0,3.0,test
124605,74.0,24.0,22.0,305.0,27.7,1.2414572860575872,0,6.0,Overweight,60+,2.0,3.0,proper_train
124606,18.0,14.0,14.0,268.0,23.5,0.2513053468728767,0,3.6,Normal,18-39,1.0,4.0,test
124609,73.0,34.0,24.0,223.0,34.2,2.2719108899805116,0,3.9,Obese,60+,2.0,2.0,proper_train
124610,19.0,13.0,11.0,215.0,19.5,0.34638745167770985,0,7.4,Normal,18-39,1.0,3.0,proper_train
124612,47.0,76.0,76.0,170.0,29.8,2.410214709957784,1,8.6,Overweight,40-59,1.0,1.0,test
124615,35.0,25.0,22.0,229.0,28.0,0.8146315581273325,0,3.8,Overweight,18-39,1.0,4.0,proper_train
124616,28.0,24.0,48.0,232.0,35.4,0.4180812294131773,0,4.6,Obese,18-39,1.0,6.0,conformal_calibration
124617,19.0,15.0,11.0,201.0,25.3,0.4275160855953365,0,3.6,Overweight,18-39,2.0,3.0,test
124618,69.0,24.0,17.0,215.0,19.9,1.8680883491170577,0,3.7,Normal,60+,1.0,4.0,proper_train
124621,46.0,21.0,13.0,270.0,23.7,0.9922970176917988,0,3.7,Normal,40-59,2.0,6.0,test
124624,59.0,21.0,16.0,246.0,20.8,1.2591463414634145,0,6.9,Normal,40-59,2.0,3.0,proper_train
124626,18.0,13.0,7.0,340.0,22.0,0.26012849024752693,0,4.5,Normal,18-39,2.0,1.0,test
124632,26.0,13.0,11.0,300.0,26.4,0.3397027815576137,0,4.4,Overweight,18-39,1.0,3.0,conformal_calibration
124636,18.0,18.0,13.0,345.0,27.8,0.26046791822749893,0,6.7,Overweight,18-39,1.0,6.0,proper_train
124637,27.0,18.0,29.0,250.0,27.2,0.36099173741618884,0,3.9,Overweight,18-39,1.0,1.0,conformal_calibration
124638,49.0,10.0,12.0,332.0,27.4,0.42605667455258533,0,6.5,Overweight,40-59,1.0,3.0,conformal_calibration
124642,55.0,37.0,34.0,169.0,27.4,2.0650865134023992,0,3.1,Overweight,40-59,1.0,4.0,test
124643,54.0,17.0,19.0,234.0,24.1,0.9000155713383576,1,9.5,Normal,40-59,2.0,1.0,proper_train
124647,48.0,16.0,12.0,227.0,26.3,0.9766630104353141,0,5.1,Overweight,40-59,1.0,4.0,test
124653,51.0,23.0,35.0,291.0,41.7,0.6813511620594845,0,6.8,Obese,40-59,2.0,2.0,proper_train
124654,18.0,15.0,14.0,257.0,24.2,0.2807802930597455,0,3.6,Normal,18-39,1.0,1.0,proper_train
124656,71.0,15.0,10.0,335.0,24.8,1.0053211068893504,0,4.4,Normal,60+,2.0,2.0,test
124657,57.0,20.0,11.0,172.0,24.3,1.99838914429448,0,4.8,Normal,40-59,2.0,3.0,test
124660,52.0,20.0,17.0,203.0,41.0,1.2425470445211146,0,5.0,Obese,40-59,2.0,4.0,test
124662,63.0,18.0,17.0,213.0,34.6,1.2912460037145614,0,6.3,Obese,60+,2.0,1.0,conformal_calibration
124663,23.0,20.0,12.0,376.0,22.9,0.3531663880681222,0,4.3,Normal,18-39,2.0,6.0,test
124665,65.0,15.0,23.0,223.0,33.7,0.9116661601150131,0,5.9,Obese,60+,1.0,4.0,proper_train
124667,41.0,15.0,9.0,287.0,20.6,0.7142857142857143,0,2.6,Normal,40-59,2.0,6.0,test
124668,76.0,17.0,10.0,258.0,23.6,1.5835902081153277,0,5.7,Normal,60+,2.0,2.0,proper_train
124670,80.0,30.0,22.0,270.0,23.9,1.8951174787165372,0,3.6,Normal,60+,2.0,1.0,test
124671,67.0,20.0,21.0,243.0,40.6,1.2033414523301638,1,8.5,Obese,60+,2.0,3.0,test
124676,45.0,14.0,8.0,361.0,25.7,0.6170045320602838,0,4.3,Overweight,40-59,2.0,1.0,test
124683,62.0,24.0,11.0,221.0,21.0,2.0300854331751688,0,3.9,Normal,60+,1.0,4.0,proper_train
124684,51.0,18.0,15.0,195.0,28.0,1.2155209271174046,0,3.5,Overweight,40-59,2.0,3.0,proper_train
124685,50.0,19.0,21.0,401.0,35.1,0.5169750516812788,0,4.5,Obese,40-59,2.0,7.0,proper_train
124686,29.0,23.0,39.0,185.0,30.2,0.5773269112864492,0,5.9,Obese,18-39,1.0,4.0,test
124688,37.0,33.0,53.0,327.0,29.3,0.5128967846524444,0,3.9,Overweight,18-39,1.0,1.0,proper_train
124689,63.0,18.0,19.0,245.0,26.2,1.0618671110580287,1,74.6,Overweight,60+,1.0,3.0,proper_train
124691,25.0,19.0,13.0,266.0,38.5,0.4952680323439546,0,3.6,Obese,18-39,2.0,3.0,proper_train
124698,51.0,44.0,33.0,121.0,28.6,3.228349255905669,1,14.3,Overweight,40-59,2.0,3.0,test
124701,33.0,25.0,33.0,220.0,24.9,0.652791209833867,0,4.5,Normal,18-39,1.0,1.0,proper_train
124702,31.0,13.0,16.0,301.0,30.2,0.3347176079734219,0,5.7,Obese,18-39,2.0,4.0,proper_train
124704,65.0,23.0,19.0,187.0,43.6,1.8340990488582343,1,24.5,Obese,60+,2.0,2.0,test
124706,18.0,21.0,29.0,386.0,36.8,0.18184673013193164,0,5.9,Obese,18-39,1.0,3.0,proper_train
124710,22.0,15.0,7.0,247.0,21.7,0.5049727777046356,0,2.8,Normal,18-39,2.0,3.0,proper_train
124711,80.0,13.0,10.0,166.0,26.9,1.9811860039609122,1,19.0,Overweight,60+,1.0,3.0,proper_train
124712,31.0,22.0,23.0,186.0,20.6,0.7645528515426075,0,3.8,Normal,18-39,2.0,6.0,proper_train
124715,23.0,21.0,29.0,259.0,33.1,0.34629671173558324,0,3.3,Obese,18-39,2.0,3.0,proper_train
124718,59.0,15.0,14.0,222.0,28.0,1.0654333292454756,0,6.1,Overweight,40-59,2.0,6.0,proper_train
124720,45.0,22.0,33.0,196.0,31.9,0.8792697928374533,0,4.2,Obese,40-59,1.0,3.0,proper_train
124722,46.0,24.0,29.0,264.0,36.5,0.7765441414676714,0,5.3,Obese,40-59,1.0,3.0,proper_train
124723,27.0,22.0,16.0,230.0,22.4,0.6456521739130435,0,3.7,Normal,18-39,1.0,2.0,proper_train
124728,63.0,18.0,14.0,179.0,27.9,1.69315222529994,0,5.9,Overweight,60+,1.0,1.0,proper_train
124730,74.0,20.0,14.0,164.0,31.1,2.411869744087732,0,2.7,Obese,60+,1.0,3.0,test
124732,39.0,25.0,25.0,209.0,31.5,0.9330143540669856,0,5.9,Obese,18-39,1.0,4.0,test
124735,63.0,19.0,14.0,197.0,25.3,1.6239172922292995,0,3.4,Overweight,60+,1.0,3.0,conformal_calibration
124737,66.0,15.0,10.0,336.0,21.1,0.9317425248710404,0,5.5,Normal,60+,1.0,4.0,proper_train
124740,18.0,20.0,27.0,214.0,30.3,0.32374781449885554,0,5.3,Obese,18-39,1.0,3.0,proper_train
124741,58.0,15.0,22.0,180.0,48.1,1.030470129052117,0,7.5,Obese,40-59,1.0,7.0,proper_train
124742,56.0,20.0,12.0,161.0,24.9,2.0081748493552203,0,4.1,Normal,40-59,1.0,3.0,proper_train
124743,54.0,16.0,12.0,209.0,33.9,1.1933747190905184,1,9.6,Obese,40-59,1.0,3.0,proper_train
124745,24.0,21.0,23.0,172.0,34.3,0.6109957249114284,0,3.6,Obese,18-39,1.0,7.0,proper_train
124746,30.0,14.0,15.0,226.0,32.2,0.4798386446628658,0,4.0,Obese,18-39,2.0,3.0,test
124750,75.0,18.0,17.0,240.0,27.6,1.364262890829373,0,4.4,Overweight,60+,2.0,3.0,test
124752,35.0,15.0,19.0,459.0,35.2,0.26240361717221117,0,6.7,Obese,18-39,2.0,7.0,proper_train
124755,78.0,22.0,15.0,216.0,23.9,2.051246735213558,0,4.6,Normal,60+,2.0,4.0,test
124756,80.0,15.0,12.0,264.0,22.0,1.312159702703695,0,5.0,Normal,60+,2.0,3.0,proper_train
124757,43.0,26.0,36.0,205.0,22.2,0.9089430894308943,0,4.4,Normal,40-59,1.0,6.0,proper_train
124759,33.0,17.0,14.0,260.0,31.7,0.576667525818731,0,3.8,Obese,18-39,2.0,1.0,test
124761,50.0,19.0,14.0,145.0,23.0,1.7510219297710565,0,4.6,Normal,40-59,2.0,6.0,test
124762,47.0,16.0,9.0,292.0,23.8,0.8584474885844748,0,4.1,Normal,40-59,1.0,3.0,test
124769,28.0,19.0,12.0,242.0,24.5,0.6346081471257871,0,2.4,Normal,18-39,2.0,6.0,proper_train
124770,51.0,20.0,34.0,200.0,45.1,0.874642784226795,0,6.6,Obese,40-59,1.0,3.0,proper_train
124771,25.0,12.0,6.0,288.0,22.3,0.42525863589985735,0,6.7,Normal,18-39,2.0,3.0,test
124775,54.0,16.0,13.0,220.0,25.0,1.0892294762240864,0,3.5,Overweight,40-59,2.0,2.0,test
124777,48.0,25.0,26.0,220.0,29.0,1.069724373481004,0,6.9,Overweight,40-59,1.0,6.0,test
124778,54.0,83.0,85.0,137.0,27.8,3.5484755910336387,1,9.8,Overweight,40-59,2.0,6.0,test
124779,37.0,20.0,16.0,312.0,28.4,0.592948717948718,0,3.2,Overweight,18-39,2.0,6.0,conformal_calibration
124781,20.0,14.0,24.0,304.0,29.4,0.18800908113467377,0,7.2,Overweight,18-39,1.0,1.0,proper_train
124785,67.0,42.0,41.0,234.0,31.1,1.878089598096314,1,8.8,Obese,60+,2.0,1.0,proper_train
124786,18.0,14.0,12.0,241.0,20.5,0.30185117808254297,0,6.2,Normal,18-39,2.0,3.0,proper_train
124788,60.0,17.0,19.0,327.0,33.6,0.7156087111558807,1,10.5,Obese,60+,1.0,4.0,proper_train
124789,28.0,41.0,45.0,229.0,22.1,0.747308890296873,0,7.7,Normal,18-39,1.0,4.0,test
124791,39.0,20.0,15.0,229.0,19.8,0.8794547336366186,0,5.7,Normal,18-39,1.0,4.0,test
124792,32.0,24.0,20.0,187.0,21.8,0.918342356534673,0,4.1,Normal,18-39,1.0,2.0,proper_train
124793,35.0,23.0,37.0,248.0,28.7,0.5336338096000509,0,5.7,Overweight,18-39,1.0,1.0,test
124794,66.0,15.0,12.0,246.0,42.8,1.1617413953205886,0,5.1,Obese,60+,1.0,4.0,proper_train
124796,61.0,15.0,18.0,184.0,35.6,1.1721063492494403,0,3.4,Obese,60+,2.0,4.0,proper_train
124798,55.0,20.0,17.0,157.0,26.0,1.6992941881526513,0,4.5,Overweight,40-59,1.0,2.0,conformal_calibration
124799,80.0,13.0,7.0,143.0,23.9,2.748832530976198,0,5.6,Normal,60+,2.0,3.0,test
124802,46.0,22.0,19.0,406.0,22.0,0.5718441445246515,0,6.2,Normal,40-59,2.0,6.0,proper_train
124807,44.0,16.0,16.0,238.0,25.9,0.7394957983193278,0,5.4,Overweight,40-59,1.0,6.0,test
124809,23.0,19.0,19.0,376.0,27.1,0.2666347758016901,0,3.9,Overweight,18-39,2.0,1.0,test
124810,56.0,21.0,24.0,263.0,41.7,0.9127376227861274,0,5.5,Obese,40-59,2.0,4.0,conformal_calibration
124811,76.0,28.0,21.0,150.0,20.9,3.095784469481279,1,28.3,Normal,60+,1.0,3.0,test
124812,62.0,75.0,97.0,258.0,28.7,1.8299843673919878,0,5.9,Overweight,60+,2.0,2.0,proper_train
124814,64.0,16.0,14.0,342.0,37.5,0.8002207944980192,0,8.0,Obese,60+,1.0,4.0,proper_train
124815,52.0,23.0,25.0,185.0,29.5,1.2929729729729729,0,6.0,Overweight,40-59,1.0,4.0,proper_train
124817,67.0,19.0,29.0,238.0,37.9,0.9932359894932228,0,7.3,Obese,60+,2.0,1.0,proper_train
124821,63.0,17.0,13.0,194.0,25.5,1.5311440983433515,0,4.6,Overweight,60+,1.0,4.0,proper_train
